ts,status,latency_ms,backend,error
1782563468.786015,200,198.84606300001906,qwen15b-npu3,
1782563468.7863054,200,205.08850199985318,qwen15b-npu3,
1782563468.7866066,200,202.29116900009103,qwen15b-npu3,
1782563468.8206837,200,225.87821600063762,qwen15b-npu3,
1782563468.8209517,200,229.15739100062638,qwen15b-npu3,
1782563468.8474224,200,247.4587140004587,qwen15b-npu3,
1782563468.8476584,200,249.49898299928464,qwen15b-npu3,
1782563468.9289951,200,346.12194200053636,qwen15b-npu7,
1782563468.933631,200,348.68356399965705,qwen15b-npu6,
1782563468.943961,200,357.3691940000572,qwen15b-npu5,
1782563468.944531,200,362.88058900026954,qwen15b-npu4,
1782563468.9664676,200,368.93571600012365,qwen15b-npu7,
1782563468.9667022,200,372.4206119986775,qwen15b-npu7,
1782563468.966992,200,375.6758670006093,qwen15b-npu7,
1782563468.9674568,200,379.53658500009624,qwen15b-npu7,
1782563468.9678936,200,368.4519040016312,qwen15b-npu7,
1782563468.9759214,200,155.17655499934335,qwen15b-npu3,
1782563468.9789534,200,396.68228200025624,qwen15b-npu5,
1782563468.9800975,200,383.9022140000452,qwen15b-npu5,
1782563468.9804802,200,387.45258999915677,qwen15b-npu5,
1782563468.9807112,200,390.6890250000288,qwen15b-npu5,
1782563468.9809678,200,379.5585139996547,qwen15b-npu4,
1782563468.9812012,200,379.36609300049895,qwen15b-npu5,
1782563468.981964,200,386.55318600103783,qwen15b-npu4,
1782563468.9823375,200,393.21887599908223,qwen15b-npu4,
1782563468.9831464,200,390.74737500050105,qwen15b-npu4,
1782563468.9834251,200,403.51333299986436,qwen15b-npu4,
1782563468.9845183,200,385.8312529991963,qwen15b-npu4,
1782563468.9861631,200,385.7189529990137,qwen15b-npu6,
1782563468.9866736,200,392.84311500159674,qwen15b-npu6,
1782563468.9870079,200,390.072952999617,qwen15b-npu6,
1782563468.9872751,200,403.76067500073987,qwen15b-npu6,
1782563468.987741,200,397.06720399954065,qwen15b-npu6,
1782563468.992574,200,206.18427699992026,qwen15b-npu7,
1782563469.004905,200,183.86518500119564,qwen15b-npu4,
1782563469.007376,200,221.2776850010414,qwen15b-npu5,
1782563469.0080078,200,160.5222890011646,qwen15b-npu5,
1782563469.0295765,200,242.90076400029648,qwen15b-npu6,
1782563469.0779479,200,230.2122959990811,qwen15b-npu6,
1782563469.0862875,200,152.604324001004,qwen15b-npu3,
1782563469.099932,200,155.91295900048863,qwen15b-npu4,
1782563469.1003494,200,155.76446700106317,qwen15b-npu5,
1782563469.1077058,200,178.65253200034203,qwen15b-npu7,
1782563469.1275468,200,148.53512499939825,qwen15b-npu4,
1782563469.1278358,200,143.2464200006507,qwen15b-npu4,
1782563469.1286857,200,145.19385899984627,qwen15b-npu4,
1782563469.129558,200,141.74790399920312,qwen15b-npu4,
1782563469.1300373,200,147.9939020009624,qwen15b-npu5,
1782563469.130661,200,154.68409300046915,qwen15b-npu5,
1782563469.1310086,200,143.66825300021446,qwen15b-npu5,
1782563469.1314769,200,150.92745599940827,qwen15b-npu5,
1782563469.133064,200,165.52930200123228,qwen15b-npu6,
1782563469.1333365,200,166.55835600067803,qwen15b-npu6,
1782563469.1376984,200,171.17064700141782,qwen15b-npu7,
1782563469.137938,200,155.5265959996177,qwen15b-npu7,
1782563469.1382406,200,171.16814800101565,qwen15b-npu7,
1782563469.1385403,200,155.31356599967694,qwen15b-npu7,
1782563469.1511016,200,121.45310199957748,qwen15b-npu4,
1782563469.1530607,200,144.98043900130142,qwen15b-npu5,
1782563469.155793,200,187.82361300145567,qwen15b-npu3,
1782563469.1560748,200,174.80540500037023,qwen15b-npu3,
1782563469.1563056,200,163.660013999106,qwen15b-npu3,
1782563469.1565514,200,176.367850999668,qwen15b-npu3,
1782563469.1568098,200,169.72918099963863,qwen15b-npu3,
1782563469.1640105,200,156.57516200008104,qwen15b-npu6,
1782563469.164366,200,183.58142400029465,qwen15b-npu6,
1782563469.1646497,200,177.89878900111944,qwen15b-npu6,
1782563469.164905,200,183.8800360001187,qwen15b-npu6,
1782563469.1795886,200,174.610993000897,qwen15b-npu7,
1782563469.180203,200,193.97249099893088,qwen15b-npu7,
1782563469.2328627,200,146.49445500072034,qwen15b-npu7,
1782563469.2393703,200,161.36215299957257,qwen15b-npu3,
1782563469.2580607,200,150.27336299863236,qwen15b-npu4,
1782563469.259671,200,159.60961500059057,qwen15b-npu6,
1782563469.2608228,200,160.39726800045173,qwen15b-npu5,
1782563469.2711654,200,132.56424199971661,qwen15b-npu3,
1782563469.27142,200,143.5135320007248,qwen15b-npu3,
1782563469.2717693,200,143.01791999969282,qwen15b-npu3,
1782563469.284153,200,153.424777001419,qwen15b-npu4,
1782563469.2844188,200,151.0209459993348,qwen15b-npu4,
1782563469.2887127,200,159.02375199948438,qwen15b-npu6,
1782563469.2892027,200,158.13648799849034,qwen15b-npu6,
1782563469.2894852,200,161.85823600062577,qwen15b-npu5,
1782563469.2910237,200,157.898698000281,qwen15b-npu5,
1782563469.2912545,200,153.49555800094095,qwen15b-npu7,
1782563469.2917693,200,153.44118700159015,qwen15b-npu5,
1782563469.2921355,200,127.14771799983282,qwen15b-npu7,
1782563469.2929194,200,137.0439019992773,qwen15b-npu7,
1782563469.29326,200,163.1221710013051,qwen15b-npu7,
1782563469.2936494,200,162.11397700135421,qwen15b-npu7,
1782563469.2948673,200,156.8446320015937,qwen15b-npu6,
1782563469.3001049,200,146.98132800003805,qwen15b-npu3,
1782563469.3006923,200,144.5585569999821,qwen15b-npu3,
1782563469.3112729,200,146.82122700105538,qwen15b-npu4,
1782563469.3120701,200,160.90691099998367,qwen15b-npu4,
1782563469.3122907,200,155.34867499991378,qwen15b-npu4,
1782563469.3147228,200,134.45997100097884,qwen15b-npu7,
1782563469.316959,200,152.24287199998798,qwen15b-npu6,
1782563469.3172324,200,160.8483210002305,qwen15b-npu6,
1782563469.3181336,200,154.02729000015825,qwen15b-npu5,
1782563469.3184712,200,161.85866500018165,qwen15b-npu5,
1782563469.3280394,200,148.37160400020366,qwen15b-npu3,
1782563469.3693497,200,129.92175100043823,qwen15b-npu5,
1782563469.3873014,200,154.38393100157555,qwen15b-npu6,
1782563469.3954532,200,124.21431399889116,qwen15b-npu5,
1782563469.4020154,200,143.82714299972577,qwen15b-npu4,
1782563469.4023054,200,130.45108200094546,qwen15b-npu4,
1782563469.416103,200,144.61862700045458,qwen15b-npu6,
1782563469.4231658,200,130.1712909989874,qwen15b-npu5,
1782563469.4238536,200,134.30580999920494,qwen15b-npu5,
1782563469.4240859,200,123.90137299917114,qwen15b-npu5,
1782563469.4280508,200,167.12861899941345,qwen15b-npu7,
1782563469.429266,200,140.4893290000473,qwen15b-npu4,
1782563469.4295616,200,128.80589499945927,qwen15b-npu4,
1782563469.4301848,200,137.98874700114538,qwen15b-npu4,
1782563469.4309776,200,171.23047699897143,qwen15b-npu3,
1782563469.43166,200,147.4474900005589,qwen15b-npu3,
1782563469.4461725,200,151.23096799834457,qwen15b-npu6,
1782563469.4464245,200,157.1550839998963,qwen15b-npu6,
1782563469.446913,200,155.598266999732,qwen15b-npu6,
1782563469.4484715,200,133.6692269997002,qwen15b-npu5,
1782563469.4487743,200,120.67002799994953,qwen15b-npu5,
1782563469.4536617,200,136.63742099925003,qwen15b-npu4,
1782563469.4560583,200,164.20982599993295,qwen15b-npu7,
1782563469.4563677,200,171.885100999134,qwen15b-npu7,
1782563469.4572911,200,163.50274300020828,qwen15b-npu7,
1782563469.4615824,200,144.26099599950248,qwen15b-npu3,
1782563469.4621625,200,168.83930699987104,qwen15b-npu3,
1782563469.462406,200,151.0477659994649,qwen15b-npu3,
1782563469.4626498,200,171.56843900011154,qwen15b-npu3,
1782563469.4748137,200,162.46736799985229,qwen15b-npu6,
1782563469.4750893,200,156.55378100018424,qwen15b-npu6,
1782563469.4996924,200,181.49457499930577,qwen15b-npu7,
1782563469.500347,200,188.2173049998528,qwen15b-npu7,
1782563469.505483,200,136.05506800013245,qwen15b-npu4,
1782563469.514057,200,126.69721599922923,qwen15b-npu3,
1782563469.5279152,200,125.53954999930284,qwen15b-npu5,
1782563469.5295773,200,127.48884899883706,qwen15b-npu6,
1782563469.5310442,200,114.87989200031734,qwen15b-npu4,
1782563469.554138,200,158.62154099886538,qwen15b-npu7,
1782563469.5561929,200,124.46948499928112,qwen15b-npu5,
1782563469.5564618,200,127.11840799966012,qwen15b-npu4,
1782563469.5566816,200,128.50201400033257,qwen15b-npu5,
1782563469.558026,200,133.87988900103664,qwen15b-npu6,
1782563469.5586812,200,127.63713999993342,qwen15b-npu6,
1782563469.5730617,200,143.41422200050147,qwen15b-npu3,
1782563469.5733676,200,150.0927919987589,qwen15b-npu3,
1782563469.5736613,200,127.16402799924253,qwen15b-npu3,
1782563469.5830855,200,134.25515000017185,qwen15b-npu5,
1782563469.5833485,200,137.10813299985602,qwen15b-npu7,
1782563469.5835567,200,153.30571699996653,qwen15b-npu7,
1782563469.5847569,200,123.06662899936782,qwen15b-npu5,
1782563469.58547,200,161.54396400088444,qwen15b-npu7,
1782563469.5859303,200,132.19018000017968,qwen15b-npu4,
1782563469.5865026,200,123.79735200011055,qwen15b-npu4,
1782563469.586839,200,139.8726160005026,qwen15b-npu4,
1782563469.6014717,200,139.2349830002786,qwen15b-npu3,
1782563469.601738,200,145.59656100027496,qwen15b-npu3,
1782563469.6040053,200,146.64033699955326,qwen15b-npu6,
1782563469.6045372,200,155.9924189987214,qwen15b-npu6,
1782563469.60845,200,133.29861599959258,qwen15b-npu5,
1782563469.6112323,200,154.73173300051712,qwen15b-npu7,
1782563469.6114984,200,149.0262370007258,qwen15b-npu7,
1782563469.630018,200,129.61078899934364,qwen15b-npu3,
1782563469.6322677,200,157.39286499956506,qwen15b-npu6,
1782563469.6366923,200,136.92901200010965,qwen15b-npu4,
1782563469.6387572,200,133.1478039992362,qwen15b-npu7,
1782563469.6583028,200,127.15334700078529,qwen15b-npu3,
1782563469.6618817,200,147.7480910016311,qwen15b-npu6,
1782563469.6625004,200,132.86295299985795,qwen15b-npu4,
1782563469.6628506,200,134.86303299941937,qwen15b-npu5,
1782563469.6871686,200,129.08564600002137,qwen15b-npu3,
1782563469.688582,200,131.83483899956627,qwen15b-npu5,
1782563469.6888442,200,132.57324200094445,qwen15b-npu4,
1782563469.689648,200,115.90945699936128,qwen15b-npu4,
1782563469.6953368,200,141.1065709999093,qwen15b-npu7,
1782563469.6956615,200,136.9004419993871,qwen15b-npu7,
1782563469.7144282,200,112.60232099994028,qwen15b-npu4,
1782563469.7156436,200,130.1026009987254,qwen15b-npu5,
1782563469.715911,200,129.3449779986986,qwen15b-npu4,
1782563469.7165673,200,133.4088760013401,qwen15b-npu3,
1782563469.716853,200,143.40520100085996,qwen15b-npu5,
1782563469.7176294,200,132.80850400042254,qwen15b-npu3,
1782563469.7203403,200,163.81371399984346,qwen15b-npu6,
1782563469.7208235,200,134.80443200023728,qwen15b-npu6,
1782563469.7212682,200,137.65492499987886,qwen15b-npu6,
1782563469.721527,200,148.40316399931908,qwen15b-npu6,
1782563469.7233796,200,139.97617600034573,qwen15b-npu7,
1782563469.723607,200,136.70116100001906,qwen15b-npu7,
1782563469.739985,200,128.69261400010146,qwen15b-npu4,
1782563469.741624,200,140.09663699835073,qwen15b-npu5,
1782563469.7422721,200,130.6964439991134,qwen15b-npu5,
1782563469.745573,200,141.5074230008031,qwen15b-npu3,
1782563469.747007,200,138.50023899976804,qwen15b-npu6,
1782563469.750343,200,145.74388199980604,qwen15b-npu7,
1782563469.7670677,200,128.23276200106193,qwen15b-npu5,
1782563469.77561,200,138.83426100073848,qwen15b-npu6,
1782563469.779278,200,146.95370799927332,qwen15b-npu7,
1782563469.7896729,200,159.58883500024967,qwen15b-npu3,
1782563469.7910504,200,132.6704820003215,qwen15b-npu4,
1782563469.803584,200,140.67443900057697,qwen15b-npu6,
1782563469.8061368,200,143.57377200030896,qwen15b-npu7,
1782563469.8169081,200,127.92641099986213,qwen15b-npu4,
1782563469.8181853,200,156.2177599989809,qwen15b-npu3,
1782563469.820686,200,133.44268600121723,qwen15b-npu5,
1782563469.8211095,200,125.67166100052418,qwen15b-npu5,
1782563469.831644,200,135.9180679992278,qwen15b-npu6,
1782563469.8348215,200,145.09691900093458,qwen15b-npu7,
1782563469.8437233,200,120.2821570004744,qwen15b-npu4,
1782563469.8446503,200,126.93943699923693,qwen15b-npu4,
1782563469.8449488,200,130.44030200035195,qwen15b-npu4,
1782563469.8465064,200,129.87564000104612,qwen15b-npu5,
1782563469.8467655,200,125.41483899985906,qwen15b-npu5,
1782563469.8479211,200,159.27554399968358,qwen15b-npu3,
1782563469.8604035,200,138.8228200012236,qwen15b-npu6,
1782563469.8611195,200,145.38950099995418,qwen15b-npu6,
1782563469.863436,200,143.0262899993977,qwen15b-npu7,
1782563469.864281,200,147.3574789997656,qwen15b-npu7,
1782563469.8646326,200,124.5651959998213,qwen15b-npu7,
1782563469.8687418,200,123.09523899966734,qwen15b-npu4,
1782563469.8721676,200,129.82308000027842,qwen15b-npu5,
1782563469.877132,200,153.47068700066302,qwen15b-npu3,
1782563469.8776007,200,161.63004400004866,qwen15b-npu3,
1782563469.877836,200,156.90611299942248,qwen15b-npu3,
1782563469.8884473,200,146.74223700058064,qwen15b-npu6,
1782563469.8889956,200,138.59664899973723,qwen15b-npu7,
1782563469.8958092,200,116.44918899946788,qwen15b-npu4,
1782563469.8992918,200,123.62485199992079,qwen15b-npu5,
1782563469.9050503,200,157.9854379997414,qwen15b-npu3,
1782563469.9169834,200,125.85265099914977,qwen15b-npu7,
1782563469.9177077,200,150.58037400012836,qwen15b-npu6,
1782563469.9261565,200,119.96240500047861,qwen15b-npu5,
1782563469.93953,200,149.80282099895703,qwen15b-npu3,
1782563469.9451623,200,123.96085300133564,qwen15b-npu7,
1782563469.9458423,200,128.85665599969798,qwen15b-npu4,
1782563469.9466639,200,142.9741890005971,qwen15b-npu6,
1782563469.9468863,200,126.12595299833629,qwen15b-npu6,
1782563469.9524949,200,120.79552900104318,qwen15b-npu5,
1782563469.9683557,200,150.11220199994568,qwen15b-npu3,
1782563469.9721029,200,125.51300000086485,qwen15b-npu4,
1782563469.9723694,200,137.46757399894705,qwen15b-npu4,
1782563469.972643,200,127.60960900050122,qwen15b-npu6,
1782563469.9759827,200,131.24820600023668,qwen15b-npu7,
1782563469.9791737,200,132.338591000007,qwen15b-npu5,
1782563469.9794207,200,115.92258699965896,qwen15b-npu5,
1782563469.9969692,200,119.7764640000969,qwen15b-npu4,
1782563469.9975357,200,133.18557499951567,qwen15b-npu4,
1782563469.9984062,200,150.4157330000453,qwen15b-npu3,
1782563469.9987996,200,155.02362400002312,qwen15b-npu3,
1782563470.001298,200,129.05357599993295,qwen15b-npu6,
1782563470.0015306,200,140.33090800148784,qwen15b-npu6,
1782563470.0051012,200,127.43879899971944,qwen15b-npu5,
1782563470.0073447,200,146.88137700068182,qwen15b-npu7,
1782563470.007812,200,139.0092609999556,qwen15b-npu7,
1782563470.0218472,200,122.4904869995953,qwen15b-npu4,
1782563470.026942,200,162.2430469997198,qwen15b-npu3,
1782563470.0277107,200,149.81154999986757,qwen15b-npu3,
1782563470.027944,200,138.88636000046972,qwen15b-npu6,
1782563470.031848,200,135.98097800058895,qwen15b-npu5,
1782563470.0341156,200,145.60633200017037,qwen15b-npu7,
1782563470.0540066,200,136.21316900025704,qwen15b-npu6,
1782563470.055176,200,150.05722100067942,qwen15b-npu3,
1782563470.057717,200,131.49366800098505,qwen15b-npu5,
1782563470.0620694,200,145.02891899974202,qwen15b-npu7,
1782563470.0734527,200,120.9012689996598,qwen15b-npu4,
1782563470.0737252,200,134.126278999247,qwen15b-npu4,
1782563470.080675,200,133.73022700034198,qwen15b-npu6,
1782563470.0844078,200,138.49488900086726,qwen15b-npu5,
1782563470.0849304,200,139.70325400077854,qwen15b-npu3,
1782563470.0891752,200,142.44134699947608,qwen15b-npu7,
1782563470.0985208,200,122.46238599982462,qwen15b-npu4,
1782563470.1084542,200,135.72370600013528,qwen15b-npu5,
1782563470.1092525,200,137.09009299964237,qwen15b-npu6,
1782563470.1138706,200,145.4535709999618,qwen15b-npu3,
1782563470.1143568,200,134.8689030000969,qwen15b-npu3,
1782563470.1177685,200,138.522909999665,qwen15b-npu7,
1782563470.1182652,200,145.8209030006401,qwen15b-npu7,
1782563470.1249087,200,117.50608399961493,qwen15b-npu4,
1782563470.1253576,200,126.49641500138387,qwen15b-npu4,
1782563470.1344352,200,136.83543099978124,qwen15b-npu5,
1782563470.1351619,200,130.0022010000248,qwen15b-npu5,
1782563470.1369054,200,135.54464600019855,qwen15b-npu6,
1782563470.1374354,200,140.40881800065108,qwen15b-npu6,
1782563470.143767,200,145.27240000097663,qwen15b-npu3,
1782563470.1443453,200,136.47565000064787,qwen15b-npu3,
1782563470.1448286,200,122.91563899998437,qwen15b-npu7,
1782563470.1454182,200,143.8219730007404,qwen15b-npu7,
1782563470.1493504,200,121.3330609989498,qwen15b-npu4,
1782563470.159393,200,131.61907800167683,qwen15b-npu5,
1782563470.1642327,200,137.23246399968048,qwen15b-npu6,
1782563470.172248,200,140.34288699986064,qwen15b-npu3,
1782563470.173468,200,139.27294300083304,qwen15b-npu7,
1782563470.1746473,200,116.85621099968557,qwen15b-npu4,
1782563470.1850207,200,129.76892900042003,qwen15b-npu5,
1782563470.1915984,200,137.50770499973441,qwen15b-npu6,
1782563470.2000723,200,115.5834050005069,qwen15b-npu4,
1782563470.201178,200,127.66793000082544,qwen15b-npu7,
1782563470.2017505,200,139.62327399895003,qwen15b-npu3,
1782563470.2166948,200,135.9631380000792,qwen15b-npu5,
1782563470.2273145,200,153.53065700037405,qwen15b-npu6,
1782563470.2277606,200,129.1731469991646,qwen15b-npu6,
1782563470.2332885,200,123.97552299989911,qwen15b-npu4,
1782563470.2336729,200,148.68267500060028,qwen15b-npu3,
1782563470.2371283,200,147.88103200044134,qwen15b-npu7,
1782563470.2434738,200,125.14451899915002,qwen15b-npu5,
1782563470.2437787,200,135.23595399965416,qwen15b-npu5,
1782563470.2544022,200,136.57523000074434,qwen15b-npu6,
1782563470.2592165,200,121.72400300005393,qwen15b-npu4,
1782563470.2594693,200,134.4994110004336,qwen15b-npu4,
1782563470.2666728,200,152.2550819991011,qwen15b-npu7,
1782563470.2669845,200,132.48709100116685,qwen15b-npu7,
1782563470.269159,200,123.66834099884727,qwen15b-npu5,
1782563470.2695174,200,132.55209199996898,qwen15b-npu5,
1782563470.2705667,200,145.1528400011739,qwen15b-npu3,
1782563470.270908,200,156.98181299921998,qwen15b-npu3,
1782563470.283516,200,148.264334000487,qwen15b-npu6,
1782563470.2843044,200,139.41683300072327,qwen15b-npu6,
1782563470.284611,200,135.20246500047506,qwen15b-npu4,
1782563470.2925081,200,148.0965720002132,qwen15b-npu3,
1782563470.292806,200,133.35855600053037,qwen15b-npu3,
1782563470.2943587,200,120.82879899935506,qwen15b-npu5,
1782563470.2965772,200,132.2652510007174,qwen15b-npu7,
1782563470.2971025,200,153.25048599879665,qwen15b-npu7,
1782563470.310762,200,136.05607799945574,qwen15b-npu4,
1782563470.312205,200,139.89994599978672,qwen15b-npu6,
1782563470.3200889,200,118.85488000007172,qwen15b-npu5,
1782563470.3208563,200,135.77710699973977,qwen15b-npu3,
1782563470.3242676,200,132.59099299830268,qwen15b-npu7,
1782563470.3407373,200,140.58039900010044,qwen15b-npu6,
1782563470.3428452,200,141.03540100040846,qwen15b-npu4,
1782563470.345915,200,112.49409099946206,qwen15b-npu5,
1782563470.3527484,200,135.98634799927822,qwen15b-npu3,
1782563470.3553233,200,127.92961100058164,qwen15b-npu7,
1782563470.3635013,200,129.75329000073543,qwen15b-npu4,
1782563470.3710477,200,127.13081699985196,qwen15b-npu6,
1782563470.371871,200,143.99625399892102,qwen15b-npu6,
1782563470.3738408,200,119.35356199865055,qwen15b-npu5,
1782563470.3839417,200,140.39777800098818,qwen15b-npu7,
1782563470.3845987,200,147.38450000004377,qwen15b-npu3,
1782563470.3894718,200,119.89026499941247,qwen15b-npu4,
1782563470.3902106,200,130.93091500013543,qwen15b-npu4,
1782563470.397827,200,130.71474400021543,qwen15b-npu6,
1782563470.4020693,200,132.81204300074023,qwen15b-npu5,
1782563470.4024985,200,118.11425599989889,qwen15b-npu5,
1782563470.413128,200,142.1522550008376,qwen15b-npu7,
1782563470.4135933,200,142.9685299990524,qwen15b-npu3,
1782563470.4138906,200,154.35012099987944,qwen15b-npu3,
1782563470.4141152,200,147.3704899999575,qwen15b-npu7,
1782563470.4155045,200,130.77517399869976,qwen15b-npu4,
1782563470.4161346,200,118.96497999987332,qwen15b-npu4,
1782563470.427441,200,133.02017400019395,qwen15b-npu6,
1782563470.428613,200,145.00209899961192,qwen15b-npu6,
1782563470.429062,200,132.42347199957294,qwen15b-npu5,
1782563470.4397035,200,115.33712399977958,qwen15b-npu4,
1782563470.4406612,200,148.06515199961723,qwen15b-npu7,
1782563470.4409409,200,128.67346500024723,qwen15b-npu7,
1782563470.4430249,200,150.1529320012196,qwen15b-npu3,
1782563470.4433897,200,132.56874199942104,qwen15b-npu3,
1782563470.454828,200,134.68165199992654,qwen15b-npu6,
1782563470.4554493,200,134.53354199918977,qwen15b-npu5,
1782563470.4674902,200,124.57664599969576,qwen15b-npu7,
1782563470.4715598,200,130.71987399962381,qwen15b-npu3,
1782563470.4814758,200,128.63525399916398,qwen15b-npu5,
1782563470.4829106,200,136.92831200023647,qwen15b-npu6,
1782563470.4909074,200,135.51065599858703,qwen15b-npu4,
1782563470.494735,200,123.59890099833137,qwen15b-npu7,
1782563470.5014799,200,137.90979700024764,qwen15b-npu3,
1782563470.508787,200,134.85864299946115,qwen15b-npu5,
1782563470.5106916,200,138.73425100064196,qwen15b-npu6,
1782563470.516786,200,132.77044300048146,qwen15b-npu4,
1782563470.517524,200,115.36739400071383,qwen15b-npu4,
1782563470.522668,200,133.1088250008179,qwen15b-npu7,
1782563470.5314033,200,146.72625699859054,qwen15b-npu3,
1782563470.5387356,200,140.84808000006888,qwen15b-npu5,
1782563470.539384,200,125.70785099887871,qwen15b-npu5,
1782563470.5403569,200,126.40547400042124,qwen15b-npu6,
1782563470.540608,200,150.30807299990556,qwen15b-npu6,
1782563470.55049,200,134.27070999932766,qwen15b-npu7,
1782563470.5508344,200,137.64301499941212,qwen15b-npu7,
1782563470.5570707,200,127.94112099982158,qwen15b-npu4,
1782563470.557372,200,143.189901000369,qwen15b-npu4,
1782563470.562109,200,159.5422550017247,qwen15b-npu3,
1782563470.5626051,200,147.00175699908868,qwen15b-npu3,
1782563470.566673,200,137.91933700122172,qwen15b-npu5,
1782563470.5669725,200,123.84459200075071,qwen15b-npu5,
1782563470.5738053,200,132.7569829991262,qwen15b-npu6,
1782563470.574148,200,146.62139600113733,qwen15b-npu6,
1782563470.5780225,200,122.50884700006281,qwen15b-npu7,
1782563470.5783525,200,137.6195250013552,qwen15b-npu7,
1782563470.5822,200,138.71474000006856,qwen15b-npu4,
1782563470.5920722,200,137.16890300020168,qwen15b-npu3,
1782563470.5932257,200,121.61293299868703,qwen15b-npu5,
1782563470.593507,200,153.7249390003126,qwen15b-npu3,
1782563470.603293,200,135.73927600009483,qwen15b-npu6,
1782563470.6070793,200,125.54338100017048,qwen15b-npu4,
1782563470.619122,200,117.58924400055548,qwen15b-npu5,
1782563470.620077,200,137.11428300121042,qwen15b-npu3,
1782563470.6342278,200,143.26034100122342,qwen15b-npu7,
1782563470.6345394,200,139.7463550001703,qwen15b-npu6,
1782563470.6470604,200,124.31351499981247,qwen15b-npu5,
1782563470.6495998,200,138.8457709999784,qwen15b-npu3,
1782563470.6602724,200,128.79235500076902,qwen15b-npu4,
1782563470.6608267,200,151.98819100078254,qwen15b-npu4,
1782563470.6621838,200,144.54457699866907,qwen15b-npu6,
1782563470.663414,200,123.95264299993869,qwen15b-npu7,
1782563470.6637182,200,146.8802070012316,qwen15b-npu7,
1782563470.6732745,200,132.60548200014455,qwen15b-npu5,
1782563470.687677,200,148.8699670007918,qwen15b-npu3,
1782563470.6880612,200,125.39867899977253,qwen15b-npu4,
1782563470.6883771,200,137.4670450004487,qwen15b-npu4,
1782563470.6919525,200,125.20780900013051,qwen15b-npu7,
1782563470.6922207,200,151.79515899944818,qwen15b-npu6,
1782563470.692496,200,135.3309750011249,qwen15b-npu6,
1782563470.6927586,200,135.29138500052795,qwen15b-npu7,
1782563470.700338,200,138.1548670015036,qwen15b-npu5,
1782563470.701017,200,126.80882599852339,qwen15b-npu5,
1782563470.713366,200,135.2596540000377,qwen15b-npu4,
1782563470.7139552,200,120.65039799927035,qwen15b-npu4,
1782563470.7195137,200,137.25131300088833,qwen15b-npu7,
1782563470.7198055,200,169.21843900126987,qwen15b-npu3,
1782563470.7202678,200,141.85437500054832,qwen15b-npu3,
1782563470.7210448,200,153.97586900144233,qwen15b-npu3,
1782563470.721324,200,129.19416700060538,qwen15b-npu6,
1782563470.7217655,200,147.8608819998044,qwen15b-npu6,
1782563470.7252321,200,131.65519799986214,qwen15b-npu5,
1782563470.746316,200,139.16001200050232,qwen15b-npu7,
1782563470.7468297,200,143.4733710011642,qwen15b-npu3,
1782563470.7475853,200,128.40120300097624,qwen15b-npu6,
1782563470.7517252,200,131.5898480006581,qwen15b-npu5,
1782563470.7632694,200,128.95388600009028,qwen15b-npu4,
1782563470.7745693,200,127.36534800023946,qwen15b-npu7,
1782563470.7754827,200,125.7943319997139,qwen15b-npu6,
1782563470.7769902,200,116.10155700145697,qwen15b-npu5,
1782563470.7772758,200,142.67820799977926,qwen15b-npu3,
1782563470.7880108,200,127.66684000052919,qwen15b-npu4,
1782563470.8021815,200,128.83028500073124,qwen15b-npu5,
1782563470.8029811,200,139.48781299950497,qwen15b-npu7,
1782563470.8042598,200,140.47205799943185,qwen15b-npu6,
1782563470.807338,200,145.0114079998457,qwen15b-npu3,
1782563470.814032,200,122.00350500097557,qwen15b-npu4,
1782563470.8143353,200,126.20089299889514,qwen15b-npu4,
1782563470.8286815,200,136.10854800026573,qwen15b-npu5,
1782563470.8290243,200,115.56840500088583,qwen15b-npu5,
1782563470.831183,200,130.75251400005072,qwen15b-npu7,
1782563470.8315244,200,143.07392000046093,qwen15b-npu7,
1782563470.8326194,200,131.52464700033306,qwen15b-npu6,
1782563470.8329537,200,140.6629190005333,qwen15b-npu6,
1782563470.8380628,200,145.23912000004202,qwen15b-npu3,
1782563470.8395004,200,151.68742900095822,qwen15b-npu3,
1782563470.8399673,200,119.59697399834113,qwen15b-npu4,
1782563470.8402805,200,126.25430400112236,qwen15b-npu4,
1782563470.856311,200,134.47580100000778,qwen15b-npu5,
1782563470.860568,200,135.25398399906408,qwen15b-npu7,
1782563470.860824,200,139.4386129995837,qwen15b-npu7,
1782563470.8614404,200,141.54006299941102,qwen15b-npu6,
1782563470.8648942,200,117.21430299985514,qwen15b-npu4,
1782563470.8692162,200,148.1031620005524,qwen15b-npu3,
1782563470.8695204,200,149.92765099850658,qwen15b-npu3,
1782563470.881506,200,134.6150410008704,qwen15b-npu5,
1782563470.88773,200,124.35117499990156,qwen15b-npu7,
1782563470.8887193,200,111.65874699872802,qwen15b-npu4,
1782563470.888917,200,142.5390280001011,qwen15b-npu6,
1782563470.8977058,200,145.83514299920353,qwen15b-npu3,
1782563470.906683,200,131.11114599996654,qwen15b-npu5,
1782563470.9133039,200,108.9737750007771,qwen15b-npu4,
1782563470.9162662,200,128.1585119995725,qwen15b-npu7,
1782563470.9169116,200,142.22226600031718,qwen15b-npu6,
1782563470.927667,200,150.31142299994826,qwen15b-npu3,
1782563470.9328759,200,130.62100400020427,qwen15b-npu5,
1782563470.9399025,200,111.11774500022875,qwen15b-npu4,
1782563470.9431806,200,129.06982599997718,qwen15b-npu7,
1782563470.9470284,200,143.93361399925197,qwen15b-npu6,
1782563470.9474385,200,133.02921499962395,qwen15b-npu6,
1782563470.9597826,200,130.6846340012271,qwen15b-npu5,
1782563470.9601278,200,127.079877000142,qwen15b-npu5,
1782563470.9648886,200,126.74519600113854,qwen15b-npu4,
1782563470.965685,200,158.2464289986092,qwen15b-npu3,
1782563470.9726315,200,132.56927200018254,qwen15b-npu7,
1782563470.9730105,200,141.72419399983482,qwen15b-npu7,
1782563470.975443,200,135.0731940001424,qwen15b-npu6,
1782563470.9758425,200,143.15963099943474,qwen15b-npu6,
1782563470.9885046,200,156.88476200011792,qwen15b-npu3,
1782563470.989156,200,149.56017899930885,qwen15b-npu3,
1782563470.9934077,200,132.76848399982555,qwen15b-npu4,
1782563470.9937906,200,124.21174399969459,qwen15b-npu4,
1782563470.995333,200,138.95759099978022,qwen15b-npu5,
1782563470.995626,200,126.32616399969265,qwen15b-npu5,
1782563471.0002882,200,138.79183100107184,qwen15b-npu7,
1782563471.0033822,200,138.4050489996298,qwen15b-npu6,
1782563471.0116992,200,122.92245900061971,qwen15b-npu5,
1782563471.017014,200,119.23728200054029,qwen15b-npu4,
1782563471.0178175,200,156.91569199952937,qwen15b-npu3,
1782563471.0184906,200,136.91784199909307,qwen15b-npu3,
1782563471.0275505,200,139.7484949993668,qwen15b-npu7,
1782563471.0313873,200,142.40846699976828,qwen15b-npu6,
1782563471.0390272,200,122.01608400027908,qwen15b-npu5,
1782563471.0434506,200,115.71586599893635,qwen15b-npu4,
1782563471.0468676,200,140.12554600049043,qwen15b-npu3,
1782563471.0563033,200,142.94535900080518,qwen15b-npu7,
1782563471.0588303,200,142.503017999843,qwen15b-npu6,
1782563471.0637617,200,116.65554999854066,qwen15b-npu5,
1782563471.068639,200,121.11708000156796,qwen15b-npu4,
1782563471.0772235,200,144.27535499999067,qwen15b-npu3,
1782563471.0868266,200,146.86793700093403,qwen15b-npu7,
1782563471.087524,200,144.24191500074812,qwen15b-npu6,
1782563471.0878384,200,127.6411899998493,qwen15b-npu7,
1782563471.0882633,200,123.29780099935306,qwen15b-npu6,
1782563471.0897686,200,124.02394300079322,qwen15b-npu5,
1782563471.093969,200,120.88908900113893,qwen15b-npu4,
1782563471.1074693,200,134.7214220004389,qwen15b-npu3,
1782563471.1077921,200,147.91874199909216,qwen15b-npu3,
1782563471.1138113,200,138.267779000671,qwen15b-npu7,
1782563471.116052,200,140.1034169994091,qwen15b-npu6,
1782563471.1173072,200,121.5841619996354,qwen15b-npu5,
1782563471.1176987,200,129.11380599871336,qwen15b-npu5,
1782563471.120582,200,120.22113599959994,qwen15b-npu4,
1782563471.1209958,200,131.75204799881612,qwen15b-npu4,
1782563471.1370528,200,133.60088700028427,qwen15b-npu3,
1782563471.1374013,200,143.8979639988247,qwen15b-npu3,
1782563471.1426523,200,124.77141700037464,qwen15b-npu5,
1782563471.1429305,200,149.04557699992438,qwen15b-npu7,
1782563471.1434634,200,131.6977880014747,qwen15b-npu7,
1782563471.144665,200,126.10174300061772,qwen15b-npu4,
1782563471.1456597,200,128.5802540005534,qwen15b-npu6,
1782563471.1464825,200,151.06829600154015,qwen15b-npu6,
1782563471.1657557,200,138.13790799940762,qwen15b-npu3,
1782563471.1677434,200,124.20914500034996,qwen15b-npu5,
1782563471.1688006,200,121.81574300120701,qwen15b-npu4,
1782563471.1696873,200,138.15410700044595,qwen15b-npu7,
1782563471.1717412,200,132.6004330003343,qwen15b-npu6,
1782563471.19311,200,124.37438499910058,qwen15b-npu5,
1782563471.1941278,200,116.84045999936643,qwen15b-npu4,
1782563471.1958106,200,139.40814300076454,qwen15b-npu3,
1782563471.197549,200,138.58792000064568,qwen15b-npu7,
1782563471.1990814,200,135.24265399973956,qwen15b-npu6,
1782563471.2182992,200,130.32854199991561,qwen15b-npu5,
1782563471.2192347,200,129.3577180003922,qwen15b-npu4,
1782563471.2241967,200,136.6089210005157,qwen15b-npu7,
1782563471.226442,200,132.372681000561,qwen15b-npu3,
1782563471.227137,200,140.19476599969494,qwen15b-npu3,
1782563471.2282643,200,139.91332600016904,qwen15b-npu6,
1782563471.2444694,200,128.34699300037755,qwen15b-npu4,
1782563471.2447793,200,124.07904400060943,qwen15b-npu5,
1782563471.2450168,200,131.1324060006882,qwen15b-npu5,
1782563471.2527096,200,145.16548000028706,qwen15b-npu7,
1782563471.253012,200,135.57726599901798,qwen15b-npu7,
1782563471.2544966,200,146.63126599953102,qwen15b-npu6,
1782563471.2550845,200,134.01847800014366,qwen15b-npu6,
1782563471.256047,200,138.2362780004769,qwen15b-npu3,
1782563471.2688415,200,125.77564200000779,qwen15b-npu5,
1782563471.2700183,200,125.24977900102385,qwen15b-npu4,
1782563471.2702956,200,132.8233040003397,qwen15b-npu4,
1782563471.2820468,200,138.4751990008226,qwen15b-npu7,
1782563471.2823591,200,135.77026700113493,qwen15b-npu7,
1782563471.2831616,200,140.43906799997785,qwen15b-npu6,
1782563471.2888951,200,151.73315900028683,qwen15b-npu3,
1782563471.2891538,200,143.3934209999279,qwen15b-npu3,
1782563471.2946367,200,126.83046600068337,qwen15b-npu5,
1782563471.294893,200,126.02848200003791,qwen15b-npu4,
1782563471.3103535,200,138.5194889990089,qwen15b-npu7,
1782563471.3113928,200,145.54429100098787,qwen15b-npu6,
1782563471.3162458,200,146.44723499986867,qwen15b-npu3,
1782563471.3200567,200,124.1810550000082,qwen15b-npu4,
1782563471.3203363,200,126.11479299994244,qwen15b-npu5,
1782563471.3383412,200,139.15537300090364,qwen15b-npu7,
1782563471.3394072,200,146.1920440015092,qwen15b-npu6,
1782563471.3431547,200,123.81818199901318,qwen15b-npu5,
1782563471.3453348,200,121.05346999851463,qwen15b-npu4,
1782563471.3465142,200,148.89666700037196,qwen15b-npu3,
1782563471.365912,200,138.68868999998085,qwen15b-npu7,
1782563471.3688467,200,140.445778000867,qwen15b-npu6,
1782563471.3691108,200,150.73589399980847,qwen15b-npu6,
1782563471.369504,200,124.64983600148116,qwen15b-npu5,
1782563471.3697731,200,115.2076729995315,qwen15b-npu5,
1782563471.371666,200,116.51205899943307,qwen15b-npu4,
1782563471.3719018,200,126.815046000047,qwen15b-npu4,
1782563471.3762083,200,149.66994000133127,qwen15b-npu3,
1782563471.393835,200,123.46376100140333,qwen15b-npu5,
1782563471.3960288,200,127.11360800130933,qwen15b-npu7,
1782563471.3963954,200,143.3101610000449,qwen15b-npu7,
1782563471.3976035,200,144.806347998383,qwen15b-npu6,
1782563471.398017,200,127.93195099948207,qwen15b-npu6,
1782563471.3987188,200,116.5926399989985,qwen15b-npu4,
1782563471.407246,200,151.13015699898824,qwen15b-npu3,
1782563471.4076226,200,163.0644899996696,qwen15b-npu3,
1782563471.4183686,200,129.40093799988972,qwen15b-npu5,
1782563471.4234395,200,128.4690030006459,qwen15b-npu4,
1782563471.424709,200,135.47957499940821,qwen15b-npu6,
1782563471.4261088,200,142.86056899982214,qwen15b-npu7,
1782563471.437233,200,154.7918030009896,qwen15b-npu3,
1782563471.437586,200,142.87552899986622,qwen15b-npu3,
1782563471.446072,200,129.75407900012215,qwen15b-npu5,
1782563471.4487262,200,128.5986140010209,qwen15b-npu4,
1782563471.4535317,200,142.0710849997704,qwen15b-npu6,
1782563471.4569883,200,146.56286599893065,qwen15b-npu7,
1782563471.4650483,200,144.63864699973783,qwen15b-npu3,
1782563471.4745634,200,129.1566159998183,qwen15b-npu4,
1782563471.4786603,200,135.4237049999938,qwen15b-npu5,
1782563471.4822814,200,142.80920900091587,qwen15b-npu6,
1782563471.4873948,200,148.97306700004265,qwen15b-npu7,
1782563471.495879,200,149.2961080002715,qwen15b-npu3,
1782563471.5000963,200,130.25368100170454,qwen15b-npu4,
1782563471.5047812,200,128.50363399957132,qwen15b-npu5,
1782563471.5050287,200,135.85290700029873,qwen15b-npu5,
1782563471.5115545,200,139.82390599994687,qwen15b-npu6,
1782563471.512544,200,143.6194420002721,qwen15b-npu6,
1782563471.5194993,200,147.52605099965876,qwen15b-npu7,
1782563471.5197766,200,153.7871990003623,qwen15b-npu7,
1782563471.5246334,200,155.05424399998446,qwen15b-npu3,
1782563471.5265648,200,127.71762100055639,qwen15b-npu4,
1782563471.5269456,200,132.96926399925724,qwen15b-npu4,
1782563471.5288618,200,131.17743600014364,qwen15b-npu5,
1782563471.5458841,200,147.78841100087448,qwen15b-npu6,
1782563471.550693,200,142.99609900081123,qwen15b-npu7,
1782563471.551033,200,154.91382400068687,qwen15b-npu7,
1782563471.5519266,200,127.14505800067855,qwen15b-npu4,
1782563471.5544212,200,130.85355399925902,qwen15b-npu5,
1782563471.5614395,200,154.0939200003777,qwen15b-npu3,
1782563471.5617602,200,165.2459609995276,qwen15b-npu3,
1782563471.5691993,200,131.49510699986422,qwen15b-npu6,
1782563471.5694792,200,151.03825599908305,qwen15b-npu6,
1782563471.5788927,200,130.0854609999078,qwen15b-npu4,
1782563471.5808403,200,143.51795200127526,qwen15b-npu7,
1782563471.5823283,200,136.18315900021116,qwen15b-npu5,
1782563471.5875592,200,161.3811529987288,qwen15b-npu3,
1782563471.5878665,200,134.26360999983444,qwen15b-npu3,
1782563471.5957804,200,130.66090300162614,qwen15b-npu6,
1782563471.6047094,200,125.97921300039161,qwen15b-npu4,
1782563471.6060781,200,131.44345699947735,qwen15b-npu5,
1782563471.6109762,200,153.91380900109652,qwen15b-npu7,
1782563471.615163,200,132.80934300018998,qwen15b-npu3,
1782563471.622422,200,126.47080399983679,qwen15b-npu6,
1782563471.63012,200,125.02789799873426,qwen15b-npu4,
1782563471.633646,200,133.48165599927597,qwen15b-npu5,
1782563471.6339276,200,114.3422789991746,qwen15b-npu5,
1782563471.6421995,200,154.7329129989521,qwen15b-npu7,
1782563471.6467185,200,141.86487500046496,qwen15b-npu3,
1782563471.6511497,200,124.45345599917346,qwen15b-npu6,
1782563471.6519198,200,139.2835529986769,qwen15b-npu6,
1782563471.65639,200,136.52387099864427,qwen15b-npu4,
1782563471.6586208,200,129.66151900036493,qwen15b-npu5,
1782563471.6736484,200,161.93222599940782,qwen15b-npu7,
1782563471.6739385,200,146.9185469995864,qwen15b-npu7,
1782563471.6778939,200,125.8804320004856,qwen15b-npu6,
1782563471.6781642,200,153.47247700083244,qwen15b-npu3,
1782563471.6825926,200,136.61614100055886,qwen15b-npu4,
1782563471.6828578,200,121.36332199952449,qwen15b-npu4,
1782563471.6859348,200,131.45390700083226,qwen15b-npu5,
1782563471.7044144,200,135.15857400125242,qwen15b-npu7,
1782563471.704649,200,153.88787899973977,qwen15b-npu7,
1782563471.7052002,200,135.6386660008866,qwen15b-npu6,
1782563471.7072134,200,126.2710330011032,qwen15b-npu4,
1782563471.710827,200,159.72445599982166,qwen15b-npu3,
1782563471.711093,200,149.23565800017968,qwen15b-npu3,
1782563471.7119436,200,132.9754239995964,qwen15b-npu5,
1782563471.7122445,200,116.38596800003143,qwen15b-npu5,
1782563471.7329278,200,128.14838200029044,qwen15b-npu4,
1782563471.733715,200,146.04588399924978,qwen15b-npu6,
1782563471.7354617,200,147.5123899999744,qwen15b-npu7,
1782563471.7369337,200,114.4566399998439,qwen15b-npu5,
1782563471.7424867,200,160.0772580004559,qwen15b-npu3,
1782563471.7604442,200,130.26603199978126,qwen15b-npu4,
1782563471.764641,200,117.83522499899846,qwen15b-npu5,
1782563471.7662718,200,151.03453600022476,qwen15b-npu6,
1782563471.7704751,200,159.4433049995132,qwen15b-npu7,
1782563471.771038,200,137.0527819999552,qwen15b-npu7,
1782563471.775812,200,142.09265499994217,qwen15b-npu3,
1782563471.776114,200,169.97965200062026,qwen15b-npu3,
1782563471.7861953,200,134.97683300010976,qwen15b-npu4,
1782563471.7895827,200,115.85852699863608,qwen15b-npu5,
1782563471.7950256,200,152.74079400114715,qwen15b-npu6,
1782563471.7953868,200,136.7003109990037,qwen15b-npu6,
1782563471.7988389,200,142.37610700001824,qwen15b-npu7,
1782563471.8040748,200,152.0730200008984,qwen15b-npu3,
1782563471.8127327,200,138.73160000002827,qwen15b-npu4,
1782563471.813348,200,127.36098899949866,qwen15b-npu4,
1782563471.8156736,200,133.0033040012495,qwen15b-npu5,
1782563471.821697,200,138.78234100047848,qwen15b-npu6,
1782563471.8281016,200,149.87453100002313,qwen15b-npu7,
1782563471.832963,200,155.00772399900598,qwen15b-npu3,
1782563471.8381495,200,127.26368800031196,qwen15b-npu4,
1782563471.842305,200,135.02560300003097,qwen15b-npu5,
1782563471.8497357,200,145.24730000084674,qwen15b-npu6,
1782563471.850284,200,138.27291800043895,qwen15b-npu6,
1782563471.858434,200,146.11998299915285,qwen15b-npu7,
1782563471.8587797,200,153.5181269991881,qwen15b-npu7,
1782563471.8631566,200,158.44955000102345,qwen15b-npu3,
1782563471.8642333,200,130.45413300096698,qwen15b-npu4,
1782563471.8645232,200,153.35428700018383,qwen15b-npu3,
1782563471.8674302,200,134.4411999998556,qwen15b-npu5,
1782563471.876964,200,134.40691100004187,qwen15b-npu6,
1782563471.8878498,200,150.84361499975785,qwen15b-npu7,
1782563471.890514,200,125.79779099905863,qwen15b-npu4,
1782563471.8908508,200,114.6316909998859,qwen15b-npu4,
1782563471.892256,200,156.66424200026086,qwen15b-npu3,
1782563471.8946633,200,118.7668400016264,qwen15b-npu5,
1782563471.8949575,200,134.39712999934272,qwen15b-npu5,
1782563471.9037995,200,132.6899220002815,qwen15b-npu6,
1782563471.9162552,200,117.33149300016521,qwen15b-npu4,
1782563471.9191482,200,148.59760500075936,qwen15b-npu7,
1782563471.920006,200,130.3343319996202,qwen15b-npu7,
1782563471.9235244,200,157.15778399862756,qwen15b-npu3,
1782563471.9238,200,137.53065399941988,qwen15b-npu3,
1782563471.9240212,200,128.89684500078147,qwen15b-npu5,
1782563471.9316218,200,118.21041700022761,qwen15b-npu6,
1782563471.9322722,200,136.78943199920468,qwen15b-npu6,
1782563471.9415414,200,119.78590400030953,qwen15b-npu4,
1782563471.9470477,200,134.2421600002126,qwen15b-npu7,
1782563471.9499547,200,134.2152300003363,qwen15b-npu5,
1782563471.951918,200,147.75254099913582,qwen15b-npu3,
1782563471.9595056,200,121.2917409993679,qwen15b-npu6,
1782563471.9721138,200,122.30187600107456,qwen15b-npu4,
1782563471.9771118,200,144.05715500106453,qwen15b-npu7,
1782563471.9774764,200,135.10031400073785,qwen15b-npu5,
1782563471.9822145,200,154.05742999973882,qwen15b-npu3,
1782563471.9828267,200,132.47756199962168,qwen15b-npu3,
1782563471.988104,200,129.21780699980445,qwen15b-npu6,
1782563471.9938555,200,129.26038799923845,qwen15b-npu4,
1782563472.0034237,200,140.18541700170317,qwen15b-npu5,
1782563472.0070968,200,139.6023140005127,qwen15b-npu7,
1782563472.0077813,200,149.2628579999291,qwen15b-npu7,
1782563472.0126362,200,148.30637399973057,qwen15b-npu3,
1782563472.0140495,200,137.01236199995037,qwen15b-npu6,
1782563472.0207226,200,116.83954100044502,qwen15b-npu4,
1782563472.0210867,200,130.13437100016745,qwen15b-npu4,
1782563472.031907,200,137.14490300117177,qwen15b-npu5,
1782563472.0325031,200,144.56389699989813,qwen15b-npu5,
1782563472.0368228,200,144.49542700094753,qwen15b-npu7,
1782563472.0438535,200,153.25731600023573,qwen15b-npu3,
1782563472.0445216,200,124.42262500007928,qwen15b-npu6,
1782563472.045011,200,149.993770999572,qwen15b-npu6,
1782563472.0461988,200,122.59906699910061,qwen15b-npu4,
1782563472.058971,200,135.10042300003988,qwen15b-npu5,
1782563472.0673761,200,148.14441300040926,qwen15b-npu7,
1782563472.0677323,200,136.05263799945533,qwen15b-npu7,
1782563472.0713394,200,124.2319149987452,qwen15b-npu4,
1782563472.0731752,200,156.8297319990961,qwen15b-npu3,
1782563472.0739474,200,149.85868999974628,qwen15b-npu3,
1782563472.0742807,200,141.92520500000683,qwen15b-npu6,
1782563472.0833385,200,141.72028400025738,qwen15b-npu5,
1782563472.0970442,200,119.83615399913106,qwen15b-npu4,
1782563472.099366,200,147.35275900056877,qwen15b-npu7,
1782563472.101724,200,142.15048599908187,qwen15b-npu6,
1782563472.1020992,200,152.0828110005823,qwen15b-npu3,
1782563472.1100512,200,137.8003070003615,qwen15b-npu5,
1782563472.1103516,200,122.15216499862436,qwen15b-npu5,
1782563472.122328,200,128.40464299915766,qwen15b-npu4,
1782563472.1259649,200,143.67352299996128,qwen15b-npu7,
1782563472.1283338,200,145.4466710001725,qwen15b-npu6,
1782563472.132731,200,155.18083499955537,qwen15b-npu3,
1782563472.1347535,200,122.01141500008816,qwen15b-npu5,
1782563472.1479807,200,133.86073800029408,qwen15b-npu4,
1782563472.1487532,200,111.84076800054754,qwen15b-npu4,
1782563472.1568363,200,124.85135700080718,qwen15b-npu6,
1782563472.1571376,200,149.28987799976312,qwen15b-npu6,
1782563472.1577544,200,150.56939399983094,qwen15b-npu7,
1782563472.158025,200,137.21218299906468,qwen15b-npu7,
1782563472.1626346,200,141.4365419987007,qwen15b-npu3,
1782563472.1629283,200,159.41877500154078,qwen15b-npu3,
1782563472.163943,200,117.6851340005669,qwen15b-npu5,
1782563472.1642158,200,131.6455579999456,qwen15b-npu5,
1782563472.1728365,200,113.73142699994787,qwen15b-npu4,
1782563472.1844168,200,139.307622999695,qwen15b-npu6,
1782563472.1858127,200,141.20441200066125,qwen15b-npu7,
1782563472.1886194,200,115.34463400130335,qwen15b-npu5,
1782563472.1901445,200,146.21545400041214,qwen15b-npu3,
1782563472.1985564,200,124.21392500073125,qwen15b-npu4,
1782563472.2131143,200,141.68058399991423,qwen15b-npu6,
1782563472.2145221,200,115.09122299867158,qwen15b-npu5,
1782563472.215966,200,148.14267300062056,qwen15b-npu7,
1782563472.2162611,200,132.85972400080936,qwen15b-npu7,
1782563472.2193146,200,145.27158999953826,qwen15b-npu3,
1782563472.219911,200,152.44625299965264,qwen15b-npu3,
1782563472.22397,200,122.12961499972153,qwen15b-npu4,
1782563472.2404873,200,118.06959599925904,qwen15b-npu5,
1782563472.242287,200,131.86766899889335,qwen15b-npu6,
1782563472.2428157,200,145.68467199933366,qwen15b-npu6,
1782563472.2457936,200,135.6700960004673,qwen15b-npu7,
1782563472.2495425,200,147.35781899980793,qwen15b-npu3,
1782563472.2501853,200,124.1608640011691,qwen15b-npu4,
1782563472.2662208,200,118.1764570010273,qwen15b-npu5,
1782563472.2700138,200,135.18982400091772,qwen15b-npu6,
1782563472.2760115,200,113.28798399881634,qwen15b-npu4,
1782563472.2763407,200,127.49567900027614,qwen15b-npu4,
1782563472.2779436,200,149.5514189991809,qwen15b-npu3,
1782563472.2799585,200,147.1379180002259,qwen15b-npu7,
1782563472.2925217,200,134.41425999917556,qwen15b-npu5,
1782563472.2930968,200,120.20361599934404,qwen15b-npu5,
1782563472.2997563,200,142.52239699999336,qwen15b-npu6,
1782563472.300109,200,135.8321870011423,qwen15b-npu6,
1782563472.3013408,200,116.8670810002368,qwen15b-npu4,
1782563472.309254,200,151.42500700130768,qwen15b-npu3,
1782563472.3096483,200,146.65421599966066,qwen15b-npu3,
1782563472.3119345,200,147.91252200120653,qwen15b-npu7,
1782563472.3122518,200,155.33327599951008,qwen15b-npu7,
1782563472.3189588,200,120.33293700005743,qwen15b-npu5,
1782563472.3263116,200,113.04723400098737,qwen15b-npu4,
1782563472.327884,200,137.67024499975378,qwen15b-npu6,
1782563472.3364673,200,150.52567400016414,qwen15b-npu3,
1782563472.340772,200,152.08132100087823,qwen15b-npu7,
1782563472.3444355,200,125.04766800157086,qwen15b-npu5,
1782563472.3514826,200,131.5119169994432,qwen15b-npu4,
1782563472.3563814,200,140.33667800140393,qwen15b-npu6,
1782563472.3697872,200,126.91473600170866,qwen15b-npu5,
1782563472.3705935,200,154.24039099889342,qwen15b-npu7,
1782563472.3725584,200,157.96067799965385,qwen15b-npu3,
1782563472.3729603,200,148.93313699940336,qwen15b-npu3,
1782563472.3766716,200,130.7723640002223,qwen15b-npu4,
1782563472.3865216,200,145.94319299976632,qwen15b-npu6,
1782563472.3869624,200,136.71488200088788,qwen15b-npu6,
1782563472.3954842,200,125.41020000026037,qwen15b-npu5,
1782563472.396323,200,146.70904599915957,qwen15b-npu3,
1782563472.402207,200,135.93083799969463,qwen15b-npu7,
1782563472.4029362,200,160.59186899838096,qwen15b-npu7,
1782563472.403253,200,110.10152099879633,qwen15b-npu4,
1782563472.4042606,200,127.8457710013754,qwen15b-npu4,
1782563472.413743,200,135.7262859983166,qwen15b-npu6,
1782563472.421678,200,112.31792999933532,qwen15b-npu5,
1782563472.4220498,200,129.45528800082684,qwen15b-npu5,
1782563472.4267547,200,150.63281400034612,qwen15b-npu3,
1782563472.4271414,200,117.42260300161433,qwen15b-npu4,
1782563472.4314494,200,129.9808510011644,qwen15b-npu7,
1782563472.4321196,200,152.07334099977743,qwen15b-npu7,
1782563472.4426205,200,142.4286769997707,qwen15b-npu6,
1782563472.4429073,200,130.59206399884715,qwen15b-npu6,
1782563472.4491522,200,122.71423700076411,qwen15b-npu5,
1782563472.4536345,200,125.67361100082053,qwen15b-npu4,
1782563472.4547374,200,142.72551800058864,qwen15b-npu3,
1782563472.455016,200,155.17111500048486,qwen15b-npu3,
1782563472.4623563,200,143.30797100046766,qwen15b-npu7,
1782563472.470429,200,129.58434899883287,qwen15b-npu6,
1782563472.47837,200,126.82655600110593,qwen15b-npu5,
1782563472.4792962,200,122.85748800059082,qwen15b-npu4,
1782563472.4862697,200,149.70856999934767,qwen15b-npu3,
1782563472.4933321,200,148.82562599996163,qwen15b-npu7,
1782563472.4997172,200,129.07262699991406,qwen15b-npu6,
1782563472.5037112,200,131.01030500001798,qwen15b-npu5,
1782563472.5066168,200,129.87314000019978,qwen15b-npu4,
1782563472.5159287,200,146.08904300075665,qwen15b-npu3,
1782563472.5238397,200,150.75704499940912,qwen15b-npu7,
1782563472.528849,200,125.83175199870311,qwen15b-npu6,
1782563472.5298326,200,133.40676600091683,qwen15b-npu5,
1782563472.5302415,200,143.57954200022505,qwen15b-npu6,
1782563472.531709,200,129.39305799955036,qwen15b-npu4,
1782563472.547011,200,159.98201699949277,qwen15b-npu3,
1782563472.5473294,200,144.00541400027578,qwen15b-npu3,
1782563472.555219,200,128.3520530014357,qwen15b-npu6,
1782563472.5564897,200,152.1268409996992,qwen15b-npu7,
1782563472.5567787,200,125.23326900009124,qwen15b-npu5,
1782563472.5570621,200,143.22035999975924,qwen15b-npu5,
1782563472.5573232,200,161.73573400010355,qwen15b-npu7,
1782563472.5582201,200,136.43477000005078,qwen15b-npu4,
1782563472.5584807,200,126.28685399977257,qwen15b-npu4,
1782563472.575396,200,153.28068700000586,qwen15b-npu3,
1782563472.5816576,200,127.94947099973797,qwen15b-npu5,
1782563472.5829892,200,140.01057600034983,qwen15b-npu6,
1782563472.5841713,200,129.36137700125983,qwen15b-npu4,
1782563472.58733,200,160.05932700136327,qwen15b-npu7,
1782563472.5879405,200,138.71528100025898,qwen15b-npu7,
1782563472.6067266,200,164.02975500022876,qwen15b-npu3,
1782563472.6071224,200,152.04119099871605,qwen15b-npu3,
1782563472.608817,200,130.3728120001324,qwen15b-npu5,
1782563472.6092396,200,129.86884000019927,qwen15b-npu4,
1782563472.6126714,200,150.17967199855775,qwen15b-npu6,
1782563472.6172383,200,146.73401700019895,qwen15b-npu7,
1782563472.634072,200,127.38909899962891,qwen15b-npu4,
1782563472.635095,200,131.3126570003078,qwen15b-npu5,
1782563472.6355052,200,149.13330800118274,qwen15b-npu3,
1782563472.6409554,200,147.54557999913231,qwen15b-npu6,
1782563472.6490407,200,149.2530279992934,qwen15b-npu7,
1782563472.6592586,200,128.9543759994558,qwen15b-npu4,
1782563472.66024,200,130.31621200025256,qwen15b-npu5,
1782563472.665155,200,133.39186600023822,qwen15b-npu3,
1782563472.665412,200,149.41345899933367,qwen15b-npu3,
1782563472.6709757,200,147.06599800047115,qwen15b-npu6,
1782563472.6802313,200,151.3124080011039,qwen15b-npu7,
1782563472.6848893,200,126.59980500029633,qwen15b-npu4,
1782563472.6851802,200,129.84615999994276,qwen15b-npu4,
1782563472.6857684,200,127.21017800140544,qwen15b-npu5,
1782563472.686245,200,129.6831990002829,qwen15b-npu5,
1782563472.6939986,200,136.60544000049413,qwen15b-npu3,
1782563472.7003973,200,143.26431999870692,qwen15b-npu6,
1782563472.7006438,200,153.2423270000436,qwen15b-npu6,
1782563472.7093916,200,121.96671399942716,qwen15b-npu4,
1782563472.7135785,200,156.72705200086057,qwen15b-npu7,
1782563472.7138538,200,129.52168900119432,qwen15b-npu5,
1782563472.7141638,200,167.05249899860064,qwen15b-npu7,
1782563472.724315,200,148.8512260002608,qwen15b-npu3,
1782563472.7245843,200,136.57634999981383,qwen15b-npu3,
1782563472.7267466,200,145.02285900016432,qwen15b-npu6,
1782563472.7354262,200,126.09395299841708,qwen15b-npu4,
1782563472.7377064,200,128.76099500135751,qwen15b-npu5,
1782563472.7425559,200,159.49964500032365,qwen15b-npu7,
1782563472.7433512,200,136.1245890002465,qwen15b-npu7,
1782563472.7530074,200,140.27758699921833,qwen15b-npu3,
1782563472.7587695,200,141.47516299999552,qwen15b-npu6,
1782563472.759021,200,152.1645119992172,qwen15b-npu6,
1782563472.7606273,200,125.41953000072681,qwen15b-npu4,
1782563472.7636154,200,128.0225420014176,qwen15b-npu5,
1782563472.773052,200,138.91895200140425,qwen15b-npu7,
1782563472.7836313,200,142.6013279997278,qwen15b-npu3,
1782563472.785126,200,136.02031799928227,qwen15b-npu6,
1782563472.7858896,200,120.67791799927363,qwen15b-npu4,
1782563472.7892642,200,128.97067599988077,qwen15b-npu5,
1782563472.8018634,200,142.54134699876886,qwen15b-npu7,
1782563472.8119893,200,126.73221499971987,qwen15b-npu4,
1782563472.8122401,200,111.5378470003634,qwen15b-npu4,
1782563472.8138494,200,148.37290399918857,qwen15b-npu3,
1782563472.8149269,200,128.62789499922656,qwen15b-npu6,
1782563472.8152027,200,144.13221500035434,qwen15b-npu6,
1782563472.817079,200,116.62337999950978,qwen15b-npu5,
1782563472.81729,200,132.33413099987956,qwen15b-npu5,
1782563472.8320837,200,138.02737700098078,qwen15b-npu7,
1782563472.8323,200,152.0092310001928,qwen15b-npu7,
1782563472.8376317,200,112.98193299990089,qwen15b-npu4,
1782563472.8414888,200,127.84029999966151,qwen15b-npu5,
1782563472.8445222,200,130.56370300000708,qwen15b-npu6,
1782563472.8454459,200,135.99877700107754,qwen15b-npu3,
1782563472.8457026,200,159.87307700015663,qwen15b-npu3,
1782563472.8614066,200,147.17577900046308,qwen15b-npu7,
1782563472.8631408,200,120.52647800010163,qwen15b-npu4,
1782563472.8658104,200,128.04340199909348,qwen15b-npu5,
1782563472.8729708,200,146.16799400027958,qwen15b-npu6,
1782563472.8739588,200,149.56644000085362,qwen15b-npu3,
1782563472.8880377,200,127.31615899974713,qwen15b-npu4,
1782563472.891395,200,132.30689100055315,qwen15b-npu5,
1782563472.8926675,200,133.8393680016452,qwen15b-npu7,
1782563472.893308,200,157.81540699936158,qwen15b-npu7,
1782563472.9074516,200,134.32224999996834,qwen15b-npu6,
1782563472.9077475,200,154.67651200015098,qwen15b-npu6,
1782563472.9090972,200,145.40699100143684,qwen15b-npu3,
1782563472.9093735,200,165.94023399920843,qwen15b-npu3,
1782563472.9191248,200,133.17415500023344,qwen15b-npu4,
1782563472.9234173,200,138.22463799988327,qwen15b-npu5,
1782563472.9268618,200,143.17365999886533,qwen15b-npu7,
1782563472.936608,200,134.68791199920815,qwen15b-npu6,
1782563472.937292,200,147.97467300013523,qwen15b-npu3,
1782563472.9444087,200,130.49212300029467,qwen15b-npu4,
1782563472.9494927,200,137.1927529999084,qwen15b-npu5,
1782563472.9497836,200,132.42313099908642,qwen15b-npu5,
1782563472.9581232,200,146.06453300075373,qwen15b-npu7,
1782563472.9584022,200,141.2661520007532,qwen15b-npu7,
1782563472.9642582,200,148.971246999281,qwen15b-npu6,
1782563472.9669564,200,134.80819199867256,qwen15b-npu3,
1782563472.9674716,200,152.4858430002496,qwen15b-npu3,
1782563472.971888,200,139.52926400088472,qwen15b-npu4,
1782563472.972663,200,127.14812699960021,qwen15b-npu4,
1782563472.976944,200,132.33343100000639,qwen15b-npu5,
1782563472.9883223,200,146.75043600072968,qwen15b-npu7,
1782563472.993174,200,155.46342700145033,qwen15b-npu6,
1782563472.9934826,200,132.01468999977806,qwen15b-npu6,
1782563472.9957378,200,122.6817269998719,qwen15b-npu4,
1782563472.996385,200,150.62231400042947,qwen15b-npu3,
1782563473.000554,200,134.6737120002217,qwen15b-npu5,
1782563473.0180597,200,154.77116399961233,qwen15b-npu7,
1782563473.021916,200,128.4634340008779,qwen15b-npu4,
1782563473.0225003,200,134.33718099986436,qwen15b-npu6,
1782563473.0249631,200,150.92696600004274,qwen15b-npu3,
1782563473.02797,200,135.20243499988283,qwen15b-npu5,
1782563473.028323,200,118.84054999973159,qwen15b-npu5,
1782563473.0477571,200,128.55212400063465,qwen15b-npu4,
1782563473.0492089,200,157.71132600093551,qwen15b-npu7,
1782563473.0499775,200,140.82469999993918,qwen15b-npu7,
1782563473.050312,200,142.77603899972746,qwen15b-npu6,
1782563473.0544138,200,117.05201200129522,qwen15b-npu5,
1782563473.056622,200,148.79500600000028,qwen15b-npu3,
1782563473.0569148,200,133.35647600069933,qwen15b-npu3,
1782563473.072408,200,127.92879100015853,qwen15b-npu4,
1782563473.0785122,200,141.81854399976146,qwen15b-npu7,
1782563473.07999,200,130.15175100008491,qwen15b-npu6,
1782563473.0805702,200,153.63324799909606,qwen15b-npu6,
1782563473.0810921,200,122.58352700155228,qwen15b-npu5,
1782563473.0837295,200,134.13551899975573,qwen15b-npu3,
1782563473.0990582,200,122.05651499971282,qwen15b-npu4,
1782563473.099495,200,135.1404540000658,qwen15b-npu4,
1782563473.105966,200,133.22080499892763,qwen15b-npu5,
1782563473.1086035,200,141.58736299941665,qwen15b-npu6,
1782563473.1121433,200,140.16369700038922,qwen15b-npu7,
1782563473.1128376,200,154.6397820002312,qwen15b-npu7,
1782563473.1139946,200,146.46087500113936,qwen15b-npu3,
1782563473.1237316,200,127.27422900024976,qwen15b-npu4,
1782563473.1328495,200,137.02161199944385,qwen15b-npu5,
1782563473.1373858,200,144.1333949987893,qwen15b-npu6,
1782563473.138182,200,144.6411970009649,qwen15b-npu7,
1782563473.1443658,200,155.90682800029754,qwen15b-npu3,
1782563473.1448169,200,144.17076500103576,qwen15b-npu3,
1782563473.1484823,200,123.46322099983809,qwen15b-npu4,
1782563473.1603656,200,138.35414800087165,qwen15b-npu5,
1782563473.1681762,200,145.61615200000233,qwen15b-npu7,
1782563473.171302,200,142.90556899868534,qwen15b-npu6,
1782563473.1716225,200,153.49717699973553,qwen15b-npu6,
1782563473.1728141,200,144.7493180003221,qwen15b-npu3,
1782563473.1736817,200,123.61666200013133,qwen15b-npu4,
1782563473.1870468,200,130.07105100041372,qwen15b-npu5,
1782563473.1879253,200,138.56220900015614,qwen15b-npu5,
1782563473.1991217,200,115.32762400020147,qwen15b-npu4,
1782563473.1993892,200,126.92209600027127,qwen15b-npu4,
1782563473.2000282,200,143.34484100072586,qwen15b-npu7,
1782563473.200892,200,153.06722500099568,qwen15b-npu7,
1782563473.2018604,200,151.45746799862536,qwen15b-npu3,
1782563473.2031424,200,148.6635750006826,qwen15b-npu6,
1782563473.2134836,200,132.32672100093623,qwen15b-npu5,
1782563473.2236876,200,111.45197699988785,qwen15b-npu4,
1782563473.226886,200,127.32456800040381,qwen15b-npu6,
1782563473.2272146,200,147.15201900071406,qwen15b-npu6,
1782563473.2281513,200,147.50710999942385,qwen15b-npu7,
1782563473.2307906,200,152.1664609990694,qwen15b-npu3,
1782563473.2411885,200,132.52937200013548,qwen15b-npu5,
1782563473.2483325,200,110.87128399958601,qwen15b-npu4,
1782563473.2569928,200,142.87504899948544,qwen15b-npu6,
1782563473.25865,200,152.6252839994413,qwen15b-npu7,
1782563473.2589748,200,135.16084399998363,qwen15b-npu7,
1782563473.2606227,200,161.50359399944136,qwen15b-npu3,
1782563473.2610338,200,148.12458300002618,qwen15b-npu3,
1782563473.2686038,200,135.66237700069905,qwen15b-npu5,
1782563473.2733579,200,112.91510299997753,qwen15b-npu4,
1782563473.2854395,200,140.9445200006303,qwen15b-npu6,
1782563473.2881644,200,149.91971100062074,qwen15b-npu3,
1782563473.288915,200,143.9650940010324,qwen15b-npu7,
1782563473.2963235,200,123.39346099906834,qwen15b-npu5,
1782563473.2966943,200,148.13837300062005,qwen15b-npu5,
1782563473.2977798,200,124.02448300053948,qwen15b-npu4,
1782563473.3151524,200,127.13700700078334,qwen15b-npu6,
1782563473.3155417,200,144.14158499857876,qwen15b-npu6,
1782563473.316534,200,144.83555799961323,qwen15b-npu7,
1782563473.320859,200,133.73772699924302,qwen15b-npu3,
1782563473.3211792,200,152.9271149993292,qwen15b-npu3,
1782563473.3219612,200,122.48830600037763,qwen15b-npu5,
1782563473.3229914,200,122.0043640005315,qwen15b-npu4,
1782563473.3426266,200,140.64492899888137,qwen15b-npu6,
1782563473.3454251,200,142.20032599951082,qwen15b-npu7,
1782563473.3459733,200,146.76948600026662,qwen15b-npu7,
1782563473.3486128,200,117.69512399951054,qwen15b-npu5,
1782563473.349312,200,125.53898999976809,qwen15b-npu4,
1782563473.349706,200,149.6160390015575,qwen15b-npu3,
1782563473.3499928,200,136.45619000089937,qwen15b-npu5,
1782563473.3707855,200,143.5073119992012,qwen15b-npu6,
1782563473.3737197,200,112.9504429991357,qwen15b-npu4,
1782563473.3740206,200,132.7634629997192,qwen15b-npu4,
1782563473.3745728,200,146.36754499952076,qwen15b-npu7,
1782563473.3790307,200,152.0629899987398,qwen15b-npu3,
1782563473.3977125,200,109.46101700028521,qwen15b-npu4,
1782563473.3986027,200,141.4906219997647,qwen15b-npu6,
1782563473.398951,200,130.25807200028794,qwen15b-npu6,
1782563473.400283,200,114.77261100117175,qwen15b-npu5,
1782563473.4007988,200,142.0647450013348,qwen15b-npu5,
1782563473.4048016,200,131.33783699959167,qwen15b-npu7,
1782563473.4051504,200,146.05828300045687,qwen15b-npu7,
1782563473.4071221,200,145.99963299951924,qwen15b-npu3,
1782563473.4078228,200,159.43196400075976,qwen15b-npu3,
1782563473.4252596,200,128.84134499836364,qwen15b-npu6,
1782563473.425843,200,127.98555100016529,qwen15b-npu5,
1782563473.4345005,200,137.70219499929226,qwen15b-npu7,
1782563473.4355001,200,146.4950459994725,qwen15b-npu3,
1782563473.4497936,200,134.5251009988715,qwen15b-npu4,
1782563473.4502633,200,128.22703200072283,qwen15b-npu4,
1782563473.4525323,200,131.2563659994339,qwen15b-npu5,
1782563473.4540973,200,137.48937400123395,qwen15b-npu6,
1782563473.4621744,200,141.22638099979667,qwen15b-npu7,
1782563473.4678462,200,152.1868510008062,qwen15b-npu3,
1782563473.4683955,200,145.31384000110847,qwen15b-npu3,
1782563473.4744174,200,124.99367800046457,qwen15b-npu4,
1782563473.4783154,200,132.27628100139555,qwen15b-npu5,
1782563473.481333,200,131.54167700122343,qwen15b-npu6,
1782563473.482138,200,139.41052299924195,qwen15b-npu6,
1782563473.4940517,200,143.99824399879435,qwen15b-npu7,
1782563473.494361,200,148.85994600081176,qwen15b-npu7,
1782563473.4951115,200,146.39010499922733,qwen15b-npu3,
1782563473.499887,200,126.07402300091053,qwen15b-npu4,
1782563473.5048957,200,134.03180899877043,qwen15b-npu5,
1782563473.508456,200,134.37887000145565,qwen15b-npu6,
1782563473.521709,200,142.62599800167663,qwen15b-npu7,
1782563473.5236125,200,148.97392599959858,qwen15b-npu3,
1782563473.5248635,200,119.64612400151964,qwen15b-npu4,
1782563473.5255857,200,126.55024500054424,qwen15b-npu4,
1782563473.5321662,200,134.40056999934313,qwen15b-npu5,
1782563473.5327475,200,127.82881100065424,qwen15b-npu5,
1782563473.538394,200,130.50509200002125,qwen15b-npu6,
1782563473.5386975,200,138.34544900055334,qwen15b-npu6,
1782563473.5492096,200,114.61837100068806,qwen15b-npu4,
1782563473.552633,200,151.77514899914968,qwen15b-npu7,
1782563473.5534825,200,128.14402199910546,qwen15b-npu7,
1782563473.5541906,200,155.48935599872493,qwen15b-npu3,
1782563473.5546126,200,147.3890589986695,qwen15b-npu3,
1782563473.558865,200,132.96886399984942,qwen15b-npu5,
1782563473.5742912,200,120.09226600093825,qwen15b-npu4,
1782563473.580526,200,130.20435200087377,qwen15b-npu7,
1782563473.5826905,200,147.1005490002426,qwen15b-npu3,
1782563473.5856917,200,133.06544400074927,qwen15b-npu5,
1782563473.5924768,200,124.54402600087633,qwen15b-npu6,
1782563473.5931287,200,143.277481000041,qwen15b-npu6,
1782563473.5999453,200,121.54710200047703,qwen15b-npu4,
1782563473.6115558,200,129.30789799975173,qwen15b-npu7,
1782563473.6119852,200,143.521222000345,qwen15b-npu7,
1782563473.6135838,200,151.33555700049328,qwen15b-npu3,
1782563473.6142206,200,119.80556399976194,qwen15b-npu5,
1782563473.6146095,200,133.21664499926555,qwen15b-npu3,
1782563473.614973,200,140.49129800150695,qwen15b-npu5,
1782563473.6193166,200,125.18964899936691,qwen15b-npu6,
1782563473.624345,200,129.1267169999628,qwen15b-npu4,
1782563473.6378546,200,116.07967700001609,qwen15b-npu5,
1782563473.641537,200,136.57112999862875,qwen15b-npu7,
1782563473.6418908,200,141.93587500085414,qwen15b-npu3,
1782563473.6473546,200,138.83334999991348,qwen15b-npu6,
1782563473.649665,200,125.9843819989328,qwen15b-npu4,
1782563473.6503816,200,111.91192800106364,qwen15b-npu4,
1782563473.6635883,200,130.77654399967287,qwen15b-npu5,
1782563473.6716838,200,132.92298399937863,qwen15b-npu3,
1782563473.6720212,200,146.3553450012114,qwen15b-npu7,
1782563473.6722825,200,147.35529999961727,qwen15b-npu3,
1782563473.6749175,200,142.66381800007366,qwen15b-npu6,
1782563473.6762562,200,121.96076399959566,qwen15b-npu4,
1782563473.67653,200,123.82527299996582,qwen15b-npu6,
1782563473.6903434,200,136.78980199983926,qwen15b-npu5,
1782563473.6995647,200,116.7959910017089,qwen15b-npu4,
1782563473.7004657,200,145.76793200103566,qwen15b-npu3,
1782563473.7023404,200,127.95919100062747,qwen15b-npu6,
1782563473.7037113,200,154.41590099908353,qwen15b-npu7,
1782563473.704398,200,145.47762099937245,qwen15b-npu7,
1782563473.7181618,200,137.56465499864134,qwen15b-npu5,
1782563473.7184126,200,118.38497800090408,qwen15b-npu5,
1782563473.7259274,200,111.25439500028733,qwen15b-npu4,
1782563473.7266526,200,114.55084100089152,qwen15b-npu4,
1782563473.7296536,200,143.87194299888506,qwen15b-npu3,
1782563473.7329946,200,139.79717599977448,qwen15b-npu6,
1782563473.7334142,200,140.85388900093676,qwen15b-npu7,
1782563473.7448363,200,129.76268899910792,qwen15b-npu5,
1782563473.7605355,200,148.8598069990985,qwen15b-npu3,
1782563473.7611594,200,141.76808400043228,qwen15b-npu3,
1782563473.7622223,200,124.27504400147882,qwen15b-npu6,
1782563473.7624636,200,148.18586300134484,qwen15b-npu6,
1782563473.7647073,200,140.29196800038335,qwen15b-npu7,
1782563473.7649179,200,151.24954800012347,qwen15b-npu7,
1782563473.770032,200,128.41158400078712,qwen15b-npu5,
1782563473.775592,200,133.59027700062143,qwen15b-npu4,
1782563473.7884328,200,137.9740860011225,qwen15b-npu6,
1782563473.7895317,200,142.10697499947855,qwen15b-npu3,
1782563473.7954514,200,145.7144319992949,qwen15b-npu7,
1782563473.797534,200,120.91522999980953,qwen15b-npu5,
1782563473.7978704,200,134.18933899993135,qwen15b-npu5,
1782563473.8019848,200,125.6507709986181,qwen15b-npu4,
1782563473.8023505,200,130.24311200024385,qwen15b-npu4,
1782563473.816701,200,141.6953440002544,qwen15b-npu6,
1782563473.8186028,200,146.26113400117902,qwen15b-npu3,
1782563473.8236535,200,121.24050999955216,qwen15b-npu5,
1782563473.8248916,200,153.10867600055644,qwen15b-npu7,
1782563473.826085,200,122.28641500041704,qwen15b-npu4,
1782563473.8452377,200,144.67595699898084,qwen15b-npu6,
1782563473.8455906,200,127.08906700027,qwen15b-npu6,
1782563473.8507679,200,124.01699400106736,qwen15b-npu4,
1782563473.8511834,200,125.18310800078325,qwen15b-npu5,
1782563473.852369,200,147.88983200014627,qwen15b-npu3,
1782563473.852601,200,162.18956699958653,qwen15b-npu3,
1782563473.858385,200,158.74355099913373,qwen15b-npu7,
1782563473.8590624,200,140.82310999947367,qwen15b-npu7,
1782563473.87345,200,139.96630600013305,qwen15b-npu6,
1782563473.8765864,200,115.94477700054995,qwen15b-npu4,
1782563473.8768573,200,131.8824689988105,qwen15b-npu5,
1782563473.8781283,200,113.15596399981587,qwen15b-npu4,
1782563473.8784935,200,148.72720599851164,qwen15b-npu3,
1782563473.8875213,200,154.42067199910525,qwen15b-npu7,
1782563473.90008,200,137.55970499914838,qwen15b-npu6,
1782563473.9030967,200,138.33316799900786,qwen15b-npu5,
1782563473.9068863,200,136.77307199941424,qwen15b-npu3,
1782563473.9073691,200,146.1369240005297,qwen15b-npu3,
1782563473.9191086,200,143.4010009998019,qwen15b-npu7,
1782563473.9195323,200,157.236864000879,qwen15b-npu7,
1782563473.9266934,200,131.10172499909822,qwen15b-npu4,
1782563473.9273818,200,110.59321299944713,qwen15b-npu4,
1782563473.9289122,200,139.29062299939687,qwen15b-npu5,
1782563473.9295251,200,127.06903700018302,qwen15b-npu5,
1782563473.9299026,200,141.38578199890617,qwen15b-npu6,
1782563473.9306862,200,128.6045649994776,qwen15b-npu6,
1782563473.9363294,200,138.71614999879966,qwen15b-npu3,
1782563473.9486897,200,150.71795400035626,qwen15b-npu7,
1782563473.9543598,200,129.39309799912735,qwen15b-npu6,
1782563473.9552817,200,129.0969360015879,qwen15b-npu5,
1782563473.9646742,200,145.9967629998573,qwen15b-npu3,
1782563473.9765227,200,123.83992300055979,qwen15b-npu4,
1782563473.976855,200,131.530736998684,qwen15b-npu4,
1782563473.9799445,200,156.15949899984116,qwen15b-npu7,
1782563473.9812536,200,128.8222949988267,qwen15b-npu5,
1782563473.981929,200,131.043215000318,qwen15b-npu6,
1782563473.9948676,200,149.16455700040387,qwen15b-npu3,
1782563473.9951646,200,136.69490100073745,qwen15b-npu3,
1782563474.0009718,200,124.0490639993368,qwen15b-npu4,
1782563474.0089943,200,132.33206100085226,qwen15b-npu5,
1782563474.0092473,200,121.62594300025376,qwen15b-npu6,
1782563474.0101538,200,136.5829410005972,qwen15b-npu6,
1782563474.0116804,200,160.39724899928842,qwen15b-npu7,
1782563474.011938,200,133.32889600133058,qwen15b-npu7,
1782563474.0123851,200,153.24944600070012,qwen15b-npu7,
1782563474.023461,200,145.27309000004607,qwen15b-npu3,
1782563474.027346,200,124.19693399897369,qwen15b-npu4,
1782563474.035648,200,135.497374998522,qwen15b-npu5,
1782563474.035914,200,116.29548900054942,qwen15b-npu5,
1782563474.0406406,200,133.21097500011092,qwen15b-npu7,
1782563474.0540378,200,147.08413799962727,qwen15b-npu3,
1782563474.0553098,200,124.53510599880246,qwen15b-npu4,
1782563474.056199,200,129.4366580004862,qwen15b-npu4,
1782563474.0618699,200,131.90127999951073,qwen15b-npu5,
1782563474.0675821,200,148.36628400007612,qwen15b-npu6,
1782563474.068316,200,138.709499999095,qwen15b-npu6,
1782563474.0720768,200,143.0861399985588,qwen15b-npu7,
1782563474.0773785,200,112.63273199983814,qwen15b-npu4,
1782563474.0848305,200,148.43063400076062,qwen15b-npu3,
1782563474.0852766,200,157.805847000418,qwen15b-npu3,
1782563474.0878596,200,132.48528199983411,qwen15b-npu5,
1782563474.09156,200,137.12072199996328,qwen15b-npu6,
1782563474.1026878,200,120.66354799935652,qwen15b-npu4,
1782563474.1034818,200,154.70318299958308,qwen15b-npu7,
1782563474.1126373,200,131.32746600058454,qwen15b-npu5,
1782563474.1133077,200,136.7190410001058,qwen15b-npu3,
1782563474.11786,200,137.84982600009243,qwen15b-npu6,
1782563474.127578,200,118.23389699929976,qwen15b-npu4,
1782563474.1359065,200,158.99029199863435,qwen15b-npu7,
1782563474.1365244,200,141.2679120003304,qwen15b-npu7,
1782563474.1394873,200,127.01701699916157,qwen15b-npu5,
1782563474.140008,200,130.9500349998416,qwen15b-npu5,
1782563474.141414,200,146.47239499936404,qwen15b-npu3,
1782563474.1457393,200,133.68830800027354,qwen15b-npu6,
1782563474.1462064,200,145.16485999956785,qwen15b-npu6,
1782563474.153248,200,129.71390999882715,qwen15b-npu4,
1782563474.1643553,200,123.6317010007042,qwen15b-npu5,
1782563474.1659422,200,154.19893999933265,qwen15b-npu7,
1782563474.171744,200,161.5117339988501,qwen15b-npu3,
1782563474.172006,200,144.60175699969113,qwen15b-npu3,
1782563474.172994,200,137.02278200071305,qwen15b-npu6,
1782563474.1783235,200,124.19981499988353,qwen15b-npu4,
1782563474.1786075,200,110.19445100100711,qwen15b-npu4,
1782563474.1890943,200,121.4371519999986,qwen15b-npu5,
1782563474.1978228,200,141.5484129993274,qwen15b-npu7,
1782563474.1981568,200,162.44866799934243,qwen15b-npu7,
1782563474.1991818,200,137.17246300075203,qwen15b-npu6,
1782563474.202147,200,114.22380899966811,qwen15b-npu4,
1782563474.2046626,200,132.4986519994127,qwen15b-npu3,
1782563474.2049496,200,149.5302500006801,qwen15b-npu3,
1782563474.2139769,200,128.5909050002374,qwen15b-npu5,
1782563474.2272985,200,123.71745200107398,qwen15b-npu6,
1782563474.2276459,200,142.73261900052603,qwen15b-npu6,
1782563474.2279565,200,114.56521999934921,qwen15b-npu4,
1782563474.229635,200,137.9578770010994,qwen15b-npu3,
1782563474.2299054,200,152.45322299961117,qwen15b-npu7,
1782563474.240492,200,127.77987000117719,qwen15b-npu5,
1782563474.2566159,200,117.04698100038513,qwen15b-npu4,
1782563474.2647705,200,128.78964500123402,qwen15b-npu6,
1782563474.2676613,200,149.72776099966723,qwen15b-npu3,
1782563474.2685878,200,165.81786399910925,qwen15b-npu7,
1782563474.2700787,200,123.76384299932397,qwen15b-npu5,
1782563474.270463,200,133.8703080000414,qwen15b-npu5,
1782563474.282301,200,128.92380600169417,qwen15b-npu4,
1782563474.292435,200,146.5660960002424,qwen15b-npu6,
1782563474.2964246,200,168.73536599996442,qwen15b-npu7,
1782563474.2969394,200,155.47121700001298,qwen15b-npu7,
1782563474.2976568,200,157.59603599872207,qwen15b-npu3,
1782563474.306876,200,133.79314800113207,qwen15b-npu4,
1782563474.312166,200,140.35078799861367,qwen15b-npu5,
1782563474.320865,200,131.68863800092367,qwen15b-npu6,
1782563474.3211806,200,149.1038780004601,qwen15b-npu6,
1782563474.3236127,200,157.60608600066917,qwen15b-npu7,
1782563474.3238735,200,145.20232000177202,qwen15b-npu7,
1782563474.326777,200,162.3475270007475,qwen15b-npu3,
1782563474.3273356,200,148.94501700109686,qwen15b-npu3,
1782563474.3343542,200,120.30886600041413,qwen15b-npu4,
1782563474.3347065,200,136.78095099930943,qwen15b-npu4,
1782563474.3390474,200,140.82749000044714,qwen15b-npu5,
1782563474.3395357,200,134.52136100022472,qwen15b-npu5,
1782563474.3469045,200,142.17890599866223,qwen15b-npu6,
1782563474.3503232,200,148.09106299981067,qwen15b-npu7,
1782563474.355695,200,156.42212000057043,qwen15b-npu3,
1782563474.3584435,200,128.46701399939775,qwen15b-npu4,
1782563474.3639088,200,134.20982000025106,qwen15b-npu5,
1782563474.3734832,200,145.45031099987682,qwen15b-npu6,
1782563474.377691,200,121.01725899992744,qwen15b-npu7,
1782563474.377963,200,150.54779400088592,qwen15b-npu7,
1782563474.383581,200,114.880062001248,qwen15b-npu4,
1782563474.3853085,200,144.72124699932465,qwen15b-npu3,
1782563474.38557,200,157.85041700110014,qwen15b-npu3,
1782563474.4002178,200,135.36780499998713,qwen15b-npu6,
1782563474.4033055,200,132.7578229993378,qwen15b-npu7,
1782563474.4099207,200,113.35659500036854,qwen15b-npu4,
1782563474.41369,200,143.53709200076992,qwen15b-npu3,
1782563474.4155579,200,123.03014899953268,qwen15b-npu5,
1782563474.4162774,200,148.53521499935596,qwen15b-npu5,
1782563474.4271147,200,120.17867600116006,qwen15b-npu6,
1782563474.4276524,200,145.28971000072488,qwen15b-npu6,
1782563474.4309185,200,133.20064499930595,qwen15b-npu7,
1782563474.435276,200,114.3296089994692,qwen15b-npu4,
1782563474.44119,200,114.3532200003392,qwen15b-npu5,
1782563474.4418368,200,129.61360900044383,qwen15b-npu5,
1782563474.4454691,200,148.43344400105707,qwen15b-npu3,
1782563474.452995,200,129.05813600082183,qwen15b-npu6,
1782563474.4578424,200,134.17450000088138,qwen15b-npu7,
1782563474.4581547,200,123.3742809999967,qwen15b-npu7,
1782563474.4620388,200,134.64106199899106,qwen15b-npu4,
1782563474.4627416,200,115.77274599949305,qwen15b-npu4,
1782563474.466622,200,127.01209700026084,qwen15b-npu5,
1782563474.4739347,200,152.68640400063305,qwen15b-npu3,
1782563474.4748147,200,140.36369799941895,qwen15b-npu3,
1782563474.4801562,200,121.64974299957976,qwen15b-npu6,
1782563474.48089,200,141.77840399861452,qwen15b-npu6,
1782563474.483903,200,128.13342200024636,qwen15b-npu7,
1782563474.4864233,200,112.88410199995269,qwen15b-npu4,
1782563474.4928303,200,128.86396500107367,qwen15b-npu5,
1782563474.5034027,200,153.01796499988995,qwen15b-npu3,
1782563474.5058992,200,122.23358499977621,qwen15b-npu6,
1782563474.5122354,200,134.19842999974207,qwen15b-npu7,
1782563474.512638,200,127.25498800136847,qwen15b-npu4,
1782563474.5186403,200,133.00585499928275,qwen15b-npu5,
1782563474.5335312,200,133.25540500045463,qwen15b-npu3,
1782563474.5337868,200,123.7733029993251,qwen15b-npu6,
1782563474.5341928,200,156.4392400014185,qwen15b-npu3,
1782563474.537325,200,133.96206900142715,qwen15b-npu7,
1782563474.5380585,200,122.4104159991839,qwen15b-npu4,
1782563474.544853,200,131.0767159993702,qwen15b-npu5,
1782563474.5454786,200,114.50076100118167,qwen15b-npu5,
1782563474.5591044,200,131.38554699980887,qwen15b-npu6,
1782563474.5630012,200,127.66448000002129,qwen15b-npu4,
1782563474.5632715,200,146.91936700000952,qwen15b-npu3,
1782563474.5649364,200,123.0371190013102,qwen15b-npu7,
1782563474.5653868,200,138.21133800047392,qwen15b-npu7,
1782563474.569511,200,116.46023899993452,qwen15b-npu5,
1782563474.587141,200,141.61061300001165,qwen15b-npu6,
1782563474.5874717,200,124.64000600084546,qwen15b-npu6,
1782563474.5891063,200,131.19716600158426,qwen15b-npu4,
1782563474.5893607,200,115.35353399995074,qwen15b-npu4,
1782563474.593833,200,131.7206179992354,qwen15b-npu7,
1782563474.5954146,200,137.14884300134145,qwen15b-npu3,
1782563474.5961552,200,154.90698400026304,qwen15b-npu3,
1782563474.597528,200,130.83617400116054,qwen15b-npu5,
1782563474.6137297,200,132.75269299992942,qwen15b-npu6,
1782563474.6154413,200,128.95955499880074,qwen15b-npu4,
1782563474.6199558,200,139.7243650008022,qwen15b-npu7,
1782563474.62291,200,138.92957099960768,qwen15b-npu5,
1782563474.6236622,200,130.77392400009558,qwen15b-npu3,
1782563474.623932,200,149.01974699932907,qwen15b-npu3,
1782563474.6405544,200,134.54331200046,qwen15b-npu6,
1782563474.6415834,200,128.87761499951012,qwen15b-npu4,
1782563474.6470776,200,143.5762020009861,qwen15b-npu7,
1782563474.6490786,200,136.69766100065317,qwen15b-npu5,
1782563474.6494458,200,115.12093300007109,qwen15b-npu5,
1782563474.6523674,200,133.6541569999099,qwen15b-npu3,
1782563474.66735,200,129.95559999944817,qwen15b-npu4,
1782563474.6719484,200,126.39894399944751,qwen15b-npu6,
1782563474.6722488,200,138.35170899983495,qwen15b-npu6,
1782563474.6737494,200,114.58642999969015,qwen15b-npu5,
1782563474.6763046,200,142.71008800096752,qwen15b-npu7,
1782563474.676572,200,131.64422800036846,qwen15b-npu7,
1782563474.6810732,200,142.91493000018818,qwen15b-npu3,
1782563474.6942248,200,130.89221399968665,qwen15b-npu4,
1782563474.6947613,200,129.31869800013374,qwen15b-npu6,
1782563474.699762,200,130.19405200066103,qwen15b-npu5,
1782563474.7008963,200,135.9009679999872,qwen15b-npu7,
1782563474.7099004,200,146.83939699898474,qwen15b-npu3,
1782563474.7204165,200,133.19989500087104,qwen15b-npu4,
1782563474.7210946,200,125.57870999989973,qwen15b-npu4,
1782563474.7219841,200,132.80363300145837,qwen15b-npu6,
1782563474.7256882,200,131.78713799970865,qwen15b-npu5,
1782563474.7287107,200,139.29553300113184,qwen15b-npu7,
1782563474.7293549,200,131.741848999809,qwen15b-npu7,
1782563474.7400465,200,143.8090440005908,qwen15b-npu3,
1782563474.7407637,200,153.19008600090456,qwen15b-npu3,
1782563474.7457943,200,125.7748719999654,qwen15b-npu4,
1782563474.748711,200,134.89095300064946,qwen15b-npu6,
1782563474.7490613,200,126.00719300098717,qwen15b-npu6,
1782563474.7518218,200,136.32714900086285,qwen15b-npu5,
1782563474.754843,200,131.1100160000933,qwen15b-npu7,
1782563474.7697206,200,145.7269019992964,qwen15b-npu3,
1782563474.7724695,200,130.78667400077393,qwen15b-npu4,
1782563474.7746477,200,125.0557880011911,qwen15b-npu6,
1782563474.7780952,200,137.43853400046646,qwen15b-npu5,
1782563474.7785032,200,126.03061199843069,qwen15b-npu5,
1782563474.783256,200,134.09226899966598,qwen15b-npu7,
1782563474.7991152,200,122.47956700048235,qwen15b-npu4,
1782563474.7994628,200,152.2908009992534,qwen15b-npu3,
1782563474.7998266,200,132.40308099921094,qwen15b-npu4,
1782563474.8030956,200,126.73060599991004,qwen15b-npu5,
1782563474.8039913,200,130.17933100127266,qwen15b-npu6,
1782563474.8096776,200,137.34573399960937,qwen15b-npu7,
1782563474.8235867,200,122.63284700020449,qwen15b-npu4,
1782563474.8281164,200,133.29556600001524,qwen15b-npu6,
1782563474.8286793,200,128.8597650000156,qwen15b-npu5,
1782563474.8297298,200,148.59312499902444,qwen15b-npu3,
1782563474.8301136,200,158.0892580004729,qwen15b-npu3,
1782563474.8366413,200,142.3603359999106,qwen15b-npu7,
1782563474.8498769,200,124.12439400031872,qwen15b-npu4,
1782563474.855262,200,134.0683189991978,qwen15b-npu6,
1782563474.8556166,200,133.55323699943256,qwen15b-npu5,
1782563474.8561192,200,115.26404399955936,qwen15b-npu5,
1782563474.8585932,200,148.63499499915633,qwen15b-npu3,
1782563474.8589845,200,130.21872200079088,qwen15b-npu3,
1782563474.8641267,200,143.6524119999376,qwen15b-npu7,
1782563474.8644361,200,134.99493400013307,qwen15b-npu7,
1782563474.8762114,200,130.34289200004423,qwen15b-npu4,
1782563474.8804228,200,125.5150600009074,qwen15b-npu5,
1782563474.8824387,200,130.55102299949795,qwen15b-npu6,
1782563474.8827384,200,142.61916800023755,qwen15b-npu6,
1782563474.8870106,200,138.184117999117,qwen15b-npu3,
1782563474.889614,200,140.47643800040532,qwen15b-npu7,
1782563474.9029353,200,133.14473500031454,qwen15b-npu4,
1782563474.9035482,200,120.21143600031792,qwen15b-npu4,
1782563474.9057386,200,127.12436699985119,qwen15b-npu5,
1782563474.907914,200,129.6933789999457,qwen15b-npu6,
1782563474.916413,200,143.87895400068373,qwen15b-npu3,
1782563474.9175847,200,142.87390900062746,qwen15b-npu7,
1782563474.9179676,200,118.40132799989078,qwen15b-npu7,
1782563474.9291294,200,125.0641890001134,qwen15b-npu4,
1782563474.9322166,200,129.04780700046103,qwen15b-npu5,
1782563474.9343567,200,134.4130599991331,qwen15b-npu6,
1782563474.9431787,200,119.51639300059469,qwen15b-npu7,
1782563474.9460526,200,146.84459699856234,qwen15b-npu3,
1782563474.9463856,200,136.6163510010665,qwen15b-npu3,
1782563474.9541762,200,123.98015299913823,qwen15b-npu4,
1782563474.956399,200,127.66474000090966,qwen15b-npu5,
1782563474.9607031,200,132.5210220002191,qwen15b-npu6,
1782563474.9697099,200,133.01695399968594,qwen15b-npu7,
1782563474.9739783,200,144.15248499972222,qwen15b-npu3,
1782563474.9807649,200,116.23256799975934,qwen15b-npu4,
1782563474.9812522,200,125.88535200120532,qwen15b-npu4,
1782563474.9834852,200,119.28811200050404,qwen15b-npu5,
1782563474.9854035,200,129.70041900007345,qwen15b-npu5,
1782563474.9893513,200,139.39193300029729,qwen15b-npu6,
1782563474.989676,200,130.62823399923218,qwen15b-npu6,
1782563474.9969802,200,138.30183800018858,qwen15b-npu7,
1782563474.9976892,200,117.17471200063301,qwen15b-npu7,
1782563475.005137,200,148.9227469992329,qwen15b-npu3,
1782563475.00587,200,129.58456900014426,qwen15b-npu3,
1782563475.0061822,200,119.08530099935888,qwen15b-npu4,
1782563475.0084958,200,125.66927100124303,qwen15b-npu5,
1782563475.0150616,200,132.5526920008997,qwen15b-npu6,
1782563475.0230193,200,120.01632499959669,qwen15b-npu7,
1782563475.032435,200,142.7539690012054,qwen15b-npu3,
1782563475.0327828,200,124.76799599971855,qwen15b-npu4,
1782563475.0338721,200,128.0458710007224,qwen15b-npu5,
1782563475.0408728,200,137.24842299961892,qwen15b-npu6,
1782563475.0411813,200,123.10316000002786,qwen15b-npu6,
1782563475.0490563,200,131.36263600063103,qwen15b-npu7,
1782563475.0579302,200,125.65575100052229,qwen15b-npu4,
1782563475.0609984,200,131.79324900011125,qwen15b-npu5,
1782563475.0616581,200,115.17214400009834,qwen15b-npu5,
1782563475.0621417,200,127.69770999875618,qwen15b-npu3,
1782563475.0624888,200,145.97759299977042,qwen15b-npu3,
1782563475.0666597,200,120.52667700118036,qwen15b-npu6,
1782563475.0766683,200,133.40522599901306,qwen15b-npu7,
1782563475.0769396,200,116.17691799983731,qwen15b-npu7,
1782563475.0839436,200,129.69779900049616,qwen15b-npu4,
1782563475.0893497,200,132.89398300003086,qwen15b-npu3,
1782563475.0939395,200,124.17872399964835,qwen15b-npu6,
1782563475.1026313,200,119.06084100155567,qwen15b-npu7,
1782563475.1108618,200,121.12119000084931,qwen15b-npu4,
1782563475.1112278,200,130.3545020000456,qwen15b-npu4,
1782563475.1125677,200,123.12946899874078,qwen15b-npu5,
1782563475.112943,200,138.87376099955873,qwen15b-npu5,
1782563475.1185935,200,137.2664230002556,qwen15b-npu3,
1782563475.1207323,200,135.25131400092505,qwen15b-npu6,
1782563475.1300352,200,114.90438199871278,qwen15b-npu7,
1782563475.1307464,200,132.96411500050453,qwen15b-npu7,
1782563475.1364577,200,130.17553099962242,qwen15b-npu4,
1782563475.1369464,200,130.99083499946573,qwen15b-npu5,
1782563475.14832,200,143.07069999995292,qwen15b-npu6,
1782563475.1486483,200,140.0772169999982,qwen15b-npu3,
1782563475.1492276,200,126.15355299931252,qwen15b-npu6,
1782563475.149579,200,152.5290830013546,qwen15b-npu3,
1782563475.1618583,200,129.0132359990821,qwen15b-npu4,
1782563475.163504,200,130.9727150000981,qwen15b-npu5,
1782563475.1638722,200,114.73752099846024,qwen15b-npu5,
1782563475.1730328,200,132.07435000003898,qwen15b-npu6,
1782563475.1772368,200,143.26706099927833,qwen15b-npu3,
1782563475.183451,200,121.72072300018044,qwen15b-npu7,
1782563475.183761,200,142.48322700041172,qwen15b-npu7,
1782563475.1880462,200,125.8361820000573,qwen15b-npu5,
1782563475.1889615,200,122.22797499998705,qwen15b-npu4,
1782563475.1892312,200,131.24429600065923,qwen15b-npu4,
1782563475.2005837,200,138.0340369996702,qwen15b-npu6,
1782563475.2008986,200,116.89715099964815,qwen15b-npu6,
1782563475.2064433,200,129.71195899990562,qwen15b-npu3,
1782563475.2070158,200,145.92471300056786,qwen15b-npu3,
1782563475.209795,200,132.79936400067527,qwen15b-npu7,
1782563475.213371,200,123.96361299943237,qwen15b-npu5,
1782563475.2143517,200,120.3577159994893,qwen15b-npu4,
1782563475.2346687,200,131.98080000074697,qwen15b-npu3,
1782563475.2387698,200,117.96675599907758,qwen15b-npu7,
1782563475.2391503,200,128.20326200017007,qwen15b-npu7,
1782563475.2394774,200,126.8133260000468,qwen15b-npu5,
1782563475.2401752,200,127.12962799923844,qwen15b-npu4,
1782563475.2538896,200,123.7863219994324,qwen15b-npu6,
1782563475.2544537,200,143.12818100006552,qwen15b-npu6,
1782563475.264552,200,145.86366200092016,qwen15b-npu3,
1782563475.264821,200,127.78972100022656,qwen15b-npu3,
1782563475.2654614,200,134.6167419997073,qwen15b-npu5,
1782563475.2661586,200,116.84792100095365,qwen15b-npu5,
1782563475.2696707,200,120.03381599970453,qwen15b-npu4,
1782563475.270025,200,133.4923960002925,qwen15b-npu4,
1782563475.2808566,200,116.84056000012788,qwen15b-npu6,
1782563475.2811618,200,132.74826300039422,qwen15b-npu6,
1782563475.2898152,200,116.70935999973153,qwen15b-npu5,
1782563475.2913249,200,127.74406999960775,qwen15b-npu7,
1782563475.2920246,200,143.29215100042347,qwen15b-npu7,
1782563475.2938607,200,131.9230700009939,qwen15b-npu3,
1782563475.2943034,200,116.98209200039855,qwen15b-npu4,
1782563475.3064523,200,117.42115400011244,qwen15b-npu6,
1782563475.315395,200,127.26783800098929,qwen15b-npu5,
1782563475.3181312,200,117.16817299929971,qwen15b-npu7,
1782563475.3185432,200,134.67146199946,qwen15b-npu7,
1782563475.3194005,200,130.07060100062517,qwen15b-npu4,
1782563475.323856,200,140.3385680005158,qwen15b-npu3,
1782563475.333377,200,126.87348600047699,qwen15b-npu6,
1782563475.3403666,200,133.2907960004377,qwen15b-npu5,
1782563475.3435645,200,129.16134599981888,qwen15b-npu7,
1782563475.3441222,200,134.2708100000891,qwen15b-npu4,
1782563475.3551166,200,154.45397199982835,qwen15b-npu3,
1782563475.3555815,200,142.1531860014511,qwen15b-npu3,
1782563475.360394,200,125.66908099870489,qwen15b-npu6,
1782563475.367278,200,127.71194000015385,qwen15b-npu5,
1782563475.3700771,200,130.8266949999961,qwen15b-npu4,
1782563475.3729239,200,132.68676299958315,qwen15b-npu7,
1782563475.3823628,200,143.48135200089018,qwen15b-npu3,
1782563475.3886538,200,122.41096599973389,qwen15b-npu6,
1782563475.389489,200,135.50973600104044,qwen15b-npu6,
1782563475.393336,200,138.81679999940388,qwen15b-npu5,
1782563475.3939004,200,124.13174400171556,qwen15b-npu5,
1782563475.395957,200,130.40491200081306,qwen15b-npu4,
1782563475.3962533,200,126.15807299880544,qwen15b-npu4,
1782563475.401546,200,136.9142820003617,qwen15b-npu7,
1782563475.402198,200,120.97050000011222,qwen15b-npu7,
1782563475.4140153,200,133.08124399918597,qwen15b-npu3,
1782563475.414512,200,149.63668000018515,qwen15b-npu3,
1782563475.4148514,200,124.98186800075928,qwen15b-npu6,
1782563475.4188697,200,127.45530900065205,qwen15b-npu5,
1782563475.4214432,200,129.343736998635,qwen15b-npu4,
1782563475.426404,200,131.98695999926713,qwen15b-npu7,
1782563475.441299,200,117.34584299847484,qwen15b-npu6,
1782563475.4416113,200,135.07913399917015,qwen15b-npu6,
1782563475.4425752,200,148.61496500088833,qwen15b-npu3,
1782563475.4437454,200,128.26075200064224,qwen15b-npu5,
1782563475.4464834,200,128.26602299901424,qwen15b-npu4,
1782563475.4529617,200,133.49487599953136,qwen15b-npu7,
1782563475.4703305,200,136.87828199908836,qwen15b-npu5,
1782563475.4705963,200,114.92181200082996,qwen15b-npu5,
1782563475.4711072,200,152.46983299948624,qwen15b-npu3,
1782563475.472576,200,112.12867900030687,qwen15b-npu4,
1782563475.4728947,200,132.47810199936794,qwen15b-npu4,
1782563475.4796972,200,135.51731599909544,qwen15b-npu7,
1782563475.494382,200,139.13670199872286,qwen15b-npu6,
1782563475.4947124,200,112.27753999992274,qwen15b-npu5,
1782563475.4950664,200,122.08396499954688,qwen15b-npu6,
1782563475.4998198,200,132.45829200059234,qwen15b-npu3,
1782563475.5003784,200,156.75609199934115,qwen15b-npu3,
1782563475.5064392,200,136.27855900085706,qwen15b-npu7,
1782563475.5195796,200,123.55383100111794,qwen15b-npu5,
1782563475.5235407,200,133.94058900121308,qwen15b-npu4,
1782563475.5244925,200,128.1670119988121,qwen15b-npu4,
1782563475.5254858,200,131.46196699926804,qwen15b-npu6,
1782563475.530014,200,128.39924299987615,qwen15b-npu3,
1782563475.5305178,200,141.7723440008558,qwen15b-npu3,
1782563475.5348976,200,141.48202300020785,qwen15b-npu7,
1782563475.5351815,200,132.90688399865758,qwen15b-npu7,
1782563475.5456913,200,131.5962179996859,qwen15b-npu5,
1782563475.5501792,200,123.6899519990402,qwen15b-npu6,
1782563475.5505168,200,135.90479799859168,qwen15b-npu6,
1782563475.5507927,200,135.85568700000294,qwen15b-npu4,
1782563475.5587347,200,139.77660499949707,qwen15b-npu3,
1782563475.5621643,200,140.62773800105788,qwen15b-npu7,
1782563475.562838,200,119.01430000034452,qwen15b-npu7,
1782563475.57218,200,119.12840100012545,qwen15b-npu5,
1782563475.5724065,200,130.6627039994055,qwen15b-npu5,
1782563475.5740077,200,132.62663199930103,qwen15b-npu4,
1782563475.576369,200,129.81012999989616,qwen15b-npu6,
1782563475.5873175,200,144.64406700062682,qwen15b-npu3,
1782563475.5895882,200,119.16974100131483,qwen15b-npu7,
1782563475.5968714,200,123.92301299951214,qwen15b-npu5,
1782563475.601251,200,121.48889200034318,qwen15b-npu4,
1782563475.6015458,200,130.33048199940822,qwen15b-npu4,
1782563475.6048217,200,132.16637000004994,qwen15b-npu6,
1782563475.6156757,200,145.02099899982568,qwen15b-npu3,
1782563475.618023,200,122.87087799995788,qwen15b-npu7,
1782563475.622693,200,122.79044699971564,qwen15b-npu5,
1782563475.6253397,200,124.9073769995448,qwen15b-npu4,
1782563475.6316316,200,136.85337199967762,qwen15b-npu6,
1782563475.6462002,200,151.71643900066556,qwen15b-npu3,
1782563475.646592,200,126.91802700101107,qwen15b-npu7,
1782563475.6470041,200,140.49402800083044,qwen15b-npu3,
1782563475.648588,200,113.33283499880054,qwen15b-npu5,
1782563475.6493073,200,124.71195600119245,qwen15b-npu5,
1782563475.650454,200,124.90179800079204,qwen15b-npu4,
1782563475.6611733,200,137.52131500041287,qwen15b-npu6,
1782563475.6616743,200,126.68606500119495,qwen15b-npu6,
1782563475.6752975,200,116.46609899980831,qwen15b-npu5,
1782563475.6757476,200,145.596991000275,qwen15b-npu3,
1782563475.677213,200,131.463146999522,qwen15b-npu4,
1782563475.6775107,200,115.27118300000438,qwen15b-npu4,
1782563475.6816928,200,151.11011599947233,qwen15b-npu7,
1782563475.682011,200,131.12833599916485,qwen15b-npu7,
1782563475.694385,200,143.79899300001853,qwen15b-npu6,
1782563475.7013335,200,127.26630799988925,qwen15b-npu5,
1782563475.701712,200,125.2440590014885,qwen15b-npu4,
1782563475.7057915,200,142.8973189995304,qwen15b-npu3,
1782563475.7060642,200,155.77665800083196,qwen15b-npu3,
1782563475.7077022,200,135.45215600061056,qwen15b-npu7,
1782563475.7206526,200,148.1889129991032,qwen15b-npu6,
1782563475.726848,200,125.24267899971164,qwen15b-npu4,
1782563475.7271533,200,125.83526199887274,qwen15b-npu5,
1782563475.7354362,200,145.77124300012656,qwen15b-npu7,
1782563475.7357557,200,130.86652400124876,qwen15b-npu3,
1782563475.736164,200,148.74203599902103,qwen15b-npu3,
1782563475.7490296,200,130.95187500039174,qwen15b-npu6,
1782563475.7494001,200,152.47402299974055,qwen15b-npu6,
1782563475.7529364,200,127.53763900036574,qwen15b-npu4,
1782563475.7539926,200,131.24235599934764,qwen15b-npu5,
1782563475.7622957,200,146.5613359996496,qwen15b-npu7,
1782563475.7644649,200,132.77269299942418,qwen15b-npu3,
1782563475.7765317,200,130.21928099988145,qwen15b-npu6,
1782563475.7783618,200,129.70452999979898,qwen15b-npu4,
1782563475.7846887,200,137.56586499948753,qwen15b-npu5,
1782563475.7852361,200,123.44698100059759,qwen15b-npu5,
1782563475.7935143,200,144.1072739999072,qwen15b-npu3,
1782563475.7945843,200,147.85829100037517,qwen15b-npu7,
1782563475.794863,200,144.32915600082197,qwen15b-npu7,
1782563475.8050287,200,122.95144900053856,qwen15b-npu5,
1782563475.8069475,200,125.15782800073794,qwen15b-npu4,
1782563475.8072665,200,131.8402889992285,qwen15b-npu4,
1782563475.8086107,200,131.01578500027244,qwen15b-npu6,
1782563475.809089,200,147.78060099888535,qwen15b-npu6,
1782563475.8208275,200,143.51697200072522,qwen15b-npu7,
1782563475.8232002,200,128.68428399997356,qwen15b-npu3,
1782563475.8236132,200,147.74272100112285,qwen15b-npu3,
1782563475.830771,200,124.9066380005388,qwen15b-npu4,
1782563475.8310525,200,124.87487700127531,qwen15b-npu5,
1782563475.8337305,200,131.95700899996154,qwen15b-npu6,
1782563475.8492484,200,128.52807399940502,qwen15b-npu7,
1782563475.8496194,200,148.19468299901928,qwen15b-npu7,
1782563475.8503072,200,142.50081699901784,qwen15b-npu3,
1782563475.8562112,200,120.68684800033225,qwen15b-npu4,
1782563475.856828,200,129.61034900035884,qwen15b-npu5,
1782563475.8600745,200,133.15230500120379,qwen15b-npu6,
1782563475.8756192,200,139.38512300046568,qwen15b-npu7,
1782563475.8784735,200,142.60847700097656,qwen15b-npu3,
1782563475.8813186,200,128.31809299859742,qwen15b-npu4,
1782563475.882614,200,133.1190750006499,qwen15b-npu5,
1782563475.887947,200,123.4138299987535,qwen15b-npu6,
1782563475.8888047,200,139.6619440001814,qwen15b-npu6,
1782563475.9032207,200,140.85271000112698,qwen15b-npu7,
1782563475.903521,200,118.21631699967838,qwen15b-npu7,
1782563475.9064374,200,152.3545620002551,qwen15b-npu3,
1782563475.9080706,200,113.12567400091211,qwen15b-npu5,
1782563475.9084444,200,131.79798900091555,qwen15b-npu5,
1782563475.9093049,200,114.66103000020667,qwen15b-npu4,
1782563475.910457,200,132.00493000113056,qwen15b-npu4,
1782563475.9147944,200,121.19118000009621,qwen15b-npu6,
1782563475.928666,200,121.2587199988775,qwen15b-npu7,
1782563475.9322212,200,123.50705100107007,qwen15b-npu5,
1782563475.9329638,200,123.77307199858478,qwen15b-npu4,
1782563475.9356487,200,130.534683001315,qwen15b-npu3,
1782563475.9359975,200,151.23316700010037,qwen15b-npu3,
1782563475.9409943,200,133.9621380011522,qwen15b-npu6,
1782563475.95708,200,133.34944599955634,qwen15b-npu7,
1782563475.959342,200,128.49454400020477,qwen15b-npu4,
1782563475.9605398,200,129.37506699927326,qwen15b-npu5,
1782563475.9646847,200,143.77175300069212,qwen15b-npu3,
1782563475.965092,200,131.26356599968858,qwen15b-npu3,
1782563475.9683037,200,144.96549900104583,qwen15b-npu6,
1782563475.96869,200,118.29875700095727,qwen15b-npu6,
1782563475.9851072,200,128.8065450007707,qwen15b-npu4,
1782563475.9854531,200,136.10682800026552,qwen15b-npu7,
1782563475.9857447,200,136.03606799915724,qwen15b-npu5,
1782563475.985974,200,125.84237200098869,qwen15b-npu7,
1782563475.9927776,200,135.8907680005359,qwen15b-npu3,
1782563475.9969769,200,121.26689099932264,qwen15b-npu6,
1782563476.0110893,200,123.06251900008647,qwen15b-npu7,
1782563476.011519,200,130.12086099843145,qwen15b-npu4,
1782563476.0119212,200,133.3779760007019,qwen15b-npu5,
1782563476.0212662,200,132.3556709994591,qwen15b-npu6,
1782563476.0218406,200,139.09703199897194,qwen15b-npu3,
1782563476.036388,200,128.2139630002348,qwen15b-npu7,
1782563476.0381148,200,128.7036049998278,qwen15b-npu5,
1782563476.0384202,200,135.1154439998936,qwen15b-npu4,
1782563476.0386493,200,135.01433300007193,qwen15b-npu5,
1782563476.0389721,200,128.41337399913755,qwen15b-npu4,
1782563476.0480316,200,139.48916399931477,qwen15b-npu6,
1782563476.0516784,200,136.7885510007909,qwen15b-npu3,
1782563476.0521193,200,145.585131000189,qwen15b-npu3,
1782563476.0625412,200,130.2483419985947,qwen15b-npu5,
1782563476.0638518,200,122.76259800091793,qwen15b-npu7,
1782563476.0642006,200,128.45054299941694,qwen15b-npu4,
1782563476.064574,200,135.84098699902825,qwen15b-npu7,
1782563476.0735376,200,140.47044899962202,qwen15b-npu6,
1782563476.0787134,200,142.6011080002354,qwen15b-npu3,
1782563476.0882316,200,127.6383899985376,qwen15b-npu4,
1782563476.0897958,200,121.38703099844861,qwen15b-npu5,
1782563476.0900645,200,124.89637799990305,qwen15b-npu7,
1782563476.090586,200,133.40872600019793,qwen15b-npu5,
1782563476.1017902,200,142.3584269996354,qwen15b-npu6,
1782563476.102069,200,133.31610499881208,qwen15b-npu6,
1782563476.1062067,200,141.40834200043173,qwen15b-npu3,
1782563476.1150796,200,129.5504580011766,qwen15b-npu5,
1782563476.1154463,200,118.37872800060723,qwen15b-npu4,
1782563476.115747,200,130.51815300059388,qwen15b-npu4,
1782563476.1168709,200,130.8135939998465,qwen15b-npu7,
1782563476.1277065,200,134.87198300026648,qwen15b-npu6,
1782563476.1351783,200,149.36941900123202,qwen15b-npu3,
1782563476.1407008,200,118.79068999951414,qwen15b-npu4,
1782563476.1410663,200,129.43989799896372,qwen15b-npu5,
1782563476.1432889,200,131.23171600091155,qwen15b-npu7,
1782563476.154808,200,133.46159699904092,qwen15b-npu6,
1782563476.1657844,200,154.56456299943966,qwen15b-npu3,
1782563476.1664217,200,129.93943099900207,qwen15b-npu3,
1782563476.168662,200,129.60091899913095,qwen15b-npu5,
1782563476.1689792,200,130.50111300071876,qwen15b-npu4,
1782563476.1693552,200,117.1595720006735,qwen15b-npu5,
1782563476.1708946,200,119.0792910001619,qwen15b-npu7,
1782563476.1714368,200,133.2327849995636,qwen15b-npu7,
1782563476.18239,200,143.64210200074012,qwen15b-npu6,
1782563476.1930068,200,128.35988299957535,qwen15b-npu3,
1782563476.1933172,200,145.2189100000396,qwen15b-npu3,
1782563476.1945772,200,120.94299900127226,qwen15b-npu5,
1782563476.1950743,200,130.77151399920695,qwen15b-npu4,
1782563476.1967475,200,132.79955300095025,qwen15b-npu7,
1782563476.2094748,200,130.6424429985782,qwen15b-npu6,
1782563476.2098653,200,147.2233589993266,qwen15b-npu6,
1782563476.2198942,200,129.19433600109187,qwen15b-npu5,
1782563476.220248,200,131.93512900033966,qwen15b-npu4,
1782563476.2209888,200,131.1156050014688,qwen15b-npu3,
1782563476.2217674,200,119.64090399851557,qwen15b-npu4,
1782563476.22587,200,135.73988699863548,qwen15b-npu7,
1782563476.2363803,200,120.8641789999092,qwen15b-npu6,
1782563476.237229,200,135.3462050010421,qwen15b-npu6,
1782563476.2449076,200,127.97074099944439,qwen15b-npu4,
1782563476.2456028,200,129.7806490001676,qwen15b-npu5,
1782563476.249046,200,142.78176900006656,qwen15b-npu3,
1782563476.2544885,200,119.21409199931077,qwen15b-npu7,
1782563476.2548766,200,139.67330400009814,qwen15b-npu7,
1782563476.2624571,200,121.62781300139613,qwen15b-npu6,
1782563476.2705264,200,127.16445800106158,qwen15b-npu4,
1782563476.270829,200,129.69485900066502,qwen15b-npu5,
1782563476.2779572,200,150.16327199919033,qwen15b-npu3,
1782563476.2898195,200,120.77268900065974,qwen15b-npu6,
1782563476.2963512,200,127.58978000056231,qwen15b-npu4,
1782563476.2974987,200,130.99114500073483,qwen15b-npu5,
1782563476.2977543,200,126.74335600058839,qwen15b-npu5,
1782563476.3085246,200,139.08930199977476,qwen15b-npu3,
1782563476.3089209,200,154.0597599996545,qwen15b-npu3,
1782563476.3095417,200,137.99659699907352,qwen15b-npu7,
1782563476.3102508,200,144.41045600142388,qwen15b-npu7,
1782563476.3187156,200,136.18572799896356,qwen15b-npu6,
1782563476.319045,200,122.20589499884227,qwen15b-npu6,
1782563476.3219793,200,112.37246000018786,qwen15b-npu4,
1782563476.3226726,200,127.48850899879471,qwen15b-npu5,
1782563476.3230426,200,129.94351999986975,qwen15b-npu4,
1782563476.3370605,200,142.35741700031213,qwen15b-npu7,
1782563476.3374076,200,144.0204040009121,qwen15b-npu3,
1782563476.345677,200,125.68078099866398,qwen15b-npu6,
1782563476.347096,200,125.21761799871456,qwen15b-npu4,
1782563476.3474882,200,126.43201399987447,qwen15b-npu5,
1782563476.3653448,200,145.02133899986802,qwen15b-npu7,
1782563476.3661363,200,129.68357900172123,qwen15b-npu7,
1782563476.3667915,200,140.82804999998189,qwen15b-npu3,
1782563476.367043,200,157.11185399959504,qwen15b-npu3,
1782563476.3721418,200,127.13300700124819,qwen15b-npu6,
1782563476.373741,200,136.40630900044926,qwen15b-npu5,
1782563476.3742044,200,119.26190199847042,qwen15b-npu5,
1782563476.3752475,200,129.57928800096852,qwen15b-npu4,
1782563476.392731,200,138.13215800109901,qwen15b-npu7,
1782563476.3940468,200,144.89596900057222,qwen15b-npu3,
1782563476.3979192,200,127.31685799917614,qwen15b-npu4,
1782563476.4031794,200,140.6238689996826,qwen15b-npu6,
1782563476.420676,200,142.6231679997727,qwen15b-npu7,
1782563476.4220808,200,151.18697699836048,qwen15b-npu3,
1782563476.4239218,200,113.57755599965458,qwen15b-npu4,
1782563476.4254868,200,135.59889599855524,qwen15b-npu5,
1782563476.4258418,200,128.0188110013114,qwen15b-npu4,
1782563476.4263537,200,117.36002300131076,qwen15b-npu5,
1782563476.4276106,200,131.1275560001377,qwen15b-npu6,
1782563476.4487834,200,126.71011500060558,qwen15b-npu4,
1782563476.4496872,200,126.90108600145322,qwen15b-npu5,
1782563476.4507866,200,142.12182499977644,qwen15b-npu7,
1782563476.451956,200,132.83768399924156,qwen15b-npu7,
1782563476.4526553,200,155.07804499975464,qwen15b-npu3,
1782563476.4531696,200,134.35544999993,qwen15b-npu3,
1782563476.455292,200,132.17630100007227,qwen15b-npu6,
1782563476.4560816,200,146.4788449993648,qwen15b-npu6,
1782563476.4747796,200,127.54872900040937,qwen15b-npu4,
1782563476.475169,200,129.42421800107695,qwen15b-npu5,
1782563476.4765215,200,139.04837100017176,qwen15b-npu7,
1782563476.479131,200,141.96717499908118,qwen15b-npu3,
1782563476.4817197,200,134.16598000003432,qwen15b-npu6,
1782563476.4998324,200,127.62788999862096,qwen15b-npu4,
1782563476.500539,200,125.1917779991345,qwen15b-npu5,
1782563476.501309,200,135.84598700072092,qwen15b-npu5,
1782563476.5049703,200,131.0915459998796,qwen15b-npu7,
1782563476.5054455,200,138.5890899982769,qwen15b-npu7,
1782563476.5088136,200,134.47405099941534,qwen15b-npu3,
1782563476.5092227,200,142.97224999972968,qwen15b-npu3,
1782563476.5101933,200,143.08917999915138,qwen15b-npu6,
1782563476.5258136,200,131.6638980006246,qwen15b-npu4,
1782563476.5317707,200,128.51081299959333,qwen15b-npu7,
1782563476.536008,200,143.20824099922902,qwen15b-npu6,
1782563476.536749,200,138.72807000007015,qwen15b-npu3,
1782563476.551266,200,125.66787100149668,qwen15b-npu5,
1782563476.5515594,200,130.78593399950478,qwen15b-npu5,
1782563476.5518377,200,127.80660099997476,qwen15b-npu4,
1782563476.5592885,200,132.82743299896538,qwen15b-npu7,
1782563476.5639577,200,141.77888500125846,qwen15b-npu6,
1782563476.5642872,200,136.5784800000256,qwen15b-npu6,
1782563476.5649374,200,138.98529099969892,qwen15b-npu3,
1782563476.5765772,200,124.49691600158985,qwen15b-npu5,
1782563476.5781944,200,125.43182999979763,qwen15b-npu4,
1782563476.5787883,200,129.85195000146632,qwen15b-npu4,
1782563476.5871422,200,136.18511899949226,qwen15b-npu7,
1782563476.5879953,200,131.8149690014252,qwen15b-npu7,
1782563476.5904825,200,137.2064129991486,qwen15b-npu6,
1782563476.5942225,200,144.4679960004578,qwen15b-npu3,
1782563476.5949607,200,139.57049399868993,qwen15b-npu3,
1782563476.602612,200,125.9916120015987,qwen15b-npu4,
1782563476.6034534,200,128.57207399974868,qwen15b-npu5,
1782563476.6149185,200,133.13550499879057,qwen15b-npu7,
1782563476.619784,200,144.49215599961462,qwen15b-npu6,
1782563476.623727,200,144.5224259987299,qwen15b-npu3,
1782563476.6304474,200,120.18486600027245,qwen15b-npu4,
1782563476.631167,200,122.2430149991851,qwen15b-npu5,
1782563476.6316185,200,130.20567199964717,qwen15b-npu4,
1782563476.6319885,200,132.09249000101408,qwen15b-npu5,
1782563476.6427445,200,137.1874240012403,qwen15b-npu7,
1782563476.648925,200,139.59263499964436,qwen15b-npu6,
1782563476.6491625,200,148.55176499986555,qwen15b-npu6,
1782563476.6540873,200,117.9891760002647,qwen15b-npu5,
1782563476.6554236,200,150.29299299931154,qwen15b-npu3,
1782563476.6559443,200,130.02792000042973,qwen15b-npu3,
1782563476.6710875,200,139.22778199957975,qwen15b-npu7,
1782563476.677721,200,140.89043000058155,qwen15b-npu6,
1782563476.6796803,200,120.29688599977817,qwen15b-npu5,
1782563476.6809056,200,115.88197699893499,qwen15b-npu4,
1782563476.6815732,200,130.2264619989728,qwen15b-npu4,
1782563476.6825619,200,130.6603430002724,qwen15b-npu3,
1782563476.7000513,200,123.39476099987223,qwen15b-npu7,
1782563476.7006547,200,149.00451699941186,qwen15b-npu7,
1782563476.705966,200,118.7572300004831,qwen15b-npu4,
1782563476.7069292,200,128.08589199994458,qwen15b-npu6,
1782563476.7078562,200,143.8070330004848,qwen15b-npu6,
1782563476.7082174,200,129.96466000004148,qwen15b-npu5,
1782563476.7120926,200,147.73960200000147,qwen15b-npu3,
1782563476.7271636,200,136.61684100043203,qwen15b-npu7,
1782563476.7320614,200,129.32861699846399,qwen15b-npu4,
1782563476.732872,200,113.02947399963159,qwen15b-npu5,
1782563476.7334733,200,139.18536299934203,qwen15b-npu5,
1782563476.7381842,200,143.15257999987807,qwen15b-npu6,
1782563476.7404923,200,152.40766299939423,qwen15b-npu3,
1782563476.741236,200,137.6967460000742,qwen15b-npu3,
1782563476.7551265,200,123.39056100063317,qwen15b-npu7,
1782563476.7560418,200,141.03678100036632,qwen15b-npu7,
1782563476.7579563,200,126.66251600057876,qwen15b-npu5,
1782563476.7596226,200,129.06456599921512,qwen15b-npu4,
1782563476.763979,200,140.20173700009764,qwen15b-npu6,
1782563476.769762,200,137.7024059984251,qwen15b-npu3,
1782563476.7826505,200,127.07750700064935,qwen15b-npu7,
1782563476.7844636,200,135.22905399986485,qwen15b-npu4,
1782563476.7848513,200,113.64146599953528,qwen15b-npu4,
1782563476.7857761,200,131.58427700000175,qwen15b-npu5,
1782563476.7926867,200,149.874810998881,qwen15b-npu6,
1782563476.7930398,200,136.98192199990444,qwen15b-npu6,
1782563476.7993627,200,150.37438299987116,qwen15b-npu3,
1782563476.8095345,200,126.87552599891205,qwen15b-npu4,
1782563476.8105702,200,129.59762900027272,qwen15b-npu5,
1782563476.8115618,200,131.81304799945792,qwen15b-npu7,
1782563476.819723,200,138.07796800028882,qwen15b-npu6,
1782563476.829029,200,128.87886600037746,qwen15b-npu3,
1782563476.8293204,200,151.4990380001109,qwen15b-npu3,
1782563476.834962,200,127.0252670001355,qwen15b-npu4,
1782563476.8371696,200,131.13982600043528,qwen15b-npu5,
1782563476.8381662,200,137.4456840003404,qwen15b-npu7,
1782563476.8385177,200,126.32858399956604,qwen15b-npu7,
1782563476.8457067,200,138.71154099979321,qwen15b-npu6,
1782563476.8574288,200,149.09465799973987,qwen15b-npu3,
1782563476.8618665,200,128.89471600101388,qwen15b-npu4,
1782563476.8644588,200,137.2176139993826,qwen15b-npu5,
1782563476.8647025,200,124.14489399998274,qwen15b-npu5,
1782563476.865365,200,127.11449800008268,qwen15b-npu7,
1782563476.8735209,200,141.3566119990719,qwen15b-npu6,
1782563476.874216,200,132.87593399945763,qwen15b-npu6,
1782563476.8870518,200,153.5121369997796,qwen15b-npu3,
1782563476.8873854,200,131.23949599867046,qwen15b-npu3,
1782563476.8885546,200,133.3472559999791,qwen15b-npu4,
1782563476.8889449,200,119.1161610004201,qwen15b-npu4,
1782563476.8900287,200,130.31028200020955,qwen15b-npu5,
1782563476.8923585,200,134.3369000005623,qwen15b-npu7,
1782563476.9006872,200,136.64289000007557,qwen15b-npu6,
1782563476.9127035,200,119.91855499945814,qwen15b-npu4,
1782563476.915568,200,132.8027330000623,qwen15b-npu3,
1782563476.9164467,200,131.48447700041288,qwen15b-npu5,
1782563476.9192762,200,134.6954820000974,qwen15b-npu7,
1782563476.9200509,200,120.62317799973243,qwen15b-npu7,
1782563476.9272957,200,141.4158520001365,qwen15b-npu6,
1782563476.9402497,200,128.61850399895047,qwen15b-npu4,
1782563476.9436362,200,134.03526799993415,qwen15b-npu5,
1782563476.9442797,200,151.1683360004099,qwen15b-npu3,
1782563476.9550955,200,144.4266870003048,qwen15b-npu6,
1782563476.9554968,200,120.46832700070809,qwen15b-npu6,
1782563476.9665744,200,129.33965800039005,qwen15b-npu4,
1782563476.9711025,200,141.7158139993262,qwen15b-npu5,
1782563476.9713733,200,125.60327000028337,qwen15b-npu5,
1782563476.9722552,200,133.667467000123,qwen15b-npu7,
1782563476.972532,200,143.43251200079976,qwen15b-npu7,
1782563476.974337,200,154.54931199928978,qwen15b-npu3,
1782563476.9746442,200,136.4108790003229,qwen15b-npu3,
1782563476.9809856,200,119.02337100036675,qwen15b-npu6,
1782563476.9935982,200,119.97176499971829,qwen15b-npu4,
1782563476.9939892,200,136.4563299994188,qwen15b-npu4,
1782563476.997797,200,132.3670919991855,qwen15b-npu5,
1782563476.9983187,200,133.54637699922023,qwen15b-npu7,
1782563477.0025983,200,138.072887000817,qwen15b-npu3,
1782563477.0110104,200,136.72506200055068,qwen15b-npu6,
1782563477.011514,200,121.41807199986943,qwen15b-npu6,
1782563477.0184119,200,129.39752800048154,qwen15b-npu4,
1782563477.0239515,200,135.29011399987212,qwen15b-npu5,
1782563477.0272622,200,140.11554599892406,qwen15b-npu7,
1782563477.0279334,200,127.15017699883902,qwen15b-npu7,
1782563477.0328405,200,140.38531799997145,qwen15b-npu3,
1782563477.033126,200,145.6694520002202,qwen15b-npu3,
1782563477.0368023,200,120.28781699882529,qwen15b-npu6,
1782563477.045149,200,129.4765490001737,qwen15b-npu4,
1782563477.0498555,200,137.0876130004035,qwen15b-npu5,
1782563477.0501113,200,122.7250970005116,qwen15b-npu5,
1782563477.055247,200,135.1269040005718,qwen15b-npu7,
1782563477.0609586,200,141.5717029994994,qwen15b-npu3,
1782563477.0653288,200,121.59049199908623,qwen15b-npu6,
1782563477.0704584,200,130.12869200065325,qwen15b-npu4,
1782563477.0747497,200,119.181281001147,qwen15b-npu5,
1782563477.0833101,200,128.1044320003275,qwen15b-npu7,
1782563477.0894806,200,145.13842900123564,qwen15b-npu3,
1782563477.0973034,200,122.89744900044752,qwen15b-npu4,
1782563477.0976696,200,131.03053499980888,qwen15b-npu4,
1782563477.0996099,200,128.43506300123408,qwen15b-npu5,
1782563477.1111653,200,138.5765300001367,qwen15b-npu7,
1782563477.1172338,200,142.50520700079505,qwen15b-npu6,
1782563477.1178842,200,146.44052499897953,qwen15b-npu6,
1782563477.118919,200,146.56828599981964,qwen15b-npu3,
1782563477.1197402,200,138.69040999998106,qwen15b-npu3,
1782563477.121718,200,123.86360200071067,qwen15b-npu4,
1782563477.127203,200,133.12661400050274,qwen15b-npu5,
1782563477.1275566,200,115.96438699962164,qwen15b-npu5,
1782563477.1391046,200,145.39719999993395,qwen15b-npu7,
1782563477.1397536,200,128.63716399988334,qwen15b-npu7,
1782563477.1453478,200,121.3296910009376,qwen15b-npu6,
1782563477.145889,200,147.51427999908628,qwen15b-npu6,
1782563477.1470795,200,144.39960599884216,qwen15b-npu3,
1782563477.149803,200,116.62040000010165,qwen15b-npu4,
1782563477.1501737,200,131.69929900141142,qwen15b-npu4,
1782563477.1511698,200,118.25405700074043,qwen15b-npu5,
1782563477.1658418,200,137.82595599877823,qwen15b-npu7,
1782563477.1710615,200,134.1671000009228,qwen15b-npu6,
1782563477.172815,200,117.51380399982736,qwen15b-npu4,
1782563477.1764934,200,126.32804399981978,qwen15b-npu5,
1782563477.1772854,200,132.05879000088316,qwen15b-npu3,
1782563477.1775308,200,150.18622199931997,qwen15b-npu3,
1782563477.1934752,200,143.5608219999267,qwen15b-npu7,
1782563477.194086,200,123.578060998625,qwen15b-npu7,
1782563477.198169,200,114.80628199933562,qwen15b-npu4,
1782563477.1988676,200,137.854516000516,qwen15b-npu6,
1782563477.202395,200,127.59472000107053,qwen15b-npu5,
1782563477.2051294,200,139.74805399993784,qwen15b-npu3,
1782563477.2210898,200,123.35609999900043,qwen15b-npu7,
1782563477.2240903,200,112.8591430006054,qwen15b-npu4,
1782563477.2253625,200,135.83170700076153,qwen15b-npu6,
1782563477.2272391,200,127.55825000022014,qwen15b-npu5,
1782563477.2340803,200,136.6774109992548,qwen15b-npu3,
1782563477.2537057,200,131.9190289996186,qwen15b-npu4,
1782563477.257425,200,138.3758289994148,qwen15b-npu7,
1782563477.2610683,200,141.25653199880617,qwen15b-npu5,
1782563477.2616081,200,121.78930300069624,qwen15b-npu5,
1782563477.262935,200,135.63858600173262,qwen15b-npu6,
1782563477.2636108,200,146.32337500006543,qwen15b-npu6,
1782563477.2726438,200,154.66824299983273,qwen15b-npu3,
1782563477.2729688,200,145.35428099952696,qwen15b-npu3,
1782563477.2803962,200,129.1469860007055,qwen15b-npu4,
1782563477.2807605,200,135.3482949998579,qwen15b-npu4,
1782563477.2858813,200,146.67036600076244,qwen15b-npu7,
1782563477.2861297,200,136.22056799977145,qwen15b-npu7,
1782563477.286674,200,136.4278999990347,qwen15b-npu5,
1782563477.288358,200,142.40797699858376,qwen15b-npu6,
1782563477.301406,200,154.23043099872302,qwen15b-npu3,
1782563477.3046744,200,128.1164419997367,qwen15b-npu4,
1782563477.3116753,200,134.32488000034937,qwen15b-npu5,
1782563477.3122737,200,139.36254300097062,qwen15b-npu7,
1782563477.3168876,200,150.9838559995842,qwen15b-npu6,
1782563477.317409,200,139.8084150005161,qwen15b-npu6,
1782563477.329909,200,131.66677800109028,qwen15b-npu4,
1782563477.3312845,200,137.73653600037505,qwen15b-npu3,
1782563477.332214,200,161.04800200082536,qwen15b-npu3,
1782563477.3372045,200,138.26394799980335,qwen15b-npu5,
1782563477.33876,200,144.60673599933216,qwen15b-npu7,
1782563477.3418176,200,139.35645300080068,qwen15b-npu6,
1782563477.3552408,200,131.0506850004458,qwen15b-npu4,
1782563477.3600428,200,154.84695300074236,qwen15b-npu3,
1782563477.3620546,200,136.62929000020085,qwen15b-npu5,
1782563477.3658397,200,144.65053800086025,qwen15b-npu7,
1782563477.3697157,200,142.4114470009954,qwen15b-npu6,
1782563477.3819652,200,124.47317599981034,qwen15b-npu4,
1782563477.3888028,200,115.75918599919532,qwen15b-npu5,
1782563477.3892288,200,128.0886320000718,qwen15b-npu5,
1782563477.3900716,200,155.8905390011205,qwen15b-npu3,
1782563477.393735,200,139.91825500124833,qwen15b-npu7,
1782563477.3941193,200,130.37182199877861,qwen15b-npu7,
1782563477.3961105,200,134.43712099979166,qwen15b-npu6,
1782563477.4074845,200,134.7664029999578,qwen15b-npu4,
1782563477.4080508,200,121.84923300083028,qwen15b-npu4,
1782563477.4127324,200,124.31223500061606,qwen15b-npu5,
1782563477.4205372,200,134.588900999006,qwen15b-npu7,
1782563477.4208486,200,140.02008600073168,qwen15b-npu3,
1782563477.4213336,200,158.31875999901968,qwen15b-npu3,
1782563477.425334,200,144.8383280003327,qwen15b-npu6,
1782563477.426019,200,139.28259299973433,qwen15b-npu6,
1782563477.4323866,200,120.64522800028499,qwen15b-npu4,
1782563477.4382486,200,121.28538100114383,qwen15b-npu5,
1782563477.447981,200,143.20755100015958,qwen15b-npu7,
1782563477.4482276,200,118.2504570006131,qwen15b-npu7,
1782563477.4495218,200,148.01031299975875,qwen15b-npu3,
1782563477.449939,200,132.46608200097398,qwen15b-npu3,
1782563477.4524772,200,120.13882599967474,qwen15b-npu6,
1782563477.4529407,200,140.59910899959505,qwen15b-npu6,
1782563477.458312,200,126.96002699885867,qwen15b-npu4,
1782563477.46365,200,126.34885399893392,qwen15b-npu5,
1782563477.474572,200,132.68474199867342,qwen15b-npu7,
1782563477.4774134,200,138.5884689989325,qwen15b-npu3,
1782563477.4782722,200,118.16643700149143,qwen15b-npu6,
1782563477.4843085,200,129.0040260009846,qwen15b-npu4,
1782563477.4894032,200,127.2828679993836,qwen15b-npu5,
1782563477.5015907,200,131.7797680003423,qwen15b-npu7,
1782563477.506883,200,140.93854000020656,qwen15b-npu3,
1782563477.5107753,200,128.74273499983246,qwen15b-npu4,
1782563477.5110638,200,116.83717099913338,qwen15b-npu4,
1782563477.5277548,200,133.91538799987757,qwen15b-npu7,
1782563477.5319295,200,143.0103999991843,qwen15b-npu6,
1782563477.532623,200,136.41726000059862,qwen15b-npu6,
1782563477.5350811,200,145.69448200018087,qwen15b-npu5,
1782563477.5364337,200,115.46036499930779,qwen15b-npu4,
1782563477.5373194,200,129.21156700031133,qwen15b-npu3,
1782563477.5377264,200,147.57997000015166,qwen15b-npu3,
1782563477.5554533,200,142.63740800015512,qwen15b-npu7,
1782563477.5561736,200,130.086160999781,qwen15b-npu7,
1782563477.559743,200,139.12410199918668,qwen15b-npu6,
1782563477.5602515,200,121.93954400026996,qwen15b-npu6,
1782563477.5624561,200,112.40804099907109,qwen15b-npu4,
1782563477.5627472,200,130.28864199986856,qwen15b-npu4,
1782563477.563552,200,155.97135899952264,qwen15b-npu5,
1782563477.5644586,200,143.01634000003105,qwen15b-npu5,
1782563477.5654776,200,140.07662599942705,qwen15b-npu3,
1782563477.582575,200,118.83712000053492,qwen15b-npu7,
1782563477.5828605,200,133.22270500066224,qwen15b-npu7,
1782563477.5856783,200,133.05202399897098,qwen15b-npu6,
1782563477.587325,200,112.63969199899293,qwen15b-npu4,
1782563477.5947945,200,146.74235700113059,qwen15b-npu3,
1782563477.5951548,200,136.78393100053654,qwen15b-npu3,
1782563477.608981,200,119.51043299995945,qwen15b-npu7,
1782563477.6130943,200,111.43936600092275,qwen15b-npu4,
1782563477.6143744,200,136.88870199985104,qwen15b-npu6,
1782563477.6147387,200,136.40054899951792,qwen15b-npu5,
1782563477.6150126,200,161.98307599916006,qwen15b-npu5,
1782563477.616295,200,168.00421299922164,qwen15b-npu5,
1782563477.6235054,200,139.09439199960616,qwen15b-npu3,
1782563477.6388702,200,127.75096999939706,qwen15b-npu5,
1782563477.6392322,200,132.23670099978335,qwen15b-npu6,
1782563477.652792,200,141.9181250003021,qwen15b-npu3,
1782563477.6636226,200,128.40376300118805,qwen15b-npu5,
1782563477.6646695,200,132.67669299966656,qwen15b-npu4,
1782563477.6650293,200,127.58682999992743,qwen15b-npu4,
1782563477.6660128,200,128.17288199948962,qwen15b-npu7,
1782563477.6664553,200,138.62327999959234,qwen15b-npu7,
1782563477.6674984,200,134.77763199989568,qwen15b-npu6,
1782563477.681849,200,145.29398000013316,qwen15b-npu3,
1782563477.6890838,200,126.55433499821811,qwen15b-npu4,
1782563477.6902416,200,127.40300899895374,qwen15b-npu5,
1782563477.690561,200,134.31743999899481,qwen15b-npu5,
1782563477.6913135,200,130.9992250007781,qwen15b-npu7,
1782563477.6919942,200,126.42618400059291,qwen15b-npu7,
1782563477.6962466,200,140.69198000106553,qwen15b-npu6,
1782563477.696832,200,133.17726500099525,qwen15b-npu6,
1782563477.7114584,200,146.9308080013434,qwen15b-npu3,
1782563477.7117002,200,151.88963999935368,qwen15b-npu3,
1782563477.7145624,200,128.78361500042956,qwen15b-npu5,
1782563477.715616,200,132.6577929994528,qwen15b-npu4,
1782563477.7161355,200,120.85265899986553,qwen15b-npu4,
1782563477.719616,200,124.73638700066658,qwen15b-npu7,
1782563477.7213745,200,138.72307100064063,qwen15b-npu6,
1782563477.7398925,200,124.80604699885589,qwen15b-npu4,
1782563477.7408993,200,153.46421700087376,qwen15b-npu3,
1782563477.7444487,200,120.87353999959305,qwen15b-npu5,
1782563477.744711,200,131.5524980000191,qwen15b-npu5,
1782563477.745503,200,130.69048299985297,qwen15b-npu7,
1782563477.7515306,200,142.45338699947752,qwen15b-npu6,
1782563477.7518668,200,135.47133499923802,qwen15b-npu6,
1782563477.765995,200,113.10103299911134,qwen15b-npu4,
1782563477.7705877,200,156.10462899894628,qwen15b-npu3,
1782563477.7708976,200,131.9430799994734,qwen15b-npu3,
1782563477.7723088,200,132.95563400060928,qwen15b-npu7,
1782563477.7911682,200,123.56716199974471,qwen15b-npu4,
1782563477.7929351,200,128.1613319988537,qwen15b-npu5,
1782563477.7990234,200,132.49113100027898,qwen15b-npu7,
1782563477.7993054,200,134.20358000075794,qwen15b-npu3,
1782563477.8039372,200,137.82287599860865,qwen15b-npu6,
1782563477.8041875,200,140.46145800057275,qwen15b-npu6,
1782563477.8158956,200,125.57795999964583,qwen15b-npu4,
1782563477.819892,200,137.94392599993444,qwen15b-npu5,
1782563477.8202634,200,128.88479600042047,qwen15b-npu5,
1782563477.827777,200,130.8752139993885,qwen15b-npu7,
1782563477.8282025,200,137.56701500096824,qwen15b-npu7,
1782563477.8297248,200,140.52792800066527,qwen15b-npu3,
1782563477.830043,200,133.73145700097666,qwen15b-npu3,
1782563477.83102,200,138.95923099880747,qwen15b-npu6,
1782563477.8312554,200,119.721594001021,qwen15b-npu6,
1782563477.8421173,200,130.34994199915673,qwen15b-npu4,
1782563477.8423817,200,122.66416700003901,qwen15b-npu4,
1782563477.8444867,200,129.82663000002503,qwen15b-npu5,
1782563477.8545122,200,138.30985899949155,qwen15b-npu7,
1782563477.857428,200,135.98543800071639,qwen15b-npu6,
1782563477.8586903,200,143.0086799991841,qwen15b-npu3,
1782563477.8669062,200,122.38541600163444,qwen15b-npu4,
1782563477.870392,200,130.39883300007205,qwen15b-npu5,
1782563477.8706388,200,118.68937899998855,qwen15b-npu5,
1782563477.8809538,200,136.17486899966025,qwen15b-npu7,
1782563477.8833065,200,137.70609500170394,qwen15b-npu6,
1782563477.889033,200,148.02351199978148,qwen15b-npu3,
1782563477.8893638,200,137.73342599961325,qwen15b-npu3,
1782563477.8927321,200,122.06073400011519,qwen15b-npu4,
1782563477.8946679,200,122.26885500058415,qwen15b-npu5,
1782563477.9077036,200,141.62042299903987,qwen15b-npu7,
1782563477.9107978,200,139.8375950011541,qwen15b-npu6,
1782563477.9176967,200,118.31731799975387,qwen15b-npu4,
1782563477.9197912,200,115.79533600161085,qwen15b-npu5,
1782563477.9355273,200,142.52336800018384,qwen15b-npu7,
1782563477.9362574,200,120.29600700043375,qwen15b-npu7,
1782563477.938137,200,139.02862100076163,qwen15b-npu6,
1782563477.9388218,200,118.49409900059982,qwen15b-npu6,
1782563477.9439766,200,113.86580699945625,qwen15b-npu4,
1782563477.9442697,200,124.27429399940593,qwen15b-npu4,
1782563477.9452293,200,140.9634109986655,qwen15b-npu3,
1782563477.9458897,200,154.5906629999081,qwen15b-npu3,
1782563477.9470594,200,115.7449859983899,qwen15b-npu5,
1782563477.947815,200,119.49726199964061,qwen15b-npu5,
1782563477.963356,200,120.90519900084473,qwen15b-npu7,
1782563477.9639196,200,134.10814000053506,qwen15b-npu7,
1782563477.9652712,200,134.19226000041817,qwen15b-npu6,
1782563477.9732063,200,115.72475600041798,qwen15b-npu5,
1782563477.9744146,200,129.8741600003268,qwen15b-npu4,
1782563477.975232,200,147.31495900014124,qwen15b-npu3,
1782563477.97554,200,133.35911500143993,qwen15b-npu3,
1782563477.9899933,200,123.03441899894096,qwen15b-npu7,
1782563477.9938302,200,123.11828900055843,qwen15b-npu6,
1782563477.9941177,200,139.5514940013527,qwen15b-npu6,
1782563477.998831,200,117.78021499958413,qwen15b-npu5,
1782563478.0006807,200,130.23143200007326,qwen15b-npu4,
1782563478.003135,200,144.3910460002371,qwen15b-npu3,
1782563478.0168977,200,127.77262999952654,qwen15b-npu7,
1782563478.0198436,200,127.05452800037165,qwen15b-npu6,
1782563478.0240636,200,129.33666800017818,qwen15b-npu5,
1782563478.026525,200,137.0826530001068,qwen15b-npu4,
1782563478.0323236,200,148.90979600022547,qwen15b-npu3,
1782563478.0435996,200,132.70554299924697,qwen15b-npu7,
1782563478.0464084,200,126.55492500016408,qwen15b-npu6,
1782563478.0493054,200,113.70919600085472,qwen15b-npu5,
1782563478.0520377,200,134.27420999869355,qwen15b-npu4,
1782563478.0608208,200,153.06398600114335,qwen15b-npu3,
1782563478.0707195,200,124.7454669992294,qwen15b-npu7,
1782563478.0709646,200,132.7445529987017,qwen15b-npu7,
1782563478.0750628,200,127.16332800118835,qwen15b-npu6,
1782563478.0758789,200,131.5542970005481,qwen15b-npu6,
1782563478.076356,200,112.36698999891814,qwen15b-npu5,
1782563478.0770025,200,132.9379439994227,qwen15b-npu5,
1782563478.079264,200,140.37638799891283,qwen15b-npu4,
1782563478.0795133,200,132.38196199927188,qwen15b-npu4,
1782563478.0797782,200,114.43721999967238,qwen15b-npu4,
1782563478.0914462,200,146.15719399989757,qwen15b-npu3,
1782563478.091727,200,128.29989300007583,qwen15b-npu3,
1782563478.0919824,200,155.63578699948266,qwen15b-npu3,
1782563478.0971215,200,123.84992300030717,qwen15b-npu7,
1782563478.1004667,200,125.98959199931414,qwen15b-npu6,
1782563478.1017556,200,126.45847500061791,qwen15b-npu5,
1782563478.1039622,200,113.89944800066587,qwen15b-npu4,
1782563478.1194599,200,143.85226299964415,qwen15b-npu3,
1782563478.125156,200,131.2577059998148,qwen15b-npu7,
1782563478.128349,200,129.45601899991743,qwen15b-npu5,
1782563478.1292589,200,128.51313399914943,qwen15b-npu4,
1782563478.1460683,200,151.88098999897193,qwen15b-npu6,
1782563478.1479135,200,144.70264699957625,qwen15b-npu3,
1782563478.151738,200,134.7766419985419,qwen15b-npu7,
1782563478.154599,200,130.4709729993192,qwen15b-npu5,
1782563478.1548858,200,128.29966299977968,qwen15b-npu4,
1782563478.1772013,200,144.7702580007899,qwen15b-npu3,
1782563478.177659,200,157.74626699931105,qwen15b-npu6,
1782563478.1785016,200,129.13222600036534,qwen15b-npu5,
1782563478.179768,200,127.6675899989641,qwen15b-npu4,
1782563478.1806674,200,119.78103399997053,qwen15b-npu7,
1782563478.1809015,200,137.20360299885215,qwen15b-npu7,
1782563478.2044318,200,125.099268001577,qwen15b-npu5,
1782563478.2047422,200,129.60356900111947,qwen15b-npu5,
1782563478.2069173,200,127.07646799935901,qwen15b-npu4,
1782563478.20761,200,131.18669600044086,qwen15b-npu4,
1782563478.2083356,200,132.38634099980118,qwen15b-npu7,
1782563478.2086627,200,131.58915700114449,qwen15b-npu3,
1782563478.2097242,200,138.68473999900743,qwen15b-npu3,
1782563478.2101645,200,163.69162299997697,qwen15b-npu6,
1782563478.2296038,200,132.4115619991062,qwen15b-npu5,
1782563478.2310238,200,130.49016299919458,qwen15b-npu4,
1782563478.234747,200,143.21903100062627,qwen15b-npu3,
1782563478.2358563,200,144.05831399926683,qwen15b-npu7,
1782563478.236078,200,134.2612200005533,qwen15b-npu7,
1782563478.2377946,200,158.2162890008476,qwen15b-npu6,
1782563478.2380254,200,167.23808999995526,qwen15b-npu6,
1782563478.2382767,200,146.22198399956687,qwen15b-npu6,
1782563478.2553189,200,130.0972909994016,qwen15b-npu5,
1782563478.2563243,200,127.91397100045288,qwen15b-npu4,
1782563478.26153,200,132.20845099931466,qwen15b-npu7,
1782563478.264078,200,144.54988600118668,qwen15b-npu3,
1782563478.2656145,200,161.58750400063582,qwen15b-npu6,
1782563478.2822847,200,130.4838430005475,qwen15b-npu5,
1782563478.282654,200,127.98528199891734,qwen15b-npu4,
1782563478.2897213,200,134.77104300000065,qwen15b-npu7,
1782563478.292436,200,144.45905600041442,qwen15b-npu3,
1782563478.2939367,200,147.80353199967067,qwen15b-npu6,
1782563478.308382,200,129.811738999706,qwen15b-npu5,
1782563478.3086152,200,128.78353599990078,qwen15b-npu4,
1782563478.316972,200,136.24044899916044,qwen15b-npu7,
1782563478.3210077,200,143.23063099982392,qwen15b-npu3,
1782563478.3255146,200,144.54276600008598,qwen15b-npu6,
1782563478.3263755,200,149.05132700005197,qwen15b-npu6,
1782563478.3351731,200,130.36108199958107,qwen15b-npu5,
1782563478.3355613,200,125.33891900056915,qwen15b-npu4,
1782563478.335946,200,128.27157299943792,qwen15b-npu4,
1782563478.336323,200,126.53594400035217,qwen15b-npu5,
1782563478.3449988,200,136.5862710008514,qwen15b-npu7,
1782563478.3539588,200,145.1960300000792,qwen15b-npu3,
1782563478.3552008,200,148.19739300037327,qwen15b-npu6,
1782563478.355518,200,151.01282599971455,qwen15b-npu3,
1782563478.3613224,200,125.17326900160697,qwen15b-npu4,
1782563478.3624022,200,126.47840499994345,qwen15b-npu5,
1782563478.3732371,200,142.14570600051957,qwen15b-npu7,
1782563478.3735924,200,135.24867499836546,qwen15b-npu7,
1782563478.3816128,200,143.5193920005986,qwen15b-npu3,
1782563478.381862,200,147.0475180012727,qwen15b-npu3,
1782563478.3845348,200,146.67768599974806,qwen15b-npu6,
1782563478.3848298,200,155.1374950013269,qwen15b-npu6,
1782563478.3878694,200,131.48453800022253,qwen15b-npu4,
1782563478.3880994,200,132.714692999798,qwen15b-npu5,
1782563478.399162,200,134.99062300070364,qwen15b-npu7,
1782563478.4093664,200,143.69699300004868,qwen15b-npu3,
1782563478.4122248,200,129.8493900012545,qwen15b-npu4,
1782563478.4128578,200,130.13825100097165,qwen15b-npu5,
1782563478.4139738,200,152.3788220001734,qwen15b-npu6,
1782563478.426553,200,134.05670899919642,qwen15b-npu7,
1782563478.437325,200,143.32503100013128,qwen15b-npu3,
1782563478.4384437,200,129.9975700003415,qwen15b-npu5,
1782563478.43879,200,130.10991099872626,qwen15b-npu4,
1782563478.442741,200,152.95903499827546,qwen15b-npu6,
1782563478.4521482,200,131.0809859987785,qwen15b-npu7,
1782563478.4633956,200,128.10228200032725,qwen15b-npu4,
1782563478.464563,200,138.0560070010688,qwen15b-npu5,
1782563478.4655676,200,120.47375799920701,qwen15b-npu5,
1782563478.4684217,200,132.364951999989,qwen15b-npu3,
1782563478.468679,200,143.09811000021,qwen15b-npu3,
1782563478.472475,200,136.03366800089134,qwen15b-npu6,
1782563478.4728744,200,155.8397580010933,qwen15b-npu6,
1782563478.4842808,200,148.60113600116165,qwen15b-npu7,
1782563478.4846015,200,129.31565700091596,qwen15b-npu7,
1782563478.4901776,200,136.09151800119434,qwen15b-npu4,
1782563478.4904914,200,117.18329299947072,qwen15b-npu4,
1782563478.491222,200,129.8281899998983,qwen15b-npu5,
1782563478.5000796,200,126.41843399978825,qwen15b-npu6,
1782563478.5003624,200,144.72237800146104,qwen15b-npu6,
1782563478.5046215,200,142.15359600166266,qwen15b-npu3,
1782563478.5075877,200,119.42223200094304,qwen15b-npu7,
1782563478.5081804,200,126.25178300004336,qwen15b-npu7,
1782563478.5178504,200,132.95384400043986,qwen15b-npu4,
1782563478.5185933,200,119.27371099955053,qwen15b-npu5,
1782563478.5195174,200,137.82001599975047,qwen15b-npu5,
1782563478.5229542,200,138.34793800015177,qwen15b-npu3,
1782563478.5273752,200,139.44118300059927,qwen15b-npu6,
1782563478.53235,200,118.31025799983763,qwen15b-npu7,
1782563478.540651,200,128.32302300012088,qwen15b-npu4,
1782563478.5448935,200,118.27530700065836,qwen15b-npu5,
1782563478.551125,200,141.68651299951307,qwen15b-npu3,
1782563478.5561757,200,143.2519810005033,qwen15b-npu6,
1782563478.5593293,200,116.51987999903213,qwen15b-npu7,
1782563478.5668273,200,128.31913300033193,qwen15b-npu4,
1782563478.5718105,200,119.60091299988562,qwen15b-npu5,
1782563478.5788572,200,141.46913200056588,qwen15b-npu3,
1782563478.5854185,200,146.56297599867685,qwen15b-npu6,
1782563478.5863216,200,117.5778540000465,qwen15b-npu7,
1782563478.5945358,200,129.86565999926825,qwen15b-npu4,
1782563478.5955832,200,122.59540700142679,qwen15b-npu4,
1782563478.6000876,200,131.59329799964326,qwen15b-npu5,
1782563478.6090395,200,136.45080999958736,qwen15b-npu3,
1782563478.6094317,200,145.96673300002294,qwen15b-npu3,
1782563478.6153405,200,149.67016000082367,qwen15b-npu6,
1782563478.6156516,200,130.9771450014523,qwen15b-npu7,
1782563478.6162815,200,131.90032899910875,qwen15b-npu6,
1782563478.619281,200,127.99241200082179,qwen15b-npu4,
1782563478.6288228,200,138.55627900011314,qwen15b-npu5,
1782563478.6292164,200,124.52025600032357,qwen15b-npu5,
1782563478.638718,200,148.11276300133613,qwen15b-npu3,
1782563478.639024,200,131.37136700061092,qwen15b-npu3,
1782563478.6427615,200,124.84729800053174,qwen15b-npu6,
1782563478.6430233,200,142.87515899923164,qwen15b-npu6,
1782563478.6438823,200,124.26811499972246,qwen15b-npu7,
1782563478.6444523,200,144.02263400006632,qwen15b-npu7,
1782563478.6473875,200,139.14393300001393,qwen15b-npu4,
1782563478.6478918,200,120.45000699981756,qwen15b-npu4,
1782563478.6556702,200,136.9670820004103,qwen15b-npu5,
1782563478.6667702,200,143.74800299992785,qwen15b-npu3,
1782563478.6703613,200,129.6478290005325,qwen15b-npu7,
1782563478.6721573,200,115.88116600069043,qwen15b-npu4,
1782563478.6729019,200,140.4859980011679,qwen15b-npu6,
1782563478.6830168,200,138.06254699920828,qwen15b-npu5,
1782563478.6959362,200,144.6999269992375,qwen15b-npu3,
1782563478.6975198,200,130.62795299993013,qwen15b-npu7,
1782563478.7024574,200,143.0660899986833,qwen15b-npu6,
1782563478.71033,200,138.45666899942444,qwen15b-npu5,
1782563478.7230928,200,137.61073499881604,qwen15b-npu4,
1782563478.7236145,200,114.06891799924779,qwen15b-npu4,
1782563478.7258108,200,131.16209599866124,qwen15b-npu7,
1782563478.7275386,200,148.61738500076171,qwen15b-npu3,
1782563478.731549,200,145.16662999994878,qwen15b-npu6,
1782563478.738633,200,142.9444790010166,qwen15b-npu5,
1782563478.739042,200,123.27143999937107,qwen15b-npu5,
1782563478.7478213,200,128.44813399897248,qwen15b-npu4,
1782563478.753477,200,138.05687799867883,qwen15b-npu7,
1782563478.7551618,200,155.00848400006362,qwen15b-npu3,
1782563478.7554667,200,139.10840199969243,qwen15b-npu3,
1782563478.760206,200,151.05348599900026,qwen15b-npu6,
1782563478.7608795,200,131.95378900127253,qwen15b-npu6,
1782563478.7658796,200,121.92553400018369,qwen15b-npu5,
1782563478.7666476,200,137.31300299878058,qwen15b-npu5,
1782563478.7761436,200,133.05336500161502,qwen15b-npu4,
1782563478.776458,200,128.50381399948674,qwen15b-npu4,
1782563478.7808363,200,141.7508340000495,qwen15b-npu7,
1782563478.7815118,200,136.99188200007484,qwen15b-npu7,
1782563478.7867854,200,139.33107299999392,qwen15b-npu3,
1782563478.7871258,200,148.33428299971274,qwen15b-npu3,
1782563478.791144,200,135.34136499947635,qwen15b-npu6,
1782563478.7923098,200,149.47139899959438,qwen15b-npu6,
1782563478.7927365,200,125.86191199989116,qwen15b-npu5,
1782563478.8018358,200,128.86363500001607,qwen15b-npu4,
1782563478.813967,200,143.542312000136,qwen15b-npu7,
1782563478.8147213,200,142.50187800098502,qwen15b-npu3,
1782563478.8183792,200,122.34051499945053,qwen15b-npu5,
1782563478.8209176,200,137.8369459998794,qwen15b-npu6,
1782563478.8281267,200,117.73032499877445,qwen15b-npu4,
1782563478.8417604,200,144.14219500031322,qwen15b-npu7,
1782563478.8444972,200,141.97713500107056,qwen15b-npu3,
1782563478.8450212,200,121.33283100047265,qwen15b-npu5,
1782563478.854891,200,123.27607000042917,qwen15b-npu4,
1782563478.8689907,200,143.07200000075682,qwen15b-npu7,
1782563478.870775,200,131.66848800028674,qwen15b-npu5,
1782563478.8743458,200,146.71168699896953,qwen15b-npu3,
1782563478.8794417,200,156.27750999919954,qwen15b-npu6,
1782563478.879652,200,140.90421999935643,qwen15b-npu6,
1782563478.8805423,200,124.9750179995317,qwen15b-npu4,
1782563478.8976126,200,149.70091999930446,qwen15b-npu7,
1782563478.8980925,200,137.12444300108473,qwen15b-npu7,
1782563478.8985574,200,122.03151499852538,qwen15b-npu5,
1782563478.8987806,200,138.51308999983303,qwen15b-npu5,
1782563478.9040685,200,150.50652399986575,qwen15b-npu3,
1782563478.9043176,200,138.3663990000059,qwen15b-npu3,
1782563478.910004,200,154.75139299996954,qwen15b-npu6,
1782563478.9103184,200,134.10052899962466,qwen15b-npu6,
1782563478.9105878,200,143.84419300040463,qwen15b-npu4,
1782563478.9108057,200,123.94049300019105,qwen15b-npu4,
1782563478.9240198,200,131.15557600031025,qwen15b-npu5,
1782563478.925684,200,133.2862560011563,qwen15b-npu7,
1782563478.9260824,200,145.17732999956934,qwen15b-npu7,
1782563478.9338727,200,131.95043899941084,qwen15b-npu4,
1782563478.9344842,200,152.90528500008804,qwen15b-npu3,
1782563478.9354424,200,144.15377499972237,qwen15b-npu3,
1782563478.9362965,200,149.07576699988567,qwen15b-npu6,
1782563478.9513874,200,132.92298399937863,qwen15b-npu7,
1782563478.9517543,200,136.97850199969253,qwen15b-npu5,
1782563478.960625,200,132.4287520001235,qwen15b-npu4,
1782563478.9635592,200,142.53848799853586,qwen15b-npu3,
1782563478.9645135,200,122.67963699923712,qwen15b-npu6,
1782563478.9653726,200,151.34669699909864,qwen15b-npu6,
1782563478.9776855,200,132.60452200120199,qwen15b-npu7,
1782563478.9779737,200,133.4254859993962,qwen15b-npu5,
1782563478.9865491,200,117.50235299950873,qwen15b-npu4,
1782563478.9923663,200,137.39626399910776,qwen15b-npu3,
1782563479.004538,200,130.13193100050557,qwen15b-npu5,
1782563479.0049112,200,125.2031789990724,qwen15b-npu7,
1782563479.0125597,200,131.959080001252,qwen15b-npu4,
1782563479.0187624,200,147.93271199960145,qwen15b-npu6,
1782563479.021767,200,142.26876600150717,qwen15b-npu3,
1782563479.0314536,200,121.35585100077151,qwen15b-npu5,
1782563479.031776,200,132.9336839989992,qwen15b-npu5,
1782563479.0330496,200,122.183755000151,qwen15b-npu7,
1782563479.0333405,200,135.65861600000062,qwen15b-npu7,
1782563479.041082,200,130.6862839992391,qwen15b-npu4,
1782563479.041455,200,137.32744400113006,qwen15b-npu4,
1782563479.0515323,200,153.37571700001718,qwen15b-npu6,
1782563479.0521026,200,147.7254109995556,qwen15b-npu6,
1782563479.0530615,200,128.94039599996177,qwen15b-npu6,
1782563479.0533245,200,154.71082299882255,qwen15b-npu3,
1782563479.0536962,200,143.04947899836407,qwen15b-npu3,
1782563479.0594056,200,123.01570800082118,qwen15b-npu5,
1782563479.0596812,200,133.48203700115846,qwen15b-npu7,
1782563479.0599146,200,134.11318999897048,qwen15b-npu5,
1782563479.0673077,200,132.75373299984494,qwen15b-npu4,
1782563479.0764225,200,140.87631999973382,qwen15b-npu6,
1782563479.0811594,200,129.66451900138054,qwen15b-npu3,
1782563479.0815084,200,147.5573709994933,qwen15b-npu3,
1782563479.0845895,200,120.00523500137206,qwen15b-npu5,
1782563479.0874894,200,135.61860600020736,qwen15b-npu7,
1782563479.0881145,200,122.64855700050248,qwen15b-npu7,
1782563479.0932024,200,132.50653199975204,qwen15b-npu4,
1782563479.0935695,200,115.799336001146,qwen15b-npu4,
1782563479.1040752,200,140.4491079993022,qwen15b-npu6,
1782563479.108926,200,130.89025400040555,qwen15b-npu3,
1782563479.1106763,200,118.2388870001887,qwen15b-npu5,
1782563479.131679,200,145.06059899940738,qwen15b-npu6,
1782563479.1354175,200,113.5844159998669,qwen15b-npu5,
1782563479.137225,200,132.2194109998236,qwen15b-npu3,
1782563479.1400805,200,135.44504499986942,qwen15b-npu7,
1782563479.1427636,200,130.119621000631,qwen15b-npu4,
1782563479.1595902,200,140.77467000061006,qwen15b-npu6,
1782563479.160976,200,127.57916000009573,qwen15b-npu5,
1782563479.167359,200,135.82773699999962,qwen15b-npu7,
1782563479.168058,200,126.53175500054203,qwen15b-npu7,
1782563479.168377,200,136.54191000023275,qwen15b-npu3,
1782563479.1696208,200,115.84872599996743,qwen15b-npu4,
1782563479.1699054,200,136.77864100100123,qwen15b-npu4,
1782563479.1876667,200,135.47263500004192,qwen15b-npu5,
1782563479.1878927,200,128.41141300123127,qwen15b-npu5,
1782563479.1914952,200,138.0727569994633,qwen15b-npu6,
1782563479.1919394,200,150.75442399938765,qwen15b-npu6,
1782563479.1946564,200,134.90532300056657,qwen15b-npu4,
1782563479.1949832,200,113.35352499918372,qwen15b-npu4,
1782563479.1961093,200,119.5771530001366,qwen15b-npu7,
1782563479.1965282,200,143.39784100047837,qwen15b-npu7,
1782563479.1982846,200,146.67700600148237,qwen15b-npu3,
1782563479.1985438,200,138.55577899994387,qwen15b-npu3,
1782563479.211965,200,127.2430480003095,qwen15b-npu5,
1782563479.2180495,200,150.6427040003473,qwen15b-npu6,
1782563479.2184598,200,130.89123500139976,qwen15b-npu6,
1782563479.2200248,200,126.38051399881078,qwen15b-npu4,
1782563479.220419,200,132.235301000037,qwen15b-npu7,
1782563479.2261145,200,132.80768399999943,qwen15b-npu3,
1782563479.2263713,200,145.12771899899235,qwen15b-npu3,
1782563479.238963,200,134.81561200023862,qwen15b-npu5,
1782563479.244047,200,135.00338300036674,qwen15b-npu6,
1782563479.2472217,200,136.38761000038357,qwen15b-npu7,
1782563479.264832,200,127.51769999886164,qwen15b-npu5,
1782563479.271334,200,131.16506599908462,qwen15b-npu6,
1782563479.2721736,200,111.08126500039361,qwen15b-npu4,
1782563479.2724206,200,136.91460200061556,qwen15b-npu4,
1782563479.2734616,200,130.6313940003747,qwen15b-npu7,
1782563479.2825844,200,150.79943499949877,qwen15b-npu3,
1782563479.2901015,200,122.65030699927593,qwen15b-npu5,
1782563479.296237,200,126.25303300046653,qwen15b-npu4,
1782563479.3003356,200,132.2131310007535,qwen15b-npu6,
1782563479.3010666,200,132.60890200035647,qwen15b-npu7,
1782563479.312404,200,152.7476539995405,qwen15b-npu3,
1782563479.3131528,200,143.45207199949073,qwen15b-npu3,
1782563479.3184938,200,123.45540000023902,qwen15b-npu5,
1782563479.318788,200,131.0508460010169,qwen15b-npu5,
1782563479.3227563,200,128.0381619999389,qwen15b-npu4,
1782563479.3231237,200,124.51482500000566,qwen15b-npu4,
1782563479.328757,200,140.8045400003175,qwen15b-npu6,
1782563479.3290257,200,132.37868099895422,qwen15b-npu6,
1782563479.329841,200,133.63931700041576,qwen15b-npu7,
1782563479.3301883,200,138.56121999924653,qwen15b-npu7,
1782563479.3417342,200,143.3888309984468,qwen15b-npu3,
1782563479.3421104,200,150.0924820011278,qwen15b-npu3,
1782563479.343386,200,116.94664099923102,qwen15b-npu5,
1782563479.3436341,200,131.60982800036436,qwen15b-npu5,
1782563479.3484821,200,127.99182199887582,qwen15b-npu4,
1782563479.3573084,200,139.1470520011353,qwen15b-npu6,
1782563479.3578107,200,131.62368800112745,qwen15b-npu6,
1782563479.358328,200,139.78766499894846,qwen15b-npu7,
1782563479.3586502,200,119.61452399918926,qwen15b-npu7,
1782563479.3697922,200,149.67644999887852,qwen15b-npu3,
1782563479.373131,200,125.83874200026912,qwen15b-npu4,
1782563479.3951087,200,130.1976710001327,qwen15b-npu5,
1782563479.3988562,200,154.7302730014053,qwen15b-npu3,
1782563479.3992572,200,125.72617100158823,qwen15b-npu4,
1782563479.4121106,200,139.59404399975028,qwen15b-npu7,
1782563479.4131906,200,123.01676900096936,qwen15b-npu6,
1782563479.4134736,200,142.0809459996235,qwen15b-npu6,
1782563479.4217458,200,139.07285099958244,qwen15b-npu5,
1782563479.4239798,200,122.82673800109478,qwen15b-npu4,
1782563479.428959,200,156.72416199959116,qwen15b-npu3,
1782563479.4292376,200,128.80413599850726,qwen15b-npu3,
1782563479.441463,200,122.89110799974878,qwen15b-npu7,
1782563479.4417129,200,128.48131299870147,qwen15b-npu6,
1782563479.4419456,200,145.64306099964597,qwen15b-npu7,
1782563479.4484143,200,125.55786099983379,qwen15b-npu5,
1782563479.4487052,200,136.2130489997071,qwen15b-npu5,
1782563479.4502597,200,127.04808699891146,qwen15b-npu4,
1782563479.4509313,200,120.66996800058405,qwen15b-npu4,
1782563479.4572916,200,138.4456190007768,qwen15b-npu3,
1782563479.4575696,200,127.65538999883574,qwen15b-npu3,
1782563479.4683547,200,139.52647400037677,qwen15b-npu7,
1782563479.4686341,200,124.92849699992803,qwen15b-npu7,
1782563479.4698174,200,127.63291999908688,qwen15b-npu6,
1782563479.4700935,200,141.0035799999605,qwen15b-npu6,
1782563479.4751003,200,133.28827599980286,qwen15b-npu5,
1782563479.4753804,200,117.49784400126373,qwen15b-npu5,
1782563479.4756086,200,127.05017699954624,qwen15b-npu4,
1782563479.4873233,200,128.61048400009167,qwen15b-npu3,
1782563479.4879327,200,144.4750259997818,qwen15b-npu3,
1782563479.4957542,200,138.36743899992143,qwen15b-npu7,
1782563479.4977117,200,139.3131929999072,qwen15b-npu6,
1782563479.5005531,200,130.6802039998729,qwen15b-npu4,
1782563479.5016928,200,128.48887400105014,qwen15b-npu5,
1782563479.5228074,200,123.87350300014077,qwen15b-npu7,
1782563479.525984,200,113.80344700046408,qwen15b-npu4,
1782563479.5262322,200,131.04739499976858,qwen15b-npu6,
1782563479.5447176,200,145.38449000065157,qwen15b-npu3,
1782563479.5507026,200,128.88107499929902,qwen15b-npu7,
1782563479.551695,200,122.6611470010539,qwen15b-npu4,
1782563479.5528266,200,123.52368099891464,qwen15b-npu5,
1782563479.553278,200,140.02044600056252,qwen15b-npu5,
1782563479.554177,200,140.63321899993753,qwen15b-npu6,
1782563479.5759592,200,151.909500000329,qwen15b-npu3,
1782563479.5767937,200,135.25808499980485,qwen15b-npu3,
1782563479.5779457,200,129.16574699920602,qwen15b-npu5,
1782563479.5787241,200,130.23687200075074,qwen15b-npu4,
1782563479.5795991,200,121.95692400018743,qwen15b-npu4,
1782563479.5808048,200,129.80027000048722,qwen15b-npu7,
1782563479.581132,200,139.34161299948755,qwen15b-npu7,
1782563479.5836961,200,141.68520299972442,qwen15b-npu6,
1782563479.5841725,200,133.84570800008078,qwen15b-npu6,
1782563479.6035783,200,127.8987320001761,qwen15b-npu4,
1782563479.6039495,200,146.58902600058354,qwen15b-npu3,
1782563479.6041784,200,134.0203889994882,qwen15b-npu3,
1782563479.6047096,200,129.5374189994618,qwen15b-npu5,
1782563479.605523,200,135.6385360013519,qwen15b-npu7,
1782563479.6057858,200,137.3607940004149,qwen15b-npu5,
1782563479.6194067,200,143.9541640011157,qwen15b-npu6,
1782563479.6203454,200,151.6352390008251,qwen15b-npu6,
1782563479.6291218,200,133.2591760001378,qwen15b-npu4,
1782563479.6295238,200,131.74176800021087,qwen15b-npu5,
1782563479.631931,200,143.88821300053678,qwen15b-npu3,
1782563479.6336594,200,131.8462189992715,qwen15b-npu7,
1782563479.634083,200,146.66725600000063,qwen15b-npu7,
1782563479.6370509,200,136.43043000047328,qwen15b-npu6,
1782563479.6551208,200,128.81867600117403,qwen15b-npu4,
1782563479.655495,200,129.4404679993022,qwen15b-npu5,
1782563479.6611857,200,138.27324799967755,qwen15b-npu3,
1782563479.6651103,200,120.31455599935725,qwen15b-npu6,
1782563479.680259,200,126.91620700024941,qwen15b-npu4,
1782563479.6809132,200,127.98982200001774,qwen15b-npu5,
1782563479.6875696,200,136.79984100053844,qwen15b-npu7,
1782563479.6894803,200,137.64593599989894,qwen15b-npu3,
1782563479.692508,200,138.26498900016304,qwen15b-npu6,
1782563479.7072785,200,123.03104900092876,qwen15b-npu5,
1782563479.7075038,200,128.71567500042147,qwen15b-npu5,
1782563479.707733,200,129.67343899981643,qwen15b-npu4,
1782563479.7079763,200,124.1482339992217,qwen15b-npu4,
1782563479.717366,200,136.46981000056257,qwen15b-npu7,
1782563479.7178056,200,141.75919399895065,qwen15b-npu7,
1782563479.7197304,200,142.8236689989717,qwen15b-npu3,
1782563479.7201607,200,138.9144810000289,qwen15b-npu3,
1782563479.72091,200,141.1997520008299,qwen15b-npu6,
1782563479.7314906,200,126.71963600041636,qwen15b-npu4,
1782563479.7327678,200,126.90692600153852,qwen15b-npu5,
1782563479.7438376,200,140.14900700021826,qwen15b-npu7,
1782563479.7494674,200,143.87818300019717,qwen15b-npu3,
1782563479.7499003,200,129.42264800039993,qwen15b-npu3,
1782563479.7506764,200,146.42590500079677,qwen15b-npu6,
1782563479.7511356,200,147.1154379996733,qwen15b-npu6,
1782563479.7578058,200,128.15255200075626,qwen15b-npu5,
1782563479.75917,200,122.04683399977512,qwen15b-npu4,
1782563479.759472,200,130.2440919989749,qwen15b-npu4,
1782563479.7728887,200,139.1201420010475,qwen15b-npu7,
1782563479.773184,200,153.70861799965496,qwen15b-npu7,
1782563479.7770703,200,121.50601199937228,qwen15b-npu6,
1782563479.7774131,200,145.3982900002302,qwen15b-npu6,
1782563479.7789428,200,144.73645699945337,qwen15b-npu3,
1782563479.7835002,200,128.26616299935267,qwen15b-npu5,
1782563479.7986453,200,137.39835399974254,qwen15b-npu7,
1782563479.8091838,200,128.82343599994783,qwen15b-npu4,
1782563479.80958,200,144.35375499851943,qwen15b-npu3,
1782563479.8101718,200,129.19373700060532,qwen15b-npu5,
1782563479.8260207,200,136.47902999946382,qwen15b-npu7,
1782563479.832049,200,144.41588600129762,qwen15b-npu6,
1782563479.832744,200,125.17728899911162,qwen15b-npu6,
1782563479.8343375,200,126.99040700135811,qwen15b-npu5,
1782563479.8362877,200,118.3749980009452,qwen15b-npu4,
1782563479.837188,200,129.38372799908393,qwen15b-npu4,
1782563479.8379679,200,145.39582999896083,qwen15b-npu3,
1782563479.85311,200,145.0696190004237,qwen15b-npu7,
1782563479.8538218,200,132.8086829998938,qwen15b-npu7,
1782563479.8588295,200,138.98296099978324,qwen15b-npu6,
1782563479.8598764,200,127.00259700068273,qwen15b-npu4,
1782563479.8611846,200,140.94892999855801,qwen15b-npu5,
1782563479.8615634,200,117.65324500083807,qwen15b-npu5,
1782563479.8676667,200,150.17745199838828,qwen15b-npu3,
1782563479.8683665,200,136.7798009996477,qwen15b-npu3,
1782563479.880789,200,121.52073200013547,qwen15b-npu7,
1782563479.8812158,200,131.20820599942817,qwen15b-npu7,
1782563479.885214,200,127.3022379991744,qwen15b-npu5,
1782563479.8864794,200,135.71415699880163,qwen15b-npu4,
1782563479.8868,200,113.54686599952402,qwen15b-npu4,
1782563479.8881078,200,128.562163999959,qwen15b-npu6,
1782563479.8907812,200,141.1480009992374,qwen15b-npu6,
1782563479.8960936,200,144.83442799974,qwen15b-npu3,
1782563479.9080863,200,129.04914600039774,qwen15b-npu7,
1782563479.910119,200,111.410686000454,qwen15b-npu4,
1782563479.9110754,200,133.92532899888465,qwen15b-npu5,
1782563479.915236,200,137.7264450002258,qwen15b-npu6,
1782563479.9263396,200,153.36502700120036,qwen15b-npu3,
1782563479.9266741,200,143.10829999885755,qwen15b-npu3,
1782563479.934862,200,124.6258269984537,qwen15b-npu7,
1782563479.9364927,200,126.83548600034555,qwen15b-npu5,
1782563479.943681,200,134.37332100147614,qwen15b-npu6,
1782563479.955842,200,129.7470700010308,qwen15b-npu3,
1782563479.9619992,200,129.8481300000276,qwen15b-npu4,
1782563479.9625099,200,126.15609299973585,qwen15b-npu7,
1782563479.9627366,200,129.92567000037525,qwen15b-npu5,
1782563479.9629924,200,124.93150699992839,qwen15b-npu4,
1782563479.970286,200,135.8869270006835,qwen15b-npu6,
1782563479.9843738,200,147.07358899977407,qwen15b-npu3,
1782563479.9863873,200,125.09383899850945,qwen15b-npu4,
1782563479.987694,200,126.01547299891536,qwen15b-npu5,
1782563479.9880757,200,134.89482300064992,qwen15b-npu5,
1782563479.9900992,200,121.66532300034305,qwen15b-npu7,
1782563479.9908972,200,131.95911900038482,qwen15b-npu7,
1782563479.9981556,200,144.2603350005811,qwen15b-npu6,
1782563479.998481,200,130.74430400047277,qwen15b-npu6,
1782563480.0134149,200,132.12399000076402,qwen15b-npu4,
1782563480.015254,200,134.3377609991876,qwen15b-npu3,
1782563480.0155823,200,119.42423199980112,qwen15b-npu5,
1782563480.0158136,200,130.5272329991567,qwen15b-npu5,
1782563480.0163705,200,125.52362000133144,qwen15b-npu4,
1782563480.0166667,200,156.69024199996784,qwen15b-npu3,
1782563480.0169215,200,130.00070999987656,qwen15b-npu7,
1782563480.0239968,200,137.43177499964077,qwen15b-npu6,
1782563480.0380177,200,122.69992700021248,qwen15b-npu4,
1782563480.0387654,200,112.33401100071205,qwen15b-npu5,
1782563480.0417066,200,131.52271800026938,qwen15b-npu7,
1782563480.0436938,200,155.4855559988937,qwen15b-npu3,
1782563480.043985,200,132.84545300120953,qwen15b-npu3,
1782563480.0525272,200,125.78416099859169,qwen15b-npu6,
1782563480.05281,200,144.6607670004596,qwen15b-npu6,
1782563480.0634296,200,119.60269399969548,qwen15b-npu4,
1782563480.0690327,200,134.1037990005134,qwen15b-npu7,
1782563480.0727508,200,136.18744899940793,qwen15b-npu3,
1782563480.088362,200,125.78047100032563,qwen15b-npu4,
1782563480.0895238,200,119.16445100177953,qwen15b-npu5,
1782563480.090255,200,134.31576100083475,qwen15b-npu5,
1782563480.0956266,200,132.56930200077477,qwen15b-npu7,
1782563480.101472,200,138.66423899889924,qwen15b-npu3,
1782563480.1064246,200,144.35261600010563,qwen15b-npu6,
1782563480.1067758,200,122.33658600052877,qwen15b-npu6,
1782563480.113813,200,125.6686010001431,qwen15b-npu4,
1782563480.1146743,200,124.50868500127399,qwen15b-npu5,
1782563480.1235657,200,125.30964899997343,qwen15b-npu7,
1782563480.1239512,200,137.4576550006168,qwen15b-npu7,
1782563480.1309054,200,139.90757499959727,qwen15b-npu6,
1782563480.132407,200,133.85557800029346,qwen15b-npu3,
1782563480.1327455,200,144.95080900087487,qwen15b-npu3,
1782563480.1410856,200,125.44289900142758,qwen15b-npu4,
1782563480.1414473,200,125.56500000027881,qwen15b-npu5,
1782563480.1417134,200,128.1845819994487,qwen15b-npu4,
1782563480.1421132,200,125.66927099942404,qwen15b-npu5,
1782563480.149103,200,133.75010799973097,qwen15b-npu7,
1782563480.1583207,200,134.24940000004426,qwen15b-npu6,
1782563480.1587136,200,141.97607500136655,qwen15b-npu6,
1782563480.1602104,200,143.22331999937887,qwen15b-npu3,
1782563480.164529,200,122.75671800125565,qwen15b-npu4,
1782563480.165351,200,121.58988299961493,qwen15b-npu5,
1782563480.17646,200,138.36554800036538,qwen15b-npu7,
1782563480.1771915,200,124.59693600067112,qwen15b-npu7,
1782563480.186577,200,142.52926699919044,qwen15b-npu6,
1782563480.1904616,200,126.93007699999725,qwen15b-npu4,
1782563480.1908927,200,121.7492729992955,qwen15b-npu5,
1782563480.1921542,200,153.29652600121335,qwen15b-npu3,
1782563480.1925323,200,139.65188400106854,qwen15b-npu3,
1782563480.2141607,200,141.27063099840598,qwen15b-npu6,
1782563480.216016,200,125.68992100023024,qwen15b-npu4,
1782563480.216404,200,120.71218900018721,qwen15b-npu5,
1782563480.2187865,200,129.16447600036918,qwen15b-npu3,
1782563480.230693,200,123.85353300123825,qwen15b-npu7,
1782563480.2310674,200,142.62117799989937,qwen15b-npu7,
1782563480.24125,200,127.33667800057447,qwen15b-npu4,
1782563480.2414973,200,126.72137600020505,qwen15b-npu5,
1782563480.2424242,200,140.88730000003125,qwen15b-npu6,
1782563480.2481096,200,141.57333399998606,qwen15b-npu3,
1782563480.257176,200,133.1010249996325,qwen15b-npu7,
1782563480.2676048,200,125.767771000028,qwen15b-npu4,
1782563480.2679622,200,135.45245600107592,qwen15b-npu5,
1782563480.268522,200,135.7061460003024,qwen15b-npu4,
1782563480.2687454,200,119.57137299941678,qwen15b-npu5,
1782563480.2720613,200,148.4009239993611,qwen15b-npu6,
1782563480.2723675,200,131.21328600027482,qwen15b-npu6,
1782563480.278374,200,136.85767199967813,qwen15b-npu3,
1782563480.2791572,200,148.18739400107006,qwen15b-npu3,
1782563480.2851837,200,142.95888900051068,qwen15b-npu7,
1782563480.285602,200,127.15353800012963,qwen15b-npu7,
1782563480.2917163,200,127.08775800092553,qwen15b-npu4,
1782563480.2926428,200,127.19637800000783,qwen15b-npu5,
1782563480.299605,200,123.0728899990936,qwen15b-npu6,
1782563480.300238,200,141.44669200140925,qwen15b-npu6,
1782563480.307789,200,147.51133999925514,qwen15b-npu3,
1782563480.3138862,200,121.24511999900278,qwen15b-npu7,
1782563480.3143523,200,137.06183300018893,qwen15b-npu7,
1782563480.317726,200,127.14900799983297,qwen15b-npu4,
1782563480.319128,200,128.12994199884997,qwen15b-npu5,
1782563480.3262112,200,133.9487380009814,qwen15b-npu6,
1782563480.337111,200,150.4613840006641,qwen15b-npu3,
1782563480.3440225,200,127.8911009994772,qwen15b-npu4,
1782563480.344468,200,128.00264100042114,qwen15b-npu5,
1782563480.3552241,200,136.37242900040292,qwen15b-npu6,
1782563480.3664043,200,118.197677000353,qwen15b-npu7,
1782563480.3667862,200,135.98904799982847,qwen15b-npu7,
1782563480.3681517,200,137.0179420009663,qwen15b-npu3,
1782563480.3686607,200,154.39718100060418,qwen15b-npu3,
1782563480.3691635,200,127.6013700007752,qwen15b-npu4,
1782563480.3694544,200,128.13359200117702,qwen15b-npu5,
1782563480.3823555,200,139.8260959995241,qwen15b-npu6,
1782563480.3922842,200,123.69512199984456,qwen15b-npu7,
1782563480.3943267,200,122.18254499930481,qwen15b-npu4,
1782563480.3949652,200,126.94065699906787,qwen15b-npu4,
1782563480.3960953,200,128.3771929993236,qwen15b-npu5,
1782563480.3963401,200,117.87368499972217,qwen15b-npu5,
1782563480.3974187,200,140.13448700097797,qwen15b-npu3,
1782563480.410763,200,131.4922480014502,qwen15b-npu6,
1782563480.411109,200,142.29527600036818,qwen15b-npu6,
1782563480.4191997,200,127.39390899878344,qwen15b-npu4,
1782563480.4199753,200,127.270638000482,qwen15b-npu5,
1782563480.4212136,200,120.91082900042238,qwen15b-npu7,
1782563480.4214976,200,136.20430800074246,qwen15b-npu7,
1782563480.4271517,200,154.64744299970334,qwen15b-npu3,
1782563480.4274879,200,141.7685039996286,qwen15b-npu3,
1782563480.4370306,200,119.24102200100606,qwen15b-npu6,
1782563480.4373171,200,137.63695499983442,qwen15b-npu6,
1782563480.445365,200,131.339276998915,qwen15b-npu4,
1782563480.446131,200,131.66447799994785,qwen15b-npu5,
1782563480.4465096,200,127.30268799896294,qwen15b-npu7,
1782563480.4554188,200,147.56007000141835,qwen15b-npu3,
1782563480.4559329,200,129.65568899926438,qwen15b-npu3,
1782563480.4633124,200,118.74084899864101,qwen15b-npu6,
1782563480.4696505,200,132.4768619997485,qwen15b-npu4,
1782563480.4704192,200,126.26846400053182,qwen15b-npu5,
1782563480.4736962,200,118.36702700020396,qwen15b-npu7,
1782563480.4910092,200,122.28472499919008,qwen15b-npu6,
1782563480.4950309,200,126.8140960000892,qwen15b-npu5,
1782563480.4961362,200,129.62622800114332,qwen15b-npu4,
1782563480.4964795,200,114.01943800046865,qwen15b-npu4,
1782563480.5011375,200,131.61867800045002,qwen15b-npu7,
1782563480.5136073,200,146.7570570002863,qwen15b-npu3,
1782563480.513887,200,144.64737699927355,qwen15b-npu3,
1782563480.5180414,200,123.64891200013517,qwen15b-npu6,
1782563480.5202775,200,124.1082139986247,qwen15b-npu4,
1782563480.5214949,200,123.95312300031947,qwen15b-npu5,
1782563480.5218678,200,129.51413800146838,qwen15b-npu5,
1782563480.5260448,200,114.8069309983839,qwen15b-npu7,
1782563480.5263286,200,131.2968769998406,qwen15b-npu7,
1782563480.5415971,200,145.18769000096654,qwen15b-npu3,
1782563480.5460966,200,126.02968200008036,qwen15b-npu4,
1782563480.546869,200,125.57216099958168,qwen15b-npu6,
1782563480.5474482,200,125.87769199853938,qwen15b-npu5,
1782563480.5477114,200,136.8650019994675,qwen15b-npu6,
1782563480.5517967,200,124.5542659999046,qwen15b-npu7,
1782563480.5718827,200,134.78450300135592,qwen15b-npu4,
1782563480.5722322,200,144.6735469999112,qwen15b-npu3,
1782563480.5724704,200,153.1984659995942,qwen15b-npu3,
1782563480.573485,200,136.10455799971533,qwen15b-npu5,
1782563480.5741758,200,128.68016500033264,qwen15b-npu6,
1782563480.57477,200,118.77398999968136,qwen15b-npu5,
1782563480.5751593,200,119.66835299972445,qwen15b-npu4,
1782563480.5785334,200,132.3021010011871,qwen15b-npu7,
1782563480.5984774,200,124.71195600119245,qwen15b-npu4,
1782563480.599925,200,129.40198800060898,qwen15b-npu3,
1782563480.6009495,200,154.37250200011476,qwen15b-npu3,
1782563480.6012895,200,137.91457600018475,qwen15b-npu6,
1782563480.6052341,200,135.51746600023762,qwen15b-npu7,
1782563480.6228464,200,121.61357200056955,qwen15b-npu4,
1782563480.6236293,200,132.47742200110224,qwen15b-npu5,
1782563480.628499,200,133.39032600015344,qwen15b-npu6,
1782563480.6290832,200,132.84179299989773,qwen15b-npu3,
1782563480.6321042,200,135.56127599986212,qwen15b-npu7,
1782563480.6478932,200,126.28057399888348,qwen15b-npu4,
1782563480.649911,200,127.98161099999561,qwen15b-npu5,
1782563480.6501968,200,136.52412999908847,qwen15b-npu5,
1782563480.6573498,200,143.39350199952605,qwen15b-npu6,
1782563480.6581259,200,132.01264899907983,qwen15b-npu6,
1782563480.6584046,200,138.0607080009213,qwen15b-npu3,
1782563480.663339,200,136.94697199935035,qwen15b-npu7,
1782563480.6638222,200,145.6761520003056,qwen15b-npu7,
1782563480.67397,200,127.76836999910302,qwen15b-npu4,
1782563480.6785893,200,131.63986800100247,qwen15b-npu5,
1782563480.687278,200,135.38133499969263,qwen15b-npu3,
1782563480.6878455,200,146.14613400044618,qwen15b-npu3,
1782563480.6884499,200,140.61966900044354,qwen15b-npu7,
1782563480.6928658,200,145.35054999942076,qwen15b-npu6,
1782563480.6993356,200,127.34044900025765,qwen15b-npu4,
1782563480.699831,200,125.53664000006393,qwen15b-npu4,
1782563480.700828,200,125.95114199939417,qwen15b-npu5,
1782563480.70104,200,128.4819129996322,qwen15b-npu5,
1782563480.7151277,200,141.56407299924467,qwen15b-npu6,
1782563480.716324,200,137.72136599982332,qwen15b-npu6,
1782563480.7170458,200,141.80002399916702,qwen15b-npu3,
1782563480.7172883,200,144.9917390000337,qwen15b-npu7,
1782563480.7255685,200,124.51233599858824,qwen15b-npu4,
1782563480.7258427,200,124.48853600108123,qwen15b-npu5,
1782563480.7449307,200,144.9384090010426,qwen15b-npu3,
1782563480.7502754,200,151.70089899947925,qwen15b-npu7,
1782563480.75052,200,127.57715899897448,qwen15b-npu7,
1782563480.7507539,200,145.45787099996232,qwen15b-npu6,
1782563480.7513568,200,122.78103799872042,qwen15b-npu4,
1782563480.7522254,200,123.07721899924218,qwen15b-npu5,
1782563480.7751327,200,151.40558799976134,qwen15b-npu3,
1782563480.7761464,200,128.18100299955404,qwen15b-npu7,
1782563480.7775557,200,145.39011099986965,qwen15b-npu6,
1782563480.777927,200,114.04485899947758,qwen15b-npu4,
1782563480.7781858,200,128.1797829997231,qwen15b-npu4,
1782563480.7792025,200,120.73955800042313,qwen15b-npu5,
1782563480.8021362,200,113.61939699963841,qwen15b-npu4,
1782563480.8034053,200,129.37826699999277,qwen15b-npu5,
1782563480.803711,200,146.30244500040135,qwen15b-npu7,
1782563480.8049855,200,146.78075700066984,qwen15b-npu6,
1782563480.8069706,200,156.71549199942092,qwen15b-npu3,
1782563480.8075929,200,144.1977649992623,qwen15b-npu3,
1782563480.8278022,200,126.917276000313,qwen15b-npu4,
1782563480.8285224,200,135.60328600033245,qwen15b-npu5,
1782563480.831181,200,143.8390139992407,qwen15b-npu7,
1782563480.831983,200,132.09230000029493,qwen15b-npu7,
1782563480.8330512,200,133.6584069995297,qwen15b-npu6,
1782563480.8332827,200,154.63104199989175,qwen15b-npu6,
1782563480.834423,200,133.3253450011398,qwen15b-npu3,
1782563480.834705,200,146.80193700041855,qwen15b-npu3,
1782563480.854327,200,139.11411200024304,qwen15b-npu5,
1782563480.854834,200,128.91657600084727,qwen15b-npu5,
1782563480.8560457,200,130.4004720004741,qwen15b-npu4,
1782563480.8580267,200,141.5713139995205,qwen15b-npu7,
1782563480.859144,200,141.78167499994743,qwen15b-npu6,
1782563480.8630943,200,145.97340399996028,qwen15b-npu3,
1782563480.8789067,200,128.55447400033881,qwen15b-npu5,
1782563480.8816714,200,130.25479200041445,qwen15b-npu4,
1782563480.8856437,200,134.83217300017714,qwen15b-npu7,
1782563480.887762,200,135.4750160007825,qwen15b-npu6,
1782563480.8880432,200,143.04545000049984,qwen15b-npu6,
1782563480.8934813,200,142.89334999921266,qwen15b-npu3,
1782563480.9049275,200,126.93047699940507,qwen15b-npu5,
1782563480.907983,200,130.31426199995622,qwen15b-npu4,
1782563480.9145722,200,136.31911899938132,qwen15b-npu6,
1782563480.915691,200,136.42280900057813,qwen15b-npu7,
1782563480.9160304,200,140.82432000031986,qwen15b-npu7,
1782563480.9232073,200,146.98467800008075,qwen15b-npu3,
1782563480.9297578,200,126.26916299996083,qwen15b-npu5,
1782563480.9322734,200,128.46663399977842,qwen15b-npu4,
1782563480.9418032,200,134.74333200065303,qwen15b-npu7,
1782563480.9429436,200,137.8880759984895,qwen15b-npu6,
1782563480.953312,200,151.08872600103496,qwen15b-npu3,
1782563480.9539433,200,146.26320400020631,qwen15b-npu3,
1782563480.955648,200,127.03455700102495,qwen15b-npu5,
1782563480.955931,200,121.44106099913188,qwen15b-npu5,
1782563480.958904,200,131.0381760013115,qwen15b-npu4,
1782563480.9593337,200,125.98812299984274,qwen15b-npu4,
1782563480.9694283,200,137.374614001601,qwen15b-npu7,
1782563480.9721398,200,137.37057400066988,qwen15b-npu6,
1782563480.9726386,200,141.3840519999212,qwen15b-npu6,
1782563480.9810627,200,122.97294800009695,qwen15b-npu5,
1782563480.983354,200,127.2449879998021,qwen15b-npu4,
1782563480.998432,200,135.2756939995743,qwen15b-npu7,
1782563480.9987016,200,144.30938599980436,qwen15b-npu7,
1782563481.0006702,200,167.5549219999084,qwen15b-npu3,
1782563481.0028386,200,143.62395200078026,qwen15b-npu6,
1782563481.0063615,200,120.65542799973628,qwen15b-npu5,
1782563481.0074997,200,152.60161399965,qwen15b-npu3,
1782563481.0079994,200,129.03034600094543,qwen15b-npu3,
1782563481.0096614,200,127.92418099888891,qwen15b-npu4,
1782563481.0260053,200,137.89491699935752,qwen15b-npu7,
1782563481.0293396,200,141.5110329999152,qwen15b-npu6,
1782563481.0319183,200,123.83809199855023,qwen15b-npu5,
1782563481.0361152,200,131.10783599950082,qwen15b-npu4,
1782563481.0364044,200,113.1040939999366,qwen15b-npu4,
1782563481.0538325,200,160.20518799996353,qwen15b-npu3,
1782563481.0551827,200,139.02191100169148,qwen15b-npu7,
1782563481.0590937,200,129.27332700019178,qwen15b-npu5,
1782563481.0593824,200,127.0502570005192,qwen15b-npu6,
1782563481.059729,200,143.96595400103251,qwen15b-npu6,
1782563481.0838716,200,142.00527600041823,qwen15b-npu7,
1782563481.084108,200,128.10250199981965,qwen15b-npu7,
1782563481.085092,200,115.59644499902788,qwen15b-npu5,
1782563481.0856209,200,131.60754700038524,qwen15b-npu5,
1782563481.08723,200,131.51798800026882,qwen15b-npu6,
1782563481.0888517,200,135.47480499983067,qwen15b-npu4,
1782563481.0894291,200,130.3857530001551,qwen15b-npu4,
1782563481.1068993,200,192.2576430006302,qwen15b-npu3,
1782563481.1095977,200,136.8977519996406,qwen15b-npu7,
1782563481.1120076,200,128.59228400157008,qwen15b-npu4,
1782563481.1153853,200,143.1763310010865,qwen15b-npu6,
1782563481.1364493,200,137.9552459984552,qwen15b-npu5,
1782563481.1367562,200,129.18961700052023,qwen15b-npu5,
1782563481.137606,200,136.87462199959555,qwen15b-npu7,
1782563481.138519,200,128.79440500000783,qwen15b-npu7,
1782563481.1387544,200,132.32914099899062,qwen15b-npu4,
1782563481.1455593,200,146.7892069995287,qwen15b-npu6,
1782563481.1461225,200,138.06253700022353,qwen15b-npu6,
1782563481.162029,200,130.04788100079168,qwen15b-npu5,
1782563481.1641715,200,134.76460200035945,qwen15b-npu4,
1782563481.164625,200,128.15605200012214,qwen15b-npu7,
1782563481.1684234,200,225.41214400007448,qwen15b-npu3,
1782563481.1690805,200,209.6399330002896,qwen15b-npu3,
1782563481.173273,200,137.08734300053038,qwen15b-npu6,
1782563481.1874552,200,127.99923100101296,qwen15b-npu5,
1782563481.18895,200,133.65688700105238,qwen15b-npu4,
1782563481.1914196,200,131.61777799905394,qwen15b-npu7,
1782563481.2022095,200,143.03156999994826,qwen15b-npu6,
1782563481.2130272,200,127.86783099909371,qwen15b-npu5,
1782563481.2144363,200,130.26400200033095,qwen15b-npu4,
1782563481.2150056,200,125.51078000069538,qwen15b-npu4,
1782563481.2178562,200,130.56422299996484,qwen15b-npu7,
1782563481.2304688,200,144.78659700034768,qwen15b-npu6,
1782563481.2385068,200,131.5355280003132,qwen15b-npu5,
1782563481.2445269,200,132.46163099938713,qwen15b-npu7,
1782563481.259505,200,149.84739999999874,qwen15b-npu6,
1782563481.26433,200,118.14350600070611,qwen15b-npu5,
1782563481.26456,200,127.74176000129955,qwen15b-npu5,
1782563481.2647758,200,119.15423100072076,qwen15b-npu4,
1782563481.2650092,200,128.48055299946282,qwen15b-npu4,
1782563481.2714202,200,132.83634399886068,qwen15b-npu7,
1782563481.2732337,200,292.10101699936786,qwen15b-npu3,
1782563481.2736354,200,270.73548000043957,qwen15b-npu3,
1782563481.2898643,200,120.72002800050541,qwen15b-npu5,
1782563481.290152,200,121.63724299898604,qwen15b-npu4,
1782563481.290396,200,152.72442400055297,qwen15b-npu6,
1782563481.2906485,200,128.55575399953523,qwen15b-npu6,
1782563481.298717,200,134.40305100084515,qwen15b-npu7,
1782563481.3152316,200,123.67133199950331,qwen15b-npu4,
1782563481.3155766,200,113.27288400025282,qwen15b-npu5,
1782563481.3166168,200,143.28319099877262,qwen15b-npu6,
1782563481.3265057,200,138.9870820003125,qwen15b-npu7,
1782563481.3402874,200,122.36744600159,qwen15b-npu4,
1782563481.3431447,200,289.24179400019057,qwen15b-npu3,
1782563481.3437304,200,254.81672800015076,qwen15b-npu3,
1782563481.3440235,200,228.5720380004932,qwen15b-npu3,
1782563481.3444781,200,318.40774599913857,qwen15b-npu3,
1782563481.3448064,200,260.8713049994549,qwen15b-npu3,
1782563481.3451495,200,206.33624699985376,qwen15b-npu3,
1782563481.3463695,200,133.27811500130338,qwen15b-npu6,
1782563481.3522913,200,137.79293600055098,qwen15b-npu7,
1782563481.3658583,200,135.3283950011246,qwen15b-npu5,
1782563481.3690042,200,179.90466700030083,qwen15b-npu3,
1782563481.3693812,200,204.6858499998052,qwen15b-npu3,
1782563481.3701725,200,155.10179400007473,qwen15b-npu3,
1782563481.376341,200,137.7724459998717,qwen15b-npu6,
1782563481.3796306,200,135.04433299931407,qwen15b-npu7,
1782563481.3918238,200,118.44978899898706,qwen15b-npu4,
1782563481.3922324,200,127.39008799871954,qwen15b-npu4,
1782563481.3935502,200,119.83836400031578,qwen15b-npu5,
1782563481.3940687,200,129.67308900078933,qwen15b-npu5,
1782563481.4063356,200,141.71342299960088,qwen15b-npu6,
1782563481.4083817,200,118.43193799904839,qwen15b-npu7,
1782563481.408621,200,143.54931200068677,qwen15b-npu7,
1782563481.4160042,200,125.53642000057152,qwen15b-npu4,
1782563481.418798,200,119.96941500001412,qwen15b-npu5,
1782563481.4273694,200,155.8839480003371,qwen15b-npu3,
1782563481.4276915,200,137.47348399920156,qwen15b-npu3,
1782563481.4283502,200,168.7838660000125,qwen15b-npu3,
1782563481.4350808,200,119.38772200119274,qwen15b-npu7,
1782563481.4362452,200,145.5281409998861,qwen15b-npu6,
1782563481.4424589,200,115.81504700006917,qwen15b-npu4,
1782563481.4522517,200,135.57329600007506,qwen15b-npu3,
1782563481.465495,200,150.1873119996162,qwen15b-npu6,
1782563481.4683478,200,124.16812400078925,qwen15b-npu4,
1782563481.4717176,200,126.84941599945887,qwen15b-npu5,
1782563481.4720058,200,131.63137800074765,qwen15b-npu5,
1782563481.4812262,200,135.994407999533,qwen15b-npu3,
1782563481.4815178,200,129.16402699920582,qwen15b-npu3,
1782563481.489106,200,142.66681799927028,qwen15b-npu7,
1782563481.4893656,200,145.56296200134966,qwen15b-npu7,
1782563481.4902155,200,119.97267600054329,qwen15b-npu7,
1782563481.495325,200,126.21227400086354,qwen15b-npu5,
1782563481.4964557,200,153.19237599942426,qwen15b-npu6,
1782563481.4967642,200,152.17881100033992,qwen15b-npu6,
1782563481.4991245,200,119.43037300079595,qwen15b-npu4,
1782563481.4994924,200,133.57240700133843,qwen15b-npu4,
1782563481.50872,200,132.31577199985622,qwen15b-npu3,
1782563481.514336,200,120.13763600043603,qwen15b-npu7,
1782563481.5182981,200,111.87176800012821,qwen15b-npu4,
1782563481.5208187,200,128.47475400121766,qwen15b-npu5,
1782563481.5259123,200,133.97046899990528,qwen15b-npu6,
1782563481.5262303,200,156.74102200136986,qwen15b-npu6,
1782563481.5367465,200,143.0847800002084,qwen15b-npu3,
1782563481.5414658,200,125.39702899994154,qwen15b-npu7,
1782563481.5433302,200,115.86122699918633,qwen15b-npu4,
1782563481.5465877,200,138.1437879990699,qwen15b-npu5,
1782563481.5474148,200,119.66154299989284,qwen15b-npu5,
1782563481.5547357,200,146.04261400018004,qwen15b-npu6,
1782563481.5670476,200,148.1420429990976,qwen15b-npu3,
1782563481.5678701,200,131.55004700092832,qwen15b-npu3,
1782563481.5683386,200,133.10253400049987,qwen15b-npu7,
1782563481.5691566,200,126.60967500050901,qwen15b-npu4,
1782563481.5730894,200,120.75716900108091,qwen15b-npu5,
1782563481.5843456,200,155.9252879997075,qwen15b-npu6,
1782563481.5939689,200,121.88848400001007,qwen15b-npu4,
1782563481.5951207,200,126.70160499874328,qwen15b-npu7,
1782563481.597157,200,115.8591859984881,qwen15b-npu5,
1782563481.6152608,200,149.6866899997258,qwen15b-npu6,
1782563481.6160102,200,134.4186210008047,qwen15b-npu6,
1782563481.6195226,200,129.2044170004374,qwen15b-npu4,
1782563481.6201208,200,120.53494800056797,qwen15b-npu4,
1782563481.6237712,200,128.33474299986847,qwen15b-npu5,
1782563481.625044,200,116.24987799950759,qwen15b-npu5,
1782563481.6254482,200,136.26825900064432,qwen15b-npu7,
1782563481.6258373,200,129.01384600081656,qwen15b-npu7,
1782563481.6269963,200,155.20307500082708,qwen15b-npu3,
1782563481.6272688,200,137.83279599920206,qwen15b-npu3,
1782563481.6444986,200,118.49495800015575,qwen15b-npu4,
1782563481.6455576,200,148.9974269989034,qwen15b-npu6,
1782563481.645776,200,131.38834699930158,qwen15b-npu6,
1782563481.648726,200,122.4133260002418,qwen15b-npu5,
1782563481.6502607,200,131.91168999946967,qwen15b-npu7,
1782563481.6523077,200,131.43578699964564,qwen15b-npu3,
1782563481.6531463,200,153.90991999993275,qwen15b-npu3,
1782563481.6696577,200,123.00153900105215,qwen15b-npu4,
1782563481.6740947,200,126.6156649999175,qwen15b-npu5,
1782563481.6750407,200,138.2178380008554,qwen15b-npu6,
1782563481.6761963,200,134.6464409998589,qwen15b-npu7,
1782563481.6802263,200,136.83191200107103,qwen15b-npu3,
1782563481.6949036,200,126.48688400076935,qwen15b-npu4,
1782563481.6996305,200,130.39526200009277,qwen15b-npu5,
1782563481.7035887,200,119.14473100114265,qwen15b-npu7,
1782563481.7043152,200,137.11453299947607,qwen15b-npu7,
1782563481.7053447,200,150.54951400088612,qwen15b-npu6,
1782563481.705855,200,132.6977730004728,qwen15b-npu6,
1782563481.7097383,200,141.76323399988178,qwen15b-npu3,
1782563481.720212,200,125.02745799974946,qwen15b-npu4,
1782563481.7249346,200,127.71483999858901,qwen15b-npu5,
1782563481.7366333,200,142.5681379987509,qwen15b-npu3,
1782563481.7473776,200,127.17072800114693,qwen15b-npu4,
1782563481.7477944,200,120.44351700023981,qwen15b-npu4,
1782563481.7537568,200,126.6785460011306,qwen15b-npu5,
1782563481.7541904,200,130.3009719995316,qwen15b-npu5,
1782563481.7571456,200,141.04380099888658,qwen15b-npu7,
1782563481.757532,200,131.62084800023877,qwen15b-npu7,
1782563481.7681353,200,142.5477269986004,qwen15b-npu3,
1782563481.76848,200,153.15436600030807,qwen15b-npu6,
1782563481.7687252,200,149.14579800097272,qwen15b-npu3,
1782563481.7689466,200,143.79172299959464,qwen15b-npu6,
1782563481.771869,200,123.07993899958092,qwen15b-npu4,
1782563481.7767053,200,126.383254000757,qwen15b-npu5,
1782563481.7844737,200,138.8446999990265,qwen15b-npu7,
1782563481.784825,200,131.55558800099243,qwen15b-npu7,
1782563481.7892935,200,136.92231200002425,qwen15b-npu6,
1782563481.7899408,200,145.35849999992934,qwen15b-npu6,
1782563481.7965882,200,122.42853599855152,qwen15b-npu4,
1782563481.7977269,200,127.99325199921441,qwen15b-npu3,
1782563481.7982197,200,152.38190200034296,qwen15b-npu3,
1782563481.8027217,200,127.54372900053568,qwen15b-npu5,
1782563481.8104703,200,130.17822099936893,qwen15b-npu7,
1782563481.818655,200,142.36484699904395,qwen15b-npu6,
1782563481.823247,200,113.43982500147831,qwen15b-npu4,
1782563481.8235734,200,123.87737300014123,qwen15b-npu4,
1782563481.8245647,200,129.56388800012064,qwen15b-npu3,
1782563481.8288689,200,125.1611089992366,qwen15b-npu5,
1782563481.8383493,200,132.3832610014506,qwen15b-npu7,
1782563481.8467894,200,142.3486359999515,qwen15b-npu6,
1782563481.8530326,200,147.59844099899055,qwen15b-npu3,
1782563481.8542736,200,133.99751799988735,qwen15b-npu5,
1782563481.8648837,200,128.1874529995548,qwen15b-npu7,
1782563481.8723984,200,124.53609600015625,qwen15b-npu4,
1782563481.8762455,200,151.24624700001732,qwen15b-npu6,
1782563481.8810794,200,133.57884699871647,qwen15b-npu3,
1782563481.8814805,200,127.6063700006489,qwen15b-npu5,
1782563481.8921602,200,134.9042929996358,qwen15b-npu7,
1782563481.8987994,200,130.24727199990593,qwen15b-npu4,
1782563481.8990648,200,122.2901359997195,qwen15b-npu4,
1782563481.9062107,200,151.89880999969319,qwen15b-npu6,
1782563481.9065163,200,137.50499500019941,qwen15b-npu6,
1782563481.9067733,200,122.2150249996048,qwen15b-npu5,
1782563481.9070249,200,138.2401579994621,qwen15b-npu5,
1782563481.9124959,200,154.89901399996597,qwen15b-npu3,
1782563481.9132314,200,141.2593309996737,qwen15b-npu3,
1782563481.9208343,200,152.58921299937356,qwen15b-npu7,
1782563481.9212635,200,131.87484899935953,qwen15b-npu7,
1782563481.9220886,200,119.2991419993632,qwen15b-npu7,
1782563481.9231663,200,126.50961400140659,qwen15b-npu4,
1782563481.9311767,200,132.84744399970805,qwen15b-npu5,
1782563481.9358175,200,137.97242699911294,qwen15b-npu6,
1782563481.9362168,200,151.2726279997878,qwen15b-npu6,
1782563481.9377816,200,147.77173199945537,qwen15b-npu3,
1782563481.9381897,200,127.62078999912774,qwen15b-npu3,
1782563481.9458191,200,121.18693000047642,qwen15b-npu7,
1782563481.9499443,200,131.2230460007413,qwen15b-npu4,
1782563481.9503255,200,111.8504980004218,qwen15b-npu4,
1782563481.9562964,200,132.65103300000192,qwen15b-npu5,
1782563481.9644535,200,141.10417099982442,qwen15b-npu6,
1782563481.9658637,200,136.86334100020758,qwen15b-npu3,
1782563481.9725986,200,118.25948700061417,qwen15b-npu7,
1782563481.9826581,200,135.79329699859954,qwen15b-npu5,
1782563481.9931195,200,140.01350599937723,qwen15b-npu6,
1782563481.9938035,200,128.85461499899975,qwen15b-npu3,
1782563481.9994247,200,117.86993600071582,qwen15b-npu7,
1782563481.9998813,200,127.41125899992767,qwen15b-npu4,
1782563482.008142,200,131.79625799966743,qwen15b-npu5,
1782563482.0219307,200,140.74106900079641,qwen15b-npu6,
1782563482.0228217,200,130.58809300127905,qwen15b-npu3,
1782563482.0262136,200,119.36391299968818,qwen15b-npu4,
1782563482.0266228,200,127.48930900124833,qwen15b-npu4,
1782563482.0273995,200,121.11032000029809,qwen15b-npu7,
1782563482.0347748,200,135.89679700089619,qwen15b-npu5,
1782563482.03515,200,122.58856699918397,qwen15b-npu5,
1782563482.0512238,200,144.1311250000581,qwen15b-npu3,
1782563482.051948,200,145.35918000001402,qwen15b-npu6,
1782563482.0523326,200,130.15011100105767,qwen15b-npu3,
1782563482.0531313,200,131.7531290005718,qwen15b-npu4,
1782563482.0536315,200,115.7383560002927,qwen15b-npu4,
1782563482.0540602,200,140.7213589991443,qwen15b-npu6,
1782563482.0557027,200,119.77588500121783,qwen15b-npu7,
1782563482.0560496,200,135.0855339987902,qwen15b-npu7,
1782563482.062355,200,139.11502200062387,qwen15b-npu5,
1782563482.0627651,200,124.45985600061249,qwen15b-npu5,
1782563482.0750504,200,118.65624900019611,qwen15b-npu4,
1782563482.0793357,200,143.04174999961106,qwen15b-npu3,
1782563482.0797193,200,133.80569800028752,qwen15b-npu6,
1782563482.0800936,200,129.69986900134245,qwen15b-npu3,
1782563482.0815184,200,150.2586730002804,qwen15b-npu6,
1782563482.081944,200,131.89412899919262,qwen15b-npu7,
1782563482.0870476,200,122.47363599999517,qwen15b-npu5,
1782563482.1061046,200,123.34885099880921,qwen15b-npu3,
1782563482.1069472,200,134.27864000004774,qwen15b-npu7,
1782563482.1080143,200,142.08586499989906,qwen15b-npu6,
1782563482.1124249,200,118.5525079999934,qwen15b-npu5,
1782563482.1255064,200,132.31402099881961,qwen15b-npu4,
1782563482.1342514,200,126.04172200008179,qwen15b-npu3,
1782563482.1345398,200,134.54487200033327,qwen15b-npu7,
1782563482.136599,200,137.0585429995117,qwen15b-npu6,
1782563482.1375515,200,114.62568000024476,qwen15b-npu5,
1782563482.151729,200,116.85351099913532,qwen15b-npu4,
1782563482.152201,200,130.16894099928322,qwen15b-npu4,
1782563482.1623,200,135.6149959992763,qwen15b-npu7,
1782563482.1626642,200,135.16569400053413,qwen15b-npu3,
1782563482.1635952,200,128.32540300041728,qwen15b-npu5,
1782563482.1647372,200,138.3977590012364,qwen15b-npu6,
1782563482.176828,200,114.36648000017158,qwen15b-npu4,
1782563482.1777372,200,124.49310599913588,qwen15b-npu4,
1782563482.1895072,200,126.62951499987685,qwen15b-npu5,
1782563482.1897504,200,135.56141600020055,qwen15b-npu5,
1782563482.1914551,200,140.11327600019285,qwen15b-npu7,
1782563482.1920314,200,136.24820899894985,qwen15b-npu3,
1782563482.1928496,200,140.44911800010595,qwen15b-npu3,
1782563482.1933835,200,137.22018299995398,qwen15b-npu7,
1782563482.1941974,200,140.44876799925987,qwen15b-npu6,
1782563482.1950738,200,143.02474000032817,qwen15b-npu6,
1782563482.2018197,200,121.98724399968341,qwen15b-npu4,
1782563482.2153265,200,133.27454599857447,qwen15b-npu5,
1782563482.2191072,200,138.90428099875862,qwen15b-npu3,
1782563482.2216752,200,146.51376599977084,qwen15b-npu7,
1782563482.2220683,200,140.45453800099494,qwen15b-npu7,
1782563482.2266235,200,139.47085399922798,qwen15b-npu6,
1782563482.2269852,200,147.53363099953276,qwen15b-npu6,
1782563482.2278364,200,120.78546900011133,qwen15b-npu4,
1782563482.2411919,200,133.10343400007696,qwen15b-npu5,
1782563482.2476053,200,141.40424200013513,qwen15b-npu3,
1782563482.2490702,200,136.55108000057226,qwen15b-npu7,
1782563482.2529356,200,118.32989799950155,qwen15b-npu4,
1782563482.2545366,200,128.96765599907667,qwen15b-npu6,
1782563482.267536,200,130.83401399853756,qwen15b-npu5,
1782563482.2769604,200,124.64485700002115,qwen15b-npu3,
1782563482.277281,200,142.95869899979152,qwen15b-npu3,
1782563482.2781868,200,140.53356800104666,qwen15b-npu7,
1782563482.2792702,200,116.87442099901091,qwen15b-npu4,
1782563482.2825732,200,130.7128440002998,qwen15b-npu6,
1782563482.2940261,200,131.28220599901397,qwen15b-npu5,
1782563482.3040586,200,127.14052800038189,qwen15b-npu3,
1782563482.3052227,200,141.51465299983101,qwen15b-npu7,
1782563482.3055744,200,127.72565100021893,qwen15b-npu4,
1782563482.310292,200,145.48364100119215,qwen15b-npu6,
1782563482.320114,200,127.15272799869126,qwen15b-npu5,
1782563482.3211136,200,131.2857660013833,qwen15b-npu5,
1782563482.330854,200,136.55983100034064,qwen15b-npu4,
1782563482.3332477,200,131.33480599935865,qwen15b-npu3,
1782563482.3336315,200,141.52331299919751,qwen15b-npu3,
1782563482.3339221,200,144.3486150001263,qwen15b-npu7,
1782563482.3347728,200,141.27702100086026,qwen15b-npu7,
1782563482.335041,200,119.60870400071144,qwen15b-npu4,
1782563482.3399577,200,148.36611400096444,qwen15b-npu6,
1782563482.3404284,200,145.28608999899006,qwen15b-npu6,
1782563482.3474627,200,128.28487300066627,qwen15b-npu5,
1782563482.3482585,200,120.3559369987488,qwen15b-npu5,
1782563482.3555508,200,128.44226400011394,qwen15b-npu4,
1782563482.3586287,200,136.84392200048023,qwen15b-npu7,
1782563482.3590028,200,132.29161100025522,qwen15b-npu3,
1782563482.3659437,200,143.81237300040084,qwen15b-npu6,
1782563482.3730042,200,118.40743799984921,qwen15b-npu5,
1782563482.3806515,200,127.65440000111994,qwen15b-npu4,
1782563482.3846176,200,135.48439599981066,qwen15b-npu3,
1782563482.386198,200,144.93869800026005,qwen15b-npu7,
1782563482.3865907,200,118.94391100031498,qwen15b-npu7,
1782563482.3934674,200,145.7605319992581,qwen15b-npu6,
1782563482.4001057,200,120.73312799839186,qwen15b-npu5,
1782563482.406551,200,128.29354200039234,qwen15b-npu4,
1782563482.413014,200,130.36965200080886,qwen15b-npu7,
1782563482.4134593,200,136.41237999945588,qwen15b-npu3,
1782563482.4219162,200,144.5186860000831,qwen15b-npu6,
1782563482.4225028,200,128.38020300114295,qwen15b-npu6,
1782563482.426693,200,120.99468000087654,qwen15b-npu5,
1782563482.4321272,200,126.81945700023789,qwen15b-npu4,
1782563482.4399352,200,129.56761900022684,qwen15b-npu7,
1782563482.4403608,200,136.23286900110543,qwen15b-npu3,
1782563482.4491296,200,128.947495999455,qwen15b-npu6,
1782563482.4529426,200,119.23757200020191,qwen15b-npu5,
1782563482.4580529,200,124.01663300079235,qwen15b-npu4,
1782563482.4586992,200,127.74815999910061,qwen15b-npu4,
1782563482.467306,200,126.76120499963872,qwen15b-npu7,
1782563482.4689412,200,120.56573799964099,qwen15b-npu3,
1782563482.4694686,200,134.6294509985455,qwen15b-npu7,
1782563482.4700003,200,136.63339100094163,qwen15b-npu3,
1782563482.4710011,200,149.74624999922526,qwen15b-npu3,
1782563482.4777381,200,142.57890800035966,qwen15b-npu6,
1782563482.4780602,200,130.52606299970648,qwen15b-npu6,
1782563482.4802127,200,121.4812920006807,qwen15b-npu5,
1782563482.480579,200,140.4847880003217,qwen15b-npu5,
1782563482.483147,200,127.49757900019176,qwen15b-npu4,
1782563482.4937186,200,134.64344100066228,qwen15b-npu7,
1782563482.4949133,200,121.84640399937052,qwen15b-npu3,
1782563482.504189,200,138.179837998905,qwen15b-npu6,
1782563482.5078769,200,123.19804999970074,qwen15b-npu5,
1782563482.508557,200,127.8452409987949,qwen15b-npu4,
1782563482.520979,200,134.6683319989097,qwen15b-npu7,
1782563482.5224638,200,128.9029859999573,qwen15b-npu3,
1782563482.5321016,200,145.438050998564,qwen15b-npu6,
1782563482.534016,200,133.80775799851108,qwen15b-npu4,
1782563482.534729,200,112.15638000066974,qwen15b-npu4,
1782563482.5357432,200,129.0955659987958,qwen15b-npu5,
1782563482.5500016,200,136.47018000119715,qwen15b-npu7,
1782563482.5504527,200,128.43494299886515,qwen15b-npu3,
1782563482.5590644,200,109.82403900015925,qwen15b-npu4,
1782563482.5609112,200,120.86116899990884,qwen15b-npu6,
1782563482.5612981,200,148.14467300129763,qwen15b-npu6,
1782563482.5621676,200,135.36857500002952,qwen15b-npu5,
1782563482.576172,200,143.9473540012841,qwen15b-npu7,
1782563482.5767484,200,118.60049899951264,qwen15b-npu7,
1782563482.5772579,200,136.78382099897135,qwen15b-npu3,
1782563482.5843172,200,115.27403400032199,qwen15b-npu4,
1782563482.5871475,200,128.38339300105872,qwen15b-npu6,
1782563482.5883014,200,135.29555499917478,qwen15b-npu5,
1782563482.6028862,200,122.24413500007358,qwen15b-npu7,
1782563482.6033936,200,133.28377600009844,qwen15b-npu7,
1782563482.6075008,200,140.0879859993438,qwen15b-npu3,
1782563482.6081567,200,130.3382820005936,qwen15b-npu3,
1782563482.61141,200,133.28513499982364,qwen15b-npu4,
1782563482.6120281,200,117.0521820004069,qwen15b-npu4,
1782563482.615252,200,131.99164000070596,qwen15b-npu6,
1782563482.6155472,200,144.44533599998977,qwen15b-npu6,
1782563482.6168494,200,136.53338000040094,qwen15b-npu5,
1782563482.6172218,200,147.6219910000509,qwen15b-npu5,
1782563482.6307147,200,122.77451800036943,qwen15b-npu7,
1782563482.6340508,200,140.2376469995943,qwen15b-npu3,
1782563482.635653,200,113.09979399993608,qwen15b-npu4,
1782563482.642742,200,138.48699900154315,qwen15b-npu5,
1782563482.6430843,200,134.46294099958322,qwen15b-npu6,
1782563482.6572247,200,123.14088899984199,qwen15b-npu7,
1782563482.6611843,200,110.61850199985201,qwen15b-npu4,
1782563482.662869,200,141.7777639999258,qwen15b-npu3,
1782563482.6638145,200,128.00881099974504,qwen15b-npu3,
1782563482.6705725,200,120.42047700015246,qwen15b-npu5,
1782563482.670875,200,138.66280000002007,qwen15b-npu5,
1782563482.6718998,200,137.0714830009092,qwen15b-npu6,
1782563482.6848545,200,125.68388100044103,qwen15b-npu7,
1782563482.68628,200,124.01391300045361,qwen15b-npu4,
1782563482.690237,200,128.81788499907998,qwen15b-npu3,
1782563482.6970468,200,120.77824900006817,qwen15b-npu5,
1782563482.699068,200,138.04390700170188,qwen15b-npu6,
1782563482.6995142,200,122.1926150010404,qwen15b-npu6,
1782563482.7114522,200,124.23537500035309,qwen15b-npu4,
1782563482.7120218,200,135.20774400058144,qwen15b-npu7,
1782563482.717435,200,133.05693499933113,qwen15b-npu3,
1782563482.7242777,200,135.864756999581,qwen15b-npu5,
1782563482.7255213,200,122.06230500123638,qwen15b-npu6,
1782563482.7375631,200,129.33797700134164,qwen15b-npu4,
1782563482.7384477,200,121.48764199992002,qwen15b-npu4,
1782563482.7394166,200,136.4352399996278,qwen15b-npu7,
1782563482.7406604,200,128.56083400038187,qwen15b-npu7,
1782563482.74689,200,131.27385700136074,qwen15b-npu3,
1782563482.747462,200,139.86133499929565,qwen15b-npu3,
1782563482.7529137,200,141.438972999822,qwen15b-npu5,
1782563482.7531674,200,135.83781700071995,qwen15b-npu5,
1782563482.75438,200,139.05741199960175,qwen15b-npu6,
1782563482.7547417,200,120.62864799918316,qwen15b-npu6,
1782563482.7629294,200,120.1160050004546,qwen15b-npu4,
1782563482.7661014,200,135.2916150008241,qwen15b-npu7,
1782563482.774909,200,139.19302199974481,qwen15b-npu3,
1782563482.7793775,200,136.22409900017374,qwen15b-npu5,
1782563482.7810314,200,119.75040399920545,qwen15b-npu6,
1782563482.7884994,200,124.590735998936,qwen15b-npu4,
1782563482.794181,200,123.1879189999745,qwen15b-npu7,
1782563482.7945704,200,137.24318300046434,qwen15b-npu7,
1782563482.8041046,200,141.13856200128794,qwen15b-npu3,
1782563482.8063242,200,135.67125699955795,qwen15b-npu5,
1782563482.8100336,200,138.03843700043217,qwen15b-npu6,
1782563482.8165653,200,130.22252100017795,qwen15b-npu4,
1782563482.820421,200,123.27709999954095,qwen15b-npu7,
1782563482.831506,200,131.9226190007612,qwen15b-npu3,
1782563482.8322463,200,147.2922990014922,qwen15b-npu3,
1782563482.8348753,200,144.5761559989478,qwen15b-npu5,
1782563482.8355725,200,123.48329099950206,qwen15b-npu5,
1782563482.8409843,200,129.47005800015177,qwen15b-npu4,
1782563482.8437731,200,144.63673700083746,qwen15b-npu6,
1782563482.8477898,200,130.2925719992345,qwen15b-npu7,
1782563482.859311,200,133.69689699902665,qwen15b-npu3,
1782563482.8617992,200,123.27901000026031,qwen15b-npu5,
1782563482.8679926,200,143.61329299936187,qwen15b-npu6,
1782563482.8682532,200,120.70284799847286,qwen15b-npu4,
1782563482.8685026,200,130.83875400116085,qwen15b-npu4,
1782563482.8687303,200,127.92164100028458,qwen15b-npu6,
1782563482.875934,200,122.69513800129062,qwen15b-npu7,
1782563482.8766315,200,137.12228300028073,qwen15b-npu7,
1782563482.8871517,200,132.6638130012725,qwen15b-npu3,
1782563482.8879647,200,140.92438100124127,qwen15b-npu3,
1782563482.8894866,200,123.32095999954618,qwen15b-npu5,
1782563482.890411,200,137.42233500124712,qwen15b-npu5,
1782563482.8934672,200,130.46806199963612,qwen15b-npu4,
1782563482.8955362,200,140.72337899960985,qwen15b-npu6,
1782563482.9027464,200,127.77604099937889,qwen15b-npu7,
1782563482.9164684,200,122.17417499959993,qwen15b-npu5,
1782563482.9194188,200,130.84111399984977,qwen15b-npu4,
1782563482.924202,200,144.68325699999696,qwen15b-npu6,
1782563482.9302685,200,135.62765599999693,qwen15b-npu7,
1782563482.9421399,200,161.0353819996817,qwen15b-npu3,
1782563482.9428365,200,136.41296999958286,qwen15b-npu3,
1782563482.9445322,200,127.86516999949527,qwen15b-npu5,
1782563482.9457502,200,135.64967599995725,qwen15b-npu4,
1782563482.952496,200,148.32700400074827,qwen15b-npu6,
1782563482.9580185,200,137.50040500053728,qwen15b-npu7,
1782563482.9714088,200,112.03534899868828,qwen15b-npu4,
1782563482.9717023,200,139.35484300054668,qwen15b-npu3,
1782563482.9724665,200,137.52740400013863,qwen15b-npu4,
1782563482.9734159,200,125.53363100050774,qwen15b-npu3,
1782563482.9742665,200,138.599100000647,qwen15b-npu5,
1782563482.981551,200,149.9807320014952,qwen15b-npu6,
1782563482.9818666,200,137.94858700020995,qwen15b-npu6,
1782563482.9851372,200,144.0866749999259,qwen15b-npu7,
1782563482.996213,200,128.1493219994445,qwen15b-npu4,
1782563482.9986584,200,129.8473599999852,qwen15b-npu3,
1782563483.0009015,200,124.89957799880358,qwen15b-npu5,
1782563483.001535,200,139.62784399882366,qwen15b-npu5,
1782563483.0098047,200,122.54706700150564,qwen15b-npu6,
1782563483.010599,200,142.03147599982913,qwen15b-npu6,
1782563483.0151083,200,146.78016700054286,qwen15b-npu7,
1782563483.0154004,200,138.70139000027848,qwen15b-npu7,
1782563483.0156212,200,122.02010399960272,qwen15b-npu7,
1782563483.0228713,200,133.2795750004152,qwen15b-npu4,
1782563483.0272458,200,136.73426099921926,qwen15b-npu5,
1782563483.027645,200,139.58248400012963,qwen15b-npu3,
1782563483.0284936,200,125.66489100026956,qwen15b-npu3,
1782563483.0381563,200,142.5394080015394,qwen15b-npu6,
1782563483.0475247,200,130.97905500035267,qwen15b-npu4,
1782563483.053231,200,133.71937699957925,qwen15b-npu5,
1782563483.065907,200,135.56991600125912,qwen15b-npu6,
1782563483.0678933,200,143.58325200009858,qwen15b-npu7,
1782563483.0682366,200,122.34989500029769,qwen15b-npu7,
1782563483.0729818,200,130.04875100159552,qwen15b-npu4,
1782563483.0796494,200,135.0209129996074,qwen15b-npu5,
1782563483.0837722,200,125.64839100014069,qwen15b-npu3,
1782563483.0841572,200,141.94431500072824,qwen15b-npu3,
1782563483.0944548,200,121.92305400094483,qwen15b-npu7,
1782563483.0947106,200,142.12059600140492,qwen15b-npu6,
1782563483.0989342,200,117.30733300100837,qwen15b-npu4,
1782563483.0995162,200,128.0419319991779,qwen15b-npu4,
1782563483.106405,200,134.5791019994067,qwen15b-npu5,
1782563483.106784,200,124.7909969988541,qwen15b-npu5,
1782563483.1101377,200,135.80122699931962,qwen15b-npu3,
1782563483.1214418,200,136.2172389999614,qwen15b-npu7,
1782563483.1234455,200,149.93662099914218,qwen15b-npu6,
1782563483.1237419,200,127.42702899959113,qwen15b-npu6,
1782563483.1247022,200,123.739052000019,qwen15b-npu4,
1782563483.135955,200,120.26752599922474,qwen15b-npu5,
1782563483.1362593,200,134.65746200017747,qwen15b-npu5,
1782563483.138151,200,139.43163300064043,qwen15b-npu3,
1782563483.1386395,200,123.46434099890757,qwen15b-npu3,
1782563483.150048,200,127.02121700021962,qwen15b-npu7,
1782563483.150353,200,134.88067300022522,qwen15b-npu4,
1782563483.1517463,200,141.84626499991282,qwen15b-npu7,
1782563483.1521523,200,124.78576700050326,qwen15b-npu6,
1782563483.1525705,200,123.97225400127354,qwen15b-npu4,
1782563483.1533847,200,142.68638800058397,qwen15b-npu6,
1782563483.162514,200,124.23213500005659,qwen15b-npu5,
1782563483.1661305,200,138.377698000113,qwen15b-npu3,
1782563483.176339,200,128.7270550001267,qwen15b-npu7,
1782563483.1805396,200,127.22064800072985,qwen15b-npu6,
1782563483.1893692,200,121.36828200164018,qwen15b-npu5,
1782563483.1942012,200,128.21897300091223,qwen15b-npu3,
1782563483.2003958,200,116.11517799974536,qwen15b-npu4,
1782563483.2008383,200,132.52954199924716,qwen15b-npu4,
1782563483.204652,200,131.60726800015254,qwen15b-npu7,
1782563483.2089276,200,129.17017700056022,qwen15b-npu6,
1782563483.215039,200,120.51110699940182,qwen15b-npu5,
1782563483.2248013,200,140.91426000049978,qwen15b-npu3,
1782563483.2252896,200,118.78120000073977,qwen15b-npu4,
1782563483.2257104,200,126.12700300087454,qwen15b-npu3,
1782563483.232388,200,137.6128850006353,qwen15b-npu7,
1782563483.233157,200,122.92448900007003,qwen15b-npu7,
1782563483.2365856,200,137.55705500079785,qwen15b-npu6,
1782563483.2417963,200,134.94434300082503,qwen15b-npu5,
1782563483.24216,200,117.35819400018954,qwen15b-npu5,
1782563483.2503393,200,126.47123500028101,qwen15b-npu4,
1782563483.2505908,200,111.89076799928444,qwen15b-npu4,
1782563483.2514195,200,127.89628099926631,qwen15b-npu3,
1782563483.25888,200,122.84956900111865,qwen15b-npu7,
1782563483.2658882,200,144.38256600078603,qwen15b-npu6,
1782563483.2668622,200,130.53150300038396,qwen15b-npu6,
1782563483.2680995,200,114.64988999978232,qwen15b-npu5,
1782563483.2683995,200,117.92854600025748,qwen15b-npu5,
1782563483.2746606,200,124.52504499924544,qwen15b-npu4,
1782563483.2801027,200,127.41200900018157,qwen15b-npu3,
1782563483.280401,200,142.18410600005882,qwen15b-npu3,
1782563483.2863448,200,123.76017199858325,qwen15b-npu7,
1782563483.2866411,200,134.78488300097524,qwen15b-npu7,
1782563483.298936,200,132.73852299971622,qwen15b-npu6,
1782563483.2994163,200,147.15575900117983,qwen15b-npu6,
1782563483.3004403,200,119.83476400018844,qwen15b-npu4,
1782563483.307081,200,130.64422400020703,qwen15b-npu3,
1782563483.3132358,200,118.96446100035973,qwen15b-npu7,
1782563483.318888,200,129.4109579994256,qwen15b-npu5,
1782563483.3247113,200,119.99666600058845,qwen15b-npu4,
1782563483.3350313,200,134.07883000036236,qwen15b-npu3,
1782563483.3405051,200,125.39965899850358,qwen15b-npu7,
1782563483.345979,200,136.95371199901274,qwen15b-npu5,
1782563483.3462067,200,113.72269599996798,qwen15b-npu5,
1782563483.3509576,200,108.73308400005044,qwen15b-npu4,
1782563483.351277,200,125.44834999971499,qwen15b-npu4,
1782563483.352868,200,127.92680200072937,qwen15b-npu6,
1782563483.353221,200,152.7017340013117,qwen15b-npu6,
1782563483.363181,200,137.77999600097246,qwen15b-npu3,
1782563483.3673327,200,134.0796889999183,qwen15b-npu7,
1782563483.3751705,200,109.18743599904701,qwen15b-npu4,
1782563483.376408,200,125.75601100070344,qwen15b-npu5,
1782563483.3813822,200,129.86214000011387,qwen15b-npu6,
1782563483.3817065,200,145.05694899889932,qwen15b-npu6,
1782563483.3932571,200,151.35695800017857,qwen15b-npu3,
1782563483.3936357,200,134.65293199988082,qwen15b-npu3,
1782563483.3952692,200,126.75845600097091,qwen15b-npu7,
1782563483.3956454,200,145.23639999970328,qwen15b-npu7,
1782563483.4001493,200,119.68011299904902,qwen15b-npu5,
1782563483.400408,200,133.43734699992638,qwen15b-npu5,
1782563483.4014156,200,121.23842099936155,qwen15b-npu4,
1782563483.4085834,200,140.40493799984688,qwen15b-npu6,
1782563483.4198155,200,145.05705899864552,qwen15b-npu3,
1782563483.4215279,200,134.7734920000221,qwen15b-npu7,
1782563483.425733,200,125.19082900143985,qwen15b-npu5,
1782563483.4265027,200,126.96125699949334,qwen15b-npu4,
1782563483.4377582,200,124.45529499927943,qwen15b-npu6,
1782563483.4385316,200,152.10364099948492,qwen15b-npu6,
1782563483.4480715,200,140.90321000003314,qwen15b-npu7,
1782563483.4492738,200,150.22115300052974,qwen15b-npu3,
1782563483.4496617,200,130.70683400110283,qwen15b-npu3,
1782563483.4526215,200,127.84625099993718,qwen15b-npu4,
1782563483.4547668,200,119.67441300112114,qwen15b-npu5,
1782563483.4752812,200,122.32887599930109,qwen15b-npu7,
1782563483.4762812,200,135.66886599983263,qwen15b-npu7,
1782563483.4766538,200,130.38487199992232,qwen15b-npu3,
1782563483.4781442,200,110.71721299958881,qwen15b-npu4,
1782563483.4785006,200,127.11016699904576,qwen15b-npu4,
1782563483.4815655,200,130.52273299945227,qwen15b-npu5,
1782563483.494234,200,140.89783000054013,qwen15b-npu6,
1782563483.4944797,200,148.4354540007189,qwen15b-npu6,
1782563483.5012848,200,124.77877700075624,qwen15b-npu7,
1782563483.5031636,200,109.79622800005018,qwen15b-npu4,
1782563483.5039937,200,140.72884900087956,qwen15b-npu3,
1782563483.508225,200,132.97905400031595,qwen15b-npu5,
1782563483.52275,200,127.37480800024059,qwen15b-npu6,
1782563483.52327,200,141.49218300008215,qwen15b-npu6,
1782563483.5282984,200,128.07577199964726,qwen15b-npu4,
1782563483.5295312,200,120.88179899910756,qwen15b-npu7,
1782563483.5298266,200,134.06788900101674,qwen15b-npu7,
1782563483.5338857,200,152.40025200000673,qwen15b-npu3,
1782563483.534307,200,133.82615800037456,qwen15b-npu3,
1782563483.535,200,141.29573199898005,qwen15b-npu5,
1782563483.5358796,200,134.39439100147865,qwen15b-npu5,
1782563483.5513823,200,131.49975700071082,qwen15b-npu6,
1782563483.5543795,200,116.55227899973397,qwen15b-npu7,
1782563483.5551577,200,129.33082800009288,qwen15b-npu4,
1782563483.559843,200,138.2244480009831,qwen15b-npu3,
1782563483.5608103,200,134.21820000075968,qwen15b-npu5,
1782563483.578247,200,128.4733229986159,qwen15b-npu4,
1782563483.5818534,200,143.21148099952552,qwen15b-npu6,
1782563483.58226,200,129.5724989995506,qwen15b-npu7,
1782563483.5827925,200,127.96412100033194,qwen15b-npu6,
1782563483.5875604,200,138.17000800008827,qwen15b-npu5,
1782563483.5879834,200,139.8170560005383,qwen15b-npu3,
1782563483.6046722,200,110.12412999843946,qwen15b-npu4,
1782563483.605028,200,128.30543299969577,qwen15b-npu4,
1782563483.6090863,200,130.51373300004343,qwen15b-npu6,
1782563483.6098483,200,131.6080780015909,qwen15b-npu7,
1782563483.6123703,200,135.97143700098968,qwen15b-npu5,
1782563483.6127505,200,118.43884800146043,qwen15b-npu5,
1782563483.6165524,200,141.20518100025947,qwen15b-npu3,
1782563483.616928,200,135.26065400037623,qwen15b-npu3,
1782563483.629073,200,120.75044800076284,qwen15b-npu4,
1782563483.6362426,200,113.42903500008106,qwen15b-npu5,
1782563483.6374068,200,136.0599479994562,qwen15b-npu7,
1782563483.63843,200,135.19139400159474,qwen15b-npu6,
1782563483.6439292,200,139.86991599995235,qwen15b-npu3,
1782563483.6543844,200,124.49431499953789,qwen15b-npu4,
1782563483.6628966,200,128.8985760002106,qwen15b-npu5,
1782563483.6664274,200,143.0923799998709,qwen15b-npu7,
1782563483.6668036,200,132.37433200083615,qwen15b-npu7,
1782563483.6683514,200,139.94607600034215,qwen15b-npu6,
1782563483.6686344,200,133.56970700078818,qwen15b-npu6,
1782563483.6746209,200,138.6656499998935,qwen15b-npu3,
1782563483.6750329,200,145.43385100114392,qwen15b-npu3,
1782563483.6799276,200,128.47406299988506,qwen15b-npu4,
1782563483.6881876,200,133.71111800006474,qwen15b-npu5,
1782563483.695103,200,139.85314499950618,qwen15b-npu7,
1782563483.6961017,200,136.17292900016764,qwen15b-npu6,
1782563483.701587,200,140.71035899905837,qwen15b-npu3,
1782563483.705691,200,117.60027399941464,qwen15b-npu4,
1782563483.7060225,200,127.70851000095718,qwen15b-npu4,
1782563483.7137408,200,131.7632690006576,qwen15b-npu5,
1782563483.7226686,200,139.8092359995644,qwen15b-npu7,
1782563483.724436,200,142.0659159994102,qwen15b-npu6,
1782563483.728633,200,140.95542099857994,qwen15b-npu3,
1782563483.7307441,200,118.26444700091088,qwen15b-npu4,
1782563483.7395096,200,134.7354820009059,qwen15b-npu5,
1782563483.740329,200,127.50750899976993,qwen15b-npu5,
1782563483.7572792,200,152.18621200074267,qwen15b-npu7,
1782563483.7576544,200,141.00598000004538,qwen15b-npu7,
1782563483.759032,200,129.86719999935303,qwen15b-npu3,
1782563483.7593465,200,149.4340689987439,qwen15b-npu3,
1782563483.7607808,200,143.73727299971506,qwen15b-npu6,
1782563483.7611814,200,124.87325800066174,qwen15b-npu4,
1782563483.761631,200,152.44444300151372,qwen15b-npu6,
1782563483.7648392,200,127.332297999601,qwen15b-npu5,
1782563483.7821236,200,119.13360200014722,qwen15b-npu4,
1782563483.7842772,200,145.77919200019096,qwen15b-npu7,
1782563483.787532,200,143.53284199933114,qwen15b-npu6,
1782563483.7880669,200,133.61949700083642,qwen15b-npu3,
1782563483.7914007,200,116.6423999984545,qwen15b-npu5,
1782563483.7920299,200,125.53142100114201,qwen15b-npu5,
1782563483.8086748,200,133.52512600067712,qwen15b-npu4,
1782563483.8090906,200,112.90269300116051,qwen15b-npu4,
1782563483.8112404,200,131.22439600010694,qwen15b-npu7,
1782563483.8119214,200,144.9709589996928,qwen15b-npu7,
1782563483.8157017,200,114.04765800034511,qwen15b-npu5,
1782563483.816942,200,148.23756400073762,qwen15b-npu3,
1782563483.8173366,200,148.90779699999257,qwen15b-npu6,
1782563483.833362,200,110.59832199862285,qwen15b-npu4,
1782563483.8376937,200,131.93474900072033,qwen15b-npu7,
1782563483.8415031,200,117.00605099940731,qwen15b-npu5,
1782563483.8470469,200,133.19671600038419,qwen15b-npu3,
1782563483.8479478,200,152.74429400051304,qwen15b-npu3,
1782563483.8483174,200,142.2222960009094,qwen15b-npu6,
1782563483.8491905,200,160.9198109999852,qwen15b-npu6,
1782563483.8596504,200,119.21881200032658,qwen15b-npu4,
1782563483.8646111,200,135.87681699937093,qwen15b-npu7,
1782563483.8757336,200,144.86788800059003,qwen15b-npu6,
1782563483.8770344,200,137.4449349987117,qwen15b-npu3,
1782563483.889926,200,130.8169040003122,qwen15b-npu4,
1782563483.8924174,200,130.71235400093428,qwen15b-npu7,
1782563483.89274,200,134.96373300040432,qwen15b-npu7,
1782563483.8935888,200,132.29514100021333,qwen15b-npu5,
1782563483.894468,200,137.09536299938918,qwen15b-npu5,
1782563483.901327,200,140.43631799904688,qwen15b-npu3,
1782563483.90558,200,140.6428890004463,qwen15b-npu6,
1782563483.90588,200,146.45469500101171,qwen15b-npu6,
1782563483.9095175,200,125.13730800128542,qwen15b-npu4,
1782563483.9180973,200,130.49271199997747,qwen15b-npu5,
1782563483.9186878,200,130.55580300169822,qwen15b-npu7,
1782563483.930401,200,148.1788429991866,qwen15b-npu3,
1782563483.930753,200,138.6554000000615,qwen15b-npu3,
1782563483.933398,200,141.89678500042646,qwen15b-npu6,
1782563483.9371781,200,120.12998600039282,qwen15b-npu4,
1782563483.937552,200,128.7649749992852,qwen15b-npu4,
1782563483.944606,200,127.19373799882305,qwen15b-npu5,
1782563483.9449265,200,135.7219659985276,qwen15b-npu5,
1782563483.9459713,200,134.66129200060095,qwen15b-npu7,
1782563483.95791,200,142.1133549993101,qwen15b-npu3,
1782563483.962718,200,150.6998349996138,qwen15b-npu6,
1782563483.9630558,200,115.89213699880929,qwen15b-npu4,
1782563483.963643,200,125.89539199871069,qwen15b-npu6,
1782563483.970877,200,122.46276600126293,qwen15b-npu5,
1782563483.972159,200,138.70682999913697,qwen15b-npu7,
1782563483.9728227,200,124.76646700088168,qwen15b-npu7,
1782563483.9859014,200,144.3188450011803,qwen15b-npu3,
1782563483.987562,200,122.88051799987443,qwen15b-npu4,
1782563483.9912105,200,141.94758499979798,qwen15b-npu6,
1782563483.9972634,200,121.42962199868634,qwen15b-npu5,
1782563483.9982712,200,121.13594099901093,qwen15b-npu7,
1782563484.0130525,200,120.24555700008932,qwen15b-npu4,
1782563484.0144415,200,154.69280300021637,qwen15b-npu3,
1782563484.020323,200,130.29878199995437,qwen15b-npu6,
1782563484.0250742,200,131.4216970004054,qwen15b-npu5,
1782563484.0258954,200,131.32111599952623,qwen15b-npu7,
1782563484.0392025,200,133.5416769998119,qwen15b-npu4,
1782563484.0441606,200,138.1615080008487,qwen15b-npu3,
1782563484.044895,200,152.40025200000673,qwen15b-npu3,
1782563484.0504763,200,131.7231589982839,qwen15b-npu6,
1782563484.0508122,200,149.41864899992652,qwen15b-npu6,
1782563484.0530117,200,143.40028100014024,qwen15b-npu5,
1782563484.0533137,200,119.85048499991535,qwen15b-npu5,
1782563484.0553937,200,118.10756600061723,qwen15b-npu7,
1782563484.0559978,200,137.83384599992132,qwen15b-npu7,
1782563484.0656044,200,134.78156299970578,qwen15b-npu4,
1782563484.0662236,200,120.11382499986212,qwen15b-npu4,
1782563484.0730896,200,128.40405399947485,qwen15b-npu3,
1782563484.0736463,200,143.14758999898913,qwen15b-npu3,
1782563484.0778666,200,140.24513700132957,qwen15b-npu6,
1782563484.0787556,200,133.7175170010596,qwen15b-npu5,
1782563484.079904,200,121.90134299999045,qwen15b-npu7,
1782563484.0906746,200,126.9602060001489,qwen15b-npu4,
1782563484.1008112,200,137.9874659996858,qwen15b-npu3,
1782563484.1064403,200,133.5340969999379,qwen15b-npu6,
1782563484.1073437,200,135.11457400090876,qwen15b-npu7,
1782563484.1081424,200,145.01614899927517,qwen15b-npu6,
1782563484.1093402,200,138.33266800065758,qwen15b-npu5,
1782563484.1170628,200,129.39642799938156,qwen15b-npu4,
1782563484.130948,200,144.96072799920512,qwen15b-npu3,
1782563484.1337733,200,142.46525700036727,qwen15b-npu5,
1782563484.1343608,200,137.0311930004391,qwen15b-npu7,
1782563484.135197,200,136.8213219993777,qwen15b-npu6,
1782563484.1420252,200,127.48682900019048,qwen15b-npu4,
1782563484.1585212,200,138.10573800037673,qwen15b-npu5,
1782563484.159261,200,146.11485400018864,qwen15b-npu3,
1782563484.1620564,200,136.9159320001927,qwen15b-npu7,
1782563484.1633716,200,137.3677139999927,qwen15b-npu6,
1782563484.168361,200,124.10271299995657,qwen15b-npu4,
1782563484.1693196,200,116.22657800035086,qwen15b-npu4,
1782563484.1859975,200,130.4998819996399,qwen15b-npu5,
1782563484.1863377,200,141.37082199886208,qwen15b-npu5,
1782563484.1901245,200,139.23814200097695,qwen15b-npu7,
1782563484.1904929,200,134.42529100029788,qwen15b-npu7,
1782563484.1913483,200,152.07365100104653,qwen15b-npu3,
1782563484.1922965,200,138.86922100027732,qwen15b-npu3,
1782563484.1926663,200,126.96623699957854,qwen15b-npu6,
1782563484.1937916,200,143.21235100032936,qwen15b-npu6,
1782563484.1941698,200,121.01578000147128,qwen15b-npu4,
1782563484.2114472,200,137.73655600016355,qwen15b-npu5,
1782563484.2169394,200,138.97146099952806,qwen15b-npu7,
1782563484.2206345,200,140.66328899934888,qwen15b-npu3,
1782563484.220953,200,154.6653020013764,qwen15b-npu3,
1782563484.221298,200,142.43984699896828,qwen15b-npu6,
1782563484.2215753,200,130.7981039990409,qwen15b-npu4,
1782563484.238768,200,121.60151199896063,qwen15b-npu5,
1782563484.239078,200,138.20219800072664,qwen15b-npu5,
1782563484.2448604,200,135.41669500045828,qwen15b-npu4,
1782563484.2458825,200,139.342114000101,qwen15b-npu7,
1782563484.2474744,200,140.05009699940274,qwen15b-npu3,
1782563484.247786,200,139.5641839990276,qwen15b-npu6,
1782563484.2649028,200,122.80871800066961,qwen15b-npu5,
1782563484.270357,200,135.05386399992858,qwen15b-npu4,
1782563484.273712,200,142.66632799990475,qwen15b-npu7,
1782563484.275073,200,141.23355199990328,qwen15b-npu6,
1782563484.2757914,200,141.36316199983412,qwen15b-npu3,
1782563484.2909067,200,122.45031600104994,qwen15b-npu5,
1782563484.2959857,200,132.51118200059864,qwen15b-npu4,
1782563484.3021142,200,132.6901030006411,qwen15b-npu7,
1782563484.302456,200,143.83677400110173,qwen15b-npu7,
1782563484.303522,200,141.4041219995852,qwen15b-npu3,
1782563484.3039062,200,144.57017700078723,qwen15b-npu6,
1782563484.3183734,200,124.47374600014882,qwen15b-npu5,
1782563484.3187313,200,128.16714200016577,qwen15b-npu5,
1782563484.3231175,200,132.88819300032628,qwen15b-npu4,
1782563484.3239622,200,129.680289001044,qwen15b-npu4,
1782563484.3288434,200,137.42403399919567,qwen15b-npu7,
1782563484.3311427,200,138.74401999964903,qwen15b-npu6,
1782563484.3321114,200,146.0316030006652,qwen15b-npu6,
1782563484.3367298,200,150.2804419997119,qwen15b-npu3,
1782563484.3374374,200,144.70441699995717,qwen15b-npu3,
1782563484.3445492,200,122.85434799923678,qwen15b-npu5,
1782563484.3473125,200,126.58314500004053,qwen15b-npu4,
1782563484.357182,200,135.81101700037834,qwen15b-npu7,
1782563484.357494,200,145.98190400101885,qwen15b-npu7,
1782563484.3595376,200,142.49883800039242,qwen15b-npu6,
1782563484.3601558,200,121.00995000037074,qwen15b-npu6,
1782563484.3649335,200,143.91606299977866,qwen15b-npu3,
1782563484.3707304,200,124.78027700126404,qwen15b-npu5,
1782563484.3727677,200,127.81224100035615,qwen15b-npu4,
1782563484.3840525,200,136.49957999950857,qwen15b-npu7,
1782563484.384937,200,137.08275299904926,qwen15b-npu6,
1782563484.3921762,200,127.16740799987747,qwen15b-npu3,
1782563484.3925612,200,153.71480799876736,qwen15b-npu3,
1782563484.3972542,200,123.44473099983588,qwen15b-npu5,
1782563484.3984923,200,128.06997199913894,qwen15b-npu4,
1782563484.4126065,200,137.47086500006844,qwen15b-npu7,
1782563484.4129472,200,137.09098199979053,qwen15b-npu6,
1782563484.4187686,200,127.79636100094649,qwen15b-npu3,
1782563484.423917,200,121.72020300022268,qwen15b-npu5,
1782563484.4247007,200,128.60975399962626,qwen15b-npu4,
1782563484.4392796,200,135.68784599920036,qwen15b-npu6,
1782563484.440042,200,137.47705499918084,qwen15b-npu7,
1782563484.4469082,200,142.93584000006376,qwen15b-npu3,
1782563484.4507813,200,119.53405299937003,qwen15b-npu4,
1782563484.4510846,200,132.60968299982778,qwen15b-npu4,
1782563484.4525495,200,120.33588600024814,qwen15b-npu5,
1782563484.4527833,200,133.98746800157824,qwen15b-npu5,
1782563484.4675324,200,144.34985499974573,qwen15b-npu7,
1782563484.4678326,200,143.76966300005734,qwen15b-npu6,
1782563484.4685583,200,131.05584500044642,qwen15b-npu6,
1782563484.468801,200,131.97875900004874,qwen15b-npu7,
1782563484.4757755,200,128.3708229984768,qwen15b-npu4,
1782563484.476255,200,111.22751500079175,qwen15b-npu4,
1782563484.4774506,200,148.51419499973417,qwen15b-npu3,
1782563484.4782357,200,133.581457001128,qwen15b-npu3,
1782563484.4785113,200,121.25617099991359,qwen15b-npu5,
1782563484.4941158,200,133.892277999621,qwen15b-npu6,
1782563484.4951682,200,122.33706600090954,qwen15b-npu7,
1782563484.4955013,200,137.91467699957138,qwen15b-npu7,
1782563484.5018497,200,131.05703499968513,qwen15b-npu5,
1782563484.5040958,200,144.44992700009607,qwen15b-npu3,
1782563484.5211349,200,123.78566199913621,qwen15b-npu7,
1782563484.522157,200,138.0427280000731,qwen15b-npu6,
1782563484.5228996,200,124.3073949990503,qwen15b-npu6,
1782563484.5270255,200,114.01071799991769,qwen15b-npu4,
1782563484.5277765,200,135.14313400082756,qwen15b-npu5,
1782563484.528073,200,135.78663599946594,qwen15b-npu4,
1782563484.5322795,200,147.2777290000522,qwen15b-npu3,
1782563484.5484912,200,124.4694149991119,qwen15b-npu7,
1782563484.5493646,200,124.59568600024795,qwen15b-npu6,
1782563484.551429,200,111.31685599866614,qwen15b-npu4,
1782563484.552841,200,134.00699900012114,qwen15b-npu5,
1782563484.5595262,200,146.8294269998296,qwen15b-npu3,
1782563484.574925,200,124.07712300046114,qwen15b-npu7,
1782563484.5769572,200,124.11200400129019,qwen15b-npu4,
1782563484.5781817,200,126.9700870016095,qwen15b-npu6,
1782563484.5785184,200,131.54511799984903,qwen15b-npu5,
1782563484.5913322,200,138.71599999947648,qwen15b-npu3,
1782563484.592791,200,153.41369700036012,qwen15b-npu3,
1782563484.60323,200,127.38487900060136,qwen15b-npu4,
1782563484.6038475,200,136.23463899966737,qwen15b-npu7,
1782563484.6041486,200,126.59594500109961,qwen15b-npu7,
1782563484.6052387,200,137.29735400011123,qwen15b-npu5,
1782563484.6057708,200,129.45603799926175,qwen15b-npu5,
1782563484.6063113,200,128.0045820003579,qwen15b-npu6,
1782563484.6071265,200,138.50276000084705,qwen15b-npu6,
1782563484.6186588,200,149.79074999973818,qwen15b-npu3,
1782563484.6189198,200,140.2954969998973,qwen15b-npu3,
1782563484.630239,200,136.01784800084715,qwen15b-npu4,
1782563484.6310863,200,135.50865500110376,qwen15b-npu7,
1782563484.6314497,200,136.17543799955456,qwen15b-npu5,
1782563484.6362011,200,134.28812999882211,qwen15b-npu6,
1782563484.6468627,200,142.66870800020115,qwen15b-npu3,
1782563484.6559727,200,134.73797299957369,qwen15b-npu4,
1782563484.6564016,200,128.52587300039886,qwen15b-npu4,
1782563484.6570032,200,124.62786600008258,qwen15b-npu5,
1782563484.6577725,200,135.55310599986115,qwen15b-npu5,
1782563484.6597278,200,136.7255320001277,qwen15b-npu7,
1782563484.6627905,200,135.6592569991335,qwen15b-npu6,
1782563484.673295,200,145.1459790005174,qwen15b-npu3,
1782563484.6835737,200,130.66573399919434,qwen15b-npu4,
1782563484.6838772,200,124.28671400084568,qwen15b-npu5,
1782563484.6864114,200,137.81352600017271,qwen15b-npu7,
1782563484.6906514,200,141.22371099983866,qwen15b-npu6,
1782563484.7026145,200,124.35023400030332,qwen15b-npu3,
1782563484.7029932,200,151.46504800031835,qwen15b-npu3,
1782563484.7087805,200,130.1521910008887,qwen15b-npu4,
1782563484.7096024,200,118.1532070004323,qwen15b-npu5,
1782563484.715371,200,122.47296600071422,qwen15b-npu7,
1782563484.7161171,200,141.1271310007578,qwen15b-npu7,
1782563484.7200718,200,143.01153999986127,qwen15b-npu6,
1782563484.7352777,200,116.55457000051683,qwen15b-npu4,
1782563484.7360396,200,132.10351999987324,qwen15b-npu4,
1782563484.7371573,200,118.17948699899716,qwen15b-npu5,
1782563484.7376173,200,131.78857800085098,qwen15b-npu5,
1782563484.7415113,200,136.18348900126875,qwen15b-npu7,
1782563484.7496965,200,143.31930099979218,qwen15b-npu6,
1782563484.7501237,200,145.91225299955113,qwen15b-npu6,
1782563484.7589183,200,151.7168690006656,qwen15b-npu3,
1782563484.75973,200,129.3360979998397,qwen15b-npu3,
1782563484.7601528,200,156.82987299987872,qwen15b-npu3,
1782563484.7615552,200,125.27535899971554,qwen15b-npu4,
1782563484.7619605,200,115.03797300065344,qwen15b-npu5,
1782563484.7701156,200,138.59543000035046,qwen15b-npu7,
1782563484.775763,200,144.55611700032023,qwen15b-npu6,
1782563484.7854347,200,128.96824599920365,qwen15b-npu3,
1782563484.786259,200,128.40210300055332,qwen15b-npu4,
1782563484.786557,200,126.75748599940562,qwen15b-npu5,
1782563484.7985296,200,135.6259959993622,qwen15b-npu7,
1782563484.7988608,200,142.75805900069827,qwen15b-npu7,
1782563484.803294,200,146.21688400075072,qwen15b-npu6,
1782563484.8038423,200,130.4592619999312,qwen15b-npu6,
1782563484.8113596,200,124.82496699885814,qwen15b-npu5,
1782563484.8116665,200,127.99718200039933,qwen15b-npu4,
1782563484.8143542,200,130.40509200072847,qwen15b-npu3,
1782563484.8269954,200,136.26932999977726,qwen15b-npu7,
1782563484.8305712,200,127.8594110008271,qwen15b-npu6,
1782563484.8359427,200,127.09379700027057,qwen15b-npu4,
1782563484.836756,200,127.05443699996977,qwen15b-npu5,
1782563484.8421156,200,139.00826099961705,qwen15b-npu3,
1782563484.8563666,200,140.89564000096289,qwen15b-npu7,
1782563484.858488,200,120.74993900023401,qwen15b-npu6,
1782563484.8589122,200,142.72699800130795,qwen15b-npu6,
1782563484.8629742,200,113.12146400086931,qwen15b-npu4,
1782563484.8638587,200,128.47100399994815,qwen15b-npu4,
1782563484.8646579,200,128.54125399826444,qwen15b-npu5,
1782563484.8651621,200,114.97176199918613,qwen15b-npu5,
1782563484.871614,200,130.0355010007479,qwen15b-npu3,
1782563484.8722625,200,152.093190999949,qwen15b-npu3,
1782563484.886325,200,124.6666560000449,qwen15b-npu4,
1782563484.8875325,200,125.46970000039437,qwen15b-npu5,
1782563484.8898268,200,152.56048300034308,qwen15b-npu7,
1782563484.8909578,200,131.10110600064218,qwen15b-npu6,
1782563484.8915286,200,131.25648699860903,qwen15b-npu7,
1782563484.899779,200,140.74091899965424,qwen15b-npu3,
1782563484.9117281,200,125.38676899930579,qwen15b-npu4,
1782563484.912731,200,126.08908299989707,qwen15b-npu5,
1782563484.9186788,200,142.84304899956624,qwen15b-npu6,
1782563484.9193788,200,149.17308700023568,qwen15b-npu7,
1782563484.927392,200,141.90552500076592,qwen15b-npu3,
1782563484.9363613,200,132.45568100137461,qwen15b-npu4,
1782563484.9379442,200,126.50531500003126,qwen15b-npu5,
1782563484.9479563,200,149.03673700064246,qwen15b-npu6,
1782563484.948357,200,133.94904899905669,qwen15b-npu6,
1782563484.9493604,200,150.74389400069776,qwen15b-npu7,
1782563484.9496439,200,137.92140699843003,qwen15b-npu7,
1782563484.957508,200,154.12640999966243,qwen15b-npu3,
1782563484.957745,200,130.69826399987505,qwen15b-npu3,
1782563484.9621112,200,131.43966699863086,qwen15b-npu4,
1782563484.9631598,200,127.11950700031593,qwen15b-npu5,
1782563484.976636,200,134.4236799995997,qwen15b-npu6,
1782563484.9776769,200,140.81896000061533,qwen15b-npu7,
1782563484.9834445,200,127.01165699945705,qwen15b-npu3,
1782563484.9873433,200,122.06500499996764,qwen15b-npu4,
1782563484.9882119,200,129.18858699958946,qwen15b-npu4,
1782563484.9892447,200,117.5350140001683,qwen15b-npu5,
1782563484.9895859,200,130.98058499963372,qwen15b-npu5,
1782563485.0073466,200,143.36887200079218,qwen15b-npu6,
1782563485.0118282,200,121.90249400009634,qwen15b-npu4,
1782563485.0130277,200,149.9193709987594,qwen15b-npu7,
1782563485.0134356,200,141.10513100058597,qwen15b-npu7,
1782563485.0148437,200,123.77563200061559,qwen15b-npu5,
1782563485.0158563,200,151.07533700029308,qwen15b-npu3,
1782563485.0162585,200,128.62433400005102,qwen15b-npu3,
1782563485.0358891,200,149.49860899832856,qwen15b-npu6,
1782563485.0369084,200,137.03318199986825,qwen15b-npu6,
1782563485.0372071,200,124.37160500121536,qwen15b-npu4,
1782563485.0387068,200,119.95959500018216,qwen15b-npu5,
1782563485.0392416,200,147.58945100038545,qwen15b-npu7,
1782563485.0421164,200,130.29100200037647,qwen15b-npu3,
1782563485.0621204,200,124.06997400103137,qwen15b-npu4,
1782563485.062949,200,135.4938550011866,qwen15b-npu6,
1782563485.0639358,200,115.46579500100052,qwen15b-npu5,
1782563485.0685933,200,149.11703700090584,qwen15b-npu7,
1782563485.0874314,200,129.8564600001555,qwen15b-npu4,
1782563485.0883248,200,110.54734199933591,qwen15b-npu4,
1782563485.0891197,200,131.31203600096342,qwen15b-npu5,
1782563485.0926034,200,129.34030699943833,qwen15b-npu6,
1782563485.093187,200,143.47326200004318,qwen15b-npu6,
1782563485.0978591,200,161.43676300089282,qwen15b-npu3,
1782563485.098939,200,150.86202500060608,qwen15b-npu3,
1782563485.0993698,200,149.93866100121522,qwen15b-npu7,
1782563485.0997412,200,137.5233250000747,qwen15b-npu7,
1782563485.1123161,200,122.66431799980637,qwen15b-npu4,
1782563485.1140127,200,130.4715419992135,qwen15b-npu5,
1782563485.1196914,200,131.38381699900492,qwen15b-npu6,
1782563485.1253808,200,148.68063500034623,qwen15b-npu3,
1782563485.1262233,200,136.86957200116012,qwen15b-npu3,
1782563485.127708,200,140.26121799906832,qwen15b-npu7,
1782563485.137367,200,124.22053500085894,qwen15b-npu4,
1782563485.1403444,200,132.8559440007666,qwen15b-npu5,
1782563485.1406496,200,124.6813360012311,qwen15b-npu5,
1782563485.147557,200,133.99606900020444,qwen15b-npu6,
1782563485.1529603,200,138.03036700119264,qwen15b-npu3,
1782563485.1576774,200,145.75322199925722,qwen15b-npu7,
1782563485.1581159,200,141.73600399954012,qwen15b-npu7,
1782563485.1624863,200,125.50077100058843,qwen15b-npu4,
1782563485.1646254,200,125.84591099948739,qwen15b-npu5,
1782563485.1756673,200,133.4564769986173,qwen15b-npu6,
1782563485.1764777,200,140.49063799939177,qwen15b-npu6,
1782563485.1810088,200,143.68377300161228,qwen15b-npu3,
1782563485.1855154,200,146.21236399943882,qwen15b-npu7,
1782563485.1883106,200,125.26698900001065,qwen15b-npu4,
1782563485.1898158,200,125.81221199980064,qwen15b-npu5,
1782563485.2087867,200,146.55315600066388,qwen15b-npu3,
1782563485.2129712,200,113.48871599875565,qwen15b-npu4,
1782563485.2133236,200,124.10829399959766,qwen15b-npu4,
1782563485.2153418,200,146.68659699964337,qwen15b-npu7,
1782563485.2162857,200,123.61822200000461,qwen15b-npu5,
1782563485.2165744,200,116.7083399996045,qwen15b-npu5,
1782563485.2305605,200,143.0650299989793,qwen15b-npu6,
1782563485.2310913,200,133.15538500137336,qwen15b-npu6,
1782563485.238243,200,139.1756320008426,qwen15b-npu3,
1782563485.2386818,200,150.24283299862873,qwen15b-npu3,
1782563485.2391741,200,113.72581700015871,qwen15b-npu4,
1782563485.2407334,200,114.39969999992172,qwen15b-npu5,
1782563485.2514937,200,158.23837900097715,qwen15b-npu7,
1782563485.2524133,200,140.0247159999708,qwen15b-npu7,
1782563485.2633495,200,122.92074899960426,qwen15b-npu4,
1782563485.2650788,200,150.9691559986095,qwen15b-npu6,
1782563485.2654684,200,128.0343210000865,qwen15b-npu6,
1782563485.2667866,200,119.12428100004036,qwen15b-npu5,
1782563485.2674704,200,147.71672200004105,qwen15b-npu3,
1782563485.2679179,200,127.16211800034216,qwen15b-npu3,
1782563485.2809541,200,153.144785999757,qwen15b-npu7,
1782563485.2888403,200,126.25719400057278,qwen15b-npu4,
1782563485.2908525,200,126.12737299969012,qwen15b-npu5,
1782563485.293834,200,136.04697800110443,qwen15b-npu6,
1782563485.2947705,200,136.53716100088786,qwen15b-npu3,
1782563485.310608,200,134.8442830003478,qwen15b-npu7,
1782563485.3113897,200,158.36510900044232,qwen15b-npu7,
1782563485.3142843,200,128.7007539995102,qwen15b-npu4,
1782563485.316485,200,128.08121200032474,qwen15b-npu5,
1782563485.3213086,200,144.72752699839475,qwen15b-npu6,
1782563485.3227074,200,141.60240399905888,qwen15b-npu3,
1782563485.3385954,200,148.7139759992715,qwen15b-npu7,
1782563485.3396254,200,126.23472300037974,qwen15b-npu4,
1782563485.3418338,200,126.43178399957833,qwen15b-npu5,
1782563485.3506343,200,141.7353840006399,qwen15b-npu6,
1782563485.3510118,200,134.32171999920683,qwen15b-npu6,
1782563485.3519592,200,138.89205099985702,qwen15b-npu3,
1782563485.3674374,200,129.04368700037594,qwen15b-npu7,
1782563485.3679798,200,151.61984899896197,qwen15b-npu7,
1782563485.3686464,200,117.0542519994342,qwen15b-npu4,
1782563485.369902,200,138.7486200001149,qwen15b-npu4,
1782563485.3702216,200,117.70654399879277,qwen15b-npu5,
1782563485.3712091,200,131.91065899991372,qwen15b-npu5,
1782563485.3783095,200,139.49950400092348,qwen15b-npu6,
1782563485.380753,200,139.92015499934496,qwen15b-npu3,
1782563485.381088,200,150.43208399947616,qwen15b-npu3,
1782563485.3924274,200,126.83980600013456,qwen15b-npu4,
1782563485.3937502,200,125.76872099998582,qwen15b-npu5,
1782563485.3952823,200,128.37756299995817,qwen15b-npu7,
1782563485.3962514,200,132.7827540008002,qwen15b-npu7,
1782563485.4049659,200,123.91144299908774,qwen15b-npu6,
1782563485.4052804,200,140.08919700063416,qwen15b-npu6,
1782563485.408324,200,140.75542899990978,qwen15b-npu3,
1782563485.4186535,200,127.69837999985612,qwen15b-npu4,
1782563485.419457,200,125.52610999955505,qwen15b-npu5,
1782563485.4229379,200,128.05719199968735,qwen15b-npu7,
1782563485.4311795,200,120.47610700028599,qwen15b-npu6,
1782563485.4378786,200,126.38220400003775,qwen15b-npu3,
1782563485.4382327,200,149.29397800005972,qwen15b-npu3,
1782563485.4445822,200,130.19672100017488,qwen15b-npu4,
1782563485.4453335,200,128.7543349990301,qwen15b-npu5,
1782563485.4515862,200,130.1756410011876,qwen15b-npu7,
1782563485.4580708,200,135.26396400084195,qwen15b-npu6,
1782563485.4643583,200,125.66629099819693,qwen15b-npu3,
1782563485.4707663,200,131.07925499934936,qwen15b-npu4,
1782563485.472984,200,131.0890249988006,qwen15b-npu5,
1782563485.4784021,200,127.65301999934309,qwen15b-npu7,
1782563485.4842224,200,133.14551499934169,qwen15b-npu6,
1782563485.4922962,200,140.24433700069494,qwen15b-npu3,
1782563485.4973128,200,126.00614299844892,qwen15b-npu4,
1782563485.498064,200,130.50810300046578,qwen15b-npu4,
1782563485.4992123,200,131.1244650005392,qwen15b-npu5,
1782563485.4996133,200,121.19927999992797,qwen15b-npu5,
1782563485.506838,200,126.00686199948541,qwen15b-npu7,
1782563485.5074584,200,138.74190999922575,qwen15b-npu7,
1782563485.5113454,200,141.3664219999191,qwen15b-npu6,
1782563485.5120363,200,130.83655499940505,qwen15b-npu6,
1782563485.5198605,200,149.5151490016724,qwen15b-npu3,
1782563485.5206966,200,128.16449199999624,qwen15b-npu3,
1782563485.5224483,200,127.06022700149333,qwen15b-npu5,
1782563485.5241067,200,130.26082100077474,qwen15b-npu4,
1782563485.5244105,200,116.02403699907882,qwen15b-npu4,
1782563485.535111,200,138.7494600003265,qwen15b-npu7,
1782563485.5386615,200,115.62798599879898,qwen15b-npu6,
1782563485.5389576,200,133.56352700066054,qwen15b-npu6,
1782563485.5463684,200,141.31435200033593,qwen15b-npu3,
1782563485.5487325,200,129.98227000025508,qwen15b-npu5,
1782563485.563085,200,143.52943199992296,qwen15b-npu7,
1782563485.5646324,200,119.95147500056191,qwen15b-npu6,
1782563485.5724685,200,114.30940900027053,qwen15b-npu4,
1782563485.5731628,200,135.1668540009996,qwen15b-npu4,
1782563485.5746374,200,143.34894100102247,qwen15b-npu3,
1782563485.575076,200,136.77783099956287,qwen15b-npu5,
1782563485.575488,200,123.78105199968559,qwen15b-npu3,
1782563485.5918202,200,120.96870900131762,qwen15b-npu7,
1782563485.5921967,200,146.76949699969555,qwen15b-npu7,
1782563485.593045,200,119.9600449999707,qwen15b-npu6,
1782563485.5977237,200,113.4055750007974,qwen15b-npu4,
1782563485.5994482,200,134.99361399954068,qwen15b-npu5,
1782563485.6009185,200,122.44617600117635,qwen15b-npu3,
1782563485.6194007,200,122.01373400057491,qwen15b-npu7,
1782563485.6204805,200,122.32057499932125,qwen15b-npu6,
1782563485.622944,200,123.21428999894124,qwen15b-npu4,
1782563485.6257014,200,133.3084460002283,qwen15b-npu5,
1782563485.626566,200,119.6567339993635,qwen15b-npu5,
1782563485.628224,200,128.8806550001027,qwen15b-npu3,
1782563485.6483362,200,123.86753299870179,qwen15b-npu6,
1782563485.648676,200,137.25780300046608,qwen15b-npu6,
1782563485.650387,200,142.86449899918807,qwen15b-npu7,
1782563485.6507232,200,130.75650400060113,qwen15b-npu4,
1782563485.6514008,200,116.17321800076752,qwen15b-npu4,
1782563485.651795,200,129.24848800139443,qwen15b-npu7,
1782563485.6534166,200,132.61541300016688,qwen15b-npu5,
1782563485.6540217,200,114.95200300123543,qwen15b-npu5,
1782563485.6580448,200,145.9256029993412,qwen15b-npu3,
1782563485.6586633,200,134.4643209995411,qwen15b-npu3,
1782563485.6752708,200,112.08871900089434,qwen15b-npu4,
1782563485.6755893,200,129.12291700013157,qwen15b-npu6,
1782563485.6763384,200,137.59617499999877,qwen15b-npu7,
1782563485.677398,200,112.67008200047712,qwen15b-npu5,
1782563485.6850007,200,136.20450799862738,qwen15b-npu3,
1782563485.7001917,200,125.45855000098527,qwen15b-npu4,
1782563485.701622,200,128.39025299945206,qwen15b-npu6,
1782563485.702374,200,129.79420900046534,qwen15b-npu7,
1782563485.7054017,200,129.8493200010853,qwen15b-npu5,
1782563485.7125921,200,137.42310499947052,qwen15b-npu3,
1782563485.725592,200,127.80563100022846,qwen15b-npu4,
1782563485.7299554,200,138.03373699920485,qwen15b-npu7,
1782563485.7302268,200,129.24288700014586,qwen15b-npu7,
1782563485.7306063,200,138.33630900080607,qwen15b-npu6,
1782563485.7314563,200,131.91319900033704,qwen15b-npu5,
1782563485.7405725,200,147.41919000152848,qwen15b-npu3,
1782563485.7511299,200,128.09994200142683,qwen15b-npu4,
1782563485.7566159,200,130.81707499986805,qwen15b-npu5,
1782563485.7570753,200,130.40714300041145,qwen15b-npu7,
1782563485.7584486,200,130.1279009985592,qwen15b-npu6,
1782563485.758841,200,139.33183299923257,qwen15b-npu6,
1782563485.7685533,200,147.9740419999871,qwen15b-npu3,
1782563485.7779999,200,129.59600899921497,qwen15b-npu4,
1782563485.7783644,200,124.23166500047955,qwen15b-npu4,
1782563485.7828658,200,132.3871210006473,qwen15b-npu5,
1782563485.7833493,200,129.8324599993066,qwen15b-npu5,
1782563485.7847407,200,126.01226299921109,qwen15b-npu6,
1782563485.7850592,200,133.53900700167287,qwen15b-npu6,
1782563485.7865815,200,128.4577040005388,qwen15b-npu7,
1782563485.7874048,200,135.49453599989647,qwen15b-npu7,
1782563485.7977078,200,146.8906070003868,qwen15b-npu3,
1782563485.7980878,200,149.33925800141878,qwen15b-npu3,
1782563485.8024855,200,126.79379600012908,qwen15b-npu4,
1782563485.8075807,200,131.1754859998473,qwen15b-npu5,
1782563485.811859,200,134.39003100029367,qwen15b-npu7,
1782563485.8122222,200,127.15569700048945,qwen15b-npu6,
1782563485.8253198,200,125.00660800105834,qwen15b-npu3,
1782563485.8257284,200,150.36247299940442,qwen15b-npu3,
1782563485.8287616,200,127.06492799952684,qwen15b-npu4,
1782563485.8334966,200,131.0536149994732,qwen15b-npu5,
1782563485.8383362,200,125.67820099866367,qwen15b-npu6,
1782563485.8396096,200,134.14625999939744,qwen15b-npu7,
1782563485.8516123,200,125.95179200070561,qwen15b-npu3,
1782563485.8531888,200,123.14625900035026,qwen15b-npu4,
1782563485.859277,200,128.9790360006009,qwen15b-npu5,
1782563485.865604,200,134.86858299984306,qwen15b-npu6,
1782563485.8666098,200,135.0556230008806,qwen15b-npu7,
1782563485.8790193,200,127.80888099950971,qwen15b-npu4,
1782563485.8794317,200,138.78643099997134,qwen15b-npu3,
1782563485.8865967,200,129.40359800086298,qwen15b-npu5,
1782563485.8923743,200,133.4018069992453,qwen15b-npu7,
1782563485.8946333,200,137.8977570002462,qwen15b-npu6,
1782563485.9067466,200,121.91851400166343,qwen15b-npu4,
1782563485.9071207,200,138.4667399997852,qwen15b-npu4,
1782563485.9084663,200,124.99202800063358,qwen15b-npu3,
1782563485.908768,200,150.21114199953445,qwen15b-npu3,
1782563485.9139163,200,135.81559699923673,qwen15b-npu5,
1782563485.9145784,200,129.4620680000662,qwen15b-npu5,
1782563485.9197316,200,136.80132199988293,qwen15b-npu6,
1782563485.9208734,200,133.3558059995994,qwen15b-npu6,
1782563485.9218729,200,143.43889199881232,qwen15b-npu7,
1782563485.922194,200,135.52568600061932,qwen15b-npu7,
1782563485.9324307,200,134.22532900040096,qwen15b-npu4,
1782563485.9355705,200,123.60453200017218,qwen15b-npu3,
1782563485.9363184,200,138.52613899871358,qwen15b-npu3,
1782563485.9395258,200,136.95146200007002,qwen15b-npu5,
1782563485.9468548,200,134.5545909989596,qwen15b-npu6,
1782563485.9477978,200,140.1602259993524,qwen15b-npu7,
1782563485.9486315,200,119.79573399912624,qwen15b-npu7,
1782563485.960361,200,134.51959099984379,qwen15b-npu4,
1782563485.960771,200,121.09833999966213,qwen15b-npu4,
1782563485.9622123,200,123.81239299975277,qwen15b-npu3,
1782563485.9660904,200,140.65034900158935,qwen15b-npu5,
1782563485.9740143,200,120.75631799962139,qwen15b-npu7,
1782563485.9744804,200,140.90152099925035,qwen15b-npu6,
1782563485.9854782,200,118.76414900143573,qwen15b-npu4,
1782563485.9907253,200,125.02139800017176,qwen15b-npu3,
1782563485.9936447,200,141.96344499941915,qwen15b-npu5,
1782563486.0015178,200,142.17203599946515,qwen15b-npu6,
1782563486.00192,200,122.41655599973456,qwen15b-npu7,
1782563486.011137,200,116.41110900018248,qwen15b-npu4,
1782563486.0198112,200,127.35330800023803,qwen15b-npu3,
1782563486.0210514,200,141.95251500132144,qwen15b-npu5,
1782563486.0280557,200,120.84005900032935,qwen15b-npu7,
1782563486.0293474,200,142.60744800048997,qwen15b-npu6,
1782563486.0296268,200,121.08289999923727,qwen15b-npu6,
1782563486.04387,200,129.86550999994506,qwen15b-npu4,
1782563486.0442314,200,121.96783400031563,qwen15b-npu4,
1782563486.046418,200,124.44545499965898,qwen15b-npu3,
1782563486.0467892,200,137.96348700088856,qwen15b-npu3,
1782563486.0488725,200,142.02301499972236,qwen15b-npu5,
1782563486.0493839,200,134.73794200035627,qwen15b-npu5,
1782563486.0559852,200,136.1861389996193,qwen15b-npu7,
1782563486.0566344,200,120.98521999905643,qwen15b-npu7,
1782563486.0570335,200,120.61506800091593,qwen15b-npu6,
1782563486.0577872,200,136.77578100032406,qwen15b-npu6,
1782563486.0622737,200,115.31066300085513,qwen15b-npu4,
1782563486.0740397,200,134.41296099881583,qwen15b-npu3,
1782563486.0743735,200,141.8201840006077,qwen15b-npu5,
1782563486.0746546,200,126.74872599927767,qwen15b-npu5,
1782563486.0829582,200,122.4873060000391,qwen15b-npu6,
1782563486.0884194,200,126.14336300066498,qwen15b-npu4,
1782563486.0892496,200,140.51970799846458,qwen15b-npu7,
1782563486.0994313,200,133.27173499965284,qwen15b-npu5,
1782563486.1009126,200,140.02604600136692,qwen15b-npu3,
1782563486.1100202,200,135.47174500126857,qwen15b-npu6,
1782563486.1128147,200,138.67285999913292,qwen15b-npu7,
1782563486.113574,200,122.7722570001788,qwen15b-npu4,
1782563486.126678,200,132.9625340003986,qwen15b-npu5,
1782563486.128663,200,143.09954999953334,qwen15b-npu3,
1782563486.1370783,200,135.07516299978306,qwen15b-npu7,
1782563486.1377254,200,136.07350799975393,qwen15b-npu6,
1782563486.1403835,200,120.45680699884542,qwen15b-npu4,
1782563486.1543133,200,133.13586399999622,qwen15b-npu5,
1782563486.1570203,200,145.80822300013097,qwen15b-npu3,
1782563486.1573362,200,127.64545999925758,qwen15b-npu3,
1782563486.1649423,200,135.51295600154845,qwen15b-npu6,
1782563486.1652255,200,118.3650380007748,qwen15b-npu6,
1782563486.1662323,200,122.2485059988685,qwen15b-npu4,
1782563486.1665626,200,117.11154200020246,qwen15b-npu4,
1782563486.1677783,200,139.62701500167896,qwen15b-npu7,
1782563486.1681557,200,121.5920519989595,qwen15b-npu7,
1782563486.18171,200,137.40821400097047,qwen15b-npu5,
1782563486.182576,200,125.81915200098592,qwen15b-npu5,
1782563486.1855211,200,136.58083000154875,qwen15b-npu3,
1782563486.1864262,200,128.56815400118649,qwen15b-npu3,
1782563486.1919453,200,129.5679779996135,qwen15b-npu4,
1782563486.1933115,200,118.58371900052589,qwen15b-npu6,
1782563486.1941376,200,137.04059200063057,qwen15b-npu6,
1782563486.1978798,200,141.81352400009928,qwen15b-npu7,
1782563486.2083948,200,134.2508199995791,qwen15b-npu5,
1782563486.2086754,200,119.33239199970558,qwen15b-npu5,
1782563486.2133243,200,130.26720200105046,qwen15b-npu3,
1782563486.217677,200,129.14685600117082,qwen15b-npu4,
1782563486.2220016,200,121.02572999901895,qwen15b-npu6,
1782563486.2271256,200,152.68646300137334,qwen15b-npu7,
1782563486.2276096,200,128.07860099928803,qwen15b-npu7,
1782563486.233834,200,120.19712600158527,qwen15b-npu5,
1782563486.2422204,200,132.09758999983023,qwen15b-npu3,
1782563486.2438223,200,130.94398500106763,qwen15b-npu4,
1782563486.2501054,200,121.38084199978039,qwen15b-npu6,
1782563486.2537496,200,127.01067700072599,qwen15b-npu7,
1782563486.2604592,200,119.9579750009434,qwen15b-npu5,
1782563486.2699008,200,132.10959100069886,qwen15b-npu4,
1782563486.270242,200,133.09768500039354,qwen15b-npu3,
1782563486.2812982,200,126.8419959997118,qwen15b-npu7,
1782563486.2862911,200,121.26964100025361,qwen15b-npu5,
1782563486.296502,200,131.21173600120528,qwen15b-npu4,
1782563486.2971249,200,128.90159500057052,qwen15b-npu4,
1782563486.2990289,200,132.35632099895156,qwen15b-npu3,
1782563486.3001766,200,142.76304800114303,qwen15b-npu3,
1782563486.3061233,200,138.27154799946584,qwen15b-npu6,
1782563486.3067923,200,149.6931300007418,qwen15b-npu6,
1782563486.3105001,200,127.79433100149618,qwen15b-npu7,
1782563486.3109825,200,144.66324699969846,qwen15b-npu7,
1782563486.3137348,200,131.9610400005331,qwen15b-npu5,
1782563486.3140264,200,120.6173079990549,qwen15b-npu5,
1782563486.3226998,200,130.6394530001853,qwen15b-npu4,
1782563486.323838,200,115.0866429998132,qwen15b-npu4,
1782563486.3275297,200,140.99397999962093,qwen15b-npu3,
1782563486.3364613,200,150.84310499878484,qwen15b-npu6,
1782563486.336896,200,138.92015099918353,qwen15b-npu6,
1782563486.337644,200,119.86607399921922,qwen15b-npu7,
1782563486.338944,200,144.70392700059165,qwen15b-npu7,
1782563486.339208,200,125.78252099956444,qwen15b-npu5,
1782563486.347976,200,120.2425060000678,qwen15b-npu4,
1782563486.3554475,200,146.98585699989053,qwen15b-npu3,
1782563486.356239,200,128.99200600077165,qwen15b-npu3,
1782563486.3650105,200,142.93982999879518,qwen15b-npu6,
1782563486.3657644,200,131.83754899910127,qwen15b-npu5,
1782563486.366147,200,123.78203200023563,qwen15b-npu7,
1782563486.3738086,200,119.99697499959439,qwen15b-npu4,
1782563486.383472,200,133.27603600009752,qwen15b-npu3,
1782563486.3906085,200,130.0397109989717,qwen15b-npu5,
1782563486.3943286,200,124.01257300007273,qwen15b-npu6,
1782563486.3947258,200,150.82327600066492,qwen15b-npu6,
1782563486.3959715,200,125.97957199977827,qwen15b-npu7,
1782563486.399535,200,113.17804499958584,qwen15b-npu4,
1782563486.4109867,200,129.62474900086818,qwen15b-npu3,
1782563486.4165113,200,119.90057500042894,qwen15b-npu5,
1782563486.4257305,200,119.51441299970611,qwen15b-npu4,
1782563486.4259639,200,128.7709949992859,qwen15b-npu7,
1782563486.4393852,200,125.584441000683,qwen15b-npu3,
1782563486.4402251,200,139.90778500010492,qwen15b-npu3,
1782563486.443789,200,136.92954200087115,qwen15b-npu5,
1782563486.4445832,200,121.77580299976398,qwen15b-npu5,
1782563486.450986,200,151.8968099990161,qwen15b-npu6,
1782563486.4519923,200,141.35931199962215,qwen15b-npu6,
1782563486.4539297,200,139.8389159985527,qwen15b-npu4,
1782563486.454699,200,117.72585499966226,qwen15b-npu4,
1782563486.45593,200,144.83459800067067,qwen15b-npu7,
1782563486.4562511,200,132.26965099966037,qwen15b-npu7,
1782563486.4690216,200,112.71281200060912,qwen15b-npu5,
1782563486.4700522,200,132.29786100055207,qwen15b-npu5,
1782563486.4705071,200,133.90443800017238,qwen15b-npu3,
1782563486.4785936,200,150.9567760003847,qwen15b-npu6,
1782563486.479166,200,139.88704500116,qwen15b-npu6,
1782563486.479868,200,124.31805500091286,qwen15b-npu4,
1782563486.4852808,200,146.25746400088246,qwen15b-npu7,
1782563486.4977434,200,149.69611999913468,qwen15b-npu3,
1782563486.4980886,200,132.9420640013268,qwen15b-npu3,
1782563486.506711,200,132.8150329991331,qwen15b-npu4,
1782563486.5070107,200,140.74996000090323,qwen15b-npu6,
1782563486.5152624,200,149.38567799981683,qwen15b-npu7,
1782563486.5199566,200,136.4239100003033,qwen15b-npu5,
1782563486.520587,200,120.98906900064321,qwen15b-npu5,
1782563486.526839,200,132.03331000113394,qwen15b-npu3,
1782563486.5321012,200,136.06991800043033,qwen15b-npu4,
1782563486.5349944,200,140.56607900056406,qwen15b-npu6,
1782563486.545958,200,134.90635300149734,qwen15b-npu7,
1782563486.5467417,200,156.02546900117886,qwen15b-npu7,
1782563486.553983,200,127.95263099906151,qwen15b-npu3,
1782563486.5577903,200,131.9948590007698,qwen15b-npu4,
1782563486.5641022,200,147.52865999980713,qwen15b-npu6,
1782563486.5714157,200,131.96674900063954,qwen15b-npu5,
1782563486.571776,200,119.68019399864716,qwen15b-npu5,
1782563486.5755055,200,135.16430399977253,qwen15b-npu7,
1782563486.5819278,200,125.90060200091102,qwen15b-npu3,
1782563486.582897,200,138.20534800106543,qwen15b-npu3,
1782563486.5848467,200,133.76636700013478,qwen15b-npu4,
1782563486.5852013,200,128.8651150007354,qwen15b-npu4,
1782563486.593601,200,149.71828000125242,qwen15b-npu6,
1782563486.5939407,200,139.14174199999252,qwen15b-npu6,
1782563486.599138,200,119.17384099979245,qwen15b-npu5,
1782563486.5998795,200,130.79423399904044,qwen15b-npu5,
1782563486.6064255,200,152.40213200013386,qwen15b-npu7,
1782563486.607142,200,136.98989300064568,qwen15b-npu7,
1782563486.6111548,200,131.91161900067527,qwen15b-npu4,
1782563486.611476,200,132.80834300167044,qwen15b-npu3,
1782563486.6204114,200,149.83886099980737,qwen15b-npu6,
1782563486.6209812,200,123.15565999961109,qwen15b-npu6,
1782563486.6229074,200,116.11705699942831,qwen15b-npu5,
1782563486.6360464,200,150.67161400111218,qwen15b-npu7,
1782563486.63704,200,129.910880999887,qwen15b-npu4,
1782563486.637801,200,139.596843999243,qwen15b-npu3,
1782563486.6473727,200,127.35444799909601,qwen15b-npu6,
1782563486.6490624,200,116.89954100074829,qwen15b-npu5,
1782563486.6632218,200,136.31738900039636,qwen15b-npu4,
1782563486.6664746,200,151.1223860015889,qwen15b-npu7,
1782563486.6667473,200,131.68585799940047,qwen15b-npu7,
1782563486.667423,200,146.76991699889186,qwen15b-npu3,
1782563486.6747122,200,116.8589709996013,qwen15b-npu5,
1782563486.6752176,200,129.1940169994632,qwen15b-npu6,
1782563486.6898081,200,135.73281599929032,qwen15b-npu4,
1782563486.6907232,200,115.1464529993973,qwen15b-npu4,
1782563486.696544,200,132.38008200096374,qwen15b-npu7,
1782563486.697793,200,125.89571200078353,qwen15b-npu3,
1782563486.698169,200,151.31806700082961,qwen15b-npu3,
1782563486.7032752,200,121.24947999836877,qwen15b-npu5,
1782563486.703638,200,132.14510999932827,qwen15b-npu6,
1782563486.7157454,200,122.06550399969274,qwen15b-npu4,
1782563486.7256145,200,140.34346800144704,qwen15b-npu3,
1782563486.7275574,200,144.5398470004875,qwen15b-npu7,
1782563486.7284496,200,117.21241300074325,qwen15b-npu5,
1782563486.7288153,200,134.755822000443,qwen15b-npu5,
1782563486.7308805,200,145.93575300023076,qwen15b-npu6,
1782563486.7314022,200,131.4592669987178,qwen15b-npu6,
1782563486.7428722,200,135.61615599974175,qwen15b-npu4,
1782563486.7432358,200,120.23352599862847,qwen15b-npu4,
1782563486.7525508,200,116.4074989992514,qwen15b-npu5,
1782563486.7560494,200,149.55849899888563,qwen15b-npu3,
1782563486.7572598,200,136.21005899949523,qwen15b-npu3,
1782563486.75809,200,158.84383100092236,qwen15b-npu7,
1782563486.7588866,200,147.33721900120145,qwen15b-npu7,
1782563486.759615,200,122.50867600050697,qwen15b-npu6,
1782563486.7598548,200,139.37778299987258,qwen15b-npu6,
1782563486.7675972,200,118.47490900072444,qwen15b-npu4,
1782563486.7788396,200,115.54905499906454,qwen15b-npu5,
1782563486.7850816,200,137.6463849992433,qwen15b-npu3,
1782563486.7863517,200,148.45567500015022,qwen15b-npu7,
1782563486.7928758,200,118.10214599972824,qwen15b-npu4,
1782563486.8055735,200,130.2922619997844,qwen15b-npu5,
1782563486.8138897,200,123.04199900063395,qwen15b-npu6,
1782563486.8142993,200,147.76117099972907,qwen15b-npu6,
1782563486.8150232,200,148.20745299948612,qwen15b-npu7,
1782563486.8163326,200,148.84454600178287,qwen15b-npu3,
1782563486.8186698,200,120.77635900095629,qwen15b-npu4,
1782563486.8300726,200,131.83096799912164,qwen15b-npu5,
1782563486.8396428,200,135.93719800155668,qwen15b-npu6,
1782563486.8424494,200,152.57835300144507,qwen15b-npu7,
1782563486.8427508,200,139.3786230000842,qwen15b-npu7,
1782563486.845193,200,113.72096600098303,qwen15b-npu4,
1782563486.8454883,200,119.80440500155964,qwen15b-npu4,
1782563486.8464952,200,149.85953100040206,qwen15b-npu3,
1782563486.846786,200,130.97839500005648,qwen15b-npu3,
1782563486.8566556,200,113.3097749989247,qwen15b-npu5,
1782563486.8576174,200,129.91529099963373,qwen15b-npu5,
1782563486.8675785,200,139.0121119984542,qwen15b-npu6,
1782563486.8683398,200,125.35341900002095,qwen15b-npu7,
1782563486.8688884,200,140.00583599954552,qwen15b-npu7,
1782563486.8741136,200,143.1337509984587,qwen15b-npu3,
1782563486.8807557,200,122.54707700049039,qwen15b-npu5,
1782563486.8945868,200,135.59411599999294,qwen15b-npu7,
1782563486.894936,200,142.2907860014675,qwen15b-npu6,
1782563486.8953707,200,135.44747500054655,qwen15b-npu6,
1782563486.8963082,200,138.93055100015772,qwen15b-npu4,
1782563486.8966687,200,128.9744960013195,qwen15b-npu4,
1782563486.9044046,200,144.71115699961956,qwen15b-npu3,
1782563486.9047985,200,148.65060500051186,qwen15b-npu3,
1782563486.9082866,200,129.3760080006905,qwen15b-npu5,
1782563486.9196057,200,113.96579800020845,qwen15b-npu4,
1782563486.9205744,200,134.16228999994928,qwen15b-npu6,
1782563486.9208608,200,135.71739699909813,qwen15b-npu7,
1782563486.9318697,200,138.92629100155318,qwen15b-npu3,
1782563486.9322085,200,117.79700499937462,qwen15b-npu5,
1782563486.9443746,200,125.60358100017766,qwen15b-npu4,
1782563486.947291,200,132.19632099935552,qwen15b-npu7,
1782563486.947663,200,133.65112700012105,qwen15b-npu6,
1782563486.958023,200,127.87804100116773,qwen15b-npu5,
1782563486.9583883,200,112.83198199998878,qwen15b-npu5,
1782563486.9611397,200,144.74222799981362,qwen15b-npu3,
1782563486.9705648,200,112.80541300038749,qwen15b-npu4,
1782563486.971016,200,125.75146200106246,qwen15b-npu4,
1782563486.974092,200,127.53308999890578,qwen15b-npu7,
1782563486.974868,200,135.13182399947254,qwen15b-npu7,
1782563486.9750977,200,132.58402199971897,qwen15b-npu6,
1782563486.9756336,200,128.78152499979478,qwen15b-npu6,
1782563486.9836571,200,115.95867700089002,qwen15b-npu5,
1782563486.9922369,200,135.5186250002589,qwen15b-npu3,
1782563486.9925876,200,149.77310100039176,qwen15b-npu3,
1782563486.9941385,200,113.31790499934868,qwen15b-npu4,
1782563487.0008237,200,132.41361099971982,qwen15b-npu7,
1782563487.0011947,200,132.24320100016485,qwen15b-npu6,
1782563487.0091786,200,114.1760289992817,qwen15b-npu5,
1782563487.0194476,200,122.66633699982776,qwen15b-npu4,
1782563487.0204222,200,146.2146539997775,qwen15b-npu3,
1782563487.027013,200,122.09996499950648,qwen15b-npu7,
1782563487.0274563,200,132.76268300069205,qwen15b-npu7,
1782563487.0287104,200,133.27483600005507,qwen15b-npu6,
1782563487.0289776,200,120.61793799875886,qwen15b-npu6,
1782563487.0350704,200,130.56231300106447,qwen15b-npu5,
1782563487.0355177,200,114.87741200107848,qwen15b-npu5,
1782563487.0448208,200,123.89507300031255,qwen15b-npu4,
1782563487.0504532,200,130.778934000773,qwen15b-npu3,
1782563487.0507984,200,154.40753099937865,qwen15b-npu3,
1782563487.0530984,200,121.16285099909874,qwen15b-npu7,
1782563487.0544832,200,122.21129499994277,qwen15b-npu6,
1782563487.0591714,200,111.77243799829739,qwen15b-npu5,
1782563487.0699313,200,122.14516499989259,qwen15b-npu4,
1782563487.079726,200,135.24768500064965,qwen15b-npu3,
1782563487.0811625,200,123.05259900131205,qwen15b-npu7,
1782563487.0835135,200,125.01333799991698,qwen15b-npu6,
1782563487.0843441,200,113.21951500030991,qwen15b-npu5,
1782563487.0955415,200,119.84423399917432,qwen15b-npu4,
1782563487.096372,200,125.68074100090598,qwen15b-npu4,
1782563487.107444,200,133.2883960003528,qwen15b-npu7,
1782563487.1101918,200,126.4227440005925,qwen15b-npu5,
1782563487.111402,200,118.7448000000586,qwen15b-npu6,
1782563487.111728,200,136.56067999909283,qwen15b-npu6,
1782563487.1141446,200,139.2104320002545,qwen15b-npu3,
1782563487.1147707,200,153.56828800031508,qwen15b-npu3,
1782563487.1195536,200,118.6210289997689,qwen15b-npu4,
1782563487.134377,200,125.13809899974149,qwen15b-npu7,
1782563487.1347222,200,142.39077599995653,qwen15b-npu7,
1782563487.1354873,200,134.22782999987248,qwen15b-npu5,
1782563487.1426668,200,148.46553499955917,qwen15b-npu3,
1782563487.1447923,200,109.16480599917122,qwen15b-npu4,
1782563487.1452658,200,118.17542599965236,qwen15b-npu4,
1782563487.1599534,200,131.17618599972047,qwen15b-npu7,
1782563487.1613982,200,116.5164600006392,qwen15b-npu5,
1782563487.1617618,200,134.18625899976178,qwen15b-npu5,
1782563487.1650488,200,145.50759100166033,qwen15b-npu6,
1782563487.165448,200,136.35801899908984,qwen15b-npu6,
1782563487.1706882,200,116.14582800029893,qwen15b-npu4,
1782563487.174034,200,138.84726100150147,qwen15b-npu3,
1782563487.1744606,200,153.97819000099844,qwen15b-npu3,
1782563487.1861172,200,126.87134599946148,qwen15b-npu5,
1782563487.1874392,200,117.40762299996277,qwen15b-npu7,
1782563487.1882305,200,137.69369599867787,qwen15b-npu7,
1782563487.1902905,200,139.37696299944946,qwen15b-npu6,
1782563487.194195,200,110.58845300067333,qwen15b-npu4,
1782563487.200626,200,147.43463000013435,qwen15b-npu3,
1782563487.2114825,200,127.07266700090258,qwen15b-npu5,
1782563487.2157903,200,120.18486599845346,qwen15b-npu7,
1782563487.219823,200,140.03223600047932,qwen15b-npu6,
1782563487.2202828,200,123.78903200078639,qwen15b-npu6,
1782563487.230433,200,149.20243799861055,qwen15b-npu3,
1782563487.2383938,200,126.59987500046554,qwen15b-npu5,
1782563487.2464058,200,126.7540260014357,qwen15b-npu4,
1782563487.2467425,200,136.4491989988892,qwen15b-npu4,
1782563487.2504086,200,136.2008190008055,qwen15b-npu6,
1782563487.2518713,200,140.36793800005398,qwen15b-npu7,
1782563487.2592976,200,144.4622060007532,qwen15b-npu3,
1782563487.259602,200,152.0665909993113,qwen15b-npu3,
1782563487.2646792,200,119.35405199983506,qwen15b-npu5,
1782563487.2649784,200,130.51988299957884,qwen15b-npu5,
1782563487.2705321,200,125.6724499999109,qwen15b-npu4,
1782563487.2763877,200,140.79869000124745,qwen15b-npu6,
1782563487.2773612,200,142.53062799980398,qwen15b-npu7,
1782563487.286367,200,143.6074519988324,qwen15b-npu3,
1782563487.28935,200,123.83156299983966,qwen15b-npu5,
1782563487.2962458,200,131.10843499998737,qwen15b-npu4,
1782563487.2965147,200,110.32841199994436,qwen15b-npu4,
1782563487.3046522,200,143.1490999984817,qwen15b-npu6,
1782563487.3050504,200,130.89567399947555,qwen15b-npu6,
1782563487.3063138,200,135.56566599982034,qwen15b-npu7,
1782563487.306645,200,146.59028599999147,qwen15b-npu7,
1782563487.3147411,200,127.20012799945835,qwen15b-npu5,
1782563487.316209,200,154.3349309995392,qwen15b-npu3,
1782563487.316905,200,142.33691600020393,qwen15b-npu3,
1782563487.3206959,200,120.00887499925739,qwen15b-npu4,
1782563487.3306847,200,140.2972880005109,qwen15b-npu6,
1782563487.3320892,200,143.7604430011561,qwen15b-npu7,
1782563487.3401399,200,128.58994399903168,qwen15b-npu5,
1782563487.3434749,200,149.18696799941245,qwen15b-npu3,
1782563487.3463438,200,115.81034600021667,qwen15b-npu4,
1782563487.357947,200,137.99560699953872,qwen15b-npu6,
1782563487.3588495,200,142.99744000163628,qwen15b-npu7,
1782563487.3656788,200,127.18602799941436,qwen15b-npu5,
1782563487.3713725,200,119.43561299995054,qwen15b-npu4,
1782563487.3723643,200,151.91853000033007,qwen15b-npu3,
1782563487.3853884,200,120.6463979997352,qwen15b-npu6,
1782563487.3861952,200,139.68450500033214,qwen15b-npu6,
1782563487.386978,200,140.1637960007065,qwen15b-npu7,
1782563487.387772,200,128.1032619990583,qwen15b-npu7,
1782563487.392341,200,132.97074399997655,qwen15b-npu5,
1782563487.3926563,200,116.16437699922244,qwen15b-npu5,
1782563487.3977997,200,127.17513799907465,qwen15b-npu4,
1782563487.4012487,200,136.15042800120136,qwen15b-npu3,
1782563487.4016573,200,151.15228699869476,qwen15b-npu3,
1782563487.4118557,200,125.42362999920442,qwen15b-npu6,
1782563487.4136112,200,136.1568479987909,qwen15b-npu7,
1782563487.4168968,200,120.31182600003376,qwen15b-npu5,
1782563487.4241242,200,117.36615300105768,qwen15b-npu4,
1782563487.4248934,200,128.5876339989045,qwen15b-npu4,
1782563487.4280295,200,138.61282000107167,qwen15b-npu3,
1782563487.4423797,200,125.38221899922064,qwen15b-npu6,
1782563487.4430978,200,137.92835599997488,qwen15b-npu6,
1782563487.444489,200,139.75593500072137,qwen15b-npu7,
1782563487.4451554,200,128.8770259998273,qwen15b-npu7,
1782563487.4455132,200,113.3276439995825,qwen15b-npu5,
1782563487.4463065,200,131.49480699939886,qwen15b-npu5,
1782563487.4499888,200,119.20196200117061,qwen15b-npu4,
1782563487.458194,200,151.78405000006023,qwen15b-npu3,
1782563487.4585416,200,137.77912599834963,qwen15b-npu3,
1782563487.4679255,200,124.38799499977904,qwen15b-npu6,
1782563487.469984,200,129.78086000111944,qwen15b-npu7,
1782563487.4745197,200,116.50271899998188,qwen15b-npu4,
1782563487.4849072,200,138.4605189996364,qwen15b-npu3,
1782563487.4935098,200,134.5673510004417,qwen15b-npu5,
1782563487.4970179,200,125.57652999930724,qwen15b-npu6,
1782563487.4975882,200,131.84714899944083,qwen15b-npu7,
1782563487.500622,200,115.14088300100411,qwen15b-npu4,
1782563487.5133119,200,140.82366899856424,qwen15b-npu3,
1782563487.5194354,200,121.54547200043453,qwen15b-npu5,
1782563487.520226,200,133.92591899901163,qwen15b-npu5,
1782563487.5245671,200,136.70050099972286,qwen15b-npu6,
1782563487.5255928,200,123.83107200002996,qwen15b-npu6,
1782563487.5262375,200,124.87748700004886,qwen15b-npu7,
1782563487.5266225,200,139.5761340008903,qwen15b-npu7,
1782563487.5269127,200,113.23945399999502,qwen15b-npu4,
1782563487.5283208,200,135.54356600070605,qwen15b-npu4,
1782563487.5419264,200,149.52000900120765,qwen15b-npu3,
1782563487.5422425,200,130.32287200076098,qwen15b-npu3,
1782563487.5451932,200,128.23347199991986,qwen15b-npu5,
1782563487.5521252,200,127.89874100053567,qwen15b-npu7,
1782563487.5528889,200,127.9026909996901,qwen15b-npu6,
1782563487.5692112,200,141.11843099999533,qwen15b-npu3,
1782563487.5708525,200,126.25437400129158,qwen15b-npu5,
1782563487.571197,200,121.12995999996201,qwen15b-npu5,
1782563487.5765371,200,130.12346100003924,qwen15b-npu4,
1782563487.576834,200,133.61540699952457,qwen15b-npu4,
1782563487.5806231,200,122.32908599980874,qwen15b-npu7,
1782563487.581359,200,122.75022799985891,qwen15b-npu6,
1782563487.5816615,200,136.03445800072222,qwen15b-npu7,
1782563487.5820334,200,136.77188200017554,qwen15b-npu6,
1782563487.5959666,200,121.3370509995002,qwen15b-npu5,
1782563487.5982218,200,155.78028799973254,qwen15b-npu3,
1782563487.598538,200,130.55104299928644,qwen15b-npu3,
1782563487.6022282,200,132.18106999920565,qwen15b-npu4,
1782563487.608055,200,123.0803090002155,qwen15b-npu7,
1782563487.6215367,200,120.85320899859653,qwen15b-npu5,
1782563487.6271336,200,130.0516310002422,qwen15b-npu3,
1782563487.6273837,200,129.7307999993791,qwen15b-npu4,
1782563487.6389596,200,125.53705999926024,qwen15b-npu7,
1782563487.6397285,200,146.12607399976696,qwen15b-npu6,
1782563487.646739,200,119.71921399890562,qwen15b-npu5,
1782563487.653623,200,125.20129899894528,qwen15b-npu4,
1782563487.6540444,200,129.38228800157958,qwen15b-npu4,
1782563487.6555016,200,128.8038350012357,qwen15b-npu3,
1782563487.6562133,200,135.88059799985786,qwen15b-npu3,
1782563487.6674159,200,141.74379399992176,qwen15b-npu7,
1782563487.6689878,200,126.95806699957757,qwen15b-npu7,
1782563487.669334,200,149.80769000067085,qwen15b-npu6,
1782563487.6698256,200,143.46906099854095,qwen15b-npu6,
1782563487.6733844,200,131.0788760001742,qwen15b-npu5,
1782563487.678217,200,125.23491899992223,qwen15b-npu4,
1782563487.6835303,200,131.2983070001792,qwen15b-npu3,
1782563487.6950014,200,149.74309999888646,qwen15b-npu6,
1782563487.69867,200,117.8971850004018,qwen15b-npu5,
1782563487.6989832,200,129.70599899927038,qwen15b-npu5,
1782563487.703999,200,122.57560699981696,qwen15b-npu4,
1782563487.7047334,200,127.82799100023112,qwen15b-npu4,
1782563487.711669,200,135.06176400005643,qwen15b-npu3,
1782563487.7239,200,125.29464899853338,qwen15b-npu5,
1782563487.7242339,200,142.09553599903302,qwen15b-npu6,
1782563487.7245939,200,153.27897600036522,qwen15b-npu6,
1782563487.7258737,200,127.5513590007904,qwen15b-npu7,
1782563487.726269,200,155.34108599968022,qwen15b-npu7,
1782563487.726507,200,144.73648800048977,qwen15b-npu7,
1782563487.7300804,200,121.92127399976016,qwen15b-npu4,
1782563487.7397633,200,143.68971299882105,qwen15b-npu3,
1782563487.7484314,200,121.22079099935945,qwen15b-npu5,
1782563487.7508533,200,148.5597749997396,qwen15b-npu6,
1782563487.7537627,200,126.31842399969173,qwen15b-npu7,
1782563487.7544444,200,114.60060100034752,qwen15b-npu4,
1782563487.7679303,200,146.2973340003373,qwen15b-npu3,
1782563487.7748003,200,121.06008000046131,qwen15b-npu5,
1782563487.7789855,200,139.89153500006068,qwen15b-npu6,
1782563487.7795508,200,123.95116300103837,qwen15b-npu6,
1782563487.7806442,200,124.36326500028372,qwen15b-npu4,
1782563487.7838259,200,129.6717389996047,qwen15b-npu7,
1782563487.7977436,200,150.93965599953663,qwen15b-npu3,
1782563487.7983363,200,130.8272839996789,qwen15b-npu3,
1782563487.8017764,200,131.8490390003717,qwen15b-npu5,
1782563487.8021393,200,118.51156900047499,qwen15b-npu5,
1782563487.8059616,200,136.54633999976795,qwen15b-npu6,
1782563487.8062913,200,132.81085299968254,qwen15b-npu4,
1782563487.8100727,200,140.96559099925798,qwen15b-npu7,
1782563487.8248136,200,146.53554599863128,qwen15b-npu3,
1782563487.825827,200,121.0022499999468,qwen15b-npu5,
1782563487.8313556,200,132.2719510008028,qwen15b-npu6,
1782563487.832055,200,133.2877449985972,qwen15b-npu4,
1782563487.8395624,200,127.82564100052696,qwen15b-npu7,
1782563487.8399663,200,144.86961799957498,qwen15b-npu7,
1782563487.8509886,200,124.41481499990914,qwen15b-npu5,
1782563487.8586872,200,128.50348300162295,qwen15b-npu4,
1782563487.8591192,200,134.80911199985712,qwen15b-npu4,
1782563487.8604388,200,156.3628299991251,qwen15b-npu3,
1782563487.860786,200,136.07385799878102,qwen15b-npu3,
1782563487.861232,200,137.23088299957453,qwen15b-npu6,
1782563487.8615575,200,135.23120500030927,qwen15b-npu6,
1782563487.8675675,200,141.600663000645,qwen15b-npu7,
1782563487.8768082,200,128.29546300054062,qwen15b-npu5,
1782563487.8818574,200,142.00354499917012,qwen15b-npu3,
1782563487.8826604,200,128.15255200075626,qwen15b-npu4,
1782563487.885332,200,131.50688799942145,qwen15b-npu6,
1782563487.896151,200,145.23317999919527,qwen15b-npu7,
1782563487.9021387,200,127.23231800009671,qwen15b-npu5,
1782563487.9080865,200,127.37429899971175,qwen15b-npu4,
1782563487.9110224,200,127.10097700073675,qwen15b-npu3,
1782563487.9115887,200,143.5955830002058,qwen15b-npu3,
1782563487.9133291,200,133.66570800098998,qwen15b-npu6,
1782563487.9263618,200,147.23094900000433,qwen15b-npu7,
1782563487.9268022,200,128.39497300046787,qwen15b-npu7,
1782563487.928012,200,130.20632100051444,qwen15b-npu5,
1782563487.928294,200,122.22808599835844,qwen15b-npu5,
1782563487.9336858,200,131.48378699952445,qwen15b-npu4,
1782563487.9380147,200,131.62833800015505,qwen15b-npu3,
1782563487.9402125,200,138.33631899979082,qwen15b-npu6,
1782563487.9525774,200,120.44618700019782,qwen15b-npu5,
1782563487.9533377,200,143.18722000098205,qwen15b-npu7,
1782563487.9596286,200,133.6993770000845,qwen15b-npu4,
1782563487.9667528,200,135.2964140005497,qwen15b-npu3,
1782563487.9678135,200,127.73652999931073,qwen15b-npu6,
1782563487.9686077,200,143.70727300047292,qwen15b-npu6,
1782563487.978628,200,110.99684400141996,qwen15b-npu5,
1782563487.9793313,200,118.8080899992201,qwen15b-npu5,
1782563487.9811916,200,141.51935300105833,qwen15b-npu7,
1782563487.9857721,200,124.42590499995276,qwen15b-npu4,
1782563487.9860864,200,135.03514300100505,qwen15b-npu4,
1782563487.9942455,200,132.6175720005267,qwen15b-npu6,
1782563487.995789,200,134.90400299997418,qwen15b-npu3,
1782563487.9965436,200,137.73819600100978,qwen15b-npu3,
1782563488.0107892,200,151.54561800045485,qwen15b-npu7,
1782563488.011107,200,134.2352800002118,qwen15b-npu7,
1782563488.0115244,200,128.80243499967037,qwen15b-npu4,
1782563488.0219553,200,140.03470599891443,qwen15b-npu6,
1782563488.023544,200,138.14815700061445,qwen15b-npu3,
1782563488.030422,200,116.99685199891974,qwen15b-npu5,
1782563488.0308504,200,134.63515200055554,qwen15b-npu5,
1782563488.0365117,200,125.39110899888328,qwen15b-npu4,
1782563488.0380545,200,135.81041700126661,qwen15b-npu7,
1782563488.0496523,200,141.50218299982953,qwen15b-npu6,
1782563488.0505266,200,124.031453000498,qwen15b-npu6,
1782563488.051489,200,139.8354550001386,qwen15b-npu3,
1782563488.0543811,200,120.60681700131681,qwen15b-npu5,
1782563488.0619824,200,133.8952980004251,qwen15b-npu4,
1782563488.0668082,200,128.69991499974276,qwen15b-npu7,
1782563488.0673192,200,140.40085799933877,qwen15b-npu7,
1782563488.0770624,200,136.7553019990737,qwen15b-npu6,
1782563488.0796156,200,119.89445499966678,qwen15b-npu5,
1782563488.0815058,200,128.11141200108978,qwen15b-npu3,
1782563488.0819862,200,153.6013080003613,qwen15b-npu3,
1782563488.0884933,200,119.7860540014517,qwen15b-npu4,
1782563488.0891812,200,136.53057099872967,qwen15b-npu4,
1782563488.0955,200,128.60563399954117,qwen15b-npu7,
1782563488.1045473,200,118.67628899926785,qwen15b-npu6,
1782563488.1051679,200,137.26128300004348,qwen15b-npu6,
1782563488.1063678,200,110.50999200051592,qwen15b-npu5,
1782563488.1067996,200,127.38828900000954,qwen15b-npu5,
1782563488.1094017,200,130.68190299964044,qwen15b-npu3,
1782563488.1134768,200,127.32809799854294,qwen15b-npu4,
1782563488.1251445,200,143.86254399869358,qwen15b-npu7,
1782563488.125508,200,128.859286000079,qwen15b-npu7,
1782563488.1323187,200,121.43308200029423,qwen15b-npu6,
1782563488.1389418,200,127.34077899949625,qwen15b-npu3,
1782563488.1393976,200,145.03827900080069,qwen15b-npu3,
1782563488.1403084,200,129.13807699987956,qwen15b-npu4,
1782563488.1532276,200,129.56704899988836,qwen15b-npu7,
1782563488.156869,200,134.85013300123683,qwen15b-npu5,
1782563488.1572368,200,119.08432100062782,qwen15b-npu5,
1782563488.158697,200,128.16453199957323,qwen15b-npu6,
1782563488.1655087,200,113.92402700039383,qwen15b-npu4,
1782563488.1658578,200,134.8961630010308,qwen15b-npu4,
1782563488.1761615,200,139.58759399974952,qwen15b-npu3,
1782563488.1818326,200,132.1116510007414,qwen15b-npu7,
1782563488.1822526,200,120.17897599980643,qwen15b-npu5,
1782563488.1865485,200,119.16859099983412,qwen15b-npu6,
1782563488.1873403,200,136.7015120013093,qwen15b-npu6,
1782563488.1903918,200,113.22719400050119,qwen15b-npu4,
1782563488.1944885,200,139.9956960012787,qwen15b-npu3,
1782563488.2071562,200,125.53535099868895,qwen15b-npu5,
1782563488.211363,200,129.2514079996181,qwen15b-npu7,
1782563488.2116363,200,144.7617480007466,qwen15b-npu7,
1782563488.2141237,200,125.54163999993762,qwen15b-npu6,
1782563488.2155817,200,126.3198939996073,qwen15b-npu4,
1782563488.2243893,200,128.80012500136218,qwen15b-npu3,
1782563488.2250857,200,145.3590000000986,qwen15b-npu3,
1782563488.23361,200,128.99739599924942,qwen15b-npu5,
1782563488.2339373,200,120.3975669995998,qwen15b-npu5,
1782563488.2411213,200,135.8863770001335,qwen15b-npu7,
1782563488.2423685,200,135.4854660003184,qwen15b-npu4,
1782563488.2427142,200,136.2263789997087,qwen15b-npu6,
1782563488.2508671,200,141.38269199975184,qwen15b-npu3,
1782563488.2585526,200,119.02944100074819,qwen15b-npu5,
1782563488.2680538,200,110.70408299929113,qwen15b-npu4,
1782563488.2684884,200,136.0739880001347,qwen15b-npu4,
1782563488.2694106,200,143.82958300120663,qwen15b-npu6,
1782563488.2714407,200,131.0340259988152,qwen15b-npu7,
1782563488.2718184,200,146.57298599922797,qwen15b-npu7,
1782563488.2798042,200,140.78048000010313,qwen15b-npu3,
1782563488.283693,200,124.93086699942069,qwen15b-npu5,
1782563488.296421,200,130.49128300008306,qwen15b-npu6,
1782563488.2971597,200,143.83291299964185,qwen15b-npu6,
1782563488.3006299,200,135.02952300041215,qwen15b-npu7,
1782563488.3087423,200,126.38350400084164,qwen15b-npu5,
1782563488.3106384,200,153.66324800015718,qwen15b-npu3,
1782563488.3109376,200,128.9895460013213,qwen15b-npu3,
1782563488.3178725,200,127.38060900119308,qwen15b-npu4,
1782563488.318217,200,141.9934250006918,qwen15b-npu4,
1782563488.3237832,200,136.33344899972144,qwen15b-npu6,
1782563488.3303473,200,143.7323030004336,qwen15b-npu7,
1782563488.3353922,200,128.1425119996129,qwen15b-npu5,
1782563488.3357255,200,111.25165600060427,qwen15b-npu5,
1782563488.3372154,200,142.63357799973164,qwen15b-npu3,
1782563488.343199,200,129.01113600128156,qwen15b-npu4,
1782563488.3509967,200,139.55990400063456,qwen15b-npu6,
1782563488.361878,200,136.7147010005283,qwen15b-npu7,
1782563488.3621602,200,119.70747399936954,qwen15b-npu5,
1782563488.3625405,200,150.80719500110717,qwen15b-npu7,
1782563488.3659763,200,150.32175299893424,qwen15b-npu3,
1782563488.3688478,200,134.8434219999035,qwen15b-npu4,
1782563488.378906,200,127.94717100041453,qwen15b-npu6,
1782563488.3794692,200,145.77419200031727,qwen15b-npu6,
1782563488.386024,200,117.42094299916062,qwen15b-npu5,
1782563488.3902247,200,147.3902289999387,qwen15b-npu7,
1782563488.3947186,200,126.5483850002056,qwen15b-npu3,
1782563488.3950264,200,153.84178900058032,qwen15b-npu3,
1782563488.3959064,200,123.97022299956006,qwen15b-npu4,
1782563488.396917,200,138.2448280000972,qwen15b-npu4,
1782563488.4066405,200,135.08737399934034,qwen15b-npu6,
1782563488.411888,200,128.09683200066502,qwen15b-npu5,
1782563488.4190261,200,149.51286900031846,qwen15b-npu7,
1782563488.4199185,200,119.1979409995838,qwen15b-npu4,
1782563488.4224873,200,142.59009799934574,qwen15b-npu3,
1782563488.4387066,200,141.44929199937906,qwen15b-npu6,
1782563488.4394665,200,128.4176130011474,qwen15b-npu5,
1782563488.448135,200,129.8114790006366,qwen15b-npu4,
1782563488.4527926,200,128.8964750001469,qwen15b-npu3,
1782563488.4532712,200,144.46481699997094,qwen15b-npu3,
1782563488.4546008,200,143.87922400055686,qwen15b-npu7,
1782563488.4548757,200,158.36087900061102,qwen15b-npu7,
1782563488.4657218,200,114.635810999971,qwen15b-npu5,
1782563488.4661205,200,135.67671600139874,qwen15b-npu5,
1782563488.4697323,200,151.77752899944608,qwen15b-npu6,
1782563488.470139,200,134.65232100134017,qwen15b-npu6,
1782563488.4762268,200,138.94634100142866,qwen15b-npu4,
1782563488.4810634,200,137.80271599898697,qwen15b-npu3,
1782563488.4824708,200,146.65051600059087,qwen15b-npu7,
1782563488.4908495,200,124.800387000505,qwen15b-npu5,
1782563488.4974217,200,135.46323500122526,qwen15b-npu6,
1782563488.5034482,200,140.80897999883746,qwen15b-npu4,
1782563488.5084312,200,139.49893300014082,qwen15b-npu3,
1782563488.5122848,200,133.31255599950964,qwen15b-npu7,
1782563488.5129287,200,150.69691499957116,qwen15b-npu7,
1782563488.518066,200,127.72238999968977,qwen15b-npu5,
1782563488.5271554,200,132.02049900064594,qwen15b-npu6,
1782563488.5279984,200,148.47014399856562,qwen15b-npu6,
1782563488.5331497,200,136.1128890002874,qwen15b-npu4,
1782563488.533448,200,147.3633100013103,qwen15b-npu4,
1782563488.5387206,200,126.73455599906447,qwen15b-npu3,
1782563488.5394197,200,144.61442700121552,qwen15b-npu3,
1782563488.5416083,200,145.60033100133296,qwen15b-npu7,
1782563488.5443156,200,137.57836500008125,qwen15b-npu5,
1782563488.5555687,200,135.55624499895202,qwen15b-npu6,
1782563488.5597932,200,137.24008399913146,qwen15b-npu4,
1782563488.566475,200,126.92838700058928,qwen15b-npu3,
1782563488.5717096,200,132.89423400055966,qwen15b-npu5,
1782563488.5720274,200,152.93086500059871,qwen15b-npu7,
1782563488.5728242,200,117.87998599902494,qwen15b-npu5,
1782563488.584241,200,131.3152769998851,qwen15b-npu6,
1782563488.5868502,200,133.47019600041676,qwen15b-npu4,
1782563488.5956638,200,140.98623099926044,qwen15b-npu3,
1782563488.5965648,200,126.31392399998731,qwen15b-npu5,
1782563488.602119,200,153.89095899990934,qwen15b-npu7,
1782563488.6029334,200,137.108722999983,qwen15b-npu7,
1782563488.6133626,200,130.82507400031318,qwen15b-npu6,
1782563488.6140075,200,147.79140199971152,qwen15b-npu6,
1782563488.615327,200,124.38363500041305,qwen15b-npu4,
1782563488.6157742,200,145.92805299980682,qwen15b-npu4,
1782563488.6220894,200,124.60097599978326,qwen15b-npu5,
1782563488.6238656,200,147.55560100093135,qwen15b-npu3,
1782563488.631025,200,149.9004409997724,qwen15b-npu7,
1782563488.6401618,200,127.8140810009063,qwen15b-npu6,
1782563488.6417542,200,128.74753500000224,qwen15b-npu4,
1782563488.647918,200,129.753150000397,qwen15b-npu5,
1782563488.6529331,200,149.40258900060144,qwen15b-npu3,
1782563488.6621406,200,134.88260300073307,qwen15b-npu7,
1782563488.6625178,200,154.02216899929044,qwen15b-npu7,
1782563488.6689327,200,135.69136600017373,qwen15b-npu4,
1782563488.6698892,200,136.3476799997443,qwen15b-npu6,
1782563488.6705384,200,126.12534300023981,qwen15b-npu6,
1782563488.674887,200,136.0959580015333,qwen15b-npu5,
1782563488.6756794,200,115.81078600102046,qwen15b-npu5,
1782563488.6823063,200,142.79830899977242,qwen15b-npu3,
1782563488.6826553,200,154.58841299914639,qwen15b-npu3,
1782563488.6901882,200,148.51165500112984,qwen15b-npu7,
1782563488.6969025,200,123.9793529985036,qwen15b-npu4,
1782563488.6974556,200,141.8227440008195,qwen15b-npu4,
1782563488.6990082,200,114.61693099954573,qwen15b-npu5,
1782563488.70063,200,128.82371500018053,qwen15b-npu6,
1782563488.7112606,200,144.73085800091212,qwen15b-npu3,
1782563488.7194316,200,147.3384900000383,qwen15b-npu7,
1782563488.723625,200,121.42198199944687,qwen15b-npu4,
1782563488.7260401,200,123.0197090008005,qwen15b-npu5,
1782563488.7299428,200,133.2903359998454,qwen15b-npu6,
1782563488.739263,200,152.32308200029365,qwen15b-npu3,
1782563488.7490258,200,153.29498600112856,qwen15b-npu7,
1782563488.749631,200,135.55435600028432,qwen15b-npu7,
1782563488.7508686,200,134.99414400030219,qwen15b-npu4,
1782563488.7537029,200,131.5497180003149,qwen15b-npu5,
1782563488.7583787,200,142.91685999887704,qwen15b-npu6,
1782563488.7687063,200,144.75562799998443,qwen15b-npu3,
1782563488.7690117,200,155.56285700040462,qwen15b-npu3,
1782563488.7763743,200,145.28744100061886,qwen15b-npu7,
1782563488.779982,200,138.14297799945052,qwen15b-npu4,
1782563488.7804682,200,132.45810199987318,qwen15b-npu5,
1782563488.786963,200,146.74007699977665,qwen15b-npu6,
1782563488.7966137,200,125.98896199961018,qwen15b-npu3,
1782563488.7974176,200,144.4164760014246,qwen15b-npu3,
1782563488.805026,200,142.7799889988819,qwen15b-npu7,
1782563488.8053916,200,130.439672000648,qwen15b-npu7,
1782563488.807095,200,137.14870299918402,qwen15b-npu5,
1782563488.8074112,200,138.3884679999028,qwen15b-npu4,
1782563488.8086216,200,126.23129300118308,qwen15b-npu4,
1782563488.8090382,200,126.27171399981307,qwen15b-npu5,
1782563488.8162591,200,140.46520800002327,qwen15b-npu6,
1782563488.8166752,200,154.03014000003168,qwen15b-npu6,
1782563488.8248904,200,134.6083219996217,qwen15b-npu3,
1782563488.8326252,200,135.10589399993478,qwen15b-npu7,
1782563488.833006,200,132.2768209993228,qwen15b-npu5,
1782563488.8338788,200,134.8058530002163,qwen15b-npu4,
1782563488.8442192,200,147.22003899987612,qwen15b-npu6,
1782563488.852642,200,141.2863820005441,qwen15b-npu3,
1782563488.8587458,200,128.7332449992391,qwen15b-npu5,
1782563488.8595986,200,140.06938700003957,qwen15b-npu7,
1782563488.86031,200,134.18545000058657,qwen15b-npu4,
1782563488.8713715,200,147.65153100051975,qwen15b-npu6,
1782563488.872015,200,122.31846599934215,qwen15b-npu6,
1782563488.8807285,200,141.38039300087257,qwen15b-npu3,
1782563488.8853364,200,131.55905799976608,qwen15b-npu5,
1782563488.8865402,200,135.6074159994023,qwen15b-npu4,
1782563488.887435,200,118.66246899990074,qwen15b-npu7,
1782563488.8876815,200,138.5860690006666,qwen15b-npu7,
1782563488.8984034,200,129.32736800030398,qwen15b-npu6,
1782563488.9098473,200,151.38646800005517,qwen15b-npu3,
1782563488.9101167,200,129.54941799944208,qwen15b-npu3,
1782563488.912281,200,132.19098100125848,qwen15b-npu5,
1782563488.9126344,200,115.1011229994765,qwen15b-npu5,
1782563488.9134827,200,137.047762000293,qwen15b-npu4,
1782563488.9149578,200,127.93167100062419,qwen15b-npu7,
1782563488.926331,200,129.65288899977168,qwen15b-npu6,
1782563488.9372923,200,131.83359899994684,qwen15b-npu3,
1782563488.9395041,200,131.93558000057237,qwen15b-npu5,
1782563488.9417288,200,133.00063499991666,qwen15b-npu4,
1782563488.9421358,200,137.00979300119798,qwen15b-npu4,
1782563488.9430356,200,126.24388400035969,qwen15b-npu7,
1782563488.943874,200,136.71211099972425,qwen15b-npu7,
1782563488.9546773,200,145.5309920002037,qwen15b-npu6,
1782563488.9553623,200,130.37752300078864,qwen15b-npu6,
1782563488.9655476,200,149.1756079994957,qwen15b-npu3,
1782563488.9665558,200,133.8198379999085,qwen15b-npu5,
1782563488.9669204,200,132.94730400048138,qwen15b-npu3,
1782563488.967688,200,134.56897200012463,qwen15b-npu4,
1782563488.9701707,200,125.88468200010539,qwen15b-npu7,
1782563488.9821923,200,129.48931900064053,qwen15b-npu6,
1782563488.9926322,200,133.80939799935732,qwen15b-npu5,
1782563488.993964,200,133.57374699990032,qwen15b-npu3,
1782563488.9960852,200,136.39248000072257,qwen15b-npu4,
1782563489.0001147,200,128.65855500058387,qwen15b-npu7,
1782563489.0116415,200,123.88925300001574,qwen15b-npu6,
1782563489.0121493,200,140.06482699915068,qwen15b-npu6,
1782563489.0197911,200,139.00032099991222,qwen15b-npu5,
1782563489.0204434,200,121.97738400027447,qwen15b-npu5,
1782563489.0219333,200,135.30711500061443,qwen15b-npu3,
1782563489.0228846,200,137.4715340007242,qwen15b-npu4,
1782563489.0263324,200,138.82861100137234,qwen15b-npu7,
1782563489.0398474,200,127.13121700107877,qwen15b-npu6,
1782563489.046144,200,132.6011719993403,qwen15b-npu5,
1782563489.0494568,200,134.41790099932405,qwen15b-npu4,
1782563489.050191,200,140.0064259996725,qwen15b-npu4,
1782563489.0525827,200,142.6727079997363,qwen15b-npu3,
1782563489.0529299,200,126.5363750007964,qwen15b-npu3,
1782563489.0553465,200,142.96792999994068,qwen15b-npu7,
1782563489.067707,200,128.09126199863385,qwen15b-npu6,
1782563489.0725303,200,117.06872200011276,qwen15b-npu5,
1782563489.072831,200,130.98155499938002,qwen15b-npu5,
1782563489.0767212,200,134.47132100009185,qwen15b-npu4,
1782563489.0801432,200,136.18345900067652,qwen15b-npu3,
1782563489.0830097,200,139.8928460002935,qwen15b-npu7,
1782563489.0836954,200,146.34036499955982,qwen15b-npu7,
1782563489.0961692,200,141.42871199874207,qwen15b-npu6,
1782563489.0965245,200,129.86954000007245,qwen15b-npu6,
1782563489.0975423,200,127.27666899991164,qwen15b-npu5,
1782563489.1028612,200,137.24401400031638,qwen15b-npu4,
1782563489.1035779,200,121.32333099907555,qwen15b-npu4,
1782563489.1080675,200,141.07701099965197,qwen15b-npu3,
1782563489.1100454,200,142.26032599981409,qwen15b-npu7,
1782563489.1239426,200,127.75093100026425,qwen15b-npu6,
1782563489.1257014,200,125.48726000022725,qwen15b-npu5,
1782563489.1280537,200,116.26927799989062,qwen15b-npu4,
1782563489.1363742,200,143.66573300139862,qwen15b-npu3,
1782563489.138345,200,144.31672600039747,qwen15b-npu7,
1782563489.1513777,200,130.86399400162918,qwen15b-npu6,
1782563489.1531777,200,131.17318600052386,qwen15b-npu5,
1782563489.154439,200,131.42585700006748,qwen15b-npu4,
1782563489.165532,200,139.1045820000727,qwen15b-npu3,
1782563489.1660244,200,153.7605089997669,qwen15b-npu3,
1782563489.1669714,200,147.09525800026313,qwen15b-npu7,
1782563489.1677344,200,127.81957000152033,qwen15b-npu7,
1782563489.1791582,200,129.62131899985252,qwen15b-npu5,
1782563489.1800578,200,129.76980900020862,qwen15b-npu4,
1782563489.1813366,200,125.91844199960178,qwen15b-npu6,
1782563489.1817596,200,135.49834500008728,qwen15b-npu6,
1782563489.1931207,200,140.4369179999776,qwen15b-npu3,
1782563489.1954181,200,142.41683699947316,qwen15b-npu7,
1782563489.2053232,200,137.5384450002457,qwen15b-npu5,
1782563489.2056723,200,122.53433699879679,qwen15b-npu5,
1782563489.206892,200,126.65272499907587,qwen15b-npu6,
1782563489.2077398,200,135.12753400027577,qwen15b-npu4,
1782563489.2080753,200,124.31397500040475,qwen15b-npu4,
1782563489.2214863,200,148.58451500003866,qwen15b-npu3,
1782563489.2220826,200,125.81880099969567,qwen15b-npu3,
1782563489.2250462,200,148.24253400001908,qwen15b-npu7,
1782563489.2253463,200,128.75189500118722,qwen15b-npu7,
1782563489.2306547,200,127.6673699994717,qwen15b-npu5,
1782563489.2349575,200,137.34890399973665,qwen15b-npu6,
1782563489.2352188,200,131.52761699893745,qwen15b-npu4,
1782563489.2491543,200,141.02113999979338,qwen15b-npu3,
1782563489.2514904,200,141.3454819994513,qwen15b-npu7,
1782563489.258574,200,132.7776329999324,qwen15b-npu5,
1782563489.262308,200,138.29671799976495,qwen15b-npu6,
1782563489.2625966,200,134.47300099869608,qwen15b-npu4,
1782563489.2772677,200,140.7965199996397,qwen15b-npu3,
1782563489.2791572,200,140.72913999916636,qwen15b-npu7,
1782563489.2849503,200,131.63221800095926,qwen15b-npu5,
1782563489.285266,200,117.47002300035092,qwen15b-npu5,
1782563489.2900429,200,123.00852899898018,qwen15b-npu6,
1782563489.290367,200,138.9037009994354,qwen15b-npu6,
1782563489.291037,200,136.5081009989808,qwen15b-npu4,
1782563489.3084676,200,142.86938900113455,qwen15b-npu3,
1782563489.3087628,200,127.32738799968502,qwen15b-npu7,
1782563489.30909,200,128.95637600013288,qwen15b-npu3,
1782563489.3093243,200,143.23690099990927,qwen15b-npu7,
1782563489.3121784,200,118.95899099909002,qwen15b-npu5,
1782563489.3163295,200,134.49093100098253,qwen15b-npu6,
1782563489.3171535,200,121.66217199956009,qwen15b-npu4,
1782563489.3174164,200,138.11879700006102,qwen15b-npu4,
1782563489.3343928,200,128.96771600026113,qwen15b-npu3,
1782563489.3352976,200,129.5546490000561,qwen15b-npu7,
1782563489.34051,200,132.6997020005365,qwen15b-npu5,
1782563489.3437495,200,135.60021599914762,qwen15b-npu4,
1782563489.3445618,200,119.43949300075474,qwen15b-npu6,
1782563489.3448002,200,137.83149600021716,qwen15b-npu6,
1782563489.3620398,200,140.47842799845967,qwen15b-npu3,
1782563489.3640928,200,141.94065500123543,qwen15b-npu7,
1782563489.3643866,200,129.3443880003906,qwen15b-npu7,
1782563489.3651876,200,139.7712540001521,qwen15b-npu5,
1782563489.3685553,200,137.81338599983428,qwen15b-npu4,
1782563489.3708396,200,121.59761200018693,qwen15b-npu6,
1782563489.3901262,200,127.45595899832551,qwen15b-npu7,
1782563489.3904052,200,138.84706099997857,qwen15b-npu5,
1782563489.3913994,200,156.1015299994324,qwen15b-npu3,
1782563489.3920858,200,129.699619999883,qwen15b-npu3,
1782563489.3948321,200,136.16952800111903,qwen15b-npu4,
1782563489.4163659,200,126.2378940009512,qwen15b-npu7,
1782563489.4179256,200,126.81894599882071,qwen15b-npu5,
1782563489.418676,200,139.43673299945658,qwen15b-npu5,
1782563489.4194221,200,134.08079900000303,qwen15b-npu3,
1782563489.421155,200,136.12118899982306,qwen15b-npu4,
1782563489.4257436,200,148.384755000734,qwen15b-npu6,
1782563489.4261687,200,135.71914699969057,qwen15b-npu6,
1782563489.4426336,200,130.38439199954155,qwen15b-npu5,
1782563489.4471033,200,138.55041999886453,qwen15b-npu4,
1782563489.448999,200,131.51511700016272,qwen15b-npu7,
1782563489.4493854,200,132.97706400044262,qwen15b-npu4,
1782563489.450186,200,132.95666399972106,qwen15b-npu3,
1782563489.4508862,200,141.48918299906654,qwen15b-npu7,
1782563489.4516156,200,142.452346999562,qwen15b-npu3,
1782563489.452817,200,118.34414799886872,qwen15b-npu6,
1782563489.453226,200,144.39056599985634,qwen15b-npu6,
1782563489.4703448,200,134.97178299985535,qwen15b-npu5,
1782563489.4708626,200,126.23294399963925,qwen15b-npu5,
1782563489.4732711,200,132.65163300093263,qwen15b-npu4,
1782563489.474145,200,129.2737069998111,qwen15b-npu7,
1782563489.4765394,200,132.7210630006448,qwen15b-npu3,
1782563489.4784796,200,116.37334899933194,qwen15b-npu6,
1782563489.4946165,200,125.99420200058375,qwen15b-npu5,
1782563489.4989963,200,134.82382199981657,qwen15b-npu4,
1782563489.5024695,200,137.189312999908,qwen15b-npu7,
1782563489.5042365,200,139.724844999364,qwen15b-npu3,
1782563489.5059483,200,135.00353299968992,qwen15b-npu6,
1782563489.5212786,200,129.09638699966308,qwen15b-npu5,
1782563489.5244422,200,134.23467000029632,qwen15b-npu4,
1782563489.5312207,200,139.753474999452,qwen15b-npu7,
1782563489.531814,200,141.34241200008546,qwen15b-npu3,
1782563489.536282,200,141.34353200097394,qwen15b-npu6,
1782563489.546196,200,126.6348659992218,qwen15b-npu5,
1782563489.551231,200,134.79672299945378,qwen15b-npu4,
1782563489.5516763,200,125.81316199975845,qwen15b-npu4,
1782563489.5598245,200,141.03169099871593,qwen15b-npu7,
1782563489.5606892,200,142.64830799947958,qwen15b-npu3,
1782563489.5609384,200,134.6643619999668,qwen15b-npu3,
1782563489.5620413,200,140.79549999951269,qwen15b-npu6,
1782563489.5739005,200,126.72260599902074,qwen15b-npu5,
1782563489.5742295,200,122.51915600063512,qwen15b-npu5,
1782563489.579041,200,125.73910100036301,qwen15b-npu4,
1782563489.579339,200,129.81608900008723,qwen15b-npu4,
1782563489.5886931,200,138.42898900111322,qwen15b-npu3,
1782563489.5901043,200,137.2110629999952,qwen15b-npu6,
1782563489.590812,200,148.06927199970232,qwen15b-npu7,
1782563489.591135,200,140.1604269995005,qwen15b-npu7,
1782563489.5920277,200,142.9179690003366,qwen15b-npu6,
1782563489.5986888,200,125.34797899934347,qwen15b-npu5,
1782563489.6024187,200,125.81500099986442,qwen15b-npu4,
1782563489.6171353,200,142.92755899987242,qwen15b-npu6,
1782563489.6180112,200,147.51783000065188,qwen15b-npu7,
1782563489.6195,200,148.51692500087665,qwen15b-npu3,
1782563489.6201098,200,141.5695539999433,qwen15b-npu3,
1782563489.6245153,200,125.38409999979194,qwen15b-npu5,
1782563489.6298897,200,125.54810000074212,qwen15b-npu4,
1782563489.645601,200,143.0599399991479,qwen15b-npu6,
1782563489.6463075,200,140.29310799924133,qwen15b-npu3,
1782563489.6477435,200,153.060574999472,qwen15b-npu7,
1782563489.648511,200,127.13761800114298,qwen15b-npu7,
1782563489.6522713,200,127.7278910001769,qwen15b-npu5,
1782563489.6566083,200,124.72942599924863,qwen15b-npu4,
1782563489.6730974,200,141.80680400022538,qwen15b-npu6,
1782563489.6748781,200,138.53124900015246,qwen15b-npu3,
1782563489.6763737,200,130.11428100071498,qwen15b-npu7,
1782563489.679346,200,127.60028000047896,qwen15b-npu5,
1782563489.6797614,200,117.60988500100211,qwen15b-npu5,
1782563489.68351,200,123.60845200055337,qwen15b-npu4,
1782563489.701591,200,150.23030300108076,qwen15b-npu6,
1782563489.7019181,200,127.62045999988914,qwen15b-npu6,
1782563489.7031238,200,124.00394399992365,qwen15b-npu3,
1782563489.7034314,200,142.67188800113217,qwen15b-npu3,
1782563489.7045186,200,125.08050799988268,qwen15b-npu7,
1782563489.7052295,200,144.22673500121164,qwen15b-npu7,
1782563489.7068696,200,118.06276700008311,qwen15b-npu5,
1782563489.709252,200,118.35778800013941,qwen15b-npu4,
1782563489.7095017,200,135.49796600091213,qwen15b-npu4,
1782563489.7288253,200,138.62574900122127,qwen15b-npu6,
1782563489.7291322,200,126.64598499941349,qwen15b-npu6,
1782563489.7317069,200,140.45389899911243,qwen15b-npu3,
1782563489.7324936,200,133.69625700033794,qwen15b-npu5,
1782563489.733451,200,141.3341119987308,qwen15b-npu7,
1782563489.7361631,200,118.95954099964001,qwen15b-npu4,
1782563489.755439,200,130.8241939987056,qwen15b-npu6,
1782563489.7590077,200,138.82596099938382,qwen15b-npu5,
1782563489.7601805,200,142.04692500061356,qwen15b-npu3,
1782563489.7624068,200,132.3777309989964,qwen15b-npu4,
1782563489.7631066,200,143.50735199877818,qwen15b-npu7,
1782563489.7848785,200,137.02837199889473,qwen15b-npu5,
1782563489.7883701,200,136.00247799877252,qwen15b-npu4,
1782563489.7903852,200,133.7142069987749,qwen15b-npu3,
1782563489.7909632,200,145.28701000017463,qwen15b-npu3,
1782563489.7926197,200,144.0367140003218,qwen15b-npu6,
1782563489.7941298,200,147.72599100069783,qwen15b-npu7,
1782563489.8104217,200,135.47641500008467,qwen15b-npu5,
1782563489.814527,200,135.07488399955037,qwen15b-npu4,
1782563489.8177295,200,141.29477200003748,qwen15b-npu6,
1782563489.8187697,200,138.88236099955975,qwen15b-npu3,
1782563489.8233654,200,139.72497500071768,qwen15b-npu7,
1782563489.8236861,200,150.52319300048111,qwen15b-npu7,
1782563489.8371985,200,131.87377899885178,qwen15b-npu5,
1782563489.8376193,200,135.63830600105575,qwen15b-npu5,
1782563489.8419533,200,138.74543999918387,qwen15b-npu4,
1782563489.842258,200,132.93672399959178,qwen15b-npu4,
1782563489.8459997,200,139.03346199913358,qwen15b-npu6,
1782563489.8465598,200,144.87135799936368,qwen15b-npu6,
1782563489.8488777,200,139.3036729987216,qwen15b-npu3,
1782563489.8491683,200,145.6632819990773,qwen15b-npu3,
1782563489.853539,200,148.9244169988524,qwen15b-npu7,
1782563489.8617234,200,132.81429300150194,qwen15b-npu5,
1782563489.8662157,200,133.63190699965344,qwen15b-npu4,
1782563489.87236,200,140.5600489997596,qwen15b-npu6,
1782563489.8781025,200,144.54345699959958,qwen15b-npu3,
1782563489.882244,200,152.98279499984346,qwen15b-npu7,
1782563489.8826644,200,146.40315500037104,qwen15b-npu7,
1782563489.8874164,200,131.8807490006293,qwen15b-npu5,
1782563489.8919325,200,131.6136869991169,qwen15b-npu4,
1782563489.9013395,200,142.21794599870918,qwen15b-npu6,
1782563489.9041007,200,141.58464299907791,qwen15b-npu3,
1782563489.9088297,200,145.6555010008742,qwen15b-npu7,
1782563489.9142594,200,129.28799699875526,qwen15b-npu5,
1782563489.9146085,200,120.375125999999,qwen15b-npu5,
1782563489.9182382,200,127.78415100001439,qwen15b-npu4,
1782563489.928861,200,140.38536800035217,qwen15b-npu6,
1782563489.9322634,200,141.23585199922672,qwen15b-npu3,
1782563489.937349,200,144.619356999101,qwen15b-npu7,
1782563489.9396052,200,116.14293800084852,qwen15b-npu5,
1782563489.9439793,200,129.33774799967068,qwen15b-npu4,
1782563489.9579754,200,134.22340000033728,qwen15b-npu6,
1782563489.9582996,200,147.80861199869832,qwen15b-npu6,
1782563489.9634068,200,145.58497100006207,qwen15b-npu3,
1782563489.9636455,200,125.91404199883982,qwen15b-npu3,
1782563489.965773,200,146.88766700055567,qwen15b-npu7,
1782563489.9665577,200,124.5320449997962,qwen15b-npu7,
1782563489.9668853,200,124.55928600138577,qwen15b-npu5,
1782563489.97057,200,133.25516599979892,qwen15b-npu4,
1782563489.9709873,200,124.36124499981815,qwen15b-npu4,
1782563489.985969,200,124.16213399956177,qwen15b-npu6,
1782563489.9865005,200,140.4347779989621,qwen15b-npu6,
1782563489.9901474,200,141.20187200023793,qwen15b-npu3,
1782563489.9917228,200,138.08593800058588,qwen15b-npu5,
1782563489.9943166,200,145.0798890000442,qwen15b-npu7,
1782563489.995432,200,129.11070699919946,qwen15b-npu4,
1782563490.0131283,200,130.74425400009204,qwen15b-npu6,
1782563490.0183685,200,135.58137600011833,qwen15b-npu5,
1782563490.0187132,200,114.54724999930477,qwen15b-npu5,
1782563490.0203874,200,147.92976200078556,qwen15b-npu3,
1782563490.02074,200,128.70403499982785,qwen15b-npu3,
1782563490.0215557,200,134.04250899839099,qwen15b-npu4,
1782563490.0226316,200,144.44255600028555,qwen15b-npu7,
1782563490.0413043,200,132.4071709987038,qwen15b-npu6,
1782563490.0425637,200,113.63764599991555,qwen15b-npu5,
1782563490.045989,200,131.641967998803,qwen15b-npu4,
1782563490.0475605,200,132.79975300065416,qwen15b-npu3,
1782563490.0514848,200,150.03951100152335,qwen15b-npu7,
1782563490.0519385,200,133.6053670002002,qwen15b-npu7,
1782563490.0681884,200,135.86448699970788,qwen15b-npu6,
1782563490.0713854,200,133.9382989990554,qwen15b-npu4,
1782563490.0758562,200,136.15574899995408,qwen15b-npu3,
1782563490.0789628,200,134.8817929992947,qwen15b-npu7,
1782563490.0935419,200,126.88333599908219,qwen15b-npu5,
1782563490.0939105,200,135.83896700038167,qwen15b-npu5,
1782563490.096768,200,130.89079500059597,qwen15b-npu6,
1782563490.0971549,200,138.7760010002239,qwen15b-npu6,
1782563490.0978992,200,126.80572599856532,qwen15b-npu4,
1782563490.0984151,200,134.9415839995345,qwen15b-npu4,
1782563490.105997,200,135.3127750007843,qwen15b-npu3,
1782563490.1064348,200,142.71935800024949,qwen15b-npu3,
1782563490.107602,200,121.56766200132552,qwen15b-npu7,
1782563490.1078417,200,140.8918500001164,qwen15b-npu7,
1782563490.1180782,200,131.51199800086033,qwen15b-npu5,
1782563490.122459,200,130.63825400058704,qwen15b-npu4,
1782563490.1234317,200,133.21908500074642,qwen15b-npu6,
1782563490.13173,200,137.32995400096115,qwen15b-npu3,
1782563490.1354547,200,139.91053599966108,qwen15b-npu7,
1782563490.1436021,200,130.39500299964857,qwen15b-npu5,
1782563490.1443613,200,122.70694700055174,qwen15b-npu5,
1782563490.1481564,200,129.37496800077497,qwen15b-npu4,
1782563490.1513104,200,132.8468640003848,qwen15b-npu6,
1782563490.1519904,200,129.29323699972883,qwen15b-npu6,
1782563490.161182,200,140.68813899939414,qwen15b-npu3,
1782563490.164555,200,143.71431299878168,qwen15b-npu7,
1782563490.170216,200,122.5510470012523,qwen15b-npu5,
1782563490.175171,200,123.11776900060067,qwen15b-npu4,
1782563490.1755536,200,134.1493090003496,qwen15b-npu4,
1782563490.1794882,200,127.88922100116906,qwen15b-npu6,
1782563490.1886752,200,146.01181400030327,qwen15b-npu3,
1782563490.1930633,200,146.973867998895,qwen15b-npu7,
1782563490.1961331,200,120.18078599976434,qwen15b-npu5,
1782563490.2054422,200,126.37837400143326,qwen15b-npu6,
1782563490.2165675,200,148.31264300119074,qwen15b-npu3,
1782563490.2213695,200,113.46043499906955,qwen15b-npu5,
1782563490.2223997,200,150.91366600063338,qwen15b-npu7,
1782563490.22274,200,125.85660100012319,qwen15b-npu5,
1782563490.2234263,200,126.16030299977865,qwen15b-npu7,
1782563490.2263966,200,132.4206619992765,qwen15b-npu4,
1782563490.2271543,200,129.1908670009434,qwen15b-npu4,
1782563490.2330668,200,125.39908899998409,qwen15b-npu6,
1782563490.2336366,200,135.1603939983761,qwen15b-npu6,
1782563490.247083,200,140.9711910000624,qwen15b-npu3,
1782563490.247501,200,153.85770899956697,qwen15b-npu3,
1782563490.2479234,200,116.12665800021205,qwen15b-npu5,
1782563490.2504833,200,126.96375599989551,qwen15b-npu7,
1782563490.2513964,200,144.8456990001432,qwen15b-npu7,
1782563490.2516928,200,133.5517070001515,qwen15b-npu4,
1782563490.2598498,200,124.2942850003601,qwen15b-npu6,
1782563490.2714915,200,120.11579600039113,qwen15b-npu5,
1782563490.275526,200,152.97565499895427,qwen15b-npu3,
1782563490.2758925,200,131.43521700112615,qwen15b-npu3,
1782563490.2797358,200,136.05583800017484,qwen15b-npu4,
1782563490.2801492,200,118.82983000032254,qwen15b-npu4,
1782563490.2810838,200,132.82771299964224,qwen15b-npu7,
1782563490.287553,200,135.46647600014694,qwen15b-npu6,
1782563490.2969608,200,121.33912199897168,qwen15b-npu5,
1782563490.3033767,200,123.78866300059599,qwen15b-npu4,
1782563490.3047943,200,140.17192699975567,qwen15b-npu3,
1782563490.3070877,200,136.7715219985257,qwen15b-npu7,
1782563490.3142674,200,138.96805100011989,qwen15b-npu6,
1782563490.322607,200,126.36788399868237,qwen15b-npu5,
1782563490.3301904,200,113.55570500018075,qwen15b-npu4,
1782563490.3313606,200,142.59164800023427,qwen15b-npu3,
1782563490.335465,200,142.30210599998827,qwen15b-npu7,
1782563490.3422415,200,136.71150099980878,qwen15b-npu6,
1782563490.342604,200,119.08265099918935,qwen15b-npu6,
1782563490.3489554,200,126.14459299948066,qwen15b-npu5,
1782563490.3493624,200,115.65905600036785,qwen15b-npu5,
1782563490.355387,200,128.88653599839017,qwen15b-npu4,
1782563490.361242,200,133.98148900159867,qwen15b-npu3,
1782563490.3621774,200,140.73505000123987,qwen15b-npu3,
1782563490.3687713,200,121.1555509999016,qwen15b-npu6,
1782563490.3731925,200,140.06441600031394,qwen15b-npu7,
1782563490.3742461,200,151.73993000098562,qwen15b-npu7,
1782563490.3746638,200,123.19674999889685,qwen15b-npu5,
1782563490.3820744,200,134.85802200011676,qwen15b-npu4,
1782563490.3824134,200,122.45595700005651,qwen15b-npu4,
1782563490.3894043,200,141.41051300066465,qwen15b-npu3,
1782563490.3920522,200,141.50123299987172,qwen15b-npu7,
1782563490.3955917,200,143.83424399966316,qwen15b-npu6,
1782563490.3999429,200,124.31049400038319,qwen15b-npu5,
1782563490.406518,200,126.2967540005775,qwen15b-npu4,
1782563490.4185479,200,137.3649339984695,qwen15b-npu3,
1782563490.4189363,200,147.38044000114314,qwen15b-npu3,
1782563490.4215884,200,133.93726899994363,qwen15b-npu7,
1782563490.421967,200,145.97716299977037,qwen15b-npu7,
1782563490.424911,200,121.43229200046335,qwen15b-npu6,
1782563490.4252932,200,145.44857100008812,qwen15b-npu6,
1782563490.4262664,200,129.23537700044108,qwen15b-npu5,
1782563490.4321172,200,127.2527290002472,qwen15b-npu4,
1782563490.4477606,200,140.5573590000131,qwen15b-npu3,
1782563490.4499044,200,135.54064500021923,qwen15b-npu7,
1782563490.451568,200,128.89676600025268,qwen15b-npu5,
1782563490.4528298,200,122.53706699993927,qwen15b-npu6,
1782563490.4574964,200,126.0418430010759,qwen15b-npu4,
1782563490.4752228,200,139.65023399941856,qwen15b-npu3,
1782563490.4782417,200,135.9006570000929,qwen15b-npu7,
1782563490.4800773,200,117.79432500043185,qwen15b-npu5,
1782563490.4804275,200,137.7467459988111,qwen15b-npu5,
1782563490.4812646,200,132.20446100058325,qwen15b-npu6,
1782563490.482673,200,133.1937350005319,qwen15b-npu4,
1782563490.5038567,200,121.6862620003667,qwen15b-npu5,
1782563490.5046906,200,149.16706700023497,qwen15b-npu3,
1782563490.505087,200,130.76241400085564,qwen15b-npu3,
1782563490.5074942,200,146.15538399993966,qwen15b-npu7,
1782563490.5077968,200,132.98905400006333,qwen15b-npu7,
1782563490.50954,200,127.05902700145089,qwen15b-npu6,
1782563490.510957,200,142.09987599861051,qwen15b-npu6,
1782563490.5113146,200,121.83010300032038,qwen15b-npu4,
1782563490.5117433,200,138.47910900040006,qwen15b-npu4,
1782563490.5284526,200,128.4156929996243,qwen15b-npu5,
1782563490.5304747,200,138.32769799955713,qwen15b-npu3,
1782563490.5325818,200,113.57393599973875,qwen15b-npu4,
1782563490.5353603,200,139.7045949997846,qwen15b-npu7,
1782563490.5368967,200,130.2949119999539,qwen15b-npu6,
1782563490.5536141,200,131.5774880004028,qwen15b-npu5,
1782563490.557503,200,132.45862199983094,qwen15b-npu4,
1782563490.5593677,200,133.00154500029748,qwen15b-npu3,
1782563490.5597403,200,141.0789809997368,qwen15b-npu3,
1782563490.5643935,200,132.1685900002194,qwen15b-npu7,
1782563490.5648026,200,143.114880000212,qwen15b-npu7,
1782563490.5655992,200,140.23236699904373,qwen15b-npu6,
1782563490.579221,200,131.3515269994241,qwen15b-npu5,
1782563490.5827553,200,131.1235859993758,qwen15b-npu4,
1782563490.5875607,200,134.63248199877853,qwen15b-npu3,
1782563490.5918849,200,134.29341000119166,qwen15b-npu7,
1782563490.5923002,200,142.29879600134154,qwen15b-npu6,
1782563490.6063814,200,131.01999500031525,qwen15b-npu5,
1782563490.6072855,200,124.52074500106391,qwen15b-npu5,
1782563490.6077013,200,127.52375899981416,qwen15b-npu4,
1782563490.6146362,200,134.11156999973173,qwen15b-npu3,
1782563490.6200876,200,138.70982000116783,qwen15b-npu7,
1782563490.6209,200,142.5654670001677,qwen15b-npu6,
1782563490.6325054,200,124.92962800024543,qwen15b-npu5,
1782563490.633863,200,129.0974859984999,qwen15b-npu4,
1782563490.6341956,200,122.76818799909961,qwen15b-npu4,
1782563490.6441174,200,138.91745100045227,qwen15b-npu3,
1782563490.6444638,200,133.4056360010436,qwen15b-npu3,
1782563490.6492128,200,141.30094199936138,qwen15b-npu7,
1782563490.649841,200,137.9888169994956,qwen15b-npu7,
1782563490.6504815,200,140.87461000053736,qwen15b-npu6,
1782563490.6510189,200,147.03868799915654,qwen15b-npu6,
1782563490.6586719,200,125.9862630013231,qwen15b-npu4,
1782563490.6590188,200,130.4687219999323,qwen15b-npu5,
1782563490.6727245,200,137.27102399934665,qwen15b-npu3,
1782563490.6769426,200,139.95749599962437,qwen15b-npu7,
1782563490.6777956,200,147.2352390010201,qwen15b-npu6,
1782563490.6842394,200,124.3847050009208,qwen15b-npu4,
1782563490.6854033,200,120.49063700033003,qwen15b-npu5,
1782563490.6860142,200,132.31449100021564,qwen15b-npu5,
1782563490.7021685,200,142.69310800045787,qwen15b-npu3,
1782563490.7054365,200,140.9537099989393,qwen15b-npu7,
1782563490.706678,200,149.06780700039235,qwen15b-npu6,
1782563490.70698,200,141.31281200025114,qwen15b-npu6,
1782563490.7110362,200,131.7029990004812,qwen15b-npu4,
1782563490.7116554,200,119.6719130002748,qwen15b-npu5,
1782563490.7328877,200,150.03654199972516,qwen15b-npu3,
1782563490.7348976,200,147.2362790009356,qwen15b-npu7,
1782563490.7361982,200,128.38383300004352,qwen15b-npu7,
1782563490.7366815,200,115.68228500073019,qwen15b-npu4,
1782563490.737134,200,130.57345299966983,qwen15b-npu4,
1782563490.7381303,200,145.76083199972345,qwen15b-npu6,
1782563490.7392514,200,124.53013599952101,qwen15b-npu5,
1782563490.760588,200,116.05507700005546,qwen15b-npu4,
1782563490.7624044,200,128.4402629989927,qwen15b-npu7,
1782563490.7627795,200,142.57888800057117,qwen15b-npu6,
1782563490.7640862,200,129.8247499998979,qwen15b-npu5,
1782563490.7656295,200,133.05922499966982,qwen15b-npu3,
1782563490.7659512,200,158.55756000019028,qwen15b-npu3,
1782563490.7862315,200,127.47732900061237,qwen15b-npu4,
1782563490.7902029,200,139.11647200075095,qwen15b-npu7,
1782563490.7905467,200,141.22459199825244,qwen15b-npu5,
1782563490.7917325,200,141.77819399992586,qwen15b-npu6,
1782563490.7923136,200,148.10296299947368,qwen15b-npu6,
1782563490.793444,200,142.86237899978005,qwen15b-npu3,
1782563490.793798,200,134.6724319992063,qwen15b-npu3,
1782563490.8118193,200,127.47596999906818,qwen15b-npu4,
1782563490.8173418,200,140.29960799962282,qwen15b-npu5,
1782563490.8176675,200,115.43468400122947,qwen15b-npu5,
1782563490.819752,200,141.86562499889988,qwen15b-npu6,
1782563490.820479,200,134.3986110005062,qwen15b-npu7,
1782563490.8207235,200,147.9156019995571,qwen15b-npu7,
1782563490.822659,200,137.15976299863541,qwen15b-npu3,
1782563490.8380156,200,130.92338500064216,qwen15b-npu4,
1782563490.8424177,200,131.2138169996615,qwen15b-npu5,
1782563490.846649,200,141.10382100079732,qwen15b-npu6,
1782563490.8470404,200,135.27463499849546,qwen15b-npu7,
1782563490.8497827,200,143.01989000159665,qwen15b-npu3,
1782563490.8636994,200,125.47563000043738,qwen15b-npu4,
1782563490.8645196,200,128.18354200135218,qwen15b-npu4,
1782563490.8708756,200,133.6387070005003,qwen15b-npu5,
1782563490.8742988,200,139.2908219986566,qwen15b-npu7,
1782563490.8752813,200,142.32486699984292,qwen15b-npu6,
1782563490.875908,200,136.56666099996073,qwen15b-npu6,
1782563490.8789914,200,142.1932060002291,qwen15b-npu3,
1782563490.8892114,200,123.20048999936262,qwen15b-npu4,
1782563490.8946025,200,131.74766900010582,qwen15b-npu5,
1782563490.9026065,200,138.45380899874726,qwen15b-npu6,
1782563490.9032474,200,140.73941000060586,qwen15b-npu7,
1782563490.9101257,200,149.46898900052474,qwen15b-npu3,
1782563490.9104981,200,144.7697280000284,qwen15b-npu3,
1782563490.9143102,200,122.47732600008021,qwen15b-npu4,
1782563490.921198,200,127.29076799951144,qwen15b-npu5,
1782563490.9215934,200,130.971304999548,qwen15b-npu5,
1782563490.9299605,200,139.68449399908422,qwen15b-npu6,
1782563490.9314058,200,145.07491900076275,qwen15b-npu7,
1782563490.9319286,200,138.38345799922536,qwen15b-npu7,
1782563490.935345,200,142.96272000137833,qwen15b-npu3,
1782563490.940581,200,122.85313800020958,qwen15b-npu4,
1782563490.9409568,200,118.23163700137229,qwen15b-npu4,
1782563490.946049,200,125.25719899895194,qwen15b-npu5,
1782563490.9579396,200,138.09034699988842,qwen15b-npu7,
1782563490.9594874,200,147.57411000027787,qwen15b-npu6,
1782563490.9599297,200,139.38161300029606,qwen15b-npu6,
1782563490.9650202,200,115.14025399992533,qwen15b-npu4,
1782563490.9662793,200,148.8360860003013,qwen15b-npu3,
1782563490.9666493,200,128.5658839988173,qwen15b-npu3,
1782563490.9735153,200,126.36612399910518,qwen15b-npu5,
1782563490.986684,200,139.91702599923883,qwen15b-npu6,
1782563490.9888504,200,124.23571500039543,qwen15b-npu7,
1782563490.9892275,200,146.67823600029806,qwen15b-npu7,
1782563490.9930882,200,117.70675499974459,qwen15b-npu4,
1782563490.995015,200,131.2114060001477,qwen15b-npu3,
1782563490.9998121,200,128.8469860010082,qwen15b-npu5,
1782563491.0146363,200,140.23285700022825,qwen15b-npu6,
1782563491.0154624,200,136.37559999915538,qwen15b-npu7,
1782563491.0189736,200,116.2923089996184,qwen15b-npu4,
1782563491.024351,200,148.3786839999084,qwen15b-npu3,
1782563491.0265253,200,116.29672799972468,qwen15b-npu5,
1782563491.0268316,200,137.52697400013858,qwen15b-npu5,
1782563491.041887,200,127.51394999941112,qwen15b-npu6,
1782563491.042227,200,147.51941000031366,qwen15b-npu6,
1782563491.0445502,200,133.98200899973745,qwen15b-npu7,
1782563491.0454142,200,124.1111239996826,qwen15b-npu4,
1782563491.0514839,200,120.00403500132961,qwen15b-npu5,
1782563491.0526962,200,149.38414900097996,qwen15b-npu3,
1782563491.0534267,200,131.73065800037875,qwen15b-npu3,
1782563491.06865,200,136.6601109984913,qwen15b-npu6,
1782563491.0719264,200,141.89786400129378,qwen15b-npu7,
1782563491.072901,200,137.46290500057512,qwen15b-npu4,
1782563491.0732803,200,132.2242999995069,qwen15b-npu7,
1782563491.0779364,200,131.82094799958577,qwen15b-npu5,
1782563491.0815666,200,140.88919999994687,qwen15b-npu3,
1782563491.097034,200,130.28578199919139,qwen15b-npu6,
1782563491.0976124,200,139.60800399945583,qwen15b-npu6,
1782563491.0983503,200,124.76630699893576,qwen15b-npu4,
1782563491.0993488,200,139.73752499987313,qwen15b-npu4,
1782563491.1022375,200,137.12017299985746,qwen15b-npu7,
1782563491.1042273,200,137.8625959987403,qwen15b-npu5,
1782563491.105098,200,115.73961599970062,qwen15b-npu5,
1782563491.1103222,200,150.2797230004944,qwen15b-npu3,
1782563491.1236784,200,128.5231140009273,qwen15b-npu4,
1782563491.124219,200,131.03428599970357,qwen15b-npu6,
1782563491.1276443,200,138.68886000091152,qwen15b-npu7,
1782563491.12923,200,113.66533699947468,qwen15b-npu5,
1782563491.139725,200,152.93096499954117,qwen15b-npu3,
1782563491.1403856,200,140.47407799989742,qwen15b-npu3,
1782563491.1503766,200,125.92264199884085,qwen15b-npu4,
1782563491.1514552,200,132.41613100035465,qwen15b-npu6,
1782563491.1553826,200,113.4044949994859,qwen15b-npu5,
1782563491.1572046,200,130.29146200096875,qwen15b-npu7,
1782563491.1579552,200,143.21898100024555,qwen15b-npu7,
1782563491.1683311,200,141.7239239999617,qwen15b-npu3,
1782563491.177017,200,132.40443199902074,qwen15b-npu4,
1782563491.179576,200,137.28232299945375,qwen15b-npu6,
1782563491.179894,200,126.39311499879113,qwen15b-npu6,
1782563491.1811326,200,128.37068299995735,qwen15b-npu5,
1782563491.1858265,200,134.2486600005941,qwen15b-npu7,
1782563491.1975675,200,152.04917099981685,qwen15b-npu3,
1782563491.2025936,200,133.87844800126913,qwen15b-npu4,
1782563491.2029712,200,121.30835199968715,qwen15b-npu4,
1782563491.2051685,200,127.168958000766,qwen15b-npu6,
1782563491.2077863,200,134.78453200150398,qwen15b-npu5,
1782563491.2180798,200,144.7272069999599,qwen15b-npu7,
1782563491.2274659,200,130.34725199941022,qwen15b-npu3,
1782563491.2283065,200,156.310921000113,qwen15b-npu3,
1782563491.2293172,200,127.01300700064166,qwen15b-npu4,
1782563491.2347574,200,124.33833500108449,qwen15b-npu5,
1782563491.235371,200,136.94666199990024,qwen15b-npu5,
1782563491.2363389,200,136.87332200061064,qwen15b-npu6,
1782563491.2482274,200,150.5490039999131,qwen15b-npu7,
1782563491.248614,200,143.4164120000787,qwen15b-npu7,
1782563491.2538671,200,129.58504900052503,qwen15b-npu4,
1782563491.256869,200,152.55841300131578,qwen15b-npu3,
1782563491.2585068,200,118.71225899994897,qwen15b-npu5,
1782563491.2639265,200,140.1758259999042,qwen15b-npu6,
1782563491.2647414,200,124.28602399995725,qwen15b-npu6,
1782563491.2752736,200,145.95205300065572,qwen15b-npu7,
1782563491.280374,200,111.95877799946174,qwen15b-npu4,
1782563491.2806962,200,130.23389199952362,qwen15b-npu4,
1782563491.2841096,200,126.83739600106492,qwen15b-npu5,
1782563491.2875338,200,159.80583599957754,qwen15b-npu3,
1782563491.2879598,200,136.41232999907515,qwen15b-npu3,
1782563491.2922473,200,134.1912300013064,qwen15b-npu6,
1782563491.3047059,200,149.21879800021998,qwen15b-npu7,
1782563491.3064725,200,120.57985799947346,qwen15b-npu4,
1782563491.3112977,200,131.27745699966908,qwen15b-npu5,
1782563491.315988,200,138.8835210000252,qwen15b-npu3,
1782563491.3189306,200,137.73066500107234,qwen15b-npu6,
1782563491.332645,200,124.79264699868509,qwen15b-npu4,
1782563491.3334801,200,130.41753200013773,qwen15b-npu7,
1782563491.3344202,200,154.77792300043802,qwen15b-npu7,
1782563491.3361986,200,133.5048769997229,qwen15b-npu5,
1782563491.3447378,200,147.07699899918225,qwen15b-npu3,
1782563491.346524,200,141.26523200138763,qwen15b-npu6,
1782563491.3579552,200,123.0989599989698,qwen15b-npu4,
1782563491.3618765,200,125.43629900028463,qwen15b-npu7,
1782563491.362307,200,134.7725020004873,qwen15b-npu7,
1782563491.3637176,200,115.37726399910753,qwen15b-npu5,
1782563491.3641503,200,135.73068699952273,qwen15b-npu5,
1782563491.3748598,200,139.42218300144305,qwen15b-npu3,
1782563491.3755114,200,157.36711499994271,qwen15b-npu3,
1782563491.37849,200,149.09737699963443,qwen15b-npu6,
1782563491.378902,200,130.1537819999794,qwen15b-npu6,
1782563491.3833065,200,129.34628800030623,qwen15b-npu4,
1782563491.3868973,200,122.87280800046574,qwen15b-npu5,
1782563491.389294,200,130.6953439998324,qwen15b-npu7,
1782563491.4033403,200,138.49878899964096,qwen15b-npu6,
1782563491.406357,200,149.3919080003252,qwen15b-npu3,
1782563491.4102426,200,134.90109300073527,qwen15b-npu4,
1782563491.410579,200,122.51433700112102,qwen15b-npu4,
1782563491.4156144,200,131.41709699993953,qwen15b-npu5,
1782563491.4172366,200,136.45077000001038,qwen15b-npu7,
1782563491.43051,200,142.8705189991888,qwen15b-npu6,
1782563491.4331388,200,117.05942200023856,qwen15b-npu4,
1782563491.4379961,200,131.42003700158966,qwen15b-npu5,
1782563491.4383984,200,146.0317330001999,qwen15b-npu3,
1782563491.4388294,200,158.37381900018954,qwen15b-npu3,
1782563491.4460692,200,141.26973199927306,qwen15b-npu7,
1782563491.4580963,200,121.80226400050742,qwen15b-npu4,
1782563491.459687,200,125.18181900122727,qwen15b-npu6,
1782563491.4604888,200,149.1211070006102,qwen15b-npu6,
1782563491.4631374,200,129.5691480008827,qwen15b-npu5,
1782563491.4642417,200,145.21487900128704,qwen15b-npu3,
1782563491.4732883,200,126.67384599990328,qwen15b-npu7,
1782563491.473667,200,140.91462000033061,qwen15b-npu7,
1782563491.4830184,200,121.02496000079555,qwen15b-npu4,
1782563491.4868882,200,124.46992500008491,qwen15b-npu6,
1782563491.4880672,200,113.11281399866857,qwen15b-npu5,
1782563491.4883564,200,130.33203200029675,qwen15b-npu5,
1782563491.4946995,200,149.8577509992174,qwen15b-npu3,
1782563491.4950414,200,131.2414459989668,qwen15b-npu3,
1782563491.4998624,200,135.60053599940147,qwen15b-npu7,
1782563491.5083642,200,129.33350800085464,qwen15b-npu4,
1782563491.5120754,200,125.11162899863848,qwen15b-npu5,
1782563491.5134177,200,137.83760600017558,qwen15b-npu6,
1782563491.5142615,200,124.85903799824882,qwen15b-npu6,
1782563491.5231135,200,144.50065699929837,qwen15b-npu3,
1782563491.526727,200,143.32227100021555,qwen15b-npu7,
1782563491.5353281,200,117.99086599967268,qwen15b-npu4,
1782563491.535721,200,132.30856100017263,qwen15b-npu4,
1782563491.5375006,200,126.85070599945902,qwen15b-npu5,
1782563491.553546,200,143.21494000068924,qwen15b-npu7,
1782563491.5543058,200,147.85710199976165,qwen15b-npu3,
1782563491.5591362,200,120.22257700118644,qwen15b-npu4,
1782563491.564448,200,126.33213400113164,qwen15b-npu5,
1782563491.5692081,200,130.6835230006982,qwen15b-npu6,
1782563491.569655,200,153.93975900042278,qwen15b-npu6,
1782563491.5828922,200,124.69089700061886,qwen15b-npu7,
1782563491.5835505,200,150.32617199904053,qwen15b-npu7,
1782563491.584374,200,153.78450800017163,qwen15b-npu3,
1782563491.5852678,200,139.11455199922784,qwen15b-npu3,
1782563491.586039,200,122.81790800079762,qwen15b-npu4,
1782563491.5902364,200,116.49907900027756,qwen15b-npu5,
1782563491.590964,200,131.17888599845173,qwen15b-npu5,
1782563491.593916,200,133.326365999892,qwen15b-npu6,
1782563491.6099339,200,121.50431200097955,qwen15b-npu7,
1782563491.6113603,200,137.9721769990283,qwen15b-npu7,
1782563491.6116393,200,111.6713070005062,qwen15b-npu4,
1782563491.612053,200,125.06916799975443,qwen15b-npu4,
1782563491.6132846,200,148.95512699877145,qwen15b-npu3,
1782563491.6145837,200,119.44361199857667,qwen15b-npu5,
1782563491.6234605,200,140.34135799920477,qwen15b-npu6,
1782563491.6238835,200,129.08529699961946,qwen15b-npu6,
1782563491.6349127,200,111.72908800108416,qwen15b-npu4,
1782563491.6377542,200,125.58286099920224,qwen15b-npu7,
1782563491.6417055,200,128.22115299968573,qwen15b-npu5,
1782563491.6429155,200,134.43591099894547,qwen15b-npu3,
1782563491.6436567,200,155.52195700001903,qwen15b-npu3,
1782563491.6498597,200,135.49407600112318,qwen15b-npu6,
1782563491.6649718,200,129.1517660010868,qwen15b-npu5,
1782563491.666266,200,130.8392040009494,qwen15b-npu7,
1782563491.6710744,200,144.25109500007238,qwen15b-npu3,
1782563491.678448,200,140.87947999905737,qwen15b-npu6,
1782563491.6856785,200,115.9052659986628,qwen15b-npu4,
1782563491.6860824,200,132.46726199940895,qwen15b-npu4,
1782563491.6903417,200,125.75583200123219,qwen15b-npu5,
1782563491.6947277,200,135.52360600078828,qwen15b-npu7,
1782563491.6998024,200,145.41885099970386,qwen15b-npu3,
1782563491.7073214,200,137.9926469999191,qwen15b-npu6,
1782563491.7078264,200,122.46580600003654,qwen15b-npu6,
1782563491.7094047,200,123.28777000038826,qwen15b-npu4,
1782563491.715374,200,130.91137400078878,qwen15b-npu5,
1782563491.715673,200,121.65572300000349,qwen15b-npu5,
1782563491.7239187,200,132.8862840000511,qwen15b-npu7,
1782563491.724561,200,140.89346999935515,qwen15b-npu7,
1782563491.7293284,200,146.31970499976887,qwen15b-npu3,
1782563491.7297568,200,139.4292739987577,qwen15b-npu3,
1782563491.733511,200,123.48186100098246,qwen15b-npu6,
1782563491.7351544,200,111.57946700041066,qwen15b-npu4,
1782563491.7359247,200,124.49387600099726,qwen15b-npu4,
1782563491.739774,200,126.38701400101127,qwen15b-npu5,
1782563491.7516568,200,139.49436400071136,qwen15b-npu7,
1782563491.7585282,200,146.75931599958858,qwen15b-npu3,
1782563491.7589524,200,134.96171299993875,qwen15b-npu3,
1782563491.7602856,200,117.22735200055467,qwen15b-npu4,
1782563491.762426,200,147.74755100006587,qwen15b-npu6,
1782563491.7652488,200,127.39725899882615,qwen15b-npu5,
1782563491.7803621,200,145.3610110002046,qwen15b-npu7,
1782563491.7810588,200,131.09457599966845,qwen15b-npu7,
1782563491.7850995,200,113.9380570002686,qwen15b-npu4,
1782563491.7862532,200,142.4880970007507,qwen15b-npu3,
1782563491.7907422,200,124.37625499842397,qwen15b-npu6,
1782563491.7915137,200,149.7424700010015,qwen15b-npu6,
1782563491.7918649,200,126.82230599966715,qwen15b-npu5,
1782563491.8076088,200,121.82240299989644,qwen15b-npu7,
1782563491.8103268,200,115.51998499999172,qwen15b-npu4,
1782563491.8149621,200,136.4141499998368,qwen15b-npu3,
1782563491.8179333,200,131.73753800037957,qwen15b-npu5,
1782563491.8191273,200,128.7172050015215,qwen15b-npu6,
1782563491.8356056,200,128.14032300047984,qwen15b-npu7,
1782563491.8360574,200,120.28158700013591,qwen15b-npu4,
1782563491.8436356,200,143.77632300056575,qwen15b-npu3,
1782563491.8442204,200,136.2783690001379,qwen15b-npu5,
1782563491.8450212,200,129.56571799986705,qwen15b-npu3,
1782563491.8453338,200,120.70629899972118,qwen15b-npu5,
1782563491.8467317,200,137.2533329995349,qwen15b-npu6,
1782563491.8621433,200,132.27454099978786,qwen15b-npu4,
1782563491.8632886,200,123.41159999959928,qwen15b-npu4,
1782563491.863726,200,128.45751299937547,qwen15b-npu7,
1782563491.8644238,200,140.40900700092607,qwen15b-npu7,
1782563491.8689787,200,132.95717399887508,qwen15b-npu5,
1782563491.8715456,200,137.96963700042397,qwen15b-npu3,
1782563491.8760655,200,124.31550399924163,qwen15b-npu6,
1782563491.876361,200,146.9196380003268,qwen15b-npu6,
1782563491.8866193,200,124.09396299881337,qwen15b-npu4,
1782563491.8921094,200,133.04913399952056,qwen15b-npu7,
1782563491.8939328,200,133.51617700027418,qwen15b-npu5,
1782563491.9001756,200,141.5353630000027,qwen15b-npu3,
1782563491.9028997,200,137.58387500092795,qwen15b-npu6,
1782563491.9113536,200,125.03530799949658,qwen15b-npu4,
1782563491.9203067,200,112.60424099964439,qwen15b-npu5,
1782563491.9205709,200,129.71857000047748,qwen15b-npu7,
1782563491.9214368,200,136.2401989990758,qwen15b-npu5,
1782563491.9218023,200,140.6712090010842,qwen15b-npu7,
1782563491.9292996,200,148.8350259987783,qwen15b-npu3,
1782563491.9299817,200,138.00191699920106,qwen15b-npu3,
1782563491.9326124,200,140.99754999915604,qwen15b-npu6,
1782563491.9369645,200,126.5449050006282,qwen15b-npu4,
1782563491.948298,200,129.086296999958,qwen15b-npu7,
1782563491.9575715,200,139.4982540005003,qwen15b-npu3,
1782563491.9610405,200,145.99335300044913,qwen15b-npu6,
1782563491.9625542,200,115.70805500014103,qwen15b-npu4,
1782563491.962913,200,127.17626800076687,qwen15b-npu4,
1782563491.970264,200,125.15690799955337,qwen15b-npu5,
1782563491.9706059,200,134.43227100106014,qwen15b-npu5,
1782563491.9766376,200,131.2071759984974,qwen15b-npu7,
1782563491.9859972,200,141.68488399991475,qwen15b-npu3,
1782563491.9865565,200,117.51255399940419,qwen15b-npu4,
1782563491.9912374,200,147.52773100008199,qwen15b-npu6,
1782563491.9919271,200,129.6936389990151,qwen15b-npu6,
1782563491.9965,200,131.98172000011255,qwen15b-npu5,
1782563492.0059056,200,129.75899899902288,qwen15b-npu7,
1782563492.006737,200,142.9350489997887,qwen15b-npu7,
1782563492.0116374,200,119.44645199946535,qwen15b-npu4,
1782563492.015466,200,138.99061200027063,qwen15b-npu3,
1782563492.016173,200,152.77882400005183,qwen15b-npu3,
1782563492.0198781,200,148.26570399964112,qwen15b-npu6,
1782563492.0209963,200,126.96500700076285,qwen15b-npu6,
1782563492.0218227,200,135.08142400132783,qwen15b-npu5,
1782563492.0345538,200,131.55773699872952,qwen15b-npu7,
1782563492.0370355,200,116.65513000116334,qwen15b-npu4,
1782563492.043272,200,142.99247000053583,qwen15b-npu3,
1782563492.0467563,200,117.3797729989019,qwen15b-npu5,
1782563492.0471063,200,135.68903599843907,qwen15b-npu5,
1782563492.0482492,200,127.58403000043472,qwen15b-npu6,
1782563492.0613773,200,131.3279860005423,qwen15b-npu4,
1782563492.062736,200,140.81264899868984,qwen15b-npu7,
1782563492.0709782,200,113.30423499930475,qwen15b-npu5,
1782563492.072515,200,150.97286600030202,qwen15b-npu3,
1782563492.0728738,200,135.76644600107102,qwen15b-npu3,
1782563492.0774508,200,144.7450369996659,qwen15b-npu6,
1782563492.086772,200,110.03992999940237,qwen15b-npu4,
1782563492.0875463,200,126.43716400089033,qwen15b-npu4,
1782563492.0910747,200,142.68012799948337,qwen15b-npu7,
1782563492.0962772,200,125.5718810007238,qwen15b-npu5,
1782563492.1004722,200,137.80544600012945,qwen15b-npu3,
1782563492.1064386,200,143.45197199872928,qwen15b-npu6,
1782563492.1114538,200,114.89287200129183,qwen15b-npu4,
1782563492.1195312,200,149.18434699939098,qwen15b-npu7,
1782563492.1200738,200,128.76117499945394,qwen15b-npu7,
1782563492.1211932,200,129.18218699996942,qwen15b-npu5,
1782563492.1286404,200,142.0177550007793,qwen15b-npu3,
1782563492.1359575,200,149.89545100070245,qwen15b-npu6,
1782563492.136998,200,120.75854900103877,qwen15b-npu4,
1782563492.1375155,200,131.5466070009279,qwen15b-npu6,
1782563492.14761,200,132.0515199986403,qwen15b-npu5,
1782563492.1483736,200,113.73026599903824,qwen15b-npu5,
1782563492.1487029,200,126.79997600025672,qwen15b-npu7,
1782563492.149717,200,138.0064669992862,qwen15b-npu7,
1782563492.1585233,200,151.67588900112605,qwen15b-npu3,
1782563492.158925,200,137.81894599924271,qwen15b-npu3,
1782563492.1624987,200,125.32029999965744,qwen15b-npu4,
1782563492.1658418,200,145.87021300030756,qwen15b-npu6,
1782563492.1723707,200,124.04543399861723,qwen15b-npu5,
1782563492.1758082,200,128.62544400013576,qwen15b-npu7,
1782563492.1863184,200,139.45978400079184,qwen15b-npu3,
1782563492.1874287,200,125.95944200074882,qwen15b-npu4,
1782563492.1877744,200,110.25834000065515,qwen15b-npu4,
1782563492.1953523,200,152.00032100074168,qwen15b-npu6,
1782563492.195737,200,132.93445399904158,qwen15b-npu6,
1782563492.200403,200,127.78355099908367,qwen15b-npu5,
1782563492.2038,200,130.8555340001476,qwen15b-npu7,
1782563492.2117417,200,111.1652250001498,qwen15b-npu4,
1782563492.216689,200,145.6428519995825,qwen15b-npu3,
1782563492.217054,200,129.39941700096824,qwen15b-npu3,
1782563492.2228127,200,135.9747280002921,qwen15b-npu6,
1782563492.22434,200,127.96344199887244,qwen15b-npu5,
1782563492.2319696,200,140.8009189999575,qwen15b-npu7,
1782563492.2371914,200,115.91598700033501,qwen15b-npu4,
1782563492.245402,200,133.85619800101267,qwen15b-npu3,
1782563492.2509954,200,130.85925500126905,qwen15b-npu5,
1782563492.251371,200,113.74307600090106,qwen15b-npu5,
1782563492.2521932,200,145.68200200119463,qwen15b-npu6,
1782563492.2605681,200,124.54240599981858,qwen15b-npu7,
1782563492.2612257,200,141.61964300001273,qwen15b-npu7,
1782563492.2624722,200,114.75873199924536,qwen15b-npu4,
1782563492.2727997,200,135.68112699977064,qwen15b-npu3,
1782563492.2756906,200,116.6458200004854,qwen15b-npu5,
1782563492.2827787,200,134.3114199989941,qwen15b-npu6,
1782563492.283129,200,154.42450199952873,qwen15b-npu6,
1782563492.287745,200,129.11376699958055,qwen15b-npu4,
1782563492.2884932,200,138.7126999998145,qwen15b-npu7,
1782563492.3009772,200,125.07901800017862,qwen15b-npu5,
1782563492.3068006,200,158.0109579990676,qwen15b-npu3,
1782563492.3071,200,141.19419199960248,qwen15b-npu3,
1782563492.3106053,200,148.01069299937808,qwen15b-npu6,
1782563492.3145545,200,128.16670199936198,qwen15b-npu4,
1782563492.3149667,200,114.42476000047463,qwen15b-npu4,
1782563492.317032,200,121.58151299991005,qwen15b-npu7,
1782563492.3173482,200,144.9035380010173,qwen15b-npu7,
1782563492.3266296,200,130.7868240000971,qwen15b-npu5,
1782563492.330745,200,142.8621690010914,qwen15b-npu3,
1782563492.3376422,200,114.73388100057491,qwen15b-npu4,
1782563492.3406415,200,136.76785100142297,qwen15b-npu6,
1782563492.34134,200,153.82748900083243,qwen15b-npu6,
1782563492.3450475,200,128.2574230008322,qwen15b-npu7,
1782563492.355804,200,138.68000999900687,qwen15b-npu5,
1782563492.358908,200,147.09559800030547,qwen15b-npu3,
1782563492.3597922,200,127.72898999901372,qwen15b-npu3,
1782563492.3628898,200,111.81141799897887,qwen15b-npu4,
1782563492.3693106,200,144.8734579989832,qwen15b-npu6,
1782563492.371692,200,134.43613099843787,qwen15b-npu7,
1782563492.3818986,200,120.59668700021575,qwen15b-npu5,
1782563492.382245,200,136.78061100108607,qwen15b-npu5,
1782563492.3870525,200,134.7523619988351,qwen15b-npu3,
1782563492.3882499,200,125.6880609998916,qwen15b-npu4,
1782563492.3977857,200,124.9190880007518,qwen15b-npu6,
1782563492.3981268,200,146.6581259992381,qwen15b-npu6,
1782563492.4014888,200,140.82536899877596,qwen15b-npu7,
1782563492.4064705,200,123.26132999987749,qwen15b-npu5,
1782563492.4135401,200,125.69818100018892,qwen15b-npu4,
1782563492.415614,200,139.82401599969307,qwen15b-npu3,
1782563492.4252322,200,136.66410100086068,qwen15b-npu6,
1782563492.4299157,200,147.04212800097594,qwen15b-npu7,
1782563492.4302154,200,123.0082689999108,qwen15b-npu7,
1782563492.4336622,200,116.24169899914705,qwen15b-npu5,
1782563492.4339745,200,127.09484700098983,qwen15b-npu5,
1782563492.4393551,200,112.63625100036734,qwen15b-npu4,
1782563492.4397547,200,129.0841760001058,qwen15b-npu4,
1782563492.4449282,200,130.2609720005421,qwen15b-npu3,
1782563492.445233,200,144.17075500023202,qwen15b-npu3,
1782563492.4533064,200,122.4676570000156,qwen15b-npu6,
1782563492.454104,200,139.0279509996617,qwen15b-npu6,
1782563492.457856,200,116.4265979987249,qwen15b-npu5,
1782563492.4589293,200,141.81726400056505,qwen15b-npu7,
1782563492.4718373,200,126.72217600083968,qwen15b-npu4,
1782563492.4740345,200,136.3276890006091,qwen15b-npu3,
1782563492.4809742,200,125.10633800047799,qwen15b-npu6,
1782563492.4858322,200,122.86610900082451,qwen15b-npu5,
1782563492.488452,200,119.05599999954575,qwen15b-npu4,
1782563492.489412,200,148.69464599905768,qwen15b-npu7,
1782563492.4897263,200,129.87022000015713,qwen15b-npu7,
1782563492.5024297,200,143.42380199923355,qwen15b-npu3,
1782563492.5093234,200,122.16577499930281,qwen15b-npu5,
1782563492.5097578,200,137.9686069994932,qwen15b-npu6,
1782563492.5137532,200,125.39836900032242,qwen15b-npu4,
1782563492.5163915,200,134.0507990007609,qwen15b-npu7,
1782563492.531872,200,149.88753099896712,qwen15b-npu3,
1782563492.5322196,200,133.98182799937786,qwen15b-npu3,
1782563492.5331566,200,126.62423599977046,qwen15b-npu5,
1782563492.5389254,200,125.28223899971636,qwen15b-npu4,
1782563492.5392697,200,141.40272199983883,qwen15b-npu6,
1782563492.5403008,200,124.58168600096542,qwen15b-npu6,
1782563492.5450995,200,143.5441820012784,qwen15b-npu7,
1782563492.5589852,200,113.68884700095805,qwen15b-npu5,
1782563492.5602329,200,134.9213930006954,qwen15b-npu3,
1782563492.5605412,200,130.25553199986462,qwen15b-npu5,
1782563492.5648942,200,131.1497459992097,qwen15b-npu4,
1782563492.565202,200,120.17724599900248,qwen15b-npu4,
1782563492.56602,200,131.98160999854736,qwen15b-npu6,
1782563492.5740871,200,144.08070399986173,qwen15b-npu7,
1782563492.5744157,200,134.54664100027003,qwen15b-npu7,
1782563492.5837245,200,124.71505600115051,qwen15b-npu5,
1782563492.5887992,200,116.87557100049162,qwen15b-npu4,
1782563492.5909128,200,137.5122849985928,qwen15b-npu3,
1782563492.5918825,200,152.42106200093986,qwen15b-npu3,
1782563492.595184,200,141.0188499994547,qwen15b-npu6,
1782563492.6010754,200,143.11878999978944,qwen15b-npu7,
1782563492.6091383,200,120.60129800011055,qwen15b-npu5,
1782563492.6139677,200,124.47203600095236,qwen15b-npu4,
1782563492.6180017,200,136.93038200108276,qwen15b-npu3,
1782563492.6262357,200,152.10369099986565,qwen15b-npu6,
1782563492.626889,200,137.06716200067603,qwen15b-npu6,
1782563492.629327,200,143.41260100081854,qwen15b-npu7,
1782563492.6346471,200,124.77844699969864,qwen15b-npu5,
1782563492.6389868,200,125.13169799967727,qwen15b-npu4,
1782563492.6475673,200,145.07032899928163,qwen15b-npu3,
1782563492.656421,200,139.93338599902927,qwen15b-npu6,
1782563492.6584148,200,126.10169300023699,qwen15b-npu7,
1782563492.6594088,200,149.96507099931478,qwen15b-npu7,
1782563492.660222,200,126.99952700131689,qwen15b-npu5,
1782563492.664007,200,124.9790080000821,qwen15b-npu4,
1782563492.6766546,200,136.24340900059906,qwen15b-npu3,
1782563492.6770163,200,145.05768900016847,qwen15b-npu3,
1782563492.6858978,200,119.79012399933708,qwen15b-npu5,
1782563492.6861715,200,127.09081799948763,qwen15b-npu5,
1782563492.6875272,200,148.18771300087974,qwen15b-npu6,
1782563492.6883824,200,143.1867510000302,qwen15b-npu7,
1782563492.6901252,200,129.47172900021542,qwen15b-npu4,
1782563492.6906357,200,116.46245900010399,qwen15b-npu4,
1782563492.7038915,200,138.91150099880178,qwen15b-npu3,
1782563492.71076,200,119.7541639994597,qwen15b-npu5,
1782563492.714015,200,122.03888399926655,qwen15b-npu4,
1782563492.718092,200,152.79431399903842,qwen15b-npu7,
1782563492.7183366,200,129.448997999134,qwen15b-npu7,
1782563492.7196693,200,159.35112400075013,qwen15b-npu6,
1782563492.7201903,200,145.70475199980137,qwen15b-npu6,
1782563492.7345634,200,133.3871460010414,qwen15b-npu3,
1782563492.7349658,200,151.16779599884467,qwen15b-npu3,
1782563492.7360888,200,122.0506640001986,qwen15b-npu5,
1782563492.7388644,200,120.77632900036406,qwen15b-npu4,
1782563492.746985,200,137.78263600033824,qwen15b-npu7,
1782563492.7502818,200,154.9853839987918,qwen15b-npu6,
1782563492.7616875,200,134.73161199908645,qwen15b-npu3,
1782563492.7621472,200,127.41755900060525,qwen15b-npu5,
1782563492.7642863,200,125.19871900076396,qwen15b-npu4,
1782563492.774508,200,145.10279900059686,qwen15b-npu7,
1782563492.7809772,200,133.31264499902318,qwen15b-npu6,
1782563492.781318,200,154.9838640003145,qwen15b-npu6,
1782563492.787443,200,127.91566100167984,qwen15b-npu5,
1782563492.7892835,200,132.79789300031553,qwen15b-npu3,
1782563492.7895913,200,129.27309800033981,qwen15b-npu4,
1782563492.8038116,200,126.70888600041508,qwen15b-npu7,
1782563492.8041606,200,145.68109199899482,qwen15b-npu7,
1782563492.8104024,200,146.29231500111928,qwen15b-npu6,
1782563492.8146605,200,123.96196299960138,qwen15b-npu5,
1782563492.8150325,200,111.06356399977813,qwen15b-npu4,
1782563492.8157625,200,129.49325800036604,qwen15b-npu4,
1782563492.8161602,200,130.1895010001317,qwen15b-npu5,
1782563492.8193638,200,130.88557500122988,qwen15b-npu3,
1782563492.8202116,200,143.44821199847502,qwen15b-npu3,
1782563492.831727,200,141.53568300025654,qwen15b-npu7,
1782563492.837689,200,119.52745300004608,qwen15b-npu5,
1782563492.8385592,200,118.80774000019301,qwen15b-npu4,
1782563492.8413453,200,153.75148900056956,qwen15b-npu6,
1782563492.8416882,200,130.8407039996382,qwen15b-npu6,
1782563492.846555,200,132.4422109992156,qwen15b-npu3,
1782563492.8610036,200,125.95316200167872,qwen15b-npu7,
1782563492.8613408,200,142.92639899940696,qwen15b-npu7,
1782563492.862348,200,126.20480300029158,qwen15b-npu5,
1782563492.8635213,200,124.57089599956817,qwen15b-npu4,
1782563492.8707924,200,150.4883029992925,qwen15b-npu6,
1782563492.8757243,200,125.33602999974391,qwen15b-npu3,
1782563492.876607,200,141.93243500085373,qwen15b-npu3,
1782563492.8873498,200,125.13297899931786,qwen15b-npu5,
1782563492.8877237,200,125.96402199960721,qwen15b-npu7,
1782563492.8885875,200,124.20155399922805,qwen15b-npu4,
1782563492.9010832,200,154.0311799999472,qwen15b-npu6,
1782563492.9132533,200,125.67621099879034,qwen15b-npu5,
1782563492.913693,200,124.02624299829768,qwen15b-npu4,
1782563492.9147336,200,133.3474759994715,qwen15b-npu7,
1782563492.9324164,200,157.81487700041907,qwen15b-npu6,
1782563492.932736,200,143.359171001066,qwen15b-npu6,
1782563492.9345026,200,153.43672699964372,qwen15b-npu3,
1782563492.9348083,200,130.91092399918125,qwen15b-npu3,
1782563492.9386275,200,118.30536799971014,qwen15b-npu4,
1782563492.9389973,200,124.22380399948452,qwen15b-npu4,
1782563492.9401283,200,120.676567999908,qwen15b-npu5,
1782563492.9405687,200,130.0573299995449,qwen15b-npu5,
1782563492.9445457,200,128.69417399997474,qwen15b-npu7,
1782563492.9448614,200,140.6040789988765,qwen15b-npu7,
1782563492.962279,200,130.45353300003626,qwen15b-npu6,
1782563492.9637017,200,147.45186000072863,qwen15b-npu3,
1782563492.964017,200,122.58632700104499,qwen15b-npu5,
1782563492.9643762,200,122.57386700002826,qwen15b-npu4,
1782563492.964823,200,149.69879000091169,qwen15b-npu6,
1782563492.9709024,200,132.2752109990688,qwen15b-npu7,
1782563492.988045,200,125.62621100005344,qwen15b-npu5,
1782563492.988833,200,125.22522900144395,qwen15b-npu4,
1782563492.991416,200,144.76801699856878,qwen15b-npu6,
1782563492.9928377,200,131.75241899989487,qwen15b-npu3,
1782563492.9931762,200,155.38536500025657,qwen15b-npu3,
1782563493.000014,200,123.30128000030527,qwen15b-npu7,
1782563493.000313,200,138.87553099993966,qwen15b-npu7,
1782563493.0135343,200,126.0843929994735,qwen15b-npu5,
1782563493.0138814,200,126.08905200067966,qwen15b-npu4,
1782563493.0197675,200,143.98092400006135,qwen15b-npu3,
1782563493.021882,200,133.19181499900878,qwen15b-npu6,
1782563493.022304,200,151.41589800077782,qwen15b-npu6,
1782563493.03839,200,124.58670599880861,qwen15b-npu5,
1782563493.038674,200,123.87098300132493,qwen15b-npu4,
1782563493.0484645,200,147.3134999996546,qwen15b-npu3,
1782563493.0561094,200,142.7355779997015,qwen15b-npu7,
1782563493.056554,200,121.98007400002098,qwen15b-npu7,
1782563493.063787,200,119.15597100050945,qwen15b-npu4,
1782563493.0649006,200,119.92575499971281,qwen15b-npu5,
1782563493.065809,200,127.07340700035274,qwen15b-npu4,
1782563493.066368,200,131.47378699977708,qwen15b-npu5,
1782563493.0778377,200,145.00456899986602,qwen15b-npu3,
1782563493.0783925,200,138.18340800025908,qwen15b-npu3,
1782563493.0809143,200,148.40855400143482,qwen15b-npu6,
1782563493.0812197,200,142.10754499981704,qwen15b-npu6,
1782563493.0832753,200,142.58114800031763,qwen15b-npu7,
1782563493.087656,200,122.74300800163473,qwen15b-npu4,
1782563493.0883029,200,124.51679600053467,qwen15b-npu5,
1782563493.105882,200,141.76182399933168,qwen15b-npu3,
1782563493.109836,200,138.84174000122584,qwen15b-npu6,
1782563493.110199,200,147.8415519995906,qwen15b-npu6,
1782563493.1120975,200,123.17089000134729,qwen15b-npu7,
1782563493.1135054,200,149.0165169998363,qwen15b-npu7,
1782563493.113912,200,120.99055999897246,qwen15b-npu4,
1782563493.1142156,200,122.73131700021622,qwen15b-npu5,
1782563493.1351485,200,147.030108000763,qwen15b-npu3,
1782563493.1355052,200,135.41586499923142,qwen15b-npu3,
1782563493.1371663,200,123.21476999932202,qwen15b-npu4,
1782563493.137811,200,124.18269400041027,qwen15b-npu5,
1782563493.138778,200,145.50499100005254,qwen15b-npu6,
1782563493.1404712,200,140.08899699911126,qwen15b-npu7,
1782563493.1619756,200,123.23416999970505,qwen15b-npu4,
1782563493.1626077,200,124.15148400032194,qwen15b-npu5,
1782563493.1633193,200,141.3197420006327,qwen15b-npu3,
1782563493.1675513,200,147.72015199923771,qwen15b-npu6,
1782563493.1692457,200,146.83412699923792,qwen15b-npu7,
1782563493.1865091,200,121.5001119999215,qwen15b-npu4,
1782563493.1875293,200,109.07389500061981,qwen15b-npu5,
1782563493.188248,200,124.36045499998727,qwen15b-npu5,
1782563493.1928732,200,136.64100099958887,qwen15b-npu3,
1782563493.1933014,200,126.84784700104501,qwen15b-npu3,
1782563493.1983204,200,149.75340999990294,qwen15b-npu6,
1782563493.1986911,200,142.02094499887608,qwen15b-npu7,
1782563493.1995537,200,133.6275369994837,qwen15b-npu6,
1782563493.2130663,200,131.7514080001274,qwen15b-npu4,
1782563493.2134707,200,125.10515800022404,qwen15b-npu5,
1782563493.2235818,200,140.2006270000129,qwen15b-npu3,
1782563493.2342541,200,146.5216460001102,qwen15b-npu7,
1782563493.2345934,200,156.67206200123474,qwen15b-npu7,
1782563493.2356284,200,154.6277729994472,qwen15b-npu6,
1782563493.238967,200,125.35313899934408,qwen15b-npu5,
1782563493.2405179,200,126.20396299826098,qwen15b-npu4,
1782563493.2408597,200,134.88844300081837,qwen15b-npu4,
1782563493.2531285,200,142.8187479996268,qwen15b-npu3,
1782563493.2633624,200,125.4859500004386,qwen15b-npu4,
1782563493.2637188,200,151.5221579993522,qwen15b-npu7,
1782563493.2646585,200,127.39546900047571,qwen15b-npu5,
1782563493.2661524,200,156.23410000080185,qwen15b-npu6,
1782563493.2665908,200,152.59357399918372,qwen15b-npu6,
1782563493.2832322,200,142.69341800172697,qwen15b-npu3,
1782563493.283626,200,148.38783399864042,qwen15b-npu3,
1782563493.2878473,200,124.42502500016417,qwen15b-npu4,
1782563493.2890828,200,126.4113350007392,qwen15b-npu5,
1782563493.293618,200,131.54905699957453,qwen15b-npu7,
1782563493.2943397,200,158.73448199999984,qwen15b-npu7,
1782563493.2951314,200,156.24985000067682,qwen15b-npu6,
1782563493.3144722,200,126.1225829985051,qwen15b-npu4,
1782563493.3147757,200,127.18441700053518,qwen15b-npu5,
1782563493.3152978,200,115.61977499877685,qwen15b-npu4,
1782563493.3157713,200,146.46179500050494,qwen15b-npu3,
1782563493.32247,200,135.8989569998812,qwen15b-npu7,
1782563493.324863,200,157.2181739993539,qwen15b-npu6,
1782563493.3384619,200,140.03570599925297,qwen15b-npu5,
1782563493.3414154,200,148.0296619993169,qwen15b-npu3,
1782563493.3529754,200,154.17096000055608,qwen15b-npu7,
1782563493.3538132,200,130.13008100097068,qwen15b-npu7,
1782563493.3573334,200,164.3375269995886,qwen15b-npu6,
1782563493.3577702,200,144.5972969995637,qwen15b-npu6,
1782563493.3675888,200,132.8970329996082,qwen15b-npu5,
1782563493.367838,200,114.61324999982025,qwen15b-npu4,
1782563493.3680942,200,133.7421779990109,qwen15b-npu4,
1782563493.3688784,200,127.95035099952656,qwen15b-npu5,
1782563493.3779843,200,164.41271700023208,qwen15b-npu3,
1782563493.3790233,200,139.97111599928758,qwen15b-npu3,
1782563493.3830903,200,142.4672470002406,qwen15b-npu7,
1782563493.3867297,200,151.01344600043376,qwen15b-npu6,
1782563493.3901129,200,123.84991299950343,qwen15b-npu4,
1782563493.3914595,200,124.7697969993169,qwen15b-npu5,
1782563493.4084203,200,144.58353699956206,qwen15b-npu3,
1782563493.4112165,200,146.45917600137182,qwen15b-npu7,
1782563493.4147027,200,121.01939900094294,qwen15b-npu4,
1782563493.4160688,200,132.73751300039294,qwen15b-npu6,
1782563493.4168658,200,153.4245570001076,qwen15b-npu6,
1782563493.4177165,200,128.5392240006331,qwen15b-npu5,
1782563493.438303,200,143.0902900010551,qwen15b-npu3,
1782563493.438988,200,155.27500600001076,qwen15b-npu3,
1782563493.4399729,200,124.08924400006072,qwen15b-npu4,
1782563493.4414554,200,153.52094800073246,qwen15b-npu7,
1782563493.4422293,200,127.67462999909185,qwen15b-npu5,
1782563493.4461558,200,130.71300400042674,qwen15b-npu6,
1782563493.4465845,200,152.14624100008223,qwen15b-npu6,
1782563493.4646575,200,123.15163899984327,qwen15b-npu4,
1782563493.4668937,200,128.33309399866266,qwen15b-npu5,
1782563493.4679813,200,145.44612000099733,qwen15b-npu3,
1782563493.4691896,200,144.2639249999047,qwen15b-npu7,
1782563493.4698417,200,154.9560740004381,qwen15b-npu7,
1782563493.4901798,200,111.06198400011635,qwen15b-npu4,
1782563493.490464,200,122.56180700023833,qwen15b-npu4,
1782563493.4923544,200,114.27318899950478,qwen15b-npu5,
1782563493.4927683,200,135.30312500006403,qwen15b-npu5,
1782563493.4974725,200,129.81729900093342,qwen15b-npu7,
1782563493.4980898,200,140.20680700014054,qwen15b-npu7,
1782563493.4994378,200,145.52154100056214,qwen15b-npu3,
1782563493.5017853,200,148.71775599931425,qwen15b-npu6,
1782563493.502505,200,134.3043500000931,qwen15b-npu6,
1782563493.5161788,200,124.62704599965946,qwen15b-npu5,
1782563493.5258594,200,135.65681600084645,qwen15b-npu7,
1782563493.5291834,200,145.98645300065982,qwen15b-npu6,
1782563493.5315075,200,162.54200799994578,qwen15b-npu3,
1782563493.5321536,200,145.328979999249,qwen15b-npu3,
1782563493.5407803,200,123.80092199964565,qwen15b-npu5,
1782563493.543583,200,135.03327400030685,qwen15b-npu4,
1782563493.5440652,200,126.28016399867192,qwen15b-npu4,
1782563493.554659,200,138.52136900095502,qwen15b-npu7,
1782563493.558312,200,147.01921800042328,qwen15b-npu6,
1782563493.5587502,200,143.97554400056833,qwen15b-npu3,
1782563493.563565,200,121.26917100067658,qwen15b-npu4,
1782563493.5656316,200,124.08004399912897,qwen15b-npu5,
1782563493.5832896,200,143.2139799999277,qwen15b-npu7,
1782563493.5858395,200,139.14531199952762,qwen15b-npu6,
1782563493.5862272,200,147.82493200073077,qwen15b-npu6,
1782563493.5875833,200,141.2982120000379,qwen15b-npu3,
1782563493.5880647,200,149.00719700017362,qwen15b-npu3,
1782563493.5894492,200,121.36867099980009,qwen15b-npu4,
1782563493.5918117,200,124.8278869989008,qwen15b-npu5,
1782563493.611371,200,146.6177759994025,qwen15b-npu7,
1782563493.6142678,200,145.0144390000787,qwen15b-npu6,
1782563493.6146882,200,112.80654300026072,qwen15b-npu4,
1782563493.61559,200,123.12690899852896,qwen15b-npu4,
1782563493.6159225,200,123.04655899970385,qwen15b-npu6,
1782563493.6172545,200,126.71919600143156,qwen15b-npu5,
1782563493.6183038,200,148.39641400067194,qwen15b-npu3,
1782563493.618739,200,119.20018099954177,qwen15b-npu5,
1782563493.641642,200,112.39186999955564,qwen15b-npu5,
1782563493.6419425,200,151.69401900129742,qwen15b-npu7,
1782563493.6423078,200,126.06661199970404,qwen15b-npu7,
1782563493.6435065,200,145.93978300035815,qwen15b-npu7,
1782563493.6438353,200,141.24790100140672,qwen15b-npu6,
1782563493.6491497,200,150.99583499977598,qwen15b-npu3,
1782563493.6633668,200,108.64427300111856,qwen15b-npu4,
1782563493.6641312,200,132.5578529995255,qwen15b-npu4,
1782563493.6660032,200,122.35442599921953,qwen15b-npu5,
1782563493.6695507,200,128.68513399916992,qwen15b-npu7,
1782563493.6718547,200,139.61942499918223,qwen15b-npu6,
1782563493.67823,200,152.27596200020344,qwen15b-npu3,
1782563493.6786325,200,134.50373099840363,qwen15b-npu3,
1782563493.6913917,200,125.69351099955384,qwen15b-npu5,
1782563493.6989715,200,140.10983699881763,qwen15b-npu7,
1782563493.7000713,200,141.64135399914812,qwen15b-npu6,
1782563493.7055883,200,141.91714499975205,qwen15b-npu3,
1782563493.71371,200,130.32795199978864,qwen15b-npu4,
1782563493.7140722,200,124.52975499945751,qwen15b-npu4,
1782563493.716346,200,128.16626200037717,qwen15b-npu5,
1782563493.7276525,200,141.71186400017177,qwen15b-npu7,
1782563493.7295508,200,137.643656000364,qwen15b-npu6,
1782563493.729843,200,143.54886199907924,qwen15b-npu6,
1782563493.7341168,200,146.40783499999088,qwen15b-npu3,
1782563493.7380168,200,121.98267399980978,qwen15b-npu4,
1782563493.7430167,200,124.16486400070426,qwen15b-npu5,
1782563493.7439692,200,129.21573700077715,qwen15b-npu5,
1782563493.758505,200,147.05566799966618,qwen15b-npu7,
1782563493.758855,200,143.16516100006993,qwen15b-npu6,
1782563493.7592099,200,141.85499399900436,qwen15b-npu7,
1782563493.7638283,200,121.77763299951039,qwen15b-npu4,
1782563493.7646925,200,115.46085400004813,qwen15b-npu4,
1782563493.7649403,200,146.55325599960634,qwen15b-npu3,
1782563493.765182,200,150.8238660007919,qwen15b-npu3,
1782563493.7677977,200,123.86917299954803,qwen15b-npu5,
1782563493.78664,200,143.04676999927324,qwen15b-npu7,
1782563493.787024,200,145.29933999983768,qwen15b-npu6,
1782563493.788476,200,116.53023899998516,qwen15b-npu4,
1782563493.791807,200,122.19296600051166,qwen15b-npu5,
1782563493.7926505,200,150.25041199987754,qwen15b-npu3,
1782563493.8157067,200,115.52170499999193,qwen15b-npu4,
1782563493.818141,200,154.69024300000456,qwen15b-npu6,
1782563493.81858,200,139.83769500009657,qwen15b-npu7,
1782563493.8199272,200,155.6935570006317,qwen15b-npu7,
1782563493.8203218,200,121.25237100008235,qwen15b-npu5,
1782563493.8207428,200,142.40425699972548,qwen15b-npu6,
1782563493.824416,200,158.31821999927342,qwen15b-npu3,
1782563493.8247807,200,133.2880150002893,qwen15b-npu3,
1782563493.8413951,200,113.67145700023684,qwen15b-npu4,
1782563493.8432956,200,126.85367699850758,qwen15b-npu5,
1782563493.845506,200,139.81870599855029,qwen15b-npu6,
1782563493.8469954,200,133.1903850004892,qwen15b-npu7,
1782563493.8523417,200,138.19915799831506,qwen15b-npu3,
1782563493.8664105,200,123.29836100070679,qwen15b-npu4,
1782563493.8697245,200,131.63670799985994,qwen15b-npu5,
1782563493.8746817,200,130.60934300119698,qwen15b-npu6,
1782563493.8751013,200,145.47870100068394,qwen15b-npu6,
1782563493.8762705,200,146.36234499994316,qwen15b-npu7,
1782563493.8811822,200,146.9530880003731,qwen15b-npu3,
1782563493.8916585,200,127.76144999952521,qwen15b-npu4,
1782563493.8960567,200,136.74468099998194,qwen15b-npu5,
1782563493.8967063,200,128.812385000856,qwen15b-npu5,
1782563493.9020743,200,137.30969400057802,qwen15b-npu6,
1782563493.9062154,200,140.96989999961806,qwen15b-npu7,
1782563493.9069233,200,147.98151299874007,qwen15b-npu7,
1782563493.913035,200,148.02646200041636,qwen15b-npu3,
1782563493.9137707,200,155.16222499900323,qwen15b-npu3,
1782563493.9172587,200,130.52092299949436,qwen15b-npu4,
1782563493.9197345,200,126.98509700021532,qwen15b-npu5,
1782563493.9302511,200,143.10132100035844,qwen15b-npu6,
1782563493.933996,200,145.41711099991517,qwen15b-npu7,
1782563493.938739,200,146.8445669997891,qwen15b-npu3,
1782563493.9428568,200,127.02296699899307,qwen15b-npu4,
1782563493.9434214,200,123.3767199992144,qwen15b-npu4,
1782563493.9451149,200,124.26229399898148,qwen15b-npu5,
1782563493.9589758,200,134.07606900000246,qwen15b-npu6,
1782563493.9596117,200,141.3630219994957,qwen15b-npu6,
1782563493.9632585,200,138.73401099954208,qwen15b-npu7,
1782563493.9635546,200,144.90414799911377,qwen15b-npu7,
1782563493.9677467,200,122.10588500056474,qwen15b-npu4,
1782563493.9681036,200,147.66686099937942,qwen15b-npu3,
1782563493.9723384,200,128.97454599988123,qwen15b-npu5,
1782563493.985709,200,138.61806900058582,qwen15b-npu6,
1782563493.9905047,200,138.09932699950878,qwen15b-npu7,
1782563493.9920168,200,117.22688200097764,qwen15b-npu4,
1782563493.9963353,200,129.79862999964098,qwen15b-npu3,
1782563493.9970527,200,155.5902669988427,qwen15b-npu3,
1782563493.9980175,200,128.18563200016797,qwen15b-npu5,
1782563494.0129757,200,137.74461499997415,qwen15b-npu6,
1782563494.0172384,200,121.11491100040439,qwen15b-npu4,
1782563494.0192957,200,142.9617789999611,qwen15b-npu7,
1782563494.0229607,200,131.207465999978,qwen15b-npu5,
1782563494.0239346,200,116.92037099965091,qwen15b-npu5,
1782563494.0251298,200,143.84486400012975,qwen15b-npu3,
1782563494.041104,200,144.31647499986866,qwen15b-npu6,
1782563494.0414114,200,127.55241000013484,qwen15b-npu6,
1782563494.0431116,200,129.9918400000024,qwen15b-npu4,
1782563494.0456412,200,115.29453399998602,qwen15b-npu5,
1782563494.0494351,200,147.27488899916352,qwen15b-npu7,
1782563494.050058,200,132.71839300068677,qwen15b-npu7,
1782563494.0589576,200,152.6766030001454,qwen15b-npu3,
1782563494.0595706,200,139.74162500016973,qwen15b-npu3,
1782563494.0681536,200,129.32574799924623,qwen15b-npu6,
1782563494.0712519,200,112.19251999864355,qwen15b-npu4,
1782563494.0716298,200,137.5482049988932,qwen15b-npu4,
1782563494.0720148,200,126.83159699918178,qwen15b-npu5,
1782563494.0769076,200,133.93182899926614,qwen15b-npu7,
1782563494.0842059,200,140.66686899968772,qwen15b-npu3,
1782563494.093645,200,125.474270000268,qwen15b-npu4,
1782563494.0960417,200,128.22182299896667,qwen15b-npu5,
1782563494.0963557,200,123.91922300048464,qwen15b-npu6,
1782563494.0971718,200,137.43598499968357,qwen15b-npu6,
1782563494.104847,200,141.5189030012698,qwen15b-npu7,
1782563494.1126862,200,149.0655269990384,qwen15b-npu3,
1782563494.1183333,200,121.93537399980414,qwen15b-npu4,
1782563494.1224887,200,130.4089829991426,qwen15b-npu5,
1782563494.1229954,200,125.83969200022693,qwen15b-npu6,
1782563494.134207,200,148.40455400008068,qwen15b-npu7,
1782563494.13503,200,136.89983199947164,qwen15b-npu7,
1782563494.1426528,200,152.08359000098426,qwen15b-npu3,
1782563494.143116,200,130.04109099892958,qwen15b-npu3,
1782563494.144121,200,124.72965699998895,qwen15b-npu4,
1782563494.1471076,200,129.77497999963816,qwen15b-npu5,
1782563494.149544,200,126.48817499939469,qwen15b-npu6,
1782563494.1639228,200,139.89695499913068,qwen15b-npu7,
1782563494.1686945,200,127.22010799916461,qwen15b-npu4,
1782563494.169362,200,110.34064100022078,qwen15b-npu4,
1782563494.1702216,200,144.99919899935776,qwen15b-npu3,
1782563494.1721196,200,121.99802400027693,qwen15b-npu5,
1782563494.1728966,200,131.71354900077858,qwen15b-npu5,
1782563494.1774282,200,117.77785499907623,qwen15b-npu6,
1782563494.1777678,200,134.55724100094812,qwen15b-npu6,
1782563494.193915,200,121.78965299972333,qwen15b-npu4,
1782563494.194288,200,148.54479499990703,qwen15b-npu7,
1782563494.1946769,200,126.42709499959892,qwen15b-npu7,
1782563494.1966472,200,124.91730800138612,qwen15b-npu5,
1782563494.2015991,200,152.06836099969223,qwen15b-npu3,
1782563494.2019563,200,130.58989300043322,qwen15b-npu3,
1782563494.2056642,200,128.65304499973718,qwen15b-npu6,
1782563494.2179143,200,121.43804100014677,qwen15b-npu4,
1782563494.2219667,200,137.65881600011198,qwen15b-npu7,
1782563494.2226992,200,126.5705350015196,qwen15b-npu5,
1782563494.2293289,200,135.586926000542,qwen15b-npu3,
1782563494.2321033,200,134.83427299979667,qwen15b-npu6,
1782563494.2428992,200,120.33099699874583,qwen15b-npu4,
1782563494.2465892,200,128.18838299972413,qwen15b-npu5,
1782563494.2518132,200,146.89876700140303,qwen15b-npu7,
1782563494.257751,200,145.0019580006483,qwen15b-npu3,
1782563494.259765,200,136.64901099946292,qwen15b-npu6,
1782563494.2675743,200,124.32862499917974,qwen15b-npu4,
1782563494.2710912,200,128.315752999697,qwen15b-npu5,
1782563494.2814245,200,134.20924999991257,qwen15b-npu7,
1782563494.2817173,200,147.41772900015349,qwen15b-npu7,
1782563494.2875063,200,143.30627100025595,qwen15b-npu6,
1782563494.288936,200,153.7968689990521,qwen15b-npu3,
1782563494.2893786,200,139.76708500013046,qwen15b-npu3,
1782563494.294409,200,125.64310100060538,qwen15b-npu4,
1782563494.294703,200,117.19268199885846,qwen15b-npu4,
1782563494.2983124,200,134.29585999983829,qwen15b-npu5,
1782563494.298637,200,125.64579100035189,qwen15b-npu5,
1782563494.3092241,200,138.89327100150695,qwen15b-npu7,
1782563494.3151975,200,137.334633998762,qwen15b-npu6,
1782563494.3158567,200,146.41042500079493,qwen15b-npu6,
1782563494.3192275,200,122.49473700103408,qwen15b-npu4,
1782563494.32025,200,148.03727199978312,qwen15b-npu3,
1782563494.321223,200,126.4300450002338,qwen15b-npu5,
1782563494.3379898,200,143.9604639999743,qwen15b-npu7,
1782563494.3383682,200,136.29847999982303,qwen15b-npu7,
1782563494.3421113,200,140.40978800039738,qwen15b-npu6,
1782563494.342782,200,119.98262499946577,qwen15b-npu6,
1782563494.3436284,200,121.59548300041934,qwen15b-npu4,
1782563494.346418,200,128.4056029999192,qwen15b-npu5,
1782563494.349347,200,154.9889739999344,qwen15b-npu3,
1782563494.3500345,200,144.26392599852988,qwen15b-npu3,
1782563494.3647761,200,135.37962500049616,qwen15b-npu7,
1782563494.3679972,200,121.3420309995854,qwen15b-npu4,
1782563494.3689346,200,117.0553709998785,qwen15b-npu6,
1782563494.3703272,200,127.36702899928787,qwen15b-npu5,
1782563494.3774645,200,145.29548000064096,qwen15b-npu3,
1782563494.3926103,200,121.40726200050267,qwen15b-npu4,
1782563494.393183,200,135.369734998676,qwen15b-npu7,
1782563494.396369,200,128.72379500004172,qwen15b-npu5,
1782563494.4062822,200,146.40930499990645,qwen15b-npu3,
1782563494.4178767,200,128.38481300059357,qwen15b-npu4,
1782563494.418689,200,109.3712960009725,qwen15b-npu4,
1782563494.4205337,200,131.47787699926994,qwen15b-npu5,
1782563494.4212193,200,122.51097699845559,qwen15b-npu5,
1782563494.4221516,200,127.36360800045077,qwen15b-npu7,
1782563494.4228776,200,141.09126100083813,qwen15b-npu7,
1782563494.4263365,200,131.83124900024268,qwen15b-npu6,
1782563494.4266908,200,145.19488000041747,qwen15b-npu6,
1782563494.4359605,200,137.56353499957186,qwen15b-npu3,
1782563494.4363484,200,148.7299759992311,qwen15b-npu3,
1782563494.4420643,200,120.74782899981074,qwen15b-npu4,
1782563494.4447706,200,124.43738500041945,qwen15b-npu5,
1782563494.4495254,200,133.60240700058057,qwen15b-npu7,
1782563494.4510384,200,135.74168600098346,qwen15b-npu6,
1782563494.4638784,200,144.5667970001523,qwen15b-npu3,
1782563494.4669347,200,123.23094000021229,qwen15b-npu4,
1782563494.469943,200,127.07592700098758,qwen15b-npu5,
1782563494.4779835,200,128.57802399958018,qwen15b-npu7,
1782563494.47881,200,140.36622799903853,qwen15b-npu7,
1782563494.4794838,200,133.01130500076397,qwen15b-npu6,
1782563494.4798567,200,141.763264000474,qwen15b-npu6,
1782563494.4915698,200,123.51642199973867,qwen15b-npu4,
1782563494.4945152,200,144.39110600142158,qwen15b-npu3,
1782563494.4949093,200,152.72005399856425,qwen15b-npu3,
1782563494.4958704,200,131.02259500010405,qwen15b-npu5,
1782563494.5048025,200,134.42313100131287,qwen15b-npu7,
1782563494.505531,200,136.54359000065597,qwen15b-npu6,
1782563494.5161822,200,122.9346380005154,qwen15b-npu4,
1782563494.5189788,200,126.30362399977457,qwen15b-npu5,
1782563494.520766,200,143.21953999933612,qwen15b-npu3,
1782563494.53339,200,136.90871200014954,qwen15b-npu6,
1782563494.5337553,200,127.40417900022294,qwen15b-npu7,
1782563494.5413258,200,114.53608100055135,qwen15b-npu4,
1782563494.5421495,200,121.54685200039239,qwen15b-npu4,
1782563494.5450978,200,126.30157399871678,qwen15b-npu5,
1782563494.5454338,200,119.00616999992053,qwen15b-npu5,
1782563494.5521028,200,129.13596700127528,qwen15b-npu3,
1782563494.5524344,200,134.46242099962546,qwen15b-npu3,
1782563494.5615842,200,140.28462799979025,qwen15b-npu6,
1782563494.5619042,200,125.83846199959225,qwen15b-npu6,
1782563494.5627432,200,126.28193400087184,qwen15b-npu7,
1782563494.5634718,200,141.23891099916364,qwen15b-npu7,
1782563494.5653594,200,115.74077600016608,qwen15b-npu4,
1782563494.5695071,200,124.6677870003623,qwen15b-npu5,
1782563494.5773396,200,135.20410399905813,qwen15b-npu3,
1782563494.5888944,200,137.7954960007628,qwen15b-npu6,
1782563494.5903914,200,112.28648100041028,qwen15b-npu4,
1782563494.5907986,200,126.84345600064262,qwen15b-npu7,
1782563494.594766,200,124.7289559996716,qwen15b-npu5,
1782563494.606372,200,139.34769300067273,qwen15b-npu3,
1782563494.6067302,200,126.81108600008884,qwen15b-npu3,
1782563494.6148446,200,119.81829500109598,qwen15b-npu4,
1782563494.6172154,200,122.58536599983927,qwen15b-npu6,
1782563494.6176734,200,138.75668999935442,qwen15b-npu6,
1782563494.6203039,200,124.33731400051329,qwen15b-npu7,
1782563494.6207914,200,141.23478199871897,qwen15b-npu7,
1782563494.625282,200,133.64561700109334,qwen15b-npu5,
1782563494.625799,200,120.18711600103416,qwen15b-npu5,
1782563494.6341183,200,129.2423270006111,qwen15b-npu3,
1782563494.6395621,200,123.28610000076878,qwen15b-npu4,
1782563494.6437638,200,124.72379700011516,qwen15b-npu6,
1782563494.644508,200,110.67930199897091,qwen15b-npu5,
1782563494.6502857,200,129.4559180005308,qwen15b-npu7,
1782563494.6624498,200,128.95837599899096,qwen15b-npu3,
1782563494.6651936,200,112.68705200018303,qwen15b-npu4,
1782563494.6655548,200,124.13371399998141,qwen15b-npu4,
1782563494.6696358,200,117.44617399926938,qwen15b-npu5,
1782563494.6718187,200,129.562538000755,qwen15b-npu6,
1782563494.67922,200,134.04185900071752,qwen15b-npu7,
1782563494.6889968,200,123.55469199974323,qwen15b-npu4,
1782563494.6910434,200,128.19343299997854,qwen15b-npu3,
1782563494.6918452,200,146.32412399987516,qwen15b-npu3,
1782563494.6963344,200,132.78513300065242,qwen15b-npu5,
1782563494.7007399,200,139.07850199939276,qwen15b-npu6,
1782563494.7010527,200,131.4399869988847,qwen15b-npu6,
1782563494.707399,200,129.99123000008694,qwen15b-npu7,
1782563494.708183,200,146.20092500081228,qwen15b-npu7,
1782563494.7137341,200,122.85004799923627,qwen15b-npu4,
1782563494.7197742,200,130.78480399963155,qwen15b-npu3,
1782563494.7206128,200,130.10814099834533,qwen15b-npu5,
1782563494.7280748,200,133.22545499977423,qwen15b-npu6,
1782563494.7355342,200,128.7298949991964,qwen15b-npu7,
1782563494.7393348,200,113.47071500131278,qwen15b-npu4,
1782563494.740074,200,122.73492799977248,qwen15b-npu4,
1782563494.745619,200,120.2663770000072,qwen15b-npu5,
1782563494.7465441,200,131.60318799964443,qwen15b-npu5,
1782563494.75279,200,131.93360900004336,qwen15b-npu3,
1782563494.7533875,200,146.90429700021923,qwen15b-npu3,
1782563494.7602186,200,126.0298020006303,qwen15b-npu6,
1782563494.7604845,200,142.69277799940028,qwen15b-npu6,
1782563494.7638144,200,113.4335850001662,qwen15b-npu4,
1782563494.7667048,200,146.33475499977067,qwen15b-npu7,
1782563494.7713213,200,126.70596600037243,qwen15b-npu5,
1782563494.783176,200,139.35027299885405,qwen15b-npu3,
1782563494.7877378,200,125.18381900008535,qwen15b-npu6,
1782563494.7892294,200,117.29415299851098,qwen15b-npu4,
1782563494.7952828,200,125.58503999935056,qwen15b-npu5,
1782563494.7962677,200,156.61022200038133,qwen15b-npu7,
1782563494.7965045,200,131.21071600107825,qwen15b-npu7,
1782563494.8118992,200,146.27604500128655,qwen15b-npu3,
1782563494.814251,200,117.852805999064,qwen15b-npu4,
1782563494.815948,200,136.65629100069054,qwen15b-npu6,
1782563494.8224866,200,133.3969059996889,qwen15b-npu7,
1782563494.8228478,200,130.9253750005155,qwen15b-npu5,
1782563494.8238926,200,115.61698500008788,qwen15b-npu5,
1782563494.8395524,200,125.7501609998144,qwen15b-npu4,
1782563494.841078,200,133.6037569999462,qwen15b-npu3,
1782563494.8414474,200,150.28990299833822,qwen15b-npu3,
1782563494.8446257,200,143.8123240004643,qwen15b-npu6,
1782563494.845038,200,125.17299799947068,qwen15b-npu6,
1782563494.850846,200,149.68790000057197,qwen15b-npu7,
1782563494.8514657,200,130.74657399920397,qwen15b-npu7,
1782563494.8658724,200,112.42170100013027,qwen15b-npu4,
1782563494.866257,200,126.85419599984016,qwen15b-npu4,
1782563494.8708212,200,142.64839899988146,qwen15b-npu3,
1782563494.8719242,200,131.74700899980962,qwen15b-npu6,
1782563494.8732674,200,137.61704599892255,qwen15b-npu5,
1782563494.873671,200,120.77589799991983,qwen15b-npu5,
1782563494.8777618,200,132.04748000134714,qwen15b-npu7,
1782563494.8907776,200,119.38305199873867,qwen15b-npu4,
1782563494.8995655,200,139.00463099889748,qwen15b-npu6,
1782563494.9001873,200,133.38657600070292,qwen15b-npu5,
1782563494.9014337,200,154.78351399906387,qwen15b-npu3,
1782563494.9017785,200,137.86538599924825,qwen15b-npu3,
1782563494.9050808,200,144.7905080003693,qwen15b-npu7,
1782563494.9160006,200,119.66699399999925,qwen15b-npu4,
1782563494.9253783,200,129.99485000000277,qwen15b-npu5,
1782563494.926897,200,130.32039200152212,qwen15b-npu6,
1782563494.9271934,200,143.90782400005264,qwen15b-npu6,
1782563494.9301853,200,140.82401000086975,qwen15b-npu3,
1782563494.9345946,200,146.7558860003919,qwen15b-npu7,
1782563494.934983,200,123.01581900101155,qwen15b-npu7,
1782563494.9408073,200,118.21516700001666,qwen15b-npu4,
1782563494.9514592,200,135.41238499965402,qwen15b-npu5,
1782563494.9528184,200,129.86517999888747,qwen15b-npu6,
1782563494.9585555,200,144.20495499871322,qwen15b-npu3,
1782563494.9621952,200,138.21815800110926,qwen15b-npu7,
1782563494.965623,200,124.10586400073953,qwen15b-npu4,
1782563494.9779809,200,126.39110400050413,qwen15b-npu5,
1782563494.9783778,200,137.19497300007788,qwen15b-npu5,
1782563494.9810321,200,136.29899899933662,qwen15b-npu6,
1782563494.9901047,200,150.46943300148996,qwen15b-npu3,
1782563494.9904249,200,145.28473999962443,qwen15b-npu7,
1782563494.99081,200,139.85031599986542,qwen15b-npu3,
1782563494.9921596,200,118.42084800082375,qwen15b-npu4,
1782563494.9924152,200,126.43046399898594,qwen15b-npu4,
1782563495.0023935,200,129.01538599908235,qwen15b-npu5,
1782563495.0075016,200,129.66297899947676,qwen15b-npu6,
1782563495.0077243,200,141.4038429993525,qwen15b-npu6,
1782563495.0149007,200,113.3609249991423,qwen15b-npu4,
1782563495.0178564,200,145.83129300081055,qwen15b-npu3,
1782563495.0194511,200,128.59009400017385,qwen15b-npu7,
1782563495.0202572,200,149.33642800133384,qwen15b-npu7,
1782563495.02911,200,128.8543259997823,qwen15b-npu5,
1782563495.0335412,200,131.69912900048075,qwen15b-npu6,
1782563495.039386,200,112.41822999909346,qwen15b-npu4,
1782563495.0452807,200,140.10337599938794,qwen15b-npu7,
1782563495.047167,200,131.06905600034224,qwen15b-npu3,
1782563495.0475578,200,147.91145200069877,qwen15b-npu3,
1782563495.054091,200,119.3813419995422,qwen15b-npu5,
1782563495.0544446,200,129.00279600034992,qwen15b-npu5,
1782563495.0598717,200,132.61277200035693,qwen15b-npu6,
1782563495.064094,200,123.22388000029605,qwen15b-npu4,
1782563495.073794,200,143.49514199966507,qwen15b-npu7,
1782563495.0742085,200,121.31007199968735,qwen15b-npu7,
1782563495.0758147,200,140.71706899994751,qwen15b-npu3,
1782563495.0784738,200,116.20104800022091,qwen15b-npu5,
1782563495.0862749,200,134.7125619995495,qwen15b-npu6,
1782563495.0898514,200,124.13355399985448,qwen15b-npu4,
1782563495.100875,200,122.38034599977254,qwen15b-npu7,
1782563495.1038246,200,113.29377499896509,qwen15b-npu5,
1782563495.1053905,200,146.75484699910157,qwen15b-npu3,
1782563495.113239,200,122.31185599921446,qwen15b-npu4,
1782563495.1139789,200,135.89651699840033,qwen15b-npu6,
1782563495.114934,200,122.7052479989652,qwen15b-npu6,
1782563495.1291041,200,136.61543099988194,qwen15b-npu7,
1782563495.1299658,200,127.5063590001082,qwen15b-npu5,
1782563495.1350992,200,153.98655900025915,qwen15b-npu3,
1782563495.1359143,200,145.71459199942183,qwen15b-npu3,
1782563495.139202,200,118.84525999994366,qwen15b-npu4,
1782563495.14021,200,132.63827199989464,qwen15b-npu6,
1782563495.1405284,200,132.74014299895498,qwen15b-npu4,
1782563495.15684,200,137.27545400070085,qwen15b-npu5,
1782563495.1576438,200,142.64237799943658,qwen15b-npu7,
1782563495.1582468,200,124.6096459999535,qwen15b-npu7,
1782563495.1627011,200,115.0282229991717,qwen15b-npu4,
1782563495.1637044,200,145.7425720000174,qwen15b-npu3,
1782563495.166872,200,119.58254300043336,qwen15b-npu6,
1782563495.167437,200,138.2291179997992,qwen15b-npu6,
1782563495.1832929,200,137.91179600048054,qwen15b-npu5,
1782563495.1839561,200,124.02138300058141,qwen15b-npu5,
1782563495.1850855,200,130.90860400006932,qwen15b-npu7,
1782563495.189142,200,124.98722799864481,qwen15b-npu4,
1782563495.1931746,200,138.61917999929574,qwen15b-npu3,
1782563495.1934578,200,154.00661900093837,qwen15b-npu3,
1782563495.193899,200,119.9890649986628,qwen15b-npu6,
1782563495.2106245,200,132.06945000092674,qwen15b-npu5,
1782563495.2124548,200,126.09017300019332,qwen15b-npu4,
1782563495.2127175,200,138.4235189998435,qwen15b-npu7,
1782563495.2197397,200,129.78262000069662,qwen15b-npu6,
1782563495.2212925,200,145.39022099961585,qwen15b-npu3,
1782563495.2360194,200,130.5546029998368,qwen15b-npu5,
1782563495.2368193,200,123.49067099967215,qwen15b-npu4,
1782563495.2410629,200,126.0246530000586,qwen15b-npu7,
1782563495.241311,200,140.36447800026508,qwen15b-npu7,
1782563495.2463102,200,132.22956000026898,qwen15b-npu6,
1782563495.2509522,200,147.02775699879567,qwen15b-npu3,
1782563495.2616103,200,126.43296399983228,qwen15b-npu4,
1782563495.263109,200,122.5192670008255,qwen15b-npu5,
1782563495.2634902,200,133.45959599973867,qwen15b-npu5,
1782563495.2683191,200,129.02882600064913,qwen15b-npu7,
1782563495.2743742,200,138.38295900131925,qwen15b-npu6,
1782563495.2747777,200,117.03379199934716,qwen15b-npu6,
1782563495.2814488,200,152.27464199961105,qwen15b-npu3,
1782563495.2818165,200,141.50967299974582,qwen15b-npu3,
1782563495.2875893,200,130.67567399957625,qwen15b-npu4,
1782563495.2883055,200,121.33648099916172,qwen15b-npu4,
1782563495.2886968,200,124.87777699971048,qwen15b-npu5,
1782563495.296163,200,137.85125600043102,qwen15b-npu7,
1782563495.299857,200,132.29580100050953,qwen15b-npu6,
1782563495.309583,200,146.78233699851262,qwen15b-npu3,
1782563495.3113024,200,122.06273500123643,qwen15b-npu4,
1782563495.3151324,200,131.08101499892655,qwen15b-npu5,
1782563495.3243363,200,140.9730010000203,qwen15b-npu7,
1782563495.3251731,200,131.63439800155174,qwen15b-npu7,
1782563495.3276677,200,134.41546099966217,qwen15b-npu6,
1782563495.3360815,200,123.29986000077042,qwen15b-npu4,
1782563495.3399355,200,145.91138300056627,qwen15b-npu3,
1782563495.340387,200,155.18377499938651,qwen15b-npu3,
1782563495.341281,200,130.55021299987857,qwen15b-npu5,
1782563495.3513753,200,131.53656799840974,qwen15b-npu7,
1782563495.353818,200,141.28496199919027,qwen15b-npu6,
1782563495.3617003,200,124.79221699868503,qwen15b-npu4,
1782563495.3670018,200,130.92338500064216,qwen15b-npu5,
1782563495.3674648,200,116.41265899925202,qwen15b-npu5,
1782563495.3690343,200,147.63797100022202,qwen15b-npu3,
1782563495.3792062,200,137.8317060007248,qwen15b-npu7,
1782563495.38088,200,139.74559500093164,qwen15b-npu6,
1782563495.3817527,200,118.54625900014071,qwen15b-npu6,
1782563495.3876657,200,112.7899429993704,qwen15b-npu4,
1782563495.3884826,200,126.77154599987261,qwen15b-npu4,
1782563495.3915555,200,117.07325200040941,qwen15b-npu5,
1782563495.3993533,200,152.93946499878075,qwen15b-npu3,
1782563495.4000995,200,131.6818779996538,qwen15b-npu3,
1782563495.4069917,200,125.43398900015745,qwen15b-npu6,
1782563495.4078803,200,144.28493500054174,qwen15b-npu7,
1782563495.4081347,200,126.25297399972624,qwen15b-npu7,
1782563495.4127452,200,125.06768899947929,qwen15b-npu4,
1782563495.4171746,200,128.35788399934245,qwen15b-npu5,
1782563495.4275715,200,139.1499820001627,qwen15b-npu3,
1782563495.433657,200,137.39915499900235,qwen15b-npu6,
1782563495.4352803,200,135.3221149984165,qwen15b-npu7,
1782563495.437511,200,122.30362599984801,qwen15b-npu4,
1782563495.4427922,200,131.39785699968343,qwen15b-npu5,
1782563495.4575217,200,129.7903899994708,qwen15b-npu3,
1782563495.4578552,200,148.2039029997395,qwen15b-npu3,
1782563495.461432,200,120.92587999904936,qwen15b-npu6,
1782563495.4617274,200,137.29339400015306,qwen15b-npu6,
1782563495.4625623,200,122.51862700031779,qwen15b-npu4,
1782563495.4636953,200,122.34638600057224,qwen15b-npu7,
1782563495.463928,200,138.65400000031514,qwen15b-npu7,
1782563495.4709277,200,134.7749920005299,qwen15b-npu5,
1782563495.471477,200,117.58194399953936,qwen15b-npu5,
1782563495.4861166,200,134.67114199920616,qwen15b-npu3,
1782563495.487196,200,125.39982999987842,qwen15b-npu4,
1782563495.48903,200,121.94692400044005,qwen15b-npu6,
1782563495.4905071,200,122.94139900041046,qwen15b-npu7,
1782563495.4953272,200,116.05189799956861,qwen15b-npu5,
1782563495.51314,200,132.19446099901688,qwen15b-npu4,
1782563495.5134873,200,114.04120800034434,qwen15b-npu4,
1782563495.5149095,200,133.04570499894908,qwen15b-npu6,
1782563495.5158484,200,127.26659799955087,qwen15b-npu3,
1782563495.5161433,200,147.0121279999148,qwen15b-npu3,
1782563495.5181377,200,130.36992200068198,qwen15b-npu7,
1782563495.5226479,200,130.99727500048175,qwen15b-npu5,
1782563495.5230525,200,114.84880200077896,qwen15b-npu5,
1782563495.5371897,200,124.3757350002852,qwen15b-npu4,
1782563495.5422819,200,142.0821760002582,qwen15b-npu6,
1782563495.5429606,200,125.68335099967953,qwen15b-npu6,
1782563495.5440714,200,136.11871799912478,qwen15b-npu3,
1782563495.5469663,200,139.8691249996773,qwen15b-npu7,
1782563495.5618045,200,124.20158500026446,qwen15b-npu4,
1782563495.5680707,200,125.21805899996252,qwen15b-npu6,
1782563495.5729654,200,139.24371199937013,qwen15b-npu3,
1782563495.5732133,200,137.83198700002686,qwen15b-npu5,
1782563495.5739975,200,146.32922500095447,qwen15b-npu7,
1782563495.587322,200,125.53416099945025,qwen15b-npu4,
1782563495.588111,200,116.55163899922627,qwen15b-npu4,
1782563495.5950413,200,132.38222200016025,qwen15b-npu6,
1782563495.6006587,200,139.1260720010905,qwen15b-npu5,
1782563495.6015437,200,130.5604429999221,qwen15b-npu5,
1782563495.6023862,200,144.78679800049576,qwen15b-npu7,
1782563495.603366,200,139.60955400034436,qwen15b-npu7,
1782563495.6050572,200,141.04965099977562,qwen15b-npu3,
1782563495.6054122,200,147.44049000000814,qwen15b-npu3,
1782563495.6131365,200,117.70765499932168,qwen15b-npu4,
1782563495.6212807,200,135.0737039992964,qwen15b-npu6,
1782563495.6261582,200,135.56447600058164,qwen15b-npu5,
1782563495.6284318,200,141.1731409989443,qwen15b-npu7,
1782563495.6325157,200,143.4112520000781,qwen15b-npu3,
1782563495.6377516,200,121.53661199954513,qwen15b-npu4,
1782563495.6491444,200,135.92560700089962,qwen15b-npu6,
1782563495.6494253,200,131.19028599976446,qwen15b-npu6,
1782563495.6545424,200,117.26031299986062,qwen15b-npu5,
1782563495.6552513,200,139.313083000161,qwen15b-npu5,
1782563495.6574,200,143.80018300107622,qwen15b-npu7,
1782563495.657827,200,135.10546399993473,qwen15b-npu7,
1782563495.6636539,200,121.27017099919613,qwen15b-npu4,
1782563495.669073,200,145.9265029989183,qwen15b-npu3,
1782563495.6696978,200,154.71765300026163,qwen15b-npu3,
1782563495.6773944,200,134.36856099906436,qwen15b-npu6,
1782563495.6822631,200,120.36538699976518,qwen15b-npu5,
1782563495.6849651,200,140.78631899974425,qwen15b-npu7,
1782563495.6890192,200,120.88602999938303,qwen15b-npu4,
1782563495.693922,200,146.86696699936874,qwen15b-npu3,
1782563495.7097077,200,135.61081599982572,qwen15b-npu5,
1782563495.712414,200,139.38194299953466,qwen15b-npu6,
1782563495.714773,200,141.4906530008011,qwen15b-npu7,
1782563495.71507,200,112.57691100036027,qwen15b-npu4,
1782563495.715392,200,127.20622699998785,qwen15b-npu4,
1782563495.7256565,200,138.240907999716,qwen15b-npu3,
1782563495.733894,200,128.75158399947395,qwen15b-npu6,
1782563495.734393,200,139.2592030006199,qwen15b-npu6,
1782563495.7381103,200,124.88353799926699,qwen15b-npu5,
1782563495.7384622,200,136.8137810004555,qwen15b-npu5,
1782563495.739175,200,112.91983300179709,qwen15b-npu4,
1782563495.7440057,200,143.2625300003565,qwen15b-npu7,
1782563495.7445784,200,139.0610819998983,qwen15b-npu7,
1782563495.7551708,200,151.69481900011306,qwen15b-npu3,
1782563495.7597358,200,131.20798599993577,qwen15b-npu6,
1782563495.763523,200,114.29041900009906,qwen15b-npu4,
1782563495.7645454,200,126.70520600113377,qwen15b-npu5,
1782563495.7695234,200,136.93533199875674,qwen15b-npu7,
1782563495.7848935,200,163.54339299869025,qwen15b-npu3,
1782563495.787751,200,133.14916499984975,qwen15b-npu6,
1782563495.7891047,200,131.58892800129252,qwen15b-npu4,
1782563495.7930615,200,135.11498400112032,qwen15b-npu5,
1782563495.7974012,200,142.05950500036124,qwen15b-npu7,
1782563495.7982206,200,128.45519399888872,qwen15b-npu7,
1782563495.8149517,200,132.62982299966097,qwen15b-npu4,
1782563495.8154,200,146.25799500026915,qwen15b-npu6,
1782563495.8164024,200,166.89648800092982,qwen15b-npu3,
1782563495.8166664,200,127.55122000089614,qwen15b-npu6,
1782563495.8173366,200,153.585218000444,qwen15b-npu3,
1782563495.8220963,200,144.61347699943872,qwen15b-npu5,
1782563495.8256164,200,131.59492799968575,qwen15b-npu7,
1782563495.8393483,200,126.8279870000697,qwen15b-npu4,
1782563495.841232,200,126.05715300014708,qwen15b-npu6,
1782563495.8428566,200,157.78566700100782,qwen15b-npu3,
1782563495.848442,200,122.69019799896341,qwen15b-npu5,
1782563495.8487062,200,138.91692100150976,qwen15b-npu5,
1782563495.8523173,200,136.8659910003771,qwen15b-npu7,
1782563495.864735,200,130.22334199922625,qwen15b-npu4,
1782563495.8652837,200,121.2095999999292,qwen15b-npu4,
1782563495.8695908,200,131.37183700018795,qwen15b-npu6,
1782563495.8728569,200,128.21110299955762,qwen15b-npu3,
1782563495.8742461,200,140.20650699967518,qwen15b-npu3,
1782563495.874726,200,159.87419599878194,qwen15b-npu3,
1782563495.8756375,200,137.1057619999192,qwen15b-npu5,
1782563495.8806849,200,120.84717900143005,qwen15b-npu7,
1782563495.8815427,200,142.25595599964436,qwen15b-npu7,
1782563495.8895934,200,124.98072800008231,qwen15b-npu4,
1782563495.8976874,200,142.38582699908875,qwen15b-npu6,
1782563495.9012227,200,137.6286760005314,qwen15b-npu5,
1782563495.9089339,200,121.11520100006601,qwen15b-npu7,
1782563495.9142418,200,125.03048799953831,qwen15b-npu4,
1782563495.9267876,200,141.8011439982365,qwen15b-npu6,
1782563495.927483,200,129.15962700026284,qwen15b-npu6,
1782563495.9285433,200,135.38153499939654,qwen15b-npu5,
1782563495.9288545,200,159.24998300033621,qwen15b-npu3,
1782563495.9372075,200,121.67557300017506,qwen15b-npu7,
1782563495.9417753,200,116.05027699988568,qwen15b-npu4,
1782563495.9421175,200,127.03817699912179,qwen15b-npu4,
1782563495.9539123,200,136.5043899986631,qwen15b-npu6,
1782563495.956175,200,139.69633400120074,qwen15b-npu5,
1782563495.9617534,200,164.28383700076665,qwen15b-npu3,
1782563495.9651997,200,143.03913000003377,qwen15b-npu7,
1782563495.9660928,200,117.30866299876652,qwen15b-npu4,
1782563495.9819,200,138.94552099918656,qwen15b-npu6,
1782563495.9847224,200,132.33160100025998,qwen15b-npu5,
1782563495.98511,200,145.66398199895048,qwen15b-npu5,
1782563495.990362,200,173.62173900073685,qwen15b-npu3,
1782563495.9915576,200,109.91833899970516,qwen15b-npu4,
1782563495.992107,200,119.15577199943073,qwen15b-npu4,
1782563495.9946496,200,124.95433799995226,qwen15b-npu7,
1782563495.9950273,200,146.5133860001515,qwen15b-npu7,
1782563496.0110765,200,121.38227200011897,qwen15b-npu5,
1782563496.0120683,200,137.68646499920578,qwen15b-npu5,
1782563496.012819,200,137.08202300040284,qwen15b-npu6,
1782563496.0131078,200,147.7581810013362,qwen15b-npu6,
1782563496.0197499,200,178.4414409994497,qwen15b-npu3,
1782563496.022411,200,141.6548329998477,qwen15b-npu7,
1782563496.039803,200,138.47551900107646,qwen15b-npu6,
1782563496.0406764,200,126.3381640001171,qwen15b-npu4,
1782563496.0507097,200,141.70584400017106,qwen15b-npu7,
1782563496.0618176,200,134.91382299980614,qwen15b-npu5,
1782563496.0621917,200,119.99547499908658,qwen15b-npu5,
1782563496.0660408,200,128.74966400158883,qwen15b-npu4,
1782563496.0690897,200,140.148106000197,qwen15b-npu6,
1782563496.0791955,200,150.53740399889648,qwen15b-npu7,
1782563496.0861182,200,120.82353900041198,qwen15b-npu5,
1782563496.0901484,200,128.2954329999484,qwen15b-npu4,
1782563496.0964894,200,198.69478300097398,qwen15b-npu3,
1782563496.0969708,200,232.14610500144772,qwen15b-npu3,
1782563496.0973732,200,222.5359110016143,qwen15b-npu3,
1782563496.0981796,200,144.16875500137394,qwen15b-npu6,
1782563496.1088386,200,152.60354299971368,qwen15b-npu7,
1782563496.1124363,200,122.00599400057399,qwen15b-npu5,
1782563496.1161287,200,121.37688099937805,qwen15b-npu4,
1782563496.1165392,200,131.32800699895597,qwen15b-npu4,
1782563496.1274054,200,145.42604999951436,qwen15b-npu6,
1782563496.1278243,200,135.6487860011839,qwen15b-npu6,
1782563496.1371586,200,114.65660999965621,qwen15b-npu5,
1782563496.1375477,200,126.38823399902321,qwen15b-npu5,
1782563496.1406245,200,155.79747800074983,qwen15b-npu7,
1782563496.1414986,200,128.61221399907663,qwen15b-npu7,
1782563496.1418974,200,146.79856699876837,qwen15b-npu7,
1782563496.1422625,200,122.42303600032756,qwen15b-npu4,
1782563496.1542406,200,141.05810100045346,qwen15b-npu6,
1782563496.1825354,200,141.76215400038927,qwen15b-npu6,
1782563496.186567,200,124.2405740013055,qwen15b-npu5,
1782563496.1913483,200,129.44378800057166,qwen15b-npu4,
1782563496.1926553,200,141.8441050009278,qwen15b-npu7,
1782563496.1987348,200,271.11512100054824,qwen15b-npu3,
1782563496.2095163,200,140.34956700015755,qwen15b-npu6,
1782563496.2112858,200,121.03709999973944,qwen15b-npu5,
1782563496.2164216,200,118.16861700026493,qwen15b-npu4,
1782563496.2170699,200,130.86020500122686,qwen15b-npu4,
1782563496.2217348,200,124.29253499976767,qwen15b-npu7,
1782563496.2225335,200,143.24381000005815,qwen15b-npu7,
1782563496.2241335,200,282.25599299912574,qwen15b-npu3,
1782563496.2247608,200,258.56485400072415,qwen15b-npu3,
1782563496.2379708,200,129.06898599976557,qwen15b-npu5,
1782563496.2383788,200,110.42371099938464,qwen15b-npu5,
1782563496.24109,200,144.00491500055068,qwen15b-npu6,
1782563496.2419865,200,125.76052199983678,qwen15b-npu6,
1782563496.2423627,200,114.84484100037662,qwen15b-npu4,
1782563496.2519042,200,135.2504050009884,qwen15b-npu7,
1782563496.2563334,200,264.70913299999665,qwen15b-npu3,
1782563496.2565932,200,190.46133499978168,qwen15b-npu3,
1782563496.2571414,200,244.9169930005155,qwen15b-npu3,
1782563496.2573628,200,217.4383380006475,qwen15b-npu3,
1782563496.2637424,200,122.1380049992149,qwen15b-npu5,
1782563496.2671015,200,129.44546800099488,qwen15b-npu6,
1782563496.2680888,200,126.07318200025475,qwen15b-npu4,
1782563496.2795455,200,138.79197999995085,qwen15b-npu7,
1782563496.2855837,200,143.24518099965644,qwen15b-npu3,
1782563496.2858863,200,173.31652699976985,qwen15b-npu3,
1782563496.286669,200,149.40671899967128,qwen15b-npu3,
1782563496.2870874,200,190.44780599870137,qwen15b-npu3,
1782563496.2961931,200,141.88058500076295,qwen15b-npu6,
1782563496.3083248,200,125.6914309997228,qwen15b-npu7,
1782563496.3185177,200,127.0557669995469,qwen15b-npu5,
1782563496.3188906,200,132.255291000547,qwen15b-npu4,
1782563496.323408,200,124.57835599889222,qwen15b-npu6,
1782563496.3367815,200,127.18579700049304,qwen15b-npu7,
1782563496.3420014,200,149.27707800052303,qwen15b-npu3,
1782563496.3448977,200,133.520535999196,qwen15b-npu4,
1782563496.3451474,200,120.94475899903046,qwen15b-npu4,
1782563496.3467865,200,121.95848400006071,qwen15b-npu5,
1782563496.3471358,200,130.61546300014015,qwen15b-npu5,
1782563496.352441,200,130.64308399953006,qwen15b-npu6,
1782563496.3651562,200,123.99538300087443,qwen15b-npu7,
1782563496.3660002,200,143.35592099996575,qwen15b-npu7,
1782563496.3699,200,127.47452899930067,qwen15b-npu5,
1782563496.3723943,200,115.73679599860043,qwen15b-npu4,
1782563496.3734682,200,156.33385000001,qwen15b-npu3,
1782563496.3737898,200,131.69919900064997,qwen15b-npu4,
1782563496.3742697,200,136.19674900110113,qwen15b-npu3,
1782563496.3804371,200,141.990275000353,qwen15b-npu6,
1782563496.3810039,200,123.56300100145745,qwen15b-npu6,
1782563496.3943145,200,114.69537099947047,qwen15b-npu4,
1782563496.3946555,200,126.45411400080775,qwen15b-npu7,
1782563496.3950474,200,138.63700999900175,qwen15b-npu7,
1782563496.3960538,200,138.8489210003172,qwen15b-npu5,
1782563496.402599,200,150.59597399886115,qwen15b-npu3,
1782563496.4029233,200,139.11369200104673,qwen15b-npu3,
1782563496.4080477,200,140.87543000096048,qwen15b-npu6,
1782563496.4187028,200,122.41307700060133,qwen15b-npu4,
1782563496.421888,200,113.46130499987339,qwen15b-npu5,
1782563496.422272,200,136.60499099933077,qwen15b-npu5,
1782563496.4233284,200,136.05782900049235,qwen15b-npu7,
1782563496.4288917,200,142.88762899923313,qwen15b-npu3,
1782563496.4348223,200,148.05154300120194,qwen15b-npu6,
1782563496.449837,200,126.35787399995024,qwen15b-npu7,
1782563496.4572628,200,138.25707800060627,qwen15b-npu3,
1782563496.461675,200,143.04654999978084,qwen15b-npu6,
1782563496.4698431,200,132.96681399879162,qwen15b-npu4,
1782563496.4701958,200,122.92894799975329,qwen15b-npu4,
1782563496.4726853,200,120.17515600018669,qwen15b-npu5,
1782563496.4729931,200,130.89856400074495,qwen15b-npu5,
1782563496.479565,200,132.69492300059937,qwen15b-npu7,
1782563496.4859416,200,140.9741600000416,qwen15b-npu3,
1782563496.4893067,200,144.10015400062548,qwen15b-npu6,
1782563496.489941,200,123.8368320009613,qwen15b-npu6,
1782563496.4946916,200,113.61906599995564,qwen15b-npu4,
1782563496.4950323,200,122.52867600000172,qwen15b-npu4,
1782563496.4985528,200,124.17630399977497,qwen15b-npu5,
1782563496.5085475,200,138.57912000094075,qwen15b-npu7,
1782563496.5089092,200,128.40408299962291,qwen15b-npu7,
1782563496.5155742,200,142.03578600063338,qwen15b-npu3,
1782563496.5158658,200,150.64009399975475,qwen15b-npu3,
1782563496.517703,200,143.79708300111815,qwen15b-npu6,
1782563496.51809,200,122.92530800004897,qwen15b-npu6,
1782563496.5189562,200,115.9558269991976,qwen15b-npu4,
1782563496.5273938,200,132.97656400027336,qwen15b-npu5,
1782563496.5278072,200,125.13482800022757,qwen15b-npu5,
1782563496.5361774,200,140.0603060010326,qwen15b-npu7,
1782563496.5446963,200,125.89310200019099,qwen15b-npu6,
1782563496.5450299,200,150.30427200144914,qwen15b-npu3,
1782563496.5452898,200,137.10060300036275,qwen15b-npu3,
1782563496.5456672,200,123.28211000021838,qwen15b-npu4,
1782563496.552091,200,128.639894999651,qwen15b-npu5,
1782563496.564667,200,142.66412800134276,qwen15b-npu7,
1782563496.5681515,200,110.82415300006687,qwen15b-npu4,
1782563496.5724611,200,137.54028499897686,qwen15b-npu6,
1782563496.5728548,200,143.86604399987846,qwen15b-npu3,
1782563496.5773826,200,115.60534499949426,qwen15b-npu5,
1782563496.594048,200,120.94220899962238,qwen15b-npu4,
1782563496.594472,200,144.53868700002204,qwen15b-npu7,
1782563496.6001508,200,129.86010999884456,qwen15b-npu6,
1782563496.6023705,200,132.43710200003989,qwen15b-npu3,
1782563496.603519,200,123.88150299921108,qwen15b-npu5,
1782563496.6189697,200,110.32111100030306,qwen15b-npu4,
1782563496.6195705,200,129.5596479994856,qwen15b-npu4,
1782563496.624602,200,129.49805799871683,qwen15b-npu7,
1782563496.6249874,200,152.22054199875856,qwen15b-npu7,
1782563496.6302276,200,135.4348860004393,qwen15b-npu5,
1782563496.6315289,200,115.59145499995793,qwen15b-npu5,
1782563496.632242,200,142.8718690003734,qwen15b-npu6,
1782563496.6325967,200,146.5922560000763,qwen15b-npu3,
1782563496.6334913,200,134.8676620000333,qwen15b-npu3,
1782563496.643969,200,124.94280800092383,qwen15b-npu4,
1782563496.6535308,200,126.02646200139134,qwen15b-npu7,
1782563496.6540427,200,138.4004389983602,qwen15b-npu7,
1782563496.6547642,200,126.84262600123475,qwen15b-npu5,
1782563496.6587777,200,149.7466099990561,qwen15b-npu6,
1782563496.6592038,200,141.38437200017506,qwen15b-npu6,
1782563496.660955,200,142.75319799889985,qwen15b-npu3,
1782563496.668319,200,123.51801200020418,qwen15b-npu4,
1782563496.67955,200,133.77248799952213,qwen15b-npu5,
1782563496.6820734,200,136.6679610000574,qwen15b-npu7,
1782563496.6862311,200,121.46961199869111,qwen15b-npu6,
1782563496.686525,200,141.42760200047633,qwen15b-npu6,
1782563496.6913257,200,155.08149400011462,qwen15b-npu3,
1782563496.6917024,200,139.49983400016208,qwen15b-npu3,
1782563496.693472,200,125.25480899967079,qwen15b-npu4,
1782563496.706383,200,133.80606700047792,qwen15b-npu5,
1782563496.7090468,200,136.07885900091787,qwen15b-npu7,
1782563496.7176306,200,123.04099899847643,qwen15b-npu4,
1782563496.7184355,200,140.958120000505,qwen15b-npu3,
1782563496.7335942,200,131.13759600128105,qwen15b-npu5,
1782563496.7364078,200,136.1892490003811,qwen15b-npu7,
1782563496.7402093,200,146.04303300075117,qwen15b-npu6,
1782563496.7405903,200,121.55530200107023,qwen15b-npu6,
1782563496.7443035,200,111.96178899990628,qwen15b-npu4,
1782563496.7448912,200,125.2448089999234,qwen15b-npu4,
1782563496.7466068,200,142.99611900059972,qwen15b-npu3,
1782563496.7609491,200,127.35699800032307,qwen15b-npu5,
1782563496.761334,200,136.27049900060229,qwen15b-npu5,
1782563496.7650948,200,132.43450099980691,qwen15b-npu7,
1782563496.7654853,200,140.77752999946824,qwen15b-npu7,
1782563496.7662225,200,134.6103910000238,qwen15b-npu6,
1782563496.77006,200,115.90251699999499,qwen15b-npu4,
1782563496.7769694,200,132.93401400005678,qwen15b-npu3,
1782563496.7774942,200,147.19908900042356,qwen15b-npu3,
1782563496.7851558,200,126.29645299966796,qwen15b-npu5,
1782563496.7940662,200,140.4161379996367,qwen15b-npu6,
1782563496.7944767,200,133.42453599943838,qwen15b-npu6,
1782563496.795272,200,126.85383600000932,qwen15b-npu4,
1782563496.7989883,200,144.1588249999768,qwen15b-npu7,
1782563496.8054068,200,146.07758300007845,qwen15b-npu3,
1782563496.8117833,200,129.61151799936488,qwen15b-npu5,
1782563496.8124082,200,118.83796000074653,qwen15b-npu5,
1782563496.8194723,200,133.16031499925884,qwen15b-npu6,
1782563496.821088,200,141.47325299927616,qwen15b-npu7,
1782563496.8214822,200,129.62949900065723,qwen15b-npu7,
1782563496.8219833,200,130.54953299979388,qwen15b-npu4,
1782563496.8354003,200,128.92084600025555,qwen15b-npu3,
1782563496.8357625,200,149.12946700133034,qwen15b-npu3,
1782563496.8452652,200,127.57053899986204,qwen15b-npu4,
1782563496.8470926,200,128.5526640003809,qwen15b-npu7,
1782563496.847477,200,138.334458000827,qwen15b-npu6,
1782563496.8635156,200,129.83374899886257,qwen15b-npu5,
1782563496.86388,200,118.92159000126412,qwen15b-npu5,
1782563496.8702424,200,129.58989899925655,qwen15b-npu4,
1782563496.873896,200,129.5286889999261,qwen15b-npu7,
1782563496.87488,200,134.56159099951037,qwen15b-npu6,
1782563496.8876262,200,122.0229440004914,qwen15b-npu5,
1782563496.8930955,200,146.42308499969658,qwen15b-npu3,
1782563496.8934717,200,156.9718129994726,qwen15b-npu3,
1782563496.89381,200,127.51967899930605,qwen15b-npu3,
1782563496.89555,200,118.51781900077185,qwen15b-npu4,
1782563496.8960514,200,134.6497119993728,qwen15b-npu4,
1782563496.9029944,200,137.7886659993237,qwen15b-npu7,
1782563496.903392,200,125.83164100033173,qwen15b-npu7,
1782563496.9040678,200,143.01588000125776,qwen15b-npu6,
1782563496.9042902,200,134.1561000008369,qwen15b-npu6,
1782563496.912433,200,127.21392799903697,qwen15b-npu5,
1782563496.9199169,200,125.32865000139282,qwen15b-npu4,
1782563496.9286606,200,129.57834799999546,qwen15b-npu7,
1782563496.9295468,200,134.17461899916816,qwen15b-npu6,
1782563496.9385,200,116.40543899920885,qwen15b-npu5,
1782563496.938901,200,133.39662600083102,qwen15b-npu5,
1782563496.9453425,200,125.80019100096251,qwen15b-npu4,
1782563496.9461036,200,110.2777710002556,qwen15b-npu4,
1782563496.9552655,200,133.6452970008395,qwen15b-npu3,
1782563496.9557016,200,143.82046299942886,qwen15b-npu3,
1782563496.956487,200,162.30143800021324,qwen15b-npu3,
1782563496.9568615,200,135.65957600076217,qwen15b-npu7,
1782563496.958111,200,145.63526200072374,qwen15b-npu6,
1782563496.9587476,200,123.24685999919893,qwen15b-npu6,
1782563496.963753,200,116.16160799894715,qwen15b-npu5,
1782563496.982043,200,134.83078300123452,qwen15b-npu3,
1782563496.9831142,200,119.51077300000179,qwen15b-npu6,
1782563496.9842968,200,138.93673100028536,qwen15b-npu7,
1782563496.9889784,200,115.01961199974176,qwen15b-npu5,
1782563496.9946303,200,130.65123399974254,qwen15b-npu4,
1782563497.010813,200,123.08943900097802,qwen15b-npu6,
1782563497.011287,200,136.33888000003935,qwen15b-npu3,
1782563497.012175,200,141.8660949984769,qwen15b-npu7,
1782563497.016614,200,112.26198999975168,qwen15b-npu5,
1782563497.016997,200,123.7907129998348,qwen15b-npu5,
1782563497.0211112,200,127.22421800026495,qwen15b-npu4,
1782563497.0215187,200,118.41052800082252,qwen15b-npu4,
1782563497.0373216,200,141.20613200066146,qwen15b-npu6,
1782563497.037673,200,125.17578899860382,qwen15b-npu6,
1782563497.039458,200,145.86977299950377,qwen15b-npu7,
1782563497.0401523,200,136.01460800055065,qwen15b-npu7,
1782563497.0407555,200,145.13928000087617,qwen15b-npu3,
1782563497.0412004,200,137.69270599914307,qwen15b-npu3,
1782563497.0420833,200,112.43578100038576,qwen15b-npu5,
1782563497.0448365,200,124.85713699970802,qwen15b-npu4,
1782563497.0633674,200,124.35578499935218,qwen15b-npu6,
1782563497.064967,200,118.76780000056897,qwen15b-npu5,
1782563497.0667028,200,137.97742600036145,qwen15b-npu7,
1782563497.0688088,200,130.20249200053513,qwen15b-npu3,
1782563497.0708866,200,125.450109000667,qwen15b-npu4,
1782563497.0711622,200,112.93738300082623,qwen15b-npu4,
1782563497.0904899,200,133.55679600135772,qwen15b-npu5,
1782563497.0909038,200,135.07972300067195,qwen15b-npu6,
1782563497.0945685,200,111.3620460000675,qwen15b-npu4,
1782563497.095336,200,139.94055500006652,qwen15b-npu7,
1782563497.096112,200,137.25572399926023,qwen15b-npu7,
1782563497.0978227,200,141.23244199981855,qwen15b-npu3,
1782563497.0981653,200,134.31761999891023,qwen15b-npu3,
1782563497.1153567,200,130.97616499908327,qwen15b-npu5,
1782563497.1172354,200,135.09215399972163,qwen15b-npu6,
1782563497.1192636,200,107.8522999996494,qwen15b-npu4,
1782563497.1218288,200,132.75291299942182,qwen15b-npu7,
1782563497.125534,200,130.83554500008177,qwen15b-npu3,
1782563497.1406674,200,128.42741300119087,qwen15b-npu5,
1782563497.143975,200,122.34613500004343,qwen15b-npu4,
1782563497.1446674,200,133.74401799956104,qwen15b-npu6,
1782563497.1453233,200,124.10053399980825,qwen15b-npu6,
1782563497.149858,200,133.13164499959385,qwen15b-npu7,
1782563497.1533906,200,136.27757899848802,qwen15b-npu3,
1782563497.1666942,200,125.42622000000847,qwen15b-npu5,
1782563497.1674263,200,130.00786100019468,qwen15b-npu5,
1782563497.1687334,200,127.91377100074897,qwen15b-npu4,
1782563497.170569,200,130.35111199860694,qwen15b-npu6,
1782563497.178238,200,140.49951800006966,qwen15b-npu7,
1782563497.17895,200,136.7616010011261,qwen15b-npu7,
1782563497.1831622,200,138.2329780008149,qwen15b-npu3,
1782563497.1838381,200,144.3140859992127,qwen15b-npu3,
1782563497.1944294,200,129.39560800077743,qwen15b-npu4,
1782563497.1948571,200,128.05538199972943,qwen15b-npu5,
1782563497.197766,200,134.29753000127675,qwen15b-npu6,
1782563497.1985812,200,127.3415389987349,qwen15b-npu6,
1782563497.2048755,200,136.00528800088796,qwen15b-npu7,
1782563497.209638,200,138.68809000086912,qwen15b-npu3,
1782563497.22039,200,122.11489500077732,qwen15b-npu5,
1782563497.2206995,200,130.09710100050143,qwen15b-npu5,
1782563497.221881,200,123.97690299985697,qwen15b-npu4,
1782563497.2221808,200,131.16747599997325,qwen15b-npu4,
1782563497.2264824,200,130.27236200105108,qwen15b-npu6,
1782563497.2328517,200,138.20653800030414,qwen15b-npu7,
1782563497.237795,200,142.35779699993145,qwen15b-npu3,
1782563497.2453318,200,119.72685399996408,qwen15b-npu5,
1782563497.2459772,200,124.08476400014479,qwen15b-npu4,
1782563497.250419,200,131.08831499994267,qwen15b-npu6,
1782563497.2656128,200,148.28135400057363,qwen15b-npu3,
1782563497.2708457,200,120.92489999849931,qwen15b-npu5,
1782563497.2712436,200,125.85462199967878,qwen15b-npu4,
1782563497.2766669,200,161.2464119989454,qwen15b-npu7,
1782563497.2769625,200,136.2275289993704,qwen15b-npu7,
1782563497.277758,200,132.99512400044478,qwen15b-npu6,
1782563497.2940402,200,127.25399800001469,qwen15b-npu3,
1782563497.2948368,200,150.79751499979466,qwen15b-npu3,
1782563497.2960298,200,125.3997090007033,qwen15b-npu5,
1782563497.2969053,200,128.11182200130133,qwen15b-npu4,
1782563497.297149,200,113.24314400008006,qwen15b-npu4,
1782563497.303708,200,150.21819200046593,qwen15b-npu7,
1782563497.3053086,200,137.81549600025755,qwen15b-npu6,
1782563497.3056688,200,122.40058600036718,qwen15b-npu6,
1782563497.3210893,200,116.15177800013043,qwen15b-npu4,
1782563497.321881,200,126.9126570005028,qwen15b-npu5,
1782563497.322269,200,112.5676410010783,qwen15b-npu5,
1782563497.3237455,200,125.8824819997244,qwen15b-npu3,
1782563497.324101,200,145.04801900147868,qwen15b-npu3,
1782563497.3322098,200,133.5325770014606,qwen15b-npu6,
1782563497.3325377,200,154.23841099982383,qwen15b-npu7,
1782563497.332907,200,138.36000899937062,qwen15b-npu7,
1782563497.3461733,200,123.88442300107272,qwen15b-npu4,
1782563497.347082,200,120.50165700020443,qwen15b-npu5,
1782563497.3504424,200,129.97417999940808,qwen15b-npu3,
1782563497.3584628,200,136.5007299991703,qwen15b-npu6,
1782563497.3599324,200,139.11090200053877,qwen15b-npu7,
1782563497.3711216,200,125.07850799920561,qwen15b-npu4,
1782563497.3719854,200,121.50173199916026,qwen15b-npu5,
1782563497.378864,200,140.96602099925803,qwen15b-npu3,
1782563497.3854854,200,140.04791700062924,qwen15b-npu6,
1782563497.3862572,200,120.58231800074282,qwen15b-npu7,
1782563497.3869264,200,154.00001899979543,qwen15b-npu7,
1782563497.3967233,200,119.64433399953123,qwen15b-npu4,
1782563497.3976607,200,120.91557899839245,qwen15b-npu5,
1782563497.4054103,200,134.47002100110694,qwen15b-npu3,
1782563497.4127476,200,134.89191299959202,qwen15b-npu7,
1782563497.4133232,200,142.01033500103222,qwen15b-npu6,
1782563497.414094,200,119.15226200108009,qwen15b-npu6,
1782563497.421731,200,125.60535000011441,qwen15b-npu4,
1782563497.4225585,200,116.82201099938538,qwen15b-npu4,
1782563497.4229417,200,125.96689199926914,qwen15b-npu5,
1782563497.4355252,200,131.71803800105408,qwen15b-npu3,
1782563497.4359024,200,141.79864499965333,qwen15b-npu3,
1782563497.4407325,200,116.88575100015441,qwen15b-npu6,
1782563497.4417367,200,136.3275790008629,qwen15b-npu6,
1782563497.4426239,200,120.67881800066971,qwen15b-npu7,
1782563497.4432678,200,146.0485030002019,qwen15b-npu7,
1782563497.4485073,200,124.33684499956144,qwen15b-npu4,
1782563497.4505172,200,117.91340600029798,qwen15b-npu5,
1782563497.4510906,200,129.939041000398,qwen15b-npu5,
1782563497.4637165,200,130.69368399919767,qwen15b-npu3,
1782563497.4645033,200,142.17223599916906,qwen15b-npu3,
1782563497.4678996,200,121.63480299932417,qwen15b-npu6,
1782563497.4684455,200,136.1387190008827,qwen15b-npu7,
1782563497.4735663,200,126.37925400122185,qwen15b-npu4,
1782563497.4773667,200,126.83264599945687,qwen15b-npu5,
1782563497.489998,200,129.99426999886055,qwen15b-npu3,
1782563497.4943087,200,123.11282900009246,qwen15b-npu6,
1782563497.4951732,200,136.61378100005095,qwen15b-npu7,
1782563497.4989402,200,126.8930559999717,qwen15b-npu4,
1782563497.5039055,200,124.93157800054178,qwen15b-npu5,
1782563497.517295,200,130.29462099984812,qwen15b-npu3,
1782563497.5215166,200,135.19146500038914,qwen15b-npu6,
1782563497.5233996,200,137.81595599903085,qwen15b-npu7,
1782563497.5236948,200,126.88535699999193,qwen15b-npu4,
1782563497.524172,200,118.69809000017995,qwen15b-npu7,
1782563497.5291615,200,131.40366700099548,qwen15b-npu5,
1782563497.5453393,200,122.33111600107804,qwen15b-npu3,
1782563497.5460079,200,133.19950500044797,qwen15b-npu3,
1782563497.5487783,200,135.3912449994823,qwen15b-npu6,
1782563497.5497541,200,127.12862800071889,qwen15b-npu7,
1782563497.5500197,200,135.82333699923765,qwen15b-npu4,
1782563497.5508068,200,115.16965400005574,qwen15b-npu4,
1782563497.5544035,200,132.57718200111412,qwen15b-npu5,
1782563497.5720308,200,129.34249700083456,qwen15b-npu3,
1782563497.5736256,200,125.01394800165144,qwen15b-npu4,
1782563497.5772219,200,141.21111200074665,qwen15b-npu6,
1782563497.577784,200,135.94696700056375,qwen15b-npu7,
1782563497.5780666,200,134.72781299969938,qwen15b-npu6,
1782563497.5783167,200,127.1675680000044,qwen15b-npu7,
1782563497.5824552,200,141.62658299937902,qwen15b-npu5,
1782563497.582874,200,114.35996900036116,qwen15b-npu5,
1782563497.5842044,200,133.59283600038907,qwen15b-npu5,
1782563497.598367,200,130.40652299969224,qwen15b-npu4,
1782563497.6012142,200,123.75743300071917,qwen15b-npu3,
1782563497.6019328,200,138.11254699976416,qwen15b-npu3,
1782563497.6028414,200,129.17383700005303,qwen15b-npu7,
1782563497.6049776,200,140.3756780000549,qwen15b-npu6,
1782563497.6057436,200,110.48549200131674,qwen15b-npu5,
1782563497.6237357,200,129.35571799971513,qwen15b-npu4,
1782563497.6291702,200,125.1526689993625,qwen15b-npu3,
1782563497.6302822,200,131.2750170000072,qwen15b-npu7,
1782563497.6336977,200,143.59391200014215,qwen15b-npu6,
1782563497.648291,200,126.67925599998853,qwen15b-npu4,
1782563497.6554718,200,131.9902790000924,qwen15b-npu5,
1782563497.6562188,200,131.95255999926303,qwen15b-npu3,
1782563497.6601207,200,136.32401899849356,qwen15b-npu7,
1782563497.6618085,200,132.58466200022667,qwen15b-npu6,
1782563497.662201,200,144.82711800155812,qwen15b-npu6,
1782563497.674171,200,124.08167399917147,qwen15b-npu4,
1782563497.6745565,200,129.13974699949904,qwen15b-npu4,
1782563497.6814704,200,126.993357000174,qwen15b-npu5,
1782563497.6821928,200,136.1041189993557,qwen15b-npu5,
1782563497.683116,200,133.2947860009881,qwen15b-npu3,
1782563497.6883235,200,139.4806329990388,qwen15b-npu7,
1782563497.689957,200,139.04143200124963,qwen15b-npu6,
1782563497.6985307,200,120.39307700069912,qwen15b-npu4,
1782563497.6993449,200,115.03197199999704,qwen15b-npu4,
1782563497.7059178,200,128.07037099992158,qwen15b-npu5,
1782563497.7115707,200,128.5873939996236,qwen15b-npu3,
1782563497.712525,200,138.8456100012263,qwen15b-npu3,
1782563497.7171476,200,138.76429999982065,qwen15b-npu7,
1782563497.718294,200,146.20583500072826,qwen15b-npu7,
1782563497.7192461,200,141.92708500013396,qwen15b-npu6,
1782563497.7195816,200,136.99895200079482,qwen15b-npu6,
1782563497.7229848,200,117.92347600021458,qwen15b-npu4,
1782563497.7318928,200,133.43328599876259,qwen15b-npu5,
1782563497.7327995,200,126.96598600086872,qwen15b-npu5,
1782563497.7388248,200,136.79134199992404,qwen15b-npu3,
1782563497.7440743,200,142.79548900049122,qwen15b-npu7,
1782563497.7450233,200,142.10265600013372,qwen15b-npu6,
1782563497.749329,200,115.56432499855873,qwen15b-npu4,
1782563497.7708488,200,141.57142300064152,qwen15b-npu3,
1782563497.7735388,200,149.726591000217,qwen15b-npu7,
1782563497.7745755,200,144.18881500023417,qwen15b-npu6,
1782563497.7756472,200,113.73473700041359,qwen15b-npu4,
1782563497.7835617,200,135.19908399939595,qwen15b-npu5,
1782563497.783972,200,121.68319299962604,qwen15b-npu5,
1782563497.7972374,200,140.9226800005854,qwen15b-npu3,
1782563497.799734,200,117.44733399973484,qwen15b-npu4,
1782563497.801452,200,145.89803200033202,qwen15b-npu7,
1782563497.802664,200,142.44251700074528,qwen15b-npu6,
1782563497.802946,200,128.6763839998457,qwen15b-npu7,
1782563497.8083835,200,125.20657899949583,qwen15b-npu5,
1782563497.82603,200,151.3520280004741,qwen15b-npu3,
1782563497.826422,200,136.3638999991963,qwen15b-npu3,
1782563497.8277838,200,139.3950829988171,qwen15b-npu7,
1782563497.831805,200,150.2518820016121,qwen15b-npu6,
1782563497.8321779,200,132.73008299984212,qwen15b-npu4,
1782563497.832559,200,133.93447899943567,qwen15b-npu6,
1782563497.8341284,200,128.11682199935603,qwen15b-npu5,
1782563497.83448,200,114.77889099842287,qwen15b-npu5,
1782563497.8515604,200,133.12833499912813,qwen15b-npu4,
1782563497.8520486,200,119.13620099949185,qwen15b-npu4,
1782563497.85616,200,133.10141500005557,qwen15b-npu3,
1782563497.8564432,200,143.80125300158397,qwen15b-npu3,
1782563497.8571525,200,145.5144610008574,qwen15b-npu7,
1782563497.8575966,200,138.25807799912582,qwen15b-npu7,
1782563497.8606918,200,121.79673399987223,qwen15b-npu5,
1782563497.8639772,200,131.9920390014886,qwen15b-npu6,
1782563497.8642964,200,147.04226800131437,qwen15b-npu6,
1782563497.8813326,200,136.21257900013006,qwen15b-npu3,
1782563497.8821502,200,137.9714270005934,qwen15b-npu7,
1782563497.8852239,200,111.57496699888725,qwen15b-npu5,
1782563497.8856704,200,136.2730589989951,qwen15b-npu6,
1782563497.9031956,200,132.22837099965545,qwen15b-npu4,
1782563497.9036186,200,119.54470399905404,qwen15b-npu4,
1782563497.9082708,200,132.5106219992449,qwen15b-npu3,
1782563497.9096076,200,112.27864000102272,qwen15b-npu5,
1782563497.9099584,200,135.3128539994941,qwen15b-npu7,
1782563497.9110518,200,127.38686800003052,qwen15b-npu6,
1782563497.9272778,200,124.21838400041452,qwen15b-npu4,
1782563497.9339106,200,125.46084999848972,qwen15b-npu5,
1782563497.935342,200,133.78296799965028,qwen15b-npu3,
1782563497.9361851,200,136.38567899943155,qwen15b-npu7,
1782563497.93685,200,134.11454899869568,qwen15b-npu6,
1782563497.9521556,200,120.23755600057484,qwen15b-npu4,
1782563497.9594228,200,126.74728599995433,qwen15b-npu5,
1782563497.9642525,200,137.75861599970085,qwen15b-npu3,
1782563497.9645767,200,129.98241000059352,qwen15b-npu6,
1782563497.9653726,200,131.162616000438,qwen15b-npu3,
1782563497.9662137,200,133.96523899973545,qwen15b-npu7,
1782563497.9669816,200,139.09945200066431,qwen15b-npu6,
1782563497.9674075,200,141.26816099997086,qwen15b-npu7,
1782563497.9777944,200,120.1227959991229,qwen15b-npu4,
1782563497.9781585,200,126.47386399839888,qwen15b-npu4,
1782563497.9882278,200,127.43343900001491,qwen15b-npu5,
1782563497.9890103,200,136.83839100121986,qwen15b-npu5,
1782563497.9898386,200,133.32299499961664,qwen15b-npu6,
1782563497.9913886,200,127.02500699924713,qwen15b-npu7,
1782563497.9920828,200,134.8330620003253,qwen15b-npu7,
1782563497.9927096,200,128.6338540012366,qwen15b-npu3,
1782563497.9930654,200,136.827121999886,qwen15b-npu3,
1782563498.0019438,200,119.6956540006795,qwen15b-npu4,
1782563498.0104423,200,125.11939899923163,qwen15b-npu5,
1782563498.016382,200,134.9413129992172,qwen15b-npu6,
1782563498.0176177,200,131.84821899994859,qwen15b-npu7,
1782563498.0268135,200,118.46143799994024,qwen15b-npu4,
1782563498.0344436,200,124.74461700003303,qwen15b-npu5,
1782563498.0435069,200,116.15339800118818,qwen15b-npu6,
1782563498.0439425,200,140.2487769992149,qwen15b-npu6,
1782563498.044902,200,134.86033199842495,qwen15b-npu7,
1782563498.048564,200,137.4149639996176,qwen15b-npu3,
1782563498.04937,200,146.06771399849094,qwen15b-npu3,
1782563498.0523555,200,118.38980799984711,qwen15b-npu4,
1782563498.0598671,200,124.46964500122704,qwen15b-npu5,
1782563498.0703137,200,118.08320700038166,qwen15b-npu6,
1782563498.0710442,200,134.80788199922245,qwen15b-npu7,
1782563498.0767603,200,139.81097500072792,qwen15b-npu3,
1782563498.078104,200,118.58255899824144,qwen15b-npu4,
1782563498.078765,200,112.46362100064289,qwen15b-npu4,
1782563498.0854156,200,120.71615800050495,qwen15b-npu5,
1782563498.0857937,200,118.27087699930416,qwen15b-npu5,
1782563498.0987363,200,131.64757800041116,qwen15b-npu6,
1782563498.1015952,200,136.11196800047765,qwen15b-npu7,
1782563498.1018758,200,123.9788929997303,qwen15b-npu7,
1782563498.1033819,200,110.25105099906796,qwen15b-npu4,
1782563498.1036887,200,114.58198000036646,qwen15b-npu4,
1782563498.1050313,200,126.78787600088981,qwen15b-npu3,
1782563498.105565,200,141.22347199918295,qwen15b-npu3,
1782563498.1095798,200,119.6706129994709,qwen15b-npu5,
1782563498.1261444,200,133.36810500004503,qwen15b-npu6,
1782563498.1273315,200,139.0480119989661,qwen15b-npu6,
1782563498.1277237,200,136.23481899958279,qwen15b-npu7,
1782563498.1318958,200,139.74235499881615,qwen15b-npu3,
1782563498.1345658,200,132.55642200056172,qwen15b-npu5,
1782563498.1517785,200,124.88700700123445,qwen15b-npu4,
1782563498.1529293,200,135.24349399995117,qwen15b-npu6,
1782563498.1540358,200,143.52705199962656,qwen15b-npu7,
1782563498.1610296,200,111.55720700116944,qwen15b-npu5,
1782563498.1614041,200,144.91359900057432,qwen15b-npu3,
1782563498.161844,200,127.34321899915813,qwen15b-npu5,
1782563498.1761162,200,127.48143899989373,qwen15b-npu4,
1782563498.1814713,200,129.01397600035125,qwen15b-npu7,
1782563498.182618,200,137.60116499906871,qwen15b-npu6,
1782563498.1830947,200,139.47628299865755,qwen15b-npu7,
1782563498.1893866,200,129.4215180005267,qwen15b-npu3,
1782563498.1897898,200,145.77778300008504,qwen15b-npu3,
1782563498.20149,200,115.62421599955996,qwen15b-npu4,
1782563498.2018058,200,130.68988399936643,qwen15b-npu4,
1782563498.2086797,200,130.47721200018714,qwen15b-npu7,
1782563498.210264,200,139.8487259993999,qwen15b-npu6,
1782563498.2105348,200,125.01307799902861,qwen15b-npu6,
1782563498.211599,200,112.76638299932529,qwen15b-npu5,
1782563498.2118313,200,135.00627400026133,qwen15b-npu5,
1782563498.2160676,200,137.23755400133086,qwen15b-npu3,
1782563498.2249203,200,121.10609000046679,qwen15b-npu4,
1782563498.23474,200,129.6276390003186,qwen15b-npu5,
1782563498.2366648,200,130.99279600101,qwen15b-npu7,
1782563498.2370071,200,135.34869499926572,qwen15b-npu7,
1782563498.2376425,200,134.17868000033195,qwen15b-npu6,
1782563498.2455537,200,143.60890200077847,qwen15b-npu3,
1782563498.2459264,200,136.24342900038755,qwen15b-npu3,
1782563498.2493563,200,121.90623400056211,qwen15b-npu4,
1782563498.259463,200,131.6337879998173,qwen15b-npu5,
1782563498.2635827,200,137.34057399960875,qwen15b-npu6,
1782563498.2654815,200,133.52025600033812,qwen15b-npu7,
1782563498.2723947,200,137.764226001309,qwen15b-npu3,
1782563498.2738957,200,120.84536900147214,qwen15b-npu4,
1782563498.284304,200,130.17725099962263,qwen15b-npu5,
1782563498.2922368,200,140.39195800069137,qwen15b-npu6,
1782563498.2924755,200,130.94597499912197,qwen15b-npu6,
1782563498.293281,200,132.147131000238,qwen15b-npu7,
1782563498.2997053,200,109.81347900087712,qwen15b-npu4,
1782563498.3008184,200,124.60020599974087,qwen15b-npu4,
1782563498.3012362,200,139.27991299897258,qwen15b-npu3,
1782563498.3095398,200,127.9713219992118,qwen15b-npu5,
1782563498.3218727,200,139.1320419988915,qwen15b-npu7,
1782563498.3233469,200,133.85253799970087,qwen15b-npu6,
1782563498.3254852,200,115.13856300007319,qwen15b-npu4,
1782563498.3294828,200,146.25909400092496,qwen15b-npu3,
1782563498.336218,200,124.32148500010953,qwen15b-npu5,
1782563498.3365927,200,134.6799220009416,qwen15b-npu5,
1782563498.3517241,200,116.90531100066437,qwen15b-npu4,
1782563498.3525662,200,127.53385900032299,qwen15b-npu6,
1782563498.3530943,200,141.4322219989117,qwen15b-npu7,
1782563498.3534193,200,151.8346200009546,qwen15b-npu7,
1782563498.354137,200,143.52151200000662,qwen15b-npu6,
1782563498.3603315,200,144.18046500031778,qwen15b-npu3,
1782563498.3606927,200,151.9174099994416,qwen15b-npu3,
1782563498.361575,200,124.80283699915162,qwen15b-npu5,
1782563498.3619845,200,112.55571100082307,qwen15b-npu5,
1782563498.375684,200,129.69281900041096,qwen15b-npu4,
1782563498.3786247,200,132.9652240001451,qwen15b-npu6,
1782563498.3793411,200,142.27274699987902,qwen15b-npu7,
1782563498.385748,200,111.76073800015729,qwen15b-npu5,
1782563498.3863351,200,148.61210500021116,qwen15b-npu3,
1782563498.4005826,200,128.1011720002425,qwen15b-npu4,
1782563498.4069366,200,141.404482001235,qwen15b-npu6,
1782563498.408163,200,148.6449359999824,qwen15b-npu7,
1782563498.4085736,200,124.19000500085531,qwen15b-npu7,
1782563498.4144573,200,150.82244500081288,qwen15b-npu3,
1782563498.4260628,200,132.68032300038612,qwen15b-npu4,
1782563498.4357932,200,126.14845299867739,qwen15b-npu6,
1782563498.4365406,200,113.09617400002026,qwen15b-npu5,
1782563498.4372814,200,135.91980800083547,qwen15b-npu5,
1782563498.4379764,200,145.43299099932483,qwen15b-npu6,
1782563498.4384394,200,137.5029539995012,qwen15b-npu7,
1782563498.4461758,200,146.24247399842716,qwen15b-npu3,
1782563498.4464834,200,154.1829410016362,qwen15b-npu3,
1782563498.4517462,200,129.75258000005851,qwen15b-npu4,
1782563498.4524465,200,115.78027600080532,qwen15b-npu4,
1782563498.4635541,200,137.98080699962156,qwen15b-npu7,
1782563498.463803,200,127.48090899913223,qwen15b-npu6,
1782563498.470953,200,141.36612199945375,qwen15b-npu3,
1782563498.4758873,200,121.66540200087184,qwen15b-npu4,
1782563498.4854195,200,124.65604699900723,qwen15b-npu5,
1782563498.4857132,200,133.89586800076358,qwen15b-npu5,
1782563498.4913886,200,129.74245000077644,qwen15b-npu6,
1782563498.492341,200,131.8978489998699,qwen15b-npu7,
1782563498.4926748,200,139.1987530005281,qwen15b-npu6,
1782563498.4934552,200,140.28009699904942,qwen15b-npu7,
1782563498.5009272,200,148.26784300021245,qwen15b-npu3,
1782563498.5012586,200,139.20196300023235,qwen15b-npu3,
1782563498.5019014,200,126.11145300070348,qwen15b-npu4,
1782563498.5099854,200,131.28339600007166,qwen15b-npu5,
1782563498.5187805,200,132.37631100128056,qwen15b-npu6,
1782563498.519396,200,139.97540600030334,qwen15b-npu7,
1782563498.5250335,200,124.36775500100339,qwen15b-npu4,
1782563498.5275378,200,141.70299400029762,qwen15b-npu3,
1782563498.5349462,200,127.94325199865852,qwen15b-npu5,
1782563498.5468717,200,138.18567800080928,qwen15b-npu7,
1782563498.5471385,200,132.5803719992109,qwen15b-npu6,
1782563498.5510836,200,114.43442000017967,qwen15b-npu4,
1782563498.5518897,200,125.71920200025488,qwen15b-npu4,
1782563498.5549953,200,146.70437700078764,qwen15b-npu3,
1782563498.560937,200,114.36078999940946,qwen15b-npu5,
1782563498.561501,200,123.40878000031807,qwen15b-npu5,
1782563498.576453,200,130.18256100076542,qwen15b-npu7,
1782563498.57684,200,124.2997950012068,qwen15b-npu6,
1782563498.5772316,200,113.37184499825526,qwen15b-npu4,
1782563498.5775373,200,138.99174100151868,qwen15b-npu6,
1782563498.577854,200,141.94699500149,qwen15b-npu7,
1782563498.5847223,200,147.33021000029112,qwen15b-npu3,
1782563498.5852883,200,133.4703160009667,qwen15b-npu3,
1782563498.5863268,200,122.70057699970494,qwen15b-npu5,
1782563498.5995836,200,113.7913969996589,qwen15b-npu4,
1782563498.603144,200,132.10172999970382,qwen15b-npu7,
1782563498.6109557,200,134.9695230001089,qwen15b-npu3,
1782563498.6122766,200,119.85414500122715,qwen15b-npu5,
1782563498.6127014,200,111.6682870015211,qwen15b-npu5,
1782563498.6250992,200,123.77503199968487,qwen15b-npu4,
1782563498.6319168,200,146.4211250004155,qwen15b-npu6,
1782563498.632736,200,139.17610200041963,qwen15b-npu6,
1782563498.633338,200,131.36801699874923,qwen15b-npu7,
1782563498.6336832,200,142.20928599934268,qwen15b-npu7,
1782563498.6378264,200,112.71710200162488,qwen15b-npu5,
1782563498.639898,200,147.13131800090196,qwen15b-npu3,
1782563498.6406958,200,130.6425830007356,qwen15b-npu3,
1782563498.650339,200,130.87582499974815,qwen15b-npu4,
1782563498.6596327,200,140.78869000150007,qwen15b-npu6,
1782563498.6603904,200,132.7733239995723,qwen15b-npu7,
1782563498.661567,200,110.41430200020841,qwen15b-npu5,
1782563498.6673377,200,132.33657100136043,qwen15b-npu3,
1782563498.6755679,200,128.60988399916096,qwen15b-npu4,
1782563498.6763747,200,114.80969099829963,qwen15b-npu4,
1782563498.690006,200,138.02687699899252,qwen15b-npu7,
1782563498.6903093,200,143.0938800003787,qwen15b-npu6,
1782563498.6913435,200,136.23308899877884,qwen15b-npu6,
1782563498.6971474,200,136.11642899923027,qwen15b-npu3,
1782563498.6999652,200,122.0386539989704,qwen15b-npu4,
1782563498.7124655,200,127.66944000031799,qwen15b-npu5,
1782563498.7128422,200,136.2760789997992,qwen15b-npu5,
1782563498.7183356,200,131.90899900109798,qwen15b-npu6,
1782563498.7196817,200,142.7131479995296,qwen15b-npu6,
1782563498.7201,200,134.74437200056855,qwen15b-npu7,
1782563498.7204366,200,143.13294000021415,qwen15b-npu7,
1782563498.725639,200,122.37980600002629,qwen15b-npu4,
1782563498.7259684,200,148.36628400007612,qwen15b-npu3,
1782563498.7262585,200,126.57206500080065,qwen15b-npu3,
1782563498.7394876,200,128.4345439999015,qwen15b-npu5,
1782563498.7467577,200,133.93991900011315,qwen15b-npu6,
1782563498.7472215,200,134.83164299941564,qwen15b-npu7,
1782563498.7515423,200,111.54951700154925,qwen15b-npu4,
1782563498.752405,200,120.38485700031742,qwen15b-npu4,
1782563498.753349,200,128.18531199991412,qwen15b-npu3,
1782563498.7634468,200,130.01248100044904,qwen15b-npu5,
1782563498.764302,200,123.51501199918857,qwen15b-npu5,
1782563498.774526,200,140.7711189986003,qwen15b-npu6,
1782563498.7753232,200,113.65934700006619,qwen15b-npu4,
1782563498.776787,200,126.36464400020486,qwen15b-npu7,
1782563498.7772334,200,144.41549600087455,qwen15b-npu7,
1782563498.7817051,200,143.76314299988735,qwen15b-npu3,
1782563498.7883255,200,120.88155899982667,qwen15b-npu5,
1782563498.802376,200,111.95473900079378,qwen15b-npu4,
1782563498.8034296,200,127.76631999986421,qwen15b-npu7,
1782563498.8037376,200,127.25999800022691,qwen15b-npu6,
1782563498.8041177,200,144.41663599973253,qwen15b-npu6,
1782563498.8104951,200,149.99726099995314,qwen15b-npu3,
1782563498.8136475,200,122.19308500061743,qwen15b-npu5,
1782563498.828383,200,115.42900499989628,qwen15b-npu4,
1782563498.8302844,200,133.0419339992659,qwen15b-npu7,
1782563498.8314888,200,131.42267699913646,qwen15b-npu6,
1782563498.8377419,200,147.6556409998011,qwen15b-npu3,
1782563498.8388019,200,112.76481200002308,qwen15b-npu5,
1782563498.8392255,200,120.81975900036923,qwen15b-npu5,
1782563498.854833,200,129.09261700042407,qwen15b-npu4,
1782563498.8587267,200,138.934631999291,qwen15b-npu6,
1782563498.8590918,200,138.89173099960317,qwen15b-npu7,
1782563498.8596108,200,133.2785459999286,qwen15b-npu7,
1782563498.8631294,200,111.47745699963707,qwen15b-npu5,
1782563498.8667738,200,154.21521999996912,qwen15b-npu3,
1782563498.8670774,200,146.53562599960424,qwen15b-npu3,
1782563498.8818924,200,117.47498399927281,qwen15b-npu4,
1782563498.882742,200,135.40609499978018,qwen15b-npu4,
1782563498.8868093,200,134.30450999840104,qwen15b-npu7,
1782563498.8871093,200,133.65372800035402,qwen15b-npu6,
1782563498.8876667,200,148.03569200012134,qwen15b-npu6,
1782563498.8885849,200,113.96087799948873,qwen15b-npu5,
1782563498.8976185,200,150.7369649989414,qwen15b-npu3,
1782563498.8979154,200,134.39454100080184,qwen15b-npu3,
1782563498.9081347,200,126.32163400121499,qwen15b-npu4,
1782563498.9128597,200,137.43970399991667,qwen15b-npu7,
1782563498.913775,200,136.87537199984945,qwen15b-npu6,
1782563498.9210541,200,143.70857299945783,qwen15b-npu3,
1782563498.9218957,200,133.48949700048252,qwen15b-npu5,
1782563498.9345968,200,130.7473540000501,qwen15b-npu4,
1782563498.938267,200,127.66352000107872,qwen15b-npu5,
1782563498.9421215,200,138.61167899995053,qwen15b-npu6,
1782563498.9453337,200,131.61182799922244,qwen15b-npu7,
1782563498.9457765,200,143.30021100067825,qwen15b-npu7,
1782563498.9490392,200,144.80515799914428,qwen15b-npu3,
1782563498.961712,200,130.11390100109566,qwen15b-npu4,
1782563498.965099,200,127.26319800094643,qwen15b-npu5,
1782563498.9683266,200,129.44235800023307,qwen15b-npu7,
1782563498.969612,200,141.13340100084315,qwen15b-npu6,
1782563498.970559,200,131.2113860003592,qwen15b-npu6,
1782563498.9780238,200,147.64436099903833,qwen15b-npu3,
1782563498.9887278,200,121.58199199984665,qwen15b-npu4,
1782563498.9894242,200,130.5868229992484,qwen15b-npu4,
1782563498.9900324,200,130.8671240003605,qwen15b-npu5,
1782563498.9958355,200,136.10713799971563,qwen15b-npu7,
1782563498.9970326,200,133.79261799855158,qwen15b-npu6,
1782563499.0058181,200,138.9688119998027,qwen15b-npu3,
1782563499.0066516,200,151.7214600007719,qwen15b-npu3,
1782563499.0144055,200,126.61297500017099,qwen15b-npu4,
1782563499.0171585,200,135.1884539999446,qwen15b-npu5,
1782563499.017681,200,128.9956760010682,qwen15b-npu5,
1782563499.0239685,200,141.12297099927673,qwen15b-npu7,
1782563499.0242944,200,126.60765500004345,qwen15b-npu7,
1782563499.0249925,200,127.01085700064141,qwen15b-npu6,
1782563499.0260444,200,139.15127200016286,qwen15b-npu6,
1782563499.0352962,200,127.05021700094221,qwen15b-npu3,
1782563499.0357437,200,148.51052499943762,qwen15b-npu3,
1782563499.0412796,200,127.39985900043393,qwen15b-npu5,
1782563499.0425665,200,129.61275899942848,qwen15b-npu4,
1782563499.0512464,200,130.09785100075533,qwen15b-npu7,
1782563499.0536337,200,131.62868800100114,qwen15b-npu6,
1782563499.0625298,200,127.83744999978808,qwen15b-npu3,
1782563499.067524,200,125.30908900043869,qwen15b-npu5,
1782563499.0683494,200,129.97930100027588,qwen15b-npu4,
1782563499.0807276,200,134.84057200003008,qwen15b-npu6,
1782563499.08206,200,136.60514000002877,qwen15b-npu7,
1782563499.090776,200,141.66818400008196,qwen15b-npu3,
1782563499.0920942,200,126.9010870000784,qwen15b-npu5,
1782563499.095636,200,117.51629399986996,qwen15b-npu4,
1782563499.0960693,200,134.24655000017083,qwen15b-npu4,
1782563499.108651,200,138.94338099999004,qwen15b-npu6,
1782563499.1126213,200,144.22895499956212,qwen15b-npu7,
1782563499.1171908,200,128.35702300071716,qwen15b-npu5,
1782563499.1184967,200,147.82250199823466,qwen15b-npu3,
1782563499.1211896,200,124.05040399971767,qwen15b-npu4,
1782563499.1377788,200,147.6751010013686,qwen15b-npu6,
1782563499.138137,200,123.63118199937162,qwen15b-npu6,
1782563499.142266,200,135.51112599998305,qwen15b-npu7,
1782563499.1426198,200,153.12628500032588,qwen15b-npu7,
1782563499.143958,200,138.06718699925113,qwen15b-npu5,
1782563499.1445227,200,120.47320700003183,qwen15b-npu5,
1782563499.146117,200,128.34924299932027,qwen15b-npu4,
1782563499.1492457,200,153.31217600032687,qwen15b-npu3,
1782563499.149676,200,132.37494099848846,qwen15b-npu3,
1782563499.166271,200,123.60788200021489,qwen15b-npu6,
1782563499.166637,200,141.5756930000498,qwen15b-npu6,
1782563499.1692746,200,133.4068659998593,qwen15b-npu5,
1782563499.1733634,200,137.95397699868772,qwen15b-npu4,
1782563499.1740153,200,120.2661760016781,qwen15b-npu4,
1782563499.174423,200,133.0667149995861,qwen15b-npu7,
1782563499.1747167,200,150.3515629992762,qwen15b-npu7,
1782563499.175622,200,149.47363899955235,qwen15b-npu3,
1782563499.176461,200,125.14968899995438,qwen15b-npu3,
1782563499.1934752,200,125.05947799945716,qwen15b-npu6,
1782563499.1945715,200,131.93388899890124,qwen15b-npu5,
1782563499.198216,200,116.08704799982661,qwen15b-npu4,
1782563499.2006137,200,133.01316499928362,qwen15b-npu7,
1782563499.203924,200,123.12810999901558,qwen15b-npu3,
1782563499.2185462,200,127.65790000048582,qwen15b-npu5,
1782563499.2223773,200,126.6105160011648,qwen15b-npu6,
1782563499.2244754,200,115.72784599957231,qwen15b-npu4,
1782563499.2330966,200,140.90663000024506,qwen15b-npu7,
1782563499.2377412,200,141.59648299937544,qwen15b-npu3,
1782563499.2448132,200,132.09240099968156,qwen15b-npu5,
1782563499.256481,200,137.91071699961321,qwen15b-npu6,
1782563499.2636783,200,146.37951499935298,qwen15b-npu7,
1782563499.2694855,200,131.27974700000777,qwen15b-npu5,
1782563499.2697952,200,123.60954100040544,qwen15b-npu5,
1782563499.274576,200,153.261987001315,qwen15b-npu3,
1782563499.2764993,200,132.45686200025375,qwen15b-npu4,
1782563499.276851,200,138.9727710011357,qwen15b-npu4,
1782563499.2854605,200,136.07175800098048,qwen15b-npu6,
1782563499.285872,200,143.5042919983971,qwen15b-npu6,
1782563499.2940345,200,118.35056699965207,qwen15b-npu5,
1782563499.2943923,200,125.01372800034005,qwen15b-npu5,
1782563499.2956975,200,145.90394299921172,qwen15b-npu7,
1782563499.2960594,200,153.32007600045472,qwen15b-npu7,
1782563499.2992795,200,154.68852300000435,qwen15b-npu3,
1782563499.3020093,200,135.29940400076157,qwen15b-npu4,
1782563499.3023741,200,127.84958100019139,qwen15b-npu4,
1782563499.3126438,200,138.5214799993264,qwen15b-npu6,
1782563499.317639,200,116.92847100130166,qwen15b-npu5,
1782563499.3227727,200,147.9942830010259,qwen15b-npu7,
1782563499.3232923,200,146.77489699897706,qwen15b-npu7,
1782563499.3272624,200,153.8064789983764,qwen15b-npu3,
1782563499.3277626,200,129.41000799946778,qwen15b-npu4,
1782563499.3283713,200,162.0008460013196,qwen15b-npu3,
1782563499.340709,200,147.14629800073453,qwen15b-npu6,
1782563499.343609,200,110.40976100048283,qwen15b-npu5,
1782563499.35233,200,148.3395940012997,qwen15b-npu7,
1782563499.3529096,200,128.33626300016476,qwen15b-npu4,
1782563499.3591702,200,136.67787099984707,qwen15b-npu3,
1782563499.3595994,200,164.9608290008473,qwen15b-npu3,
1782563499.3705208,200,151.90606999931333,qwen15b-npu6,
1782563499.371312,200,126.3991640007589,qwen15b-npu6,
1782563499.3779054,200,114.13047800124332,qwen15b-npu4,
1782563499.3818507,200,144.00201399985235,qwen15b-npu7,
1782563499.3921475,200,122.28267600039544,qwen15b-npu5,
1782563499.403035,200,126.11431299956166,qwen15b-npu4,
1782563499.4115613,200,141.97959500052093,qwen15b-npu7,
1782563499.4131176,200,136.52225000078033,qwen15b-npu3,
1782563499.4136992,200,157.11454399934155,qwen15b-npu3,
1782563499.4188316,200,133.2596949996514,qwen15b-npu5,
1782563499.4198213,200,124.01066399979754,qwen15b-npu5,
1782563499.4275148,200,125.39915999877849,qwen15b-npu6,
1782563499.427864,200,153.1781960002263,qwen15b-npu6,
1782563499.428203,200,134.07037899924035,qwen15b-npu6,
1782563499.4329288,200,136.79425099871878,qwen15b-npu4,
1782563499.4332104,200,120.48067700015963,qwen15b-npu4,
1782563499.4422364,200,147.7720610000688,qwen15b-npu3,
1782563499.4425323,200,124.82511700000032,qwen15b-npu5,
1782563499.442774,200,140.2996169999824,qwen15b-npu3,
1782563499.443156,200,114.72151199996006,qwen15b-npu5,
1782563499.4445531,200,158.56106999854092,qwen15b-npu7,
1782563499.444945,200,145.59889199881582,qwen15b-npu7,
1782563499.4531531,200,130.31470199894102,qwen15b-npu6,
1782563499.4564629,200,128.62793400017836,qwen15b-npu4,
1782563499.4707708,200,143.4407420001662,qwen15b-npu3,
1782563499.4728491,200,149.4880700010981,qwen15b-npu7,
1782563499.4732068,200,132.43455100018764,qwen15b-npu7,
1782563499.4815214,200,137.81516600101895,qwen15b-npu6,
1782563499.4824398,200,129.46550800006662,qwen15b-npu4,
1782563499.4913971,200,131.69545799974003,qwen15b-npu5,
1782563499.4917064,200,109.74809800063667,qwen15b-npu5,
1782563499.499681,200,128.26864199996635,qwen15b-npu3,
1782563499.5002828,200,147.85519200086128,qwen15b-npu3,
1782563499.5019197,200,142.611727998883,qwen15b-npu7,
1782563499.5078728,200,129.86905999969167,qwen15b-npu4,
1782563499.5106385,200,140.03784600026847,qwen15b-npu6,
1782563499.5315483,200,139.32116300020425,qwen15b-npu7,
1782563499.5329967,200,119.81694499991136,qwen15b-npu4,
1782563499.5379927,200,134.88856200092414,qwen15b-npu6,
1782563499.5412116,200,112.88729300031264,qwen15b-npu5,
1782563499.542038,200,128.27411299986125,qwen15b-npu5,
1782563499.5567856,200,129.16323699937493,qwen15b-npu3,
1782563499.5571694,200,145.53968200016243,qwen15b-npu3,
1782563499.5591602,200,131.22414700046647,qwen15b-npu4,
1782563499.5597854,200,116.93364100028703,qwen15b-npu4,
1782563499.5615816,200,128.31201300105022,qwen15b-npu7,
1782563499.5621355,200,143.20539999971515,qwen15b-npu7,
1782563499.5657852,200,123.18688000050315,qwen15b-npu5,
1782563499.5660148,200,109.48561799887102,qwen15b-npu5,
1782563499.5683205,200,148.38960399902135,qwen15b-npu6,
1782563499.5687737,200,135.75186599882727,qwen15b-npu6,
1782563499.5841749,200,130.92919500013522,qwen15b-npu4,
1782563499.5873241,200,144.99848899868084,qwen15b-npu3,
1782563499.5881016,200,143.0352999996103,qwen15b-npu3,
1782563499.589021,200,144.35050500105717,qwen15b-npu7,
1782563499.595006,200,122.06944399986241,qwen15b-npu6,
1782563499.595358,200,152.11584099961328,qwen15b-npu6,
1782563499.6099837,200,128.36500399862416,qwen15b-npu4,
1782563499.6148262,200,141.5272529993672,qwen15b-npu3,
1782563499.6159222,200,133.386965999307,qwen15b-npu5,
1782563499.6171591,200,115.13705300058064,qwen15b-npu5,
1782563499.6178312,200,146.99657799974375,qwen15b-npu7,
1782563499.618152,200,126.69017599910148,qwen15b-npu7,
1782563499.6222918,200,130.4611619998468,qwen15b-npu6,
1782563499.6357179,200,135.36851499884506,qwen15b-npu4,
1782563499.6445365,200,136.56405999972776,qwen15b-npu7,
1782563499.646287,200,146.5102250003838,qwen15b-npu3,
1782563499.651381,200,140.67957000042952,qwen15b-npu6,
1782563499.6618857,200,128.82437499865773,qwen15b-npu4,
1782563499.6666193,200,128.55695399957767,qwen15b-npu5,
1782563499.6728158,200,131.50990699978138,qwen15b-npu7,
1782563499.6748624,200,143.20786999996926,qwen15b-npu3,
1782563499.6785653,200,136.42823999907705,qwen15b-npu6,
1782563499.6883695,200,131.09565600097994,qwen15b-npu4,
1782563499.6887345,200,122.6476769988949,qwen15b-npu4,
1782563499.6900132,200,124.16688400116982,qwen15b-npu5,
1782563499.6910322,200,131.75442900137568,qwen15b-npu5,
1782563499.7008414,200,140.91740000003483,qwen15b-npu7,
1782563499.701755,200,133.30541499999526,qwen15b-npu7,
1782563499.7033782,200,141.1795419990085,qwen15b-npu3,
1782563499.7043571,200,147.46170000034908,qwen15b-npu3,
1782563499.7065072,200,137.62112500080548,qwen15b-npu6,
1782563499.7069483,200,145.2976700002182,qwen15b-npu6,
1782563499.71354,200,126.15051300053892,qwen15b-npu4,
1782563499.7145803,200,126.37026400079776,qwen15b-npu5,
1782563499.7288904,200,139.7644449989457,qwen15b-npu7,
1782563499.7328553,200,148.6177549995773,qwen15b-npu3,
1782563499.7336433,200,138.18498699947668,qwen15b-npu6,
1782563499.7340682,200,138.95249099914508,qwen15b-npu3,
1782563499.7399526,200,122.66860700037796,qwen15b-npu4,
1782563499.7404022,200,130.31259200033674,qwen15b-npu4,
1782563499.741299,200,118.90723999931652,qwen15b-npu5,
1782563499.7422473,200,127.320908000911,qwen15b-npu5,
1782563499.7570086,200,121.18304000068747,qwen15b-npu7,
1782563499.75732,200,141.33165199928044,qwen15b-npu7,
1782563499.7614994,200,143.28277099957631,qwen15b-npu3,
1782563499.7618818,200,143.95849399988947,qwen15b-npu6,
1782563499.7655983,200,114.13589800031332,qwen15b-npu4,
1782563499.7916255,200,145.24408999932348,qwen15b-npu3,
1782563499.7919605,200,147.32339900001534,qwen15b-npu6,
1782563499.792328,200,130.38281200169877,qwen15b-npu5,
1782563499.7930703,200,114.44004999975732,qwen15b-npu4,
1782563499.8111207,200,144.44420600011654,qwen15b-npu7,
1782563499.8119748,200,123.17070899916871,qwen15b-npu7,
1782563499.8175077,200,129.03630599976168,qwen15b-npu5,
1782563499.8178515,200,115.98205699920072,qwen15b-npu5,
1782563499.8192132,200,118.2741470001929,qwen15b-npu4,
1782563499.820607,200,129.45133799985342,qwen15b-npu3,
1782563499.8208745,200,145.89980299933814,qwen15b-npu3,
1782563499.822121,200,149.21946799950092,qwen15b-npu6,
1782563499.8224242,200,132.34392200138245,qwen15b-npu6,
1782563499.8388858,200,124.19159400087665,qwen15b-npu7,
1782563499.8395946,200,136.1195490007958,qwen15b-npu7,
1782563499.8421206,200,128.51803400008066,qwen15b-npu5,
1782563499.844985,200,137.9626570014807,qwen15b-npu4,
1782563499.8467038,200,142.23636600036116,qwen15b-npu6,
1782563499.8480263,200,141.42137300041213,qwen15b-npu3,
1782563499.865433,200,125.35974899947178,qwen15b-npu7,
1782563499.8677466,200,110.33229199892958,qwen15b-npu5,
1782563499.8684359,200,134.2555999999604,qwen15b-npu5,
1782563499.8725605,200,130.21215100161498,qwen15b-npu4,
1782563499.8729053,200,139.18225199995504,qwen15b-npu4,
1782563499.874796,200,134.27751999915927,qwen15b-npu6,
1782563499.8751748,200,146.18193400019663,qwen15b-npu6,
1782563499.8788588,200,145.90609299921198,qwen15b-npu3,
1782563499.8795457,200,138.1415570012905,qwen15b-npu3,
1782563499.8929555,200,135.85041700025613,qwen15b-npu7,
1782563499.897697,200,132.02575000104844,qwen15b-npu4,
1782563499.9004757,200,138.8772410009551,qwen15b-npu6,
1782563499.9048822,200,142.90860900109692,qwen15b-npu3,
1782563499.9171023,200,125.38636000135739,qwen15b-npu5,
1782563499.920641,200,128.2327129993064,qwen15b-npu7,
1782563499.926633,200,134.53995099916938,qwen15b-npu6,
1782563499.9335847,200,140.44737799849827,qwen15b-npu3,
1782563499.9432292,200,122.29699500130664,qwen15b-npu5,
1782563499.9440808,200,132.01394899988372,qwen15b-npu5,
1782563499.9490488,200,126.54233499961265,qwen15b-npu7,
1782563499.9497623,200,132.16964999992342,qwen15b-npu7,
1782563499.951353,200,140.13266600159113,qwen15b-npu4,
1782563499.9515793,200,130.91009399977338,qwen15b-npu4,
1782563499.9541,200,136.14312900062941,qwen15b-npu6,
1782563499.9547484,200,132.5413619997562,qwen15b-npu6,
1782563499.9634824,200,144.1782450001483,qwen15b-npu3,
1782563499.9684596,200,126.27036400044744,qwen15b-npu5,
1782563499.9762857,200,131.23811700097576,qwen15b-npu7,
1782563499.9776766,200,137.96634699974675,qwen15b-npu4,
1782563499.982176,200,135.36113500049396,qwen15b-npu6,
1782563499.9957294,200,156.72722199997224,qwen15b-npu3,
1782563499.996237,200,148.11280300091312,qwen15b-npu3,
1782563500.0029151,200,127.65539999963949,qwen15b-npu5,
1782563500.0033715,200,135.56642600087798,qwen15b-npu5,
1782563500.004714,200,139.19667299887806,qwen15b-npu4,
1782563500.0050411,200,130.13882100131013,qwen15b-npu4,
1782563500.0065012,200,137.9784769997059,qwen15b-npu7,
1782563500.0068324,200,127.84189999911177,qwen15b-npu7,
1782563500.0166657,200,144.0182440001081,qwen15b-npu6,
1782563500.0170841,200,137.46091400025762,qwen15b-npu6,
1782563500.0193064,200,118.7523489988962,qwen15b-npu5,
1782563500.0223825,200,149.40507900064404,qwen15b-npu3,
1782563500.023476,200,130.43469300100696,qwen15b-npu3,
1782563500.0302234,200,132.47072200101684,qwen15b-npu4,
1782563500.0336022,200,128.66367400056333,qwen15b-npu7,
1782563500.035044,200,117.86697600109619,qwen15b-npu6,
1782563500.0505533,200,129.79889000052935,qwen15b-npu3,
1782563500.0564253,200,129.7162400005618,qwen15b-npu4,
1782563500.059293,200,115.1232029988023,qwen15b-npu6,
1782563500.069949,200,118.3152470002824,qwen15b-npu5,
1782563500.0709043,200,137.23821300118288,qwen15b-npu5,
1782563500.0788674,200,129.74344000031124,qwen15b-npu3,
1782563500.0841901,200,134.34262000009767,qwen15b-npu4,
1782563500.08446,200,120.87871899893798,qwen15b-npu4,
1782563500.0854726,200,131.3146370011964,qwen15b-npu6,
1782563500.0925875,200,149.27332799925352,qwen15b-npu7,
1782563500.0932424,200,141.8261140006507,qwen15b-npu7,
1782563500.0944026,200,125.8580419998907,qwen15b-npu5,
1782563500.107355,200,152.52250300000014,qwen15b-npu3,
1782563500.1091576,200,113.29400400063605,qwen15b-npu4,
1782563500.1110523,200,133.28522600022552,qwen15b-npu6,
1782563500.1150386,200,138.69270000031975,qwen15b-npu7,
1782563500.1201785,200,123.82327200066356,qwen15b-npu5,
1782563500.1210997,200,114.15551900063292,qwen15b-npu5,
1782563500.137166,200,117.76303499937057,qwen15b-npu4,
1782563500.1376011,200,132.46117100061383,qwen15b-npu4,
1782563500.138495,200,133.67818799997622,qwen15b-npu3,
1782563500.1388865,200,156.6162710005301,qwen15b-npu3,
1782563500.1405392,200,137.51462499931222,qwen15b-npu6,
1782563500.1408656,200,124.08702299944707,qwen15b-npu6,
1782563500.1442065,200,140.72943899918755,qwen15b-npu7,
1782563500.1445308,200,137.94680699902528,qwen15b-npu7,
1782563500.145152,200,122.70545799947286,qwen15b-npu5,
1782563500.1616194,200,126.51143499897444,qwen15b-npu4,
1782563500.1648977,200,131.22607600053016,qwen15b-npu3,
1782563500.1657145,200,148.50922400000854,qwen15b-npu3,
1782563500.1665092,200,136.20031899881724,qwen15b-npu6,
1782563500.169804,200,146.22353500089957,qwen15b-npu7,
1782563500.1706603,200,119.9868650001008,qwen15b-npu5,
1782563500.1881108,200,117.08899200129963,qwen15b-npu4,
1782563500.191449,200,132.05865999952948,qwen15b-npu6,
1782563500.1958055,200,116.84106100074132,qwen15b-npu5,
1782563500.1973875,200,140.8893200004968,qwen15b-npu7,
1782563500.2141764,200,121.5310520001367,qwen15b-npu4,
1782563500.2198334,200,135.28618499913136,qwen15b-npu6,
1782563500.2208993,200,127.56909000017913,qwen15b-npu5,
1782563500.2229993,200,137.44217400017078,qwen15b-npu3,
1782563500.223507,200,153.49408800102537,qwen15b-npu3,
1782563500.2265575,200,142.3100070005603,qwen15b-npu7,
1782563500.227297,200,132.8295330004039,qwen15b-npu7,
1782563500.2405756,200,129.42928799930087,qwen15b-npu4,
1782563500.2458146,200,130.71152399970742,qwen15b-npu5,
1782563500.2470043,200,139.58386500053166,qwen15b-npu6,
1782563500.2476194,200,126.40251399898261,qwen15b-npu6,
1782563500.2506433,200,141.37190200017358,qwen15b-npu3,
1782563500.252556,200,132.3128510011884,qwen15b-npu7,
1782563500.2675123,200,123.20636000004015,qwen15b-npu4,
1782563500.2684073,200,130.6878940013121,qwen15b-npu4,
1782563500.2720501,200,127.45918900145625,qwen15b-npu5,
1782563500.2730148,200,134.01556900134892,qwen15b-npu5,
1782563500.2733266,200,132.70686300165835,qwen15b-npu6,
1782563500.280709,200,143.4324319998268,qwen15b-npu3,
1782563500.2810342,200,135.79660699906526,qwen15b-npu7,
1782563500.2815623,200,142.96502000070177,qwen15b-npu7,
1782563500.2819343,200,140.95650000126625,qwen15b-npu3,
1782563500.2936268,200,127.79098999999405,qwen15b-npu4,
1782563500.29642,200,129.81772999955865,qwen15b-npu5,
1782563500.3009436,200,139.2612729996472,qwen15b-npu6,
1782563500.3012486,200,130.48499300020922,qwen15b-npu6,
1782563500.3078084,200,137.91990699974122,qwen15b-npu7,
1782563500.3081353,200,143.1676400006836,qwen15b-npu3,
1782563500.3204134,200,128.8673649996781,qwen15b-npu4,
1782563500.3215535,200,125.66782100111595,qwen15b-npu5,
1782563500.3351226,200,137.6363549989037,qwen15b-npu7,
1782563500.3359015,200,147.70901100018818,qwen15b-npu3,
1782563500.346987,200,119.60440400071093,qwen15b-npu4,
1782563500.3479207,200,126.93588699949032,qwen15b-npu4,
1782563500.348647,200,125.49098999988928,qwen15b-npu5,
1782563500.354574,200,127.94408099944121,qwen15b-npu6,
1782563500.354849,200,140.59815799919306,qwen15b-npu6,
1782563500.3621736,200,138.5689300004742,qwen15b-npu7,
1782563500.366591,200,146.67852700040385,qwen15b-npu3,
1782563500.3673549,200,126.71381499967538,qwen15b-npu3,
1782563500.3727608,200,126.88170699948387,qwen15b-npu5,
1782563500.3732657,200,122.5470769986714,qwen15b-npu4,
1782563500.3816807,200,133.92664800085186,qwen15b-npu6,
1782563500.391728,200,144.64389699969615,qwen15b-npu7,
1782563500.3921077,200,123.60250199890288,qwen15b-npu7,
1782563500.393389,200,140.73782000014035,qwen15b-npu3,
1782563500.398462,200,130.85621500067646,qwen15b-npu5,
1782563500.3988743,200,118.06612600048538,qwen15b-npu5,
1782563500.4003563,200,118.68015899926831,qwen15b-npu4,
1782563500.4009283,200,127.53300999975181,qwen15b-npu4,
1782563500.4099045,200,128.80562600003032,qwen15b-npu6,
1782563500.4103,200,138.17468699926394,qwen15b-npu6,
1782563500.4183924,200,136.36027900065528,qwen15b-npu7,
1782563500.4226973,200,126.1825140009023,qwen15b-npu5,
1782563500.423541,200,129.7992499985412,qwen15b-npu3,
1782563500.424486,200,151.37618799963093,qwen15b-npu3,
1782563500.425714,200,117.48295300094469,qwen15b-npu4,
1782563500.435546,200,134.17060900064826,qwen15b-npu6,
1782563500.4468195,200,125.18508799985284,qwen15b-npu7,
1782563500.4471428,200,146.13462400120625,qwen15b-npu7,
1782563500.4502325,200,129.75308000022778,qwen15b-npu5,
1782563500.4508908,200,142.9884299996047,qwen15b-npu3,
1782563500.4524457,200,116.47880900090968,qwen15b-npu4,
1782563500.4627695,200,127.53411999983655,qwen15b-npu6,
1782563500.4730427,200,124.31711399949563,qwen15b-npu7,
1782563500.4750786,200,127.08936800117954,qwen15b-npu5,
1782563500.4785674,200,123.66043099973467,qwen15b-npu4,
1782563500.4795394,200,132.458501999281,qwen15b-npu3,
1782563500.4902818,200,135.6405469996389,qwen15b-npu6,
1782563500.500842,200,134.15592000092147,qwen15b-npu5,
1782563500.5011525,200,133.71141700008593,qwen15b-npu7,
1782563500.5048592,200,131.46423699981824,qwen15b-npu4,
1782563500.5084906,200,146.22898400011763,qwen15b-npu3,
1782563500.5092087,200,127.4422090009466,qwen15b-npu3,
1782563500.5173001,200,123.81691199880152,qwen15b-npu6,
1782563500.5179408,200,145.09979899958125,qwen15b-npu6,
1782563500.5259957,200,134.15688999884878,qwen15b-npu5,
1782563500.5262876,200,125.8256410001195,qwen15b-npu5,
1782563500.5288026,200,127.77253099920927,qwen15b-npu7,
1782563500.5291822,200,136.9489419994352,qwen15b-npu7,
1782563500.5309966,200,132.02678999914497,qwen15b-npu4,
1782563500.531922,200,121.53344199941785,qwen15b-npu4,
1782563500.537045,200,138.4709189987916,qwen15b-npu3,
1782563500.5449615,200,120.36893699951179,qwen15b-npu6,
1782563500.54534,200,135.32937499985565,qwen15b-npu6,
1782563500.550352,200,127.57357000009506,qwen15b-npu5,
1782563500.5559983,200,132.33702100114897,qwen15b-npu7,
1782563500.5565002,200,130.70976400013024,qwen15b-npu4,
1782563500.5672698,200,148.7976759999583,qwen15b-npu3,
1782563500.5680494,200,132.41202199969848,qwen15b-npu3,
1782563500.5707948,200,120.50498699863965,qwen15b-npu6,
1782563500.5767832,200,113.93824799961294,qwen15b-npu5,
1782563500.5771816,200,130.2735119988938,qwen15b-npu5,
1782563500.581003,200,130.02725099977397,qwen15b-npu4,
1782563500.5832512,200,136.02573800017126,qwen15b-npu7,
1782563500.5954752,200,142.93172999896342,qwen15b-npu3,
1782563500.5988493,200,123.67601199912315,qwen15b-npu6,
1782563500.6011317,200,110.7543230009469,qwen15b-npu5,
1782563500.607324,200,128.67561399980332,qwen15b-npu4,
1782563500.6104202,200,137.30677400053537,qwen15b-npu7,
1782563500.6244304,200,144.79911800117407,qwen15b-npu3,
1782563500.6252198,200,124.2877149998094,qwen15b-npu6,
1782563500.627408,200,118.10224699911487,qwen15b-npu5,
1782563500.6323788,200,127.41643899971677,qwen15b-npu4,
1782563500.6390686,200,121.6963829992892,qwen15b-npu7,
1782563500.6395192,200,138.29537899982824,qwen15b-npu7,
1782563500.6527476,200,123.8392630002636,qwen15b-npu5,
1782563500.6544738,200,128.39887399968575,qwen15b-npu3,
1782563500.6548223,200,123.75096199866675,qwen15b-npu6,
1782563500.6553152,200,137.2867430000042,qwen15b-npu6,
1782563500.6561782,200,147.61605000057898,qwen15b-npu3,
1782563500.6578739,200,131.4773369995237,qwen15b-npu4,
1782563500.6581447,200,126.13761300053739,qwen15b-npu4,
1782563500.6657777,200,120.7036079995305,qwen15b-npu7,
1782563500.6661122,200,136.86565199895995,qwen15b-npu7,
1782563500.6783803,200,132.9237239988288,qwen15b-npu5,
1782563500.6787393,200,111.39110600015556,qwen15b-npu5,
1782563500.680096,200,129.6796690003248,qwen15b-npu6,
1782563500.6826618,200,126.08689300031983,qwen15b-npu4,
1782563500.6838117,200,127.6314899987483,qwen15b-npu3,
1782563500.6841214,200,147.02103799936594,qwen15b-npu3,
1782563500.6921291,200,123.9801339997939,qwen15b-npu7,
1782563500.702986,200,121.92117399899871,qwen15b-npu5,
1782563500.7069786,200,136.10290799988434,qwen15b-npu6,
1782563500.7091713,200,132.27667099999962,qwen15b-npu4,
1782563500.7109861,200,133.71735700093268,qwen15b-npu3,
1782563500.7198565,200,136.50962999963667,qwen15b-npu7,
1782563500.7282553,200,120.8723790005024,qwen15b-npu5,
1782563500.733567,200,138.0203970002185,qwen15b-npu6,
1782563500.735039,200,136.0893990004115,qwen15b-npu4,
1782563500.73975,200,138.5407790003228,qwen15b-npu3,
1782563500.7469742,200,136.4965899992967,qwen15b-npu7,
1782563500.7543526,200,121.89401300020108,qwen15b-npu5,
1782563500.761039,200,135.73366699893086,qwen15b-npu4,
1782563500.761396,200,121.75784299870429,qwen15b-npu6,
1782563500.7624779,200,137.95994599968253,qwen15b-npu6,
1782563500.7689188,200,141.40044300074806,qwen15b-npu3,
1782563500.7742753,200,135.09614400027203,qwen15b-npu7,
1782563500.780403,200,114.5235509993654,qwen15b-npu5,
1782563500.7808266,200,126.25079399913375,qwen15b-npu5,
1782563500.7888472,200,132.56059199920855,qwen15b-npu6,
1782563500.7891958,200,130.98651499967673,qwen15b-npu4,
1782563500.7895496,200,136.6818209990015,qwen15b-npu4,
1782563500.798915,200,140.95893100056855,qwen15b-npu3,
1782563500.7992787,200,143.87178300057712,qwen15b-npu3,
1782563500.801727,200,135.5445659992256,qwen15b-npu7,
1782563500.802069,200,147.13894800115668,qwen15b-npu7,
1782563500.8038874,200,121.11017999995966,qwen15b-npu5,
1782563500.8141677,200,135.33823499892605,qwen15b-npu6,
1782563500.8145792,200,130.3637319997506,qwen15b-npu6,
1782563500.816111,200,123.884922999423,qwen15b-npu4,
1782563500.8167903,200,138.30295800107706,qwen15b-npu4,
1782563500.825957,200,145.77719299995806,qwen15b-npu3,
1782563500.8289173,200,121.88158400022076,qwen15b-npu5,
1782563500.8296585,200,120.38750600004278,qwen15b-npu7,
1782563500.8301287,200,146.22959499865829,qwen15b-npu7,
1782563500.8400836,200,129.00051600081497,qwen15b-npu6,
1782563500.8434534,200,123.50446100026602,qwen15b-npu4,
1782563500.8537092,200,120.04792599873326,qwen15b-npu5,
1782563500.855445,200,152.36690300116607,qwen15b-npu3,
1782563500.8559544,200,127.62708999980532,qwen15b-npu3,
1782563500.8571093,200,121.96089400094934,qwen15b-npu7,
1782563500.8668594,200,127.01974799892923,qwen15b-npu6,
1782563500.869217,200,122.1818850008276,qwen15b-npu4,
1782563500.8785436,200,117.40147400087153,qwen15b-npu5,
1782563500.8828652,200,128.40449300165346,qwen15b-npu3,
1782563500.8837974,200,122.29950499931874,qwen15b-npu7,
1782563500.8936841,200,131.07504500112555,qwen15b-npu6,
1782563500.8961499,200,127.1270880006341,qwen15b-npu4,
1782563500.904061,200,123.11705000138318,qwen15b-npu5,
1782563500.9108615,200,136.47931000014069,qwen15b-npu3,
1782563500.9116616,200,131.132296000942,qwen15b-npu7,
1782563500.920502,200,118.34485700092046,qwen15b-npu6,
1782563500.921249,200,131.59594799981278,qwen15b-npu6,
1782563500.9241621,200,122.33381600162829,qwen15b-npu4,
1782563500.9245493,200,135.29210500018962,qwen15b-npu4,
1782563500.9304476,200,131.07088499964448,qwen15b-npu5,
1782563500.9308386,200,116.51791900112585,qwen15b-npu5,
1782563500.9391463,200,150.19457199923636,qwen15b-npu3,
1782563500.940146,200,136.15518799997517,qwen15b-npu3,
1782563500.9408972,200,141.87952500105894,qwen15b-npu7,
1782563500.9413812,200,126.73510599961446,qwen15b-npu7,
1782563500.9468982,200,116.6952500007028,qwen15b-npu6,
1782563500.947446,200,131.2239069993666,qwen15b-npu6,
1782563500.9507408,200,133.88398899951426,qwen15b-npu4,
1782563500.9542165,200,125.19239799985371,qwen15b-npu5,
1782563500.968304,200,142.25286600049003,qwen15b-npu3,
1782563500.9686625,200,125.11156799882883,qwen15b-npu3,
1782563500.969302,200,139.54202400054783,qwen15b-npu7,
1782563500.9733212,200,117.24520200004918,qwen15b-npu6,
1782563500.9777436,200,120.55410700122593,qwen15b-npu4,
1782563500.978614,200,138.4534890003124,qwen15b-npu4,
1782563500.9801462,200,126.35928399868135,qwen15b-npu5,
1782563500.9808295,200,111.55197700099961,qwen15b-npu5,
1782563500.9923446,200,136.81342199924984,qwen15b-npu7,
1782563500.9950778,200,128.12595200011856,qwen15b-npu3,
1782563500.9996324,200,116.66689000048791,qwen15b-npu6,
1782563501.0041552,200,120.28709599871945,qwen15b-npu4,
1782563501.0202608,200,141.6369329999725,qwen15b-npu7,
1782563501.023561,200,129.77910900008283,qwen15b-npu3,
1782563501.0263283,200,115.39134399936302,qwen15b-npu6,
1782563501.0291016,200,117.33288299910782,qwen15b-npu4,
1782563501.030896,200,134.64835200102243,qwen15b-npu5,
1782563501.0492022,200,124.96187800024927,qwen15b-npu7,
1782563501.0495872,200,145.40587100054836,qwen15b-npu7,
1782563501.0518055,200,131.22637599917653,qwen15b-npu3,
1782563501.0528944,200,128.26185299854842,qwen15b-npu6,
1782563501.056659,200,117.43188399850624,qwen15b-npu5,
1782563501.057324,200,135.9838080006739,qwen15b-npu5,
1782563501.0615113,200,130.96241499988537,qwen15b-npu4,
1782563501.077745,200,137.5040250004531,qwen15b-npu7,
1782563501.078133,200,127.31807800082606,qwen15b-npu7,
1782563501.0821674,200,134.64254199971037,qwen15b-npu5,
1782563501.0827131,200,113.33578499943542,qwen15b-npu5,
1782563501.0833344,200,152.37043200068,qwen15b-npu3,
1782563501.0836124,200,136.6315699997358,qwen15b-npu3,
1782563501.084579,200,143.5933529992326,qwen15b-npu4,
1782563501.0914004,200,149.91978200123413,qwen15b-npu6,
1782563501.0922043,200,137.91320600103063,qwen15b-npu6,
1782563501.1053894,200,131.98276900038763,qwen15b-npu7,
1782563501.1069412,200,129.09800600027665,qwen15b-npu6,
1782563501.107873,200,126.96968599993852,qwen15b-npu5,
1782563501.1087651,200,140.35846699880494,qwen15b-npu4,
1782563501.1094959,200,130.80128399997193,qwen15b-npu4,
1782563501.1145525,200,134.30802000038966,qwen15b-npu3,
1782563501.1149335,200,146.14758400057326,qwen15b-npu3,
1782563501.1303153,200,137.9183959998045,qwen15b-npu7,
1782563501.1336997,200,138.56020999992325,qwen15b-npu6,
1782563501.1352975,200,135.56473600147,qwen15b-npu4,
1782563501.1408834,200,136.65077000041492,qwen15b-npu3,
1782563501.1573048,200,133.63698700050008,qwen15b-npu7,
1782563501.158679,200,138.3267179990071,qwen15b-npu5,
1782563501.1590707,200,129.90508999973827,qwen15b-npu4,
1782563501.1619623,200,135.53161599884334,qwen15b-npu6,
1782563501.1680956,200,137.08843299900764,qwen15b-npu3,
1782563501.1839805,200,134.66641200102458,qwen15b-npu5,
1782563501.1843321,200,126.91700700088404,qwen15b-npu5,
1782563501.185868,200,136.15818899961596,qwen15b-npu7,
1782563501.1863146,200,124.69841700112738,qwen15b-npu7,
1782563501.1867092,200,133.76091799909773,qwen15b-npu4,
1782563501.1883593,200,136.45981999979995,qwen15b-npu6,
1782563501.1962008,200,139.48878400151443,qwen15b-npu3,
1782563501.2092721,200,116.97391100096866,qwen15b-npu5,
1782563501.2106097,200,127.20491799882438,qwen15b-npu5,
1782563501.2109742,200,132.76707300065027,qwen15b-npu4,
1782563501.2119408,200,127.26649800060841,qwen15b-npu4,
1782563501.212288,200,129.5038789994578,qwen15b-npu7,
1782563501.217575,200,139.71897500050545,qwen15b-npu6,
1782563501.2178633,200,134.18149900098797,qwen15b-npu6,
1782563501.2257135,200,134.22274000004109,qwen15b-npu3,
1782563501.2260518,200,143.8092330008658,qwen15b-npu3,
1782563501.2353516,200,125.76863199865329,qwen15b-npu5,
1782563501.2359788,200,128.01089099957608,qwen15b-npu4,
1782563501.2490907,200,134.08697900013067,qwen15b-npu7,
1782563501.2493582,200,143.88325300024007,qwen15b-npu7,
1782563501.2538412,200,139.17832300103328,qwen15b-npu6,
1782563501.2542126,200,147.1783779998077,qwen15b-npu6,
1782563501.260499,200,126.72657599978265,qwen15b-npu5,
1782563501.261171,200,130.77451400022255,qwen15b-npu4,
1782563501.2649446,200,156.08633900046698,qwen15b-npu3,
1782563501.2769995,200,136.01863800067804,qwen15b-npu7,
1782563501.285861,200,127.08564700005809,qwen15b-npu4,
1782563501.2869575,200,124.92890799876477,qwen15b-npu5,
1782563501.2952929,200,136.1143779995473,qwen15b-npu3,
1782563501.2956123,200,160.22361799878126,qwen15b-npu3,
1782563501.3032248,200,135.0245840003481,qwen15b-npu7,
1782563501.307452,200,150.03442099987296,qwen15b-npu6,
1782563501.313161,200,129.0809160000208,qwen15b-npu4,
1782563501.313543,200,127.54319999839936,qwen15b-npu5,
1782563501.3142097,200,117.94663600085187,qwen15b-npu4,
1782563501.3245928,200,137.7765659999568,qwen15b-npu3,
1782563501.3314342,200,145.0041490006697,qwen15b-npu7,
1782563501.3354185,200,151.01952599979995,qwen15b-npu6,
1782563501.335703,200,147.27632900030585,qwen15b-npu6,
1782563501.3388863,200,126.53600500016182,qwen15b-npu4,
1782563501.3391137,200,121.17702099931194,qwen15b-npu5,
1782563501.339626,200,128.5868639988621,qwen15b-npu5,
1782563501.354913,200,145.5756619998283,qwen15b-npu3,
1782563501.3593464,200,133.538177000446,qwen15b-npu7,
1782563501.3597252,200,149.00111700080743,qwen15b-npu7,
1782563501.3624144,200,150.38839300177642,qwen15b-npu6,
1782563501.3630836,200,136.94845200006966,qwen15b-npu6,
1782563501.3640363,200,128.605444000641,qwen15b-npu4,
1782563501.3646553,200,115.49100499905762,qwen15b-npu5,
1782563501.3851068,200,167.46298099860724,qwen15b-npu3,
1782563501.3854046,200,149.36583799863,qwen15b-npu3,
1782563501.3872504,200,122.25038600081461,qwen15b-npu7,
1782563501.387622,200,138.18070699926466,qwen15b-npu7,
1782563501.388743,200,134.4609199986735,qwen15b-npu4,
1782563501.3899105,200,128.66156500058423,qwen15b-npu5,
1782563501.3904066,200,136.4333399997122,qwen15b-npu6,
1782563501.4130096,200,152.43533300053969,qwen15b-npu3,
1782563501.413927,200,118.25260699879436,qwen15b-npu5,
1782563501.41655,200,139.47520399960922,qwen15b-npu6,
1782563501.4169,200,130.9839750010724,qwen15b-npu4,
1782563501.4402034,200,144.8383080005442,qwen15b-npu7,
1782563501.44049,200,126.80454699875554,qwen15b-npu5,
1782563501.441193,200,126.884097000584,qwen15b-npu7,
1782563501.4419854,200,134.47566099966934,qwen15b-npu4,
1782563501.443399,200,130.13434099957522,qwen15b-npu3,
1782563501.4445038,200,119.85304500012717,qwen15b-npu6,
1782563501.4448338,200,141.55185299932782,qwen15b-npu6,
1782563501.4451044,200,158.0570379992423,qwen15b-npu3,
1782563501.4643047,200,128.54072399932193,qwen15b-npu5,
1782563501.4669917,200,127.80759100132855,qwen15b-npu7,
1782563501.4693384,200,137.827857000957,qwen15b-npu4,
1782563501.4701385,200,130.45176199921116,qwen15b-npu4,
1782563501.4706137,200,131.66473800083622,qwen15b-npu6,
1782563501.4721227,200,136.632630999884,qwen15b-npu3,
1782563501.489795,200,125.06417899930966,qwen15b-npu5,
1782563501.4903028,200,130.85422500080313,qwen15b-npu5,
1782563501.4938416,200,134.03025900151988,qwen15b-npu7,
1782563501.4962885,200,133.7767579989304,qwen15b-npu6,
1782563501.4983292,200,135.17449400023906,qwen15b-npu4,
1782563501.502913,200,138.8068000014755,qwen15b-npu3,
1782563501.5035236,200,148.53770499939856,qwen15b-npu3,
1782563501.5143268,200,124.3011149999802,qwen15b-npu5,
1782563501.5218077,200,136.32936899921333,qwen15b-npu7,
1782563501.5221279,200,133.2880350000778,qwen15b-npu7,
1782563501.5229728,200,135.64062600016769,qwen15b-npu4,
1782563501.5245502,200,134.02613799917162,qwen15b-npu6,
1782563501.5249362,200,139.74433499970473,qwen15b-npu6,
1782563501.5309002,200,143.16687999962596,qwen15b-npu3,
1782563501.539594,200,122.9722389998642,qwen15b-npu5,
1782563501.547796,200,130.82583399955183,qwen15b-npu7,
1782563501.5483704,200,135.24347499878786,qwen15b-npu4,
1782563501.5602233,200,146.22213400070905,qwen15b-npu3,
1782563501.564101,200,122.04128400117042,qwen15b-npu5,
1782563501.5745213,200,131.01442500010307,qwen15b-npu7,
1782563501.5757568,200,135.197314000834,qwen15b-npu4,
1782563501.5760927,200,131.48824800009606,qwen15b-npu4,
1782563501.5794911,200,134.5893010002328,qwen15b-npu6,
1782563501.5804515,200,140.16228599939495,qwen15b-npu6,
1782563501.591829,200,150.5604839985608,qwen15b-npu3,
1782563501.5924895,200,147.26352899924677,qwen15b-npu3,
1782563501.5929368,200,120.72766799974488,qwen15b-npu5,
1782563501.593739,200,129.32338800055732,qwen15b-npu5,
1782563501.6030211,200,135.95327799885126,qwen15b-npu7,
1782563501.6048212,200,134.6103010000661,qwen15b-npu4,
1782563501.6058035,200,136.394270000892,qwen15b-npu6,
1782563501.6167738,200,118.34696700134373,qwen15b-npu5,
1782563501.621269,200,150.58816400051,qwen15b-npu3,
1782563501.6306899,200,140.81845000146131,qwen15b-npu7,
1782563501.63128,200,128.29811300071015,qwen15b-npu7,
1782563501.6331758,200,139.26185299897043,qwen15b-npu4,
1782563501.6339476,200,130.35720200059586,qwen15b-npu6,
1782563501.6347837,200,144.4252660003258,qwen15b-npu6,
1782563501.6409783,200,119.08445100016252,qwen15b-npu5,
1782563501.6534371,200,157.08833399912692,qwen15b-npu3,
1782563501.6596658,200,136.59634000032383,qwen15b-npu7,
1782563501.6608226,200,135.76903600005608,qwen15b-npu4,
1782563501.6612103,200,146.80555700033437,qwen15b-npu4,
1782563501.662431,200,137.78142600131105,qwen15b-npu6,
1782563501.6664693,200,126.77692600118462,qwen15b-npu5,
1782563501.6847312,200,153.75193799991393,qwen15b-npu3,
1782563501.6850219,200,162.76980900147464,qwen15b-npu3,
1782563501.685836,200,137.9686069994932,qwen15b-npu7,
1782563501.6868365,200,126.5442650001205,qwen15b-npu4,
1782563501.6881533,200,139.7159449988976,qwen15b-npu6,
1782563501.692535,200,117.91539600017131,qwen15b-npu5,
1782563501.712983,200,148.80942600029812,qwen15b-npu3,
1782563501.7146006,200,120.79208899922378,qwen15b-npu4,
1782563501.7149403,200,134.42192999900726,qwen15b-npu4,
1782563501.715748,200,139.58206399911433,qwen15b-npu7,
1782563501.7169666,200,123.9160829991306,qwen15b-npu7,
1782563501.7172995,200,125.37227000029816,qwen15b-npu6,
1782563501.7177756,200,141.91786499941372,qwen15b-npu6,
1782563501.7192225,200,114.30588000075659,qwen15b-npu5,
1782563501.7195406,200,126.9337359990459,qwen15b-npu5,
1782563501.7404397,200,119.1005810014758,qwen15b-npu4,
1782563501.7408154,200,134.94775299841422,qwen15b-npu7,
1782563501.7427645,200,125.91683200116677,qwen15b-npu6,
1782563501.743401,200,140.2915180005948,qwen15b-npu3,
1782563501.744325,200,164.76531899934344,qwen15b-npu3,
1782563501.7449195,200,113.57664599927375,qwen15b-npu5,
1782563501.7674372,200,132.57287200030987,qwen15b-npu4,
1782563501.7677562,200,134.4402300001093,qwen15b-npu7,
1782563501.7709858,200,117.44546399859246,qwen15b-npu5,
1782563501.7724314,200,138.41323899941926,qwen15b-npu6,
1782563501.776607,200,135.55076500051655,qwen15b-npu3,
1782563501.7769268,200,146.1686139991798,qwen15b-npu3,
1782563501.793731,200,132.4523910006974,qwen15b-npu4,
1782563501.7945392,200,134.80782199985697,qwen15b-npu7,
1782563501.7958632,200,129.29663700015226,qwen15b-npu5,
1782563501.7983706,200,137.4282039996615,qwen15b-npu6,
1782563501.8038013,200,141.2475920005818,qwen15b-npu3,
1782563501.8198159,200,133.90472900027817,qwen15b-npu4,
1782563501.821404,200,133.17966500108014,qwen15b-npu5,
1782563501.8239658,200,131.31936699937796,qwen15b-npu7,
1782563501.8242245,200,139.40445399930468,qwen15b-npu7,
1782563501.8255367,200,140.3992380001,qwen15b-npu6,
1782563501.831939,200,145.00399900134653,qwen15b-npu3,
1782563501.8467104,200,129.6562690004066,qwen15b-npu4,
1782563501.847449,200,134.3377800003509,qwen15b-npu4,
1782563501.8479254,200,128.31425199874502,qwen15b-npu5,
1782563501.8486824,200,132.829654001398,qwen15b-npu5,
1782563501.8521836,200,134.8153029994137,qwen15b-npu7,
1782563501.8539913,200,136.14929799950914,qwen15b-npu6,
1782563501.8546379,200,139.59667400013132,qwen15b-npu6,
1782563501.860524,200,141.20818199990026,qwen15b-npu3,
1782563501.8607914,200,146.09612399908656,qwen15b-npu3,
1782563501.8728356,200,128.44219399994472,qwen15b-npu5,
1782563501.873165,200,132.6485120007419,qwen15b-npu4,
1782563501.8782587,200,137.37071399918932,qwen15b-npu7,
1782563501.878635,200,133.65094700020563,qwen15b-npu7,
1782563501.8806953,200,137.86468600119406,qwen15b-npu6,
1782563501.8885598,200,145.08621899949503,qwen15b-npu3,
1782563501.8983877,200,130.847475000337,qwen15b-npu4,
1782563501.8987088,200,121.71771300018008,qwen15b-npu4,
1782563501.8993602,200,126.86107599984098,qwen15b-npu5,
1782563501.904545,200,127.85730100040382,qwen15b-npu7,
1782563501.9081626,200,140.30619699951785,qwen15b-npu6,
1782563501.9167516,200,145.6868619989109,qwen15b-npu3,
1782563501.923378,200,127.45518900010211,qwen15b-npu5,
1782563501.9235673,200,119.65101299938397,qwen15b-npu4,
1782563501.9307249,200,132.2868909992394,qwen15b-npu7,
1782563501.9353662,200,141.56215300135955,qwen15b-npu6,
1782563501.9458466,200,151.24539699900197,qwen15b-npu3,
1782563501.9461038,200,124.6241970002302,qwen15b-npu3,
1782563501.9481635,200,122.5704369990126,qwen15b-npu4,
1782563501.9484668,200,124.4417349989817,qwen15b-npu5,
1782563501.957939,200,133.65308699940215,qwen15b-npu7,
1782563501.9643846,200,132.3511119990144,qwen15b-npu6,
1782563501.9648097,200,144.9053480009752,qwen15b-npu6,
1782563501.9732513,200,125.67990100069437,qwen15b-npu3,
1782563501.9743629,200,113.50389600011113,qwen15b-npu4,
1782563501.9746175,200,125.87575200086576,qwen15b-npu4,
1782563501.9823027,200,127.60137999975996,qwen15b-npu5,
1782563501.982789,200,135.9748180002498,qwen15b-npu5,
1782563501.9854994,200,124.91505700018024,qwen15b-npu7,
1782563501.986468,200,138.4412589995918,qwen15b-npu7,
1782563501.9908397,200,138.57098999869777,qwen15b-npu6,
1782563501.998805,200,120.46877700049663,qwen15b-npu5,
1782563501.9994783,200,118.71838899969589,qwen15b-npu4,
1782563502.0062006,200,152.13182200022857,qwen15b-npu3,
1782563502.007234,200,133.99607900100818,qwen15b-npu3,
1782563502.014238,200,135.53162599964708,qwen15b-npu7,
1782563502.0213966,200,148.46220499930496,qwen15b-npu6,
1782563502.0221515,200,133.52280700019037,qwen15b-npu6,
1782563502.0260997,200,121.46034199940914,qwen15b-npu4,
1782563502.0265331,200,127.76762100111227,qwen15b-npu5,
1782563502.0355928,200,137.10358300158987,qwen15b-npu3,
1782563502.0410197,200,141.60138399893185,qwen15b-npu7,
1782563502.048946,200,140.71141999920656,qwen15b-npu6,
1782563502.0500886,200,126.46310499985702,qwen15b-npu5,
1782563502.0522447,200,121.45973200131266,qwen15b-npu4,
1782563502.066442,200,149.6384299989586,qwen15b-npu3,
1782563502.070175,200,121.94986400027119,qwen15b-npu7,
1782563502.0706077,200,147.17356800065318,qwen15b-npu7,
1782563502.0757582,200,129.584618998706,qwen15b-npu5,
1782563502.0770013,200,141.58028299971193,qwen15b-npu6,
1782563502.0813417,200,132.81496300078288,qwen15b-npu4,
1782563502.096984,200,123.65268199937418,qwen15b-npu7,
1782563502.0984817,200,152.5819029993727,qwen15b-npu3,
1782563502.1039011,200,138.98297100058699,qwen15b-npu5,
1782563502.1043563,200,121.5026920017408,qwen15b-npu5,
1782563502.1069772,200,132.5304319998395,qwen15b-npu4,
1782563502.1073694,200,120.80537899964838,qwen15b-npu4,
1782563502.1077194,200,149.69680000103835,qwen15b-npu6,
1782563502.10936,200,134.66069199967023,qwen15b-npu6,
1782563502.1253328,200,139.74548499936645,qwen15b-npu7,
1782563502.1287818,200,129.2359769995528,qwen15b-npu5,
1782563502.1310139,200,166.51448700031324,qwen15b-npu3,
1782563502.1315308,200,149.1618380005093,qwen15b-npu3,
1782563502.134629,200,143.68850299979385,qwen15b-npu6,
1782563502.1409428,200,133.59327699981804,qwen15b-npu4,
1782563502.1541333,200,147.82794200073113,qwen15b-npu7,
1782563502.1544645,200,128.23806300002616,qwen15b-npu7,
1782563502.1576002,200,135.37353499850724,qwen15b-npu5,
1782563502.1590466,200,132.43226200029312,qwen15b-npu4,
1782563502.162781,200,141.27594199999294,qwen15b-npu3,
1782563502.1631062,200,164.22395600056916,qwen15b-npu3,
1782563502.1730182,200,158.6380700009613,qwen15b-npu6,
1782563502.1733377,200,137.63308499983395,qwen15b-npu6,
1782563502.1809902,200,131.96088000040618,qwen15b-npu5,
1782563502.1846087,200,132.29234100072063,qwen15b-npu4,
1782563502.1861,200,135.9477780006273,qwen15b-npu7,
1782563502.1913707,200,124.84574699919904,qwen15b-npu6,
1782563502.1944273,200,153.33450700018147,qwen15b-npu3,
1782563502.2076497,200,136.94538199888484,qwen15b-npu5,
1782563502.208027,200,132.18228000005183,qwen15b-npu7,
1782563502.2118583,200,134.78861300063727,qwen15b-npu4,
1782563502.2189808,200,137.56271500096773,qwen15b-npu6,
1782563502.223912,200,153.6087780004891,qwen15b-npu3,
1782563502.232852,200,134.30040999992343,qwen15b-npu5,
1782563502.2332103,200,126.12227300087397,qwen15b-npu5,
1782563502.235199,200,131.17957599934016,qwen15b-npu7,
1782563502.2356203,200,126.16358300147112,qwen15b-npu7,
1782563502.2379634,200,133.01750400023593,qwen15b-npu4,
1782563502.2474363,200,139.9576950007031,qwen15b-npu6,
1782563502.2556667,200,158.56768100093177,qwen15b-npu3,
1782563502.2590728,200,127.43462899925362,qwen15b-npu5,
1782563502.2629821,200,128.26497300011397,qwen15b-npu7,
1782563502.2647252,200,139.14658199973928,qwen15b-npu4,
1782563502.265723,200,124.70305699935125,qwen15b-npu4,
1782563502.2768886,200,147.99931200104766,qwen15b-npu6,
1782563502.2845185,200,126.81889599843998,qwen15b-npu5,
1782563502.2874951,200,156.40193000035651,qwen15b-npu3,
1782563502.2878098,200,180.02852800054825,qwen15b-npu3,
1782563502.2911198,200,131.99053000062122,qwen15b-npu7,
1782563502.2919264,200,128.7426150011015,qwen15b-npu4,
1782563502.3047495,200,150.20103300048504,qwen15b-npu6,
1782563502.305598,200,142.71772899883217,qwen15b-npu6,
1782563502.3113246,200,138.21446799920523,qwen15b-npu5,
1782563502.3116286,200,117.13249199965503,qwen15b-npu5,
1782563502.3173869,200,132.68023300042842,qwen15b-npu4,
1782563502.3192143,200,164.98124999998254,qwen15b-npu3,
1782563502.319856,200,146.41473500159918,qwen15b-npu3,
1782563502.3207188,200,139.5462939999561,qwen15b-npu7,
1782563502.3325422,200,146.36825500019768,qwen15b-npu6,
1782563502.34316,200,134.99218300057692,qwen15b-npu4,
1782563502.3463874,200,138.64427000044088,qwen15b-npu7,
1782563502.3494127,200,157.96316799969645,qwen15b-npu3,
1782563502.3610113,200,149.08038700014004,qwen15b-npu6,
1782563502.3622158,200,126.90736699914851,qwen15b-npu6,
1782563502.366321,200,142.3533570014115,qwen15b-npu5,
1782563502.3665872,200,128.5478339996189,qwen15b-npu5,
1782563502.3697953,200,136.83105100062676,qwen15b-npu4,
1782563502.3765519,200,129.03230600022653,qwen15b-npu7,
1782563502.3770344,200,143.75031300005503,qwen15b-npu7,
1782563502.3821495,200,146.39702500062413,qwen15b-npu3,
1782563502.382712,200,163.66493399982573,qwen15b-npu3,
1782563502.3895147,200,130.34695199894486,qwen15b-npu6,
1782563502.3904345,200,125.54570999964199,qwen15b-npu5,
1782563502.3967354,200,140.9615409993421,qwen15b-npu4,
1782563502.397373,200,120.35210700014431,qwen15b-npu4,
1782563502.4027317,200,136.89339200027462,qwen15b-npu7,
1782563502.4124699,200,149.38193800117006,qwen15b-npu3,
1782563502.416975,200,129.04185699881054,qwen15b-npu5,
1782563502.4189432,200,134.31642100113095,qwen15b-npu6,
1782563502.4208713,200,128.85508499857679,qwen15b-npu4,
1782563502.4309134,200,139.6978950015182,qwen15b-npu7,
1782563502.4433112,200,122.51194599957671,qwen15b-npu5,
1782563502.4446507,200,133.2395049994375,qwen15b-npu5,
1782563502.4452577,200,139.5594040004653,qwen15b-npu3,
1782563502.4455886,200,158.00831799970183,qwen15b-npu3,
1782563502.447278,200,129.80863899974793,qwen15b-npu4,
1782563502.4485192,200,128.56944399936765,qwen15b-npu6,
1782563502.44885,200,144.02264400087006,qwen15b-npu6,
1782563502.4600446,200,127.4214690001827,qwen15b-npu7,
1782563502.4606097,200,148.87003600051685,qwen15b-npu7,
1782563502.4736767,200,130.39907199890877,qwen15b-npu4,
1782563502.4754024,200,156.09567899991816,qwen15b-npu3,
1782563502.4770913,200,130.62285399973916,qwen15b-npu6,
1782563502.486374,200,124.07708399950934,qwen15b-npu7,
1782563502.497932,200,136.84473099965544,qwen15b-npu5,
1782563502.4982088,200,121.56322300143074,qwen15b-npu5,
1782563502.5015323,200,135.15314400137868,qwen15b-npu4,
1782563502.5019124,200,119.49530300080369,qwen15b-npu4,
1782563502.5052536,200,138.59011000022292,qwen15b-npu6,
1782563502.5086114,200,159.09839300002204,qwen15b-npu3,
1782563502.5153708,200,138.2285480012797,qwen15b-npu7,
1782563502.5258853,200,128.42386299962527,qwen15b-npu4,
1782563502.526238,200,135.72542700057966,qwen15b-npu5,
1782563502.5341816,200,151.36916799929168,qwen15b-npu6,
1782563502.5353138,200,132.32426099966688,qwen15b-npu6,
1782563502.5387957,200,149.1976879988215,qwen15b-npu3,
1782563502.539688,200,169.7891610001534,qwen15b-npu3,
1782563502.5434434,200,146.60271600041597,qwen15b-npu7,
1782563502.5445666,200,125.5343000011635,qwen15b-npu7,
1782563502.5522358,200,131.29800599926966,qwen15b-npu4,
1782563502.5541573,200,141.47248300105275,qwen15b-npu5,
1782563502.5615876,200,130.58777400146937,qwen15b-npu6,
1782563502.5698812,200,124.22626400075387,qwen15b-npu7,
1782563502.5702708,200,153.21147599934193,qwen15b-npu3,
1782563502.580533,200,120.33749600050214,qwen15b-npu4,
1782563502.5815346,200,136.1837780004862,qwen15b-npu4,
1782563502.5851133,200,136.5139610006736,qwen15b-npu5,
1782563502.5855203,200,142.09608499913884,qwen15b-npu5,
1782563502.5900846,200,142.6460680013406,qwen15b-npu6,
1782563502.5972066,200,136.46349899863708,qwen15b-npu7,
1782563502.603521,200,158.7714910001523,qwen15b-npu3,
1782563502.6040683,200,155.1155449997168,qwen15b-npu3,
1782563502.613178,200,137.6977559993975,qwen15b-npu5,
1782563502.619536,200,145.494290998613,qwen15b-npu6,
1782563502.6256778,200,120.33622700073465,qwen15b-npu7,
1782563502.6262848,200,139.8520759994426,qwen15b-npu7,
1782563502.6353457,200,137.35264400020242,qwen15b-npu4,
1782563502.6356254,200,126.9114869992336,qwen15b-npu4,
1782563502.6363657,200,159.04619200046,qwen15b-npu3,
1782563502.6408112,200,139.18245300010312,qwen15b-npu5,
1782563502.6497576,200,134.29792999886558,qwen15b-npu6,
1782563502.6500487,200,151.77244000005885,qwen15b-npu6,
1782563502.6605546,200,125.11593799899856,qwen15b-npu4,
1782563502.6677182,200,165.66950299966265,qwen15b-npu3,
1782563502.6688678,200,142.88507899982505,qwen15b-npu5,
1782563502.6696756,200,129.87068000074942,qwen15b-npu5,
1782563502.6792896,200,140.40397700046015,qwen15b-npu6,
1782563502.6817052,200,137.0673719993647,qwen15b-npu7,
1782563502.6825118,200,148.10377299909305,qwen15b-npu7,
1782563502.6875725,200,135.26160500077822,qwen15b-npu4,
1782563502.6976092,200,171.29907900016406,qwen15b-npu3,
1782563502.6981292,200,154.61557200069365,qwen15b-npu3,
1782563502.699031,200,137.36031400003412,qwen15b-npu5,
1782563502.7089694,200,127.33416800074338,qwen15b-npu6,
1782563502.709249,200,138.88618999953906,qwen15b-npu7,
1782563502.7100983,200,155.8366079989355,qwen15b-npu6,
1782563502.7140014,200,132.8817240009812,qwen15b-npu4,
1782563502.7246974,200,139.47512399863626,qwen15b-npu5,
1782563502.7302964,200,144.70152700050676,qwen15b-npu3,
1782563502.730643,200,160.65659999912896,qwen15b-npu3,
1782563502.7350366,200,131.38672700006282,qwen15b-npu6,
1782563502.7365654,200,146.4071359987429,qwen15b-npu7,
1782563502.7408018,200,143.5117420005554,qwen15b-npu4,
1782563502.7523804,200,147.9367119991366,qwen15b-npu5,
1782563502.7590046,200,145.7413230000384,qwen15b-npu3,
1782563502.763354,200,137.00872200024605,qwen15b-npu6,
1782563502.7648299,200,128.38518299940915,qwen15b-npu7,
1782563502.7650428,200,145.43187100025534,qwen15b-npu7,
1782563502.7691402,200,143.39826199829986,qwen15b-npu4,
1782563502.769424,200,128.5124240002915,qwen15b-npu4,
1782563502.7815013,200,146.0711239997181,qwen15b-npu5,
1782563502.7829099,200,133.06185399960668,qwen15b-npu5,
1782563502.792039,200,124.23165499967581,qwen15b-npu7,
1782563502.7937982,200,158.03686800063588,qwen15b-npu3,
1782563502.7941656,200,144.04342399939196,qwen15b-npu6,
1782563502.7986608,200,129.69384999996691,qwen15b-npu4,
1782563502.8181427,200,138.71567000023788,qwen15b-npu5,
1782563502.8201284,200,137.50877499842318,qwen15b-npu7,
1782563502.8214462,200,151.5222679990984,qwen15b-npu6,
1782563502.8231025,200,141.29271199999494,qwen15b-npu3,
1782563502.8233778,200,162.6948490011273,qwen15b-npu3,
1782563502.824869,200,137.15699299973494,qwen15b-npu4,
1782563502.8426642,200,144.45150699975784,qwen15b-npu5,
1782563502.8430107,200,128.86387500111596,qwen15b-npu5,
1782563502.8488653,200,151.01390600102604,qwen15b-npu6,
1782563502.8497818,200,139.5758439994097,qwen15b-npu6,
1782563502.8500502,200,140.74698900003568,qwen15b-npu7,
1782563502.8520117,200,142.96130900038406,qwen15b-npu4,
1782563502.8522654,200,121.54971199925058,qwen15b-npu4,
1782563502.853193,200,154.07948000029137,qwen15b-npu3,
1782563502.8706987,200,134.0115490002063,qwen15b-npu5,
1782563502.8777323,200,147.332249000101,qwen15b-npu7,
1782563502.8780737,200,142.91283900092822,qwen15b-npu6,
1782563502.8785992,200,126.13289300134056,qwen15b-npu4,
1782563502.8866436,200,161.86846500022511,qwen15b-npu3,
1782563502.886969,200,146.0889740010316,qwen15b-npu3,
1782563502.8994343,200,134.30995999988227,qwen15b-npu5,
1782563502.9033022,200,134.08644900118816,qwen15b-npu4,
1782563502.90524,200,123.53453100149636,qwen15b-npu6,
1782563502.9055917,200,142.1824650005874,qwen15b-npu6,
1782563502.9062185,200,147.15597800022806,qwen15b-npu7,
1782563502.9069316,200,137.36945500022557,qwen15b-npu7,
1782563502.9172182,200,152.33286200054863,qwen15b-npu3,
1782563502.9300196,200,136.11613799912448,qwen15b-npu4,
1782563502.9304452,200,147.41230900108349,qwen15b-npu5,
1782563502.9328275,200,138.55412900011288,qwen15b-npu7,
1782563502.9331927,200,134.43267100046796,qwen15b-npu6,
1782563502.949099,200,156.7424420009047,qwen15b-npu3,
1782563502.9564588,200,134.88411300022563,qwen15b-npu4,
1782563502.9586356,200,140.39595699978236,qwen15b-npu5,
1782563502.959031,200,134.09520899949712,qwen15b-npu5,
1782563502.9608457,200,137.38549400113698,qwen15b-npu6,
1782563502.9611828,200,138.00653699945542,qwen15b-npu7,
1782563502.9806347,200,160.09169700009807,qwen15b-npu3,
1782563502.9828343,200,130.7355640001333,qwen15b-npu4,
1782563502.9830573,200,139.94604500112473,qwen15b-npu4,
1782563502.9858174,200,135.70408699888503,qwen15b-npu5,
1782563502.9889846,200,140.06066599904443,qwen15b-npu7,
1782563502.9892695,200,136.00109800063365,qwen15b-npu7,
1782563502.9906168,200,140.73927000026742,qwen15b-npu6,
1782563503.008674,200,129.98418100141862,qwen15b-npu4,
1782563503.0134544,200,161.13006200066593,qwen15b-npu3,
1782563503.013775,200,171.01878699941153,qwen15b-npu3,
1782563503.014772,200,136.56681999964349,qwen15b-npu5,
1782563503.0172827,200,146.4579750008852,qwen15b-npu6,
1782563503.0176358,200,130.52332199913508,qwen15b-npu6,
1782563503.0179677,200,131.25338600002578,qwen15b-npu7,
1782563503.0343971,200,128.7082549988554,qwen15b-npu4,
1782563503.0440545,200,138.73358000091685,qwen15b-npu7,
1782563503.0447333,200,137.62427599976945,qwen15b-npu5,
1782563503.045084,200,138.78709999880812,qwen15b-npu6,
1782563503.045349,200,145.84706200002984,qwen15b-npu5,
1782563503.0468152,200,143.35821100030444,qwen15b-npu3,
1782563503.0475245,200,169.69890099971963,qwen15b-npu3,
1782563503.0617123,200,131.11458599996695,qwen15b-npu4,
1782563503.0710325,200,137.75935600097,qwen15b-npu5,
1782563503.0722754,200,142.11658599924704,qwen15b-npu7,
1782563503.072684,200,139.75169500008633,qwen15b-npu6,
1782563503.074059,200,156.78342200044426,qwen15b-npu3,
1782563503.0874295,200,130.81343499834475,qwen15b-npu4,
1782563503.0984573,200,137.51722500092,qwen15b-npu5,
1782563503.0987685,200,140.02064599844743,qwen15b-npu7,
1782563503.1003158,200,140.95095999982732,qwen15b-npu6,
1782563503.1072934,200,146.03626400094072,qwen15b-npu3,
1782563503.1080854,200,158.73655100040196,qwen15b-npu3,
1782563503.1131172,200,132.31472100051178,qwen15b-npu4,
1782563503.1140852,200,125.01483800042479,qwen15b-npu4,
1782563503.1282291,200,137.30516399846238,qwen15b-npu7,
1782563503.1284797,200,145.35317000081704,qwen15b-npu7,
1782563503.1288362,200,142.9356299995561,qwen15b-npu5,
1782563503.1301265,200,147.2206090002146,qwen15b-npu6,
1782563503.1371717,200,147.8177120006876,qwen15b-npu3,
1782563503.1390574,200,124.15490400053386,qwen15b-npu4,
1782563503.153671,200,136.27823899878422,qwen15b-npu7,
1782563503.1550884,200,141.2317719987186,qwen15b-npu5,
1782563503.1557512,200,138.04043699929025,qwen15b-npu5,
1782563503.157175,200,139.09523199981777,qwen15b-npu6,
1782563503.1575532,200,148.70422499916458,qwen15b-npu6,
1782563503.1646018,200,119.42569200073194,qwen15b-npu4,
1782563503.1652722,200,120.45309699897189,qwen15b-npu4,
1782563503.1679492,200,154.3996110012813,qwen15b-npu3,
1782563503.1808784,200,135.46635500097182,qwen15b-npu7,
1782563503.1821976,200,135.07461399967724,qwen15b-npu5,
1782563503.1842325,200,140.07809599934262,qwen15b-npu6,
1782563503.1898854,200,115.75004600126704,qwen15b-npu4,
1782563503.2054858,200,170.99251699983142,qwen15b-npu3,
1782563503.2059107,200,158.247379000386,qwen15b-npu3,
1782563503.2101293,200,122.62437699973816,qwen15b-npu7,
1782563503.212093,200,139.73642500059213,qwen15b-npu5,
1782563503.212414,200,150.61609399890585,qwen15b-npu7,
1782563503.2128665,200,141.61050300026545,qwen15b-npu6,
1782563503.23003,200,157.2691239998676,qwen15b-npu3,
1782563503.2382565,200,130.0520509994385,qwen15b-npu7,
1782563503.2386537,200,124.48754599972744,qwen15b-npu5,
1782563503.239026,200,140.17820700064476,qwen15b-npu5,
1782563503.24105,200,133.68794699999853,qwen15b-npu4,
1782563503.2424462,200,114.12229900088278,qwen15b-npu4,
1782563503.2433105,200,130.0794010003301,qwen15b-npu6,
1782563503.2442365,200,145.70139200077392,qwen15b-npu6,
1782563503.261365,200,160.9876720012835,qwen15b-npu3,
1782563503.2654016,200,136.44762999865634,qwen15b-npu7,
1782563503.266496,200,112.7011720000155,qwen15b-npu4,
1782563503.2673671,200,130.02378100100032,qwen15b-npu5,
1782563503.269899,200,139.69221399929665,qwen15b-npu6,
1782563503.2918744,200,127.1794870008307,qwen15b-npu4,
1782563503.293253,200,135.5996159982169,qwen15b-npu5,
1782563503.2941241,200,154.95381400069164,qwen15b-npu3,
1782563503.2955885,200,167.05086900037713,qwen15b-npu3,
1782563503.296049,200,140.86612000028254,qwen15b-npu7,
1782563503.296937,200,131.34967599944503,qwen15b-npu7,
1782563503.2991107,200,131.05812499998137,qwen15b-npu6,
1782563503.299448,200,143.6116029999539,qwen15b-npu6,
1782563503.3177717,200,133.46062599885045,qwen15b-npu4,
1782563503.3199494,200,138.99030200082052,qwen15b-npu5,
1782563503.3218715,200,131.92469000023266,qwen15b-npu7,
1782563503.3233416,200,166.06169400074577,qwen15b-npu3,
1782563503.3238225,200,141.56926299983752,qwen15b-npu3,
1782563503.344064,200,131.89764900016598,qwen15b-npu4,
1782563503.3479242,200,141.93406500089623,qwen15b-npu5,
1782563503.3499599,200,136.98247200045444,qwen15b-npu7,
1782563503.3560617,200,143.53534200017748,qwen15b-npu6,
1782563503.3564644,200,150.85717600049975,qwen15b-npu6,
1782563503.359428,200,149.21008800047275,qwen15b-npu3,
1782563503.3732078,200,134.83024299966928,qwen15b-npu4,
1782563503.373593,200,129.26753800093138,qwen15b-npu4,
1782563503.3789265,200,136.0209880003822,qwen15b-npu5,
1782563503.3794,200,149.2991279992566,qwen15b-npu5,
1782563503.379762,200,140.3271479994146,qwen15b-npu7,
1782563503.3836305,200,142.50106700092147,qwen15b-npu6,
1782563503.3885021,200,145.04466900143598,qwen15b-npu3,
1782563503.3890743,200,150.31483299935644,qwen15b-npu3,
1782563503.398308,200,128.02354199993715,qwen15b-npu4,
1782563503.4062605,200,139.67831499940075,qwen15b-npu5,
1782563503.407559,200,146.11540399891965,qwen15b-npu7,
1782563503.4126415,200,147.1307780011557,qwen15b-npu6,
1782563503.418077,200,150.58899399991788,qwen15b-npu3,
1782563503.4259303,200,129.77382899953227,qwen15b-npu4,
1782563503.435327,200,135.80738699965877,qwen15b-npu5,
1782563503.4363904,200,142.11954600068566,qwen15b-npu5,
1782563503.4370706,200,140.05275599993183,qwen15b-npu7,
1782563503.4373553,200,145.39293000052567,qwen15b-npu7,
1782563503.4429345,200,149.56118000009155,qwen15b-npu6,
1782563503.443287,200,144.06451400100195,qwen15b-npu6,
1782563503.4489126,200,153.22748600010527,qwen15b-npu3,
1782563503.4525805,200,132.55702199967345,qwen15b-npu4,
1782563503.4628441,200,139.44278300004953,qwen15b-npu5,
1782563503.4649084,200,142.95158900131355,qwen15b-npu7,
1782563503.4707725,200,146.88671700059786,qwen15b-npu6,
1782563503.4783247,200,130.2731110008608,qwen15b-npu4,
1782563503.4809802,200,163.11808099999325,qwen15b-npu3,
1782563503.4896533,200,133.09622499946272,qwen15b-npu5,
1782563503.4914987,200,141.42505199924926,qwen15b-npu7,
1782563503.499544,200,143.37479200003145,qwen15b-npu6,
1782563503.5058515,200,122.15785500120546,qwen15b-npu4,
1782563503.5061936,200,132.49390199962363,qwen15b-npu4,
1782563503.5126517,200,153.13599499859265,qwen15b-npu3,
1782563503.5129797,200,168.8491469994915,qwen15b-npu3,
1782563503.5175207,200,138.02867699996568,qwen15b-npu5,
1782563503.5231266,200,149.8015809993376,qwen15b-npu7,
1782563503.5235317,200,134.07278900012898,qwen15b-npu7,
1782563503.5310678,200,151.9530900004611,qwen15b-npu6,
1782563503.5317352,200,124.08352400052536,qwen15b-npu4,
1782563503.532141,200,143.50882200051274,qwen15b-npu6,
1782563503.5446527,200,164.80003899960138,qwen15b-npu3,
1782563503.5453677,200,146.95359799952712,qwen15b-npu5,
1782563503.55214,200,139.38333400074043,qwen15b-npu7,
1782563503.5576353,200,121.09731000055035,qwen15b-npu4,
1782563503.5604024,200,142.23785600006522,qwen15b-npu6,
1782563503.573169,200,129.75388900122198,qwen15b-npu5,
1782563503.573692,200,147.65957099916704,qwen15b-npu5,
1782563503.5759258,200,169.53807000027155,qwen15b-npu3,
1782563503.5816402,200,128.99184599882574,qwen15b-npu7,
1782563503.5818913,200,144.45258599880617,qwen15b-npu7,
1782563503.5828607,200,133.86829800037958,qwen15b-npu4,
1782563503.5887318,200,151.5674089987442,qwen15b-npu6,
1782563503.5988536,200,133.8291379997827,qwen15b-npu5,
1782563503.609132,200,130.69249399995897,qwen15b-npu4,
1782563503.6095252,200,174.09186999975645,qwen15b-npu3,
1782563503.6098895,200,166.8554679999943,qwen15b-npu3,
1782563503.6107643,200,129.69321899981878,qwen15b-npu7,
1782563503.619023,200,156.0995300005743,qwen15b-npu6,
1782563503.6270077,200,135.41369500126166,qwen15b-npu5,
1782563503.63408,200,128.1359420008812,qwen15b-npu4,
1782563503.6403704,200,134.089369999856,qwen15b-npu7,
1782563503.6406078,200,169.75051200097369,qwen15b-npu3,
1782563503.641495,200,141.85135499974422,qwen15b-npu3,
1782563503.6496792,200,159.5705950003321,qwen15b-npu6,
1782563503.650332,200,137.26516399947286,qwen15b-npu6,
1782563503.6555707,200,123.72597200010205,qwen15b-npu5,
1782563503.655998,200,143.24434099944483,qwen15b-npu5,
1782563503.661345,200,137.71756599999208,qwen15b-npu4,
1782563503.661662,200,116.13302700061467,qwen15b-npu4,
1782563503.6698775,200,146.61556600003678,qwen15b-npu7,
1782563503.6736124,200,155.73444800065772,qwen15b-npu3,
1782563503.6783972,200,147.24737899996398,qwen15b-npu6,
1782563503.6806278,200,122.86703800054966,qwen15b-npu5,
1782563503.6997364,200,154.9462240000139,qwen15b-npu7,
1782563503.7063818,200,145.8655419992283,qwen15b-npu3,
1782563503.7067394,200,174.48623299969768,qwen15b-npu3,
1782563503.7093642,200,133.36967599934724,qwen15b-npu6,
1782563503.7097085,200,127.75564100047632,qwen15b-npu5,
1782563503.7101767,200,157.65871700023126,qwen15b-npu6,
1782563503.7143657,200,140.95446100145637,qwen15b-npu4,
1782563503.7152202,200,132.2287100010726,qwen15b-npu4,
1782563503.7306082,200,156.84603199952107,qwen15b-npu7,
1782563503.730995,200,142.20139600001858,qwen15b-npu7,
1782563503.7349823,200,125.37899899871263,qwen15b-npu5,
1782563503.7374995,200,138.55943999988085,qwen15b-npu6,
1782563503.7385275,200,156.81453199977113,qwen15b-npu3,
1782563503.7394183,200,130.1690320015041,qwen15b-npu4,
1782563503.759561,200,148.69137499954377,qwen15b-npu7,
1782563503.762796,200,135.73200700011512,qwen15b-npu5,
1782563503.76623,200,125.79021100100363,qwen15b-npu4,
1782563503.766626,200,147.53195000048436,qwen15b-npu6,
1782563503.7730198,200,163.0550209993089,qwen15b-npu3,
1782563503.7887177,200,148.0443020009261,qwen15b-npu7,
1782563503.7896104,200,133.53412700053013,qwen15b-npu7,
1782563503.7908435,200,140.85988999977417,qwen15b-npu5,
1782563503.7916262,200,129.90659999923082,qwen15b-npu5,
1782563503.7927043,200,137.04238300124416,qwen15b-npu4,
1782563503.7935658,200,119.8727549999603,qwen15b-npu4,
1782563503.7981238,200,156.50523099975544,qwen15b-npu6,
1782563503.7985115,200,137.07761300065613,qwen15b-npu6,
1782563503.8056374,200,155.19766499892285,qwen15b-npu3,
1782563503.8059344,200,171.79354099971533,qwen15b-npu3,
1782563503.8182292,200,139.75738499902945,qwen15b-npu7,
1782563503.8286393,200,147.91221199993743,qwen15b-npu6,
1782563503.8355074,200,165.53500199916016,qwen15b-npu3,
1782563503.8424878,200,126.99511699975119,qwen15b-npu4,
1782563503.8428886,200,136.05407800059766,qwen15b-npu4,
1782563503.8445141,200,144.67930700084253,qwen15b-npu5,
1782563503.8448362,200,135.3747849989304,qwen15b-npu5,
1782563503.8474452,200,137.63035499869147,qwen15b-npu7,
1782563503.8571825,200,146.92565800032753,qwen15b-npu6,
1782563503.8679733,200,129.36781799908204,qwen15b-npu4,
1782563503.8689063,200,162.43357799976366,qwen15b-npu3,
1782563503.869225,200,154.7728030000144,qwen15b-npu3,
1782563503.8713913,200,136.33685899912962,qwen15b-npu5,
1782563503.8780394,200,146.97032699950796,qwen15b-npu7,
1782563503.8783932,200,138.9004209995619,qwen15b-npu7,
1782563503.8865936,200,155.86954799982777,qwen15b-npu6,
1782563503.8924284,200,126.05368299955444,qwen15b-npu4,
1782563503.8988976,200,136.02436799919815,qwen15b-npu5,
1782563503.899783,200,162.2051869999268,qwen15b-npu3,
1782563503.9067144,200,133.60871699842392,qwen15b-npu7,
1782563503.9144945,200,154.83723400029703,qwen15b-npu6,
1782563503.919375,200,127.66591000035987,qwen15b-npu4,
1782563503.9196136,200,113.88770700068562,qwen15b-npu4,
1782563503.9253583,200,134.38931000018783,qwen15b-npu5,
1782563503.926404,200,127.81335100044089,qwen15b-npu5,
1782563503.9313796,200,164.68969900051889,qwen15b-npu3,
1782563503.9371815,200,131.17650599997432,qwen15b-npu7,
1782563503.9374785,200,143.83833300053084,qwen15b-npu7,
1782563503.944267,200,151.45096800006286,qwen15b-npu6,
1782563503.9446177,200,155.56107699921995,qwen15b-npu6,
1782563503.9515657,200,122.8005379998649,qwen15b-npu5,
1782563503.9636881,200,165.44413100018573,qwen15b-npu3,
1782563503.9647887,200,175.03371499878995,qwen15b-npu3,
1782563503.969355,200,126.78177600173512,qwen15b-npu4,
1782563503.972433,200,127.8382109994709,qwen15b-npu6,
1782563503.9731498,200,154.82947300006344,qwen15b-npu6,
1782563503.9788399,200,133.6740569986432,qwen15b-npu5,
1782563503.996526,200,149.00552700055414,qwen15b-npu3,
1782563503.9971402,200,161.53973399923416,qwen15b-npu3,
1782563503.9975033,200,119.373651999922,qwen15b-npu4,
1782563503.9977577,200,140.430068000569,qwen15b-npu4,
1782563503.9984374,200,155.48068600037368,qwen15b-npu7,
1782563504.0031784,200,133.86592800088692,qwen15b-npu6,
1782563504.0055118,200,136.5265399999771,qwen15b-npu5,
1782563504.0206358,200,120.79776899918215,qwen15b-npu4,
1782563504.02475,200,156.687172000602,qwen15b-npu7,
1782563504.0250301,200,146.5716260008776,qwen15b-npu7,
1782563504.027324,200,155.8613779998268,qwen15b-npu3,
1782563504.0308802,200,144.18676499917638,qwen15b-npu6,
1782563504.0327156,200,140.20568699925207,qwen15b-npu5,
1782563504.0455256,200,119.98905499967805,qwen15b-npu4,
1782563504.0556247,200,148.80358599839383,qwen15b-npu7,
1782563504.0559905,200,129.50199900114967,qwen15b-npu7,
1782563504.0594625,200,160.47057900141226,qwen15b-npu3,
1782563504.0605884,200,146.00158400025975,qwen15b-npu6,
1782563504.0608473,200,129.4083579996368,qwen15b-npu6,
1782563504.0621455,200,142.4598480007262,qwen15b-npu5,
1782563504.0624154,200,125.16847900042194,qwen15b-npu5,
1782563504.0715096,200,127.15303699951619,qwen15b-npu4,
1782563504.0830429,200,138.34234900059528,qwen15b-npu7,
1782563504.0851886,200,121.2674109992804,qwen15b-npu5,
1782563504.090473,200,138.8450600006763,qwen15b-npu6,
1782563504.0914035,200,153.80512900082977,qwen15b-npu3,
1782563504.0918996,200,172.45916399951966,qwen15b-npu3,
1782563504.0979671,200,128.53172400173207,qwen15b-npu4,
1782563504.1114354,200,138.9264120007283,qwen15b-npu7,
1782563504.1127195,200,133.80259699988528,qwen15b-npu5,
1782563504.1173158,200,144.10636400134536,qwen15b-npu6,
1782563504.1231642,200,158.31838899975992,qwen15b-npu3,
1782563504.1243942,200,127.78898999931698,qwen15b-npu4,
1782563504.1251707,200,119.57422299929021,qwen15b-npu4,
1782563504.1400054,200,141.47085200056608,qwen15b-npu5,
1782563504.1426973,200,144.8359679998248,qwen15b-npu7,
1782563504.1465027,200,148.92488700024842,qwen15b-npu6,
1782563504.1512382,200,120.29375599922787,qwen15b-npu4,
1782563504.153814,200,150.55410400054825,qwen15b-npu3,
1782563504.1541278,200,156.90727299988794,qwen15b-npu3,
1782563504.1682699,200,143.16197100015415,qwen15b-npu5,
1782563504.1731176,200,152.40936300142494,qwen15b-npu7,
1782563504.1735103,200,140.71166899884702,qwen15b-npu7,
1782563504.1752424,200,115.69279500145058,qwen15b-npu4,
1782563504.176303,200,151.4865680001094,qwen15b-npu6,
1782563504.1765556,200,130.97137499971723,qwen15b-npu6,
1782563504.182975,200,155.5903770004079,qwen15b-npu3,
1782563504.1966574,200,140.59194900073635,qwen15b-npu5,
1782563504.1969163,200,134.70900200081815,qwen15b-npu5,
1782563504.2010221,200,129.43318799989356,qwen15b-npu4,
1782563504.2024071,200,141.7389340003865,qwen15b-npu7,
1782563504.2061079,200,145.19640999969852,qwen15b-npu6,
1782563504.2141097,200,151.63198899972485,qwen15b-npu3,
1782563504.214616,200,158.86545099965588,qwen15b-npu3,
1782563504.2244153,200,133.87368799885735,qwen15b-npu5,
1782563504.2273912,200,135.43407500037574,qwen15b-npu4,
1782563504.2325816,200,134.55153100039752,qwen15b-npu7,
1782563504.2328513,200,149.7119499999826,qwen15b-npu7,
1782563504.2358594,200,150.60989399898972,qwen15b-npu6,
1782563504.2456496,200,154.18871000110812,qwen15b-npu3,
1782563504.2522655,200,139.47681300123804,qwen15b-npu5,
1782563504.254226,200,130.9717449985328,qwen15b-npu4,
1782563504.2622385,200,137.58492499982822,qwen15b-npu7,
1782563504.2662964,200,154.79756300010195,qwen15b-npu6,
1782563504.2665122,200,141.2394420003693,qwen15b-npu6,
1782563504.2773335,200,159.94958600094833,qwen15b-npu3,
1782563504.2804632,200,126.27881300068111,qwen15b-npu5,
1782563504.2809637,200,140.9001800002443,qwen15b-npu5,
1782563504.2876935,200,141.10935100143251,qwen15b-npu4,
1782563504.2903616,200,138.999191000039,qwen15b-npu7,
1782563504.2963548,200,142.44283699918014,qwen15b-npu6,
1782563504.3060744,200,123.04038900037995,qwen15b-npu4,
1782563504.3071496,200,133.95491899973422,qwen15b-npu4,
1782563504.3075652,200,131.19930600078078,qwen15b-npu5,
1782563504.309088,200,166.20150600101624,qwen15b-npu3,
1782563504.309412,200,141.07444099863642,qwen15b-npu3,
1782563504.321288,200,147.39915000063775,qwen15b-npu7,
1782563504.3264585,200,151.14551599981496,qwen15b-npu6,
1782563504.3320544,200,125.87250199976552,qwen15b-npu4,
1782563504.3339562,200,132.86381399848324,qwen15b-npu5,
1782563504.3395307,200,137.06734299921663,qwen15b-npu3,
1782563504.339866,200,163.25052100000903,qwen15b-npu3,
1782563504.3498678,200,153.14818600018043,qwen15b-npu7,
1782563504.3501713,200,135.99655800135224,qwen15b-npu7,
1782563504.3544157,200,139.74190399858344,qwen15b-npu6,
1782563504.3549228,200,157.9397979985515,qwen15b-npu6,
1782563504.3584073,200,125.7354019999184,qwen15b-npu4,
1782563504.362036,200,137.55145499999344,qwen15b-npu5,
1782563504.368854,200,141.39503200021863,qwen15b-npu3,
1782563504.377091,200,144.18244499938737,qwen15b-npu7,
1782563504.382056,200,146.13824399930309,qwen15b-npu6,
1782563504.3863952,200,131.92558999980974,qwen15b-npu4,
1782563504.3913186,200,145.6036910003604,qwen15b-npu5,
1782563504.3916633,200,125.08630900083517,qwen15b-npu5,
1782563504.3993375,200,147.0110879999993,qwen15b-npu3,
1782563504.4069712,200,125.94457200066245,qwen15b-npu7,
1782563504.407355,200,145.05493900105648,qwen15b-npu7,
1782563504.4095871,200,143.23439100007818,qwen15b-npu6,
1782563504.4124198,200,131.90213900088565,qwen15b-npu4,
1782563504.430849,200,153.4424069996021,qwen15b-npu3,
1782563504.4344115,200,126.77004599936481,qwen15b-npu7,
1782563504.4381332,200,130.86366499919677,qwen15b-npu6,
1782563504.4384065,200,150.59959399877698,qwen15b-npu6,
1782563504.4404013,200,119.00211099964508,qwen15b-npu4,
1782563504.4407394,200,134.57363199995598,qwen15b-npu4,
1782563504.4503295,200,159.87195600064297,qwen15b-npu5,
1782563504.4506364,200,141.46203300151683,qwen15b-npu5,
1782563504.4623268,200,135.73452700074995,qwen15b-npu7,
1782563504.4633307,200,153.83959900100308,qwen15b-npu3,
1782563504.4640007,200,167.44814999947266,qwen15b-npu3,
1782563504.4652011,200,125.24412899983872,qwen15b-npu4,
1782563504.467788,200,135.65568599915423,qwen15b-npu6,
1782563504.47349,200,139.46227300039027,qwen15b-npu5,
1782563504.4927695,200,130.6588040006318,qwen15b-npu7,
1782563504.4931777,200,134.67043199852924,qwen15b-npu4,
1782563504.4940639,200,144.11613499942177,qwen15b-npu7,
1782563504.496699,200,146.4535960003559,qwen15b-npu6,
1782563504.4975088,200,157.89066800061846,qwen15b-npu3,
1782563504.4979467,200,129.00565700147126,qwen15b-npu6,
1782563504.4991064,200,144.12472500043805,qwen15b-npu3,
1782563504.5014,200,124.23384400062787,qwen15b-npu5,
1782563504.5022655,200,147.7867609992245,qwen15b-npu5,
1782563504.5182064,200,131.70601899946632,qwen15b-npu4,
1782563504.5201075,200,128.7035149998701,qwen15b-npu7,
1782563504.5236666,200,131.91552900025272,qwen15b-npu6,
1782563504.527224,200,145.11040000070352,qwen15b-npu3,
1782563504.528186,200,128.75956500101893,qwen15b-npu5,
1782563504.5448496,200,137.4245349998091,qwen15b-npu4,
1782563504.548513,200,138.86941100099648,qwen15b-npu7,
1782563504.552812,200,140.3320179997536,qwen15b-npu6,
1782563504.556271,200,125.31466899963561,qwen15b-npu5,
1782563504.557978,200,150.93112500107964,qwen15b-npu3,
1782563504.5725427,200,134.0644190004241,qwen15b-npu4,
1782563504.5728917,200,122.19003500104009,qwen15b-npu4,
1782563504.5765622,200,138.35383900004672,qwen15b-npu7,
1782563504.5796385,200,139.14146200113464,qwen15b-npu6,
1782563504.5842462,200,143.43087199995352,qwen15b-npu5,
1782563504.5908437,200,156.36221100066905,qwen15b-npu3,
1782563504.5912306,200,140.79151900114084,qwen15b-npu3,
1782563504.5975926,200,129.70821900125884,qwen15b-npu4,
1782563504.6077228,200,134.15640899984282,qwen15b-npu7,
1782563504.608192,200,145.7846419998532,qwen15b-npu7,
1782563504.608418,200,145.0015579994215,qwen15b-npu6,
1782563504.6115384,200,147.44501000132004,qwen15b-npu5,
1782563504.6205745,200,155.3037760004372,qwen15b-npu3,
1782563504.6246738,200,127.05608699980075,qwen15b-npu4,
1782563504.6254067,200,122.93172899990168,qwen15b-npu4,
1782563504.6356,200,138.7691010004346,qwen15b-npu7,
1782563504.636907,200,144.0488150001329,qwen15b-npu6,
1782563504.637286,200,139.08253200133913,qwen15b-npu6,
1782563504.638942,200,139.77950499975123,qwen15b-npu5,
1782563504.6394377,200,145.27060999898822,qwen15b-npu5,
1782563504.6504974,200,122.18902600034198,qwen15b-npu4,
1782563504.6590302,200,157.54727500097943,qwen15b-npu3,
1782563504.659452,200,166.1962250000215,qwen15b-npu3,
1782563504.6639657,200,145.63539200025843,qwen15b-npu7,
1782563504.6651635,200,144.97196799857193,qwen15b-npu6,
1782563504.6655316,200,141.78158399954555,qwen15b-npu5,
1782563504.6765358,200,118.45196799913538,qwen15b-npu4,
1782563504.6907005,200,137.8332259992021,qwen15b-npu5,
1782563504.6914077,200,142.83919899935427,qwen15b-npu6,
1782563504.6923008,200,147.36929900027462,qwen15b-npu7,
1782563504.7033296,200,118.97705099909217,qwen15b-npu4,
1782563504.7178276,200,120.16240499906417,qwen15b-npu5,
1782563504.718309,200,141.67292399906728,qwen15b-npu5,
1782563504.722437,200,149.80232999914733,qwen15b-npu7,
1782563504.7227328,200,149.778551000054,qwen15b-npu6,
1782563504.7229846,200,131.68888799918932,qwen15b-npu7,
1782563504.7238014,200,196.47134299884783,qwen15b-npu3,
1782563504.7245119,200,133.56281699998362,qwen15b-npu6,
1782563504.7293832,200,121.58694199933961,qwen15b-npu4,
1782563504.74232,200,121.64930300059495,qwen15b-npu5,
1782563504.7488556,200,137.19360299910477,qwen15b-npu6,
1782563504.7498636,200,141.610913000477,qwen15b-npu7,
1782563504.755614,200,116.11232699942775,qwen15b-npu4,
1782563504.7562327,200,130.74260400026105,qwen15b-npu4,
1782563504.7685823,200,131.2045760005276,qwen15b-npu5,
1782563504.7766774,200,139.67388499986555,qwen15b-npu6,
1782563504.7789056,200,143.2318410006701,qwen15b-npu7,
1782563504.779256,200,128.62573399979738,qwen15b-npu7,
1782563504.7817147,200,116.44909900132916,qwen15b-npu4,
1782563504.7866044,200,230.2325460004795,qwen15b-npu3,
1782563504.7950988,200,135.9237270007725,qwen15b-npu5,
1782563504.80626,200,140.63086900023336,qwen15b-npu7,
1782563504.8074484,200,147.91945199976908,qwen15b-npu6,
1782563504.8079064,200,131.29713700072898,qwen15b-npu6,
1782563504.808392,200,116.0021069990762,qwen15b-npu4,
1782563504.821384,200,130.60192299963092,qwen15b-npu5,
1782563504.8344991,200,131.00406500052486,qwen15b-npu7,
1782563504.847392,200,267.67116600058216,qwen15b-npu3,
1782563504.8485312,200,240.04203000004054,qwen15b-npu3,
1782563504.8488944,200,130.37086199983605,qwen15b-npu5,
1782563504.84964,200,126.59067500135279,qwen15b-npu5,
1782563504.8590348,200,116.64160999862361,qwen15b-npu4,
1782563504.859513,200,136.98994200058223,qwen15b-npu4,
1782563504.8623948,200,137.77657599894155,qwen15b-npu7,
1782563504.8634808,200,145.54103100090288,qwen15b-npu6,
1782563504.8638668,200,140.00485600081447,qwen15b-npu6,
1782563504.874941,200,119.25246200007678,qwen15b-npu5,
1782563504.882566,200,243.5685670006933,qwen15b-npu3,
1782563504.8843732,200,259.6018290005304,qwen15b-npu3,
1782563504.8846714,200,116.0011369993299,qwen15b-npu4,
1782563504.8887453,200,138.76458999948227,qwen15b-npu6,
1782563504.889903,200,140.91482000003452,qwen15b-npu7,
1782563504.900132,200,121.12700100078655,qwen15b-npu5,
1782563504.9112732,200,124.57758599884983,qwen15b-npu4,
1782563504.916838,200,137.49171500057855,qwen15b-npu6,
1782563504.9181762,200,122.99395899935917,qwen15b-npu7,
1782563504.918888,200,142.10810599979595,qwen15b-npu7,
1782563504.9264827,200,118.50817800041114,qwen15b-npu5,
1782563504.9367094,200,129.1827570003079,qwen15b-npu4,
1782563504.9448864,200,123.4356109998771,qwen15b-npu7,
1782563504.945797,200,139.44704300047306,qwen15b-npu6,
1782563504.9626756,200,114.02372799966543,qwen15b-npu4,
1782563504.9642334,200,272.7509189990087,qwen15b-npu3,
1782563504.9647043,200,300.6497460009996,qwen15b-npu3,
1782563504.9731057,200,123.35162999988825,qwen15b-npu7,
1782563504.9745,200,139.8676249991695,qwen15b-npu6,
1782563504.979968,200,130.98381500094547,qwen15b-npu5,
1782563504.9803395,200,120.72202800118248,qwen15b-npu5,
1782563504.9883645,200,124.81170699902577,qwen15b-npu4,
1782563505.000905,200,136.96764199994504,qwen15b-npu7,
1782563505.002688,200,143.55480300037016,qwen15b-npu6,
1782563505.003143,200,128.06272200032254,qwen15b-npu6,
1782563505.0054355,200,122.77454800096166,qwen15b-npu5,
1782563505.0060523,200,283.25187699920207,qwen15b-npu3,
1782563505.0063314,200,250.02907599991886,qwen15b-npu3,
1782563505.0067022,200,277.2191099993506,qwen15b-npu3,
1782563505.0144517,200,129.72278899906087,qwen15b-npu4,
1782563505.0283744,200,139.54313400063256,qwen15b-npu7,
1782563505.0297382,200,139.71936400048435,qwen15b-npu6,
1782563505.0326135,200,132.39564100149437,qwen15b-npu5,
1782563505.0413396,200,124.40370500007703,qwen15b-npu4,
1782563505.0504699,200,241.96712999946612,qwen15b-npu3,
1782563505.0507886,200,269.010612000784,qwen15b-npu3,
1782563505.0558305,200,137.58682499974384,qwen15b-npu7,
1782563505.057461,200,138.4771989996807,qwen15b-npu6,
1782563505.0584986,200,131.9346090003819,qwen15b-npu5,
1782563505.0668547,200,121.88795399924857,qwen15b-npu4,
1782563505.0832214,200,118.87409999872034,qwen15b-npu5,
1782563505.0842488,200,138.3841989991197,qwen15b-npu7,
1782563505.08742,200,124.63786599982996,qwen15b-npu6,
1782563505.0897841,200,242.29736100096488,qwen15b-npu3,
1782563505.0902019,200,227.73870400123997,qwen15b-npu3,
1782563505.095051,200,121.87454400009301,qwen15b-npu4,
1782563505.1112237,200,130.78199500159826,qwen15b-npu5,
1782563505.1120915,200,137.46916499985673,qwen15b-npu7,
1782563505.1168325,200,136.77219100100046,qwen15b-npu6,
1782563505.121397,200,120.40821700065862,qwen15b-npu4,
1782563505.1367307,200,131.205667001268,qwen15b-npu5,
1782563505.1406007,200,203.82424599847582,qwen15b-npu3,
1782563505.1409588,200,229.57448300076067,qwen15b-npu3,
1782563505.1413336,200,256.88515700130665,qwen15b-npu3,
1782563505.1425595,200,136.1491190000379,qwen15b-npu7,
1782563505.1428726,200,139.60040400161233,qwen15b-npu7,
1782563505.1485622,200,141.78842399996938,qwen15b-npu4,
1782563505.1488883,200,119.03170100049465,qwen15b-npu4,
1782563505.1496336,200,135.1101939999353,qwen15b-npu6,
1782563505.149972,200,147.18253899991396,qwen15b-npu6,
1782563505.162962,200,134.5064609995461,qwen15b-npu5,
1782563505.16862,200,127.18621699968935,qwen15b-npu7,
1782563505.1729324,200,117.04663199998322,qwen15b-npu4,
1782563505.1792302,200,190.7890269994823,qwen15b-npu3,
1782563505.179644,200,214.8382360010146,qwen15b-npu3,
1782563505.188573,200,137.72718600012013,qwen15b-npu5,
1782563505.1963947,200,137.8079969999817,qwen15b-npu7,
1782563505.1998868,200,115.56022500008112,qwen15b-npu4,
1782563505.2078905,200,157.33452499989653,qwen15b-npu6,
1782563505.208203,200,141.27442199969664,qwen15b-npu6,
1782563505.2127059,200,206.5963590011961,qwen15b-npu3,
1782563505.2131226,200,180.42414000046847,qwen15b-npu3,
1782563505.216341,200,133.04058399990026,qwen15b-npu5,
1782563505.2166414,200,121.51405300028273,qwen15b-npu5,
1782563505.223847,200,133.94250800047303,qwen15b-npu7,
1782563505.2247317,200,113.44759499843349,qwen15b-npu4,
1782563505.2375622,200,147.29385999999067,qwen15b-npu6,
1782563505.2460816,200,188.49896599931526,qwen15b-npu3,
1782563505.2513566,200,134.47039099992253,qwen15b-npu7,
1782563505.2664316,200,123.78632299987657,qwen15b-npu5,
1782563505.2667325,200,129.9228400002903,qwen15b-npu5,
1782563505.2701328,200,148.62592600002245,qwen15b-npu6,
1782563505.2766452,200,126.93062700054725,qwen15b-npu4,
1782563505.277366,200,134.40044000162743,qwen15b-npu4,
1782563505.279148,200,130.13169199984986,qwen15b-npu7,
1782563505.2800136,200,138.57546899998852,qwen15b-npu7,
1782563505.2912624,200,128.22147299993958,qwen15b-npu5,
1782563505.2982476,200,210.7604769989848,qwen15b-npu3,
1782563505.2986312,200,186.4856169995619,qwen15b-npu3,
1782563505.3001077,200,159.0380230009032,qwen15b-npu6,
1782563505.3006756,200,150.647114000094,qwen15b-npu6,
1782563505.3017192,200,133.0185339993477,qwen15b-npu4,
1782563505.3055892,200,126.24147399947105,qwen15b-npu7,
1782563505.3189452,200,130.29604199982714,qwen15b-npu5,
1782563505.3284762,200,131.99295999947935,qwen15b-npu4,
1782563505.3288305,200,115.62119500013068,qwen15b-npu4,
1782563505.329514,200,149.79643000151555,qwen15b-npu6,
1782563505.3320186,200,183.37109300045995,qwen15b-npu3,
1782563505.3328364,200,124.86459700085106,qwen15b-npu7,
1782563505.3331082,200,192.40588399952685,qwen15b-npu3,
1782563505.343709,200,130.9272950002196,qwen15b-npu5,
1782563505.344303,200,119.49047300004167,qwen15b-npu5,
1782563505.3556716,200,118.0285760001425,qwen15b-npu4,
1782563505.3603673,200,143.6225719990034,qwen15b-npu7,
1782563505.3622642,200,138.3452780009975,qwen15b-npu6,
1782563505.36254,200,154.22900000157824,qwen15b-npu6,
1782563505.365752,200,192.73736600007396,qwen15b-npu3,
1782563505.3882744,200,136.8243809993146,qwen15b-npu7,
1782563505.3965185,200,116.42949899942323,qwen15b-npu5,
1782563505.396873,200,130.0698110007943,qwen15b-npu5,
1782563505.4006405,200,184.21834599939757,qwen15b-npu3,
1782563505.400976,200,201.01512300061586,qwen15b-npu3,
1782563505.4085495,200,138.3181679993868,qwen15b-npu4,
1782563505.409134,200,117.80121499941743,qwen15b-npu4,
1782563505.4167197,200,139.26740200076893,qwen15b-npu7,
1782563505.4217453,200,121.00616899988381,qwen15b-npu5,
1782563505.4248924,200,145.66448200093873,qwen15b-npu6,
1782563505.4254336,200,158.9208619989222,qwen15b-npu6,
1782563505.434262,200,132.45334200109937,qwen15b-npu4,
1782563505.4363115,200,159.594045000631,qwen15b-npu3,
1782563505.4366882,200,190.49500499932037,qwen15b-npu3,
1782563505.443267,200,124.24720400122169,qwen15b-npu7,
1782563505.4440193,200,145.32122099990374,qwen15b-npu7,
1782563505.447151,200,118.24215700107743,qwen15b-npu5,
1782563505.4544694,200,154.28208100092888,qwen15b-npu6,
1782563505.461855,200,132.27485100105696,qwen15b-npu4,
1782563505.4621773,200,117.81277500085707,qwen15b-npu4,
1782563505.4699078,200,136.9943219997367,qwen15b-npu7,
1782563505.471374,200,165.69098299987672,qwen15b-npu3,
1782563505.4717202,200,173.36366700146755,qwen15b-npu3,
1782563505.4735599,200,129.78003999887733,qwen15b-npu5,
1782563505.4863045,200,153.13132600022072,qwen15b-npu6,
1782563505.4866579,200,158.0937279995851,qwen15b-npu6,
1782563505.4881177,200,122.27576599980239,qwen15b-npu4,
1782563505.4973068,200,136.8359820007754,qwen15b-npu7,
1782563505.4993947,200,137.05767300052685,qwen15b-npu5,
1782563505.5113046,200,179.2193839992251,qwen15b-npu3,
1782563505.516264,200,153.64311800112773,qwen15b-npu6,
1782563505.5244465,200,127.85052099934546,qwen15b-npu7,
1782563505.5256603,200,124.59747600041737,qwen15b-npu5,
1782563505.5427449,200,142.00069500111567,qwen15b-npu4,
1782563505.5432591,200,118.312317001255,qwen15b-npu4,
1782563505.544916,200,189.16072899992287,qwen15b-npu3,
1782563505.5470676,200,150.08657200087328,qwen15b-npu6,
1782563505.5530052,200,143.8047240008018,qwen15b-npu7,
1782563505.5533884,200,131.57418699847767,qwen15b-npu5,
1782563505.5536952,200,128.19108299845539,qwen15b-npu7,
1782563505.5539563,200,117.1830420007609,qwen15b-npu5,
1782563505.569869,200,126.51920499956759,qwen15b-npu4,
1782563505.578321,200,134.21978000042145,qwen15b-npu7,
1782563505.579725,200,117.7986550010246,qwen15b-npu5,
1782563505.5799856,200,143.56500199937727,qwen15b-npu6,
1782563505.580408,200,163.62422299971513,qwen15b-npu6,
1782563505.5822368,200,173.60582800029078,qwen15b-npu3,
1782563505.5826976,200,194.34541299960983,qwen15b-npu3,
1782563505.5968213,200,134.56824199965922,qwen15b-npu4,
1782563505.6070826,200,133.45397600096476,qwen15b-npu5,
1782563505.607476,200,120.7505479997053,qwen15b-npu7,
1782563505.607795,200,137.82359700053348,qwen15b-npu7,
1782563505.610834,200,139.03827099966293,qwen15b-npu6,
1782563505.611693,200,157.15253400048823,qwen15b-npu6,
1782563505.61936,200,172.13815200011595,qwen15b-npu3,
1782563505.6202114,200,185.8648439992976,qwen15b-npu3,
1782563505.6239913,200,137.59522500004095,qwen15b-npu4,
1782563505.6340935,200,134.633052000936,qwen15b-npu5,
1782563505.6345618,200,118.22937699980685,qwen15b-npu7,
1782563505.642824,200,145.42173100016953,qwen15b-npu6,
1782563505.6513305,200,139.9160450000636,qwen15b-npu4,
1782563505.6537688,200,182.28903800081753,qwen15b-npu3,
1782563505.6540716,200,165.8827739993285,qwen15b-npu3,
1782563505.6721969,200,146.4636149994476,qwen15b-npu6,
1782563505.6802795,200,126.5181050002866,qwen15b-npu4,
1782563505.6806087,200,137.28681300017342,qwen15b-npu4,
1782563505.6868389,200,162.3093180005526,qwen15b-npu3,
1782563505.6897027,200,136.2488190006843,qwen15b-npu5,
1782563505.6902878,200,147.48384000085935,qwen15b-npu5,
1782563505.6913466,200,137.2765839987551,qwen15b-npu7,
1782563505.6922684,200,147.27319899975555,qwen15b-npu7,
1782563505.6996574,200,146.51045599930512,qwen15b-npu6,
1782563505.7062557,200,126.15294299939706,qwen15b-npu4,
1782563505.7168522,200,137.0604129988351,qwen15b-npu5,
1782563505.7174597,200,120.56734799989499,qwen15b-npu5,
1782563505.7192605,200,138.77451100051985,qwen15b-npu7,
1782563505.7291663,200,146.36057499956223,qwen15b-npu6,
1782563505.7294888,200,151.11296600116475,qwen15b-npu6,
1782563505.732924,200,125.71507100074086,qwen15b-npu4,
1782563505.734406,200,187.2371209992707,qwen15b-npu3,
1782563505.7428017,200,131.02136499946937,qwen15b-npu5,
1782563505.7499297,200,142.33127599982254,qwen15b-npu7,
1782563505.7502575,200,129.95534100082295,qwen15b-npu7,
1782563505.7576735,200,146.74848600043333,qwen15b-npu6,
1782563505.7600687,200,117.17804199906823,qwen15b-npu4,
1782563505.7603889,200,140.8966299986787,qwen15b-npu4,
1782563505.76729,200,197.3378060010873,qwen15b-npu3,
1782563505.767711,200,185.3099719992315,qwen15b-npu3,
1782563505.7692666,200,134.62898200123163,qwen15b-npu5,
1782563505.7779613,200,126.56198500008031,qwen15b-npu7,
1782563505.7864573,200,152.261212000667,qwen15b-npu6,
1782563505.7870755,200,132.9046240007301,qwen15b-npu6,
1782563505.7949755,200,122.69347700021171,qwen15b-npu5,
1782563505.8012516,200,193.37844799883896,qwen15b-npu3,
1782563505.801571,200,177.4925659992732,qwen15b-npu3,
1782563505.8073125,200,126.63886499831278,qwen15b-npu7,
1782563505.8123236,200,120.85960900003556,qwen15b-npu4,
1782563505.812715,200,132.35228099983942,qwen15b-npu4,
1782563505.8209608,200,130.61321299937845,qwen15b-npu5,
1782563505.8341389,200,180.30162899958668,qwen15b-npu3,
1782563505.8373652,200,144.99991800039425,qwen15b-npu7,
1782563505.8381176,200,120.58881799930532,qwen15b-npu4,
1782563505.8424938,200,136.14060899999458,qwen15b-npu6,
1782563505.8428354,200,153.0652649998956,qwen15b-npu6,
1782563505.8490918,200,116.07024799923238,qwen15b-npu5,
1782563505.8494494,200,132.48477099841693,qwen15b-npu5,
1782563505.8647301,200,130.25562199982232,qwen15b-npu4,
1782563505.866871,200,147.51790099944628,qwen15b-npu7,
1782563505.8689668,200,169.22483900088992,qwen15b-npu3,
1782563505.8694131,200,182.50263899972197,qwen15b-npu3,
1782563505.8704355,200,141.16976200057252,qwen15b-npu6,
1782563505.8750544,200,117.27469299876248,qwen15b-npu5,
1782563505.8921509,200,131.99186899873894,qwen15b-npu4,
1782563505.8979323,200,155.0400449996232,qwen15b-npu7,
1782563505.898357,200,137.80006600063643,qwen15b-npu7,
1782563505.8993118,200,129.9364999995305,qwen15b-npu5,
1782563505.9033318,200,153.32134600066638,qwen15b-npu3,
1782563505.904209,200,174.66640299971914,qwen15b-npu3,
1782563505.9048576,200,154.5181319997937,qwen15b-npu6,
1782563505.9052792,200,137.4532640002144,qwen15b-npu6,
1782563505.9204936,200,142.45513700006995,qwen15b-npu4,
1782563505.920934,200,119.27847199876851,qwen15b-npu4,
1782563505.9248378,200,123.50476100073138,qwen15b-npu5,
1782563505.925743,200,139.21297200067784,qwen15b-npu7,
1782563505.9274707,200,132.42361199991137,qwen15b-npu6,
1782563505.9362125,200,149.0534780004964,qwen15b-npu3,
1782563505.936779,200,169.3894790005288,qwen15b-npu3,
1782563505.9508696,200,129.8541699998168,qwen15b-npu5,
1782563505.9536765,200,146.30219499849773,qwen15b-npu7,
1782563505.9549544,200,142.14834599988535,qwen15b-npu6,
1782563505.9683468,200,155.91404900078487,qwen15b-npu3,
1782563505.9723322,200,122.78077800147003,qwen15b-npu4,
1782563505.9727304,200,138.49051900069753,qwen15b-npu4,
1782563505.9783201,200,135.72513699909905,qwen15b-npu5,
1782563505.9831102,200,133.91124900044815,qwen15b-npu7,
1782563505.9834833,200,146.0318429999461,qwen15b-npu7,
1782563505.9843066,200,141.3464520010166,qwen15b-npu6,
1782563505.9986837,200,129.19828700069047,qwen15b-npu4,
1782563506.0027413,200,164.54399799840758,qwen15b-npu3,
1782563506.005767,200,136.7071720014792,qwen15b-npu5,
1782563506.0113647,200,140.8419800009142,qwen15b-npu7,
1782563506.0129228,200,137.76535599936324,qwen15b-npu6,
1782563506.013255,200,148.43254500010516,qwen15b-npu6,
1782563506.0268257,200,128.31382299918914,qwen15b-npu4,
1782563506.0272589,200,121.8733429996064,qwen15b-npu4,
1782563506.0304277,200,132.40444199982448,qwen15b-npu5,
1782563506.0307224,200,126.45512500057521,qwen15b-npu5,
1782563506.0353425,200,168.39839500062226,qwen15b-npu3,
1782563506.0401697,200,135.17319399943517,qwen15b-npu6,
1782563506.0405943,200,141.1718919989653,qwen15b-npu7,
1782563506.0522306,200,124.66777699955855,qwen15b-npu4,
1782563506.0559535,200,130.09879200035357,qwen15b-npu5,
1782563506.069279,200,132.42761199944653,qwen15b-npu6,
1782563506.069851,200,148.82214599856525,qwen15b-npu7,
1782563506.0701065,200,133.82489800096664,qwen15b-npu7,
1782563506.070884,200,150.23838200067985,qwen15b-npu6,
1782563506.0719297,200,147.01279799919575,qwen15b-npu3,
1782563506.072235,200,180.0004769993393,qwen15b-npu3,
1782563506.0733676,200,169.94209199947363,qwen15b-npu3,
1782563506.0778594,200,122.82714799948735,qwen15b-npu4,
1782563506.0811408,200,130.2109919997747,qwen15b-npu5,
1782563506.0972772,200,128.80479500017827,qwen15b-npu7,
1782563506.0977693,200,125.33135900048364,qwen15b-npu6,
1782563506.103404,200,149.66115999959584,qwen15b-npu3,
1782563506.1039147,200,120.32343600003514,qwen15b-npu4,
1782563506.105796,200,132.95794400073646,qwen15b-npu5,
1782563506.1252797,200,142.06316499985405,qwen15b-npu7,
1782563506.1263435,200,141.952924999714,qwen15b-npu6,
1782563506.1296659,200,123.81610199918214,qwen15b-npu4,
1782563506.1325634,200,133.7958880012593,qwen15b-npu5,
1782563506.1329226,200,119.88249400019413,qwen15b-npu5,
1782563506.1375134,200,159.11594299905119,qwen15b-npu3,
1782563506.1549003,200,124.37724499977776,qwen15b-npu7,
1782563506.1552413,200,143.79468400147744,qwen15b-npu7,
1782563506.1560884,200,125.28195900085848,qwen15b-npu6,
1782563506.1575787,200,130.60352299908118,qwen15b-npu4,
1782563506.1580362,200,144.70253699983004,qwen15b-npu6,
1782563506.1584594,200,117.75618500178098,qwen15b-npu4,
1782563506.1601942,200,124.74848700003349,qwen15b-npu5,
1782563506.171449,200,168.593525999313,qwen15b-npu3,
1782563506.182215,200,129.89976000062597,qwen15b-npu7,
1782563506.1831038,200,127.05866699980106,qwen15b-npu6,
1782563506.205186,200,177.8501270000561,qwen15b-npu3,
1782563506.2056592,200,165.37738199986052,qwen15b-npu3,
1782563506.2072854,200,129.36492799963162,qwen15b-npu4,
1782563506.207815,200,137.63442499839584,qwen15b-npu4,
1782563506.2116008,200,142.22421600061352,qwen15b-npu6,
1782563506.2127762,200,131.57632799993735,qwen15b-npu7,
1782563506.2130523,200,140.71281899850874,qwen15b-npu7,
1782563506.2165253,200,144.50801600105478,qwen15b-npu5,
1782563506.216859,200,146.95258800020383,qwen15b-npu5,
1782563506.2330842,200,129.11193599938997,qwen15b-npu4,
1782563506.2394214,200,165.96773399942322,qwen15b-npu3,
1782563506.2397275,200,168.71779600114678,qwen15b-npu3,
1782563506.2408972,200,135.00759399903473,qwen15b-npu7,
1782563506.241687,200,143.81827299985162,qwen15b-npu5,
1782563506.242004,200,144.61336699969252,qwen15b-npu6,
1782563506.2601898,200,127.54753900117066,qwen15b-npu4,
1782563506.2664485,200,140.00345599924913,qwen15b-npu5,
1782563506.2690737,200,131.48670800001128,qwen15b-npu6,
1782563506.2698073,200,144.44078599990462,qwen15b-npu6,
1782563506.2702518,200,137.19838300130505,qwen15b-npu7,
1782563506.2723818,200,168.90480800066143,qwen15b-npu3,
1782563506.2867746,200,115.23788300110027,qwen15b-npu4,
1782563506.287006,200,132.01289000062388,qwen15b-npu4,
1782563506.295332,200,140.00423600009526,qwen15b-npu5,
1782563506.295748,200,138.01591700030258,qwen15b-npu5,
1782563506.2974825,200,138.95736099948408,qwen15b-npu6,
1782563506.2994003,200,141.23791199926927,qwen15b-npu7,
1782563506.309031,200,148.76234599978488,qwen15b-npu3,
1782563506.3093815,200,153.2139159990038,qwen15b-npu3,
1782563506.3097904,200,180.06755799979146,qwen15b-npu3,
1782563506.3257062,200,142.47904700096115,qwen15b-npu6,
1782563506.3277044,200,145.42922100008582,qwen15b-npu7,
1782563506.3383262,200,121.71270300132164,qwen15b-npu4,
1782563506.338664,200,131.30221699975664,qwen15b-npu4,
1782563506.3479004,200,142.57736800027487,qwen15b-npu5,
1782563506.3483145,200,135.46930600023188,qwen15b-npu5,
1782563506.3534899,200,141.8120939997607,qwen15b-npu6,
1782563506.3569663,200,140.04195599954983,qwen15b-npu7,
1782563506.357281,200,149.40665799986164,qwen15b-npu7,
1782563506.3638186,200,122.84534800164693,qwen15b-npu4,
1782563506.3749564,200,169.19149900058983,qwen15b-npu3,
1782563506.375412,200,135.56586599952425,qwen15b-npu5,
1782563506.375796,200,162.6153590004833,qwen15b-npu3,
1782563506.3858979,200,143.79456300048332,qwen15b-npu6,
1782563506.3863115,200,153.15679500054102,qwen15b-npu6,
1782563506.3866477,200,144.87362799991388,qwen15b-npu7,
1782563506.3899274,200,120.74640900027589,qwen15b-npu4,
1782563506.4028723,200,130.39705299888737,qwen15b-npu5,
1782563506.403625,200,143.35815099911997,qwen15b-npu5,
1782563506.4070532,200,167.54720199969597,qwen15b-npu3,
1782563506.413078,200,142.7542289984558,qwen15b-npu6,
1782563506.4143703,200,144.48652700048115,qwen15b-npu7,
1782563506.4159212,200,129.07588699999906,qwen15b-npu4,
1782563506.431108,200,121.61492300037935,qwen15b-npu5,
1782563506.4315612,200,135.66556600017066,qwen15b-npu5,
1782563506.4405394,200,174.00765099955606,qwen15b-npu3,
1782563506.4412875,200,154.19952999945963,qwen15b-npu3,
1782563506.4427137,200,145.10847000019567,qwen15b-npu6,
1782563506.4432688,200,147.84377199976007,qwen15b-npu7,
1782563506.4443092,200,134.43395099966438,qwen15b-npu7,
1782563506.449483,200,140.36049700007425,qwen15b-npu4,
1782563506.4686074,200,129.85984000079043,qwen15b-npu7,
1782563506.4693,200,130.88929400146299,qwen15b-npu4,
1782563506.4748237,200,175.35318599948369,qwen15b-npu3,
1782563506.4754872,200,147.68775999982608,qwen15b-npu3,
1782563506.4778726,200,152.0507400000497,qwen15b-npu6,
1782563506.4855695,200,137.16435300011653,qwen15b-npu5,
1782563506.4965303,200,139.48956400054158,qwen15b-npu4,
1782563506.497167,200,121.21371099965472,qwen15b-npu4,
1782563506.497775,200,140.42771799904585,qwen15b-npu7,
1782563506.4990413,200,123.94595300065703,qwen15b-npu6,
1782563506.499979,200,151.93697100039572,qwen15b-npu6,
1782563506.5101068,200,156.52610100005404,qwen15b-npu3,
1782563506.5136025,200,127.57486000009521,qwen15b-npu5,
1782563506.5138922,200,149.9388110005384,qwen15b-npu5,
1782563506.522742,200,119.7506840017013,qwen15b-npu4,
1782563506.5258977,200,139.13480200062622,qwen15b-npu7,
1782563506.5261734,200,122.46321699967666,qwen15b-npu7,
1782563506.5269954,200,140.57984800092527,qwen15b-npu6,
1782563506.5396388,200,132.46905199957837,qwen15b-npu5,
1782563506.5433342,200,167.85278300085338,qwen15b-npu3,
1782563506.5438752,200,153.82597899952088,qwen15b-npu3,
1782563506.5490983,200,133.08781500018085,qwen15b-npu4,
1782563506.5536003,200,140.43791799849714,qwen15b-npu6,
1782563506.566946,200,122.57538700032455,qwen15b-npu5,
1782563506.5674484,200,135.7420660006028,qwen15b-npu5,
1782563506.5750985,200,132.26037100139365,qwen15b-npu4,
1782563506.5815265,200,150.3087430010055,qwen15b-npu7,
1782563506.5818954,200,167.39425100058725,qwen15b-npu3,
1782563506.582164,200,138.7922300000355,qwen15b-npu7,
1782563506.5830867,200,142.47391699973377,qwen15b-npu6,
1782563506.5833764,200,133.7939280001592,qwen15b-npu6,
1782563506.601017,200,131.64119799876062,qwen15b-npu4,
1782563506.6107605,200,135.82045700059098,qwen15b-npu7,
1782563506.6145973,200,173.19566599871905,qwen15b-npu3,
1782563506.6150334,200,137.06822200038005,qwen15b-npu6,
1782563506.6205597,200,144.9646790006227,qwen15b-npu5,
1782563506.6208158,200,122.93889899956412,qwen15b-npu5,
1782563506.6287584,200,132.11638999928255,qwen15b-npu4,
1782563506.629038,200,118.80359000133467,qwen15b-npu4,
1782563506.6415243,200,144.15158500014513,qwen15b-npu7,
1782563506.6419084,200,128.2175329997699,qwen15b-npu7,
1782563506.6429288,200,143.75443300014012,qwen15b-npu6,
1782563506.646263,200,132.2748809998302,qwen15b-npu5,
1782563506.6489422,200,163.22738100097922,qwen15b-npu3,
1782563506.6494565,200,180.7585510014178,qwen15b-npu3,
1782563506.6535769,200,127.6001099995483,qwen15b-npu4,
1782563506.671287,200,144.23008500125434,qwen15b-npu7,
1782563506.671865,200,149.04976800062286,qwen15b-npu6,
1782563506.6721385,200,128.71914499919512,qwen15b-npu6,
1782563506.673722,200,133.9747689999058,qwen15b-npu5,
1782563506.680039,200,130.85293499898398,qwen15b-npu4,
1782563506.6815696,200,155.32465600153955,qwen15b-npu3,
1782563506.6819935,200,181.90910699922824,qwen15b-npu3,
1782563506.7014058,200,133.87372800025332,qwen15b-npu6,
1782563506.701762,200,148.04521199948795,qwen15b-npu7,
1782563506.7021883,200,135.1464239996858,qwen15b-npu5,
1782563506.7048895,200,122.64270800005761,qwen15b-npu4,
1782563506.7131317,200,169.19875900020998,qwen15b-npu3,
1782563506.726606,200,144.63556700138724,qwen15b-npu5,
1782563506.7315598,200,148.4032339994883,qwen15b-npu7,
1782563506.7319145,200,130.81684400094673,qwen15b-npu4,
1782563506.7322989,200,148.85196599971096,qwen15b-npu6,
1782563506.747456,200,172.23361200012732,qwen15b-npu3,
1782563506.7478988,200,166.29114499846764,qwen15b-npu3,
1782563506.753735,200,139.075232000323,qwen15b-npu5,
1782563506.7540188,200,124.90318799973466,qwen15b-npu5,
1782563506.7578115,200,137.16914299948257,qwen15b-npu4,
1782563506.7581682,200,115.10067300150695,qwen15b-npu4,
1782563506.7613523,200,146.23996400041506,qwen15b-npu6,
1782563506.7628167,200,133.99068900071143,qwen15b-npu7,
1782563506.7630439,200,152.1988019994751,qwen15b-npu7,
1782563506.7793427,200,158.4610400004749,qwen15b-npu3,
1782563506.7808063,200,131.78211900049064,qwen15b-npu5,
1782563506.7919202,200,150.26748300078907,qwen15b-npu6,
1782563506.793004,200,143.44267199885508,qwen15b-npu6,
1782563506.7934449,200,147.10270800060243,qwen15b-npu7,
1782563506.8067882,200,134.58454200008418,qwen15b-npu5,
1782563506.8088422,200,137.44836499972735,qwen15b-npu4,
1782563506.8091414,200,127.45858900052554,qwen15b-npu4,
1782563506.812229,200,170.23489299936045,qwen15b-npu3,
1782563506.8129263,200,159.25631299978704,qwen15b-npu3,
1782563506.821525,200,147.67465099976107,qwen15b-npu6,
1782563506.8233104,200,141.19398200091382,qwen15b-npu7,
1782563506.8236299,200,151.6924490006204,qwen15b-npu7,
1782563506.8348851,200,133.04309399973135,qwen15b-npu5,
1782563506.8355627,200,130.60530300026585,qwen15b-npu4,
1782563506.846556,200,144.2810950011335,qwen15b-npu3,
1782563506.8468168,200,166.68135700092535,qwen15b-npu3,
1782563506.8520527,200,138.8479710003594,qwen15b-npu7,
1782563506.8529015,200,151.3883480001823,qwen15b-npu6,
1782563506.860218,200,127.84560100044473,qwen15b-npu4,
1782563506.8621852,200,135.5058650005958,qwen15b-npu5,
1782563506.8776062,200,145.5900710006972,qwen15b-npu3,
1782563506.8814142,200,133.86690900006215,qwen15b-npu7,
1782563506.882347,200,150.68428499944275,qwen15b-npu6,
1782563506.8856843,200,127.78106100086006,qwen15b-npu4,
1782563506.8870533,200,139.07435199871543,qwen15b-npu5,
1782563506.887313,200,125.90247200023441,qwen15b-npu5,
1782563506.9113955,200,148.52240499931213,qwen15b-npu3,
1782563506.9116662,200,157.5386160002381,qwen15b-npu3,
1782563506.912669,200,133.24258600005123,qwen15b-npu4,
1782563506.9130657,200,154.81555299993488,qwen15b-npu7,
1782563506.914029,200,160.22080799848482,qwen15b-npu6,
1782563506.9143157,200,133.4051060002821,qwen15b-npu7,
1782563506.914707,200,151.57309899950633,qwen15b-npu6,
1782563506.915856,200,123.84667300102592,qwen15b-npu5,
1782563506.9384658,200,131.60059800065937,qwen15b-npu4,
1782563506.938847,200,117.17652200059092,qwen15b-npu4,
1782563506.9420412,200,118.34248800005298,qwen15b-npu5,
1782563506.9423153,200,149.22193799975503,qwen15b-npu6,
1782563506.9426172,200,130.33057200118492,qwen15b-npu6,
1782563506.9435627,200,134.64329199996428,qwen15b-npu7,
1782563506.9439404,200,134.71143200149527,qwen15b-npu5,
1782563506.9454165,200,151.86131999871577,qwen15b-npu3,
1782563506.964644,200,118.00560600022436,qwen15b-npu4,
1782563506.9714675,200,148.0825430007826,qwen15b-npu7,
1782563506.9730122,200,138.00788700064004,qwen15b-npu6,
1782563506.9765396,200,163.51833299995633,qwen15b-npu3,
1782563506.9912362,200,128.97715600047377,qwen15b-npu4,
1782563506.9950001,200,142.81054900129675,qwen15b-npu5,
1782563507.0010931,200,154.20230999916384,qwen15b-npu7,
1782563507.0018618,200,148.8855669995246,qwen15b-npu6,
1782563507.010014,200,149.72442999896884,qwen15b-npu3,
1782563507.0103593,200,174.72242300027574,qwen15b-npu3,
1782563507.0181062,200,130.98198499938007,qwen15b-npu4,
1782563507.019853,200,138.36151900068216,qwen15b-npu5,
1782563507.033084,200,150.64102500036824,qwen15b-npu6,
1782563507.033425,200,146.04144300028565,qwen15b-npu7,
1782563507.0336993,200,156.01586800039513,qwen15b-npu7,
1782563507.041982,200,156.19779000007838,qwen15b-npu3,
1782563507.0439258,200,129.82233999900927,qwen15b-npu4,
1782563507.0474944,200,136.01559800008545,qwen15b-npu5,
1782563507.0492244,200,137.47176499964553,qwen15b-npu5,
1782563507.0624404,200,147.61514099882334,qwen15b-npu6,
1782563507.062835,200,150.07425200019497,qwen15b-npu6,
1782563507.063592,200,150.45783300047333,qwen15b-npu7,
1782563507.0710077,200,128.60554399958346,qwen15b-npu4,
1782563507.0718994,200,133.35684599951492,qwen15b-npu4,
1782563507.0741153,200,131.996940001045,qwen15b-npu5,
1782563507.0743785,200,128.87067499832483,qwen15b-npu5,
1782563507.0756688,200,159.71913599969412,qwen15b-npu3,
1782563507.0760462,200,161.6659850005817,qwen15b-npu3,
1782563507.0912561,200,148.5574149992317,qwen15b-npu6,
1782563507.0924897,200,148.81915700061654,qwen15b-npu7,
1782563507.0933146,200,154.34214100059762,qwen15b-npu7,
1782563507.0967758,200,123.65786199916329,qwen15b-npu4,
1782563507.1083984,200,164.3636469998455,qwen15b-npu3,
1782563507.1198516,200,155.10444500068843,qwen15b-npu6,
1782563507.120158,200,143.54653199916356,qwen15b-npu7,
1782563507.1229117,200,120.97965999964799,qwen15b-npu4,
1782563507.1262343,200,134.92380299976503,qwen15b-npu5,
1782563507.1414714,200,169.89257200111751,qwen15b-npu3,
1782563507.1481528,200,129.97161999919626,qwen15b-npu6,
1782563507.148451,200,138.35029899928486,qwen15b-npu7,
1782563507.1492186,200,154.14951000093424,qwen15b-npu6,
1782563507.1504524,200,117.2599130004528,qwen15b-npu4,
1782563507.1550765,200,121.5894130000379,qwen15b-npu5,
1782563507.1555996,200,145.1467289989523,qwen15b-npu5,
1782563507.175679,200,155.74326699970698,qwen15b-npu3,
1782563507.1760883,200,174.91872400023567,qwen15b-npu3,
1782563507.176457,200,134.40402100059146,qwen15b-npu6,
1782563507.1780417,200,130.45181199959188,qwen15b-npu4,
1782563507.178353,200,144.57945699905395,qwen15b-npu7,
1782563507.1786687,200,129.2876970001089,qwen15b-npu7,
1782563507.179883,200,116.96752200077754,qwen15b-npu5,
1782563507.2031322,200,140.5703580003319,qwen15b-npu6,
1782563507.2048266,200,130.62685399927432,qwen15b-npu6,
1782563507.205152,200,134.0603890002967,qwen15b-npu4,
1782563507.2055974,200,129.4839479996881,qwen15b-npu4,
1782563507.2065234,200,132.0875809997233,qwen15b-npu5,
1782563507.2073815,200,135.40308499977982,qwen15b-npu7,
1782563507.2091973,200,165.20578100062266,qwen15b-npu3,
1782563507.209576,200,145.88043200092216,qwen15b-npu3,
1782563507.2296562,200,121.16664099994523,qwen15b-npu4,
1782563507.2342775,200,141.7176639988611,qwen15b-npu5,
1782563507.2379985,200,144.56120700015163,qwen15b-npu6,
1782563507.2405796,200,149.24842800064653,qwen15b-npu7,
1782563507.2438557,200,146.9669279995287,qwen15b-npu3,
1782563507.2441745,200,168.43004600013955,qwen15b-npu3,
1782563507.2559035,200,114.31521900158259,qwen15b-npu4,
1782563507.2583883,200,138.42982899950584,qwen15b-npu5,
1782563507.2664623,200,143.48256199991738,qwen15b-npu6,
1782563507.269994,200,149.76363999994646,qwen15b-npu7,
1782563507.275621,200,149.31075800086546,qwen15b-npu3,
1782563507.2828405,200,127.68901999879745,qwen15b-npu4,
1782563507.2854123,200,136.8938720006554,qwen15b-npu5,
1782563507.2952712,200,145.944462999978,qwen15b-npu6,
1782563507.3010314,200,152.78706400022202,qwen15b-npu7,
1782563507.3014495,200,145.77517199904833,qwen15b-npu7,
1782563507.3088682,200,158.346709999023,qwen15b-npu3,
1782563507.3095078,200,130.73641399932967,qwen15b-npu4,
1782563507.3127537,200,134.6185210004478,qwen15b-npu5,
1782563507.3130882,200,137.28511400040588,qwen15b-npu5,
1782563507.3256605,200,145.7021120004356,qwen15b-npu6,
1782563507.3259702,200,149.79110999956902,qwen15b-npu6,
1782563507.328952,200,150.5175740003324,qwen15b-npu7,
1782563507.3353736,200,129.69908900049631,qwen15b-npu4,
1782563507.3360403,200,126.75579599999764,qwen15b-npu4,
1782563507.3378646,200,132.94148400018457,qwen15b-npu5,
1782563507.34312,200,166.55402700052946,qwen15b-npu3,
1782563507.355784,200,150.48646400100552,qwen15b-npu6,
1782563507.3592288,200,152.62079300009646,qwen15b-npu7,
1782563507.35956,200,149.90060099989932,qwen15b-npu7,
1782563507.3610504,200,120.37606699959724,qwen15b-npu4,
1782563507.365997,200,136.26316900081292,qwen15b-npu5,
1782563507.366915,200,122.68116700033715,qwen15b-npu5,
1782563507.377516,200,170.02654200041434,qwen15b-npu3,
1782563507.3780735,200,174.84356399836543,qwen15b-npu3,
1782563507.387138,200,120.58748799972818,qwen15b-npu4,
1782563507.3880038,200,153.60963799867022,qwen15b-npu6,
1782563507.3885043,200,144.5613060004689,qwen15b-npu7,
1782563507.388768,200,132.76731400037534,qwen15b-npu6,
1782563507.4114096,200,173.34070700053417,qwen15b-npu3,
1782563507.4122972,200,153.78470799987554,qwen15b-npu3,
1782563507.41362,200,118.26133700014907,qwen15b-npu4,
1782563507.4160323,200,145.98320300137857,qwen15b-npu7,
1782563507.4175606,200,134.64455099892803,qwen15b-npu6,
1782563507.4181266,200,142.4028969995561,qwen15b-npu5,
1782563507.418368,200,116.79951100086328,qwen15b-npu5,
1782563507.4400957,200,126.93280700113974,qwen15b-npu4,
1782563507.4430587,200,117.022762000488,qwen15b-npu5,
1782563507.444306,200,158.76910099905217,qwen15b-npu3,
1782563507.4467275,200,137.7776659992378,qwen15b-npu6,
1782563507.4470894,200,134.23104899993632,qwen15b-npu7,
1782563507.4475825,200,146.44131599925458,qwen15b-npu7,
1782563507.4665985,200,130.47050300156116,qwen15b-npu4,
1782563507.469138,200,131.20247600090806,qwen15b-npu5,
1782563507.4764252,200,133.1462250000186,qwen15b-npu6,
1782563507.4768367,200,151.08407700063253,qwen15b-npu6,
1782563507.4779313,200,142.46305800043046,qwen15b-npu7,
1782563507.4789906,200,149.9718009999924,qwen15b-npu3,
1782563507.479297,200,169.7107309992134,qwen15b-npu3,
1782563507.492751,200,133.42975600062346,qwen15b-npu4,
1782563507.494896,200,133.77566799863416,qwen15b-npu5,
1782563507.5049999,200,138.93187200119428,qwen15b-npu6,
1782563507.5081782,200,130.58509300026344,qwen15b-npu7,
1782563507.5084262,200,148.7612060009269,qwen15b-npu7,
1782563507.5132177,200,157.34362500006682,qwen15b-npu3,
1782563507.5226438,200,135.4167250010505,qwen15b-npu5,
1782563507.5239463,200,145.80030299839564,qwen15b-npu4,
1782563507.5243075,200,135.46894499995688,qwen15b-npu4,
1782563507.5349243,200,146.8495270000858,qwen15b-npu6,
1782563507.5446248,200,126.43073499930324,qwen15b-npu4,
1782563507.5503328,200,131.88183900092554,qwen15b-npu5,
1782563507.5509913,200,138.5768790005386,qwen15b-npu5,
1782563507.5555005,200,188.48078599876317,qwen15b-npu3,
1782563507.556456,200,167.8822020003281,qwen15b-npu3,
1782563507.5637403,200,149.9992109984305,qwen15b-npu6,
1782563507.5702171,200,125.83224199988763,qwen15b-npu4,
1782563507.5709581,200,153.29399600159377,qwen15b-npu7,
1782563507.5714839,200,159.99852700042538,qwen15b-npu7,
1782563507.5757382,200,128.08595200112904,qwen15b-npu5,
1782563507.58902,200,172.91952500090702,qwen15b-npu3,
1782563507.5928173,200,152.61694400032866,qwen15b-npu6,
1782563507.5931203,200,145.95801299947198,qwen15b-npu6,
1782563507.59651,200,127.29982800010475,qwen15b-npu4,
1782563507.5967643,200,117.35872300050687,qwen15b-npu4,
1782563507.5979,200,151.0757169999124,qwen15b-npu7,
1782563507.6013525,200,124.39096500020241,qwen15b-npu5,
1782563507.6195595,200,141.51127299919608,qwen15b-npu6,
1782563507.6210353,200,177.8103380001994,qwen15b-npu3,
1782563507.6260169,200,149.47423900048307,qwen15b-npu7,
1782563507.62622,200,133.37941600002523,qwen15b-npu7,
1782563507.6287558,200,133.75279799947748,qwen15b-npu5,
1782563507.6479974,200,139.7467950009741,qwen15b-npu4,
1782563507.6482966,200,113.25256499912939,qwen15b-npu4,
1782563507.6497223,200,144.61322699935408,qwen15b-npu6,
1782563507.6501637,200,126.1309830006212,qwen15b-npu6,
1782563507.6541278,200,140.80627000112145,qwen15b-npu7,
1782563507.6559284,200,189.20139900001232,qwen15b-npu3,
1782563507.6562324,200,133.51616699947044,qwen15b-npu5,
1782563507.6570866,200,178.01833799967426,qwen15b-npu3,
1782563507.6724632,200,116.87315099879925,qwen15b-npu4,
1782563507.6763709,200,125.9290920006606,qwen15b-npu6,
1782563507.6814656,200,136.75407099981385,qwen15b-npu7,
1782563507.6822443,200,131.18508600018686,qwen15b-npu5,
1782563507.6872203,200,178.72913199971663,qwen15b-npu3,
1782563507.687546,200,163.11110099923098,qwen15b-npu3,
1782563507.698624,200,127.07718699857651,qwen15b-npu4,
1782563507.7042508,200,133.22461499956262,qwen15b-npu6,
1782563507.7092028,200,138.93021100011538,qwen15b-npu5,
1782563507.7095613,200,116.66009999862581,qwen15b-npu5,
1782563507.7110775,200,147.25841899962688,qwen15b-npu7,
1782563507.71155,200,122.41624600028445,qwen15b-npu7,
1782563507.7207475,200,144.95429899943701,qwen15b-npu3,
1782563507.7211876,200,164.63029799888318,qwen15b-npu3,
1782563507.7252953,200,128.72546399921703,qwen15b-npu4,
1782563507.7335596,200,140.36274799946113,qwen15b-npu6,
1782563507.7356327,200,134.2215889999352,qwen15b-npu5,
1782563507.7380614,200,140.10150600006455,qwen15b-npu7,
1782563507.75012,200,129.02860600115673,qwen15b-npu4,
1782563507.7524524,200,155.609617000664,qwen15b-npu3,
1782563507.761287,200,132.47332200080564,qwen15b-npu5,
1782563507.7622426,200,142.62042799964547,qwen15b-npu6,
1782563507.7662928,200,140.01595700028702,qwen15b-npu7,
1782563507.778199,200,121.85366400080966,qwen15b-npu4,
1782563507.7786074,200,130.51685300160898,qwen15b-npu4,
1782563507.7871315,200,161.04802100016968,qwen15b-npu3,
1782563507.7887964,200,134.5923219996621,qwen15b-npu5,
1782563507.7914498,200,135.43698499961465,qwen15b-npu6,
1782563507.7918284,200,143.4467319995747,qwen15b-npu6,
1782563507.795906,200,145.6093509987113,qwen15b-npu7,
1782563507.7963517,200,123.80194199977268,qwen15b-npu7,
1782563507.8035967,200,121.25695100075973,qwen15b-npu4,
1782563507.8151798,200,116.49582000063674,qwen15b-npu5,
1782563507.8158617,200,139.3711330001679,qwen15b-npu5,
1782563507.8176777,200,167.85506300038833,qwen15b-npu3,
1782563507.818033,200,160.8726710001065,qwen15b-npu3,
1782563507.819295,200,137.7423550002277,qwen15b-npu6,
1782563507.8234127,200,135.8080570007587,qwen15b-npu7,
1782563507.8293447,200,120.05352500091249,qwen15b-npu4,
1782563507.843258,200,131.56556700050714,qwen15b-npu5,
1782563507.8466136,200,125.74618100006774,qwen15b-npu6,
1782563507.8470497,200,142.74275800016767,qwen15b-npu6,
1782563507.8481786,200,138.48564999898372,qwen15b-npu3,
1782563507.848612,200,161.28570299952116,qwen15b-npu3,
1782563507.8503878,200,139.22878300036245,qwen15b-npu7,
1782563507.855986,200,134.6696320015326,qwen15b-npu4,
1782563507.8692737,200,133.511895999618,qwen15b-npu5,
1782563507.8718917,200,133.7365569997928,qwen15b-npu6,
1782563507.8749743,200,149.56495899969013,qwen15b-npu3,
1782563507.876412,200,142.7951990008296,qwen15b-npu7,
1782563507.8817594,200,131.56722799976706,qwen15b-npu4,
1782563507.8958385,200,133.50512599936337,qwen15b-npu5,
1782563507.89829,200,131.93400899945118,qwen15b-npu6,
1782563507.9025698,200,141.21528199939348,qwen15b-npu7,
1782563507.9052193,200,152.66736400008085,qwen15b-npu3,
1782563507.9072874,200,115.3413840002031,qwen15b-npu4,
1782563507.9078376,200,129.16764699912164,qwen15b-npu4,
1782563507.923766,200,120.05304500053171,qwen15b-npu5,
1782563507.9247086,200,135.7619859991246,qwen15b-npu5,
1782563507.9250987,200,133.54680699922028,qwen15b-npu6,
1782563507.9299018,200,142.6052280003205,qwen15b-npu7,
1782563507.9303381,200,133.87384799898427,qwen15b-npu7,
1782563507.932441,200,116.48877900006482,qwen15b-npu4,
1782563507.9379835,200,141.9651950000116,qwen15b-npu3,
1782563507.9383526,200,160.02579700034403,qwen15b-npu3,
1782563507.9494898,200,130.1202810009272,qwen15b-npu5,
1782563507.9513307,200,127.86565100032021,qwen15b-npu6,
1782563507.9515598,200,136.28738899933523,qwen15b-npu6,
1782563507.955015,200,136.87962199946924,qwen15b-npu7,
1782563507.9586759,200,129.27609799953643,qwen15b-npu4,
1782563507.9649742,200,147.19368899932306,qwen15b-npu3,
1782563507.9754567,200,127.17774800148618,qwen15b-npu5,
1782563507.9766905,200,129.54869799978042,qwen15b-npu6,
1782563507.9838574,200,137.10791300036362,qwen15b-npu7,
1782563507.984223,200,135.52463599990006,qwen15b-npu4,
1782563507.9846475,200,128.5735149995162,qwen15b-npu7,
1782563507.9946458,200,144.20418500048982,qwen15b-npu3,
1782563507.9953988,200,152.04959999937273,qwen15b-npu3,
1782563508.004873,200,135.52110499949777,qwen15b-npu5,
1782563508.0074024,200,135.43286499952956,qwen15b-npu6,
1782563508.0085807,200,133.5511460001726,qwen15b-npu4,
1782563508.0093765,200,127.55581999954302,qwen15b-npu7,
1782563508.0240545,200,147.58920099848183,qwen15b-npu3,
1782563508.0281157,200,120.21096599892189,qwen15b-npu5,
1782563508.0284317,200,132.51460199899157,qwen15b-npu5,
1782563508.0338378,200,131.20515599985083,qwen15b-npu4,
1782563508.0371978,200,129.83474000066053,qwen15b-npu7,
1782563508.0379307,200,139.5573139998305,qwen15b-npu6,
1782563508.0533268,200,122.88855899896589,qwen15b-npu5,
1782563508.0553448,200,150.06323199850158,qwen15b-npu3,
1782563508.0605683,200,135.73862600060238,qwen15b-npu4,
1782563508.0608726,200,122.39322599998559,qwen15b-npu4,
1782563508.0644956,200,134.47002100110694,qwen15b-npu7,
1782563508.068675,200,144.75756700085185,qwen15b-npu6,
1782563508.0690215,200,136.48568999997224,qwen15b-npu6,
1782563508.0811207,200,129.73215999954846,qwen15b-npu5,
1782563508.0851371,200,130.0362909987598,qwen15b-npu4,
1782563508.0858386,200,160.65187999993213,qwen15b-npu3,
1782563508.0861778,200,148.08847299900663,qwen15b-npu3,
1782563508.0925179,200,127.46471900027245,qwen15b-npu7,
1782563508.0928295,200,143.25347099838837,qwen15b-npu7,
1782563508.0942628,200,142.64548800019838,qwen15b-npu6,
1782563508.1068385,200,131.2477069986926,qwen15b-npu5,
1782563508.1105947,200,126.62547600120888,qwen15b-npu4,
1782563508.1144555,200,155.70090699839056,qwen15b-npu3,
1782563508.119752,200,135.00662300066324,qwen15b-npu7,
1782563508.1247725,200,129.28204700074275,qwen15b-npu6,
1782563508.125458,200,148.68810500047402,qwen15b-npu6,
1782563508.1331391,200,138.4151889997156,qwen15b-npu5,
1782563508.1334157,200,123.97791299918026,qwen15b-npu5,
1782563508.138617,200,133.66741700156126,qwen15b-npu4,
1782563508.14544,200,161.13284200037015,qwen15b-npu3,
1782563508.1459804,200,138.51066999995965,qwen15b-npu3,
1782563508.1475751,200,138.91284099918266,qwen15b-npu7,
1782563508.151478,200,127.35815800078853,qwen15b-npu6,
1782563508.1598043,200,122.54677599958086,qwen15b-npu5,
1782563508.1615205,200,133.32286600052612,qwen15b-npu4,
1782563508.1732948,200,144.805207999525,qwen15b-npu3,
1782563508.1761162,200,142.20864600065397,qwen15b-npu7,
1782563508.1808112,200,142.81711900002847,qwen15b-npu6,
1782563508.1853552,200,124.41254499935894,qwen15b-npu5,
1782563508.1879215,200,134.52514100026747,qwen15b-npu4,
1782563508.1883006,200,119.20700200062129,qwen15b-npu4,
1782563508.2029045,200,134.10956900042947,qwen15b-npu3,
1782563508.2032192,200,147.74594200025604,qwen15b-npu3,
1782563508.2039158,200,122.70556799921906,qwen15b-npu7,
1782563508.204701,200,144.04846400066162,qwen15b-npu7,
1782563508.2100985,200,145.51487100106897,qwen15b-npu6,
1782563508.2104294,200,124.50084500051162,qwen15b-npu6,
1782563508.212179,200,117.85660500027006,qwen15b-npu5,
1782563508.212997,200,127.75278000117396,qwen15b-npu5,
1782563508.2139328,200,127.66263999947114,qwen15b-npu4,
1782563508.2314553,200,138.55888999933086,qwen15b-npu3,
1782563508.2322521,200,139.6394040002633,qwen15b-npu7,
1782563508.2392032,200,128.4900339996966,qwen15b-npu4,
1782563508.239518,200,132.57324199912546,qwen15b-npu6,
1782563508.2606494,200,121.92237299859698,qwen15b-npu7,
1782563508.2609289,200,141.08404099897598,qwen15b-npu7,
1782563508.2655253,200,140.64898900141998,qwen15b-npu5,
1782563508.265886,200,118.22738699993351,qwen15b-npu4,
1782563508.266626,200,121.11387099866988,qwen15b-npu5,
1782563508.2670503,200,133.82947799982503,qwen15b-npu4,
1782563508.2687335,200,135.24172400138923,qwen15b-npu3,
1782563508.2690184,200,154.4878209988383,qwen15b-npu3,
1782563508.269742,200,144.21459499862976,qwen15b-npu6,
1782563508.2879965,200,128.11019199943985,qwen15b-npu7,
1782563508.289158,200,127.55744999958551,qwen15b-npu5,
1782563508.29017,200,113.9847379999992,qwen15b-npu4,
1782563508.2913005,200,139.7697150005115,qwen15b-npu3,
1782563508.298968,200,152.92308499920182,qwen15b-npu6,
1782563508.314513,200,126.48664399966947,qwen15b-npu5,
1782563508.3153229,200,112.03928900067694,qwen15b-npu4,
1782563508.3160925,200,130.61021300018183,qwen15b-npu7,
1782563508.3170946,200,136.1719489996176,qwen15b-npu3,
1782563508.329953,200,156.6026909986249,qwen15b-npu6,
1782563508.3304968,200,142.13721600026474,qwen15b-npu6,
1782563508.3408027,200,130.31044200033648,qwen15b-npu4,
1782563508.3424056,200,137.61851500021294,qwen15b-npu5,
1782563508.3428617,200,128.85779499993077,qwen15b-npu5,
1782563508.3443007,200,140.29687699985516,qwen15b-npu7,
1782563508.3445885,200,131.47245700019994,qwen15b-npu7,
1782563508.346197,200,133.9256880000903,qwen15b-npu3,
1782563508.3465207,200,143.51120199899015,qwen15b-npu3,
1782563508.3595426,200,149.34920899941062,qwen15b-npu6,
1782563508.3666036,200,134.255380000468,qwen15b-npu4,
1782563508.3711374,200,131.82332799988217,qwen15b-npu7,
1782563508.3749652,200,135.36575500074832,qwen15b-npu3,
1782563508.3897297,200,158.17357899868512,qwen15b-npu6,
1782563508.3949165,200,128.92914500116603,qwen15b-npu5,
1782563508.3959556,200,130.33005199940817,qwen15b-npu4,
1782563508.3963697,200,127.5558990000718,qwen15b-npu4,
1782563508.3966537,200,135.93323699933535,qwen15b-npu5,
1782563508.4006274,200,133.47771600092528,qwen15b-npu7,
1782563508.4201999,200,128.83482500001264,qwen15b-npu4,
1782563508.4204316,200,131.1436350006261,qwen15b-npu5,
1782563508.421952,200,152.8669240015006,qwen15b-npu6,
1782563508.4222567,200,161.26053299922205,qwen15b-npu6,
1782563508.4226277,200,132.37931100047717,qwen15b-npu6,
1782563508.428537,200,140.40162800120015,qwen15b-npu7,
1782563508.4325037,200,165.79308300060802,qwen15b-npu3,
1782563508.4335818,200,163.75460400013253,qwen15b-npu3,
1782563508.4339106,200,134.87352299853228,qwen15b-npu3,
1782563508.4469414,200,129.756370000905,qwen15b-npu4,
1782563508.4473255,200,131.89548999980616,qwen15b-npu5,
1782563508.4504547,200,134.29621000068437,qwen15b-npu6,
1782563508.4567344,200,126.17498300096486,qwen15b-npu7,
1782563508.4570453,200,142.45686800131807,qwen15b-npu7,
1782563508.4609365,200,130.92873400091776,qwen15b-npu3,
1782563508.473519,200,130.53544300055364,qwen15b-npu4,
1782563508.4752717,200,129.0043160006462,qwen15b-npu5,
1782563508.475629,200,134.7074919995066,qwen15b-npu5,
1782563508.4810507,200,134.4612410011905,qwen15b-npu6,
1782563508.4818516,200,139.3555729991931,qwen15b-npu6,
1782563508.4852061,200,140.54387899886933,qwen15b-npu7,
1782563508.4888427,200,144.47181600007752,qwen15b-npu3,
1782563508.4992337,200,139.57907400072145,qwen15b-npu4,
1782563508.500097,200,125.02093800139846,qwen15b-npu5,
1782563508.5137095,200,142.49275700058206,qwen15b-npu7,
1782563508.5181696,200,151.4876679993904,qwen15b-npu3,
1782563508.5267634,200,131.75747800050885,qwen15b-npu4,
1782563508.5272286,200,130.47056300092663,qwen15b-npu5,
1782563508.53927,200,149.4544990000577,qwen15b-npu6,
1782563508.5398445,200,139.13955200041528,qwen15b-npu6,
1782563508.5415714,200,145.51854100136552,qwen15b-npu7,
1782563508.5485005,200,152.05616099956387,qwen15b-npu3,
1782563508.5526679,200,132.1727499998815,qwen15b-npu4,
1782563508.5532649,200,124.64021599953412,qwen15b-npu4,
1782563508.5539641,200,131.25036599922169,qwen15b-npu5,
1782563508.554244,200,120.24129599922162,qwen15b-npu5,
1782563508.5690086,200,146.65232600054878,qwen15b-npu6,
1782563508.5708065,200,137.14694299960684,qwen15b-npu7,
1782563508.5711496,200,149.12703700065322,qwen15b-npu7,
1782563508.5778773,200,130.46627299991087,qwen15b-npu4,
1782563508.5786204,200,121.52021200017771,qwen15b-npu5,
1782563508.582838,200,150.26802300053532,qwen15b-npu3,
1782563508.5837424,200,163.47551200124144,qwen15b-npu3,
1782563508.5989788,200,137.98394600053143,qwen15b-npu6,
1782563508.5996492,200,152.64468399982434,qwen15b-npu6,
1782563508.6000865,200,124.73233699893171,qwen15b-npu7,
1782563508.6010191,200,144.20532500116678,qwen15b-npu7,
1782563508.6057723,200,132.1569100000488,qwen15b-npu4,
1782563508.6061363,200,120.83393899956718,qwen15b-npu4,
1782563508.6075644,200,131.8092980000074,qwen15b-npu3,
1782563508.6079562,200,157.3849850010447,qwen15b-npu3,
1782563508.6123712,200,131.22872600069968,qwen15b-npu5,
1782563508.6266472,200,137.7375359988946,qwen15b-npu7,
1782563508.6285317,200,146.57641600024363,qwen15b-npu6,
1782563508.6299076,200,130.57268299962743,qwen15b-npu5,
1782563508.636591,200,136.41016899964598,qwen15b-npu3,
1782563508.6543336,200,127.4638689992571,qwen15b-npu7,
1782563508.656759,200,142.9372990005504,qwen15b-npu6,
1782563508.6571126,200,129.81310000031954,qwen15b-npu5,
1782563508.6575024,200,115.84039599983953,qwen15b-npu4,
1782563508.6579566,200,139.68452399967646,qwen15b-npu4,
1782563508.6812491,200,127.8833010001108,qwen15b-npu5,
1782563508.6816792,200,127.36184799905459,qwen15b-npu4,
1782563508.682883,200,134.31625100020028,qwen15b-npu7,
1782563508.6851938,200,131.15156599997135,qwen15b-npu6,
1782563508.6855457,200,145.63282200106187,qwen15b-npu6,
1782563508.6945791,200,141.82053500007896,qwen15b-npu3,
1782563508.6948557,200,155.5170960000396,qwen15b-npu3,
1782563508.7059445,200,127.2580979984923,qwen15b-npu4,
1782563508.7079942,200,137.10774299943296,qwen15b-npu5,
1782563508.7084167,200,124.57507600083773,qwen15b-npu5,
1782563508.7119517,200,142.85516899872164,qwen15b-npu7,
1782563508.7127023,200,129.77454900101293,qwen15b-npu7,
1782563508.7142758,200,136.31513899963466,qwen15b-npu6,
1782563508.7225986,200,151.34595699964848,qwen15b-npu3,
1782563508.7340317,200,133.83639799940283,qwen15b-npu4,
1782563508.7343693,200,133.2568359994184,qwen15b-npu5,
1782563508.7346885,200,126.99939699996321,qwen15b-npu4,
1782563508.73509,200,122.60755699935544,qwen15b-npu5,
1782563508.7397091,200,133.83719800003746,qwen15b-npu7,
1782563508.7416067,200,133.5759159992449,qwen15b-npu6,
1782563508.7433252,200,143.60089199908543,qwen15b-npu6,
1782563508.755232,200,149.01995699983672,qwen15b-npu3,
1782563508.7556977,200,156.6360109991365,qwen15b-npu3,
1782563508.7575655,200,120.9099090010568,qwen15b-npu4,
1782563508.774715,200,147.9903919989738,qwen15b-npu7,
1782563508.7756708,200,145.69715200013889,qwen15b-npu6,
1782563508.782286,200,153.65574799943715,qwen15b-npu3,
1782563508.7832513,200,125.18147899936594,qwen15b-npu4,
1782563508.7841249,200,129.69202999920526,qwen15b-npu5,
1782563508.802717,200,145.1156590010214,qwen15b-npu7,
1782563508.8038843,200,147.02162799949292,qwen15b-npu6,
1782563508.809489,200,123.85745299980044,qwen15b-npu4,
1782563508.8110065,200,116.37003900068521,qwen15b-npu5,
1782563508.812174,200,130.80508400162216,qwen15b-npu5,
1782563508.8125772,200,155.35783599989372,qwen15b-npu3,
1782563508.8309445,200,149.15699700031837,qwen15b-npu7,
1782563508.8315089,200,136.58363099966664,qwen15b-npu7,
1782563508.8320844,200,146.7997359995934,qwen15b-npu6,
1782563508.8346593,200,126.14610300079221,qwen15b-npu4,
1782563508.8366306,200,124.58808600058546,qwen15b-npu5,
1782563508.8411229,200,158.15205900071305,qwen15b-npu3,
1782563508.8419385,200,135.91209699916362,qwen15b-npu3,
1782563508.8573658,200,144.59193699985917,qwen15b-npu7,
1782563508.859838,200,151.73128999958863,qwen15b-npu6,
1782563508.8606417,200,137.97489699936705,qwen15b-npu6,
1782563508.861661,200,119.94917499941948,qwen15b-npu4,
1782563508.862117,200,127.66083999849798,qwen15b-npu4,
1782563508.863176,200,119.70641400148452,qwen15b-npu5,
1782563508.8639112,200,128.6931549984729,qwen15b-npu5,
1782563508.870457,200,136.32709000012255,qwen15b-npu3,
1782563508.8707855,200,156.4321400001063,qwen15b-npu3,
1782563508.8857214,200,130.36042200110387,qwen15b-npu7,
1782563508.8860765,200,151.26601699921594,qwen15b-npu7,
1782563508.8877063,200,130.05111100028444,qwen15b-npu6,
1782563508.8885002,200,148.71440599927155,qwen15b-npu6,
1782563508.8970492,200,141.25963200058322,qwen15b-npu3,
1782563508.911595,200,136.76712199958274,qwen15b-npu4,
1782563508.9128258,200,130.4729919993406,qwen15b-npu7,
1782563508.9136336,200,137.86108600106672,qwen15b-npu5,
1782563508.9147382,200,130.51277299928188,qwen15b-npu6,
1782563508.9267108,200,143.38924100047734,qwen15b-npu3,
1782563508.93826,200,125.59933100055787,qwen15b-npu4,
1782563508.9391317,200,136.3104789998033,qwen15b-npu4,
1782563508.9396343,200,135.6840660009766,qwen15b-npu5,
1782563508.9406586,200,131.07906599907437,qwen15b-npu7,
1782563508.943443,200,131.16881600035413,qwen15b-npu6,
1782563508.9548154,200,143.74882300035097,qwen15b-npu3,
1782563508.9633102,200,126.58656500025245,qwen15b-npu4,
1782563508.964521,200,123.3265200007736,qwen15b-npu5,
1782563508.9648552,200,133.8245580009243,qwen15b-npu5,
1782563508.9672503,200,125.2207189991168,qwen15b-npu7,
1782563508.9677668,200,136.19512900004338,qwen15b-npu7,
1782563508.9699967,200,135.27704500120308,qwen15b-npu6,
1782563508.987174,200,155.0356940006168,qwen15b-npu3,
1782563508.9875398,200,130.08249100130342,qwen15b-npu3,
1782563508.9891875,200,128.46581299891113,qwen15b-npu4,
1782563508.9901536,200,119.61698399863963,qwen15b-npu4,
1782563508.99061,200,128.40753400087124,qwen15b-npu5,
1782563508.9912596,200,120.3931170002761,qwen15b-npu5,
1782563508.9944987,200,132.7231830000528,qwen15b-npu7,
1782563508.9986916,200,134.69945199904032,qwen15b-npu6,
1782563508.999351,200,139.44675300081144,qwen15b-npu6,
1782563509.0129976,200,149.72108999972988,qwen15b-npu3,
1782563509.0138404,200,127.63836000158335,qwen15b-npu3,
1782563509.0151684,200,126.56581500050379,qwen15b-npu4,
1782563509.0155342,200,118.41430799904629,qwen15b-npu5,
1782563509.0212786,200,135.47140499940724,qwen15b-npu7,
1782563509.023373,200,135.59956599965517,qwen15b-npu6,
1782563509.0418534,200,127.0324070010247,qwen15b-npu4,
1782563509.0422347,200,115.43117400105984,qwen15b-npu5,
1782563509.0431406,200,130.19683099992108,qwen15b-npu3,
1782563509.0478199,200,136.13641899974027,qwen15b-npu7,
1782563509.0510917,200,137.3826740000368,qwen15b-npu6,
1782563509.0670154,200,126.27729400082899,qwen15b-npu4,
1782563509.0679219,200,124.3920450015139,qwen15b-npu5,
1782563509.0706966,200,131.46231700011413,qwen15b-npu3,
1782563509.0777073,200,139.37445300143736,qwen15b-npu7,
1782563509.0783465,200,123.45838100009132,qwen15b-npu7,
1782563509.079588,200,139.87859599910735,qwen15b-npu6,
1782563509.0930824,200,125.76837099913973,qwen15b-npu5,
1782563509.0933566,200,128.41508300152782,qwen15b-npu4,
1782563509.1005821,200,137.18105299994932,qwen15b-npu3,
1782563509.1009736,200,130.91670500034525,qwen15b-npu3,
1782563509.1047275,200,136.90476199917612,qwen15b-npu7,
1782563509.1097775,200,145.1747399987653,qwen15b-npu6,
1782563509.119797,200,125.19064899970545,qwen15b-npu4,
1782563509.1202028,200,129.94909000008192,qwen15b-npu5,
1782563509.120922,200,122.13393499951053,qwen15b-npu5,
1782563509.1211612,200,133.51017700006196,qwen15b-npu4,
1782563509.1283998,200,137.70691599893325,qwen15b-npu3,
1782563509.132734,200,143.4709510012908,qwen15b-npu7,
1782563509.1333833,200,133.96459800060256,qwen15b-npu7,
1782563509.1361613,200,144.84281799923338,qwen15b-npu6,
1782563509.1370823,200,149.8253610006941,qwen15b-npu6,
1782563509.1374419,200,123.49799100047676,qwen15b-npu6,
1782563509.143819,200,128.1863730000623,qwen15b-npu4,
1782563509.1445415,200,129.25314699896262,qwen15b-npu5,
1782563509.1572647,200,144.19861500027764,qwen15b-npu3,
1782563509.1575494,200,134.0698189997056,qwen15b-npu3,
1782563509.1590738,200,137.70522599952528,qwen15b-npu7,
1782563509.1697524,200,126.53118399975938,qwen15b-npu5,
1782563509.1701257,200,127.78740999965521,qwen15b-npu4,
1782563509.1846669,200,133.46380599978147,qwen15b-npu3,
1782563509.1865163,200,138.59410000077332,qwen15b-npu7,
1782563509.190218,200,123.11174900059996,qwen15b-npu6,
1782563509.1905384,200,148.5770550007146,qwen15b-npu6,
1782563509.1947753,200,126.75300599948969,qwen15b-npu4,
1782563509.195468,200,124.70223600030295,qwen15b-npu5,
1782563509.213157,200,134.74959199993464,qwen15b-npu3,
1782563509.2146964,200,136.895812000148,qwen15b-npu7,
1782563509.2169468,200,137.25954399887996,qwen15b-npu6,
1782563509.2210698,200,111.18220500065945,qwen15b-npu4,
1782563509.2220824,200,128.9106250005716,qwen15b-npu5,
1782563509.2223535,200,128.91033500090998,qwen15b-npu4,
1782563509.2416987,200,140.98895999995875,qwen15b-npu3,
1782563509.2431967,200,142.12182499977644,qwen15b-npu7,
1782563509.2435472,200,123.63388200174086,qwen15b-npu7,
1782563509.2450943,200,140.30505799928505,qwen15b-npu6,
1782563509.2460408,200,124.80576699999801,qwen15b-npu6,
1782563509.2463784,200,117.90453600042383,qwen15b-npu4,
1782563509.2490153,200,128.68981499923393,qwen15b-npu5,
1782563509.2493868,200,116.5922389991465,qwen15b-npu5,
1782563509.2700708,200,125.43614999958663,qwen15b-npu7,
1782563509.2706642,200,137.1858729999076,qwen15b-npu7,
1782563509.2715468,200,135.31452499955776,qwen15b-npu3,
1782563509.2720463,200,151.04748600060702,qwen15b-npu3,
1782563509.2725155,200,128.62372400013555,qwen15b-npu5,
1782563509.2740133,200,114.84288200153969,qwen15b-npu4,
1782563509.2744567,200,137.27840299907257,qwen15b-npu6,
1782563509.2749813,200,137.46386499951768,qwen15b-npu4,
1782563509.2966888,200,126.83950600148819,qwen15b-npu5,
1782563509.297761,200,127.56549900041136,qwen15b-npu7,
1782563509.2984796,200,141.14469100059068,qwen15b-npu3,
1782563509.2995667,200,141.8998940007441,qwen15b-npu6,
1782563509.321573,200,131.27392600108578,qwen15b-npu4,
1782563509.3223472,200,131.7217490013718,qwen15b-npu5,
1782563509.324838,200,129.9719800008461,qwen15b-npu7,
1782563509.3267329,200,140.11750700046832,qwen15b-npu6,
1782563509.3279567,200,143.2186099991668,qwen15b-npu3,
1782563509.3283477,200,132.81092299985175,qwen15b-npu3,
1782563509.347435,200,132.6847230011481,qwen15b-npu4,
1782563509.3482478,200,131.21315599892114,qwen15b-npu5,
1782563509.35183,200,130.69304400050896,qwen15b-npu7,
1782563509.356351,200,143.12138999957824,qwen15b-npu6,
1782563509.356672,200,134.24936000046728,qwen15b-npu6,
1782563509.3576643,200,135.50432499869203,qwen15b-npu3,
1782563509.3736074,200,127.46757899913064,qwen15b-npu4,
1782563509.3748531,200,133.0696140012151,qwen15b-npu4,
1782563509.375127,200,126.01485300001514,qwen15b-npu5,
1782563509.3756373,200,132.3609410010249,qwen15b-npu5,
1782563509.3793063,200,135.65203600046516,qwen15b-npu7,
1782563509.379718,200,130.24495100034983,qwen15b-npu7,
1782563509.381186,200,136.01702800042403,qwen15b-npu6,
1782563509.3850174,200,138.5553889995208,qwen15b-npu3,
1782563509.3981812,200,126.03360199864255,qwen15b-npu5,
1782563509.3998616,200,124.80521699944802,qwen15b-npu4,
1782563509.4002695,200,128.64893500045582,qwen15b-npu4,
1782563509.4085858,200,135.9869579991937,qwen15b-npu7,
1782563509.4089139,200,138.75002000168024,qwen15b-npu6,
1782563509.40927,200,135.14179400044668,qwen15b-npu6,
1782563509.4155016,200,140.92204999906244,qwen15b-npu3,
1782563509.416282,200,145.55273099904298,qwen15b-npu3,
1782563509.4237292,200,126.97273699996003,qwen15b-npu5,
1782563509.43276,200,134.93379300052766,qwen15b-npu7,
1782563509.4347467,200,136.16028799879132,qwen15b-npu6,
1782563509.4429867,200,143.3161110016954,qwen15b-npu3,
1782563509.4499006,200,128.2405120000476,qwen15b-npu4,
1782563509.4506001,200,122.13905399948999,qwen15b-npu4,
1782563509.4509456,200,128.5196739991079,qwen15b-npu5,
1782563509.4599519,200,135.0255939996714,qwen15b-npu7,
1782563509.461446,200,134.6461420016567,qwen15b-npu6,
1782563509.4717376,200,143.66522199998144,qwen15b-npu3,
1782563509.4748738,200,118.11737700008962,qwen15b-npu4,
1782563509.4755704,200,117.82960500022455,qwen15b-npu5,
1782563509.4764583,200,128.9367459994537,qwen15b-npu5,
1782563509.4865623,200,138.22441800039087,qwen15b-npu7,
1782563509.488343,200,136.4454900012788,qwen15b-npu6,
1782563509.4992597,200,142.82885799912037,qwen15b-npu3,
1782563509.502699,200,123.28711999907682,qwen15b-npu5,
1782563509.5034528,200,127.71046999841928,qwen15b-npu4,
1782563509.5145583,200,134.74195200069516,qwen15b-npu7,
1782563509.5148902,200,141.19348100030038,qwen15b-npu7,
1782563509.516084,200,134.8159030003444,qwen15b-npu6,
1782563509.5165899,200,141.37696199941274,qwen15b-npu6,
1782563509.5288494,200,153.92052899915143,qwen15b-npu3,
1782563509.5298455,200,144.74932700068166,qwen15b-npu3,
1782563509.5301754,200,114.57747099848348,qwen15b-npu5,
1782563509.5310507,200,131.07822600068175,qwen15b-npu5,
1782563509.532325,200,123.31344100130082,qwen15b-npu4,
1782563509.5327861,200,134.51876100043592,qwen15b-npu4,
1782563509.542719,200,142.35296699916944,qwen15b-npu7,
1782563509.543071,200,126.69315499988443,qwen15b-npu7,
1782563509.5436761,200,135.00158299939358,qwen15b-npu6,
1782563509.544218,200,120.39211699993757,qwen15b-npu6,
1782563509.554397,200,119.55471299916098,qwen15b-npu4,
1782563509.5562449,200,146.90202699966903,qwen15b-npu3,
1782563509.5682068,200,117.15691300014441,qwen15b-npu6,
1782563509.5688186,200,118.12008600099944,qwen15b-npu7,
1782563509.5796788,200,119.64147399885405,qwen15b-npu4,
1782563509.5808868,200,137.8065360004257,qwen15b-npu5,
1782563509.581568,200,120.06019500040566,qwen15b-npu5,
1782563509.5850375,200,135.0334329999896,qwen15b-npu3,
1782563509.5857766,200,152.9496940001991,qwen15b-npu3,
1782563509.5953746,200,119.72606400013319,qwen15b-npu6,
1782563509.5960937,200,124.25738400088449,qwen15b-npu7,
1782563509.6052628,200,118.62257899883843,qwen15b-npu5,
1782563509.6058633,200,129.31090800157108,qwen15b-npu4,
1782563509.613896,200,138.92569100062246,qwen15b-npu3,
1782563509.6242857,200,135.85200700072164,qwen15b-npu7,
1782563509.6246178,200,125.26920899836114,qwen15b-npu6,
1782563509.631525,200,127.98070099961478,qwen15b-npu4,
1782563509.632863,200,118.23498700141499,qwen15b-npu5,
1782563509.6430948,200,126.43239400131279,qwen15b-npu3,
1782563509.6435509,200,140.7886300003156,qwen15b-npu3,
1782563509.651964,200,135.8026769994467,qwen15b-npu6,
1782563509.6522696,200,137.27444399955857,qwen15b-npu7,
1782563509.6526144,200,122.663656999066,qwen15b-npu6,
1782563509.6529212,200,121.76352399910684,qwen15b-npu7,
1782563509.6592264,200,116.39261900018028,qwen15b-npu5,
1782563509.6600964,200,127.2375180014933,qwen15b-npu4,
1782563509.6604116,200,130.17615199896682,qwen15b-npu5,
1782563509.6607618,200,131.84305899994797,qwen15b-npu4,
1782563509.6735713,200,129.25680700027442,qwen15b-npu3,
1782563509.6742432,200,141.81964400086144,qwen15b-npu3,
1782563509.6775546,200,133.8050270005624,qwen15b-npu6,
1782563509.6781101,200,134.97993300006783,qwen15b-npu7,
1782563509.6853983,200,130.90941500013287,qwen15b-npu4,
1782563509.6901777,200,133.87848800084612,qwen15b-npu5,
1782563509.7046156,200,118.7458290005452,qwen15b-npu6,
1782563509.7049034,200,136.03070799945272,qwen15b-npu6,
1782563509.7065551,200,121.44717199953448,qwen15b-npu7,
1782563509.7068,200,138.54072899994208,qwen15b-npu7,
1782563509.712446,200,131.47743699846615,qwen15b-npu4,
1782563509.7127924,200,131.14004600174667,qwen15b-npu5,
1782563509.7130265,200,116.83694100065622,qwen15b-npu4,
1782563509.7293582,200,149.5926400002645,qwen15b-npu3,
1782563509.7300928,200,134.63996199971007,qwen15b-npu3,
1782563509.7334716,200,127.54699899960542,qwen15b-npu7,
1782563509.7370143,200,131.68288900124026,qwen15b-npu5,
1782563509.7582417,200,133.5577869995177,qwen15b-npu3,
1782563509.7585914,200,144.6138270002848,qwen15b-npu6,
1782563509.7600741,200,127.13507700027549,qwen15b-npu7,
1782563509.7627666,200,138.36774899937154,qwen15b-npu4,
1782563509.7630656,200,131.44944699888583,qwen15b-npu5,
1782563509.7856317,200,142.42013700095413,qwen15b-npu6,
1782563509.785989,200,133.94345800043084,qwen15b-npu6,
1782563509.7869594,200,143.33097100097802,qwen15b-npu3,
1782563509.7885594,200,127.70124000053329,qwen15b-npu7,
1782563509.788867,200,135.83069699961925,qwen15b-npu7,
1782563509.7911777,200,138.80845099993167,qwen15b-npu4,
1782563509.791519,200,131.33209599982365,qwen15b-npu5,
1782563509.791897,200,132.57925200014142,qwen15b-npu4,
1782563509.7923832,200,139.68567400115717,qwen15b-npu5,
1782563509.8110638,200,137.4180439997872,qwen15b-npu6,
1782563509.8141434,200,135.9640179998678,qwen15b-npu5,
1782563509.8152466,200,129.74642900007893,qwen15b-npu7,
1782563509.815476,200,137.8420860000915,qwen15b-npu4,
1782563509.8165102,200,156.01488900028926,qwen15b-npu3,
1782563509.8168662,200,142.53558699965652,qwen15b-npu3,
1782563509.837996,200,125.12844800039602,qwen15b-npu6,
1782563509.8387496,200,148.48183499998413,qwen15b-npu6,
1782563509.841289,200,134.67529199988348,qwen15b-npu5,
1782563509.8428588,200,137.89324600111286,qwen15b-npu4,
1782563509.8432732,200,130.186701000639,qwen15b-npu4,
1782563509.8436415,200,136.7857909990562,qwen15b-npu7,
1782563509.8448706,200,140.18218700039142,qwen15b-npu3,
1782563509.845248,200,132.69912299983844,qwen15b-npu3,
1782563509.8635705,200,130.03756100079045,qwen15b-npu6,
1782563509.8667028,200,137.27256400125043,qwen15b-npu5,
1782563509.8699722,200,139.80761599850666,qwen15b-npu7,
1782563509.8726337,200,135.5644459999894,qwen15b-npu3,
1782563509.8900754,200,127.23678800102789,qwen15b-npu6,
1782563509.8910286,200,132.6940029994148,qwen15b-npu4,
1782563509.8917143,200,133.0659539999033,qwen15b-npu5,
1782563509.8976731,200,137.53164400077367,qwen15b-npu7,
1782563509.901219,200,138.06739800020296,qwen15b-npu3,
1782563509.9172938,200,124.79370700020809,qwen15b-npu6,
1782563509.9176586,200,129.01313600013964,qwen15b-npu6,
1782563509.9188473,200,127.55853999988176,qwen15b-npu4,
1782563509.9192076,200,133.15362499997718,qwen15b-npu4,
1782563509.920261,200,134.50297100098396,qwen15b-npu5,
1782563509.9209979,200,128.95790500078874,qwen15b-npu5,
1782563509.9253485,200,138.31978800044453,qwen15b-npu7,
1782563509.9262147,200,134.61939099943265,qwen15b-npu7,
1782563509.9317095,200,142.76273799987393,qwen15b-npu3,
1782563509.9425879,200,128.36824300029548,qwen15b-npu4,
1782563509.943441,200,127.88239099972998,qwen15b-npu5,
1782563509.9444351,200,127.83179100006237,qwen15b-npu6,
1782563509.9525232,200,137.21841400001722,qwen15b-npu7,
1782563509.9609468,200,149.81247099967732,qwen15b-npu3,
1782563509.961467,200,144.52193599936436,qwen15b-npu3,
1782563509.969461,200,131.39192699964042,qwen15b-npu4,
1782563509.9698572,200,126.13659299859137,qwen15b-npu4,
1782563509.9702282,200,125.26682900170272,qwen15b-npu5,
1782563509.9707239,200,131.88823900054558,qwen15b-npu5,
1782563509.9718597,200,128.87844499891798,qwen15b-npu6,
1782563509.9806523,200,135.32456400025694,qwen15b-npu7,
1782563509.9810143,200,139.6607540009427,qwen15b-npu7,
1782563509.9876385,200,144.28377500007628,qwen15b-npu3,
1782563509.9937146,200,123.65213200064318,qwen15b-npu4,
1782563509.9950612,200,122.37446600011026,qwen15b-npu5,
1782563509.996149,200,132.52590199954284,qwen15b-npu6,
1782563510.0165741,200,149.769871000899,qwen15b-npu3,
1782563510.01944,200,121.67751299966767,qwen15b-npu4,
1782563510.0205522,200,119.24020199876395,qwen15b-npu5,
1782563510.0222657,200,131.17688500096847,qwen15b-npu6,
1782563510.0333648,200,143.21043100062525,qwen15b-npu7,
1782563510.0457191,200,153.9462589989853,qwen15b-npu3,
1782563510.0465472,200,127.59997000102885,qwen15b-npu4,
1782563510.0475986,200,115.8100070006185,qwen15b-npu4,
1782563510.0478592,200,127.51934999869263,qwen15b-npu5,
1782563510.0496087,200,131.8129189985484,qwen15b-npu6,
1782563510.0499885,200,124.54318499840156,qwen15b-npu6,
1782563510.0616612,200,144.26627499960887,qwen15b-npu7,
1782563510.062389,200,141.27486200050043,qwen15b-npu7,
1782563510.0632854,200,119.74688400005107,qwen15b-npu7,
1782563510.0723403,200,129.64759900023637,qwen15b-npu5,
1782563510.074484,200,129.95838099959656,qwen15b-npu6,
1782563510.0755167,200,156.2416589986242,qwen15b-npu3,
1782563510.0761073,200,149.8219409986632,qwen15b-npu3,
1782563510.0881493,200,118.56955899929744,qwen15b-npu7,
1782563510.0976048,200,136.58744099848263,qwen15b-npu4,
1782563510.098517,200,128.22182300078566,qwen15b-npu4,
1782563510.0991964,200,127.23686800018186,qwen15b-npu5,
1782563510.0995944,200,138.06039699920802,qwen15b-npu5,
1782563510.10336,200,122.27961600001436,qwen15b-npu6,
1782563510.1038442,200,133.06345399905695,qwen15b-npu6,
1782563510.1055224,200,135.54757599922596,qwen15b-npu3,
1782563510.1057608,200,153.16892599912535,qwen15b-npu3,
1782563510.1162493,200,120.01587499980815,qwen15b-npu7,
1782563510.116545,200,135.7902269992337,qwen15b-npu7,
1782563510.1227362,200,128.9305059999606,qwen15b-npu4,
1782563510.123451,200,128.3353230010107,qwen15b-npu5,
1782563510.1348374,200,147.13312899948505,qwen15b-npu3,
1782563510.1487684,200,128.12150200079486,qwen15b-npu4,
1782563510.1492386,200,126.89147600030992,qwen15b-npu5,
1782563510.1614363,200,144.7499380010413,qwen15b-npu6,
1782563510.164354,200,144.8191780000343,qwen15b-npu3,
1782563510.1756275,200,127.95598099910421,qwen15b-npu5,
1782563510.1759055,200,112.51841100056481,qwen15b-npu5,
1782563510.1762252,200,128.29304300066724,qwen15b-npu4,
1782563510.1768026,200,114.31106999953045,qwen15b-npu4,
1782563510.1786733,200,145.24543000152335,qwen15b-npu7,
1782563510.1790664,200,128.96461600030307,qwen15b-npu7,
1782563510.1891563,200,139.43827399998554,qwen15b-npu6,
1782563510.189667,200,143.86016400021617,qwen15b-npu6,
1782563510.1947417,200,148.10817299985501,qwen15b-npu3,
1782563510.1950645,200,133.33390499974485,qwen15b-npu3,
1782563510.1990378,200,122.86523900002067,qwen15b-npu4,
1782563510.1998343,200,111.5763669986336,qwen15b-npu5,
1782563510.2056203,200,133.1937850009126,qwen15b-npu7,
1782563510.2146654,200,140.08513699991454,qwen15b-npu6,
1782563510.2245748,200,148.99175699974876,qwen15b-npu3,
1782563510.2248664,200,125.16278899965982,qwen15b-npu4,
1782563510.2256527,200,122.22806499994476,qwen15b-npu5,
1782563510.23635,200,132.4440719999984,qwen15b-npu7,
1782563510.2371125,200,139.41107399841712,qwen15b-npu7,
1782563510.2470653,200,141.23963199926948,qwen15b-npu6,
1782563510.2475107,200,148.90714700050012,qwen15b-npu6,
1782563510.2502697,200,133.95231800132024,qwen15b-npu4,
1782563510.2520044,200,135.3861749994394,qwen15b-npu5,
1782563510.2653925,200,166.0709339994355,qwen15b-npu3,
1782563510.265883,200,160.2921880003123,qwen15b-npu3,
1782563510.2671409,200,144.31125599912775,qwen15b-npu7,
1782563510.2736363,200,150.12909200049762,qwen15b-npu6,
1782563510.2774274,200,128.56137400012813,qwen15b-npu4,
1782563510.2777636,200,128.44062300064252,qwen15b-npu5,
1782563510.2940226,200,159.09928300061438,qwen15b-npu3,
1782563510.2949307,200,133.38538599964522,qwen15b-npu7,
1782563510.3010385,200,136.57720099945436,qwen15b-npu6,
1782563510.3015966,200,122.8177080010937,qwen15b-npu6,
1782563510.303159,200,113.89089799922658,qwen15b-npu4,
1782563510.3035831,200,127.57248900015838,qwen15b-npu4,
1782563510.304884,200,128.5660440007632,qwen15b-npu5,
1782563510.3051317,200,115.35511500005668,qwen15b-npu5,
1782563510.3223565,200,145.43251100076304,qwen15b-npu7,
1782563510.3227236,200,127.58628899973701,qwen15b-npu7,
1782563510.3249834,200,149.2840579994663,qwen15b-npu3,
1782563510.3252347,200,146.07395399980305,qwen15b-npu3,
1782563510.3263454,200,131.52123800136906,qwen15b-npu6,
1782563510.329085,200,123.39662000158569,qwen15b-npu5,
1782563510.3301973,200,130.2622209987021,qwen15b-npu4,
1782563510.348649,200,133.88540800042392,qwen15b-npu7,
1782563510.3535354,200,128.8926850011194,qwen15b-npu6,
1782563510.3541636,200,128.4506230003899,qwen15b-npu4,
1782563510.3556406,200,156.53809099967475,qwen15b-npu3,
1782563510.355956,200,119.53124299907358,qwen15b-npu5,
1782563510.3770504,200,139.86582500001532,qwen15b-npu7,
1782563510.3806996,200,128.6288749997766,qwen15b-npu5,
1782563510.381301,200,130.9646049994626,qwen15b-npu4,
1782563510.381779,200,115.78576600004453,qwen15b-npu6,
1782563510.3820589,200,134.92609300010372,qwen15b-npu6,
1782563510.3875608,200,162.62861900031567,qwen15b-npu3,
1782563510.3881257,200,140.54390900128055,qwen15b-npu3,
1782563510.4063594,200,132.66643199858663,qwen15b-npu4,
1782563510.4066613,200,129.14528699911898,qwen15b-npu5,
1782563510.407971,200,130.1213810002082,qwen15b-npu7,
1782563510.4083207,200,142.78903800004628,qwen15b-npu7,
1782563510.4182866,200,151.0395069999504,qwen15b-npu3,
1782563510.4317725,200,130.06520099952468,qwen15b-npu5,
1782563510.4348142,200,133.67102800111752,qwen15b-npu4,
1782563510.4351788,200,131.90534900058992,qwen15b-npu7,
1782563510.4354925,200,130.26944199918944,qwen15b-npu4,
1782563510.4361167,200,142.00638600050297,qwen15b-npu6,
1782563510.4367282,200,133.03857400023844,qwen15b-npu6,
1782563510.449658,200,154.60749200065038,qwen15b-npu3,
1782563510.4500866,200,145.1369189999241,qwen15b-npu3,
1782563510.4583018,200,131.89583900020807,qwen15b-npu4,
1782563510.459824,200,136.98823199956678,qwen15b-npu5,
1782563510.4601102,200,130.91326500034484,qwen15b-npu5,
1782563510.460634,200,135.33241499862925,qwen15b-npu6,
1782563510.463631,200,141.1662319987954,qwen15b-npu7,
1782563510.464238,200,133.97105800140707,qwen15b-npu7,
1782563510.478567,200,153.51178700075252,qwen15b-npu3,
1782563510.48307,200,128.83789500119747,qwen15b-npu4,
1782563510.4842367,200,128.52633399961633,qwen15b-npu5,
1782563510.4864843,200,137.7329049992113,qwen15b-npu6,
1782563510.4905713,200,134.54248100060795,qwen15b-npu7,
1782563510.5078914,200,154.2885609997029,qwen15b-npu3,
1782563510.5089223,200,127.5495489990135,qwen15b-npu4,
1782563510.5099204,200,127.79679099912755,qwen15b-npu5,
1782563510.514884,200,137.7717350005696,qwen15b-npu6,
1782563510.515126,200,127.50276000042504,qwen15b-npu6,
1782563510.518576,200,136.7267109999375,qwen15b-npu7,
1782563510.534975,200,128.51900399982696,qwen15b-npu4,
1782563510.536551,200,129.80371999947238,qwen15b-npu5,
1782563510.5387099,200,157.9428379991441,qwen15b-npu3,
1782563510.5390399,200,150.84916500018153,qwen15b-npu3,
1782563510.5416985,200,133.245454999269,qwen15b-npu6,
1782563510.547074,200,139.0101719989616,qwen15b-npu7,
1782563510.5620139,200,130.17611199938983,qwen15b-npu4,
1782563510.5624547,200,125.65827100115712,qwen15b-npu4,
1782563510.563599,200,113.81933700067748,qwen15b-npu5,
1782563510.564291,200,129.362478000985,qwen15b-npu5,
1782563510.5675464,200,131.3644869987911,qwen15b-npu6,
1782563510.5696561,200,134.3686099990009,qwen15b-npu3,
1782563510.5703645,200,152.0039299994096,qwen15b-npu3,
1782563510.575539,200,125.36492999970505,qwen15b-npu7,
1782563510.57582,200,140.23744699989038,qwen15b-npu7,
1782563510.5866685,200,126.76701599957596,qwen15b-npu4,
1782563510.5884166,200,127.67007000002195,qwen15b-npu5,
1782563510.5952215,200,130.91612399875885,qwen15b-npu6,
1782563510.5956137,200,137.22406300075818,qwen15b-npu6,
1782563510.5971732,200,136.93679200150655,qwen15b-npu3,
1782563510.6012793,200,137.54703500126197,qwen15b-npu7,
1782563510.612404,200,129.26663700091012,qwen15b-npu4,
1782563510.6137674,200,129.46631900013017,qwen15b-npu5,
1782563510.6210275,200,130.39251299960597,qwen15b-npu6,
1782563510.6267698,200,148.10653300082777,qwen15b-npu3,
1782563510.6285136,200,141.96593499946175,qwen15b-npu7,
1782563510.638216,200,129.23058699925605,qwen15b-npu4,
1782563510.6390524,200,129.07216699932178,qwen15b-npu5,
1782563510.6488554,200,133.90261799941072,qwen15b-npu6,
1782563510.6575456,200,142.34792699971877,qwen15b-npu7,
1782563510.6578035,200,139.16127199991024,qwen15b-npu3,
1782563510.6585526,200,150.59592400029942,qwen15b-npu3,
1782563510.664458,200,129.40341800094757,qwen15b-npu4,
1782563510.6649358,200,117.77739500030293,qwen15b-npu4,
1782563510.665875,200,129.24557699989236,qwen15b-npu5,
1782563510.6780667,200,138.95441199929337,qwen15b-npu6,
1782563510.685042,200,146.2455939999927,qwen15b-npu7,
1782563510.6853116,200,123.1552900007955,qwen15b-npu7,
1782563510.6877108,200,145.893602999422,qwen15b-npu3,
1782563510.6889775,200,121.32297099924472,qwen15b-npu4,
1782563510.6912289,200,121.47734199970728,qwen15b-npu5,
1782563510.6916685,200,129.13414700051362,qwen15b-npu5,
1782563510.7054777,200,141.78885399996943,qwen15b-npu6,
1782563510.70629,200,130.6977040003403,qwen15b-npu6,
1782563510.7109983,200,140.5586079999921,qwen15b-npu7,
1782563510.7153897,200,114.03382800017425,qwen15b-npu4,
1782563510.7157576,200,128.968545999669,qwen15b-npu4,
1782563510.7167287,200,128.21880200135638,qwen15b-npu5,
1782563510.7192833,200,154.87371400013217,qwen15b-npu3,
1782563510.719587,200,143.65877199998067,qwen15b-npu3,
1782563510.7329803,200,137.2512830002961,qwen15b-npu6,
1782563510.738435,200,124.59963600122137,qwen15b-npu7,
1782563510.7388418,200,143.508301998736,qwen15b-npu7,
1782563510.7446616,200,132.15863000004902,qwen15b-npu5,
1782563510.747094,200,118.5272780003288,qwen15b-npu4,
1782563510.7485018,200,151.23278700048104,qwen15b-npu3,
1782563510.7589474,200,137.8289059994131,qwen15b-npu6,
1782563510.7643635,200,125.24421899979643,qwen15b-npu7,
1782563510.7709014,200,132.60225300109596,qwen15b-npu5,
1782563510.7796142,200,152.7871239995875,qwen15b-npu3,
1782563510.7875493,200,122.52745600017079,qwen15b-npu6,
1782563510.788,200,139.07964200006973,qwen15b-npu6,
1782563510.7911718,200,126.61982600002375,qwen15b-npu7,
1782563510.794152,200,115.99102699983632,qwen15b-npu4,
1782563510.794803,200,136.93113199951767,qwen15b-npu4,
1782563510.7973378,200,138.7155909997091,qwen15b-npu5,
1782563510.810319,200,144.3635159994301,qwen15b-npu3,
1782563510.8106742,200,153.05430500120565,qwen15b-npu3,
1782563510.813081,200,125.24843900064297,qwen15b-npu6,
1782563510.8178146,200,132.42914199872757,qwen15b-npu7,
1782563510.819024,200,127.67987000006542,qwen15b-npu4,
1782563510.8244832,200,139.3645629996172,qwen15b-npu5,
1782563510.8248906,200,133.10604499929468,qwen15b-npu5,
1782563510.8404427,200,120.74189800114254,qwen15b-npu6,
1782563510.841359,200,134.98403399898962,qwen15b-npu6,
1782563510.8417203,200,152.6718430013716,qwen15b-npu3,
1782563510.8454158,200,128.5812240002997,qwen15b-npu7,
1782563510.8463,200,140.75279900134774,qwen15b-npu7,
1782563510.84669,200,131.19842600099219,qwen15b-npu4,
1782563510.851272,200,135.44085600005928,qwen15b-npu5,
1782563510.866461,200,121.68777300030342,qwen15b-npu6,
1782563510.871996,200,138.89083100002608,qwen15b-npu4,
1782563510.8726907,200,124.09231399942655,qwen15b-npu4,
1782563510.8730147,200,161.96235499955947,qwen15b-npu3,
1782563510.873359,200,153.99203000015405,qwen15b-npu3,
1782563510.874234,200,135.27681499908795,qwen15b-npu7,
1782563510.8775167,200,138.97704200098815,qwen15b-npu5,
1782563510.8778732,200,118.8222990003851,qwen15b-npu5,
1782563510.893492,200,122.46483600029023,qwen15b-npu6,
1782563510.899078,200,134.641732000091,qwen15b-npu7,
1782563510.9018433,200,113.73827600073128,qwen15b-npu5,
1782563510.9022775,200,155.11286400032986,qwen15b-npu3,
1782563510.922047,200,127.79744999897957,qwen15b-npu6,
1782563510.9233756,200,125.96923199998855,qwen15b-npu4,
1782563510.9236937,200,136.03939800123044,qwen15b-npu4,
1782563510.9283848,200,137.12444299926574,qwen15b-npu7,
1782563510.928667,200,118.25766699985252,qwen15b-npu5,
1782563510.932275,200,152.54890300093393,qwen15b-npu3,
1782563510.9326835,200,137.81469599962293,qwen15b-npu3,
1782563510.9487395,200,129.58980800067366,qwen15b-npu4,
1782563510.9491384,200,135.94385699980194,qwen15b-npu6,
1782563510.954154,200,129.56169900098757,qwen15b-npu5,
1782563510.9564977,200,145.72485200005758,qwen15b-npu7,
1782563510.9572198,200,132.20863100104907,qwen15b-npu7,
1782563510.9602063,200,142.2946270013199,qwen15b-npu3,
1782563510.9734006,200,131.6183369999635,qwen15b-npu4,
1782563510.976634,200,131.1060850002832,qwen15b-npu6,
1782563510.976967,200,136.4507300004334,qwen15b-npu6,
1782563510.982076,200,135.25162500081933,qwen15b-npu5,
1782563510.9839725,200,137.55746399874624,qwen15b-npu7,
1782563510.993299,200,141.92565499979537,qwen15b-npu3,
1782563510.9936028,200,152.1673909992387,qwen15b-npu3,
1782563511.001568,200,128.45134300005157,qwen15b-npu4,
1782563511.002438,200,135.9071570004744,qwen15b-npu4,
1782563511.0032005,200,129.726129998744,qwen15b-npu6,
1782563511.009127,200,131.51085800018336,qwen15b-npu5,
1782563511.0094278,200,137.3458739999478,qwen15b-npu5,
1782563511.0123925,200,134.44432100004633,qwen15b-npu7,
1782563511.0127895,200,140.01275599912333,qwen15b-npu7,
1782563511.021947,200,147.61809099945822,qwen15b-npu3,
1782563511.0260198,200,124.0759739994246,qwen15b-npu4,
1782563511.0300057,200,136.4506200006872,qwen15b-npu6,
1782563511.0342035,200,131.85840900041512,qwen15b-npu5,
1782563511.0517058,200,123.258600000554,qwen15b-npu4,
1782563511.052538,200,153.35751700149558,qwen15b-npu3,
1782563511.0579228,200,125.12436799988791,qwen15b-npu6,
1782563511.0585709,200,134.77440199858393,qwen15b-npu6,
1782563511.059964,200,131.20784600141633,qwen15b-npu5,
1782563511.068135,200,145.9845530007442,qwen15b-npu7,
1782563511.0684905,200,136.10502799929236,qwen15b-npu7,
1782563511.0770214,200,127.78270000126213,qwen15b-npu4,
1782563511.0828145,200,159.34983400074998,qwen15b-npu3,
1782563511.0835223,200,134.67802199920698,qwen15b-npu3,
1782563511.0843298,200,127.02004699895042,qwen15b-npu6,
1782563511.0870345,200,132.78433399864298,qwen15b-npu5,
1782563511.0945206,200,137.94399700054782,qwen15b-npu7,
1782563511.1021745,200,128.68130400056543,qwen15b-npu4,
1782563511.1109252,200,128.75644499945338,qwen15b-npu6,
1782563511.1126273,200,152.3500219991547,qwen15b-npu3,
1782563511.1128738,200,136.14674800010107,qwen15b-npu5,
1782563511.1136746,200,120.00162499862199,qwen15b-npu5,
1782563511.1232498,200,146.2231139994401,qwen15b-npu7,
1782563511.1236382,200,121.97320399900491,qwen15b-npu7,
1782563511.127873,200,134.4970509999257,qwen15b-npu4,
1782563511.128559,200,119.3613120012742,qwen15b-npu4,
1782563511.138203,200,128.68734400035464,qwen15b-npu5,
1782563511.1391141,200,136.58672999918053,qwen15b-npu6,
1782563511.1395702,200,126.66426500072703,qwen15b-npu6,
1782563511.1439924,200,159.91820599992934,qwen15b-npu3,
1782563511.1446638,200,141.37364300040645,qwen15b-npu3,
1782563511.1499407,200,137.44423399839434,qwen15b-npu7,
1782563511.1532915,200,127.17593799970928,qwen15b-npu4,
1782563511.1648626,200,134.79095199909352,qwen15b-npu5,
1782563511.1744466,200,152.4292929989315,qwen15b-npu3,
1782563511.177755,200,143.48590199915634,qwen15b-npu7,
1782563511.1781356,200,120.11405599878344,qwen15b-npu4,
1782563511.1909428,200,132.30259100055264,qwen15b-npu5,
1782563511.1923835,200,124.15267399956065,qwen15b-npu6,
1782563511.1932056,200,141.4026019992889,qwen15b-npu6,
1782563511.2040818,200,126.97558600120828,qwen15b-npu4,
1782563511.204482,200,109.89144900122483,qwen15b-npu4,
1782563511.2065551,200,122.96782900011749,qwen15b-npu7,
1782563511.2068489,200,146.78749700033222,qwen15b-npu7,
1782563511.2075179,200,154.88439399996423,qwen15b-npu3,
1782563511.207859,200,139.27312300074846,qwen15b-npu3,
1782563511.21851,200,135.5969260002894,qwen15b-npu5,
1782563511.2192664,200,116.99336099991342,qwen15b-npu5,
1782563511.2200267,200,135.62314599948877,qwen15b-npu6,
1782563511.2296166,200,115.84514599962858,qwen15b-npu4,
1782563511.2330906,200,122.06709400015825,qwen15b-npu7,
1782563511.236335,200,149.23809799984156,qwen15b-npu3,
1782563511.2443087,200,120.95365899949684,qwen15b-npu5,
1782563511.2483776,200,135.68312699862872,qwen15b-npu6,
1782563511.2491317,200,121.17037999996683,qwen15b-npu6,
1782563511.2544048,200,116.1155570007395,qwen15b-npu4,
1782563511.260993,200,121.81407299976854,qwen15b-npu7,
1782563511.2617588,200,138.02836700051557,qwen15b-npu7,
1782563511.2691872,200,140.5587879999075,qwen15b-npu3,
1782563511.2695792,200,156.63039199898776,qwen15b-npu3,
1782563511.2716568,200,131.98505900072632,qwen15b-npu5,
1782563511.2720413,200,118.68691900053818,qwen15b-npu5,
1782563511.2759914,200,131.93285899978946,qwen15b-npu6,
1782563511.281227,200,131.21681599841395,qwen15b-npu4,
1782563511.2882824,200,123.35587999950803,qwen15b-npu7,
1782563511.300926,200,156.15920900017954,qwen15b-npu3,
1782563511.3022134,200,127.6662899999792,qwen15b-npu6,
1782563511.3052871,200,127.42654900102934,qwen15b-npu4,
1782563511.3153703,200,122.90324799869268,qwen15b-npu7,
1782563511.3240511,200,133.0496039990976,qwen15b-npu5,
1782563511.3248076,200,118.17720699946221,qwen15b-npu5,
1782563511.3298,200,136.50165100079903,qwen15b-npu6,
1782563511.3300776,200,122.4600260011357,qwen15b-npu6,
1782563511.3310332,200,152.80748400073207,qwen15b-npu3,
1782563511.3325675,200,128.3816230006778,qwen15b-npu4,
1782563511.332868,200,125.92443299945444,qwen15b-npu4,
1782563511.3438072,200,135.85974700072256,qwen15b-npu7,
1782563511.3440988,200,123.97306399907393,qwen15b-npu7,
1782563511.3500977,200,130.73066399920208,qwen15b-npu5,
1782563511.3566735,200,126.96348700046656,qwen15b-npu6,
1782563511.3576021,200,124.41551499978232,qwen15b-npu4,
1782563511.362453,200,143.8631240016548,qwen15b-npu3,
1782563511.3631012,200,158.5081600005651,qwen15b-npu3,
1782563511.3698742,200,121.43330199978664,qwen15b-npu7,
1782563511.37673,200,132.35610199990333,qwen15b-npu5,
1782563511.377059,200,115.21322299995518,qwen15b-npu5,
1782563511.3828654,200,128.39190399972722,qwen15b-npu4,
1782563511.3850563,200,135.82223699995666,qwen15b-npu6,
1782563511.3923469,200,155.94667900040804,qwen15b-npu3,
1782563511.3977616,200,128.47430299916596,qwen15b-npu7,
1782563511.4011137,200,125.02833799953805,qwen15b-npu5,
1782563511.4078813,200,136.1288179996336,qwen15b-npu4,
1782563511.4121194,200,123.74272300075972,qwen15b-npu6,
1782563511.4125135,200,142.82413800174254,qwen15b-npu6,
1782563511.4224527,200,161.36079399984737,qwen15b-npu3,
1782563511.422825,200,150.66793400001188,qwen15b-npu3,
1782563511.425803,200,144.43883599960827,qwen15b-npu7,
1782563511.4265816,200,121.19951999920886,qwen15b-npu5,
1782563511.4341745,200,133.18049499866902,qwen15b-npu4,
1782563511.4513278,200,149.00936699996237,qwen15b-npu3,
1782563511.4523501,200,122.45452600109274,qwen15b-npu5,
1782563511.4555895,200,140.15277699945727,qwen15b-npu7,
1782563511.4559255,200,124.83708799845772,qwen15b-npu7,
1782563511.460392,200,135.49917599993933,qwen15b-npu4,
1782563511.4610362,200,128.1078920001164,qwen15b-npu4,
1782563511.4694614,200,145.31079000153113,qwen15b-npu6,
1782563511.4698172,200,137.19308399959118,qwen15b-npu6,
1782563511.4781573,200,133.96360900151194,qwen15b-npu5,
1782563511.478716,200,115.54564499965636,qwen15b-npu5,
1782563511.481856,200,151.71945899965067,qwen15b-npu3,
1782563511.4824362,200,138.56823000060103,qwen15b-npu3,
1782563511.4833074,200,133.09922499865934,qwen15b-npu7,
1782563511.4868422,200,129.13792700055637,qwen15b-npu4,
1782563511.4953105,200,138.57230900066497,qwen15b-npu6,
1782563511.5028448,200,117.71992499961925,qwen15b-npu5,
1782563511.5107968,200,133.6331570000766,qwen15b-npu4,
1782563511.5119684,200,149.44858899980318,qwen15b-npu3,
1782563511.5123596,200,142.41846699951566,qwen15b-npu7,
1782563511.524106,200,147.29898899895488,qwen15b-npu6,
1782563511.5244963,200,126.63716499992006,qwen15b-npu6,
1782563511.5287507,200,116.5301190012542,qwen15b-npu5,
1782563511.5377834,200,114.86620100004075,qwen15b-npu4,
1782563511.538416,200,137.23520299936354,qwen15b-npu4,
1782563511.540465,200,148.02305299963336,qwen15b-npu7,
1782563511.5408287,200,128.24177199945552,qwen15b-npu7,
1782563511.547389,200,164.42550699866842,qwen15b-npu3,
1782563511.5477262,200,139.77884499945503,qwen15b-npu3,
1782563511.5502436,200,127.69246000061685,qwen15b-npu6,
1782563511.5543237,200,127.67954000082682,qwen15b-npu5,
1782563511.5675704,200,133.33087600040017,qwen15b-npu7,
1782563511.572367,200,146.49322599871084,qwen15b-npu3,
1782563511.577556,200,126.12974300100177,qwen15b-npu6,
1782563511.5786948,200,122.69311700038088,qwen15b-npu5,
1782563511.5901713,200,137.75294500010205,qwen15b-npu4,
1782563511.590479,200,120.56685799871047,qwen15b-npu4,
1782563511.59818,200,137.72727600007784,qwen15b-npu7,
1782563511.601992,200,132.4287710012868,qwen15b-npu3,
1782563511.6023374,200,146.64467600050557,qwen15b-npu3,
1782563511.6054332,200,144.2991260009876,qwen15b-npu6,
1782563511.6061795,200,124.25415399957274,qwen15b-npu6,
1782563511.6074307,200,120.49295799988613,qwen15b-npu5,
1782563511.6080174,200,129.23912800033577,qwen15b-npu5,
1782563511.6150522,200,132.55013200068788,qwen15b-npu4,
1782563511.6271942,200,148.92832700024883,qwen15b-npu7,
1782563511.6275637,200,132.15549999949872,qwen15b-npu7,
1782563511.630661,200,118.20461699971929,qwen15b-npu5,
1782563511.6323357,200,148.92341700033285,qwen15b-npu3,
1782563511.6335685,200,130.6555040009698,qwen15b-npu6,
1782563511.6423602,200,113.53546600003028,qwen15b-npu4,
1782563511.6427543,200,131.8764990010095,qwen15b-npu4,
1782563511.6550257,200,130.8210239985783,qwen15b-npu7,
1782563511.6569192,200,118.42086800061224,qwen15b-npu5,
1782563511.6611488,200,136.53923000128998,qwen15b-npu6,
1782563511.661442,200,120.54835699927935,qwen15b-npu6,
1782563511.6622233,200,150.1603319993592,qwen15b-npu3,
1782563511.6669977,200,119.49928200010618,qwen15b-npu4,
1782563511.6826074,200,132.2647800006962,qwen15b-npu5,
1782563511.6870987,200,132.70066299992322,qwen15b-npu7,
1782563511.687426,200,146.8608769991988,qwen15b-npu7,
1782563511.6894867,200,121.86255399865331,qwen15b-npu6,
1782563511.6919951,200,154.15697999924305,qwen15b-npu3,
1782563511.6923826,200,144.59172699935152,qwen15b-npu3,
1782563511.6933227,200,120.8703689990216,qwen15b-npu4,
1782563511.7085006,200,129.71044900041306,qwen15b-npu5,
1782563511.7171671,200,126.63130500004627,qwen15b-npu6,
1782563511.719499,200,121.26273099966056,qwen15b-npu4,
1782563511.724782,200,147.12447800047812,qwen15b-npu3,
1782563511.7345734,200,132.17167999937374,qwen15b-npu5,
1782563511.7348666,200,119.7546940002212,qwen15b-npu5,
1782563511.7445612,200,138.29748799980734,qwen15b-npu6,
1782563511.7454653,200,139.96216600025946,qwen15b-npu7,
1782563511.7474675,200,139.96655600021768,qwen15b-npu4,
1782563511.748389,200,158.12978800022393,qwen15b-npu7,
1782563511.7492187,200,118.46079800125153,qwen15b-npu4,
1782563511.7600112,200,126.37169399931736,qwen15b-npu5,
1782563511.7634695,200,155.38822599955893,qwen15b-npu3,
1782563511.7640417,200,161.96219499943254,qwen15b-npu3,
1782563511.7720556,200,116.94518200056336,qwen15b-npu4,
1782563511.7739966,200,146.3080949997675,qwen15b-npu6,
1782563511.7744167,200,131.55289700080175,qwen15b-npu6,
1782563511.7754235,200,148.14199300053588,qwen15b-npu7,
1782563511.7757335,200,133.2674049990601,qwen15b-npu7,
1782563511.7860403,200,124.81697699877259,qwen15b-npu5,
1782563511.798008,200,130.91216500106384,qwen15b-npu4,
1782563511.7999775,200,137.69012600096175,qwen15b-npu6,
1782563511.8016226,200,169.1847889997007,qwen15b-npu3,
1782563511.8046896,200,143.13493000008748,qwen15b-npu7,
1782563511.8158455,200,122.41392600117251,qwen15b-npu5,
1782563511.8161469,200,128.9811259994167,qwen15b-npu5,
1782563511.824769,200,132.66291199943225,qwen15b-npu4,
1782563511.8291695,200,139.61581399962597,qwen15b-npu6,
1782563511.8323104,200,175.29074599951855,qwen15b-npu3,
1782563511.8345547,200,125.98983299903921,qwen15b-npu7,
1782563511.835482,200,147.98381200125732,qwen15b-npu7,
1782563511.850684,200,131.12262600043323,qwen15b-npu4,
1782563511.854243,200,137.0108920000348,qwen15b-npu6,
1782563511.8628483,200,127.92452100075025,qwen15b-npu7,
1782563511.8652582,200,182.5520990005316,qwen15b-npu3,
1782563511.866113,200,173.65975900065678,qwen15b-npu3,
1782563511.8673675,200,132.70477300102357,qwen15b-npu5,
1782563511.8681054,200,119.59364299946174,qwen15b-npu5,
1782563511.8756766,200,130.14632100021117,qwen15b-npu4,
1782563511.8829923,200,122.87897900023381,qwen15b-npu6,
1782563511.883913,200,139.29040299990447,qwen15b-npu6,
1782563511.8926828,200,143.3658320001996,qwen15b-npu7,
1782563511.8929687,200,120.84313899867993,qwen15b-npu5,
1782563511.900393,200,175.47298699901148,qwen15b-npu3,
1782563511.9016623,200,138.09081799990963,qwen15b-npu4,
1782563511.901994,200,126.48052499935147,qwen15b-npu4,
1782563511.9084418,200,132.6381319995562,qwen15b-npu6,
1782563511.9179873,200,131.84737899973697,qwen15b-npu5,
1782563511.921696,200,147.5890210003854,qwen15b-npu7,
1782563511.9259715,200,124.2504439996992,qwen15b-npu4,
1782563511.935353,200,135.2792550005688,qwen15b-npu6,
1782563511.9432776,200,127.35913899996376,qwen15b-npu5,
1782563511.949743,200,120.47622700083593,qwen15b-npu4,
1782563511.9505475,200,134.33196100049827,qwen15b-npu7,
1782563511.9513113,200,153.22965599989402,qwen15b-npu7,
1782563511.9550169,200,190.9134770012315,qwen15b-npu3,
1782563511.9553864,200,180.86186199980148,qwen15b-npu3,
1782563511.9557188,200,208.16158600064227,qwen15b-npu3,
1782563511.9628284,200,137.95531600044342,qwen15b-npu6,
1782563511.9683943,200,133.77923799998825,qwen15b-npu5,
1782563511.9752479,200,120.95039000087127,qwen15b-npu4,
1782563511.9799476,200,144.3795660015894,qwen15b-npu7,
1782563511.9916964,200,140.93977099946642,qwen15b-npu6,
1782563511.9920154,200,124.55829600003199,qwen15b-npu6,
1782563511.9944098,200,129.0751860015007,qwen15b-npu5,
1782563511.994741,200,111.67022699919471,qwen15b-npu5,
1782563511.9997396,200,131.54770800065307,qwen15b-npu4,
1782563512.0081396,200,141.93007499852683,qwen15b-npu7,
1782563512.008838,200,124.84276699979091,qwen15b-npu7,
1782563512.0155294,200,210.7433780001884,qwen15b-npu3,
1782563512.0194004,200,126.6434549997939,qwen15b-npu6,
1782563512.019962,200,118.21394699836674,qwen15b-npu5,
1782563512.0243492,200,131.31252700077312,qwen15b-npu4,
1782563512.0362208,200,134.16340000003402,qwen15b-npu7,
1782563512.0436816,200,117.64520500037179,qwen15b-npu5,
1782563512.0460517,200,137.54610500109266,qwen15b-npu6,
1782563512.04864,200,130.5451530006394,qwen15b-npu4,
1782563512.064769,200,129.3184679998376,qwen15b-npu7,
1782563512.0684588,200,117.04276100135758,qwen15b-npu5,
1782563512.0728273,200,129.48329800019565,qwen15b-npu6,
1782563512.0739853,200,124.17595399892889,qwen15b-npu4,
1782563512.074311,200,118.81827999968664,qwen15b-npu4,
1782563512.0905328,200,258.13253299929784,qwen15b-npu3,
1782563512.093116,200,137.30278300135978,qwen15b-npu7,
1782563512.0935857,200,125.09857800068858,qwen15b-npu5,
1782563512.1005857,200,120.57448800078419,qwen15b-npu6,
1782563512.101072,200,145.95199299947126,qwen15b-npu6,
1782563512.1180034,200,123.16319899946393,qwen15b-npu5,
1782563512.1231184,200,128.6025650006195,qwen15b-npu7,
1782563512.1234586,200,131.371207000484,qwen15b-npu4,
1782563512.1237957,200,148.4842549998575,qwen15b-npu7,
1782563512.1241674,200,115.96021600053064,qwen15b-npu4,
1782563512.127461,200,127.6554699998087,qwen15b-npu6,
1782563512.142948,200,127.35370900009002,qwen15b-npu5,
1782563512.146387,200,121.97085399930074,qwen15b-npu4,
1782563512.149625,200,130.15213099970424,qwen15b-npu7,
1782563512.1530218,200,132.993544000783,qwen15b-npu6,
1782563512.1672664,200,304.3372020001698,qwen15b-npu3,
1782563512.168184,200,292.4096880014986,qwen15b-npu3,
1782563512.1685748,200,124.79345700012345,qwen15b-npu5,
1782563512.1781654,200,132.0186700013437,qwen15b-npu7,
1782563512.1806273,200,131.88988900037657,qwen15b-npu6,
1782563512.194203,200,121.28364100135514,qwen15b-npu5,
1782563512.1948063,200,273.04000000003725,qwen15b-npu3,
1782563512.195215,200,130.35067199962214,qwen15b-npu4,
1782563512.1955655,200,295.1171409986273,qwen15b-npu3,
1782563512.2067113,200,132.6513320000231,qwen15b-npu7,
1782563512.2076437,200,133.22767600038787,qwen15b-npu6,
1782563512.218744,200,125.09927799874276,qwen15b-npu5,
1782563512.2190762,200,128.45983400075056,qwen15b-npu4,
1782563512.2254758,200,262.54655299999285,qwen15b-npu3,
1782563512.2264378,200,275.8262229999673,qwen15b-npu3,
1782563512.238772,200,137.6386750016536,qwen15b-npu6,
1782563512.23951,200,138.85993999974744,qwen15b-npu7,
1782563512.2441034,200,119.82107400035602,qwen15b-npu5,
1782563512.24445,200,126.3386940008786,qwen15b-npu4,
1782563512.2450492,200,117.52026400063187,qwen15b-npu4,
1782563512.2566097,200,247.67262500063225,qwen15b-npu3,
1782563512.2569852,200,265.1922349996312,qwen15b-npu3,
1782563512.2573624,200,221.07461400082684,qwen15b-npu3,
1782563512.2577333,200,189.17707900072855,qwen15b-npu3,
1782563512.2661686,200,142.93452899983095,qwen15b-npu6,
1782563512.268666,200,122.2106650002388,qwen15b-npu5,
1782563512.2690167,200,145.11123900047096,qwen15b-npu7,
1782563512.2855744,200,192.39654400007566,qwen15b-npu3,
1782563512.2864869,200,143.44410199919366,qwen15b-npu3,
1782563512.2868748,200,163.318001999869,qwen15b-npu3,
1782563512.2929966,200,139.91107499896316,qwen15b-npu6,
1782563512.2938967,200,126.5641849986423,qwen15b-npu4,
1782563512.2941742,200,125.47737000022607,qwen15b-npu5,
1782563512.2968197,200,147.13134900011937,qwen15b-npu7,
1782563512.3128343,200,144.57352700082993,qwen15b-npu3,
1782563512.320326,200,126.02646300001652,qwen15b-npu4,
1782563512.3212767,200,113.53534599948034,qwen15b-npu4,
1782563512.321656,200,126.72531600037473,qwen15b-npu5,
1782563512.322111,200,141.3853129997733,qwen15b-npu6,
1782563512.3266325,200,131.30736599850934,qwen15b-npu7,
1782563512.327307,200,149.04829700026312,qwen15b-npu7,
1782563512.3424077,200,146.77138699880743,qwen15b-npu3,
1782563512.3445425,200,125.4012800000055,qwen15b-npu5,
1782563512.350743,200,124.19772499924875,qwen15b-npu6,
1782563512.3510754,200,144.29983500122034,qwen15b-npu6,
1782563512.354647,200,129.063196000061,qwen15b-npu7,
1782563512.368199,200,111.47923600037757,qwen15b-npu4,
1782563512.3684855,200,129.64558900057455,qwen15b-npu4,
1782563512.370613,200,126.40356399970187,qwen15b-npu5,
1782563512.3709471,200,113.47179500080529,qwen15b-npu5,
1782563512.3747754,200,155.94262900049216,qwen15b-npu3,
1782563512.375142,200,135.5600160004542,qwen15b-npu3,
1782563512.3758976,200,130.78298400068888,qwen15b-npu6,
1782563512.384689,200,127.59073000052013,qwen15b-npu7,
1782563512.38503,200,140.5108079998172,qwen15b-npu7,
1782563512.3924825,200,123.72666199917148,qwen15b-npu4,
1782563512.4019418,200,135.6803859998763,qwen15b-npu6,
1782563512.4032876,200,134.20103899989044,qwen15b-npu3,
1782563512.4036758,200,145.83065199985867,qwen15b-npu3,
1782563512.4109695,200,125.33132899989141,qwen15b-npu7,
1782563512.4172106,200,123.23463000029733,qwen15b-npu4,
1782563512.4207163,200,134.14023000041198,qwen15b-npu5,
1782563512.4210892,200,128.0058510001254,qwen15b-npu5,
1782563512.431135,200,144.14384499832522,qwen15b-npu6,
1782563512.431642,200,137.40985399999772,qwen15b-npu3,
1782563512.4396992,200,142.7940990015486,qwen15b-npu7,
1782563512.4438612,200,116.48672900082602,qwen15b-npu4,
1782563512.4444227,200,124.00451299981796,qwen15b-npu4,
1782563512.4454584,200,123.6570520013629,qwen15b-npu5,
1782563512.4562862,200,129.56186799965508,qwen15b-npu6,
1782563512.45664,200,143.73284300017986,qwen15b-npu6,
1782563512.460135,200,137.957147000634,qwen15b-npu3,
1782563512.4668782,200,112.12680900098349,qwen15b-npu4,
1782563512.4688075,200,147.42185000068275,qwen15b-npu7,
1782563512.4713624,200,126.73301599897968,qwen15b-npu5,
1782563512.4828146,200,131.6568879992701,qwen15b-npu6,
1782563512.4901083,200,147.63595099975646,qwen15b-npu3,
1782563512.4921627,200,117.28723300075217,qwen15b-npu4,
1782563512.498172,200,122.95072800043272,qwen15b-npu5,
1782563512.4984372,200,127.39609900017967,qwen15b-npu7,
1782563512.4987917,200,130.2069710000069,qwen15b-npu5,
1782563512.4994893,200,148.65611500135856,qwen15b-npu7,
1782563512.511123,200,125.99804199999198,qwen15b-npu6,
1782563512.5114903,200,140.79936999951315,qwen15b-npu6,
1782563512.5171416,200,124.58063600024616,qwen15b-npu4,
1782563512.5197625,200,151.4863089996652,qwen15b-npu3,
1782563512.520469,200,144.49988700107497,qwen15b-npu3,
1782563512.5224144,200,119.02220099909755,qwen15b-npu5,
1782563512.5267632,200,141.98545499857573,qwen15b-npu7,
1782563512.5378838,200,126.8334460000915,qwen15b-npu6,
1782563512.5416195,200,124.31305499922018,qwen15b-npu4,
1782563512.547962,200,126.78592600059346,qwen15b-npu5,
1782563512.5488887,200,146.8770770006813,qwen15b-npu3,
1782563512.5551603,200,151.40038699973957,qwen15b-npu7,
1782563512.5555265,200,124.26825500006089,qwen15b-npu7,
1782563512.5651972,200,133.46529600130452,qwen15b-npu6,
1782563512.5686915,200,111.95194900028582,qwen15b-npu4,
1782563512.568943,200,129.15650700051629,qwen15b-npu4,
1782563512.5737169,200,129.23072700141347,qwen15b-npu5,
1782563512.5792613,200,135.33506500061776,qwen15b-npu3,
1782563512.5797896,200,158.97513199888635,qwen15b-npu3,
1782563512.5825346,200,136.96897199952218,qwen15b-npu7,
1782563512.5923162,200,109.43603700070526,qwen15b-npu4,
1782563512.5926375,200,136.26071899852832,qwen15b-npu6,
1782563512.5930707,200,121.65091300084896,qwen15b-npu6,
1782563512.5997605,200,132.82670299849997,qwen15b-npu5,
1782563512.607946,200,147.75542099960148,qwen15b-npu3,
1782563512.6094115,200,140.52854900000966,qwen15b-npu7,
1782563512.6169019,200,117.34532300033607,qwen15b-npu4,
1782563512.619489,200,120.60193800061825,qwen15b-npu6,
1782563512.6253293,200,133.1016450003517,qwen15b-npu5,
1782563512.6255832,200,114.36495899943111,qwen15b-npu5,
1782563512.6378117,200,147.61851100047352,qwen15b-npu3,
1782563512.6380548,200,139.81325499844388,qwen15b-npu3,
1782563512.6390455,200,140.51617800032545,qwen15b-npu7,
1782563512.639253,200,127.66600000031758,qwen15b-npu7,
1782563512.6428,200,122.94404899876099,qwen15b-npu4,
1782563512.644976,200,127.70491000082984,qwen15b-npu6,
1782563512.6505842,200,128.10843200168165,qwen15b-npu5,
1782563512.6667888,200,139.9468159997923,qwen15b-npu7,
1782563512.6670742,200,146.5402459998586,qwen15b-npu3,
1782563512.6675506,200,125.8553520001442,qwen15b-npu4,
1782563512.6725419,200,134.57503199970233,qwen15b-npu6,
1782563512.6727934,200,117.1850530008669,qwen15b-npu6,
1782563512.6751654,200,127.14879800114431,qwen15b-npu5,
1782563512.691772,200,126.503165000031,qwen15b-npu4,
1782563512.6920166,200,112.16389900073409,qwen15b-npu4,
1782563512.694724,200,120.91683899961936,qwen15b-npu7,
1782563512.6949785,200,139.72703500076022,qwen15b-npu7,
1782563512.6988652,200,119.53958300000522,qwen15b-npu6,
1782563512.6994278,200,150.4249740009982,qwen15b-npu3,
1782563512.7021263,200,119.49649300004239,qwen15b-npu5,
1782563512.702464,200,133.41798699912033,qwen15b-npu5,
1782563512.7160113,200,116.13497700091102,qwen15b-npu4,
1782563512.722986,200,129.845090001254,qwen15b-npu7,
1782563512.7266896,200,133.95729900003062,qwen15b-npu3,
1782563512.7269733,200,118.93928999961645,qwen15b-npu5,
1782563512.7272515,200,134.84383200011507,qwen15b-npu6,
1782563512.7278008,200,159.04695300014282,qwen15b-npu3,
1782563512.7409227,200,115.53555499995127,qwen15b-npu4,
1782563512.7508485,200,125.18556800023362,qwen15b-npu5,
1782563512.754239,200,137.25044400052866,qwen15b-npu7,
1782563512.7550197,200,135.44321500012302,qwen15b-npu6,
1782563512.7559936,200,146.5238760010834,qwen15b-npu3,
1782563512.7660258,200,126.69366500085744,qwen15b-npu4,
1782563512.7769954,200,109.38172699934512,qwen15b-npu5,
1782563512.7772784,200,134.39647999985027,qwen15b-npu5,
1782563512.782041,200,131.39064699862502,qwen15b-npu7,
1782563512.782803,200,144.68109799963713,qwen15b-npu7,
1782563512.783527,200,144.42453599986038,qwen15b-npu6,
1782563512.790251,200,145.21224899908702,qwen15b-npu3,
1782563512.7905545,200,152.6841440008866,qwen15b-npu3,
1782563512.7915626,200,124.42201500016381,qwen15b-npu4,
1782563512.801754,200,109.67546900064917,qwen15b-npu5,
1782563512.8098338,200,136.98411200130067,qwen15b-npu7,
1782563512.8124669,200,137.22782299919345,qwen15b-npu6,
1782563512.8128824,200,146.0004629989271,qwen15b-npu6,
1782563512.816943,200,117.45846399935544,qwen15b-npu4,
1782563512.8174655,200,125.63604100068915,qwen15b-npu4,
1782563512.818808,200,146.20781399935368,qwen15b-npu3,
1782563512.827141,200,124.93204800011881,qwen15b-npu5,
1782563512.838821,200,139.888695000991,qwen15b-npu6,
1782563512.8390522,200,144.2669650004973,qwen15b-npu7,
1782563512.8403745,200,113.60597600105393,qwen15b-npu4,
1782563512.8498917,200,154.8535029996856,qwen15b-npu3,
1782563512.8505375,200,148.01087199884932,qwen15b-npu3,
1782563512.8528817,200,125.02556800063758,qwen15b-npu5,
1782563512.864805,200,113.84026700034156,qwen15b-npu4,
1782563512.8674018,200,144.32066600056714,qwen15b-npu6,
1782563512.8682444,200,127.2617579998041,qwen15b-npu6,
1782563512.8693163,200,141.98132500132488,qwen15b-npu7,
1782563512.8697655,200,153.69468900098582,qwen15b-npu7,
1782563512.8781605,200,151.10448700033885,qwen15b-npu3,
1782563512.8788831,200,124.5386860009603,qwen15b-npu5,
1782563512.8894734,200,112.08024900042801,qwen15b-npu4,
1782563512.8950667,200,128.94174600114638,qwen15b-npu6,
1782563512.8969738,200,140.8811599994806,qwen15b-npu7,
1782563512.9054382,200,128.37140299961902,qwen15b-npu5,
1782563512.9057436,200,115.07642300057341,qwen15b-npu5,
1782563512.9083424,200,153.25064599892357,qwen15b-npu3,
1782563512.9143827,200,124.05042300088098,qwen15b-npu4,
1782563512.9219577,200,138.31561900042288,qwen15b-npu6,
1782563512.9257703,200,123.87204299920995,qwen15b-npu7,
1782563512.9265358,200,144.41426700068405,qwen15b-npu7,
1782563512.9305673,200,117.5693040004262,qwen15b-npu5,
1782563512.9374278,200,154.51085200038506,qwen15b-npu3,
1782563512.9381478,200,146.50796499881835,qwen15b-npu3,
1782563512.9412959,200,128.7159450002946,qwen15b-npu4,
1782563512.9416652,200,114.46022000018274,qwen15b-npu4,
1782563512.9503188,200,140.41492799879052,qwen15b-npu6,
1782563512.9505925,200,131.73078899853863,qwen15b-npu6,
1782563512.953233,200,136.20871900093334,qwen15b-npu7,
1782563512.9573317,200,118.21169699942402,qwen15b-npu5,
1782563512.9652176,200,114.57286999939242,qwen15b-npu4,
1782563512.9670234,200,149.50105900061317,qwen15b-npu3,
1782563512.9675026,200,128.6197950012138,qwen15b-npu3,
1782563512.9785817,200,128.57612400148355,qwen15b-npu6,
1782563512.9818513,200,141.3476020006783,qwen15b-npu7,
1782563512.9839184,200,130.97953500073345,qwen15b-npu5,
1782563512.9842088,200,114.79465199954575,qwen15b-npu5,
1782563512.9899445,200,120.11218599946005,qwen15b-npu4,
1782563512.9953468,200,130.44746200102963,qwen15b-npu3,
1782563513.0052361,200,136.88808199913183,qwen15b-npu6,
1782563513.0116296,200,144.12595499925374,qwen15b-npu7,
1782563513.0120118,200,133.04499500009115,qwen15b-npu7,
1782563513.0148466,200,119.6834239999589,qwen15b-npu4,
1782563513.0243156,200,146.09530399866344,qwen15b-npu3,
1782563513.0332487,200,143.70361299916112,qwen15b-npu6,
1782563513.033866,200,125.42797000060091,qwen15b-npu6,
1782563513.035354,200,113.32873499850393,qwen15b-npu5,
1782563513.035658,200,138.59158899867907,qwen15b-npu5,
1782563513.0395055,200,133.66825699995388,qwen15b-npu7,
1782563513.0402837,200,125.83346100109338,qwen15b-npu4,
1782563513.0540955,200,148.5886449991085,qwen15b-npu3,
1782563513.0549204,200,129.07127700054843,qwen15b-npu3,
1782563513.0598686,200,121.63249199875281,qwen15b-npu5,
1782563513.0606332,200,129.9588309993851,qwen15b-npu6,
1782563513.065091,200,127.5928599989129,qwen15b-npu4,
1782563513.0653846,200,114.73158100125147,qwen15b-npu4,
1782563513.069553,200,128.14949200037518,qwen15b-npu7,
1782563513.0698843,200,143.25962100156175,qwen15b-npu7,
1782563513.0826812,200,140.90435999969486,qwen15b-npu3,
1782563513.0859888,200,132.7019830005156,qwen15b-npu5,
1782563513.0888066,200,121.24869099898206,qwen15b-npu4,
1782563513.0901988,200,123.11216899979627,qwen15b-npu6,
1782563513.0905862,200,140.1943469991238,qwen15b-npu6,
1782563513.0968616,200,131.55516700135195,qwen15b-npu7,
1782563513.1109936,200,115.54459500075609,qwen15b-npu5,
1782563513.1117132,200,133.04797499949927,qwen15b-npu5,
1782563513.1127799,200,155.35429599913186,qwen15b-npu3,
1782563513.1135628,200,131.61119799951848,qwen15b-npu3,
1782563513.1142707,200,124.23794399910548,qwen15b-npu4,
1782563513.1171737,200,132.88256399937382,qwen15b-npu6,
1782563513.1253023,200,141.290941999614,qwen15b-npu7,
1782563513.13504,200,110.62979300004372,qwen15b-npu5,
1782563513.1385283,200,123.58665200008545,qwen15b-npu4,
1782563513.140849,200,135.54779600053735,qwen15b-npu3,
1782563513.145613,200,133.53006699981051,qwen15b-npu6,
1782563513.1538534,200,142.12845499969262,qwen15b-npu7,
1782563513.1598237,200,120.23189600040496,qwen15b-npu5,
1782563513.16336,200,127.59650900079578,qwen15b-npu4,
1782563513.1705265,200,130.16313099979016,qwen15b-npu3,
1782563513.1710684,200,137.7563949990872,qwen15b-npu3,
1782563513.1726816,200,137.2624640007416,qwen15b-npu6,
1782563513.183132,200,149.2010880010639,qwen15b-npu7,
1782563513.1836333,200,129.45700899945223,qwen15b-npu7,
1782563513.185862,200,125.15977899965947,qwen15b-npu5,
1782563513.1889405,200,128.9727559997118,qwen15b-npu4,
1782563513.1892998,200,119.34497199945326,qwen15b-npu4,
1782563513.1993957,200,134.22999999966123,qwen15b-npu3,
1782563513.2018573,200,132.22114000018337,qwen15b-npu6,
1782563513.2027795,200,147.74772199962172,qwen15b-npu6,
1782563513.211098,200,114.1425280002295,qwen15b-npu5,
1782563513.21271,200,129.9295910012006,qwen15b-npu5,
1782563513.2136176,200,148.15262299998722,qwen15b-npu7,
1782563513.2138767,200,125.00597799953539,qwen15b-npu7,
1782563513.2144942,200,123.79217300076562,qwen15b-npu4,
1782563513.2296708,200,139.37379299932218,qwen15b-npu6,
1782563513.2300422,200,143.98480400086555,qwen15b-npu3,
1782563513.2354133,200,121.07534000097075,qwen15b-npu5,
1782563513.237674,200,124.01135299842281,qwen15b-npu4,
1782563513.2416909,200,129.9130299994431,qwen15b-npu7,
1782563513.2575634,200,122.43810600011784,qwen15b-npu6,
1782563513.2579758,200,145.1012890011043,qwen15b-npu6,
1782563513.2595153,200,142.24747600019327,qwen15b-npu3,
1782563513.2598364,200,148.77310599877092,qwen15b-npu3,
1782563513.260956,200,120.04310600059398,qwen15b-npu5,
1782563513.2638118,200,125.17766900054994,qwen15b-npu4,
1782563513.2699106,200,144.531336,qwen15b-npu7,
1782563513.2850943,200,125.17268800002057,qwen15b-npu6,
1782563513.2869866,200,116.37637900093978,qwen15b-npu5,
1782563513.2880123,200,124.56205600028625,qwen15b-npu4,
1782563513.289025,200,143.3180710009765,qwen15b-npu3,
1782563513.298721,200,125.9797319999052,qwen15b-npu7,
1782563513.2990134,200,145.09726899996167,qwen15b-npu7,
1782563513.3127701,200,126.80101600017224,qwen15b-npu5,
1782563513.3140707,200,112.11952899975586,qwen15b-npu4,
1782563513.314386,200,131.17745599993214,qwen15b-npu6,
1782563513.3148255,200,131.13014600094175,qwen15b-npu4,
1782563513.3193622,200,130.33717199868988,qwen15b-npu3,
1782563513.3201609,200,149.0289470002608,qwen15b-npu3,
1782563513.3279006,200,138.49243900040165,qwen15b-npu7,
1782563513.3376346,200,123.70155200005684,qwen15b-npu4,
1782563513.3395689,200,136.67899099891656,qwen15b-npu5,
1782563513.340006,200,126.31313400015642,qwen15b-npu5,
1782563513.3419645,200,142.47225699909905,qwen15b-npu6,
1782563513.3423774,200,127.81858099879173,qwen15b-npu6,
1782563513.3473732,200,136.16695800010348,qwen15b-npu3,
1782563513.3567624,200,126.59295500088774,qwen15b-npu7,
1782563513.357111,200,144.27454599899647,qwen15b-npu7,
1782563513.3628118,200,125.0754489992687,qwen15b-npu4,
1782563513.3642557,200,122.46613600109413,qwen15b-npu5,
1782563513.3692315,200,133.7223680002353,qwen15b-npu6,
1782563513.3756032,200,145.8463330000086,qwen15b-npu3,
1782563513.3850331,200,126.93918600052712,qwen15b-npu7,
1782563513.3878715,200,128.25455199890712,qwen15b-npu4,
1782563513.3900378,200,129.01560600039375,qwen15b-npu5,
1782563513.3972495,200,137.31519400062098,qwen15b-npu6,
1782563513.405145,200,147.47609000005468,qwen15b-npu3,
1782563513.405527,200,141.6490440005873,qwen15b-npu3,
1782563513.412947,200,125.86362100046244,qwen15b-npu4,
1782563513.4133284,200,143.32244099932723,qwen15b-npu7,
1782563513.41647,200,128.36955300008412,qwen15b-npu5,
1782563513.425008,200,126.2227030001668,qwen15b-npu6,
1782563513.4258792,200,140.69761899918376,qwen15b-npu6,
1782563513.4325504,200,143.44063099997584,qwen15b-npu3,
1782563513.437867,200,117.61358500007191,qwen15b-npu4,
1782563513.4385874,200,125.71284099976765,qwen15b-npu4,
1782563513.4419172,200,127.02218699996592,qwen15b-npu7,
1782563513.4424672,200,143.390511000689,qwen15b-npu7,
1782563513.4437385,200,129.2856070012931,qwen15b-npu5,
1782563513.44397,200,116.00390700004937,qwen15b-npu5,
1782563513.4537523,200,134.28623999971023,qwen15b-npu6,
1782563513.4608831,200,146.71344599992153,qwen15b-npu3,
1782563513.4630835,200,120.99221999960719,qwen15b-npu4,
1782563513.4669898,200,124.50021599943284,qwen15b-npu5,
1782563513.4698176,200,130.12885200078017,qwen15b-npu7,
1782563513.481337,200,141.22021199909796,qwen15b-npu6,
1782563513.4816918,200,124.47156600137532,qwen15b-npu6,
1782563513.4884303,200,125.53205999938655,qwen15b-npu4,
1782563513.4917686,200,144.28671499990742,qwen15b-npu3,
1782563513.4922037,200,154.50534199953836,qwen15b-npu3,
1782563513.4930766,200,128.7212740007817,qwen15b-npu5,
1782563513.4988275,200,123.16290899980231,qwen15b-npu7,
1782563513.4997418,200,142.8950999998051,qwen15b-npu7,
1782563513.5087912,200,123.65880200013635,qwen15b-npu6,
1782563513.5163903,200,128.42310300038662,qwen15b-npu4,
1782563513.5185215,200,149.19714800089423,qwen15b-npu3,
1782563513.5206306,200,130.5051330000424,qwen15b-npu5,
1782563513.5350769,200,129.43756800086703,qwen15b-npu6,
1782563513.5413945,200,128.3468930014351,qwen15b-npu4,
1782563513.5444014,200,130.9684939988074,qwen15b-npu5,
1782563513.5483284,200,131.77799799996137,qwen15b-npu3,
1782563513.548686,200,151.3683379998838,qwen15b-npu3,
1782563513.5557458,200,150.50644400071178,qwen15b-npu7,
1782563513.5560908,200,131.00049599961494,qwen15b-npu7,
1782563513.563197,200,120.6569980004133,qwen15b-npu6,
1782563513.5639434,200,137.95633599875146,qwen15b-npu6,
1782563513.5685153,200,124.47442499978933,qwen15b-npu4,
1782563513.5688245,200,136.17722800154297,qwen15b-npu4,
1782563513.570535,200,132.60592200094834,qwen15b-npu5,
1782563513.570766,200,126.95678599993698,qwen15b-npu5,
1782563513.575824,200,137.13657299922488,qwen15b-npu3,
1782563513.5847352,200,142.72664900090604,qwen15b-npu7,
1782563513.585084,200,124.1083040004014,qwen15b-npu7,
1782563513.5889032,200,125.7211410011223,qwen15b-npu6,
1782563513.5933497,200,126.26568399900862,qwen15b-npu4,
1782563513.5948322,200,124.89856799948029,qwen15b-npu5,
1782563513.6043098,200,150.45917400129838,qwen15b-npu3,
1782563513.6141067,200,132.30682100038393,qwen15b-npu7,
1782563513.6175458,200,125.65984100001515,qwen15b-npu4,
1782563513.6200092,200,131.49471699944115,qwen15b-npu6,
1782563513.6203558,200,128.04082199909317,qwen15b-npu5,
1782563513.6207368,200,120.88944899915077,qwen15b-npu6,
1782563513.6332278,200,151.78482000010263,qwen15b-npu3,
1782563513.6336594,200,140.48520799951802,qwen15b-npu3,
1782563513.642717,200,143.79597299921443,qwen15b-npu7,
1782563513.6437123,200,134.8533030013641,qwen15b-npu4,
1782563513.6474621,200,130.97660499988706,qwen15b-npu5,
1782563513.6615214,200,142.9146500013303,qwen15b-npu3,
1782563513.6702435,200,114.08853800094221,qwen15b-npu4,
1782563513.670557,200,129.06801700046344,qwen15b-npu4,
1782563513.6717155,200,127.22107799891091,qwen15b-npu5,
1782563513.6727157,200,137.57252499999595,qwen15b-npu6,
1782563513.673032,200,152.30662200156075,qwen15b-npu7,
1782563513.6899734,200,141.18618199972843,qwen15b-npu3,
1782563513.6960301,200,125.42970899994543,qwen15b-npu4,
1782563513.697448,200,134.1892899999948,qwen15b-npu5,
1782563513.6980128,200,127.18297699939285,qwen15b-npu5,
1782563513.7015328,200,145.69372200094222,qwen15b-npu6,
1782563513.7021422,200,133.24149499931082,qwen15b-npu6,
1782563513.7037072,200,127.77678999918862,qwen15b-npu7,
1782563513.7048218,200,140.77690900012385,qwen15b-npu7,
1782563513.7055504,200,157.13111400145863,qwen15b-npu7,
1782563513.7186491,200,150.03760199942917,qwen15b-npu3,
1782563513.7190413,200,134.20672999927774,qwen15b-npu3,
1782563513.7212508,200,132.23749099961424,qwen15b-npu4,
1782563513.7230778,200,129.6337690000655,qwen15b-npu5,
1782563513.728976,200,143.82961299997987,qwen15b-npu6,
1782563513.7313206,200,136.37367000046652,qwen15b-npu7,
1782563513.7472987,200,142.88656899952912,qwen15b-npu3,
1782563513.747757,200,126.90553600077692,qwen15b-npu3,
1782563513.7487237,200,131.08597599966743,qwen15b-npu4,
1782563513.749174,200,115.39644399999816,qwen15b-npu4,
1782563513.7506268,200,130.2012209998793,qwen15b-npu5,
1782563513.7578936,200,124.54511499890941,qwen15b-npu6,
1782563513.758261,200,144.0595439999015,qwen15b-npu6,
1782563513.7595665,200,139.45355400028348,qwen15b-npu7,
1782563513.774827,200,127.26920800014341,qwen15b-npu3,
1782563513.7751095,200,132.29717099966365,qwen15b-npu5,
1782563513.7878754,200,144.05402500051423,qwen15b-npu7,
1782563513.7890549,200,127.42993900064903,qwen15b-npu6,
1782563513.7979922,200,127.37299899890786,qwen15b-npu4,
1782563513.7994304,200,129.11327599977085,qwen15b-npu5,
1782563513.8045888,200,131.48551799895358,qwen15b-npu3,
1782563513.8163188,200,144.50243700048304,qwen15b-npu7,
1782563513.8193908,200,146.5820760004135,qwen15b-npu6,
1782563513.8253386,200,123.13096999969275,qwen15b-npu4,
1782563513.825703,200,135.65319599911163,qwen15b-npu4,
1782563513.8270185,200,130.88406399947417,qwen15b-npu5,
1782563513.82734,200,123.51687100090203,qwen15b-npu5,
1782563513.8321462,200,134.06578899957822,qwen15b-npu3,
1782563513.8460543,200,148.53957500054094,qwen15b-npu7,
1782563513.8464391,200,140.78067999980703,qwen15b-npu7,
1782563513.849631,200,130.4245120009,qwen15b-npu4,
1782563513.850533,200,129.17891699908068,qwen15b-npu5,
1782563513.8520498,200,150.44964299886487,qwen15b-npu6,
1782563513.8524592,200,133.69618700016872,qwen15b-npu6,
1782563513.8608665,200,131.8232090015954,qwen15b-npu3,
1782563513.8611834,200,156.25471000021207,qwen15b-npu3,
1782563513.873584,200,150.4073129999597,qwen15b-npu7,
1782563513.874121,200,126.68863500039151,qwen15b-npu7,
1782563513.8760495,200,118.05034600001818,qwen15b-npu4,
1782563513.8764052,200,128.52761400063173,qwen15b-npu4,
1782563513.8780046,200,119.67147399991518,qwen15b-npu5,
1782563513.8782446,200,129.418678001457,qwen15b-npu5,
1782563513.8828425,200,151.40959800010023,qwen15b-npu6,
1782563513.8893511,200,140.06338699982734,qwen15b-npu3,
1782563513.9004824,200,112.53030099942407,qwen15b-npu4,
1782563513.9013937,200,112.26003000047058,qwen15b-npu5,
1782563513.9020386,200,142.37603699984902,qwen15b-npu7,
1782563513.9146135,200,139.69494400043914,qwen15b-npu6,
1782563513.9152868,200,164.55377700003737,qwen15b-npu6,
1782563513.9171743,200,142.00205500128504,qwen15b-npu3,
1782563513.9298952,200,131.84782899952552,qwen15b-npu7,
1782563513.943898,200,139.255931999287,qwen15b-npu6,
1782563513.9457126,200,146.2267150000116,qwen15b-npu3,
1782563513.9525447,200,133.07859499946062,qwen15b-npu5,
1782563513.9533713,200,125.92280199896777,qwen15b-npu4,
1782563513.9536345,200,137.20310400094604,qwen15b-npu4,
1782563513.9538736,200,121.62585299847706,qwen15b-npu5,
1782563513.9587076,200,133.29422599963436,qwen15b-npu7,
1782563513.975161,200,149.35887799947523,qwen15b-npu3,
1782563513.9754286,200,128.9162260000012,qwen15b-npu3,
1782563513.9764886,200,124.3310139998357,qwen15b-npu5,
1782563513.9772882,200,150.18210200105386,qwen15b-npu6,
1782563513.9780746,200,127.47315899832756,qwen15b-npu4,
1782563513.99034,200,137.74840500082064,qwen15b-npu7,
1782563513.9906251,200,144.46979700005613,qwen15b-npu7,
1782563514.0040784,200,125.77095199958421,qwen15b-npu4,
1782563514.0044272,200,128.280752000137,qwen15b-npu3,
1782563514.0047152,200,121.81954399966344,qwen15b-npu5,
1782563514.0055792,200,131.92476000040188,qwen15b-npu4,
1782563514.0058467,200,131.66918800015992,qwen15b-npu5,
1782563514.0063887,200,156.65700099998503,qwen15b-npu6,
1782563514.006744,200,145.45849100068153,qwen15b-npu6,
1782563514.0070276,200,146.0862330004602,qwen15b-npu3,
1782563514.0150738,200,125.6715309991705,qwen15b-npu7,
1782563514.0153866,200,138.90027100023872,qwen15b-npu7,
1782563514.028928,200,126.8350169993937,qwen15b-npu4,
1782563514.029321,200,114.65130000033241,qwen15b-npu5,
1782563514.0322301,200,131.6927689986187,qwen15b-npu3,
1782563514.0370412,200,158.97949299869651,qwen15b-npu6,
1782563514.0373209,200,135.8722469994973,qwen15b-npu6,
1782563514.0432897,200,127.9036609994364,qwen15b-npu7,
1782563514.0601547,200,142.87205999971775,qwen15b-npu3,
1782563514.0651999,200,135.2344639999501,qwen15b-npu6,
1782563514.0808177,200,136.86611099910806,qwen15b-npu4,
1782563514.0811017,200,135.30164499934472,qwen15b-npu5,
1782563514.0818262,200,123.05034900055034,qwen15b-npu5,
1782563514.0823946,200,128.4231039990118,qwen15b-npu4,
1782563514.0882728,200,134.57888100128912,qwen15b-npu3,
1782563514.0947032,200,141.25781199982157,qwen15b-npu6,
1782563514.1000922,200,147.46779999950377,qwen15b-npu7,
1782563514.105379,200,127.22804800068843,qwen15b-npu5,
1782563514.1056933,200,128.30024200047774,qwen15b-npu4,
1782563514.117743,200,127.05875699975877,qwen15b-npu3,
1782563514.1180227,200,142.78787799958081,qwen15b-npu3,
1782563514.124063,200,147.5049599994236,qwen15b-npu6,
1782563514.1324763,200,126.0166219999519,qwen15b-npu5,
1782563514.1328714,200,128.69080500058772,qwen15b-npu4,
1782563514.1331375,200,127.21798799975659,qwen15b-npu4,
1782563514.1334002,200,157.87057700072182,qwen15b-npu7,
1782563514.13379,200,143.3750610012794,qwen15b-npu7,
1782563514.1343036,200,127.48669900065579,qwen15b-npu5,
1782563514.1462896,200,130.84349499877135,qwen15b-npu3,
1782563514.1466641,200,141.88450499932515,qwen15b-npu3,
1782563514.1561222,200,123.78368300051079,qwen15b-npu5,
1782563514.1564178,200,151.90538999922865,qwen15b-npu6,
1782563514.1569884,200,127.59654900037276,qwen15b-npu4,
1782563514.1577258,200,152.05966099892976,qwen15b-npu6,
1782563514.1593525,200,144.2178249999415,qwen15b-npu7,
1782563514.1596675,200,152.5509629991575,qwen15b-npu7,
1782563514.1740656,200,136.65228100035165,qwen15b-npu3,
1782563514.1817029,200,116.4350689996354,qwen15b-npu5,
1782563514.1820743,200,121.81927299934614,qwen15b-npu4,
1782563514.1862504,200,142.87364900155808,qwen15b-npu6,
1782563514.186642,200,157.6051659994846,qwen15b-npu6,
1782563514.187356,200,150.23777200076438,qwen15b-npu7,
1782563514.2073529,200,124.85804700008885,qwen15b-npu4,
1782563514.2081873,200,119.82699400141428,qwen15b-npu5,
1782563514.2139502,200,132.0019089998823,qwen15b-npu6,
1782563514.2173736,200,136.4745099999709,qwen15b-npu7,
1782563514.2337296,200,127.93679099922883,qwen15b-npu4,
1782563514.2341688,200,116.35262799973134,qwen15b-npu5,
1782563514.2397125,200,139.51840399931825,qwen15b-npu3,
1782563514.2404735,200,159.29958400010946,qwen15b-npu3,
1782563514.2468894,200,141.43627299927175,qwen15b-npu6,
1782563514.2494876,200,154.7165230003884,qwen15b-npu7,
1782563514.2499073,200,131.82663900079206,qwen15b-npu7,
1782563514.2611718,200,114.79188199882628,qwen15b-npu4,
1782563514.2615345,200,128.32782299847167,qwen15b-npu5,
1782563514.2618997,200,115.0868429995171,qwen15b-npu5,
1782563514.2624514,200,129.90302100115514,qwen15b-npu4,
1782563514.2693133,200,135.4024149986799,qwen15b-npu3,
1782563514.2697742,200,145.62385200042627,qwen15b-npu3,
1782563514.276382,200,141.97173499997007,qwen15b-npu6,
1782563514.2766473,200,143.70732300085365,qwen15b-npu6,
1782563514.2775507,200,144.01247400019201,qwen15b-npu7,
1782563514.2851996,200,127.40931900043506,qwen15b-npu4,
1782563514.285892,200,126.47594400004891,qwen15b-npu5,
1782563514.2949781,200,138.488418999259,qwen15b-npu3,
1782563514.303585,200,146.53201500004798,qwen15b-npu6,
1782563514.3082364,200,148.4555349998118,qwen15b-npu7,
1782563514.308571,200,152.36405200084846,qwen15b-npu7,
1782563514.3118117,200,125.45538000085799,qwen15b-npu5,
1782563514.3126588,200,130.51455300046655,qwen15b-npu4,
1782563514.325034,200,137.58343500012415,qwen15b-npu3,
1782563514.325391,200,151.24778800054628,qwen15b-npu3,
1782563514.3320355,200,150.22705299998051,qwen15b-npu6,
1782563514.3332314,200,146.5158650007652,qwen15b-npu7,
1782563514.33879,200,131.2969360005809,qwen15b-npu4,
1782563514.3392427,200,125.21648799884133,qwen15b-npu5,
1782563514.3602226,200,151.9323800002894,qwen15b-npu6,
1782563514.3605502,200,126.6823750011099,qwen15b-npu6,
1782563514.361575,200,144.09975499984284,qwen15b-npu7,
1782563514.3649552,200,124.38301499969384,qwen15b-npu5,
1782563514.3657594,200,125.96943199969246,qwen15b-npu4,
1782563514.3832502,200,149.0075870005967,qwen15b-npu3,
1782563514.3839953,200,134.39646100050595,qwen15b-npu3,
1782563514.3875802,200,137.5952150010562,qwen15b-npu6,
1782563514.3893526,200,142.36321700082044,qwen15b-npu7,
1782563514.3896549,200,127.09323699891684,qwen15b-npu7,
1782563514.3910737,200,129.4372780012054,qwen15b-npu5,
1782563514.3921258,200,122.24279600013688,qwen15b-npu4,
1782563514.3924766,200,131.20429599985073,qwen15b-npu4,
1782563514.4129238,200,150.8663250006066,qwen15b-npu3,
1782563514.4133418,200,135.70648599852575,qwen15b-npu3,
1782563514.4153502,200,145.91018300052383,qwen15b-npu6,
1782563514.4157925,200,130.53720300013083,qwen15b-npu6,
1782563514.41746,200,141.00407100158918,qwen15b-npu7,
1782563514.4185634,200,141.84613500037813,qwen15b-npu5,
1782563514.418943,200,132.96443500075839,qwen15b-npu4,
1782563514.4193044,200,124.27291400126705,qwen15b-npu5,
1782563514.4413326,200,133.01400399905106,qwen15b-npu3,
1782563514.4421265,200,133.4562560004997,qwen15b-npu6,
1782563514.443388,200,131.48011799967207,qwen15b-npu4,
1782563514.4442215,200,131.4583670009597,qwen15b-npu5,
1782563514.4459038,200,142.2047760006535,qwen15b-npu7,
1782563514.4695513,200,136.18544800010568,qwen15b-npu4,
1782563514.4698782,200,130.97591500081762,qwen15b-npu5,
1782563514.4712327,200,145.7210220014531,qwen15b-npu3,
1782563514.4716384,200,139.4928039990191,qwen15b-npu6,
1782563514.474191,200,134.82397300140292,qwen15b-npu7,
1782563514.4746199,200,149.49980900019,qwen15b-npu7,
1782563514.495533,200,133.84994799889682,qwen15b-npu4,
1782563514.4962704,200,131.24732600044808,qwen15b-npu5,
1782563514.497333,200,136.65843099988706,qwen15b-npu6,
1782563514.4990437,200,138.7339199991402,qwen15b-npu3,
1782563514.501618,200,135.74626700028602,qwen15b-npu7,
1782563514.5219402,200,134.2626890000247,qwen15b-npu4,
1782563514.5222473,200,129.65300900032162,qwen15b-npu4,
1782563514.5224788,200,133.04799500110676,qwen15b-npu5,
1782563514.525546,200,134.40447100038,qwen15b-npu6,
1782563514.5259895,200,141.89728499877674,qwen15b-npu6,
1782563514.5297506,200,139.97853599903465,qwen15b-npu7,
1782563514.543208,200,151.00296599848662,qwen15b-npu3,
1782563514.5438871,200,160.559309000746,qwen15b-npu3,
1782563514.5472798,200,129.71624999954656,qwen15b-npu4,
1782563514.548073,200,128.70423499953176,qwen15b-npu5,
1782563514.5488408,200,135.80237699898134,qwen15b-npu5,
1782563514.5524201,200,136.54141000006348,qwen15b-npu6,
1782563514.558169,200,139.1176720007934,qwen15b-npu7,
1782563514.5586421,200,145.21288000105415,qwen15b-npu7,
1782563514.5597603,200,141.08520099944144,qwen15b-npu3,
1782563514.5604584,200,145.00535800107173,qwen15b-npu3,
1782563514.573751,200,131.55922800069675,qwen15b-npu4,
1782563514.5747774,200,131.2888459997339,qwen15b-npu5,
1782563514.5790093,200,137.58085499830486,qwen15b-npu6,
1782563514.5858004,200,139.8264260005817,qwen15b-npu3,
1782563514.5868006,200,142.4699369999871,qwen15b-npu7,
1782563514.6004028,200,128.6427150007512,qwen15b-npu5,
1782563514.601572,200,131.61548799871525,qwen15b-npu4,
1782563514.6078794,200,133.14343499951065,qwen15b-npu6,
1782563514.608267,200,138.619170000311,qwen15b-npu6,
1782563514.6144423,200,143.10053999906813,qwen15b-npu7,
1782563514.616083,200,141.7702039998403,qwen15b-npu3,
1782563514.6277566,200,131.3191059998644,qwen15b-npu5,
1782563514.6280944,200,132.4942920000467,qwen15b-npu4,
1782563514.6434789,200,144.33750599891937,qwen15b-npu3,
1782563514.6533544,200,131.03248500010523,qwen15b-npu5,
1782563514.6544747,200,131.92972000069858,qwen15b-npu4,
1782563514.654786,200,124.93668800016167,qwen15b-npu4,
1782563514.6709745,200,169.25934899882122,qwen15b-npu6,
1782563514.672149,200,146.4807659995131,qwen15b-npu3,
1782563514.6766574,200,179.20912400040834,qwen15b-npu7,
1782563514.6805604,200,137.28204399922106,qwen15b-npu5,
1782563514.680932,200,128.43843399969046,qwen15b-npu5,
1782563514.6816096,200,133.46463599918934,qwen15b-npu4,
1782563514.6824436,200,121.89125399891054,qwen15b-npu4,
1782563514.7003756,200,174.2714320007508,qwen15b-npu6,
1782563514.7016428,200,142.94774999871152,qwen15b-npu3,
1782563514.701984,200,154.61149200018554,qwen15b-npu3,
1782563514.703939,200,117.02566100029799,qwen15b-npu4,
1782563514.7057366,200,131.91575899872987,qwen15b-npu5,
1782563514.707958,200,163.99030499997025,qwen15b-npu7,
1782563514.7083104,200,186.27985600141983,qwen15b-npu7,
1782563514.7300494,200,170.23568299919134,qwen15b-npu6,
1782563514.7303514,200,115.81079600000521,qwen15b-npu4,
1782563514.7310898,200,151.98543099904782,qwen15b-npu3,
1782563514.7317944,200,182.85283099976368,qwen15b-npu6,
1782563514.7321584,200,115.96535599892377,qwen15b-npu5,
1782563514.7334201,200,132.95026400010101,qwen15b-npu5,
1782563514.736444,200,161.56713400050648,qwen15b-npu7,
1782563514.737189,200,178.95471299925703,qwen15b-npu7,
1782563514.7581975,200,172.30005300007178,qwen15b-npu6,
1782563514.7599487,200,131.73561899930064,qwen15b-npu3,
1782563514.760284,200,152.29880200058687,qwen15b-npu3,
1782563514.763763,200,162.04762600136746,qwen15b-npu7,
1782563514.7802858,200,126.86085600034858,qwen15b-npu4,
1782563514.781367,200,126.81098599932739,qwen15b-npu5,
1782563514.7879574,200,144.37798600010865,qwen15b-npu6,
1782563514.7882967,200,179.9396379992686,qwen15b-npu6,
1782563514.792704,200,164.8724789993139,qwen15b-npu7,
1782563514.7930887,200,138.18602799983637,qwen15b-npu7,
1782563514.8068676,200,130.09019099990837,qwen15b-npu4,
1782563514.8073235,200,126.29969400040864,qwen15b-npu5,
1782563514.8172433,200,136.57443000010971,qwen15b-npu6,
1782563514.8180833,200,147.02418800152373,qwen15b-npu6,
1782563514.8187776,200,136.23971900051401,qwen15b-npu3,
1782563514.8191657,200,146.92649800053914,qwen15b-npu3,
1782563514.8223693,200,140.6991689982533,qwen15b-npu7,
1782563514.832562,200,124.51956600125413,qwen15b-npu4,
1782563514.8328488,200,132.36958100060292,qwen15b-npu4,
1782563514.8341804,200,125.76657099998556,qwen15b-npu5,
1782563514.8344665,200,132.73987299908185,qwen15b-npu5,
1782563514.845425,200,141.4147920004325,qwen15b-npu6,
1782563514.8467348,200,140.89315999990504,qwen15b-npu3,
1782563514.8480299,200,145.94727300027444,qwen15b-npu7,
1782563514.856978,200,126.84643700049492,qwen15b-npu5,
1782563514.8578398,200,125.95567200150981,qwen15b-npu4,
1782563514.8747313,200,138.19004799916002,qwen15b-npu6,
1782563514.8751576,200,144.00035399921762,qwen15b-npu6,
1782563514.876628,200,144.35454600061348,qwen15b-npu3,
1782563514.8770835,200,139.81132499975502,qwen15b-npu3,
1782563514.8784626,200,144.93360799860966,qwen15b-npu7,
1782563514.8791952,200,148.72976500009827,qwen15b-npu7,
1782563514.8831408,200,124.8494869996648,qwen15b-npu4,
1782563514.8836923,200,123.63946200093778,qwen15b-npu5,
1782563514.9029925,200,139.12211199931335,qwen15b-npu6,
1782563514.9040656,200,143.70733200121322,qwen15b-npu7,
1782563514.907871,200,126.4374050006154,qwen15b-npu4,
1782563514.9087255,200,120.68761899899982,qwen15b-npu5,
1782563514.931527,200,138.7238500010426,qwen15b-npu6,
1782563514.9342835,200,145.8967130001838,qwen15b-npu7,
1782563514.9351478,200,127.72069100174122,qwen15b-npu4,
1782563514.9355316,200,116.23541799963277,qwen15b-npu4,
1782563514.9363093,200,129.28662700142013,qwen15b-npu5,
1782563514.9372299,200,156.86975300013728,qwen15b-npu3,
1782563514.9378889,200,144.67844700084243,qwen15b-npu3,
1782563514.9599395,200,125.68132100022922,qwen15b-npu4,
1782563514.9610753,200,115.55144500016468,qwen15b-npu5,
1782563514.961434,200,138.98809100101062,qwen15b-npu5,
1782563514.9627945,200,145.4480809989036,qwen15b-npu7,
1782563514.9638472,200,131.21252600103617,qwen15b-npu7,
1782563514.964157,200,145.98172299884027,qwen15b-npu6,
1782563514.9645612,200,131.61030800074514,qwen15b-npu6,
1782563514.9663208,200,147.44111000072735,qwen15b-npu3,
1782563514.9666002,200,132.04579999910493,qwen15b-npu3,
1782563514.9868279,200,128.89302500116173,qwen15b-npu4,
1782563514.9880905,200,141.2450709995028,qwen15b-npu7,
1782563514.9890387,200,140.9076100007951,qwen15b-npu6,
1782563514.995285,200,138.2212980006443,qwen15b-npu3,
1782563515.013995,200,139.15220200033218,qwen15b-npu5,
1782563515.0144243,200,135.10806399972353,qwen15b-npu5,
1782563515.0165899,200,141.30031199965742,qwen15b-npu7,
1782563515.0169356,200,133.67389700033527,qwen15b-npu7,
1782563515.0186613,200,141.85435400031565,qwen15b-npu6,
1782563515.0190544,200,135.24776499980362,qwen15b-npu6,
1782563515.0219998,200,143.43052099866327,qwen15b-npu4,
1782563515.0235856,200,146.39701499982039,qwen15b-npu3,
1782563515.0393689,200,135.19906400142645,qwen15b-npu4,
1782563515.0400898,200,132.12346000000252,qwen15b-npu5,
1782563515.0448866,200,136.09222800005227,qwen15b-npu7,
1782563515.0513134,200,148.2241929988959,qwen15b-npu3,
1782563515.0650077,200,128.5857249986293,qwen15b-npu4,
1782563515.0654502,200,129.7977100002754,qwen15b-npu5,
1782563515.0743492,200,139.09908200002974,qwen15b-npu6,
1782563515.074833,200,137.47654399958265,qwen15b-npu7,
1782563515.0751982,200,143.60598199891683,qwen15b-npu6,
1782563515.081125,200,143.11946000088938,qwen15b-npu3,
1782563515.0814939,200,147.07653900040896,qwen15b-npu3,
1782563515.0916834,200,127.00509699971008,qwen15b-npu4,
1782563515.0927114,200,132.6697519998561,qwen15b-npu4,
1782563515.0930045,200,129.06947700139426,qwen15b-npu5,
1782563515.0933568,200,131.82910899922717,qwen15b-npu5,
1782563515.1013489,200,134.950903000572,qwen15b-npu7,
1782563515.1017144,200,140.53581799998938,qwen15b-npu7,
1782563515.1028223,200,136.1396580014116,qwen15b-npu6,
1782563515.1036584,200,140.76905899855774,qwen15b-npu6,
1782563515.1092527,200,145.00230900011957,qwen15b-npu3,
1782563515.116524,200,128.35627299864427,qwen15b-npu4,
1782563515.1169562,200,127.81795100090676,qwen15b-npu5,
1782563515.1291432,200,133.71273700067832,qwen15b-npu7,
1782563515.1381328,200,151.20354700047756,qwen15b-npu3,
1782563515.1422818,200,125.58419099877938,qwen15b-npu5,
1782563515.1430628,200,119.39550200077065,qwen15b-npu4,
1782563515.143399,200,126.3948240011814,qwen15b-npu4,
1782563515.1565127,200,137.39569400058826,qwen15b-npu7,
1782563515.1575737,200,143.41555099963443,qwen15b-npu6,
1782563515.1579316,200,139.1546519989788,qwen15b-npu6,
1782563515.1679058,200,128.44460300038918,qwen15b-npu5,
1782563515.168619,200,154.12909000042418,qwen15b-npu3,
1782563515.1693156,200,147.25337799973204,qwen15b-npu3,
1782563515.1842573,200,139.27140200030408,qwen15b-npu6,
1782563515.1850705,200,144.91116799945303,qwen15b-npu7,
1782563515.1938016,200,112.57458199906978,qwen15b-npu4,
1782563515.1941478,200,129.02087599832157,qwen15b-npu4,
1782563515.19547,200,129.89752999965276,qwen15b-npu5,
1782563515.1959376,200,114.37801899955957,qwen15b-npu5,
1782563515.196881,200,145.49799100132077,qwen15b-npu3,
1782563515.2126565,200,138.1646070003626,qwen15b-npu7,
1782563515.2129474,200,137.66999600011331,qwen15b-npu6,
1782563515.219284,200,126.19066299885162,qwen15b-npu4,
1782563515.220446,200,118.99405099939031,qwen15b-npu5,
1782563515.2254746,200,150.5560140012676,qwen15b-npu3,
1782563515.2261992,200,132.7852129998064,qwen15b-npu3,
1782563515.2409198,200,148.1263929999841,qwen15b-npu6,
1782563515.241391,200,138.48211900040042,qwen15b-npu6,
1782563515.2421765,200,150.38060300139477,qwen15b-npu7,
1782563515.2433183,200,126.2527239996416,qwen15b-npu7,
1782563515.2437248,200,141.88536499932525,qwen15b-npu7,
1782563515.247133,200,137.81524600017292,qwen15b-npu4,
1782563515.2476788,200,131.03564499942877,qwen15b-npu5,
1782563515.254122,200,150.36559299915098,qwen15b-npu3,
1782563515.2687478,200,139.4991340002889,qwen15b-npu6,
1782563515.2695649,200,126.05961299959745,qwen15b-npu7,
1782563515.2738698,200,130.7168230014213,qwen15b-npu5,
1782563515.2741904,200,116.14802799886093,qwen15b-npu4,
1782563515.2746274,200,132.2645009986445,qwen15b-npu4,
1782563515.2832193,200,144.98584899956768,qwen15b-npu3,
1782563515.2972987,200,128.58149400017282,qwen15b-npu7,
1782563515.298256,200,141.63750300031097,qwen15b-npu6,
1782563515.2986727,200,129.250657000739,qwen15b-npu6,
1782563515.2995527,200,131.5761179994297,qwen15b-npu5,
1782563515.3156981,200,158.0238369988365,qwen15b-npu3,
1782563515.3163128,200,131.95550899945374,qwen15b-npu3,
1782563515.3250585,200,131.14978600060567,qwen15b-npu6,
1782563515.325497,200,129.91135000083887,qwen15b-npu7,
1782563515.3261878,200,141.01810000101977,qwen15b-npu4,
1782563515.3276672,200,130.68385400038096,qwen15b-npu4,
1782563515.3281305,200,133.90844800051127,qwen15b-npu5,
1782563515.341683,200,145.6312419995811,qwen15b-npu3,
1782563515.352113,200,132.75170300039463,qwen15b-npu6,
1782563515.3531396,200,127.59754999933648,qwen15b-npu4,
1782563515.3534784,200,127.20028799958527,qwen15b-npu5,
1782563515.3537886,200,140.7700500003557,qwen15b-npu7,
1782563515.3549635,200,142.2256860005291,qwen15b-npu5,
1782563515.3725142,200,130.24654199944052,qwen15b-npu3,
1782563515.3728,200,152.26404200075194,qwen15b-npu3,
1782563515.381588,200,140.56472899937944,qwen15b-npu7,
1782563515.381899,200,134.08553899898834,qwen15b-npu6,
1782563515.3824193,200,135.1945850001357,qwen15b-npu7,
1782563515.3832324,200,141.75875399996585,qwen15b-npu6,
1782563515.3839278,200,140.5033179999009,qwen15b-npu5,
1782563515.38423,200,140.43269799913105,qwen15b-npu4,
1782563515.400939,200,146.72410700040928,qwen15b-npu3,
1782563515.4086788,200,125.38510000013048,qwen15b-npu4,
1782563515.4091094,200,140.26221699896269,qwen15b-npu4,
1782563515.409493,200,135.20715499907965,qwen15b-npu7,
1782563515.410392,200,136.43236000098113,qwen15b-npu6,
1782563515.4109752,200,141.30785199995444,qwen15b-npu5,
1782563515.4309733,200,131.34819700098888,qwen15b-npu3,
1782563515.4314806,200,156.74146200035466,qwen15b-npu3,
1782563515.432619,200,116.82464099976642,qwen15b-npu4,
1782563515.4337213,200,136.32247999885294,qwen15b-npu5,
1782563515.4340043,200,117.62221400022099,qwen15b-npu5,
1782563515.4350872,200,136.73106099849974,qwen15b-npu7,
1782563515.4357862,200,137.0473030001449,qwen15b-npu6,
1782563515.457733,200,129.95263099946897,qwen15b-npu4,
1782563515.4593399,200,131.0955560002185,qwen15b-npu5,
1782563515.4597816,200,133.52652700086765,qwen15b-npu3,
1782563515.4632797,200,121.52930199954426,qwen15b-npu7,
1782563515.463666,200,138.04957699903753,qwen15b-npu7,
1782563515.4644728,200,139.2947219992493,qwen15b-npu6,
1782563515.4834092,200,129.84405899987905,qwen15b-npu4,
1782563515.48379,200,131.57343800048693,qwen15b-npu5,
1782563515.4880443,200,134.15601899941976,qwen15b-npu3,
1782563515.4911802,200,136.1433689999103,qwen15b-npu7,
1782563515.4915142,200,138.2770679992973,qwen15b-npu6,
1782563515.508402,200,125.85267199938244,qwen15b-npu5,
1782563515.5095348,200,127.86768099977053,qwen15b-npu4,
1782563515.5099933,200,125.69085100039956,qwen15b-npu4,
1782563515.5174437,200,135.37800499943842,qwen15b-npu3,
1782563515.5181162,200,145.2435899991542,qwen15b-npu3,
1782563515.51848,200,135.15728400125226,qwen15b-npu7,
1782563515.5202851,200,136.2693789997138,qwen15b-npu6,
1782563515.5207462,200,148.16287299981923,qwen15b-npu6,
1782563515.5344265,200,123.92714300040097,qwen15b-npu4,
1782563515.5357032,200,124.62413599860156,qwen15b-npu5,
1782563515.5362473,200,135.2441640010511,qwen15b-npu5,
1782563515.5462039,200,136.6036110011919,qwen15b-npu3,
1782563515.5467958,200,137.5707750012225,qwen15b-npu7,
1782563515.5483868,200,139.5675339990703,qwen15b-npu6,
1782563515.5595257,200,126.80351599919959,qwen15b-npu4,
1782563515.5606847,200,126.60617499932414,qwen15b-npu5,
1782563515.5742972,200,140.51346799897146,qwen15b-npu3,
1782563515.5751219,200,139.93347599898698,qwen15b-npu7,
1782563515.575952,200,144.86700800080143,qwen15b-npu7,
1782563515.5775208,200,141.67514399923675,qwen15b-npu6,
1782563515.5783389,200,146.74668700172333,qwen15b-npu6,
1782563515.5860486,200,126.15071300024283,qwen15b-npu5,
1782563515.587243,200,122.67020699982822,qwen15b-npu4,
1782563515.5878718,200,130.03994100108685,qwen15b-npu4,
1782563515.6017032,200,138.3103989992378,qwen15b-npu7,
1782563515.603589,200,144.13254400096775,qwen15b-npu3,
1782563515.6072414,200,143.46177200059174,qwen15b-npu6,
1782563515.6111548,200,119.56920300144702,qwen15b-npu4,
1782563515.6115808,200,127.73344099878159,qwen15b-npu5,
1782563515.6300483,200,141.9180149987369,qwen15b-npu7,
1782563515.6331527,200,149.65821000077995,qwen15b-npu3,
1782563515.6361773,200,118.62087800000154,qwen15b-npu4,
1782563515.6377566,200,128.10870199973579,qwen15b-npu5,
1782563515.638118,200,117.70395399980771,qwen15b-npu5,
1782563515.6385686,200,147.30268899984367,qwen15b-npu6,
1782563515.6595263,200,138.6583099993004,qwen15b-npu7,
1782563515.6599295,200,149.81925999927626,qwen15b-npu7,
1782563515.6616201,200,125.80994199925044,qwen15b-npu4,
1782563515.6623662,200,116.09273700014455,qwen15b-npu5,
1782563515.6649783,200,146.4138749997801,qwen15b-npu3,
1782563515.6653445,200,156.8378230003873,qwen15b-npu3,
1782563515.6679697,200,149.74370000163617,qwen15b-npu6,
1782563515.6682873,200,133.72208699911425,qwen15b-npu6,
1782563515.6867564,200,139.89471499917272,qwen15b-npu7,
1782563515.6884565,200,128.82755499958876,qwen15b-npu4,
1782563515.6891582,200,114.79125099867815,qwen15b-npu5,
1782563515.6943538,200,158.03901800063613,qwen15b-npu3,
1782563515.6954143,200,134.65963199996622,qwen15b-npu3,
1782563515.6966841,200,148.19226300096489,qwen15b-npu6,
1782563515.714027,200,127.88193100095668,qwen15b-npu5,
1782563515.7153888,200,113.58651599948644,qwen15b-npu4,
1782563515.7162445,200,138.6561100007384,qwen15b-npu4,
1782563515.7171576,200,141.10982099919056,qwen15b-npu7,
1782563515.717464,200,130.092051000247,qwen15b-npu7,
1782563515.723425,200,144.98352899863676,qwen15b-npu3,
1782563515.7277822,200,139.79477600150858,qwen15b-npu6,
1782563515.7281718,200,152.91896399867255,qwen15b-npu6,
1782563515.740801,200,133.4588170011557,qwen15b-npu5,
1782563515.7421687,200,130.8948549994966,qwen15b-npu7,
1782563515.7531912,200,149.53427899854432,qwen15b-npu3,
1782563515.75465,200,142.98123000116902,qwen15b-npu6,
1782563515.7668211,200,136.68613100162474,qwen15b-npu4,
1782563515.7671523,200,128.47672300085833,qwen15b-npu4,
1782563515.7675395,200,131.2704259999009,qwen15b-npu5,
1782563515.770684,200,132.4410010001884,qwen15b-npu7,
1782563515.7827494,200,149.52353899934678,qwen15b-npu3,
1782563515.7841492,200,146.2889250014996,qwen15b-npu6,
1782563515.7914152,200,126.34891400011838,qwen15b-npu4,
1782563515.7934515,200,133.37282599968603,qwen15b-npu5,
1782563515.7938664,200,125.79751200064493,qwen15b-npu5,
1782563515.7979255,200,129.56209799995122,qwen15b-npu7,
1782563515.798742,200,137.03846300086298,qwen15b-npu7,
1782563515.8136601,200,148.18469300007564,qwen15b-npu3,
1782563515.8143754,200,154.7529730014503,qwen15b-npu3,
1782563515.8147094,200,152.2752010005206,qwen15b-npu6,
1782563515.815412,200,128.56105399987428,qwen15b-npu6,
1782563515.8170223,200,122.57479700019758,qwen15b-npu5,
1782563515.8179798,200,129.4007579999743,qwen15b-npu4,
1782563515.8237832,200,128.25981300011335,qwen15b-npu7,
1782563515.8432155,200,153.9235189993633,qwen15b-npu3,
1782563515.843541,200,129.41023699931975,qwen15b-npu4,
1782563515.844909,200,148.10315300019283,qwen15b-npu6,
1782563515.845741,200,117.45575299937627,qwen15b-npu5,
1782563515.8461788,200,122.6552369989804,qwen15b-npu4,
1782563515.847294,200,130.9367249996285,qwen15b-npu5,
1782563515.8530538,200,135.4734759988787,qwen15b-npu7,
1782563515.8682814,200,114.96267199981958,qwen15b-npu4,
1782563515.8732119,200,145.33181000115292,qwen15b-npu3,
1782563515.8736138,200,158.10878799857164,qwen15b-npu3,
1782563515.8751748,200,132.90938399950392,qwen15b-npu6,
1782563515.8756354,200,158.40988899981312,qwen15b-npu6,
1782563515.882869,200,141.99749499857717,qwen15b-npu7,
1782563515.8956263,200,128.7108549986442,qwen15b-npu5,
1782563515.8959258,200,125.10569799997029,qwen15b-npu4,
1782563515.9044492,200,136.7825310007902,qwen15b-npu6,
1782563515.907284,200,152.55974299907393,qwen15b-npu3,
1782563515.9120307,200,144.79112799926952,qwen15b-npu7,
1782563515.9206533,200,126.67420599973411,qwen15b-npu4,
1782563515.9221804,200,123.33749100071145,qwen15b-npu5,
1782563515.9224348,200,138.19714800047223,qwen15b-npu5,
1782563515.9327304,200,139.1672629997629,qwen15b-npu6,
1782563515.9395943,200,156.77615200002037,qwen15b-npu3,
1782563515.9402544,200,142.26274600150646,qwen15b-npu3,
1782563515.9405882,200,149.1001469985349,qwen15b-npu7,
1782563515.9469779,200,132.15698000021803,qwen15b-npu4,
1782563515.9472632,200,130.1784420011245,qwen15b-npu5,
1782563515.9602683,200,136.41748000009102,qwen15b-npu6,
1782563515.960574,200,146.11337399946933,qwen15b-npu6,
1782563515.9674256,200,149.33721800116473,qwen15b-npu7,
1782563515.968235,200,154.4778520001273,qwen15b-npu7,
1782563515.9707143,200,155.2397449995624,qwen15b-npu3,
1782563515.972079,200,126.21894299991254,qwen15b-npu5,
1782563515.9730444,200,125.65013099992939,qwen15b-npu4,
1782563515.9732962,200,129.99684100032027,qwen15b-npu4,
1782563515.9859421,200,140.89912999952503,qwen15b-npu6,
1782563515.9942575,200,147.96338199994352,qwen15b-npu7,
1782563515.9993496,200,125.62262000028568,qwen15b-npu4,
1782563516.0005279,200,132.1494410003652,qwen15b-npu5,
1782563516.0008428,200,117.90096599906974,qwen15b-npu5,
1782563516.0036578,200,160.0002270006371,qwen15b-npu3,
1782563516.0041177,200,150.96908600025927,qwen15b-npu3,
1782563516.0132165,200,137.932436000483,qwen15b-npu6,
1782563516.0236542,200,127.93531100032851,qwen15b-npu7,
1782563516.0240088,200,150.6835139989562,qwen15b-npu7,
1782563516.0267496,200,130.70573400000285,qwen15b-npu4,
1782563516.0330229,200,157.27175399842963,qwen15b-npu3,
1782563516.0403824,200,117.87150599957386,qwen15b-npu6,
1782563516.040747,200,136.2394490006409,qwen15b-npu6,
1782563516.04944,200,128.70368499898177,qwen15b-npu7,
1782563516.0524418,200,140.2877479995368,qwen15b-npu5,
1782563516.053122,200,130.87001500025508,qwen15b-npu4,
1782563516.06431,200,156.9716329995572,qwen15b-npu3,
1782563516.066044,200,118.70801900113293,qwen15b-npu6,
1782563516.0765414,200,135.87788699987868,qwen15b-npu7,
1782563516.0793018,200,139.64164500066545,qwen15b-npu5,
1782563516.0799005,200,119.55582299924572,qwen15b-npu5,
1782563516.0810947,200,140.74025999980222,qwen15b-npu4,
1782563516.0931146,200,124.78321700109518,qwen15b-npu6,
1782563516.097252,200,164.43397699913476,qwen15b-npu3,
1782563516.0981479,200,151.07801600061066,qwen15b-npu3,
1782563516.1042974,200,143.65332299894362,qwen15b-npu7,
1782563516.1049562,200,131.83989900062443,qwen15b-npu7,
1782563516.1059227,200,133.7709769995854,qwen15b-npu5,
1782563516.106433,200,138.89984100023867,qwen15b-npu4,
1782563516.106715,200,133.35758599896508,qwen15b-npu4,
1782563516.121572,200,117.83806600033131,qwen15b-npu6,
1782563516.1219935,200,135.9090770001785,qwen15b-npu6,
1782563516.128305,200,157.50726499936718,qwen15b-npu3,
1782563516.1320965,200,131.11726500028453,qwen15b-npu7,
1782563516.1325033,200,131.88805899881118,qwen15b-npu4,
1782563516.133309,200,120.00673500006087,qwen15b-npu5,
1782563516.1342893,200,134.87073199939914,qwen15b-npu5,
1782563516.147794,200,120.97584000002826,qwen15b-npu6,
1782563516.1574812,200,117.00272199959727,qwen15b-npu5,
1782563516.1577609,200,133.6845470013941,qwen15b-npu4,
1782563516.1589062,200,118.10260600032052,qwen15b-npu7,
1782563516.1597388,200,135.99714800147922,qwen15b-npu7,
1782563516.16046,200,156.20987900001637,qwen15b-npu3,
1782563516.160783,200,166.450275999523,qwen15b-npu3,
1782563516.1750312,200,122.51826600004279,qwen15b-npu6,
1782563516.1839173,200,134.39419099995575,qwen15b-npu4,
1782563516.1841483,200,119.75525399975595,qwen15b-npu5,
1782563516.185685,200,119.57744299979822,qwen15b-npu7,
1782563516.1915627,200,138.36027900106274,qwen15b-npu3,
1782563516.1919549,200,158.83045100054005,qwen15b-npu3,
1782563516.2026422,200,123.27137000102084,qwen15b-npu6,
1782563516.2100132,200,128.8353649997589,qwen15b-npu5,
1782563516.2103074,200,133.7036380009522,qwen15b-npu4,
1782563516.213608,200,120.43018700023822,qwen15b-npu7,
1782563516.2211215,200,141.15081099953386,qwen15b-npu3,
1782563516.233103,200,126.33297399952426,qwen15b-npu6,
1782563516.2337866,200,135.5222549991595,qwen15b-npu6,
1782563516.2360797,200,129.56994900014251,qwen15b-npu4,
1782563516.236972,200,139.65446499969403,qwen15b-npu4,
1782563516.237208,200,115.08084299930488,qwen15b-npu5,
1782563516.237511,200,132.4674520001281,qwen15b-npu5,
1782563516.24229,200,136.29409900022438,qwen15b-npu7,
1782563516.252678,200,148.312993998843,qwen15b-npu3,
1782563516.2598186,200,127.20116799937387,qwen15b-npu6,
1782563516.2610602,200,128.88198499967984,qwen15b-npu4,
1782563516.261836,200,127.44569899950875,qwen15b-npu5,
1782563516.2702036,200,141.7996039999707,qwen15b-npu7,
1782563516.2709196,200,123.02947900025174,qwen15b-npu7,
1782563516.284993,200,163.3159920002072,qwen15b-npu3,
1782563516.285741,200,152.33039200029452,qwen15b-npu3,
1782563516.2883058,200,130.7588540003053,qwen15b-npu4,
1782563516.2886686,200,127.76112100073078,qwen15b-npu4,
1782563516.2891512,200,131.31961700128159,qwen15b-npu6,
1782563516.2894585,200,130.48693299970182,qwen15b-npu5,
1782563516.2973564,200,137.54934499957017,qwen15b-npu7,
1782563516.3119705,200,119.95037499946193,qwen15b-npu4,
1782563516.3145065,200,130.3021620005893,qwen15b-npu5,
1782563516.315884,200,124.22226399939973,qwen15b-npu6,
1782563516.3161724,200,141.0663709993969,qwen15b-npu6,
1782563516.3170435,200,156.49531100098102,qwen15b-npu3,
1782563516.325166,200,139.4245729989052,qwen15b-npu7,
1782563516.3370988,200,123.41248099983204,qwen15b-npu4,
1782563516.3407278,200,130.34034199881717,qwen15b-npu5,
1782563516.3423219,200,121.14811999890662,qwen15b-npu6,
1782563516.3471272,200,163.1477310002083,qwen15b-npu3,
1782563516.3477151,200,145.00230900011957,qwen15b-npu3,
1782563516.3540645,200,143.9609039989591,qwen15b-npu7,
1782563516.3622453,200,126.05291299951205,qwen15b-npu4,
1782563516.3686175,200,134.74585199946887,qwen15b-npu5,
1782563516.3690908,200,126.72948600084055,qwen15b-npu5,
1782563516.3705444,200,133.50953699955426,qwen15b-npu6,
1782563516.3786957,200,141.1201409991918,qwen15b-npu3,
1782563516.3790038,200,145.84682299937413,qwen15b-npu3,
1782563516.3807437,200,143.46623200071917,qwen15b-npu7,
1782563516.3814027,200,128.67367500075488,qwen15b-npu7,
1782563516.3879619,200,128.0916020004952,qwen15b-npu4,
1782563516.3954203,200,125.13929899978393,qwen15b-npu5,
1782563516.399699,200,138.58781000089948,qwen15b-npu6,
1782563516.4083233,200,146.43581500058644,qwen15b-npu3,
1782563516.408931,200,137.91164599933836,qwen15b-npu7,
1782563516.409715,200,120.16414600111602,qwen15b-npu7,
1782563516.4138134,200,128.74628499957907,qwen15b-npu4,
1782563516.414286,200,125.45984999997017,qwen15b-npu4,
1782563516.4228313,200,134.42369000040344,qwen15b-npu5,
1782563516.429725,200,143.89541399941663,qwen15b-npu6,
1782563516.4299653,200,132.53585299935366,qwen15b-npu6,
1782563516.4365308,200,120.57198700131266,qwen15b-npu7,
1782563516.4374626,200,121.22577099944465,qwen15b-npu4,
1782563516.4388433,200,149.60719000009703,qwen15b-npu3,
1782563516.4492176,200,134.61386100061645,qwen15b-npu5,
1782563516.4594436,200,142.3219070002233,qwen15b-npu6,
1782563516.4637868,200,121.4116909995937,qwen15b-npu4,
1782563516.4661717,200,125.36917900069966,qwen15b-npu7,
1782563516.4693062,200,157.24963399952685,qwen15b-npu3,
1782563516.4696298,200,144.39638600015314,qwen15b-npu3,
1782563516.4773316,200,140.16853700013598,qwen15b-npu5,
1782563516.477729,200,123.59061200004362,qwen15b-npu5,
1782563516.4896102,200,120.9360499997274,qwen15b-npu4,
1782563516.4903674,200,143.18721100062248,qwen15b-npu6,
1782563516.4939096,200,131.60433800112514,qwen15b-npu7,
1782563516.4988856,200,151.08833700105606,qwen15b-npu3,
1782563516.5033262,200,124.19135399977677,qwen15b-npu5,
1782563516.5150106,200,134.17139999910432,qwen15b-npu4,
1782563516.5187635,200,137.29661400066107,qwen15b-npu6,
1782563516.5190604,200,149.9069410001539,qwen15b-npu6,
1782563516.5251522,200,125.39646000004723,qwen15b-npu7,
1782563516.5255854,200,146.80913699885423,qwen15b-npu7,
1782563516.531214,200,160.58927999984007,qwen15b-npu3,
1782563516.5314705,200,143.441731999701,qwen15b-npu3,
1782563516.5332277,200,137.72630599851254,qwen15b-npu5,
1782563516.5335414,200,119.60877300043649,qwen15b-npu5,
1782563516.541216,200,118.30757700045069,qwen15b-npu4,
1782563516.542042,200,133.6651970013918,qwen15b-npu4,
1782563516.5481458,200,139.1401719993155,qwen15b-npu6,
1782563516.5517392,200,137.29183400027978,qwen15b-npu7,
1782563516.5590432,200,122.41722600083449,qwen15b-npu5,
1782563516.5598402,200,150.04042200052936,qwen15b-npu3,
1782563516.5663536,200,127.4476489998051,qwen15b-npu4,
1782563516.5768237,200,127.54179000148724,qwen15b-npu6,
1782563516.5775857,200,147.80341100049554,qwen15b-npu6,
1782563516.579437,200,141.90941500055487,qwen15b-npu7,
1782563516.5862012,200,122.34347500088916,qwen15b-npu5,
1782563516.5907087,200,160.6812500012893,qwen15b-npu3,
1782563516.595863,200,126.4795340011915,qwen15b-npu4,
1782563516.6054459,200,135.736017000454,qwen15b-npu6,
1782563516.6072764,200,141.01859100082947,qwen15b-npu7,
1782563516.6143763,200,136.53649000116275,qwen15b-npu5,
1782563516.6189935,200,128.53098400046292,qwen15b-npu4,
1782563516.6227539,200,145.3187600000092,qwen15b-npu3,
1782563516.6231623,200,163.650462998703,qwen15b-npu3,
1782563516.6319618,200,137.9558860007819,qwen15b-npu6,
1782563516.637045,200,147.33859899934032,qwen15b-npu7,
1782563516.6373413,200,122.24874599996838,qwen15b-npu7,
1782563516.642127,200,138.72910999998567,qwen15b-npu5,
1782563516.6463845,200,115.09788300099899,qwen15b-npu4,
1782563516.646926,200,127.77765000100771,qwen15b-npu4,
1782563516.6524312,200,153.47946699876047,qwen15b-npu3,
1782563516.6590736,200,125.77853099901404,qwen15b-npu6,
1782563516.6598446,200,141.01643100002548,qwen15b-npu6,
1782563516.6651642,200,123.01805900096952,qwen15b-npu7,
1782563516.6655996,200,134.05889900059265,qwen15b-npu7,
1782563516.6713014,200,145.604610999726,qwen15b-npu5,
1782563516.671621,200,130.3075819996593,qwen15b-npu5,
1782563516.6728454,200,124.60584600012226,qwen15b-npu4,
1782563516.6834235,200,158.1493780013261,qwen15b-npu3,
1782563516.684115,200,150.45849300076952,qwen15b-npu3,
1782563516.686134,200,134.2772200005129,qwen15b-npu6,
1782563516.6914976,200,125.07822800034774,qwen15b-npu7,
1782563516.698894,200,138.98928100024932,qwen15b-npu5,
1782563516.7017884,200,124.90014700051688,qwen15b-npu4,
1782563516.712669,200,134.978512998714,qwen15b-npu6,
1782563516.7140086,200,134.4765110006847,qwen15b-npu3,
1782563516.7143776,200,155.23690599911788,qwen15b-npu3,
1782563516.7180946,200,127.32556899936753,qwen15b-npu7,
1782563516.7262256,200,139.96187600059784,qwen15b-npu5,
1782563516.7279732,200,132.01084899992566,qwen15b-npu4,
1782563516.7399786,200,116.7313900004956,qwen15b-npu6,
1782563516.7403824,200,134.8361130003468,qwen15b-npu6,
1782563516.7429678,200,135.6016659992747,qwen15b-npu3,
1782563516.7451634,200,126.10658300036448,qwen15b-npu7,
1782563516.755382,200,132.5123819988221,qwen15b-npu4,
1782563516.7558224,200,141.38046200059762,qwen15b-npu5,
1782563516.765874,200,118.88007000015932,qwen15b-npu6,
1782563516.7722676,200,134.85919300001115,qwen15b-npu7,
1782563516.7731075,200,141.08002099965233,qwen15b-npu3,
1782563516.7828972,200,130.39960199967027,qwen15b-npu5,
1782563516.7831388,200,140.9436200010532,qwen15b-npu4,
1782563516.7833729,200,146.256304000417,qwen15b-npu5,
1782563516.783629,200,123.72412199874816,qwen15b-npu4,
1782563516.7922137,200,126.92725600027188,qwen15b-npu6,
1782563516.7999473,200,140.80748899868922,qwen15b-npu7,
1782563516.8006186,200,128.9227249999385,qwen15b-npu7,
1782563516.804327,200,138.6169789984706,qwen15b-npu3,
1782563516.8048255,200,158.37210999961826,qwen15b-npu3,
1782563516.8104289,200,124.16155400023854,qwen15b-npu5,
1782563516.8108554,200,139.48201399944082,qwen15b-npu5,
1782563516.811658,200,138.75023099899408,qwen15b-npu4,
1782563516.8195233,200,135.99829700069677,qwen15b-npu6,
1782563516.8199475,200,118.09490599989658,qwen15b-npu6,
1782563516.8262362,200,134.63150200004748,qwen15b-npu7,
1782563516.833604,200,149.4207979994826,qwen15b-npu3,
1782563516.8354158,200,136.45320999967225,qwen15b-npu4,
1782563516.8359716,200,117.81474499912292,qwen15b-npu4,
1782563516.8392491,200,125.13848899834557,qwen15b-npu5,
1782563516.844919,200,118.63183899913565,qwen15b-npu6,
1782563516.8543918,200,139.94322599864972,qwen15b-npu7,
1782563516.861299,200,118.24431700006244,qwen15b-npu4,
1782563516.8657687,200,137.69505500022206,qwen15b-npu3,
1782563516.86606,200,153.28541700000642,qwen15b-npu3,
1782563516.8667696,200,126.6833259996929,qwen15b-npu5,
1782563516.872923,200,127.69149000087054,qwen15b-npu6,
1782563516.8812969,200,140.81857000019227,qwen15b-npu7,
1782563516.8880682,200,115.73111600046104,qwen15b-npu4,
1782563516.8941324,200,138.1973179995839,qwen15b-npu5,
1782563516.8951225,200,139.6266449992254,qwen15b-npu3,
1782563516.8995087,200,126.33668399939779,qwen15b-npu6,
1782563516.9091108,200,143.13795999987633,qwen15b-npu7,
1782563516.9093928,200,126.18503399971814,qwen15b-npu7,
1782563516.9149106,200,131.9465399992623,qwen15b-npu4,
1782563516.9222052,200,121.51897199873929,qwen15b-npu5,
1782563516.9227588,200,139.0617810011463,qwen15b-npu5,
1782563516.9241624,200,140.71598000009544,qwen15b-npu3,
1782563516.9273374,200,116.76072000045679,qwen15b-npu6,
1782563516.9277918,200,135.4728249989421,qwen15b-npu6,
1782563516.9388802,200,134.48981100009405,qwen15b-npu7,
1782563516.9426455,200,137.75464599893894,qwen15b-npu4,
1782563516.942934,200,122.87507800101594,qwen15b-npu4,
1782563516.949766,200,138.03313700009312,qwen15b-npu5,
1782563516.9531763,200,126.87427699893306,qwen15b-npu6,
1782563516.9542894,200,154.24761099893658,qwen15b-npu3,
1782563516.9545841,200,143.62049299961654,qwen15b-npu3,
1782563516.9686992,200,149.06103700013773,qwen15b-npu7,
1782563516.9694042,200,133.8907379995362,qwen15b-npu7,
1782563516.969777,200,130.4633029994875,qwen15b-npu4,
1782563516.9791412,200,143.10796100107837,qwen15b-npu5,
1782563516.9798474,200,134.86001299861528,qwen15b-npu6,
1782563516.9846623,200,130.20241199956217,qwen15b-npu3,
1782563516.985018,200,151.31423699858715,qwen15b-npu3,
1782563516.9953942,200,129.26286699985212,qwen15b-npu7,
1782563516.9961348,200,130.29649199961568,qwen15b-npu4,
1782563517.0064516,200,139.58348499909334,qwen15b-npu6,
1782563517.0072272,200,125.84410199997365,qwen15b-npu5,
1782563517.007909,200,146.51380500072264,qwen15b-npu5,
1782563517.015029,200,142.00872600122239,qwen15b-npu3,
1782563517.0232515,200,135.09575399984897,qwen15b-npu7,
1782563517.0244849,200,130.25627200113377,qwen15b-npu4,
1782563517.0343084,200,139.0769019999425,qwen15b-npu6,
1782563517.0349932,200,135.421615001178,qwen15b-npu5,
1782563517.044445,200,135.26682399970014,qwen15b-npu3,
1782563517.0518029,200,123.8942029995087,qwen15b-npu4,
1782563517.0526047,200,137.63106500118738,qwen15b-npu4,
1782563517.0539405,200,126.47535399992194,qwen15b-npu7,
1782563517.0545719,200,145.11110900093627,qwen15b-npu7,
1782563517.0622327,200,139.41304300169577,qwen15b-npu5,
1782563517.0630965,200,140.82469999993918,qwen15b-npu6,
1782563517.0633533,200,124.37541500003135,qwen15b-npu6,
1782563517.0749128,200,150.68794500075455,qwen15b-npu3,
1782563517.0752084,200,132.49629199890478,qwen15b-npu3,
1782563517.0779908,200,124.7509570002876,qwen15b-npu4,
1782563517.0800693,200,130.24286200015922,qwen15b-npu7,
1782563517.088919,200,134.56359099836845,qwen15b-npu6,
1782563517.090239,200,147.24037899941322,qwen15b-npu5,
1782563517.0905225,200,135.87517799896887,qwen15b-npu5,
1782563517.103904,200,134.40045999959693,qwen15b-npu4,
1782563517.104662,200,135.84720700055186,qwen15b-npu3,
1782563517.111633,200,141.7856540010689,qwen15b-npu7,
1782563517.1125777,200,127.44662899967807,qwen15b-npu7,
1782563517.1171088,200,120.91009899995697,qwen15b-npu6,
1782563517.1179655,200,138.74891999876127,qwen15b-npu6,
1782563517.1183321,200,138.41191900064587,qwen15b-npu5,
1782563517.1312978,200,135.83704700067756,qwen15b-npu4,
1782563517.131676,200,116.57906899927184,qwen15b-npu4,
1782563517.1382763,200,130.96252499963157,qwen15b-npu7,
1782563517.1435752,200,120.22180700114404,qwen15b-npu6,
1782563517.1443548,200,159.60722499949043,qwen15b-npu3,
1782563517.1466556,200,122.07237500115298,qwen15b-npu5,
1782563517.1470675,200,140.51190800091717,qwen15b-npu5,
1782563517.163774,200,155.7763469991187,qwen15b-npu3,
1782563517.1672432,200,132.18292999954429,qwen15b-npu7,
1782563517.1709442,200,119.04117099948053,qwen15b-npu6,
1782563517.172708,200,120.00820499997644,qwen15b-npu5,
1782563517.182395,200,120.09853599920461,qwen15b-npu4,
1782563517.1830828,200,138.57184999869787,qwen15b-npu4,
1782563517.1951334,200,141.04745099939464,qwen15b-npu3,
1782563517.1956136,200,161.20157200020913,qwen15b-npu3,
1782563517.198327,200,143.64363200002117,qwen15b-npu7,
1782563517.2009556,200,120.82242900032725,qwen15b-npu6,
1782563517.2013717,200,137.9481570002099,qwen15b-npu5,
1782563517.202034,200,138.86835099947348,qwen15b-npu6,
1782563517.2098637,200,131.80705899867462,qwen15b-npu4,
1782563517.223356,200,148.37689399973897,qwen15b-npu7,
1782563517.2244227,200,133.83739799974137,qwen15b-npu7,
1782563517.2247036,200,134.39631999972335,qwen15b-npu3,
1782563517.2249587,200,149.67801999955554,qwen15b-npu3,
1782563517.226103,200,121.33634099882329,qwen15b-npu6,
1782563517.229095,200,140.11585700063733,qwen15b-npu5,
1782563517.238281,200,134.314330000052,qwen15b-npu4,
1782563517.2385278,200,120.46423700121522,qwen15b-npu4,
1782563517.2582932,200,126.89227700138872,qwen15b-npu5,
1782563517.2587256,200,146.99589799965906,qwen15b-npu5,
1782563517.260396,200,141.99731500048074,qwen15b-npu6,
1782563517.2606986,200,143.5215520014026,qwen15b-npu7,
1782563517.2623107,200,149.62842999921122,qwen15b-npu3,
1782563517.2843812,200,137.6176449994091,qwen15b-npu5,
1782563517.2858536,200,141.4237930002855,qwen15b-npu6,
1782563517.2890937,200,150.72457499991287,qwen15b-npu7,
1782563517.2913074,200,147.64563100106898,qwen15b-npu4,
1782563517.29164,200,124.2997440003819,qwen15b-npu4,
1782563517.2930348,200,145.85820300089836,qwen15b-npu3,
1782563517.2933462,200,161.59958400021424,qwen15b-npu3,
1782563517.3114657,200,138.66442000107781,qwen15b-npu5,
1782563517.3129482,200,141.90649500051222,qwen15b-npu6,
1782563517.314958,200,151.08774599866592,qwen15b-npu7,
1782563517.3185706,200,123.296821000622,qwen15b-npu4,
1782563517.3388472,200,140.45821800027625,qwen15b-npu5,
1782563517.3437362,200,133.78092799939623,qwen15b-npu6,
1782563517.3439856,200,148.2583139986673,qwen15b-npu6,
1782563517.344518,200,143.41566100119962,qwen15b-npu7,
1782563517.3452082,200,120.1773860011599,qwen15b-npu4,
1782563517.3455439,200,162.3899080004776,qwen15b-npu7,
1782563517.346163,200,144.05945500038797,qwen15b-npu4,
1782563517.3530004,200,151.55999899980088,qwen15b-npu3,
1782563517.3534627,200,171.00351699991734,qwen15b-npu3,
1782563517.3680463,200,144.62240700049733,qwen15b-npu5,
1782563517.3682842,200,139.0892609997536,qwen15b-npu5,
1782563517.372035,200,145.8088620001945,qwen15b-npu6,
1782563517.3724246,200,134.07517899941013,qwen15b-npu4,
1782563517.3731937,200,148.41998499832698,qwen15b-npu7,
1782563517.3815567,200,142.9563399997278,qwen15b-npu3,
1782563517.3822389,200,157.7465669997764,qwen15b-npu3,
1782563517.3957472,200,134.9310030000197,qwen15b-npu5,
1782563517.3983881,200,139.55218400042213,qwen15b-npu6,
1782563517.3995996,200,141.17360199998075,qwen15b-npu7,
1782563517.403286,200,140.90931999999157,qwen15b-npu4,
1782563517.4107842,200,150.30550200026482,qwen15b-npu3,
1782563517.422574,200,133.38323599964497,qwen15b-npu5,
1782563517.4251466,200,139.19918300052814,qwen15b-npu6,
1782563517.4259138,200,132.45186200038006,qwen15b-npu6,
1782563517.4278915,200,143.44383099887636,qwen15b-npu7,
1782563517.428591,200,135.488145000636,qwen15b-npu7,
1782563517.4295733,200,137.86508600060188,qwen15b-npu4,
1782563517.4399493,200,148.55747500041616,qwen15b-npu3,
1782563517.4496486,200,138.0917269998463,qwen15b-npu5,
1782563517.4567392,200,141.71342400004505,qwen15b-npu4,
1782563517.4572537,200,138.56918000055884,qwen15b-npu7,
1782563517.4697025,200,156.65434199945594,qwen15b-npu3,
1782563517.4772654,200,133.4612760001619,qwen15b-npu5,
1782563517.4776106,200,131.38021700069658,qwen15b-npu5,
1782563517.479241,200,140.29995700002473,qwen15b-npu6,
1782563517.4798331,200,134.21465000101307,qwen15b-npu6,
1782563517.4840584,200,130.53527299962298,qwen15b-npu4,
1782563517.4845707,200,140.5112989996269,qwen15b-npu4,
1782563517.4852057,200,139.92600600067817,qwen15b-npu7,
1782563517.5001915,200,155.6055170003674,qwen15b-npu3,
1782563517.5005076,200,147.43990999886591,qwen15b-npu3,
1782563517.5043025,200,132.1512900012749,qwen15b-npu5,
1782563517.506533,200,138.17734699841822,qwen15b-npu6,
1782563517.5068915,200,124.58257599973876,qwen15b-npu6,
1782563517.51035,200,137.08848300120735,qwen15b-npu4,
1782563517.5148954,200,146.78694600115705,qwen15b-npu7,
1782563517.5154457,200,133.82656800058612,qwen15b-npu7,
1782563517.5288203,200,130.33859200004372,qwen15b-npu3,
1782563517.5291557,200,156.6215109996847,qwen15b-npu3,
1782563517.5315437,200,135.69793600072444,qwen15b-npu5,
1782563517.532357,200,121.47832200025732,qwen15b-npu6,
1782563517.5370286,200,137.32962399990356,qwen15b-npu4,
1782563517.5442564,200,140.89946999956737,qwen15b-npu7,
1782563517.5572736,200,132.04220000079658,qwen15b-npu3,
1782563517.559735,200,131.04945499981113,qwen15b-npu6,
1782563517.5607824,200,131.146945999717,qwen15b-npu5,
1782563517.5611537,200,138.50488999923982,qwen15b-npu5,
1782563517.5634015,200,137.38233399999444,qwen15b-npu4,
1782563517.5730858,200,145.12750999892887,qwen15b-npu7,
1782563517.5860288,200,146.0174839994579,qwen15b-npu3,
1782563517.5876145,200,130.23286200041184,qwen15b-npu6,
1782563517.588448,200,138.73575100114977,qwen15b-npu4,
1782563517.6015103,200,144.66004699897894,qwen15b-npu7,
1782563517.6140027,200,136.32506000067224,qwen15b-npu4,
1782563517.615181,200,131.06091500048933,qwen15b-npu5,
1782563517.6160545,200,146.25452399923233,qwen15b-npu5,
1782563517.6164746,200,131.20350600001984,qwen15b-npu4,
1782563517.616841,200,136.9402230011474,qwen15b-npu6,
1782563517.6177213,200,140.36243800001102,qwen15b-npu3,
1782563517.6186516,200,134.0106490006292,qwen15b-npu3,
1782563517.6313734,200,152.06781099914224,qwen15b-npu7,
1782563517.6319973,200,131.4143769996008,qwen15b-npu7,
1782563517.641268,200,112.04160900160787,qwen15b-npu4,
1782563517.6415548,200,134.59216199953516,qwen15b-npu4,
1782563517.6428616,200,127.35208900085127,qwen15b-npu5,
1782563517.6431394,200,138.73442999829422,qwen15b-npu5,
1782563517.6440036,200,129.04610599980515,qwen15b-npu6,
1782563517.644459,200,144.19400499900803,qwen15b-npu6,
1782563517.646147,200,139.51585399991018,qwen15b-npu3,
1782563517.6598792,200,128.22963199869264,qwen15b-npu7,
1782563517.660274,200,149.85666100074013,qwen15b-npu7,
1782563517.668806,200,136.35701000021072,qwen15b-npu6,
1782563517.6691275,200,131.99746999998752,qwen15b-npu5,
1782563517.675309,200,130.90931499937142,qwen15b-npu3,
1782563517.676063,200,147.17817899872898,qwen15b-npu3,
1782563517.6865983,200,126.79271600063657,qwen15b-npu7,
1782563517.6936069,200,120.41850700006762,qwen15b-npu4,
1782563517.69412,200,136.76465199932863,qwen15b-npu4,
1782563517.6953533,200,134.0891689997079,qwen15b-npu5,
1782563517.6963813,200,135.49072599926149,qwen15b-npu6,
1782563517.7047265,200,141.22644199960632,qwen15b-npu3,
1782563517.7143872,200,128.2689030012989,qwen15b-npu7,
1782563517.7225006,200,134.78314300118655,qwen15b-npu6,
1782563517.7238438,200,135.30431500112172,qwen15b-npu5,
1782563517.7334485,200,131.84541900045588,qwen15b-npu3,
1782563517.7428627,200,127.57496899939724,qwen15b-npu7,
1782563517.7431767,200,124.43194599836715,qwen15b-npu7,
1782563517.7466455,200,128.849185000945,qwen15b-npu4,
1782563517.7471595,200,133.08138500178757,qwen15b-npu4,
1782563517.7510743,200,134.16163900001266,qwen15b-npu6,
1782563517.751466,200,120.02308499904757,qwen15b-npu6,
1782563517.7523923,200,120.32228600037342,qwen15b-npu5,
1782563517.752714,200,136.53436000095098,qwen15b-npu5,
1782563517.7637563,200,147.1666790002928,qwen15b-npu3,
1782563517.7699647,200,128.33800299995346,qwen15b-npu7,
1782563517.7734542,200,127.24226799946337,qwen15b-npu4,
1782563517.7740374,200,132.7075329991203,qwen15b-npu4,
1782563517.7787106,200,118.31866800093849,qwen15b-npu6,
1782563517.77981,200,136.53793000048609,qwen15b-npu6,
1782563517.780193,200,136.0861789999035,qwen15b-npu5,
1782563517.7946413,200,150.10886200070672,qwen15b-npu3,
1782563517.7949388,200,152.01192099993932,qwen15b-npu3,
1782563517.7990506,200,122.91744799949811,qwen15b-npu7,
1782563517.7998004,200,139.81851500102493,qwen15b-npu7,
1782563517.8003197,200,124.90970699946047,qwen15b-npu4,
1782563517.8051786,200,118.50731799859204,qwen15b-npu6,
1782563517.805825,200,136.95505199939362,qwen15b-npu5,
1782563517.8246074,200,155.35534500122594,qwen15b-npu3,
1782563517.824992,200,130.80741399971885,qwen15b-npu3,
1782563517.8293493,200,132.90515399967262,qwen15b-npu7,
1782563517.8301015,200,134.68367099994794,qwen15b-npu4,
1782563517.8331935,200,128.3585729997867,qwen15b-npu6,
1782563517.834356,200,140.67862900083128,qwen15b-npu5,
1782563517.8346767,200,120.19672600035847,qwen15b-npu5,
1782563517.85406,200,131.49409700054093,qwen15b-npu3,
1782563517.8543637,200,130.45686300029047,qwen15b-npu4,
1782563517.8576066,200,124.05643300007796,qwen15b-npu7,
1782563517.8606865,200,117.43422300060047,qwen15b-npu5,
1782563517.8810873,200,117.23376300142263,qwen15b-npu4,
1782563517.8816853,200,134.45246100127406,qwen15b-npu4,
1782563517.8842738,200,137.56598500003747,qwen15b-npu3,
1782563517.884925,200,133.78364700110978,qwen15b-npu7,
1782563517.885187,200,132.35954199990374,qwen15b-npu3,
1782563517.8867795,200,143.81891300035932,qwen15b-npu6,
1782563517.887102,200,135.56740599960904,qwen15b-npu5,
1782563517.887556,200,135.08406300024944,qwen15b-npu6,
1782563517.9071608,200,127.23721799920895,qwen15b-npu4,
1782563517.9123993,200,142.3679159997846,qwen15b-npu7,
1782563517.9128425,200,132.53771199924813,qwen15b-npu7,
1782563517.9140022,200,135.22332499996992,qwen15b-npu3,
1782563517.9146268,200,140.5201980014681,qwen15b-npu5,
1782563517.9148748,200,120.16482599938172,qwen15b-npu6,
1782563517.9151337,200,141.61317400066764,qwen15b-npu6,
1782563517.9159763,200,120.96576000112691,qwen15b-npu5,
1782563517.9332407,200,133.32417599849578,qwen15b-npu4,
1782563517.9382482,200,133.00372499907098,qwen15b-npu6,
1782563517.9389267,200,133.03666499996325,qwen15b-npu5,
1782563517.9393601,200,138.93018099952315,qwen15b-npu7,
1782563517.9427598,200,143.6308120009926,qwen15b-npu3,
1782563517.9606638,200,135.93976799893426,qwen15b-npu4,
1782563517.9610882,200,126.34096300098463,qwen15b-npu4,
1782563517.9651701,200,131.86735899944324,qwen15b-npu5,
1782563517.9656718,200,136.2539990004734,qwen15b-npu7,
1782563517.9668686,200,136.70147100128816,qwen15b-npu6,
1782563517.97237,200,147.26208899992344,qwen15b-npu3,
1782563517.9727173,200,138.26497800073412,qwen15b-npu3,
1782563517.99202,200,134.31533000039053,qwen15b-npu5,
1782563517.992329,200,138.20055699943623,qwen15b-npu7,
1782563517.9944828,200,140.00086600026407,qwen15b-npu6,
1782563518.000472,200,139.68833400031144,qwen15b-npu3,
1782563518.0122938,200,125.41369000064151,qwen15b-npu4,
1782563518.0125887,200,131.4298270008294,qwen15b-npu4,
1782563518.0190105,200,133.7061279991758,qwen15b-npu5,
1782563518.020144,200,132.5143920003029,qwen15b-npu6,
1782563518.0204148,200,136.07448800030397,qwen15b-npu6,
1782563518.021299,200,139.54568400004064,qwen15b-npu7,
1782563518.0218043,200,134.63228100044944,qwen15b-npu7,
1782563518.030171,200,145.17825899929448,qwen15b-npu3,
1782563518.038477,200,122.43494599897531,qwen15b-npu4,
1782563518.038719,200,125.80075099867827,qwen15b-npu4,
1782563518.044974,200,129.76550000166753,qwen15b-npu6,
1782563518.0462246,200,132.1515499985253,qwen15b-npu5,
1782563518.046565,200,139.28681300058088,qwen15b-npu5,
1782563518.0473778,200,132.43866199991317,qwen15b-npu7,
1782563518.0594487,200,146.9512069998018,qwen15b-npu3,
1782563518.0601027,200,145.40521999879275,qwen15b-npu3,
1782563518.0638354,200,121.01051899844606,qwen15b-npu4,
1782563518.071868,200,132.87898399903497,qwen15b-npu5,
1782563518.0721505,200,133.80484799927217,qwen15b-npu6,
1782563518.0734437,200,140.10184700055106,qwen15b-npu7,
1782563518.087541,200,148.11190299951704,qwen15b-npu3,
1782563518.0898824,200,122.9201189999003,qwen15b-npu4,
1782563518.098407,200,133.12675400084117,qwen15b-npu5,
1782563518.0994074,200,138.20864799890842,qwen15b-npu6,
1782563518.099724,200,127.26593800107366,qwen15b-npu6,
1782563518.101392,200,140.61342899913143,qwen15b-npu7,
1782563518.1018112,200,129.02142600069055,qwen15b-npu7,
1782563518.1161067,200,121.54415199984214,qwen15b-npu4,
1782563518.1211166,200,155.3189949991065,qwen15b-npu3,
1782563518.125215,200,132.82708299993828,qwen15b-npu5,
1782563518.1280642,200,127.5224889996025,qwen15b-npu7,
1782563518.142241,200,122.01828399884107,qwen15b-npu4,
1782563518.1465023,200,154.38990199982072,qwen15b-npu3,
1782563518.1529024,200,140.24640699972224,qwen15b-npu5,
1782563518.1535542,200,131.67469799918763,qwen15b-npu5,
1782563518.1545672,200,142.2045960007381,qwen15b-npu6,
1782563518.1548395,200,133.4462969989545,qwen15b-npu6,
1782563518.1550746,200,134.60555200072122,qwen15b-npu7,
1782563518.169141,200,130.5958439988899,qwen15b-npu4,
1782563518.169444,200,121.99274399972637,qwen15b-npu4,
1782563518.1766677,200,157.54418600045028,qwen15b-npu3,
1782563518.1770318,200,130.34319300095376,qwen15b-npu3,
1782563518.1775203,200,147.28172900140635,qwen15b-npu3,
1782563518.1806502,200,116.75101999935578,qwen15b-npu5,
1782563518.1808934,200,134.5748210005695,qwen15b-npu5,
1782563518.1821473,200,121.97715399997833,qwen15b-npu6,
1782563518.1824088,200,137.3609040001611,qwen15b-npu6,
1782563518.182812,200,144.0227450002567,qwen15b-npu7,
1782563518.1833155,200,123.78499199985527,qwen15b-npu7,
1782563518.1943336,200,122.11551499967754,qwen15b-npu4,
1782563518.2046072,200,132.67407300008927,qwen15b-npu3,
1782563518.2054496,200,115.50511499990535,qwen15b-npu5,
1782563518.2078087,200,120.17548599942529,qwen15b-npu6,
1782563518.2085562,200,135.00720400043065,qwen15b-npu7,
1782563518.228831,200,129.03541600098833,qwen15b-npu4,
1782563518.2326818,200,131.17683599921293,qwen15b-npu5,
1782563518.2344651,200,135.95170700136805,qwen15b-npu3,
1782563518.2355635,200,133.6392569992313,qwen15b-npu6,
1782563518.2367313,200,137.2278439994261,qwen15b-npu7,
1782563518.2486758,200,127.45937899853743,qwen15b-npu4,
1782563518.2578623,200,115.52179499994963,qwen15b-npu5,
1782563518.263998,200,147.828772000139,qwen15b-npu3,
1782563518.2656481,200,137.48615400072595,qwen15b-npu6,
1782563518.2680511,200,142.77067900002294,qwen15b-npu7,
1782563518.2738147,200,120.84594900079537,qwen15b-npu4,
1782563518.2840505,200,128.91628599936666,qwen15b-npu5,
1782563518.2933002,200,123.73540199951094,qwen15b-npu7,
1782563518.2942913,200,139.65690399891173,qwen15b-npu3,
1782563518.2946188,200,148.01864300170564,qwen15b-npu3,
1782563518.2948475,200,141.22764199964877,qwen15b-npu7,
1782563518.2953987,200,140.49449800040748,qwen15b-npu6,
1782563518.3007069,200,119.74555400047393,qwen15b-npu4,
1782563518.3014162,200,118.03772699931869,qwen15b-npu4,
1782563518.3019328,200,132.72868300009577,qwen15b-npu4,
1782563518.311372,200,133.7445179997303,qwen15b-npu5,
1782563518.3118484,200,129.63346899960015,qwen15b-npu5,
1782563518.3212047,200,126.80756600093446,qwen15b-npu7,
1782563518.3214822,200,140.76587000090512,qwen15b-npu7,
1782563518.322873,200,139.98869600072794,qwen15b-npu3,
1782563518.3236258,200,146.4809349999996,qwen15b-npu3,
1782563518.3247578,200,142.29080699988117,qwen15b-npu6,
1782563518.3253834,200,148.60965499974554,qwen15b-npu6,
1782563518.3268573,200,118.19332699997176,qwen15b-npu4,
1782563518.3370476,200,131.53872700058855,qwen15b-npu5,
1782563518.3519235,200,144.0553739994357,qwen15b-npu3,
1782563518.3526146,200,115.82191600064107,qwen15b-npu4,
1782563518.3535733,200,148.90493700113439,qwen15b-npu6,
1782563518.3633757,200,128.84181499975966,qwen15b-npu5,
1782563518.3767805,200,128.00803199934307,qwen15b-npu7,
1782563518.3771071,200,148.17940300054033,qwen15b-npu7,
1782563518.3809125,200,145.2528000008897,qwen15b-npu3,
1782563518.3837292,200,150.94612600114488,qwen15b-npu6,
1782563518.389484,200,125.39477000063926,qwen15b-npu5,
1782563518.403243,200,129.33382700066431,qwen15b-npu7,
1782563518.4042504,200,136.10157900075137,qwen15b-npu4,
1782563518.4098387,200,144.12415500009956,qwen15b-npu3,
1782563518.4126356,200,128.5228940014349,qwen15b-npu6,
1782563518.4133418,200,155.40853600032278,qwen15b-npu6,
1782563518.4175005,200,124.0842139995948,qwen15b-npu5,
1782563518.4178102,200,117.03432099966449,qwen15b-npu5,
1782563518.430749,200,128.75073500072176,qwen15b-npu4,
1782563518.431323,200,136.40875999954005,qwen15b-npu4,
1782563518.432343,200,137.6505950011051,qwen15b-npu7,
1782563518.4327438,200,121.31088099886256,qwen15b-npu7,
1782563518.440297,200,138.81715099887515,qwen15b-npu3,
1782563518.4405437,200,146.1569139992207,qwen15b-npu3,
1782563518.4421968,200,130.28769199991075,qwen15b-npu6,
1782563518.4427779,200,147.3189789994649,qwen15b-npu6,
1782563518.4438534,200,118.40487799963739,qwen15b-npu5,
1782563518.4443347,200,123.06693900063692,qwen15b-npu5,
1782563518.4580424,200,120.90370899932168,qwen15b-npu4,
1782563518.458318,200,135.3804049995233,qwen15b-npu4,
1782563518.4608252,200,137.09209300031944,qwen15b-npu7,
1782563518.4690623,200,147.51491999959399,qwen15b-npu3,
1782563518.469471,200,142.51104699906136,qwen15b-npu3,
1782563518.4704564,200,116.82400099925871,qwen15b-npu5,
1782563518.4712646,200,146.4148049999494,qwen15b-npu6,
1782563518.4900556,200,138.07029800045711,qwen15b-npu7,
1782563518.4968293,200,133.34583500000008,qwen15b-npu3,
1782563518.5006373,200,147.96354300051462,qwen15b-npu6,
1782563518.5090754,200,132.22465100079717,qwen15b-npu4,
1782563518.5175223,200,140.29918699998234,qwen15b-npu7,
1782563518.522926,200,139.09833199977584,qwen15b-npu5,
1782563518.5267446,200,137.16665300125896,qwen15b-npu3,
1782563518.5292222,200,148.24184400094964,qwen15b-npu6,
1782563518.5373704,200,119.80243499965582,qwen15b-npu4,
1782563518.537798,200,134.48774099924776,qwen15b-npu4,
1782563518.546011,200,128.08665200100222,qwen15b-npu7,
1782563518.5463536,200,141.99826500043855,qwen15b-npu7,
1782563518.5510402,200,138.3432089987764,qwen15b-npu5,
1782563518.5515494,200,120.16111599950818,qwen15b-npu5,
1782563518.5547059,200,141.26443100030883,qwen15b-npu3,
1782563518.5588999,200,128.08626199876016,qwen15b-npu6,
1782563518.5594459,200,149.5100789998105,qwen15b-npu6,
1782563518.5629647,200,130.14517099873046,qwen15b-npu4,
1782563518.5634282,200,119.51178299932508,qwen15b-npu4,
1782563518.5745444,200,134.1784589985764,qwen15b-npu7,
1782563518.5750093,200,130.61145400024543,qwen15b-npu7,
1782563518.5768092,200,134.54330199965625,qwen15b-npu5,
1782563518.5770867,200,118.69886900058191,qwen15b-npu5,
1782563518.5846958,200,152.28162200037332,qwen15b-npu3,
1782563518.5849693,200,142.1262059993751,qwen15b-npu3,
1782563518.586525,200,117.35403300008329,qwen15b-npu4,
1782563518.5881917,200,147.58471999994072,qwen15b-npu6,
1782563518.5886745,200,130.5699940003251,qwen15b-npu6,
1782563518.6019151,200,131.3655470003141,qwen15b-npu7,
1782563518.603049,200,131.71086800139165,qwen15b-npu5,
1782563518.6115544,200,114.6221009985311,qwen15b-npu4,
1782563518.612596,200,151.6635789994325,qwen15b-npu3,
1782563518.615577,200,145.99153299968748,qwen15b-npu6,
1782563518.6303666,200,129.63668900010816,qwen15b-npu7,
1782563518.636179,200,109.33897599898046,qwen15b-npu4,
1782563518.6420183,200,151.89902000020084,qwen15b-npu3,
1782563518.6445465,200,135.37186500070675,qwen15b-npu6,
1782563518.653934,200,136.31489900035376,qwen15b-npu5,
1782563518.6546574,200,116.74572000083572,qwen15b-npu5,
1782563518.6589084,200,129.6201889999793,qwen15b-npu7,
1782563518.6613004,200,114.83463199874677,qwen15b-npu4,
1782563518.6712594,200,148.23809399968013,qwen15b-npu3,
1782563518.672884,200,135.40275500054122,qwen15b-npu6,
1782563518.6784966,200,123.69447199853312,qwen15b-npu5,
1782563518.688563,200,137.42458399974566,qwen15b-npu7,
1782563518.6888673,200,125.83791199904226,qwen15b-npu7,
1782563518.689182,200,129.6628990003228,qwen15b-npu4,
1782563518.689419,200,112.54640100014512,qwen15b-npu4,
1782563518.7011893,200,155.10004499992647,qwen15b-npu3,
1782563518.701663,200,142.67038800062437,qwen15b-npu3,
1782563518.7019114,200,126.84210600127699,qwen15b-npu3,
1782563518.7066612,200,121.62701299894252,qwen15b-npu5,
1782563518.70691,200,132.30561100135674,qwen15b-npu5,
1782563518.7071455,200,155.52863699849695,qwen15b-npu6,
1782563518.7073927,200,143.89897399996698,qwen15b-npu6,
1782563518.7119286,200,123.67494200043438,qwen15b-npu4,
1782563518.716164,200,127.43088900060684,qwen15b-npu7,
1782563518.7168436,200,139.6889050010941,qwen15b-npu7,
1782563518.7300406,200,143.45605200105638,qwen15b-npu3,
1782563518.730878,200,127.76334100090025,qwen15b-npu5,
1782563518.7353961,200,133.41868600036833,qwen15b-npu6,
1782563518.735687,200,150.92944499883743,qwen15b-npu6,
1782563518.7370298,200,124.36470499960706,qwen15b-npu4,
1782563518.7448347,200,129.1907370014087,qwen15b-npu7,
1782563518.7585595,200,122.31510499987053,qwen15b-npu5,
1782563518.7598171,200,148.14850299990212,qwen15b-npu3,
1782563518.7623503,200,117.72900500000105,qwen15b-npu4,
1782563518.7642446,200,133.78745800036995,qwen15b-npu6,
1782563518.7842743,200,125.29823900149495,qwen15b-npu5,
1782563518.787762,200,116.43333900065045,qwen15b-npu4,
1782563518.7893445,200,147.26607899865485,qwen15b-npu3,
1782563518.7923868,200,137.62834500084864,qwen15b-npu6,
1782563518.801515,200,147.51792099923478,qwen15b-npu7,
1782563518.8018734,200,128.9223959993251,qwen15b-npu7,
1782563518.8094168,200,120.453367000664,qwen15b-npu5,
1782563518.812883,200,124.22643399986555,qwen15b-npu4,
1782563518.817993,200,156.59270099968126,qwen15b-npu3,
1782563518.8202858,200,141.72658400093496,qwen15b-npu6,
1782563518.8283799,200,138.88966100057587,qwen15b-npu7,
1782563518.8351326,200,133.1540449991735,qwen15b-npu5,
1782563518.835933,200,128.95899599971017,qwen15b-npu5,
1782563518.838038,200,130.81192399840802,qwen15b-npu4,
1782563518.8382819,200,122.05744499988214,qwen15b-npu4,
1782563518.8494334,200,148.17167299952416,qwen15b-npu3,
1782563518.8497062,200,147.97672200074885,qwen15b-npu6,
1782563518.8499722,200,137.95369699982984,qwen15b-npu3,
1782563518.8504996,200,143.0416700004571,qwen15b-npu6,
1782563518.8508465,200,161.59808399970643,qwen15b-npu3,
1782563518.8563151,200,149.58595899952343,qwen15b-npu7,
1782563518.8566256,200,139.69730499957222,qwen15b-npu7,
1782563518.8604329,200,129.49250800011214,qwen15b-npu5,
1782563518.8621883,200,126.43831400055205,qwen15b-npu4,
1782563518.8765695,200,146.46750599968072,qwen15b-npu6,
1782563518.8771365,200,132.19649999882677,qwen15b-npu6,
1782563518.8775463,200,142.08707599937043,qwen15b-npu3,
1782563518.8848414,200,120.52878700160363,qwen15b-npu7,
1782563518.885238,200,148.12871299909602,qwen15b-npu7,
1782563518.8864696,200,127.83263999881456,qwen15b-npu5,
1782563518.8885307,200,126.09304299985524,qwen15b-npu4,
1782563518.903952,200,119.55905300055747,qwen15b-npu6,
1782563518.9047666,200,144.85887800037744,qwen15b-npu3,
1782563518.9117842,200,123.91554200075916,qwen15b-npu5,
1782563518.9125686,200,120.0985560008121,qwen15b-npu4,
1782563518.931174,200,129.18323700068868,qwen15b-npu6,
1782563518.932942,200,143.50622199890495,qwen15b-npu3,
1782563518.9367101,200,118.65092900006857,qwen15b-npu4,
1782563518.938472,200,128.95616599962523,qwen15b-npu5,
1782563518.9410794,200,139.4775140015554,qwen15b-npu7,
1782563518.9605315,200,132.0555999991484,qwen15b-npu6,
1782563518.9620023,200,149.01614699920174,qwen15b-npu3,
1782563518.962315,200,126.31177399998705,qwen15b-npu3,
1782563518.9628747,200,124.76775700088183,qwen15b-npu4,
1782563518.9635315,200,112.91862299913191,qwen15b-npu4,
1782563518.9651163,200,129.90505000016128,qwen15b-npu5,
1782563518.965428,200,115.65047499971115,qwen15b-npu5,
1782563518.9706564,200,132.30455099983374,qwen15b-npu7,
1782563518.9709058,200,150.55619400118303,qwen15b-npu7,
1782563518.9867024,200,124.45447599930048,qwen15b-npu4,
1782563518.9903593,200,140.84802899924398,qwen15b-npu6,
1782563518.9906662,200,133.97221900049772,qwen15b-npu5,
1782563518.990972,200,134.58638100019016,qwen15b-npu6,
1782563518.9912894,200,114.64213100043708,qwen15b-npu5,
1782563518.9922407,200,131.7466290001903,qwen15b-npu3,
1782563518.9925697,200,142.47840800089762,qwen15b-npu3,
1782563518.999237,200,148.3203939988016,qwen15b-npu7,
1782563519.0118048,200,126.4960250009608,qwen15b-npu4,
1782563519.0181894,200,129.5746390005661,qwen15b-npu6,
1782563519.0184283,200,140.7814899994264,qwen15b-npu6,
1782563519.0195181,200,134.56481100001838,qwen15b-npu3,
1782563519.0291312,200,142.57045799968182,qwen15b-npu7,
1782563519.0294933,200,152.2296010007267,qwen15b-npu7,
1782563519.0387294,200,126.85251599941694,qwen15b-npu4,
1782563519.0412977,200,137.24316399930103,qwen15b-npu5,
1782563519.0482943,200,143.4389120004198,qwen15b-npu3,
1782563519.0561328,200,143.46732200101542,qwen15b-npu7,
1782563519.0630186,200,124.44638600027247,qwen15b-npu4,
1782563519.0683181,200,135.30932499998016,qwen15b-npu5,
1782563519.073316,200,142.03046500006167,qwen15b-npu6,
1782563519.0770164,200,140.24151699959475,qwen15b-npu3,
1782563519.0841606,200,143.01293000062287,qwen15b-npu7,
1782563519.0888247,200,125.87858199913171,qwen15b-npu4,
1782563519.0893414,200,118.61511899951438,qwen15b-npu4,
1782563519.0946023,200,132.50642200000584,qwen15b-npu5,
1782563519.094836,200,129.3176270010008,qwen15b-npu5,
1782563519.1014261,200,140.8042300008674,qwen15b-npu6,
1782563519.1017587,200,136.5508109993243,qwen15b-npu6,
1782563519.1067615,200,135.78095699995174,qwen15b-npu3,
1782563519.107268,200,144.8873689987522,qwen15b-npu3,
1782563519.1120858,200,125.32855899917195,qwen15b-npu7,
1782563519.1123629,200,148.7430659999518,qwen15b-npu7,
1782563519.1134744,200,121.14589100019657,qwen15b-npu4,
1782563519.1192784,200,119.9584549995052,qwen15b-npu5,
1782563519.119984,200,128.91813500027638,qwen15b-npu5,
1782563519.1277204,200,135.0916529991082,qwen15b-npu6,
1782563519.128233,200,137.48034499985806,qwen15b-npu6,
1782563519.134343,200,143.89929400022083,qwen15b-npu3,
1782563519.138038,200,119.79123400124081,qwen15b-npu4,
1782563519.139495,200,121.00581000049715,qwen15b-npu7,
1782563519.1400545,200,148.70136600075057,qwen15b-npu7,
1782563519.144164,200,114.944432001721,qwen15b-npu5,
1782563519.15457,200,134.9490729990066,qwen15b-npu6,
1782563519.163703,200,124.83288700059347,qwen15b-npu4,
1782563519.1640468,200,152.1678820008674,qwen15b-npu3,
1782563519.1648657,200,135.2639939996152,qwen15b-npu3,
1782563519.1683524,200,126.97910699898785,qwen15b-npu7,
1782563519.1694365,200,113.23921400071413,qwen15b-npu5,
1782563519.1816194,200,133.25251499918522,qwen15b-npu6,
1782563519.1895437,200,121.1198199998762,qwen15b-npu4,
1782563519.1917372,200,128.64728400018066,qwen15b-npu3,
1782563519.1964655,200,123.07965899890405,qwen15b-npu7,
1782563519.2084186,200,131.33906700022635,qwen15b-npu6,
1782563519.2139902,200,124.58275599965418,qwen15b-npu4,
1782563519.2202742,200,136.0124180009734,qwen15b-npu5,
1782563519.2209084,200,119.05414099965128,qwen15b-npu5,
1782563519.2211542,200,132.26239100004022,qwen15b-npu3,
1782563519.2224028,200,127.49561999953585,qwen15b-npu7,
1782563519.2391284,200,132.29918099932547,qwen15b-npu4,
1782563519.2394369,200,120.0916559992038,qwen15b-npu4,
1782563519.2403746,200,145.70823200119776,qwen15b-npu6,
1782563519.2409194,200,128.77222499992058,qwen15b-npu6,
1782563519.24584,200,117.54393400042318,qwen15b-npu5,
1782563519.2460868,200,133.65517700003693,qwen15b-npu5,
1782563519.2547846,200,134.7355419984524,qwen15b-npu7,
1782563519.2552867,200,147.9533519996039,qwen15b-npu7,
1782563519.2604089,200,146.8676870008494,qwen15b-npu3,
1782563519.2608273,200,159.29420300017227,qwen15b-npu3,
1782563519.2632098,200,125.10665799891285,qwen15b-npu4,
1782563519.2686489,200,128.53306400029396,qwen15b-npu6,
1782563519.2689283,200,141.14334100122505,qwen15b-npu6,
1782563519.2707453,200,126.4903739993315,qwen15b-npu5,
1782563519.2827837,200,143.2232009992731,qwen15b-npu7,
1782563519.289032,200,154.62381200086384,qwen15b-npu3,
1782563519.2959409,200,127.50896000034118,qwen15b-npu5,
1782563519.2980285,200,133.91205799962336,qwen15b-npu4,
1782563519.2992153,200,134.2475800011016,qwen15b-npu6,
1782563519.3106833,200,146.871638000448,qwen15b-npu7,
1782563519.3140495,200,132.34241099962674,qwen15b-npu4,
1782563519.3193314,200,164.65686799892865,qwen15b-npu3,
1782563519.319757,200,150.2638530000695,qwen15b-npu3,
1782563519.3214407,200,124.87581799905456,qwen15b-npu5,
1782563519.325712,200,133.87827800033847,qwen15b-npu6,
1782563519.3389912,200,149.34762799930468,qwen15b-npu7,
1782563519.3396144,200,125.52402000073926,qwen15b-npu4,
1782563519.3486526,200,127.42233900098654,qwen15b-npu5,
1782563519.3490114,200,140.52233900110878,qwen15b-npu3,
1782563519.354766,200,133.78935799846658,qwen15b-npu6,
1782563519.364466,200,118.30693699994299,qwen15b-npu4,
1782563519.3649695,200,125.746170999264,qwen15b-npu4,
1782563519.373373,200,112.88760199931858,qwen15b-npu5,
1782563519.3738506,200,153.5086580006464,qwen15b-npu7,
1782563519.3741298,200,134.62210199941183,qwen15b-npu7,
1782563519.3743417,200,133.3597760003613,qwen15b-npu5,
1782563519.3762696,200,130.36051299968676,qwen15b-npu3,
1782563519.3765936,200,154.1339399991557,qwen15b-npu3,
1782563519.3833172,200,127.96757199976128,qwen15b-npu6,
1782563519.3840544,200,143.6088220016245,qwen15b-npu6,
1782563519.3892524,200,125.9578130011505,qwen15b-npu4,
1782563519.3961146,200,127.39811900064524,qwen15b-npu7,
1782563519.3964095,200,141.56331300000602,qwen15b-npu7,
1782563519.3981955,200,127.36802800100122,qwen15b-npu5,
1782563519.4037707,200,142.83709899973474,qwen15b-npu3,
1782563519.4115403,200,142.54626799993275,qwen15b-npu6,
1782563519.4150195,200,125.9225020003214,qwen15b-npu4,
1782563519.422977,200,126.94371699944895,qwen15b-npu7,
1782563519.4240174,200,124.68333699871437,qwen15b-npu5,
1782563519.4320936,200,149.22820799984038,qwen15b-npu3,
1782563519.4394639,200,125.3532400005497,qwen15b-npu4,
1782563519.4400418,200,141.93415400040976,qwen15b-npu6,
1782563519.4493876,200,127.85816100040392,qwen15b-npu5,
1782563519.450782,200,131.3390569994226,qwen15b-npu7,
1782563519.4613569,200,150.57982399957837,qwen15b-npu3,
1782563519.4617293,200,135.92307799990522,qwen15b-npu3,
1782563519.4651983,200,126.0950830001093,qwen15b-npu4,
1782563519.4681687,200,148.31328399850463,qwen15b-npu6,
1782563519.474373,200,125.62950999927125,qwen15b-npu5,
1782563519.4785974,200,138.86817099955806,qwen15b-npu7,
1782563519.489041,200,134.17797000147402,qwen15b-npu3,
1782563519.48978,200,125.248948999797,qwen15b-npu4,
1782563519.4900212,200,115.6150750011875,qwen15b-npu4,
1782563519.4965627,200,147.43482999983826,qwen15b-npu6,
1782563519.497224,200,123.0241590001242,qwen15b-npu6,
1782563519.5005755,200,117.20408200017118,qwen15b-npu5,
1782563519.5012305,200,127.78363999859721,qwen15b-npu5,
1782563519.5070407,200,130.68167399978847,qwen15b-npu7,
1782563519.5074716,200,142.4363070000254,qwen15b-npu7,
1782563519.5139341,200,124.61348600118072,qwen15b-npu4,
1782563519.5182366,200,144.31806600077834,qwen15b-npu3,
1782563519.5188565,200,134.71883199963486,qwen15b-npu3,
1782563519.5236983,200,147.04545799941116,qwen15b-npu6,
1782563519.524496,200,128.28961299965158,qwen15b-npu6,
1782563519.5256972,200,127.4073889999272,qwen15b-npu5,
1782563519.534181,200,119.09913099952973,qwen15b-npu7,
1782563519.5347912,200,138.3180490011,qwen15b-npu7,
1782563519.5389206,200,127.29747899902577,qwen15b-npu4,
1782563519.5465968,200,142.7684180016513,qwen15b-npu3,
1782563519.5502954,200,127.23444799848949,qwen15b-npu6,
1782563519.551608,200,127.48234900027455,qwen15b-npu5,
1782563519.5610378,200,120.92926900004386,qwen15b-npu7,
1782563519.5642462,200,124.71795700002986,qwen15b-npu4,
1782563519.5749142,200,142.72675800020806,qwen15b-npu3,
1782563519.5775096,200,128.01789199875202,qwen15b-npu6,
1782563519.5783136,200,127.46095000147761,qwen15b-npu5,
1782563519.5883327,200,123.03276899910998,qwen15b-npu7,
1782563519.58964,200,127.84783099959895,qwen15b-npu4,
1782563519.6024163,200,127.99000099948898,qwen15b-npu5,
1782563519.6039603,200,125.27776899878518,qwen15b-npu3,
1782563519.604741,200,143.28308099902642,qwen15b-npu3,
1782563519.6051266,200,136.8849919999775,qwen15b-npu6,
1782563519.6156578,200,115.01317200054473,qwen15b-npu4,
1782563519.615907,200,126.06046200016863,qwen15b-npu7,
1782563519.6164906,200,127.38293900110875,qwen15b-npu4,
1782563519.6291003,200,132.46687200080487,qwen15b-npu5,
1782563519.6298285,200,122.28372599929571,qwen15b-npu5,
1782563519.6316133,200,141.52227300110098,qwen15b-npu6,
1782563519.6321428,200,125.03986800038547,qwen15b-npu6,
1782563519.63302,200,135.711856000853,qwen15b-npu3,
1782563519.6399796,200,121.6904129996692,qwen15b-npu4,
1782563519.6441097,200,142.79947800059745,qwen15b-npu7,
1782563519.644387,200,125.45096000030753,qwen15b-npu7,
1782563519.6544662,200,129.88442999994732,qwen15b-npu5,
1782563519.658803,200,119.81546399874787,qwen15b-npu6,
1782563519.659462,200,135.66904599974805,qwen15b-npu6,
1782563519.6628604,200,137.10556299884047,qwen15b-npu3,
1782563519.6634932,200,149.49014900048496,qwen15b-npu3,
1782563519.666392,200,132.12611099879723,qwen15b-npu4,
1782563519.6673772,200,115.6604250008968,qwen15b-npu4,
1782563519.6711276,200,136.2704589992063,qwen15b-npu7,
1782563519.680159,200,133.48687599864206,qwen15b-npu5,
1782563519.6857498,200,121.43558200114057,qwen15b-npu6,
1782563519.689322,200,138.97115100007795,qwen15b-npu3,
1782563519.6912198,200,112.83010199986165,qwen15b-npu4,
1782563519.698803,200,137.6691360001132,qwen15b-npu7,
1782563519.705392,200,130.39832299909904,qwen15b-npu5,
1782563519.7130663,200,123.3470209990628,qwen15b-npu6,
1782563519.7156997,200,110.89091400026518,qwen15b-npu4,
1782563519.7179556,200,140.33881799878145,qwen15b-npu3,
1782563519.727296,200,138.88924099956057,qwen15b-npu7,
1782563519.7276382,200,122.44591600028798,qwen15b-npu7,
1782563519.7315612,200,115.58624499957659,qwen15b-npu5,
1782563519.732379,200,129.89281000045594,qwen15b-npu5,
1782563519.7405381,200,123.9795840010629,qwen15b-npu6,
1782563519.7412,200,112.01872899982845,qwen15b-npu4,
1782563519.7480145,200,132.27716000073997,qwen15b-npu3,
1782563519.7482858,200,144.23917599924607,qwen15b-npu3,
1782563519.7538168,200,123.90343299921369,qwen15b-npu7,
1782563519.7580335,200,113.57979600143153,qwen15b-npu5,
1782563519.7582817,200,126.5910950005491,qwen15b-npu5,
1782563519.766738,200,126.68271599977743,qwen15b-npu4,
1782563519.767436,200,135.237735001283,qwen15b-npu6,
1782563519.7764206,200,143.3132319998549,qwen15b-npu3,
1782563519.7819653,200,119.03851100032625,qwen15b-npu7,
1782563519.7826176,200,138.44315900132642,qwen15b-npu7,
1782563519.7833703,200,119.77030399975774,qwen15b-npu5,
1782563519.7925313,200,132.99073400048655,qwen15b-npu4,
1782563519.792748,200,121.51133199949982,qwen15b-npu4,
1782563519.796899,200,130.4424830013886,qwen15b-npu6,
1782563519.7975733,200,143.02384000075108,qwen15b-npu6,
1782563519.8058143,200,146.94529799999145,qwen15b-npu3,
1782563519.806664,200,139.163952000672,qwen15b-npu3,
1782563519.8099673,200,124.13031400137697,qwen15b-npu5,
1782563519.8108034,200,130.56188300106442,qwen15b-npu7,
1782563519.816963,200,118.06706700008363,qwen15b-npu4,
1782563519.823701,200,134.30556999992405,qwen15b-npu6,
1782563519.8343878,200,121.25947100139456,qwen15b-npu5,
1782563519.8368568,200,145.50680100001046,qwen15b-npu3,
1782563519.8382967,200,132.84222400034196,qwen15b-npu7,
1782563519.8423939,200,114.67761099993368,qwen15b-npu4,
1782563519.8528066,200,137.04493299883325,qwen15b-npu6,
1782563519.853212,200,120.7231780008442,qwen15b-npu6,
1782563519.8608747,200,112.78740200032189,qwen15b-npu5,
1782563519.8612344,200,129.6171490012057,qwen15b-npu5,
1782563519.866349,200,148.28494399989722,qwen15b-npu3,
1782563519.866724,200,139.31806300024618,qwen15b-npu7,
1782563519.8682585,200,109.86874899936083,qwen15b-npu4,
1782563519.8690841,200,127.81222000012349,qwen15b-npu4,
1782563519.8785305,200,124.64569599978859,qwen15b-npu6,
1782563519.885821,200,118.31416800123407,qwen15b-npu5,
1782563519.8939145,200,145.53827099916816,qwen15b-npu7,
1782563519.8945124,200,127.67875000099593,qwen15b-npu7,
1782563519.8962264,200,155.5939270001545,qwen15b-npu3,
1782563519.8970244,200,138.92723099888826,qwen15b-npu3,
1782563519.9053059,200,128.81618499886827,qwen15b-npu6,
1782563519.9111078,200,118.29384700104129,qwen15b-npu5,
1782563519.9186816,200,135.2431350005645,qwen15b-npu4,
1782563519.9193351,200,121.67599299937137,qwen15b-npu4,
1782563519.9208605,200,138.15415800127084,qwen15b-npu7,
1782563519.924796,200,142.77735900031985,qwen15b-npu3,
1782563519.9331677,200,140.56966899988765,qwen15b-npu6,
1782563519.9335027,200,123.44077099987771,qwen15b-npu6,
1782563519.937039,200,130.25432199901843,qwen15b-npu5,
1782563519.9429467,200,125.89580199892225,qwen15b-npu4,
1782563519.949001,200,143.12378099930356,qwen15b-npu7,
1782563519.9496424,200,125.86557100075879,qwen15b-npu7,
1782563519.955975,200,159.0141019987641,qwen15b-npu3,
1782563519.9566607,200,145.7617219984968,qwen15b-npu3,
1782563519.9603074,200,123.38254099995538,qwen15b-npu6,
1782563519.9625268,200,128.05551200108312,qwen15b-npu5,
1782563519.9680965,200,125.59123000028194,qwen15b-npu4,
1782563519.975889,200,122.97748899982253,qwen15b-npu7,
1782563519.9835596,200,145.20136999999522,qwen15b-npu3,
1782563519.987727,200,118.54537799990794,qwen15b-npu6,
1782563519.98805,200,127.07206699997187,qwen15b-npu6,
1782563519.9887042,200,120.3492170006939,qwen15b-npu5,
1782563519.9895868,200,136.25761900038924,qwen15b-npu5,
1782563519.9932814,200,126.825886000006,qwen15b-npu4,
1782563520.0035486,200,136.7513509994751,qwen15b-npu7,
1782563520.014315,200,153.0100649997621,qwen15b-npu3,
1782563520.0146563,200,120.07410600017465,qwen15b-npu5,
1782563520.0149722,200,136.38179900044634,qwen15b-npu3,
1782563520.0156832,200,119.39407300087623,qwen15b-npu6,
1782563520.0215666,200,116.18111800089537,qwen15b-npu4,
1782563520.0219188,200,136.00851800038072,qwen15b-npu4,
1782563520.0319512,200,120.74524800118525,qwen15b-npu7,
1782563520.0324397,200,138.46111900056712,qwen15b-npu7,
1782563520.041589,200,122.84688799991272,qwen15b-npu5,
1782563520.0427604,200,123.33940099961183,qwen15b-npu6,
1782563520.0431004,200,145.96690299913462,qwen15b-npu3,
1782563520.0464835,200,121.6141120003158,qwen15b-npu4,
1782563520.0590494,200,125.79640200056019,qwen15b-npu7,
1782563520.0656362,200,132.07151999995403,qwen15b-npu5,
1782563520.0705948,200,133.44619599956786,qwen15b-npu6,
1782563520.071543,200,122.47113600096782,qwen15b-npu4,
1782563520.0726306,200,129.58914899900265,qwen15b-npu3,
1782563520.073025,200,152.08026100117422,qwen15b-npu3,
1782563520.087442,200,119.25401099870214,qwen15b-npu7,
1782563520.0878067,200,138.09306700022717,qwen15b-npu7,
1782563520.0918508,200,135.79186700007995,qwen15b-npu5,
1782563520.092184,200,116.2169580002228,qwen15b-npu5,
1782563520.0969725,200,134.3827010005043,qwen15b-npu4,
1782563520.0982351,200,141.4983230006328,qwen15b-npu6,
1782563520.1007147,200,140.3215980008099,qwen15b-npu3,
1782563520.1138663,200,125.71932199898583,qwen15b-npu7,
1782563520.1164975,200,126.82337699880009,qwen15b-npu5,
1782563520.1220732,200,133.3061559998896,qwen15b-npu4,
1782563520.126747,200,133.3529860003182,qwen15b-npu6,
1782563520.1270928,200,143.4730219989433,qwen15b-npu6,
1782563520.1314359,200,127.81634000020858,qwen15b-npu3,
1782563520.1317604,200,143.94249399992987,qwen15b-npu3,
1782563520.141375,200,126.64320600015344,qwen15b-npu7,
1782563520.142045,200,126.27781400078675,qwen15b-npu5,
1782563520.1478136,200,125.79921199903765,qwen15b-npu4,
1782563520.148097,200,133.67999699948996,qwen15b-npu4,
1782563520.1535523,200,138.48989899997832,qwen15b-npu6,
1782563520.1589415,200,137.29202299873577,qwen15b-npu3,
1782563520.1675997,200,135.09497399900283,qwen15b-npu5,
1782563520.1692524,200,122.69125700004224,qwen15b-npu7,
1782563520.1695943,200,137.58188500105462,qwen15b-npu7,
1782563520.173159,200,129.94238999999652,qwen15b-npu4,
1782563520.1802993,200,138.64730000022973,qwen15b-npu6,
1782563520.1875863,200,144.74436700038495,qwen15b-npu3,
1782563520.1934166,200,120.32368700056395,qwen15b-npu5,
1782563520.1941073,200,134.9764229998982,qwen15b-npu5,
1782563520.1956286,200,122.91611799992097,qwen15b-npu7,
1782563520.197386,200,125.77030099964759,qwen15b-npu4,
1782563520.2085435,200,121.00078000003123,qwen15b-npu6,
1782563520.2088811,200,143.18267999988166,qwen15b-npu6,
1782563520.2181022,200,147.40333999907307,qwen15b-npu3,
1782563520.2188735,200,131.00887600012356,qwen15b-npu3,
1782563520.2191494,200,122.08819500119716,qwen15b-npu5,
1782563520.2232955,200,109.37436699896352,qwen15b-npu4,
1782563520.2240646,200,132.12562000080652,qwen15b-npu4,
1782563520.2257526,200,133.50481700035743,qwen15b-npu7,
1782563520.2352853,200,136.99578200066753,qwen15b-npu6,
1782563520.2440548,200,121.9198740000138,qwen15b-npu5,
1782563520.2463095,200,145.54019100069127,qwen15b-npu3,
1782563520.2498598,200,118.34435700075119,qwen15b-npu4,
1782563520.2568958,200,125.05134800085216,qwen15b-npu7,
1782563520.2572472,200,140.66726900091453,qwen15b-npu7,
1782563520.2650876,200,122.97240900079487,qwen15b-npu6,
1782563520.265394,200,138.2361279993347,qwen15b-npu6,
1782563520.2706969,200,111.69504700046673,qwen15b-npu5,
1782563520.2710407,200,129.5799489998899,qwen15b-npu5,
1782563520.2742357,200,126.07252299858374,qwen15b-npu4,
1782563520.2758718,200,149.01727699907497,qwen15b-npu3,
1782563520.2762842,200,128.40409300042666,qwen15b-npu3,
1782563520.2830641,200,129.42566799938504,qwen15b-npu7,
1782563520.2910128,200,123.32822999997006,qwen15b-npu6,
1782563520.2954018,200,115.01017199952912,qwen15b-npu5,
1782563520.2980838,200,128.3972029996221,qwen15b-npu4,
1782563520.3033416,200,134.00847800039628,qwen15b-npu3,
1782563520.310703,200,137.44580499951553,qwen15b-npu7,
1782563520.3179755,200,130.31143199987127,qwen15b-npu6,
1782563520.3209593,200,123.500181000054,qwen15b-npu5,
1782563520.3243105,200,130.13759199930064,qwen15b-npu4,
1782563520.3318415,200,138.34194900118746,qwen15b-npu3,
1782563520.3446066,200,148.91671700024744,qwen15b-npu7,
1782563520.3473735,200,128.1575419998262,qwen15b-npu5,
1782563520.352413,200,129.0251360005641,qwen15b-npu6,
1782563520.3528252,200,144.20132499981264,qwen15b-npu6,
1782563520.3532784,200,127.46275899917237,qwen15b-npu4,
1782563520.3535886,200,134.63372200021695,qwen15b-npu4,
1782563520.3628247,200,153.84765900125785,qwen15b-npu3,
1782563520.363437,200,139.27818199954345,qwen15b-npu3,
1782563520.3758986,200,118.91661999834469,qwen15b-npu4,
1782563520.380528,200,162.30770699985442,qwen15b-npu7,
1782563520.3809237,200,145.55156099959277,qwen15b-npu7,
1782563520.3814049,200,137.26651400065748,qwen15b-npu5,
1782563520.3906062,200,140.64690899976995,qwen15b-npu3,
1782563520.3917813,200,145.3863900005672,qwen15b-npu6,
1782563520.4018438,200,136.67356099904282,qwen15b-npu5,
1782563520.4028342,200,132.05166999978246,qwen15b-npu4,
1782563520.4032288,200,127.25809800031129,qwen15b-npu5,
1782563520.4078276,200,133.5054470000614,qwen15b-npu7,
1782563520.4086354,200,151.29074800097442,qwen15b-npu7,
1782563520.4153855,200,138.98665100168728,qwen15b-npu6,
1782563520.416126,200,150.61621499989997,qwen15b-npu6,
1782563520.4208376,200,149.70128999993904,qwen15b-npu3,
1782563520.4211707,200,138.03448699945875,qwen15b-npu3,
1782563520.4278731,200,129.72672899923055,qwen15b-npu5,
1782563520.4283974,200,137.30182300059823,qwen15b-npu4,
1782563520.4346998,200,139.2345620006381,qwen15b-npu7,
1782563520.4413779,200,137.96287600052892,qwen15b-npu6,
1782563520.4471536,200,136.35625999995682,qwen15b-npu3,
1782563520.4543188,200,129.9102100001619,qwen15b-npu5,
1782563520.454692,200,136.63429099869973,qwen15b-npu4,
1782563520.4615045,200,140.48844799981453,qwen15b-npu7,
1782563520.468277,200,136.36628000131168,qwen15b-npu6,
1782563520.4751997,200,130.50034300067637,qwen15b-npu3,
1782563520.4796727,200,127.1373469990067,qwen15b-npu5,
1782563520.4807546,200,117.84157500005676,qwen15b-npu4,
1782563520.481125,200,133.66547700024967,qwen15b-npu4,
1782563520.4899077,200,126.40282400025171,qwen15b-npu7,
1782563520.4902697,200,137.33079399935377,qwen15b-npu7,
1782563520.4974961,200,144.15141500103346,qwen15b-npu6,
1782563520.503701,200,150.01012200082187,qwen15b-npu3,
1782563520.5060403,200,130.04611100041075,qwen15b-npu5,
1782563520.5069506,200,125.44514999899548,qwen15b-npu4,
1782563520.50726,200,115.38050400122302,qwen15b-npu5,
1782563520.518075,200,127.36809899979562,qwen15b-npu7,
1782563520.5233767,200,121.46608200055198,qwen15b-npu6,
1782563520.5240672,200,143.42229099929682,qwen15b-npu6,
1782563520.5314457,200,122.70871800137684,qwen15b-npu5,
1782563520.5322206,200,128.88954499976535,qwen15b-npu4,
1782563520.5334103,200,152.3997229996894,qwen15b-npu3,
1782563520.533894,200,130.95957500081568,qwen15b-npu3,
1782563520.544567,200,123.30176000068604,qwen15b-npu7,
1782563520.5449102,200,137.01157300056366,qwen15b-npu7,
1782563520.5509079,200,122.43629600015993,qwen15b-npu6,
1782563520.5515027,200,136.02901800004474,qwen15b-npu6,
1782563520.5570393,200,129.06651599951147,qwen15b-npu5,
1782563520.5582454,200,137.32742399952258,qwen15b-npu4,
1782563520.558634,200,117.17901199881453,qwen15b-npu4,
1782563520.5623899,200,127.62490999921283,qwen15b-npu3,
1782563520.5627363,200,146.5232360005757,qwen15b-npu3,
1782563520.5706797,200,123.42561100012972,qwen15b-npu7,
1782563520.5771787,200,122.38735600112705,qwen15b-npu6,
1782563520.5826046,200,114.27398900013941,qwen15b-npu4,
1782563520.5833673,200,128.95137499981502,qwen15b-npu5,
1782563520.5889196,200,127.35670899928664,qwen15b-npu3,
1782563520.59764,200,122.38851599977352,qwen15b-npu7,
1782563520.6041372,200,123.2773299998371,qwen15b-npu6,
1782563520.6082308,200,118.22295699857932,qwen15b-npu4,
1782563520.609612,200,129.8505999984627,qwen15b-npu5,
1782563520.6104233,200,112.86305200155766,qwen15b-npu5,
1782563520.6174877,200,136.25175899869646,qwen15b-npu3,
1782563520.6263387,200,136.0024780005915,qwen15b-npu7,
1782563520.6265802,200,119.25237200011907,qwen15b-npu7,
1782563520.6324694,200,128.68430500020622,qwen15b-npu6,
1782563520.6348395,200,127.80154000029142,qwen15b-npu4,
1782563520.635417,200,117.23515300036524,qwen15b-npu5,
1782563520.6450071,200,138.91309199971147,qwen15b-npu3,
1782563520.6524818,200,120.16654500075674,qwen15b-npu7,
1782563520.6609566,200,137.5084049996076,qwen15b-npu6,
1782563520.6611917,200,127.2321180003928,qwen15b-npu6,
1782563520.6621814,200,117.19076299959852,qwen15b-npu4,
1782563520.6624565,200,128.967446000388,qwen15b-npu5,
1782563520.6626701,200,131.1283960003493,qwen15b-npu4,
1782563520.6755123,200,151.3562180007284,qwen15b-npu3,
1782563520.6757936,200,131.1341149994405,qwen15b-npu3,
1782563520.6806953,200,129.6997300014482,qwen15b-npu7,
1782563520.6815462,200,119.07286099994963,qwen15b-npu7,
1782563520.687931,200,129.21018700035347,qwen15b-npu4,
1782563520.6900692,200,132.96735400035686,qwen15b-npu6,
1782563520.690426,200,127.57253000017954,qwen15b-npu5,
1782563520.6910262,200,139.45286399939505,qwen15b-npu5,
1782563520.7036417,200,126.3854339995305,qwen15b-npu3,
1782563520.7040026,200,145.6500420008524,qwen15b-npu3,
1782563520.7104967,200,127.03613699886773,qwen15b-npu7,
1782563520.7141461,200,131.44945800013375,qwen15b-npu4,
1782563520.7180142,200,128.99664599899552,qwen15b-npu5,
1782563520.718692,200,147.94886199888424,qwen15b-npu6,
1782563520.7347336,200,130.50281299911148,qwen15b-npu3,
1782563520.7383385,200,128.62785499964957,qwen15b-npu7,
1782563520.7405674,200,113.90543800007435,qwen15b-npu4,
1782563520.7409463,200,132.63831199947163,qwen15b-npu4,
1782563520.7445457,200,134.01915900067252,qwen15b-npu5,
1782563520.7477558,200,130.17961099831155,qwen15b-npu6,
1782563520.748495,200,150.7893250000052,qwen15b-npu6,
1782563520.7636,200,137.20618300067144,qwen15b-npu3,
1782563520.7661529,200,133.6240069995256,qwen15b-npu7,
1782563520.7696571,200,134.7579119992588,qwen15b-npu5,
1782563520.7755249,200,140.04641599967727,qwen15b-npu6,
1782563520.7907612,200,128.03292199896532,qwen15b-npu4,
1782563520.7915795,200,139.0426710004249,qwen15b-npu4,
1782563520.792648,200,147.58411999901,qwen15b-npu3,
1782563520.7930386,200,130.513593001524,qwen15b-npu3,
1782563520.795041,200,134.02076899910753,qwen15b-npu7,
1782563520.797184,200,121.2939010001719,qwen15b-npu5,
1782563520.7975702,200,135.31150500057265,qwen15b-npu5,
1782563520.8068442,200,126.07720300002256,qwen15b-npu6,
1782563520.8072085,200,145.94000299985055,qwen15b-npu6,
1782563520.818638,200,114.88993200146069,qwen15b-npu4,
1782563520.818982,200,130.98185499984538,qwen15b-npu4,
1782563520.820102,200,138.44946899916977,qwen15b-npu3,
1782563520.8214939,200,131.32797600155754,qwen15b-npu5,
1782563520.824516,200,148.91665700088197,qwen15b-npu7,
1782563520.825273,200,134.70470199899864,qwen15b-npu7,
1782563520.8353977,200,144.2621149999468,qwen15b-npu6,
1782563520.847157,200,132.9126839991659,qwen15b-npu5,
1782563520.847829,200,129.06602599832695,qwen15b-npu3,
1782563520.848597,200,144.48545599952922,qwen15b-npu3,
1782563520.8513274,200,140.73558999916713,qwen15b-npu7,
1782563520.8659468,200,147.8622209997411,qwen15b-npu6,
1782563520.8672268,200,132.39513100052136,qwen15b-npu4,
1782563520.8675537,200,119.73244399996474,qwen15b-npu4,
1782563520.872612,200,131.94157000179985,qwen15b-npu5,
1782563520.8748395,200,130.2289720006229,qwen15b-npu3,
1782563520.8796136,200,141.15577099983057,qwen15b-npu7,
1782563520.8799427,200,131.34272700153815,qwen15b-npu7,
1782563520.8905387,200,114.94966199825285,qwen15b-npu4,
1782563520.895496,200,129.244216999723,qwen15b-npu6,
1782563520.8957734,200,154.75596299984318,qwen15b-npu6,
1782563520.8992245,200,135.54756499979703,qwen15b-npu5,
1782563520.9034572,200,133.73630800015235,qwen15b-npu3,
1782563520.9161456,200,121.00289900081407,qwen15b-npu4,
1782563520.9243543,200,131.2540569997509,qwen15b-npu6,
1782563520.9252903,200,132.53659200017864,qwen15b-npu5,
1782563520.9261208,200,128.45343399931153,qwen15b-npu5,
1782563520.9319742,200,140.29405700057396,qwen15b-npu3,
1782563520.9322863,200,124.96085800012224,qwen15b-npu3,
1782563520.9360948,200,145.23187000122562,qwen15b-npu7,
1782563520.9367783,200,139.49594400037313,qwen15b-npu7,
1782563520.943076,200,117.71177499940677,qwen15b-npu4,
1782563520.943491,200,124.75715700020373,qwen15b-npu4,
1782563520.9496486,200,129.44861799951468,qwen15b-npu5,
1782563520.955291,200,133.7329170000885,qwen15b-npu6,
1782563520.9555702,200,148.64454500093416,qwen15b-npu6,
1782563520.9609277,200,136.32852000046114,qwen15b-npu3,
1782563520.9636893,200,144.6071070004109,qwen15b-npu7,
1782563520.9644651,200,128.97181600055774,qwen15b-npu7,
1782563520.9667897,200,118.12321599973075,qwen15b-npu4,
1782563520.9763508,200,128.45476400070766,qwen15b-npu5,
1782563520.9842658,200,136.9947629991657,qwen15b-npu6,
1782563520.9882412,200,136.81895199988503,qwen15b-npu3,
1782563520.990308,200,124.2623240013927,qwen15b-npu7,
1782563520.9931808,200,120.50581699986651,qwen15b-npu4,
1782563521.005263,200,125.54658999943058,qwen15b-npu5,
1782563521.0061517,200,138.82514000033552,qwen15b-npu5,
1782563521.0159562,200,141.05563100019936,qwen15b-npu3,
1782563521.017753,200,150.1303420009208,qwen15b-npu6,
1782563521.0183537,200,122.7960880005412,qwen15b-npu4,
1782563521.0197597,200,139.746484999705,qwen15b-npu7,
1782563521.0201478,200,120.82148900117318,qwen15b-npu7,
1782563521.0298393,200,126.28645400036476,qwen15b-npu5,
1782563521.042859,200,118.4082079998916,qwen15b-npu4,
1782563521.0447628,200,148.91495699885127,qwen15b-npu3,
1782563521.045722,200,119.49610299961932,qwen15b-npu7,
1782563521.04736,200,156.72630200060667,qwen15b-npu6,
1782563521.0476832,200,131.39862699972582,qwen15b-npu6,
1782563521.0564208,200,124.38037500032806,qwen15b-npu5,
1782563521.0682127,200,132.04809999842837,qwen15b-npu4,
1782563521.0689976,200,113.6398869984987,qwen15b-npu4,
1782563521.0733767,200,130.20160200176178,qwen15b-npu7,
1782563521.0746353,200,149.2829079998046,qwen15b-npu3,
1782563521.0749185,200,138.0584180005826,qwen15b-npu3,
1782563521.0758398,200,143.4414019986434,qwen15b-npu6,
1782563521.082677,200,118.89044999952603,qwen15b-npu5,
1782563521.0830069,200,139.41403299941157,qwen15b-npu5,
1782563521.0927079,200,125.81821099956869,qwen15b-npu4,
1782563521.1011405,200,140.12985699991987,qwen15b-npu7,
1782563521.1014597,200,125.03227799970773,qwen15b-npu3,
1782563521.102475,200,146.83379699999932,qwen15b-npu3,
1782563521.1037064,200,139.14463200126193,qwen15b-npu6,
1782563521.1039605,200,154.22704100092233,qwen15b-npu6,
1782563521.1093054,200,120.96980000023905,qwen15b-npu5,
1782563521.1174853,200,124.20520399973611,qwen15b-npu4,
1782563521.1289933,200,122.7410970004712,qwen15b-npu7,
1782563521.129264,200,123.90011199931905,qwen15b-npu3,
1782563521.1301422,200,145.80006200048956,qwen15b-npu7,
1782563521.1309326,200,140.5188079988875,qwen15b-npu6,
1782563521.136571,200,120.54714800069632,qwen15b-npu5,
1782563521.143479,200,125.06393800140359,qwen15b-npu4,
1782563521.1557562,200,135.53638600023987,qwen15b-npu7,
1782563521.1574569,200,137.58641500135127,qwen15b-npu3,
1782563521.1580646,200,140.24157699896023,qwen15b-npu6,
1782563521.1629932,200,115.21302400069544,qwen15b-npu5,
1782563521.163612,200,133.68211799934215,qwen15b-npu5,
1782563521.1678395,200,122.97819900049944,qwen15b-npu4,
1782563521.1841218,200,136.68569100082095,qwen15b-npu7,
1782563521.185079,200,139.29193299918552,qwen15b-npu3,
1782563521.1864302,200,143.4872820009332,qwen15b-npu6,
1782563521.187456,200,130.9516050005186,qwen15b-npu6,
1782563521.19427,200,118.34629799886898,qwen15b-npu4,
1782563521.1946268,200,126.31091299954278,qwen15b-npu4,
1782563521.2127488,200,129.99317100002372,qwen15b-npu7,
1782563521.2133617,200,139.88796600096975,qwen15b-npu7,
1782563521.2155373,200,132.43997100107663,qwen15b-npu3,
1782563521.2159598,200,146.86354699915682,qwen15b-npu3,
1782563521.2170682,200,124.27242400008254,qwen15b-npu5,
1782563521.2174075,200,142.69484800024657,qwen15b-npu5,
1782563521.2182233,200,143.21614099935687,qwen15b-npu6,
1782563521.223295,200,121.73802299912495,qwen15b-npu4,
1782563521.2427664,200,138.98838100067223,qwen15b-npu7,
1782563521.2431269,200,139.1007019992685,qwen15b-npu5,
1782563521.2460258,200,143.44813200114004,qwen15b-npu3,
1782563521.246271,200,136.90367200069886,qwen15b-npu6,
1782563521.2470798,200,145.84952299992437,qwen15b-npu6,
1782563521.247818,200,130.2678020001622,qwen15b-npu4,
1782563521.2693546,200,139.1377719992306,qwen15b-npu5,
1782563521.271159,200,141.77396400009457,qwen15b-npu7,
1782563521.272944,200,136.27328899929125,qwen15b-npu4,
1782563521.2746408,200,131.0960159989918,qwen15b-npu3,
1782563521.2753036,200,146.245504000035,qwen15b-npu3,
1782563521.2756152,200,144.61463699990418,qwen15b-npu6,
1782563521.2972784,200,139.7326049991534,qwen15b-npu5,
1782563521.3005116,200,144.65586699952837,qwen15b-npu7,
1782563521.3007696,200,137.69549599965103,qwen15b-npu4,
1782563521.3010442,200,133.13915499929863,qwen15b-npu7,
1782563521.3022695,200,144.05382400036615,qwen15b-npu6,
1782563521.303894,200,140.178276998995,qwen15b-npu3,
1782563521.3252475,200,130.54602300144325,qwen15b-npu5,
1782563521.3256495,200,141.45932300016284,qwen15b-npu5,
1782563521.326744,200,113.31508500006748,qwen15b-npu4,
1782563521.3273902,200,140.85553000040818,qwen15b-npu4,
1782563521.3276448,200,133.2767160001822,qwen15b-npu7,
1782563521.3313615,200,146.21473500119464,qwen15b-npu6,
1782563521.3332214,200,145.6648219991621,qwen15b-npu3,
1782563521.3500414,200,131.71871799931978,qwen15b-npu5,
1782563521.3515966,200,134.42502099860576,qwen15b-npu4,
1782563521.3555279,200,139.4552729998395,qwen15b-npu7,
1782563521.3601353,200,142.6513080004952,qwen15b-npu6,
1782563521.360492,200,147.67831099925388,qwen15b-npu6,
1782563521.361901,200,138.51977899867052,qwen15b-npu3,
1782563521.3627446,200,147.10608799941838,qwen15b-npu3,
1782563521.3765912,200,133.71042700055114,qwen15b-npu5,
1782563521.3779333,200,131.83943900003214,qwen15b-npu4,
1782563521.3820422,200,134.13588000003074,qwen15b-npu7,
1782563521.3824034,200,139.1990119991533,qwen15b-npu7,
1782563521.3879693,200,141.6337439986819,qwen15b-npu6,
1782563521.3900912,200,142.91529900037858,qwen15b-npu3,
1782563521.4045715,200,131.52854699910677,qwen15b-npu4,
1782563521.4049273,200,135.47130599908996,qwen15b-npu5,
1782563521.4054685,200,129.73973900079727,qwen15b-npu5,
1782563521.408187,200,132.7961740007595,qwen15b-npu7,
1782563521.4171932,200,145.9568539994507,qwen15b-npu6,
1782563521.4223967,200,147.6879009987897,qwen15b-npu3,
1782563521.429578,200,127.19764800021949,qwen15b-npu5,
1782563521.436053,200,134.9236629994266,qwen15b-npu7,
1782563521.4364328,200,135.85050700021384,qwen15b-npu4,
1782563521.4450333,200,144.1990249986702,qwen15b-npu3,
1782563521.4462843,200,142.3216869989119,qwen15b-npu6,
1782563521.4466667,200,149.28477800094697,qwen15b-npu6,
1782563521.4549649,200,128.11931200121762,qwen15b-npu5,
1782563521.4566784,200,125.21513899991987,qwen15b-npu4,
1782563521.457056,200,131.329576999633,qwen15b-npu4,
1782563521.4637113,200,136.00387800033786,qwen15b-npu7,
1782563521.4734733,200,148.0859330004023,qwen15b-npu3,
1782563521.4743767,200,146.9150869997975,qwen15b-npu6,
1782563521.474677,200,141.3891030006198,qwen15b-npu3,
1782563521.4820495,200,120.04859500120801,qwen15b-npu5,
1782563521.482726,200,132.59230199946614,qwen15b-npu5,
1782563521.4831064,200,122.87334800021199,qwen15b-npu4,
1782563521.4912198,200,139.5282640005462,qwen15b-npu7,
1782563521.4915717,200,128.73076399955607,qwen15b-npu7,
1782563521.5013843,200,140.81988999896566,qwen15b-npu3,
1782563521.5028427,200,126.14917300015804,qwen15b-npu6,
1782563521.503468,200,147.82322099927114,qwen15b-npu6,
1782563521.5068486,200,124.36963499931153,qwen15b-npu5,
1782563521.5081906,200,130.18668099903152,qwen15b-npu4,
1782563521.5186617,200,130.62794399957056,qwen15b-npu7,
1782563521.5290349,200,146.8942479987163,qwen15b-npu3,
1782563521.5301874,200,139.99849599895242,qwen15b-npu6,
1782563521.5342004,200,128.65695400068944,qwen15b-npu5,
1782563521.5347102,200,130.03557000047294,qwen15b-npu4,
1782563521.5459328,200,137.64672500110464,qwen15b-npu7,
1782563521.5570343,200,139.74028500160784,qwen15b-npu6,
1782563521.5582943,200,128.59437499901105,qwen15b-npu3,
1782563521.5586145,200,153.5681380009919,qwen15b-npu3,
1782563521.5596685,200,112.8913829998055,qwen15b-npu4,
1782563521.5603504,200,137.855655999374,qwen15b-npu4,
1782563521.5609488,200,124.800936999236,qwen15b-npu5,
1782563521.5730116,200,136.4967900008196,qwen15b-npu7,
1782563521.5834439,200,119.6579040006327,qwen15b-npu4,
1782563521.5851505,200,138.75128099971334,qwen15b-npu3,
1782563521.5858893,200,130.85821499953454,qwen15b-npu5,
1782563521.587935,200,131.144745999336,qwen15b-npu6,
1782563521.5883436,200,143.24476100046013,qwen15b-npu6,
1782563521.6010928,200,126.30559399985941,qwen15b-npu7,
1782563521.6016717,200,144.5037270004832,qwen15b-npu7,
1782563521.6090763,200,126.25184299940884,qwen15b-npu4,
1782563521.6121097,200,137.65181499911705,qwen15b-npu5,
1782563521.6124597,200,121.15952099884453,qwen15b-npu5,
1782563521.6156013,200,133.46514600016235,qwen15b-npu6,
1782563521.6188931,200,135.6826369992632,qwen15b-npu3,
1782563521.619541,200,146.00138300011167,qwen15b-npu3,
1782563521.6291056,200,120.8204790000309,qwen15b-npu7,
1782563521.629454,200,137.7778860005492,qwen15b-npu7,
1782563521.634629,200,131.67002800037153,qwen15b-npu4,
1782563521.638703,200,131.7608690005727,qwen15b-npu5,
1782563521.6430452,200,139.4648639998195,qwen15b-npu3,
1782563521.6444647,200,142.99324999956298,qwen15b-npu6,
1782563521.6448777,200,126.12272299884353,qwen15b-npu6,
1782563521.6554701,200,120.64716800159658,qwen15b-npu7,
1782563521.6596596,200,130.5571630000486,qwen15b-npu4,
1782563521.6639183,200,129.60864799970295,qwen15b-npu5,
1782563521.6705625,200,124.56469599965203,qwen15b-npu6,
1782563521.6719894,200,141.6309630003525,qwen15b-npu3,
1782563521.683621,200,125.21617899983539,qwen15b-npu7,
1782563521.6853113,200,128.14914299997326,qwen15b-npu4,
1782563521.6856818,200,124.62406599843234,qwen15b-npu4,
1782563521.689222,200,129.47134800015192,qwen15b-npu5,
1782563521.6986668,200,138.20341800055758,qwen15b-npu6,
1782563521.7008514,200,127.77176999952644,qwen15b-npu3,
1782563521.7012203,200,142.5378179992549,qwen15b-npu3,
1782563521.7097104,200,121.66507199981424,qwen15b-npu4,
1782563521.7108946,200,125.64443100018252,qwen15b-npu7,
1782563521.7152312,200,131.72482899972238,qwen15b-npu5,
1782563521.7159936,200,114.79232199963008,qwen15b-npu5,
1782563521.7260058,200,140.02044600056252,qwen15b-npu6,
1782563521.7276554,200,139.1999420011416,qwen15b-npu3,
1782563521.734649,200,122.43491600020207,qwen15b-npu4,
1782563521.738699,200,136.90411199968366,qwen15b-npu7,
1782563521.7390292,200,120.03684599949338,qwen15b-npu7,
1782563521.7401738,200,124.43392500063055,qwen15b-npu5,
1782563521.754906,200,145.74322199950984,qwen15b-npu6,
1782563521.755269,200,135.66053599970473,qwen15b-npu6,
1782563521.757076,200,127.51930999911565,qwen15b-npu3,
1782563521.757459,200,144.9255279985664,qwen15b-npu3,
1782563521.760588,200,131.38933699883637,qwen15b-npu4,
1782563521.7609484,200,116.00360699958401,qwen15b-npu4,
1782563521.765022,200,126.24350399892137,qwen15b-npu7,
1782563521.7672875,200,132.54519200017967,qwen15b-npu5,
1782563521.7676423,200,112.07062999892514,qwen15b-npu5,
1782563521.7822766,200,139.15819199974067,qwen15b-npu6,
1782563521.7850308,200,140.43392799976573,qwen15b-npu3,
1782563521.785407,200,114.7469009993074,qwen15b-npu4,
1782563521.7924001,200,132.64248199993744,qwen15b-npu7,
1782563521.8101308,200,120.8171289999882,qwen15b-npu4,
1782563521.8128774,200,148.85881600093853,qwen15b-npu6,
1782563521.813261,200,127.50913899981242,qwen15b-npu6,
1782563521.8141901,200,142.1314760009409,qwen15b-npu3,
1782563521.8189006,200,117.94737499985786,qwen15b-npu5,
1782563521.8192239,200,135.48811600048793,qwen15b-npu5,
1782563521.8211753,200,119.88521499915805,qwen15b-npu7,
1782563521.821589,200,136.1500889997842,qwen15b-npu7,
1782563521.835125,200,124.15712400070333,qwen15b-npu4,
1782563521.8406858,200,130.8630039984564,qwen15b-npu6,
1782563521.8412917,200,125.98428199999034,qwen15b-npu3,
1782563521.841811,200,143.0417200008378,qwen15b-npu3,
1782563521.8466442,200,130.5492139999842,qwen15b-npu5,
1782563521.8481941,200,122.08920500052045,qwen15b-npu7,
1782563521.860915,200,126.19600300058664,qwen15b-npu4,
1782563521.8684993,200,140.77785000154108,qwen15b-npu6,
1782563521.8695543,200,130.77453400001104,qwen15b-npu3,
1782563521.8740973,200,134.9999129997741,qwen15b-npu5,
1782563521.8745136,200,116.9588910015591,qwen15b-npu5,
1782563521.875395,200,135.11854399985168,qwen15b-npu7,
1782563521.8874304,200,132.42753200029256,qwen15b-npu4,
1782563521.8881433,200,122.9993890010519,qwen15b-npu4,
1782563521.896977,200,135.9106370000518,qwen15b-npu6,
1782563521.8973367,200,141.96308499958832,qwen15b-npu6,
1782563521.8988857,200,131.51166799980274,qwen15b-npu3,
1782563521.8992634,200,131.50719799887156,qwen15b-npu5,
1782563521.9000185,200,142.84218899956613,qwen15b-npu3,
1782563521.9034116,200,142.73885799957498,qwen15b-npu7,
1782563521.9043405,200,121.95851400065294,qwen15b-npu7,
1782563521.9119678,200,126.48750399966957,qwen15b-npu4,
1782563521.9235349,200,138.40208900001016,qwen15b-npu6,
1782563521.9249415,200,114.7100109992607,qwen15b-npu5,
1782563521.9275515,200,135.08427400120127,qwen15b-npu3,
1782563521.937104,200,122.81436800003576,qwen15b-npu4,
1782563521.9508872,200,131.88286900003732,qwen15b-npu5,
1782563521.9518828,200,130.18174199896748,qwen15b-npu6,
1782563521.9521484,200,138.74663000024157,qwen15b-npu6,
1782563521.956809,200,137.50497499859193,qwen15b-npu3,
1782563521.9572947,200,144.3056450007134,qwen15b-npu7,
1782563521.957721,200,136.43598000089696,qwen15b-npu7,
1782563521.9637792,200,115.44308500015177,qwen15b-npu4,
1782563521.964635,200,129.42176800061134,qwen15b-npu4,
1782563521.9776747,200,136.31576899933862,qwen15b-npu5,
1782563521.9784486,200,131.72679799936304,qwen15b-npu6,
1782563521.982501,200,140.62251900031697,qwen15b-npu7,
1782563521.9854572,200,144.69951700084493,qwen15b-npu3,
1782563521.987866,200,113.28784500074107,qwen15b-npu4,
1782563522.0045629,200,135.9820679990662,qwen15b-npu5,
1782563522.005041,200,117.53105400021013,qwen15b-npu5,
1782563522.0062342,200,132.02674000058323,qwen15b-npu6,
1782563522.0104976,200,122.26290599937784,qwen15b-npu7,
1782563522.010876,200,141.21904199964774,qwen15b-npu7,
1782563522.0134814,200,152.47908200035454,qwen15b-npu3,
1782563522.0144167,200,116.96433200086176,qwen15b-npu4,
1782563522.014748,200,139.28626300003089,qwen15b-npu3,
1782563522.0304668,200,131.1060460011504,qwen15b-npu5,
1782563522.035303,200,131.80060900049284,qwen15b-npu6,
1782563522.0356572,200,138.59740900079487,qwen15b-npu6,
1782563522.0372283,200,137.12548299918126,qwen15b-npu7,
1782563522.0393846,200,134.94144300057087,qwen15b-npu4,
1782563522.042371,200,130.31526200029475,qwen15b-npu3,
1782563522.0426998,200,143.7079530005576,qwen15b-npu3,
1782563522.0558577,200,132.2559509990242,qwen15b-npu5,
1782563522.062149,200,134.50329099941882,qwen15b-npu6,
1782563522.0640528,200,139.0109610001673,qwen15b-npu7,
1782563522.065538,200,128.3659529999568,qwen15b-npu4,
1782563522.0829837,200,119.1032209990226,qwen15b-npu5,
1782563522.083601,200,131.642517999353,qwen15b-npu5,
1782563522.0896173,200,132.2140299998864,qwen15b-npu6,
1782563522.0907247,200,112.20504899938533,qwen15b-npu4,
1782563522.0918374,200,134.87788200109208,qwen15b-npu4,
1782563522.0922062,200,139.9859960001777,qwen15b-npu7,
1782563522.0926669,200,127.91122100134089,qwen15b-npu7,
1782563522.0996194,200,148.62473500033957,qwen15b-npu3,
1782563522.1003828,200,142.5957279989234,qwen15b-npu3,
1782563522.1089551,200,123.43423099991924,qwen15b-npu5,
1782563522.115016,200,109.89134900046338,qwen15b-npu4,
1782563522.1168835,200,139.11286199981987,qwen15b-npu6,
1782563522.1183171,200,130.38555300045118,qwen15b-npu7,
1782563522.126175,200,143.6083820008207,qwen15b-npu3,
1782563522.134735,200,123.74493199968128,qwen15b-npu5,
1782563522.1402297,200,125.73883099867089,qwen15b-npu4,
1782563522.1446452,200,134.0390090008441,qwen15b-npu7,
1782563522.1453483,200,131.79690899960406,qwen15b-npu6,
1782563522.1458583,200,141.1563510009728,qwen15b-npu6,
1782563522.1559532,200,141.09554100105015,qwen15b-npu3,
1782563522.1562831,200,149.9602509993565,qwen15b-npu3,
1782563522.1625931,200,132.05903000016406,qwen15b-npu5,
1782563522.1629817,200,120.17876599929878,qwen15b-npu5,
1782563522.1661644,200,128.84756500170624,qwen15b-npu4,
1782563522.1715221,200,135.72892599950137,qwen15b-npu6,
1782563522.1728148,200,137.44458399924042,qwen15b-npu7,
1782563522.1731932,200,130.727014000513,qwen15b-npu7,
1782563522.1838877,200,144.42497599884518,qwen15b-npu3,
1782563522.190008,200,124.37398499969277,qwen15b-npu5,
1782563522.1910703,200,128.8548249995074,qwen15b-npu4,
1782563522.1990013,200,143.05643999978201,qwen15b-npu6,
1782563522.1996293,200,116.544108999733,qwen15b-npu7,
1782563522.2127185,200,148.5613849999936,qwen15b-npu3,
1782563522.2178867,200,118.1727969997155,qwen15b-npu4,
1782563522.2189488,200,129.23834699904546,qwen15b-npu4,
1782563522.2196527,200,127.36286799918162,qwen15b-npu5,
1782563522.2261012,200,135.26285400075722,qwen15b-npu7,
1782563522.2272222,200,134.4584210000903,qwen15b-npu6,
1782563522.2275739,200,143.90193399958662,qwen15b-npu6,
1782563522.241993,200,150.0484719999804,qwen15b-npu3,
1782563522.2423525,200,141.87564399981056,qwen15b-npu3,
1782563522.243842,200,125.45738999870082,qwen15b-npu4,
1782563522.2458863,200,136.835950999739,qwen15b-npu5,
1782563522.2531412,200,138.05112699992605,qwen15b-npu7,
1782563522.2542226,200,137.25464300114254,qwen15b-npu6,
1782563522.2690601,200,142.82198900036747,qwen15b-npu3,
1782563522.2701185,200,124.7005960012757,qwen15b-npu4,
1782563522.272423,200,137.6136349990702,qwen15b-npu5,
1782563522.280822,200,140.5366379985935,qwen15b-npu7,
1782563522.2813194,200,124.94178700035263,qwen15b-npu7,
1782563522.2840252,200,121.31696200049191,qwen15b-npu6,
1782563522.2844012,200,139.67247400069027,qwen15b-npu6,
1782563522.2968745,200,133.8327979992755,qwen15b-npu4,
1782563522.2975724,200,113.60309599876928,qwen15b-npu4,
1782563522.2986102,200,152.68385399940598,qwen15b-npu3,
1782563522.299,200,132.77177400050277,qwen15b-npu3,
1782563522.3007545,200,144.72116799879586,qwen15b-npu5,
1782563522.3012307,200,129.62216900086787,qwen15b-npu5,
1782563522.307729,200,134.42724000015005,qwen15b-npu7,
1782563522.3098981,200,136.9875119999051,qwen15b-npu6,
1782563522.3255723,200,135.4793749997043,qwen15b-npu3,
1782563522.3277543,200,136.6190299995651,qwen15b-npu5,
1782563522.3352323,200,136.15160799963633,qwen15b-npu7,
1782563522.3375769,200,137.8302260000055,qwen15b-npu6,
1782563522.3485985,200,121.27556099949288,qwen15b-npu4,
1782563522.3489819,200,136.19677899987437,qwen15b-npu4,
1782563522.3541503,200,126.46411400055513,qwen15b-npu3,
1782563522.3544412,200,136.49307000014232,qwen15b-npu3,
1782563522.355362,200,136.31705999978294,qwen15b-npu5,
1782563522.3634408,200,143.71432299958542,qwen15b-npu7,
1782563522.3637145,200,121.29559099957987,qwen15b-npu7,
1782563522.3659658,200,139.76706500034197,qwen15b-npu6,
1782563522.3662918,200,122.35643599888135,qwen15b-npu6,
1782563522.3742468,200,128.29623200013884,qwen15b-npu4,
1782563522.3817904,200,128.5689040014404,qwen15b-npu3,
1782563522.3825216,200,128.21593199987547,qwen15b-npu5,
1782563522.3832586,200,141.16767099949357,qwen15b-npu5,
1782563522.3905616,200,121.4392220008449,qwen15b-npu7,
1782563522.392915,200,122.70232700029737,qwen15b-npu6,
1782563522.4003296,200,127.81120100044063,qwen15b-npu4,
1782563522.408149,200,126.76667499908945,qwen15b-npu5,
1782563522.4096882,200,128.80097500055854,qwen15b-npu3,
1782563522.4175947,200,133.47211600012088,qwen15b-npu7,
1782563522.4208066,200,119.9415549999685,qwen15b-npu6,
1782563522.4215496,200,137.0501820001664,qwen15b-npu6,
1782563522.4271038,200,125.76296199949866,qwen15b-npu4,
1782563522.4274652,200,130.5137929994089,qwen15b-npu4,
1782563522.4362829,200,126.286122998863,qwen15b-npu5,
1782563522.4366536,200,138.99932200001786,qwen15b-npu5,
1782563522.438758,200,130.96355500056234,qwen15b-npu3,
1782563522.4390943,200,140.37531800022407,qwen15b-npu3,
1782563522.4454134,200,119.74346399983915,qwen15b-npu7,
1782563522.4462495,200,147.08969899947988,qwen15b-npu7,
1782563522.447618,200,119.7981740006071,qwen15b-npu6,
1782563522.4525228,200,117.22504299905268,qwen15b-npu4,
1782563522.4663258,200,128.65252499977942,qwen15b-npu3,
1782563522.4731898,200,124.09640399891941,qwen15b-npu7,
1782563522.4758706,200,121.65640300008818,qwen15b-npu6,
1782563522.4798086,200,113.45302500012622,qwen15b-npu4,
1782563522.4816227,200,127.11333699917304,qwen15b-npu4,
1782563522.4900997,200,141.40271300129825,qwen15b-npu5,
1782563522.4904377,200,126.66527500005031,qwen15b-npu5,
1782563522.4941082,200,138.65154999984952,qwen15b-npu3,
1782563522.5001192,200,136.59453999935067,qwen15b-npu7,
1782563522.5031838,200,120.57941799866967,qwen15b-npu6,
1782563522.5037835,200,137.73433599999407,qwen15b-npu6,
1782563522.5057445,200,115.08920300002501,qwen15b-npu4,
1782563522.518235,200,136.36184000097273,qwen15b-npu5,
1782563522.5233295,200,149.01789699979417,qwen15b-npu3,
1782563522.5240412,200,131.03325500014762,qwen15b-npu3,
1782563522.528508,200,145.14915899962944,qwen15b-npu7,
1782563522.5288322,200,120.59958800091408,qwen15b-npu7,
1782563522.5322177,200,122.46647599931748,qwen15b-npu6,
1782563522.532578,200,114.90079199938918,qwen15b-npu4,
1782563522.5452843,200,144.88278799944965,qwen15b-npu5,
1782563522.5461004,200,124.45422500059067,qwen15b-npu5,
1782563522.5511782,200,130.28967200079933,qwen15b-npu3,
1782563522.5556738,200,128.48805400062702,qwen15b-npu7,
1782563522.557451,200,129.92772100005823,qwen15b-npu6,
1782563522.55893,200,122.55216599987762,qwen15b-npu4,
1782563522.5750887,200,122.50079700061178,qwen15b-npu5,
1782563522.5754826,200,136.63774100132287,qwen15b-npu5,
1782563522.5809908,200,144.24807599971246,qwen15b-npu3,
1782563522.581683,200,133.9681589997781,qwen15b-npu3,
1782563522.5824778,200,143.31324100021448,qwen15b-npu7,
1782563522.5843773,200,138.89605100121116,qwen15b-npu6,
1782563522.5853748,200,138.99467200099025,qwen15b-npu4,
1782563522.610823,200,144.39812599994184,qwen15b-npu7,
1782563522.6116054,200,121.422762000293,qwen15b-npu7,
1782563522.61212,200,136.18640899949241,qwen15b-npu4,
1782563522.613439,200,122.89473800046835,qwen15b-npu6,
1782563522.6138344,200,140.5775690000155,qwen15b-npu6,
1782563522.6274192,200,145.65426199987996,qwen15b-npu5,
1782563522.6365023,200,156.63131200017233,qwen15b-npu3,
1782563522.6368232,200,136.61504999981844,qwen15b-npu3,
1782563522.6377647,200,143.58600300147373,qwen15b-npu4,
1782563522.639046,200,135.1994039996498,qwen15b-npu7,
1782563522.6396518,200,121.33961099971202,qwen15b-npu4,
1782563522.6407871,200,134.97842300057528,qwen15b-npu6,
1782563522.6542199,200,130.0927510001202,qwen15b-npu5,
1782563522.654645,200,151.354536999861,qwen15b-npu5,
1782563522.6626072,200,130.29150100010156,qwen15b-npu4,
1782563522.664085,200,131.44130700129608,qwen15b-npu3,
1782563522.6648881,200,141.49535300020943,qwen15b-npu3,
1782563522.6686509,200,140.0623360004829,qwen15b-npu7,
1782563522.670058,200,141.1134209993179,qwen15b-npu6,
1782563522.6703324,200,124.11434400019061,qwen15b-npu7,
1782563522.6810603,200,122.04245399880165,qwen15b-npu5,
1782563522.6817577,200,136.4027489998989,qwen15b-npu5,
1782563522.6887739,200,132.9875040009938,qwen15b-npu4,
1782563522.6920378,200,134.5089309998002,qwen15b-npu3,
1782563522.7005758,200,149.2897879998054,qwen15b-npu6,
1782563522.7009597,200,125.4105999996682,qwen15b-npu6,
1782563522.7082303,200,125.68250100048317,qwen15b-npu5,
1782563522.715397,200,134.33592000001227,qwen15b-npu4,
1782563522.7201395,200,138.37591899937252,qwen15b-npu3,
1782563522.7224607,200,137.9568760003167,qwen15b-npu7,
1782563522.722702,200,147.49857999959204,qwen15b-npu7,
1782563522.729147,200,143.65197300139698,qwen15b-npu6,
1782563522.7349362,200,122.70432700097444,qwen15b-npu5,
1782563522.7426114,200,115.09474300146394,qwen15b-npu4,
1782563522.7431786,200,132.2418599993398,qwen15b-npu4,
1782563522.7487032,200,136.97697299903666,qwen15b-npu3,
1782563522.7509665,200,136.9840719999047,qwen15b-npu7,
1782563522.7585375,200,144.99918799992884,qwen15b-npu6,
1782563522.7619967,200,125.06849800047348,qwen15b-npu5,
1782563522.7685766,200,128.82907499988505,qwen15b-npu4,
1782563522.777146,200,139.27944299939554,qwen15b-npu7,
1782563522.7777197,200,141.14023099864426,qwen15b-npu3,
1782563522.778302,200,137.42449399978796,qwen15b-npu3,
1782563522.7884986,200,119.75269399954414,qwen15b-npu5,
1782563522.7896605,200,135.3201549991354,qwen15b-npu5,
1782563522.7903013,200,135.54246599960607,qwen15b-npu6,
1782563522.7910953,200,151.94707999944512,qwen15b-npu6,
1782563522.795815,200,114.68246100048418,qwen15b-npu4,
1782563522.7965899,200,132.4424619997444,qwen15b-npu4,
1782563522.8056421,200,135.18118399952073,qwen15b-npu7,
1782563522.8067408,200,144.0662639997754,qwen15b-npu7,
1782563522.8070676,200,125.22279899894784,qwen15b-npu3,
1782563522.8074396,200,142.43631700082915,qwen15b-npu3,
1782563522.8145132,200,125.64102100077434,qwen15b-npu5,
1782563522.818728,200,148.59424499991292,qwen15b-npu6,
1782563522.819014,200,126.90189599925361,qwen15b-npu6,
1782563522.8258405,200,124.73507699905895,qwen15b-npu4,
1782563522.8319411,200,131.26535700030217,qwen15b-npu7,
1782563522.834513,200,126.20832300126494,qwen15b-npu3,
1782563522.8420568,200,126.60526499894331,qwen15b-npu5,
1782563522.8468134,200,126.6203149989451,qwen15b-npu6,
1782563522.8521454,200,129.36553800136608,qwen15b-npu4,
1782563522.859437,200,136.92009200167377,qwen15b-npu7,
1782563522.862064,200,132.83327399949485,qwen15b-npu3,
1782563522.8686864,200,133.65178800086142,qwen15b-npu5,
1782563522.8763402,200,133.66115700046066,qwen15b-npu6,
1782563522.87785,200,129.04383599925495,qwen15b-npu4,
1782563522.8885112,200,145.25967000008677,qwen15b-npu7,
1782563522.8888376,200,120.18410599921481,qwen15b-npu7,
1782563522.8905642,200,139.500033999866,qwen15b-npu3,
1782563522.8970406,200,138.3999780009617,qwen15b-npu5,
1782563522.8974154,200,119.05607100015914,qwen15b-npu5,
1782563522.90556,200,128.35201300003973,qwen15b-npu4,
1782563522.905855,200,143.76468399859732,qwen15b-npu6,
1782563522.9156492,200,125.86321200069506,qwen15b-npu7,
1782563522.9193392,200,128.15999200029182,qwen15b-npu3,
1782563522.9199808,200,142.18977599921345,qwen15b-npu3,
1782563522.922763,200,126.87635600013891,qwen15b-npu5,
1782563522.931887,200,126.0873229985009,qwen15b-npu4,
1782563522.9321656,200,141.78217399967252,qwen15b-npu4,
1782563522.9362926,200,139.61783400009153,qwen15b-npu6,
1782563522.9366388,200,148.04535199982638,qwen15b-npu6,
1782563522.9441493,200,125.35007000042242,qwen15b-npu7,
1782563522.9444208,200,137.57867499953136,qwen15b-npu7,
1782563522.9507592,200,143.25768100025016,qwen15b-npu3,
1782563522.9509754,200,118.94031099836866,qwen15b-npu5,
1782563522.9520483,200,144.91674800046894,qwen15b-npu5,
1782563522.9571545,200,138.08358800088172,qwen15b-npu4,
1782563522.965474,200,150.8752049994655,qwen15b-npu6,
1782563522.9657636,200,131.10594599856995,qwen15b-npu6,
1782563522.9718108,200,129.67993900019792,qwen15b-npu7,
1782563522.9763796,200,116.8197009992582,qwen15b-npu5,
1782563522.9810708,200,128.86179500128492,qwen15b-npu3,
1782563522.9817815,200,155.81454699895403,qwen15b-npu3,
1782563522.9856265,200,138.7149900001532,qwen15b-npu4,
1782563523.0035193,200,141.38143200034392,qwen15b-npu6,
1782563523.0087135,200,130.7868440017046,qwen15b-npu3,
1782563523.009043,200,140.26196699887805,qwen15b-npu7,
1782563523.0098417,200,133.35771600031876,qwen15b-npu4,
1782563523.029028,200,140.43027800107666,qwen15b-npu5,
1782563523.029375,200,123.73892199866532,qwen15b-npu5,
1782563523.0319893,200,143.09449100073834,qwen15b-npu6,
1782563523.034838,200,137.35140300013882,qwen15b-npu4,
1782563523.0352294,200,115.8203559989488,qwen15b-npu4,
1782563523.0364752,200,145.84789299988188,qwen15b-npu7,
1782563523.0372887,200,140.11740699970687,qwen15b-npu3,
1782563523.0548859,200,132.0055300002423,qwen15b-npu5,
1782563523.0591736,200,122.81406800138939,qwen15b-npu4,
1782563523.062053,200,156.13286900043022,qwen15b-npu6,
1782563523.0671797,200,134.95105299989518,qwen15b-npu7,
1782563523.0675688,200,151.8109890002961,qwen15b-npu7,
1782563523.0799403,200,159.88688600009482,qwen15b-npu3,
1782563523.0805337,200,143.7727630000154,qwen15b-npu3,
1782563523.0811992,200,136.98155200108886,qwen15b-npu5,
1782563523.0815442,200,124.27988499985076,qwen15b-npu5,
1782563523.0844655,200,133.4324960007507,qwen15b-npu4,
1782563523.0851002,200,113.23728500065044,qwen15b-npu4,
1782563523.0933585,200,148.8739460000943,qwen15b-npu6,
1782563523.0938008,200,161.84117500051798,qwen15b-npu6,
1782563523.0950866,200,144.27129499927105,qwen15b-npu7,
1782563523.1062222,200,125.04610799987859,qwen15b-npu5,
1782563523.1087785,200,156.632731001082,qwen15b-npu3,
1782563523.1223142,200,140.4566879991762,qwen15b-npu6,
1782563523.123,200,157.4521750007989,qwen15b-npu6,
1782563523.1242929,200,158.47450000001118,qwen15b-npu7,
1782563523.1249077,200,139.21737300006498,qwen15b-npu7,
1782563523.1321602,200,123.0457989986462,qwen15b-npu5,
1782563523.134885,200,131.2224060002336,qwen15b-npu4,
1782563523.1367776,200,160.27897900130483,qwen15b-npu3,
1782563523.149959,200,140.01959600136615,qwen15b-npu6,
1782563523.1583712,200,123.0493690000003,qwen15b-npu5,
1782563523.1612425,200,132.09993000054965,qwen15b-npu4,
1782563523.1616807,200,124.29534500006412,qwen15b-npu4,
1782563523.1656322,200,156.8169330003002,qwen15b-npu3,
1782563523.178664,200,143.69643300051393,qwen15b-npu6,
1782563523.1802506,200,143.67966299869295,qwen15b-npu7,
1782563523.1806173,200,151.16513700013456,qwen15b-npu7,
1782563523.1851149,200,125.8242509993579,qwen15b-npu5,
1782563523.1864347,200,118.76796900105546,qwen15b-npu4,
1782563523.196047,200,141.0258910000266,qwen15b-npu3,
1782563523.1965036,200,164.42319700036023,qwen15b-npu3,
1782563523.207166,200,127.15481700070086,qwen15b-npu6,
1782563523.207873,200,145.7544829991093,qwen15b-npu6,
1782563523.2081645,200,140.874820001045,qwen15b-npu7,
1782563523.2089288,200,127.27620799887518,qwen15b-npu7,
1782563523.2120752,200,127.5132200007647,qwen15b-npu4,
1782563523.2131777,200,119.69869400127209,qwen15b-npu5,
1782563523.2138305,200,132.54521199996816,qwen15b-npu5,
1782563523.22421,200,139.04556200031948,qwen15b-npu3,
1782563523.224534,200,143.9284640000551,qwen15b-npu3,
1782563523.2345304,200,140.64759900065837,qwen15b-npu6,
1782563523.2351372,200,139.9959560003481,qwen15b-npu7,
1782563523.2388835,200,116.47266900035902,qwen15b-npu5,
1782563523.2397563,200,133.44529599999078,qwen15b-npu4,
1782563523.2401044,200,115.13326299973414,qwen15b-npu4,
1782563523.2521024,200,143.21292100066785,qwen15b-npu3,
1782563523.2619505,200,137.5784649990237,qwen15b-npu7,
1782563523.2626305,200,125.77842099926784,qwen15b-npu6,
1782563523.2632713,200,140.2041770015785,qwen15b-npu6,
1782563523.2665052,200,131.47036699956516,qwen15b-npu5,
1782563523.2806787,200,148.42888400016818,qwen15b-npu3,
1782563523.2897017,200,139.68099399971834,qwen15b-npu7,
1782563523.2906964,200,124.96804799957317,qwen15b-npu6,
1782563523.291025,200,132.59605200073565,qwen15b-npu4,
1782563523.2920513,200,130.31665199923737,qwen15b-npu5,
1782563523.3097415,200,148.44293399983144,qwen15b-npu3,
1782563523.310024,200,129.30013799996232,qwen15b-npu3,
1782563523.317837,200,121.23858099948848,qwen15b-npu7,
1782563523.3181584,200,132.95702400137088,qwen15b-npu5,
1782563523.319641,200,133.1395440010965,qwen15b-npu6,
1782563523.3206162,200,124.42438499965647,qwen15b-npu4,
1782563523.3210902,200,140.73066899982223,qwen15b-npu4,
1782563523.3214493,200,142.64194799943652,qwen15b-npu7,
1782563523.339148,200,125.8859419995133,qwen15b-npu3,
1782563523.3398056,200,131.85625899859588,qwen15b-npu3,
1782563523.3436964,200,131.54610799938382,qwen15b-npu4,
1782563523.345231,200,120.94706999960181,qwen15b-npu7,
1782563523.3471065,200,138.07803700001386,qwen15b-npu7,
1782563523.347511,200,133.60658700003114,qwen15b-npu5,
1782563523.3478317,200,140.56395800071186,qwen15b-npu6,
1782563523.3484962,200,123.86683200020343,qwen15b-npu6,
1782563523.3489668,200,140.71198999954504,qwen15b-npu5,
1782563523.366855,200,131.64014799986035,qwen15b-npu3,
1782563523.3718195,200,119.654742999046,qwen15b-npu4,
1782563523.3720796,200,133.10508500035212,qwen15b-npu5,
1782563523.372832,200,138.22705799975665,qwen15b-npu4,
1782563523.3731372,200,132.94740399942384,qwen15b-npu7,
1782563523.3741338,200,134.30168999911984,qwen15b-npu6,
1782563523.395718,200,133.70106699949247,qwen15b-npu3,
1782563523.396944,200,116.17334800030221,qwen15b-npu4,
1782563523.3989508,200,136.26189900060126,qwen15b-npu5,
1782563523.4012332,200,134.57959100014705,qwen15b-npu7,
1782563523.4021559,200,138.79592999910528,qwen15b-npu6,
1782563523.4239962,200,134.2194289991312,qwen15b-npu3,
1782563523.4242933,200,133.5037270000612,qwen15b-npu5,
1782563523.4277406,200,135.62755600105447,qwen15b-npu7,
1782563523.430045,200,138.9373309993971,qwen15b-npu6,
1782563523.4500277,200,140.22042699980375,qwen15b-npu4,
1782563523.450435,200,128.8727459996153,qwen15b-npu4,
1782563523.4513679,200,133.45465600104944,qwen15b-npu5,
1782563523.4516315,200,130.42761299948324,qwen15b-npu5,
1782563523.453099,200,132.33417199990072,qwen15b-npu3,
1782563523.453345,200,143.2614810000814,qwen15b-npu3,
1782563523.455306,200,135.59554600033152,qwen15b-npu7,
1782563523.4589062,200,140.6442289990082,qwen15b-npu6,
1782563523.476414,200,132.6428929987742,qwen15b-npu4,
1782563523.4766223,200,128.06728200121142,qwen15b-npu4,
1782563523.477093,200,131.79135899918037,qwen15b-npu5,
1782563523.481685,200,132.62560299881443,qwen15b-npu3,
1782563523.4821978,200,134.96266299989657,qwen15b-npu3,
1782563523.4831204,200,135.18864400066377,qwen15b-npu7,
1782563523.4838333,200,143.9612739995937,qwen15b-npu7,
1782563523.4854918,200,146.2457750003523,qwen15b-npu6,
1782563523.4860907,200,138.486660000126,qwen15b-npu6,
1782563523.5037408,200,129.51100899954326,qwen15b-npu5,
1782563523.5040882,200,137.17689300028724,qwen15b-npu5,
1782563523.5044396,200,132.25680100003956,qwen15b-npu4,
1782563523.510204,200,137.2790339992207,qwen15b-npu3,
1782563523.510789,200,137.5950150013523,qwen15b-npu7,
1782563523.5138774,200,141.99070500035305,qwen15b-npu6,
1782563523.529641,200,127.4288289987453,qwen15b-npu5,
1782563523.5302503,200,131.22241600103735,qwen15b-npu4,
1782563523.5376823,200,140.64648900057364,qwen15b-npu7,
1782563523.5394783,200,138.16594799936865,qwen15b-npu3,
1782563523.540604,200,144.77270700081135,qwen15b-npu6,
1782563523.55599,200,128.19318200126872,qwen15b-npu4,
1782563523.5653064,200,140.95278999957372,qwen15b-npu7,
1782563523.5686128,200,138.51555900146195,qwen15b-npu3,
1782563523.568859,200,144.78681800028426,qwen15b-npu6,
1782563523.5816267,200,129.93725100022857,qwen15b-npu4,
1782563523.5868182,200,133.6459769991052,qwen15b-npu5,
1782563523.5874143,200,136.91340199875413,qwen15b-npu5,
1782563523.59329,200,141.84869499877095,qwen15b-npu7,
1782563523.5935342,200,134.56735200088588,qwen15b-npu7,
1782563523.596059,200,142.65726799931144,qwen15b-npu3,
1782563523.601174,200,151.003736000348,qwen15b-npu6,
1782563523.601413,200,146.0214430007909,qwen15b-npu6,
1782563523.6088824,200,125.70642100035911,qwen15b-npu4,
1782563523.609163,200,132.47910199970647,qwen15b-npu4,
1782563523.610248,200,124.70198700066248,qwen15b-npu5,
1782563523.6105409,200,133.39264599926537,qwen15b-npu5,
1782563523.6203203,200,138.0595570008154,qwen15b-npu7,
1782563523.6251776,200,143.4370310016675,qwen15b-npu6,
1782563523.625859,200,139.69660499969905,qwen15b-npu6,
1782563523.6262076,200,149.73712000028172,qwen15b-npu3,
1782563523.626993,200,143.10348999970302,qwen15b-npu3,
1782563523.6349351,200,124.65680700006487,qwen15b-npu5,
1782563523.6356387,200,131.4598669996485,qwen15b-npu4,
1782563523.6481142,200,134.1769700011355,qwen15b-npu7,
1782563523.6483798,200,144.5408370000223,qwen15b-npu7,
1782563523.6533973,200,142.5534379995952,qwen15b-npu6,
1782563523.6536975,200,149.16331799940963,qwen15b-npu3,
1782563523.6617846,200,132.0419799994852,qwen15b-npu4,
1782563523.6625292,200,124.7708569990209,qwen15b-npu5,
1782563523.6746085,200,133.95086899981834,qwen15b-npu7,
1782563523.6808422,200,141.29029199830256,qwen15b-npu6,
1782563523.6827729,200,152.45899299952725,qwen15b-npu3,
1782563523.6887193,200,132.64559299932444,qwen15b-npu4,
1782563523.6890206,200,120.3493660013919,qwen15b-npu5,
1782563523.7013154,200,119.63608299993211,qwen15b-npu7,
1782563523.7087255,200,139.81126500038954,qwen15b-npu6,
1782563523.7117145,200,146.33570499972848,qwen15b-npu3,
1782563523.7161372,200,122.78965800032893,qwen15b-npu5,
1782563523.7173274,200,130.44980300037423,qwen15b-npu4,
1782563523.7294905,200,133.36864600023546,qwen15b-npu7,
1782563523.7297714,200,119.13902200103621,qwen15b-npu7,
1782563523.7379556,200,128.69500499982678,qwen15b-npu6,
1782563523.738217,200,144.62472699960927,qwen15b-npu6,
1782563523.7432072,200,155.7177579998097,qwen15b-npu3,
1782563523.743439,200,142.20465600010357,qwen15b-npu3,
1782563523.7442396,200,142.72415800041927,qwen15b-npu4,
1782563523.7451787,200,119.9234149989934,qwen15b-npu5,
1782563523.745405,200,136.4476899998408,qwen15b-npu5,
1782563523.745645,200,135.31598500048858,qwen15b-npu4,
1782563523.7458646,200,118.80123999981151,qwen15b-npu4,
1782563523.7564185,200,130.11467099931906,qwen15b-npu7,
1782563523.7655637,200,139.63817399962863,qwen15b-npu6,
1782563523.7695267,200,116.07274699963455,qwen15b-npu4,
1782563523.7699544,200,134.26375000017288,qwen15b-npu5,
1782563523.7709706,200,150.5818640016514,qwen15b-npu3,
1782563523.7712157,200,136.2279490003857,qwen15b-npu3,
1782563523.7836888,200,135.2526749997196,qwen15b-npu7,
1782563523.7934747,200,145.29200000106357,qwen15b-npu6,
1782563523.7939737,200,131.3432160004595,qwen15b-npu6,
1782563523.7953126,200,133.47633600096742,qwen15b-npu5,
1782563523.7986774,200,144.91829899998265,qwen15b-npu3,
1782563523.8104277,200,135.7503369999904,qwen15b-npu7,
1782563523.8207943,200,139.8863349986641,qwen15b-npu4,
1782563523.8211322,200,132.04098000096565,qwen15b-npu6,
1782563523.821678,200,132.90194399996835,qwen15b-npu5,
1782563523.8276505,200,144.80777800054057,qwen15b-npu3,
1782563523.8374817,200,136.11470800060488,qwen15b-npu7,
1782563523.8469648,200,138.18769799945585,qwen15b-npu4,
1782563523.8472185,200,117.38901299941062,qwen15b-npu4,
1782563523.8478646,200,131.666867999229,qwen15b-npu5,
1782563523.848707,200,131.32441700145137,qwen15b-npu6,
1782563523.8568974,200,145.13007900131925,qwen15b-npu3,
1782563523.866184,200,120.26004599829321,qwen15b-npu7,
1782563523.8664684,200,136.9042520000221,qwen15b-npu7,
1782563523.8666894,200,120.98372999935236,qwen15b-npu7,
1782563523.8743894,200,117.91349600025569,qwen15b-npu4,
1782563523.8753989,200,129.92999000016425,qwen15b-npu5,
1782563523.8759925,200,132.48736199966515,qwen15b-npu4,
1782563523.8763354,200,138.31956799913314,qwen15b-npu5,
1782563523.8800411,200,134.795841999221,qwen15b-npu6,
1782563523.8803086,200,137.04409199999645,qwen15b-npu6,
1782563523.887206,200,142.9013289998693,qwen15b-npu3,
1782563523.887676,200,149.40141900115123,qwen15b-npu3,
1782563523.8923674,200,121.33222100055718,qwen15b-npu7,
1782563523.8980765,200,126.8024159999186,qwen15b-npu4,
1782563523.9006834,200,130.64988400037691,qwen15b-npu5,
1782563523.9075735,200,137.93011599955207,qwen15b-npu6,
1782563523.9159613,200,150.32098200026667,qwen15b-npu3,
1782563523.916339,200,132.58131199836498,qwen15b-npu3,
1782563523.9204242,200,125.04686800093623,qwen15b-npu7,
1782563523.9237297,200,124.97600800088549,qwen15b-npu4,
1782563523.9274015,200,133.85944799847493,qwen15b-npu5,
1782563523.9372475,200,143.21216999996977,qwen15b-npu6,
1782563523.943255,200,132.76046300052258,qwen15b-npu3,
1782563523.948485,200,126.73962599910737,qwen15b-npu7,
1782563523.9495006,200,121.77405299917154,qwen15b-npu4,
1782563523.9534729,200,132.58957300058682,qwen15b-npu5,
1782563523.966913,200,145.7115019984485,qwen15b-npu6,
1782563523.9717066,200,134.1425499995239,qwen15b-npu3,
1782563523.9746425,200,125.87624200023129,qwen15b-npu4,
1782563523.9789295,200,131.0042360000807,qwen15b-npu7,
1782563523.979604,200,132.32918200083077,qwen15b-npu5,
1782563523.9961655,200,129.41723800031468,qwen15b-npu6,
1782563523.9964426,200,149.39791899996635,qwen15b-npu6,
1782563524.0005348,200,143.552601999545,qwen15b-npu3,
1782563524.0025089,200,128.06090199956088,qwen15b-npu4,
1782563524.0029323,200,122.80280799859611,qwen15b-npu4,
1782563524.0051527,200,138.8819109997712,qwen15b-npu7,
1782563524.0054283,200,125.06069800110708,qwen15b-npu7,
1782563524.0068474,200,140.32067700100015,qwen15b-npu5,
1782563524.0070584,200,131.58043699877453,qwen15b-npu5,
1782563524.0077488,200,119.98172499988868,qwen15b-npu5,
1782563524.0247371,200,148.67577599943615,qwen15b-npu6,
1782563524.0257168,200,133.25644500037015,qwen15b-npu6,
1782563524.027207,200,126.46128499909537,qwen15b-npu4,
1782563524.0312824,200,154.8852830001124,qwen15b-npu3,
1782563524.031643,200,144.30771600018488,qwen15b-npu3,
1782563524.0332265,200,117.1664220000821,qwen15b-npu5,
1782563524.033611,200,135.4704959994706,qwen15b-npu7,
1782563524.052857,200,136.42446899939387,qwen15b-npu6,
1782563524.0540824,200,130.2463620013441,qwen15b-npu4,
1782563524.0583339,200,121.02250000134518,qwen15b-npu5,
1782563524.0601442,200,152.507811999385,qwen15b-npu3,
1782563524.0610516,200,133.5563370012096,qwen15b-npu3,
1782563524.0612745,200,140.7871699993848,qwen15b-npu7,
1782563524.0780852,200,128.48314400071104,qwen15b-npu4,
1782563524.0821757,200,138.82634099900315,qwen15b-npu6,
1782563524.0842447,200,117.269762999058,qwen15b-npu5,
1782563524.0888345,200,140.26502700107812,qwen15b-npu7,
1782563524.0891852,200,135.6295859986858,qwen15b-npu3,
1782563524.1043863,200,125.40397900011158,qwen15b-npu4,
1782563524.108918,200,112.69061200073338,qwen15b-npu5,
1782563524.111968,200,140.19746700068936,qwen15b-npu6,
1782563524.1164672,200,141.7414240004291,qwen15b-npu7,
1782563524.118355,200,138.67542000116373,qwen15b-npu3,
1782563524.1293147,200,122.40998600100284,qwen15b-npu4,
1782563524.129761,200,126.7443259985157,qwen15b-npu4,
1782563524.1342082,200,128.99325599937583,qwen15b-npu5,
1782563524.1405754,200,135.09225400048308,qwen15b-npu6,
1782563524.1411045,200,144.5758069985459,qwen15b-npu6,
1782563524.145715,200,145.09290900059568,qwen15b-npu7,
1782563524.1460845,200,138.96523100083868,qwen15b-npu7,
1782563524.1473358,200,139.53026400122326,qwen15b-npu3,
1782563524.1481016,200,145.47471100013354,qwen15b-npu3,
1782563524.154667,200,123.28352000076848,qwen15b-npu4,
1782563524.1598697,200,126.54196500079706,qwen15b-npu5,
1782563524.1605465,200,135.71504700121295,qwen15b-npu5,
1782563524.1692233,200,135.51766599994153,qwen15b-npu6,
1782563524.1695912,200,143.76737299971865,qwen15b-npu6,
1782563524.172683,200,145.41117099906842,qwen15b-npu7,
1782563524.1729128,200,119.99061500137032,qwen15b-npu7,
1782563524.1758678,200,144.11661499980255,qwen15b-npu3,
1782563524.1801684,200,125.9849830003077,qwen15b-npu4,
1782563524.1849911,200,124.78193700007978,qwen15b-npu5,
1782563524.1969194,200,135.7951170011802,qwen15b-npu6,
1782563524.2001579,200,138.8265510013298,qwen15b-npu7,
1782563524.2046137,200,146.18508400053543,qwen15b-npu3,
1782563524.206469,200,128.2916629988904,qwen15b-npu4,
1782563524.2105973,200,126.26921399896673,qwen15b-npu5,
1782563524.226203,200,137.29912400049216,qwen15b-npu6,
1782563524.2295935,200,140.34097699914128,qwen15b-npu7,
1782563524.2313714,200,126.90891599959286,qwen15b-npu4,
1782563524.2361884,200,153.92854899982922,qwen15b-npu3,
1782563524.239089,200,127.03420700017887,qwen15b-npu5,
1782563524.2575285,200,111.71769700013101,qwen15b-npu4,
1782563524.257846,200,128.47517399859498,qwen15b-npu4,
1782563524.2588584,200,142.3176459993556,qwen15b-npu6,
1782563524.2605422,200,142.10621599886508,qwen15b-npu7,
1782563524.2644806,200,130.1899019999837,qwen15b-npu5,
1782563524.264897,200,117.50109400054498,qwen15b-npu5,
1782563524.265367,200,156.39617099986936,qwen15b-npu3,
1782563524.2658522,200,136.03782800055342,qwen15b-npu3,
1782563524.2817562,200,121.82305299938889,qwen15b-npu4,
1782563524.2869294,200,117.27258300015819,qwen15b-npu5,
1782563524.2883544,200,147.72621100019023,qwen15b-npu6,
1782563524.289756,200,135.0132739989931,qwen15b-npu7,
1782563524.290058,200,148.89334599865833,qwen15b-npu7,
1782563524.2906263,200,142.41669700095372,qwen15b-npu6,
1782563524.2944503,200,148.28277400010847,qwen15b-npu3,
1782563524.2951667,200,134.53100100014126,qwen15b-npu3,
1782563524.3074007,200,134.65518199882354,qwen15b-npu4,
1782563524.3119633,200,131.72691799991298,qwen15b-npu5,
1782563524.3158617,200,142.88211900020542,qwen15b-npu7,
1782563524.3179953,200,132.91058399954636,qwen15b-npu6,
1782563524.3182352,200,148.91162699859706,qwen15b-npu6,
1782563524.322284,200,146.31182399898535,qwen15b-npu3,
1782563524.332147,200,131.9257990016922,qwen15b-npu4,
1782563524.3380706,200,131.51743699927465,qwen15b-npu5,
1782563524.3434346,200,146.44996499919216,qwen15b-npu7,
1782563524.347564,200,136.88527200065437,qwen15b-npu6,
1782563524.351169,200,146.4952659989649,qwen15b-npu3,
1782563524.3569353,200,127.27561800056719,qwen15b-npu4,
1782563524.3625531,200,126.30729400007112,qwen15b-npu5,
1782563524.371403,200,145.13579899903561,qwen15b-npu7,
1782563524.374972,200,135.7949869998265,qwen15b-npu6,
1782563524.379894,200,148.43335400109936,qwen15b-npu3,
1782563524.3855426,200,120.57912800082704,qwen15b-npu4,
1782563524.3860826,200,128.15554199914914,qwen15b-npu4,
1782563524.388434,200,127.80978100090579,qwen15b-npu5,
1782563524.3992243,200,133.79695799994806,qwen15b-npu7,
1782563524.39961,200,142.0086750003975,qwen15b-npu7,
1782563524.4042366,200,139.6678149994841,qwen15b-npu6,
1782563524.4070406,200,116.9215109985089,qwen15b-npu4,
1782563524.4105847,200,151.63981899968348,qwen15b-npu3,
1782563524.410827,200,144.9194790002366,qwen15b-npu3,
1782563524.4136803,200,131.8633190003311,qwen15b-npu5,
1782563524.4139256,200,123.17647000054421,qwen15b-npu5,
1782563524.426979,200,131.7105679991073,qwen15b-npu7,
1782563524.4275603,200,139.1355220002879,qwen15b-npu7,
1782563524.4328759,200,125.37979999979143,qwen15b-npu4,
1782563524.4331172,200,110.73404300077527,qwen15b-npu4,
1782563524.4341326,200,139.60456399945542,qwen15b-npu6,
1782563524.4344668,200,147.44678000170097,qwen15b-npu6,
1782563524.4382303,200,122.27599499965436,qwen15b-npu5,
1782563524.4390266,200,149.18123799907335,qwen15b-npu3,
1782563524.4394896,200,127.4301289995492,qwen15b-npu3,
1782563524.4544337,200,136.37186999949336,qwen15b-npu7,
1782563524.4605656,200,142.26378700004716,qwen15b-npu6,
1782563524.4646373,200,132.39768099992943,qwen15b-npu5,
1782563524.467463,200,129.31204800042906,qwen15b-npu3,
1782563524.482776,200,131.50742699872353,qwen15b-npu4,
1782563524.483015,200,135.383244998593,qwen15b-npu7,
1782563524.4883156,200,144.79779800058168,qwen15b-npu6,
1782563524.4897954,200,132.77984299929813,qwen15b-npu5,
1782563524.5006642,200,138.0387070003053,qwen15b-npu3,
1782563524.5078177,200,127.86850100019365,qwen15b-npu4,
1782563524.5107548,200,135.72217699947942,qwen15b-npu7,
1782563524.5156598,200,130.04499099952227,qwen15b-npu5,
1782563524.5162416,200,111.95271900032822,qwen15b-npu5,
1782563524.5169532,200,128.45927399939683,qwen15b-npu6,
1782563524.517496,200,146.01343299909786,qwen15b-npu6,
1782563524.5258596,200,139.71804500033613,qwen15b-npu3,
1782563524.5337327,200,119.99467500027095,qwen15b-npu4,
1782563524.534003,200,134.32801999988442,qwen15b-npu4,
1782563524.5392263,200,128.34523299898137,qwen15b-npu7,
1782563524.5394545,200,140.17453699852922,qwen15b-npu7,
1782563524.5410695,200,127.09050699959334,qwen15b-npu5,
1782563524.544929,200,134.28862999899138,qwen15b-npu6,
1782563524.5556047,200,148.5146140003053,qwen15b-npu3,
1782563524.5562332,200,129.19739700009814,qwen15b-npu3,
1782563524.559016,200,119.46503299986944,qwen15b-npu4,
1782563524.559434,200,126.26366399854305,qwen15b-npu4,
1782563524.5666184,200,127.5410890011699,qwen15b-npu7,
1782563524.5673666,200,134.43289099996036,qwen15b-npu7,
1782563524.568453,200,113.96371800037741,qwen15b-npu5,
1782563524.5687926,200,134.23207999949227,qwen15b-npu5,
1782563524.5730286,200,145.41146000010485,qwen15b-npu6,
1782563524.5737078,200,135.4091060002247,qwen15b-npu6,
1782563524.583954,200,149.759220001215,qwen15b-npu3,
1782563524.5937057,200,126.18862300041656,qwen15b-npu7,
1782563524.6000984,200,135.40717499927268,qwen15b-npu6,
1782563524.6085255,200,125.45044999933452,qwen15b-npu4,
1782563524.6133568,200,152.7383339998778,qwen15b-npu3,
1782563524.6181529,200,135.31334400067863,qwen15b-npu5,
1782563524.621503,200,120.78928899973107,qwen15b-npu7,
1782563524.6280599,200,138.2130980000511,qwen15b-npu6,
1782563524.6419353,200,134.06638999913412,qwen15b-npu4,
1782563524.642548,200,124.98815799881413,qwen15b-npu4,
1782563524.6437569,200,128.03702199926192,qwen15b-npu3,
1782563524.6440523,200,155.67514699978346,qwen15b-npu3,
1782563524.6455667,200,119.65021399919351,qwen15b-npu5,
1782563524.6458433,200,135.03887300066708,qwen15b-npu5,
1782563524.6496453,200,132.63553300021158,qwen15b-npu7,
1782563524.656763,200,122.69484799981001,qwen15b-npu6,
1782563524.6575563,200,141.25205099844607,qwen15b-npu6,
1782563524.6592124,200,119.9269849985285,qwen15b-npu4,
1782563524.6696138,200,110.11802999928477,qwen15b-npu5,
1782563524.6702147,200,129.08930599951418,qwen15b-npu5,
1782563524.673214,200,139.412923999771,qwen15b-npu3,
1782563524.6734715,200,128.4893739994004,qwen15b-npu3,
1782563524.6844096,200,115.8800559987867,qwen15b-npu4,
1782563524.6850166,200,125.93885200112709,qwen15b-npu4,
1782563524.685863,200,146.353514999646,qwen15b-npu7,
1782563524.6863277,200,130.01995999911742,qwen15b-npu7,
1782563524.6865394,200,130.88198399964313,qwen15b-npu6,
1782563524.6948729,200,121.7773930002295,qwen15b-npu5,
1782563524.7015662,200,127.77663000088069,qwen15b-npu3,
1782563524.702244,200,135.57164600024407,qwen15b-npu3,
1782563524.7061977,200,137.33659299941792,qwen15b-npu7,
1782563524.7089899,200,108.83538399866666,qwen15b-npu4,
1782563524.7135687,200,146.09866399950988,qwen15b-npu6,
1782563524.7142148,200,130.19703200006916,qwen15b-npu6,
1782563524.7195773,200,110.98412400133384,qwen15b-npu5,
1782563524.733899,200,140.12481600002502,qwen15b-npu7,
1782563524.7416887,200,123.48119099988253,qwen15b-npu6,
1782563524.7592664,200,145.85154300038994,qwen15b-npu3,
1782563524.7601027,200,114.46468000031018,qwen15b-npu4,
1782563524.760394,200,132.28001099923858,qwen15b-npu4,
1782563524.761649,200,140.0927659997251,qwen15b-npu7,
1782563524.7704968,200,124.59801600016362,qwen15b-npu5,
1782563524.770902,200,128.9104049992602,qwen15b-npu5,
1782563524.7719593,200,128.12110199956805,qwen15b-npu6,
1782563524.7852962,200,125.99132300056226,qwen15b-npu4,
1782563524.7898262,200,132.19355000001087,qwen15b-npu7,
1782563524.7904167,200,147.7906210002402,qwen15b-npu3,
1782563524.790949,200,146.77310600018245,qwen15b-npu7,
1782563524.791309,200,141.59999299954507,qwen15b-npu3,
1782563524.795556,200,125.85983099961595,qwen15b-npu5,
1782563524.8008358,200,143.98213400090754,qwen15b-npu6,
1782563524.8010774,200,127.80080099946645,qwen15b-npu6,
1782563524.8101664,200,115.21600400010357,qwen15b-npu4,
1782563524.8108227,200,126.32286400003068,qwen15b-npu4,
1782563524.817987,200,131.58823699995992,qwen15b-npu3,
1782563524.8183,200,148.02472299925284,qwen15b-npu3,
1782563524.8195064,200,145.9710829985852,qwen15b-npu7,
1782563524.8200932,200,133.49794700116036,qwen15b-npu7,
1782563524.8218749,200,135.9303879999061,qwen15b-npu5,
1782563524.822644,200,121.0015390006447,qwen15b-npu5,
1782563524.8291109,200,144.01527399968472,qwen15b-npu6,
1782563524.8355584,200,121.9181540000136,qwen15b-npu4,
1782563524.845399,200,131.10208599937323,qwen15b-npu5,
1782563524.846394,200,137.33861400032765,qwen15b-npu7,
1782563524.847883,200,128.23865200152795,qwen15b-npu3,
1782563524.8485692,200,146.24284400088072,qwen15b-npu3,
1782563524.8575482,200,151.2855769997259,qwen15b-npu6,
1782563524.8580658,200,124.0878230000817,qwen15b-npu6,
1782563524.8705082,200,110.32138100017619,qwen15b-npu5,
1782563524.8728945,200,131.13661599891202,qwen15b-npu7,
1782563524.8850172,200,123.29161999878124,qwen15b-npu6,
1782563524.8861783,200,115.15840299944102,qwen15b-npu4,
1782563524.8865292,200,127.18773800042982,qwen15b-npu4,
1782563524.8954523,200,123.4242099999392,qwen15b-npu5,
1782563524.9008217,200,130.2371919991856,qwen15b-npu7,
1782563524.9050322,200,144.56012700065912,qwen15b-npu3,
1782563524.9103348,200,119.84128499898361,qwen15b-npu4,
1782563524.9138658,200,122.47221600046032,qwen15b-npu6,
1782563524.9213269,200,130.27520200012077,qwen15b-npu5,
1782563524.9216316,200,110.72408299878589,qwen15b-npu5,
1782563524.9293513,200,128.19491200025368,qwen15b-npu7,
1782563524.9296193,200,139.72382400061178,qwen15b-npu7,
1782563524.9343486,200,148.9763369991124,qwen15b-npu3,
1782563524.93465,200,139.0315010012273,qwen15b-npu3,
1782563524.9359286,200,125.70762100040156,qwen15b-npu4,
1782563524.9362848,200,116.08682800033421,qwen15b-npu4,
1782563524.943463,200,125.1052579991665,qwen15b-npu6,
1782563524.9438417,200,142.95204900008684,qwen15b-npu6,
1782563524.9473252,200,125.33523899946886,qwen15b-npu5,
1782563524.9557767,200,120.12877499910246,qwen15b-npu7,
1782563524.9562776,200,136.70713099963905,qwen15b-npu7,
1782563524.9608665,200,115.37608399885357,qwen15b-npu4,
1782563524.9619827,200,139.27922299990314,qwen15b-npu3,
1782563524.9624252,200,144.36177600146038,qwen15b-npu3,
1782563524.9719307,200,123.27420999827154,qwen15b-npu6,
1782563524.9722922,200,143.1012200009718,qwen15b-npu6,
1782563524.97333,200,126.87256599929242,qwen15b-npu5,
1782563524.982794,200,125.1776589997462,qwen15b-npu7,
1782563524.9870822,200,128.95152600140136,qwen15b-npu4,
1782563524.9903843,200,142.4270380011876,qwen15b-npu3,
1782563524.9992092,200,128.61618499846372,qwen15b-npu5,
1782563525.0103188,200,125.22778899983678,qwen15b-npu7,
1782563525.0106194,200,123.9900629989279,qwen15b-npu4,
1782563525.0183647,200,145.38474099936138,qwen15b-npu3,
1782563525.0248053,200,129.27920699985407,qwen15b-npu5,
1782563525.0322216,200,145.9573129995988,qwen15b-npu6,
1782563525.0354407,200,121.51604199971189,qwen15b-npu4,
1782563525.0372927,200,132.17641100163746,qwen15b-npu7,
1782563525.047064,200,146.15485399917816,qwen15b-npu3,
1782563525.0478518,200,126.43208500048786,qwen15b-npu3,
1782563525.0519524,200,117.22561199894699,qwen15b-npu5,
1782563525.0523083,200,130.60535299882758,qwen15b-npu5,
1782563525.0610511,200,131.36792699879152,qwen15b-npu6,
1782563525.0613556,200,150.9389659986482,qwen15b-npu6,
1782563525.0652626,200,128.9087160002964,qwen15b-npu7,
1782563525.0654793,200,136.0526580010628,qwen15b-npu7,
1782563525.06707,200,123.47849100115127,qwen15b-npu4,
1782563525.06752,200,133.1172449990845,qwen15b-npu4,
1782563525.0750434,200,139.0178809997451,qwen15b-npu3,
1782563525.0791547,200,116.67482000120799,qwen15b-npu5,
1782563525.0798197,200,132.41258200105221,qwen15b-npu5,
1782563525.08607,200,124.03218300096341,qwen15b-npu4,
1782563525.090418,200,129.48717799918086,qwen15b-npu6,
1782563525.0909872,200,147.07772899964766,qwen15b-npu6,
1782563525.0943265,200,121.94209399967804,qwen15b-npu7,
1782563525.0949223,200,138.5791889988468,qwen15b-npu7,
1782563525.1027272,200,115.58142499961832,qwen15b-npu5,
1782563525.1035242,200,131.5012779996323,qwen15b-npu3,
1782563525.1040924,200,148.25788300004206,qwen15b-npu3,
1782563525.1117814,200,128.9228159985214,qwen15b-npu4,
1782563525.116192,200,142.77481899989652,qwen15b-npu6,
1782563525.119598,200,120.32709699997213,qwen15b-npu7,
1782563525.1320705,200,141.61089299886953,qwen15b-npu3,
1782563525.1361682,200,125.44890999924974,qwen15b-npu4,
1782563525.1439927,200,133.60854699931224,qwen15b-npu6,
1782563525.1542761,200,135.84334699953615,qwen15b-npu5,
1782563525.160491,200,135.63402600084373,qwen15b-npu3,
1782563525.1613169,200,123.96469300074386,qwen15b-npu4,
1782563525.1720877,200,119.68202399839356,qwen15b-npu6,
1782563525.1726809,200,137.1629830009624,qwen15b-npu6,
1782563525.1739807,200,121.94218399963574,qwen15b-npu7,
1782563525.1745327,200,142.24640599968552,qwen15b-npu7,
1782563525.1806324,200,133.51766699997825,qwen15b-npu5,
1782563525.1812496,200,120.11996599903796,qwen15b-npu5,
1782563525.1863074,200,124.88837799901376,qwen15b-npu4,
1782563525.1869698,200,119.39348300074926,qwen15b-npu4,
1782563525.1894922,200,123.95559300057357,qwen15b-npu3,
1782563525.190161,200,142.22613600031764,qwen15b-npu3,
1782563525.199533,200,132.40190199940116,qwen15b-npu6,
1782563525.2020578,200,122.15265499980887,qwen15b-npu7,
1782563525.2024202,200,137.09837300120853,qwen15b-npu7,
1782563525.2069285,200,116.35961800129735,qwen15b-npu5,
1782563525.207216,200,132.09048999851802,qwen15b-npu5,
1782563525.2109225,200,119.85412400099449,qwen15b-npu4,
1782563525.2174873,200,138.2459779997589,qwen15b-npu3,
1782563525.2275622,200,141.40727199992398,qwen15b-npu6,
1782563525.2287157,200,134.31099000081304,qwen15b-npu7,
1782563525.2290184,200,126.22518399984983,qwen15b-npu6,
1782563525.231035,200,126.88478699965344,qwen15b-npu5,
1782563525.2357988,200,132.2234799990838,qwen15b-npu4,
1782563525.247388,200,135.55191599880345,qwen15b-npu3,
1782563525.247626,200,152.6377930003946,qwen15b-npu3,
1782563525.2554407,200,135.7908669997414,qwen15b-npu6,
1782563525.2561617,200,139.91804599936586,qwen15b-npu7,
1782563525.258814,200,122.55641699994158,qwen15b-npu5,
1782563525.2607727,200,128.6394039998413,qwen15b-npu4,
1782563525.275579,200,131.51552700037428,qwen15b-npu3,
1782563525.2824461,200,110.28976099987631,qwen15b-npu5,
1782563525.2835665,200,122.97523800043564,qwen15b-npu6,
1782563525.283887,200,129.5534390010289,qwen15b-npu7,
1782563525.285947,200,124.52849500004959,qwen15b-npu4,
1782563525.3040066,200,131.2581960009993,qwen15b-npu3,
1782563525.3087595,200,127.44926899904385,qwen15b-npu5,
1782563525.3116193,200,124.56438600020192,qwen15b-npu7,
1782563525.3133073,200,138.70767100161174,qwen15b-npu6,
1782563525.313619,200,124.05901400052244,qwen15b-npu6,
1782563525.313969,200,133.2771760007745,qwen15b-npu4,
1782563525.3142395,200,140.20241700018232,qwen15b-npu7,
1782563525.3150668,200,124.82126699978835,qwen15b-npu4,
1782563525.333028,200,130.86259400006384,qwen15b-npu3,
1782563525.3334093,200,147.04243800042605,qwen15b-npu3,
1782563525.3348744,200,123.86417299967434,qwen15b-npu5,
1782563525.3354385,200,135.7956669999112,qwen15b-npu5,
1782563525.3363547,200,129.08206599968253,qwen15b-npu4,
1782563525.339023,200,136.50733999929798,qwen15b-npu7,
1782563525.3399894,200,132.99017399913282,qwen15b-npu6,
1782563525.3593502,200,128.2459829999425,qwen15b-npu5,
1782563525.361506,200,132.38865199855354,qwen15b-npu4,
1782563525.364669,200,147.08813799916243,qwen15b-npu3,
1782563525.3650422,200,129.1915269994206,qwen15b-npu3,
1782563525.3673267,200,139.70244499978435,qwen15b-npu7,
1782563525.3676498,200,120.20894600027532,qwen15b-npu7,
1782563525.36851,200,120.82922899935511,qwen15b-npu6,
1782563525.3688715,200,140.096736000487,qwen15b-npu6,
1782563525.3848722,200,128.6386150004546,qwen15b-npu5,
1782563525.386874,200,131.34278700090363,qwen15b-npu4,
1782563525.3902764,200,131.3946570007829,qwen15b-npu3,
1782563525.393695,200,132.84641399877728,qwen15b-npu7,
1782563525.3955703,200,119.94046499967226,qwen15b-npu6,
1782563525.4099126,200,126.24922299983155,qwen15b-npu5,
1782563525.412231,200,129.72456899842655,qwen15b-npu4,
1782563525.418952,200,134.99935399886454,qwen15b-npu3,
1782563525.4220507,200,136.00376800059166,qwen15b-npu7,
1782563525.4356515,200,121.60800200035737,qwen15b-npu5,
1782563525.436325,200,124.61346600139223,qwen15b-npu5,
1782563525.4379327,200,122.7804379996087,qwen15b-npu4,
1782563525.4385867,200,129.76435000018682,qwen15b-npu4,
1782563525.4492586,200,134.93577300141624,qwen15b-npu3,
1782563525.4499643,200,136.5705900007015,qwen15b-npu7,
1782563525.4523587,200,138.63909999963653,qwen15b-npu6,
1782563525.4527311,200,148.64828499958094,qwen15b-npu6,
1782563525.46021,200,123.78225199972803,qwen15b-npu5,
1782563525.4619176,200,126.4037550008652,qwen15b-npu4,
1782563525.4804473,200,147.31892900090315,qwen15b-npu3,
1782563525.4808192,200,147.31061999918893,qwen15b-npu7,
1782563525.4814618,200,141.4052920008544,qwen15b-npu7,
1782563525.4817922,200,142.6686980012164,qwen15b-npu3,
1782563525.4826846,200,147.69598100065195,qwen15b-npu6,
1782563525.483435,200,123.973603000195,qwen15b-npu6,
1782563525.4873545,200,122.58851700062223,qwen15b-npu5,
1782563525.4880636,200,119.46729200099071,qwen15b-npu5,
1782563525.4884393,200,119.51193300046725,qwen15b-npu4,
1782563525.4896395,200,128.06589200044982,qwen15b-npu4,
1782563525.5053713,200,137.94053699893993,qwen15b-npu7,
1782563525.5090344,200,143.89299399954325,qwen15b-npu3,
1782563525.5106094,200,114.98629199923016,qwen15b-npu5,
1782563525.5117686,200,118.01994599954924,qwen15b-npu4,
1782563525.5123558,200,144.63549699939904,qwen15b-npu6,
1782563525.5334013,200,121.09052000050724,qwen15b-npu7,
1782563525.533748,200,146.80872700046166,qwen15b-npu7,
1782563525.5368009,200,114.65296100141131,qwen15b-npu4,
1782563525.5389252,200,153.96875999977055,qwen15b-npu3,
1782563525.5419483,200,151.58170799986692,qwen15b-npu6,
1782563525.560567,200,122.56465700011177,qwen15b-npu7,
1782563525.5617704,200,111.7531970012351,qwen15b-npu5,
1782563525.5620782,200,126.3626239997393,qwen15b-npu5,
1782563525.562971,200,113.65951699917787,qwen15b-npu4,
1782563525.5699818,200,160.01575700101967,qwen15b-npu3,
1782563525.5706959,200,134.30356999924697,qwen15b-npu3,
1782563525.5710187,200,151.96536999974342,qwen15b-npu6,
1782563525.5717862,200,133.12315499933902,qwen15b-npu6,
1782563525.58696,200,124.97515799987013,qwen15b-npu4,
1782563525.5881386,200,135.30143499883707,qwen15b-npu7,
1782563525.598797,200,146.34198499879858,qwen15b-npu3,
1782563525.599573,200,139.26564299981692,qwen15b-npu6,
1782563525.612775,200,129.26654700095241,qwen15b-npu5,
1782563525.613631,200,133.07589499891037,qwen15b-npu5,
1782563525.6143348,200,131.55115799963824,qwen15b-npu4,
1782563525.615009,200,125.27209899963054,qwen15b-npu4,
1782563525.6173596,200,135.48827600061486,qwen15b-npu7,
1782563525.6177363,200,130.28449200101022,qwen15b-npu7,
1782563525.627364,200,145.8351119999861,qwen15b-npu6,
1782563525.627736,200,139.1878619997442,qwen15b-npu6,
1782563525.630625,200,142.45528699939314,qwen15b-npu3,
1782563525.6309977,200,150.07806199901097,qwen15b-npu3,
1782563525.6386764,200,133.21140499829198,qwen15b-npu5,
1782563525.6391685,200,126.74757599961595,qwen15b-npu4,
1782563525.644716,200,134.0145490012219,qwen15b-npu7,
1782563525.654831,200,142.9966499999864,qwen15b-npu6,
1782563525.6599486,200,150.81270500013488,qwen15b-npu3,
1782563525.6632063,200,121.155370001361,qwen15b-npu4,
1782563525.6642737,200,130.7883839999704,qwen15b-npu5,
1782563525.6722696,200,135.4036350003298,qwen15b-npu7,
1782563525.6843514,200,145.36165999925288,qwen15b-npu6,
1782563525.6884449,200,117.66783499842859,qwen15b-npu4,
1782563525.6893394,200,155.4980170003546,qwen15b-npu3,
1782563525.6910892,200,121.02042000151414,qwen15b-npu5,
1782563525.6917892,200,131.12438600001042,qwen15b-npu5,
1782563525.7017844,200,139.6107540003868,qwen15b-npu7,
1782563525.7020903,200,130.22869199994602,qwen15b-npu7,
1782563525.7143624,200,126.13058299939439,qwen15b-npu4,
1782563525.7156098,200,128.5613239997474,qwen15b-npu6,
1782563525.7161305,200,153.08113600076467,qwen15b-npu6,
1782563525.7171438,200,118.25913699976809,qwen15b-npu5,
1782563525.7185884,200,147.4527999998827,qwen15b-npu3,
1782563525.7189739,200,157.11703399938415,qwen15b-npu3,
1782563525.7398262,200,112.02442900139431,qwen15b-npu4,
1782563525.7407565,200,126.33490299958794,qwen15b-npu4,
1782563525.7435045,200,128.43083400002797,qwen15b-npu5,
1782563525.7437892,200,130.05896100003156,qwen15b-npu6,
1782563525.7480128,200,148.33897300013632,qwen15b-npu3,
1782563525.7484426,200,130.62057299976004,qwen15b-npu3,
1782563525.7594144,200,146.5728160001163,qwen15b-npu7,
1782563525.7602682,200,142.79399899896816,qwen15b-npu7,
1782563525.7647595,200,119.97884599986719,qwen15b-npu4,
1782563525.7699814,200,138.87262099888176,qwen15b-npu5,
1782563525.770535,200,115.63816600028076,qwen15b-npu5,
1782563525.7714581,200,144.00001399917528,qwen15b-npu6,
1782563525.7717524,200,132.5135120005143,qwen15b-npu6,
1782563525.776071,200,145.33517000018037,qwen15b-npu3,
1782563525.7874484,200,148.70422599960875,qwen15b-npu7,
1782563525.7881732,200,124.8868170005153,qwen15b-npu7,
1782563525.7897367,200,117.37787300080527,qwen15b-npu4,
1782563525.7983787,200,134.03152899991255,qwen15b-npu6,
1782563525.8039243,200,143.87817299939343,qwen15b-npu3,
1782563525.8147354,200,122.87338900023315,qwen15b-npu4,
1782563525.8154128,200,126.00926300001447,qwen15b-npu7,
1782563525.8216772,200,137.25671300016984,qwen15b-npu5,
1782563525.8221595,200,120.30755599880649,qwen15b-npu5,
1782563525.8264208,200,135.26819499929843,qwen15b-npu6,
1782563525.833417,200,131.23307599926193,qwen15b-npu3,
1782563525.8337646,200,145.25447000050917,qwen15b-npu3,
1782563525.8399208,200,124.18313399939507,qwen15b-npu4,
1782563525.844352,200,125.29402899963316,qwen15b-npu7,
1782563525.844829,200,130.3859920008108,qwen15b-npu7,
1782563525.8479016,200,130.66934300150024,qwen15b-npu5,
1782563525.8548608,200,138.6426200006099,qwen15b-npu6,
1782563525.8603606,200,141.66461400054686,qwen15b-npu3,
1782563525.8651328,200,124.26853499891877,qwen15b-npu4,
1782563525.8717756,200,123.67257200094173,qwen15b-npu7,
1782563525.873673,200,113.30089399962162,qwen15b-npu5,
1782563525.8745131,200,130.61487300001318,qwen15b-npu5,
1782563525.8841913,200,135.65280599868856,qwen15b-npu6,
1782563525.8848355,200,144.92309799970826,qwen15b-npu6,
1782563525.8902721,200,146.68544699998165,qwen15b-npu3,
1782563525.890724,200,125.89240200031782,qwen15b-npu3,
1782563525.894187,200,122.66412700046203,qwen15b-npu4,
1782563525.8946095,200,135.1013330004207,qwen15b-npu4,
1782563525.8994014,200,127.56751899905794,qwen15b-npu5,
1782563525.9077525,200,137.70708499941975,qwen15b-npu7,
1782563525.9158487,200,126.01555299988831,qwen15b-npu4,
1782563525.9203768,200,149.76583999850845,qwen15b-npu6,
1782563525.9207532,200,132.48077199932595,qwen15b-npu6,
1782563525.9232392,200,147.0767179998802,qwen15b-npu3,
1782563525.9263308,200,127.87315100104024,qwen15b-npu5,
1782563525.9367194,200,149.1893379989051,qwen15b-npu7,
1782563525.9410975,200,119.35370300125214,qwen15b-npu4,
1782563525.9485812,200,133.1041550001828,qwen15b-npu6,
1782563525.9509158,200,128.6957539996365,qwen15b-npu5,
1782563525.951804,200,147.79221100070572,qwen15b-npu3,
1782563525.9642518,200,149.41452899984142,qwen15b-npu7,
1782563525.9649723,200,131.4700670009188,qwen15b-npu7,
1782563525.9663825,200,126.36222399851249,qwen15b-npu4,
1782563525.9788318,200,134.23712000076193,qwen15b-npu5,
1782563525.979139,200,113.93705699993006,qwen15b-npu5,
1782563525.9796147,200,145.74854300008155,qwen15b-npu6,
1782563525.9810498,200,154.56615200128,qwen15b-npu3,
1782563525.9816766,200,136.75993100150663,qwen15b-npu3,
1782563525.9917202,200,131.2704770007258,qwen15b-npu4,
1782563525.992489,200,144.49678600067273,qwen15b-npu7,
1782563526.002855,200,117.93440600013128,qwen15b-npu5,
1782563526.008609,200,133.99685800141015,qwen15b-npu6,
1782563526.009076,200,154.14118000080634,qwen15b-npu6,
1782563526.0097225,200,137.8818359989964,qwen15b-npu3,
1782563526.0183468,200,123.61776199941232,qwen15b-npu4,
1782563526.0189645,200,134.71479199870373,qwen15b-npu4,
1782563526.0229764,200,132.11710100040364,qwen15b-npu7,
1782563526.0235674,200,149.79505999872345,qwen15b-npu7,
1782563526.0295093,200,130.01112999882025,qwen15b-npu5,
1782563526.0370839,200,142.80879899888532,qwen15b-npu6,
1782563526.038367,200,130.54799400015327,qwen15b-npu3,
1782563526.0387003,200,148.30903399888484,qwen15b-npu3,
1782563526.043405,200,122.53092600076343,qwen15b-npu4,
1782563526.047699,200,131.78309900104068,qwen15b-npu7,
1782563526.0557485,200,132.4128109990852,qwen15b-npu5,
1782563526.0658963,200,145.44963099979213,qwen15b-npu6,
1782563526.0666413,200,140.21654699899955,qwen15b-npu3,
1782563526.0686703,200,120.02477500027453,qwen15b-npu4,
1782563526.0757568,200,138.9539310002874,qwen15b-npu7,
1782563526.0821726,200,131.19762700080173,qwen15b-npu5,
1782563526.0948262,200,142.9160089992365,qwen15b-npu3,
1782563526.0958998,200,154.73601300072914,qwen15b-npu6,
1782563526.0962486,200,129.77380899974378,qwen15b-npu4,
1782563526.0968704,200,115.11848300142447,qwen15b-npu4,
1782563526.0975873,200,132.5384430001577,qwen15b-npu6,
1782563526.1039622,200,139.6136249986739,qwen15b-npu7,
1782563526.1042664,200,124.53711600028328,qwen15b-npu7,
1782563526.1106446,200,118.83364999994228,qwen15b-npu5,
1782563526.1110125,200,131.75005899938697,qwen15b-npu5,
1782563526.120103,200,111.39317599918286,qwen15b-npu4,
1782563526.1236355,200,142.5187980003102,qwen15b-npu6,
1782563526.1251774,200,146.2625449985353,qwen15b-npu3,
1782563526.12552,200,132.9209429986804,qwen15b-npu3,
1782563526.1299179,200,126.99881699882098,qwen15b-npu7,
1782563526.1364496,200,126.63667500055453,qwen15b-npu5,
1782563526.145311,200,121.66640200121037,qwen15b-npu4,
1782563526.1518233,200,132.77167299929715,qwen15b-npu3,
1782563526.1530983,200,130.0316209999437,qwen15b-npu6,
1782563526.1537914,200,144.64740699986578,qwen15b-npu6,
1782563526.1587946,200,140.38134800102853,qwen15b-npu7,
1782563526.1592052,200,120.7601580008486,qwen15b-npu7,
1782563526.16314,200,115.34375399969576,qwen15b-npu5,
1782563526.163944,200,134.36851000005845,qwen15b-npu5,
1782563526.170802,200,127.32959800086974,qwen15b-npu4,
1782563526.1808834,200,143.73665300081484,qwen15b-npu3,
1782563526.1818984,200,126.08707300023525,qwen15b-npu3,
1782563526.1823702,200,143.55444200009515,qwen15b-npu6,
1782563526.18567,200,119.70702400139999,qwen15b-npu7,
1782563526.1959443,200,127.19254699914018,qwen15b-npu4,
1782563526.2082903,200,126.05870199877245,qwen15b-npu3,
1782563526.2102036,200,143.48277200042503,qwen15b-npu6,
1782563526.216328,200,140.50902799863252,qwen15b-npu5,
1782563526.2167375,200,119.0931310011365,qwen15b-npu5,
1782563526.2227256,200,125.77036100083205,qwen15b-npu4,
1782563526.223666,200,112.5805110004876,qwen15b-npu4,
1782563526.2418966,200,131.15054599984433,qwen15b-npu5,
1782563526.2430937,200,139.0377420011646,qwen15b-npu6,
1782563526.243756,200,147.75954200013075,qwen15b-npu6,
1782563526.245603,200,141.26649200079555,qwen15b-npu7,
1782563526.2459443,200,149.58094000030542,qwen15b-npu3,
1782563526.2463033,200,151.3736680008151,qwen15b-npu7,
1782563526.2476854,200,122.07028400007403,qwen15b-npu4,
1782563526.269756,200,139.7758450002584,qwen15b-npu5,
1782563526.2700915,200,116.22164800064638,qwen15b-npu5,
1782563526.271318,200,146.05963400026667,qwen15b-npu6,
1782563526.2720377,200,151.83706999960123,qwen15b-npu3,
1782563526.273807,200,120.62242800129752,qwen15b-npu4,
1782563526.274541,200,150.82219499890925,qwen15b-npu7,
1782563526.2753887,200,138.83539000016754,qwen15b-npu7,
1782563526.297075,200,126.17388299986487,qwen15b-npu5,
1782563526.2987585,200,134.74417199904565,qwen15b-npu4,
1782563526.29951,200,113.74338700079534,qwen15b-npu4,
1782563526.3010988,200,142.1959159997641,qwen15b-npu7,
1782563526.3018866,200,138.65979999900446,qwen15b-npu6,
1782563526.302269,200,150.3542729988112,qwen15b-npu6,
1782563526.303243,200,143.92724399840517,qwen15b-npu3,
1782563526.304079,200,158.66996100157849,qwen15b-npu3,
1782563526.3234649,200,127.45838899900264,qwen15b-npu5,
1782563526.3276832,200,146.70518699858803,qwen15b-npu7,
1782563526.3287597,200,146.2735650002287,qwen15b-npu6,
1782563526.3301888,200,148.20602300096652,qwen15b-npu3,
1782563526.3491642,200,132.31367099979252,qwen15b-npu4,
1782563526.3499346,200,127.15327800106024,qwen15b-npu5,
1782563526.3560648,200,132.293190999917,qwen15b-npu7,
1782563526.3570673,200,148.7159749995044,qwen15b-npu7,
1782563526.3574457,200,141.00686999881873,qwen15b-npu6,
1782563526.3597913,200,149.51474000008602,qwen15b-npu3,
1782563526.3745852,200,130.7588540003053,qwen15b-npu4,
1782563526.3762178,200,130.16017100017052,qwen15b-npu5,
1782563526.3821077,200,136.421879999034,qwen15b-npu7,
1782563526.3848054,200,141.59422299962898,qwen15b-npu6,
1782563526.385105,200,137.3276740014262,qwen15b-npu6,
1782563526.3903115,200,148.3351330007281,qwen15b-npu3,
1782563526.3906825,200,144.30389500012097,qwen15b-npu3,
1782563526.4006355,200,130.79794400073297,qwen15b-npu4,
1782563526.4011872,200,126.57627500084345,qwen15b-npu4,
1782563526.4049785,200,129.47688799977186,qwen15b-npu5,
1782563526.4053848,200,135.1990940001997,qwen15b-npu5,
1782563526.41007,200,138.69700000032026,qwen15b-npu7,
1782563526.4126198,200,138.72425999943516,qwen15b-npu6,
1782563526.4177113,200,145.5847619999986,qwen15b-npu3,
1782563526.425696,200,124.48709500131372,qwen15b-npu4,
1782563526.4299011,200,127.91677099994558,qwen15b-npu5,
1782563526.4400883,200,137.70609600032913,qwen15b-npu7,
1782563526.440491,200,143.33076100047037,qwen15b-npu7,
1782563526.441509,200,141.9099249997089,qwen15b-npu6,
1782563526.4424253,200,138.28041799934,qwen15b-npu6,
1782563526.447789,200,148.93168699927628,qwen15b-npu3,
1782563526.448339,200,145.00564899935853,qwen15b-npu3,
1782563526.4512591,200,127.72487000074761,qwen15b-npu4,
1782563526.456658,200,128.9132059991971,qwen15b-npu5,
1782563526.467684,200,138.81785100056732,qwen15b-npu7,
1782563526.4687574,200,138.47193899891863,qwen15b-npu6,
1782563526.4771872,200,127.19243799983815,qwen15b-npu4,
1782563526.4834085,200,127.24788800005626,qwen15b-npu5,
1782563526.495819,200,138.3011889993213,qwen15b-npu7,
1782563526.4964478,200,139.28462299918465,qwen15b-npu6,
1782563526.5032766,200,128.60297499901208,qwen15b-npu4,
1782563526.503634,200,113.21682400011923,qwen15b-npu4,
1782563526.5060816,200,156.82566199939174,qwen15b-npu3,
1782563526.506405,200,146.54170599897043,qwen15b-npu3,
1782563526.5113282,200,135.00830299926747,qwen15b-npu5,
1782563526.5116405,200,120.88924000090628,qwen15b-npu5,
1782563526.527478,200,142.6015279994317,qwen15b-npu6,
1782563526.527817,200,145.6151909987966,qwen15b-npu7,
1782563526.5283375,200,127.09083700065094,qwen15b-npu6,
1782563526.5285716,200,127.84106100116333,qwen15b-npu7,
1782563526.529344,200,123.87312299870246,qwen15b-npu4,
1782563526.535851,200,150.67783499944198,qwen15b-npu3,
1782563526.5361931,200,131.09950500074774,qwen15b-npu3,
1782563526.537185,200,127.05922799977998,qwen15b-npu5,
1782563526.5533142,200,123.3181199986575,qwen15b-npu4,
1782563526.5546157,200,136.80798200039135,qwen15b-npu6,
1782563526.55495,200,142.24436599943147,qwen15b-npu7,
1782563526.563673,200,137.8802059989539,qwen15b-npu3,
1782563526.564525,200,124.33209499977238,qwen15b-npu5,
1782563526.5652456,200,116.84160099866858,qwen15b-npu5,
1782563526.5805893,200,132.73688300068898,qwen15b-npu4,
1782563526.5811138,200,112.26150000038615,qwen15b-npu4,
1782563526.5835197,200,142.91812900046352,qwen15b-npu7,
1782563526.5839326,200,142.31730699975742,qwen15b-npu6,
1782563526.584698,200,127.98073100020702,qwen15b-npu6,
1782563526.584941,200,133.6191170012171,qwen15b-npu7,
1782563526.593631,200,151.1372670011042,qwen15b-npu3,
1782563526.6113832,200,127.88120100049127,qwen15b-npu7,
1782563526.616886,200,139.60821499858866,qwen15b-npu5,
1782563526.6235628,200,155.76823799892736,qwen15b-npu3,
1782563526.6306152,200,127.25654799942276,qwen15b-npu4,
1782563526.6314404,200,120.0187949998508,qwen15b-npu4,
1782563526.6397069,200,133.54355599949486,qwen15b-npu7,
1782563526.6410053,200,145.08917899911467,qwen15b-npu6,
1782563526.6413796,200,134.9197430008644,qwen15b-npu6,
1782563526.643569,200,139.8153549998824,qwen15b-npu5,
1782563526.6535788,200,157.06768299969553,qwen15b-npu3,
1782563526.6544816,200,142.7677589999803,qwen15b-npu3,
1782563526.6552415,200,125.81818200123962,qwen15b-npu4,
1782563526.6701179,200,141.4804929991078,qwen15b-npu6,
1782563526.670739,200,134.42274000044563,qwen15b-npu7,
1782563526.6719964,200,144.41119599905505,qwen15b-npu5,
1782563526.6724482,200,136.5008000011585,qwen15b-npu5,
1782563526.6727462,200,144.85998800046218,qwen15b-npu7,
1782563526.6736748,200,136.41181999992114,qwen15b-npu6,
1782563526.6741185,200,119.40813299952424,qwen15b-npu5,
1782563526.6815188,200,126.47244399886404,qwen15b-npu4,
1782563526.6841302,200,155.72409700143908,qwen15b-npu3,
1782563526.6844182,200,131.0170559991093,qwen15b-npu3,
1782563526.6975317,200,116.3507280016347,qwen15b-npu5,
1782563526.6984859,200,133.86471800004074,qwen15b-npu6,
1782563526.6995828,200,135.79442700029176,qwen15b-npu7,
1782563526.7073169,200,122.54892700002529,qwen15b-npu4,
1782563526.7075603,200,126.90299699897878,qwen15b-npu4,
1782563526.7117918,200,146.4615250006318,qwen15b-npu3,
1782563526.7256286,200,131.92961999993713,qwen15b-npu5,
1782563526.727047,200,142.99944899903494,qwen15b-npu6,
1782563526.7274883,200,143.84770300057426,qwen15b-npu7,
1782563526.740743,200,155.7378969991987,qwen15b-npu3,
1782563526.7525964,200,121.05754000003799,qwen15b-npu5,
1782563526.7545056,200,143.00476999960665,qwen15b-npu7,
1782563526.7552304,200,138.27080800001568,qwen15b-npu6,
1782563526.7583904,200,127.67140000141808,qwen15b-npu4,
1782563526.758642,200,114.98093299996981,qwen15b-npu4,
1782563526.7714949,200,147.83846200043627,qwen15b-npu3,
1782563526.7717402,200,130.27875199986738,qwen15b-npu3,
1782563526.7804244,200,126.7487559998699,qwen15b-npu5,
1782563526.7831228,200,143.33985099983693,qwen15b-npu7,
1782563526.7835872,200,128.99739599924942,qwen15b-npu7,
1782563526.7849884,200,129.67372899947804,qwen15b-npu6,
1782563526.785303,200,144.19692499905068,qwen15b-npu6,
1782563526.8003876,200,130.1826910003001,qwen15b-npu3,
1782563526.808235,200,135.4072449994419,qwen15b-npu5,
1782563526.8086643,200,127.06056699971668,qwen15b-npu5,
1782563526.8102388,200,139.37791300122626,qwen15b-npu4,
1782563526.8108006,200,112.2451799983537,qwen15b-npu4,
1782563526.8112504,200,138.71536999977252,qwen15b-npu7,
1782563526.8115985,200,139.49912300085998,qwen15b-npu4,
1782563526.8126462,200,128.1470519988943,qwen15b-npu7,
1782563526.8143322,200,130.10896099876845,qwen15b-npu6,
1782563526.814899,200,140.70962900041195,qwen15b-npu6,
1782563526.8307436,200,156.9860729996435,qwen15b-npu3,
1782563526.8310442,200,133.4380770003918,qwen15b-npu3,
1782563526.8348317,200,135.1912939990143,qwen15b-npu5,
1782563526.836707,200,129.32944699969084,qwen15b-npu7,
1782563526.840495,200,132.86401400000614,qwen15b-npu6,
1782563526.8591592,200,147.31240899891418,qwen15b-npu3,
1782563526.8603234,200,134.63392199992086,qwen15b-npu4,
1782563526.8606215,200,133.51742700069735,qwen15b-npu5,
1782563526.8642485,200,136.70098100010364,qwen15b-npu7,
1782563526.868519,200,127.72011999913957,qwen15b-npu6,
1782563526.8864887,200,131.19910699970205,qwen15b-npu5,
1782563526.8868275,200,115.02634300086356,qwen15b-npu4,
1782563526.8871105,200,132.54878200132225,qwen15b-npu4,
1782563526.8882616,200,135.60866599982546,qwen15b-npu3,
1782563526.8915043,200,133.0555339991406,qwen15b-npu7,
1782563526.8965323,200,137.83500600038678,qwen15b-npu6,
1782563526.910325,200,125.25155899857054,qwen15b-npu4,
1782563526.9114175,200,130.8866149993264,qwen15b-npu5,
1782563526.919516,200,134.1108800006623,qwen15b-npu3,
1782563526.9198024,200,136.1468689992762,qwen15b-npu7,
1782563526.9200804,200,148.52964499914378,qwen15b-npu3,
1782563526.9246433,200,141.36242200038396,qwen15b-npu6,
1782563526.93741,200,136.9425319990114,qwen15b-npu5,
1782563526.937632,200,126.26802399972803,qwen15b-npu5,
1782563526.9383998,200,123.41228000150295,qwen15b-npu4,
1782563526.9386284,200,126.95371600057115,qwen15b-npu4,
1782563526.9470766,200,136.76714199937123,qwen15b-npu3,
1782563526.9474053,200,132.98824400044396,qwen15b-npu3,
1782563526.948585,200,137.64767600150662,qwen15b-npu7,
1782563526.9489412,200,140.61473900073906,qwen15b-npu7,
1782563526.9537547,200,141.0035400003835,qwen15b-npu6,
1782563526.9539905,200,145.25974999924074,qwen15b-npu6,
1782563526.9611628,200,120.57162800010701,qwen15b-npu4,
1782563526.962569,200,131.4605269999447,qwen15b-npu5,
1782563526.9739075,200,143.08447999974305,qwen15b-npu7,
1782563526.9749377,200,138.17660700078704,qwen15b-npu3,
1782563526.9819317,200,121.24553099965851,qwen15b-npu6,
1782563526.9824665,200,147.57768099843815,qwen15b-npu6,
1782563526.986544,200,117.96789600157354,qwen15b-npu4,
1782563526.9882178,200,128.9729960008117,qwen15b-npu5,
1782563527.0007966,200,140.39977799984626,qwen15b-npu7,
1782563527.0035,200,139.18087199999718,qwen15b-npu3,
1782563527.0092647,200,122.36587600091298,qwen15b-npu6,
1782563527.010993,200,119.43430199971772,qwen15b-npu4,
1782563527.0143826,200,117.79847599973436,qwen15b-npu5,
1782563527.0148697,200,128.27569299952302,qwen15b-npu5,
1782563527.0285938,200,118.2083670009888,qwen15b-npu7,
1782563527.0288413,200,141.642882999804,qwen15b-npu7,
1782563527.0348551,200,146.53553600146552,qwen15b-npu3,
1782563527.0363498,200,116.45672899976489,qwen15b-npu4,
1782563527.0376098,200,126.10640299863007,qwen15b-npu6,
1782563527.0402799,200,120.68698799885169,qwen15b-npu5,
1782563527.0546336,200,129.9352000005456,qwen15b-npu7,
1782563527.0638363,200,125.38276899977063,qwen15b-npu4,
1782563527.0647197,200,116.02748699988297,qwen15b-npu4,
1782563527.0657828,200,111.96569900130271,qwen15b-npu5,
1782563527.0661714,200,127.4812789997668,qwen15b-npu5,
1782563527.066936,200,129.47205800082884,qwen15b-npu6,
1782563527.0693407,200,149.19529799954034,qwen15b-npu3,
1782563527.0823019,200,128.25078300011228,qwen15b-npu7,
1782563527.0825658,200,135.43156500054465,qwen15b-npu7,
1782563527.088387,200,114.42572000123619,qwen15b-npu4,
1782563527.0899575,200,114.96730200087768,qwen15b-npu5,
1782563527.095054,200,147.5771799996437,qwen15b-npu6,
1782563527.0954516,200,134.2187099999137,qwen15b-npu6,
1782563527.1047125,200,155.68896699915058,qwen15b-npu3,
1782563527.1050987,200,167.4053709994041,qwen15b-npu3,
1782563527.1053307,200,142.70573900103045,qwen15b-npu3,
1782563527.1089506,200,126.95891700059292,qwen15b-npu7,
1782563527.1145208,200,126.23328299923742,qwen15b-npu4,
1782563527.1168182,200,115.94880700067733,qwen15b-npu5,
1782563527.1201925,200,133.54360599987558,qwen15b-npu3,
1782563527.1235561,200,141.03116099977342,qwen15b-npu6,
1782563527.1372392,200,133.6817779992998,qwen15b-npu7,
1782563527.1398394,200,125.40097900091496,qwen15b-npu4,
1782563527.1420243,200,127.10090700056753,qwen15b-npu5,
1782563527.144745,200,133.69589800095127,qwen15b-npu3,
1782563527.151374,200,122.47831700005918,qwen15b-npu6,
1782563527.1520941,200,142.76996800072084,qwen15b-npu6,
1782563527.1638992,200,123.5701120003796,qwen15b-npu7,
1782563527.1645625,200,135.91330800045398,qwen15b-npu7,
1782563527.1653044,200,128.90094499925908,qwen15b-npu4,
1782563527.1681805,200,130.518973001017,qwen15b-npu5,
1782563527.1719837,200,137.07153299947095,qwen15b-npu3,
1782563527.1796632,200,124.96751700018649,qwen15b-npu6,
1782563527.1904922,200,125.65785100014182,qwen15b-npu4,
1782563527.1908917,200,124.6554159988591,qwen15b-npu7,
1782563527.195102,200,112.48093100039114,qwen15b-npu5,
1782563527.1954272,200,129.5577190012409,qwen15b-npu5,
1782563527.2010326,200,137.14569400144683,qwen15b-npu3,
1782563527.2013998,200,131.97512899932917,qwen15b-npu3,
1782563527.2080238,200,141.01831000152742,qwen15b-npu6,
1782563527.215793,200,120.28135699983977,qwen15b-npu4,
1782563527.2161026,200,133.73533800040605,qwen15b-npu4,
1782563527.217379,200,128.9347160000034,qwen15b-npu7,
1782563527.218594,200,113.78570700071577,qwen15b-npu5,
1782563527.2256894,200,130.56367399985902,qwen15b-npu3,
1782563527.2259467,200,116.92310200123757,qwen15b-npu3,
1782563527.2385757,200,148.5651750008401,qwen15b-npu6,
1782563527.239487,200,134.07270899915602,qwen15b-npu6,
1782563527.2411234,200,126.5161450010055,qwen15b-npu4,
1782563527.2451966,200,140.03442600005656,qwen15b-npu7,
1782563527.2454858,200,125.22757800070394,qwen15b-npu7,
1782563527.2464437,200,129.55406900073285,qwen15b-npu5,
1782563527.2666314,200,126.70925600104965,qwen15b-npu4,
1782563527.2670221,200,143.39693100009754,qwen15b-npu6,
1782563527.2708097,200,128.72827399951348,qwen15b-npu5,
1782563527.273324,200,128.47592400066787,qwen15b-npu7,
1782563527.2777982,200,125.61800000003132,qwen15b-npu3,
1782563527.278513,200,141.18592100021488,qwen15b-npu3,
1782563527.2919538,200,127.99394200010283,qwen15b-npu4,
1782563527.292636,200,112.90041299980658,qwen15b-npu4,
1782563527.296171,200,131.5188879998459,qwen15b-npu5,
1782563527.29752,200,146.0595340013242,qwen15b-npu6,
1782563527.2978091,200,129.57564899988938,qwen15b-npu6,
1782563527.3000402,200,134.66656100172258,qwen15b-npu7,
1782563527.30316,200,131.09424499998568,qwen15b-npu3,
1782563527.316355,200,115.22604300080275,qwen15b-npu4,
1782563527.3214362,200,130.8324840010755,qwen15b-npu5,
1782563527.3218675,200,120.37271599911037,qwen15b-npu5,
1782563527.3241677,200,128.64532499952475,qwen15b-npu6,
1782563527.3271673,200,119.07552100092289,qwen15b-npu7,
1782563527.3279212,200,136.9565919994784,qwen15b-npu7,
1782563527.3294845,200,134.28767999903357,qwen15b-npu3,
1782563527.3297818,200,113.61169600058929,qwen15b-npu3,
1782563527.341135,200,123.69844200111402,qwen15b-npu4,
1782563527.3452313,200,126.58376499894075,qwen15b-npu5,
1782563527.3537614,200,127.73629999901459,qwen15b-npu6,
1782563527.3539855,200,138.1165470011183,qwen15b-npu6,
1782563527.354563,200,128.80503499945917,qwen15b-npu7,
1782563527.3571663,200,118.53428900030849,qwen15b-npu3,
1782563527.366664,200,127.07917700026883,qwen15b-npu4,
1782563527.373321,200,132.13157999962277,qwen15b-npu5,
1782563527.3813858,200,136.1191290015995,qwen15b-npu6,
1782563527.3825178,200,136.95958199969027,qwen15b-npu7,
1782563527.3828316,200,136.3223989992548,qwen15b-npu3,
1782563527.3918598,200,125.12748799963447,qwen15b-npu4,
1782563527.392144,200,113.54424599994672,qwen15b-npu4,
1782563527.3978374,200,130.71571399996174,qwen15b-npu5,
1782563527.4086316,200,135.20532500115223,qwen15b-npu7,
1782563527.4091866,200,131.3031259996933,qwen15b-npu3,
1782563527.410235,200,139.3526430001657,qwen15b-npu6,
1782563527.4158485,200,117.97512600060145,qwen15b-npu4,
1782563527.4232917,200,123.19218900120177,qwen15b-npu5,
1782563527.423763,200,131.73559800088697,qwen15b-npu5,
1782563527.4349227,200,137.3354039988044,qwen15b-npu3,
1782563527.437303,200,141.04747100100212,qwen15b-npu7,
1782563527.4378438,200,121.41502099984791,qwen15b-npu7,
1782563527.439567,200,136.30801900035294,qwen15b-npu6,
1782563527.4399385,200,147.21819900114497,qwen15b-npu6,
1782563527.441401,200,111.557256001106,qwen15b-npu4,
1782563527.441665,200,119.68791399885959,qwen15b-npu4,
1782563527.4478958,200,123.62963200030208,qwen15b-npu5,
1782563527.462048,200,140.492317999815,qwen15b-npu3,
1782563527.4626868,200,133.12871499874745,qwen15b-npu3,
1782563527.4638023,200,135.7906670000375,qwen15b-npu7,
1782563527.4660022,200,111.38197599939303,qwen15b-npu4,
1782563527.4671822,200,139.93248600127117,qwen15b-npu6,
1782563527.472962,200,131.76281899905007,qwen15b-npu5,
1782563527.4732523,200,116.02845699962927,qwen15b-npu5,
1782563527.4877098,200,133.65640699885262,qwen15b-npu3,
1782563527.4907377,200,108.14132199993765,qwen15b-npu4,
1782563527.4914722,200,118.04846599989105,qwen15b-npu7,
1782563527.4920363,200,138.21390799967048,qwen15b-npu7,
1782563527.4969902,200,114.0781979993335,qwen15b-npu5,
1782563527.4984906,200,153.1963759989594,qwen15b-npu6,
1782563527.498705,200,131.9830100001127,qwen15b-npu6,
1782563527.5148988,200,117.00816099983058,qwen15b-npu3,
1782563527.5151684,200,133.71095799993782,qwen15b-npu3,
1782563527.5182781,200,126.06949300061387,qwen15b-npu7,
1782563527.5240827,200,132.1559400003025,qwen15b-npu6,
1782563527.5242982,200,115.04864299968176,qwen15b-npu5,
1782563527.5410438,200,117.22353200093494,qwen15b-npu4,
1782563527.5412629,200,132.57820200124115,qwen15b-npu4,
1782563527.542009,200,118.65898999894853,qwen15b-npu3,
1782563527.544907,200,129.00007600001118,qwen15b-npu7,
1782563527.548679,200,113.70070699922508,qwen15b-npu5,
1782563527.5523725,200,142.08026599953882,qwen15b-npu6,
1782563527.5655684,200,125.55100099962146,qwen15b-npu4,
1782563527.5670187,200,127.34738800099876,qwen15b-npu3,
1782563527.5733533,200,135.44183500016516,qwen15b-npu7,
1782563527.5746846,200,133.20580500112555,qwen15b-npu5,
1782563527.5749211,200,111.05047399905743,qwen15b-npu5,
1782563527.5754888,200,127.48465000004217,qwen15b-npu7,
1782563527.5825999,200,145.2432599999156,qwen15b-npu6,
1782563527.5828457,200,141.1199209996994,qwen15b-npu6,
1782563527.5907388,200,127.98289099919202,qwen15b-npu4,
1782563527.5909941,200,117.96629600030428,qwen15b-npu4,
1782563527.5928938,200,119.55621299966879,qwen15b-npu3,
1782563527.5936327,200,131.50774700079637,qwen15b-npu3,
1782563527.5981,200,110.33279099865467,qwen15b-npu5,
1782563527.5998285,200,132.57716199950664,qwen15b-npu7,
1782563527.6106393,200,144.54824600034044,qwen15b-npu6,
1782563527.615278,200,123.1807989988738,qwen15b-npu4,
1782563527.618568,200,121.50611200013373,qwen15b-npu3,
1782563527.6230478,200,124.2788350009505,qwen15b-npu5,
1782563527.6284323,200,136.88862199887808,qwen15b-npu7,
1782563527.639547,200,124.31102499976987,qwen15b-npu4,
1782563527.641219,200,142.66965800015896,qwen15b-npu6,
1782563527.6420379,200,151.20050699988496,qwen15b-npu6,
1782563527.6437902,200,125.45194000085758,qwen15b-npu3,
1782563527.6484592,200,124.1035639995971,qwen15b-npu5,
1782563527.6555169,200,140.5462479997368,qwen15b-npu7,
1782563527.6645048,200,123.17348000033235,qwen15b-npu4,
1782563527.669383,200,145.24128000084602,qwen15b-npu6,
1782563527.6696973,200,127.6251899998897,qwen15b-npu3,
1782563527.6731367,200,128.17046199961624,qwen15b-npu5,
1782563527.6830413,200,141.93757499924686,qwen15b-npu7,
1782563527.683945,200,131.48995699884836,qwen15b-npu7,
1782563527.6915607,200,115.9568670009321,qwen15b-npu4,
1782563527.691842,200,126.21379300071567,qwen15b-npu4,
1782563527.6960855,200,113.18522500005201,qwen15b-npu3,
1782563527.696983,200,148.2436639998923,qwen15b-npu6,
1782563527.6972466,200,130.13655100075994,qwen15b-npu3,
1782563527.6991568,200,116.48404900006426,qwen15b-npu5,
1782563527.6995776,200,126.15116300003137,qwen15b-npu5,
1782563527.7101748,200,135.19089500005066,qwen15b-npu7,
1782563527.7105167,200,119.72075400080939,qwen15b-npu7,
1782563527.7148814,200,121.93150400162267,qwen15b-npu4,
1782563527.7209244,200,127.19876700066379,qwen15b-npu3,
1782563527.723423,200,125.25436900068598,qwen15b-npu5,
1782563527.7260365,200,134.98694400004752,qwen15b-npu6,
1782563527.726334,200,151.58662899921183,qwen15b-npu6,
1782563527.7267594,200,126.87846700100636,qwen15b-npu6,
1782563527.7364402,200,125.75090099926456,qwen15b-npu7,
1782563527.7399654,200,124.62441599927843,qwen15b-npu4,
1782563527.7470436,200,128.41746300000523,qwen15b-npu3,
1782563527.7483516,200,125.24238900005003,qwen15b-npu5,
1782563527.7520006,200,123.46631099899241,qwen15b-npu6,
1782563527.7634127,200,123.7950019985874,qwen15b-npu7,
1782563527.7654545,200,124.1574239993497,qwen15b-npu4,
1782563527.7741616,200,132.01920000028622,qwen15b-npu3,
1782563527.775553,200,131.68728900018323,qwen15b-npu5,
1782563527.7791996,200,130.68164400101523,qwen15b-npu6,
1782563527.789984,200,134.3704400005663,qwen15b-npu7,
1782563527.7909896,200,126.37314399944444,qwen15b-npu4,
1782563527.8011355,200,131.35711699942476,qwen15b-npu5,
1782563527.801478,200,132.01706900144927,qwen15b-npu3,
1782563527.8065374,200,133.34113500059175,qwen15b-npu6,
1782563527.8167288,200,119.41426300109015,qwen15b-npu4,
1782563527.817251,200,133.22425499973178,qwen15b-npu4,
1782563527.8179312,200,134.83207199897151,qwen15b-npu7,
1782563527.8182435,200,121.18584000018018,qwen15b-npu7,
1782563527.8258333,200,133.92164799915918,qwen15b-npu5,
1782563527.8261313,200,126.48761399941577,qwen15b-npu5,
1782563527.8273895,200,135.76436699986516,qwen15b-npu3,
1782563527.8277836,200,128.54291399889917,qwen15b-npu3,
1782563527.8347354,200,124.47084499945049,qwen15b-npu6,
1782563527.8350646,200,138.9114809990133,qwen15b-npu6,
1782563527.8423033,200,115.45054499947582,qwen15b-npu4,
1782563527.843961,200,128.96525599899178,qwen15b-npu4,
1782563527.8443458,200,133.75272800112725,qwen15b-npu7,
1782563527.8448482,200,118.72884900003555,qwen15b-npu7,
1782563527.85138,200,127.85976099985419,qwen15b-npu5,
1782563527.8520827,200,112.0400489999156,qwen15b-npu5,
1782563527.8533537,200,116.82321099942783,qwen15b-npu3,
1782563527.8537118,200,132.71863299996767,qwen15b-npu3,
1782563527.8617213,200,135.29007499892032,qwen15b-npu6,
1782563527.8664386,200,114.34126899985131,qwen15b-npu4,
1782563527.8695664,200,121.13949100057653,qwen15b-npu7,
1782563527.8749955,200,109.42743699888524,qwen15b-npu5,
1782563527.8780441,200,114.56162000104086,qwen15b-npu3,
1782563527.8899708,200,142.86949900088075,qwen15b-npu6,
1782563527.891483,200,112.19941999843286,qwen15b-npu4,
1782563527.900598,200,109.49951800103008,qwen15b-npu5,
1782563527.90292,200,127.30334799925913,qwen15b-npu7,
1782563527.910746,200,120.66810800024541,qwen15b-npu3,
1782563527.9173772,200,110.74920300052327,qwen15b-npu4,
1782563527.9245172,200,150.28620200064324,qwen15b-npu6,
1782563527.9295824,200,128.01862099877326,qwen15b-npu7,
1782563527.9364455,200,119.6351529997628,qwen15b-npu3,
1782563527.94231,200,116.4127690008172,qwen15b-npu4,
1782563527.9508789,200,123.39381099991442,qwen15b-npu5,
1782563527.951223,200,133.90549900032056,qwen15b-npu5,
1782563527.9522166,200,134.19521000105306,qwen15b-npu6,
1782563527.9529703,200,151.74659000149404,qwen15b-npu6,
1782563527.9567504,200,138.41935900018143,qwen15b-npu7,
1782563527.9570878,200,122.26473500049906,qwen15b-npu7,
1782563527.9632533,200,137.06407199970272,qwen15b-npu3,
1782563527.9635763,200,121.1975309997797,qwen15b-npu3,
1782563527.9682658,200,133.12750499972026,qwen15b-npu4,
1782563527.9686098,200,117.1328229993378,qwen15b-npu4,
1782563527.9763463,200,132.2714210000413,qwen15b-npu5,
1782563527.9767885,200,123.34662099965499,qwen15b-npu5,
1782563527.9800136,200,126.18454299990844,qwen15b-npu6,
1782563527.9803667,200,152.49504299936234,qwen15b-npu6,
1782563527.9810758,200,136.1094880012388,qwen15b-npu6,
1782563527.9834824,200,121.68714300059946,qwen15b-npu7,
1782563527.983783,200,139.3199630001618,qwen15b-npu7,
1782563527.9897058,200,120.04641500061553,qwen15b-npu3,
1782563527.9900043,200,137.8471259995422,qwen15b-npu3,
1782563527.9927866,200,126.24938299995847,qwen15b-npu4,
1782563528.0006418,200,125.55559999964316,qwen15b-npu5,
1782563528.0069463,200,128.80437500098196,qwen15b-npu6,
1782563528.009203,200,119.16587099949538,qwen15b-npu7,
1782563528.0155733,200,114.8798819995136,qwen15b-npu3,
1782563528.019285,200,127.72852999842144,qwen15b-npu4,
1782563528.026423,200,123.43690099987725,qwen15b-npu5,
1782563528.0342903,200,123.43342100029986,qwen15b-npu6,
1782563528.0372605,200,119.81552399993234,qwen15b-npu7,
1782563528.0440521,200,119.43528200026776,qwen15b-npu4,
1782563528.0520964,200,115.58558500109939,qwen15b-npu5,
1782563528.061686,200,119.320671999958,qwen15b-npu6,
1782563528.0680907,200,138.41576900085784,qwen15b-npu3,
1782563528.0700724,200,118.76217999997607,qwen15b-npu4,
1782563528.0704741,200,118.16638600066653,qwen15b-npu3,
1782563528.0779471,200,124.90117700144765,qwen15b-npu5,
1782563528.092263,200,141.28918200003682,qwen15b-npu7,
1782563528.092627,200,135.79832699906547,qwen15b-npu6,
1782563528.0930324,200,135.8434470002976,qwen15b-npu7,
1782563528.0934694,200,124.78777700016508,qwen15b-npu6,
1782563528.0948644,200,114.74218100011058,qwen15b-npu3,
1782563528.0953698,200,131.72514799953206,qwen15b-npu3,
1782563528.0971944,200,120.29223699937575,qwen15b-npu4,
1782563528.0977836,200,134.45509000121092,qwen15b-npu4,
1782563528.0980608,200,114.16457899940724,qwen15b-npu4,
1782563528.1049027,200,114.83130200031155,qwen15b-npu5,
1782563528.1053944,200,124.93969800016202,qwen15b-npu5,
1782563528.1056948,200,137.33786400007375,qwen15b-npu5,
1782563528.1179264,200,128.1465419997403,qwen15b-npu3,
1782563528.11988,200,143.41041199986648,qwen15b-npu7,
1782563528.1202934,200,139.1287820006255,qwen15b-npu6,
1782563528.1218688,200,121.12827000055404,qwen15b-npu7,
1782563528.1222138,200,115.17277299935813,qwen15b-npu4,
1782563528.1225944,200,139.02875100029632,qwen15b-npu7,
1782563528.1235867,200,130.71470400063845,qwen15b-npu6,
1782563528.128705,200,113.03566400056297,qwen15b-npu5,
1782563528.145422,200,111.02972500157193,qwen15b-npu4,
1782563528.1461527,200,136.8835819994274,qwen15b-npu3,
1782563528.1473424,200,120.83606899977894,qwen15b-npu7,
1782563528.1481607,200,128.79644500026188,qwen15b-npu6,
1782563528.170296,200,132.96898400039936,qwen15b-npu3,
1782563528.1749156,200,122.74455800070427,qwen15b-npu6,
1782563528.178613,200,134.4647910009371,qwen15b-npu5,
1782563528.1950142,200,126.8473959989933,qwen15b-npu4,
1782563528.1959229,200,125.71544099955645,qwen15b-npu3,
1782563528.2023864,200,140.64086899998074,qwen15b-npu7,
1782563528.2035165,200,132.9520639992552,qwen15b-npu5,
1782563528.205059,200,127.03927700022177,qwen15b-npu6,
1782563528.2214274,200,115.94654700093088,qwen15b-npu4,
1782563528.2216918,200,123.56318099955388,qwen15b-npu4,
1782563528.2226732,200,130.3070720005053,qwen15b-npu4,
1782563528.2233777,200,126.10477300040657,qwen15b-npu3,
1782563528.2237518,200,130.59849400087842,qwen15b-npu3,
1782563528.2296922,200,131.84228899990558,qwen15b-npu5,
1782563528.2301931,200,136.61392100038938,qwen15b-npu5,
1782563528.2318754,200,136.37942999957886,qwen15b-npu7,
1782563528.2321477,200,139.43164400006935,qwen15b-npu7,
1782563528.233358,200,128.37466299970401,qwen15b-npu7,
1782563528.2338645,200,138.8755409989244,qwen15b-npu6,
1782563528.2342606,200,128.5052130006079,qwen15b-npu6,
1782563528.2466056,200,124.62775699896156,qwen15b-npu4,
1782563528.2484999,200,125.80024099952425,qwen15b-npu3,
1782563528.2488205,200,130.82449499961513,qwen15b-npu3,
1782563528.2539072,200,133.92001899956085,qwen15b-npu5,
1782563528.254572,200,130.9124649997102,qwen15b-npu5,
1782563528.2570999,200,134.7708719986258,qwen15b-npu7,
1782563528.262,200,141.58168299945828,qwen15b-npu6,
1782563528.2622983,200,133.52529700023297,qwen15b-npu6,
1782563528.2715385,200,125.31161900005827,qwen15b-npu4,
1782563528.2747924,200,127.3520289996668,qwen15b-npu3,
1782563528.278551,200,130.30735200118215,qwen15b-npu5,
1782563528.283671,200,138.14619799995853,qwen15b-npu7,
1782563528.2959495,200,117.24788299943611,qwen15b-npu4,
1782563528.3107653,200,135.77697700020508,qwen15b-npu7,
1782563528.3145542,200,144.1713650001475,qwen15b-npu6,
1782563528.320815,200,115.68132600041281,qwen15b-npu4,
1782563528.3250215,200,129.9232099991059,qwen15b-npu3,
1782563528.3284445,200,132.42891099980625,qwen15b-npu5,
1782563528.3378642,200,134.25991000076465,qwen15b-npu7,
1782563528.3424199,200,139.95929600059753,qwen15b-npu6,
1782563528.3468606,200,113.43663499974355,qwen15b-npu4,
1782563528.347177,200,123.3561600001849,qwen15b-npu4,
1782563528.3522053,200,121.90446400018118,qwen15b-npu3,
1782563528.3532107,200,131.7118990009476,qwen15b-npu3,
1782563528.3535233,200,119.18026100101997,qwen15b-npu3,
1782563528.3547323,200,124.88205799854768,qwen15b-npu5,
1782563528.3561335,200,122.15323499913211,qwen15b-npu5,
1782563528.35657,200,134.76658199942904,qwen15b-npu5,
1782563528.3665109,200,143.0487899997388,qwen15b-npu7,
1782563528.3674507,200,135.21562499954598,qwen15b-npu7,
1782563528.3708317,200,148.08037299917487,qwen15b-npu6,
1782563528.371958,200,125.26480899941816,qwen15b-npu6,
1782563528.372357,200,140.40982799997437,qwen15b-npu6,
1782563528.3731937,200,124.2803350014583,qwen15b-npu4,
1782563528.374314,200,112.21208999995724,qwen15b-npu4,
1782563528.377552,200,123.55736100107606,qwen15b-npu3,
1782563528.3785267,200,123.8862030004384,qwen15b-npu5,
1782563528.3936973,200,131.32732699887129,qwen15b-npu7,
1782563528.3940294,200,145.45418099987728,qwen15b-npu7,
1782563528.3977182,200,140.52021800125658,qwen15b-npu6,
1782563528.398444,200,119.81752400060941,qwen15b-npu6,
1782563528.402023,200,130.38256300023932,qwen15b-npu3,
1782563528.4036958,200,128.80673499967088,qwen15b-npu5,
1782563528.4212015,200,125.15040899961605,qwen15b-npu4,
1782563528.421968,200,138.20656800089637,qwen15b-npu7,
1782563528.4280758,200,117.24003299968899,qwen15b-npu3,
1782563528.4288437,200,114.20185799943283,qwen15b-npu5,
1782563528.446034,200,117.49881399919104,qwen15b-npu4,
1782563528.4485388,200,123.46535100004985,qwen15b-npu7,
1782563528.4538007,200,111.30348599908757,qwen15b-npu5,
1782563528.4540572,200,116.12518799847749,qwen15b-npu3,
1782563528.4550607,200,134.1636399993149,qwen15b-npu6,
1782563528.4717057,200,115.019602000757,qwen15b-npu4,
1782563528.4724212,200,120.14932499914721,qwen15b-npu4,
1782563528.475906,200,128.95667600059824,qwen15b-npu7,
1782563528.4766297,200,120.37771699942823,qwen15b-npu7,
1782563528.4789736,200,125.66873099967779,qwen15b-npu3,
1782563528.480143,200,126.55239400010032,qwen15b-npu5,
1782563528.480487,200,112.94127300061518,qwen15b-npu5,
1782563528.481996,200,127.17301799966663,qwen15b-npu6,
1782563528.4823704,200,135.06104400039476,qwen15b-npu6,
1782563528.497481,200,125.40520900074625,qwen15b-npu4,
1782563528.502793,200,130.32586199915386,qwen15b-npu7,
1782563528.503527,200,124.92610800109105,qwen15b-npu7,
1782563528.5039322,200,129.5254990000103,qwen15b-npu5,
1782563528.5062444,200,132.96486400031426,qwen15b-npu3,
1782563528.5065467,200,112.44412999985798,qwen15b-npu3,
1782563528.5069842,200,140.4030869998678,qwen15b-npu3,
1782563528.5097733,200,132.15185000080965,qwen15b-npu6,
1782563528.5101788,200,139.25448300142307,qwen15b-npu6,
1782563528.5232375,200,129.45705799938878,qwen15b-npu4,
1782563528.5235608,200,119.76392399992619,qwen15b-npu4,
1782563528.5293684,200,127.25656800103025,qwen15b-npu7,
1782563528.5299072,200,132.08768100048474,qwen15b-npu5,
1782563528.5356011,200,137.08012200004305,qwen15b-npu6,
1782563528.5536466,200,131.5762670001277,qwen15b-npu5,
1782563528.5560791,200,134.80709199939156,qwen15b-npu3,
1782563528.5568857,200,127.95649099825823,qwen15b-npu7,
1782563528.5627348,200,134.58647200059204,qwen15b-npu6,
1782563528.5729065,200,126.80416600051103,qwen15b-npu4,
1782563528.578439,200,124.28227499913191,qwen15b-npu5,
1782563528.5816216,200,133.00546500067867,qwen15b-npu3,
1782563528.5827491,200,127.61277000026894,qwen15b-npu7,
1782563528.589651,200,135.78431700079818,qwen15b-npu6,
1782563528.597654,200,117.44861300030607,qwen15b-npu4,
1782563528.5981436,200,126.3443140014715,qwen15b-npu4,
1782563528.603661,200,127.68277999930433,qwen15b-npu5,
1782563528.604182,200,122.09160499878635,qwen15b-npu5,
1782563528.6076076,200,127.05350800024462,qwen15b-npu3,
1782563528.6077213,200,135.22839399956865,qwen15b-npu3,
1782563528.6099882,200,130.91679399985878,qwen15b-npu7,
1782563528.617878,200,135.43557499906456,qwen15b-npu6,
1782563528.6180322,200,141.305041999658,qwen15b-npu6,
1782563528.622953,200,120.04715500006569,qwen15b-npu4,
1782563528.6230533,200,115.95614699945145,qwen15b-npu4,
1782563528.628844,200,124.83741700089013,qwen15b-npu5,
1782563528.629057,200,118.7631800003146,qwen15b-npu5,
1782563528.6386092,200,132.28033099949243,qwen15b-npu7,
1782563528.638754,200,141.165650999028,qwen15b-npu7,
1782563528.646006,200,139.36515300156316,qwen15b-npu6,
1782563528.6461568,200,122.52139699921827,qwen15b-npu6,
1782563528.6500182,200,140.1381859996036,qwen15b-npu3,
1782563528.6504152,200,146.78448699851288,qwen15b-npu3,
1782563528.6624947,200,133.02053400002478,qwen15b-npu4,
1782563528.6687667,200,133.10413399995014,qwen15b-npu5,
1782563528.68424,200,160.90363100011018,qwen15b-npu7,
1782563528.6907582,200,160.72689999964496,qwen15b-npu3,
1782563528.702006,200,145.02096799878927,qwen15b-npu4,
1782563528.7228413,200,144.3351359994267,qwen15b-npu6,
1782563528.7232268,200,169.4905900003505,qwen15b-npu6,
1782563528.7255275,200,169.3346690008184,qwen15b-npu7,
1782563528.731451,200,158.45894999984012,qwen15b-npu5,
1782563528.7523718,200,189.56135099870153,qwen15b-npu3,
