ts,status,latency_ms,backend,error
1782497926.3640254,200,122.76059482246637,qwen15b-npu4,
1782497926.3688812,200,125.57275407016277,qwen15b-npu5,
1782497926.3725348,200,130.5227279663086,qwen15b-npu6,
1782497926.373099,200,136.94642996415496,qwen15b-npu7,
1782497926.3779373,200,140.49246534705162,qwen15b-npu3,
1782497926.3782833,200,139.54293821007013,qwen15b-npu3,
1782497926.3911178,200,148.53960881009698,qwen15b-npu4,
1782497926.391474,200,138.6831416748464,qwen15b-npu4,
1782497926.3924017,200,144.12667881697416,qwen15b-npu4,
1782497926.3927913,200,138.98761477321386,qwen15b-npu4,
1782497926.396529,200,151.4146476984024,qwen15b-npu5,
1782497926.3971372,200,139.40008683130145,qwen15b-npu5,
1782497926.3976963,200,146.85421716421843,qwen15b-npu5,
1782497926.3979547,200,139.3256369046867,qwen15b-npu5,
1782497926.3982086,200,149.40484380349517,qwen15b-npu5,
1782497926.3986766,200,153.06365909054875,qwen15b-npu5,
1782497926.402039,200,161.32469521835446,qwen15b-npu7,
1782497926.4024148,200,156.23846091330051,qwen15b-npu6,
1782497926.4027753,200,146.07409201562405,qwen15b-npu7,
1782497926.4035742,200,147.806562948972,qwen15b-npu6,
1782497926.4039,200,165.83014512434602,qwen15b-npu6,
1782497926.404293,200,160.11008573696017,qwen15b-npu7,
1782497926.407094,200,160.31676810234785,qwen15b-npu3,
1782497926.407355,200,152.55980612710118,qwen15b-npu3,
1782497926.4077299,200,157.9074109904468,qwen15b-npu3,
1782497926.410901,200,150.84807481616735,qwen15b-npu4,
1782497926.428394,200,167.62535693123937,qwen15b-npu7,
1782497926.4286325,200,165.29030120000243,qwen15b-npu7,
1782497926.429375,200,166.84109205380082,qwen15b-npu7,
1782497926.4339075,200,169.54418970271945,qwen15b-npu3,
1782497926.4346566,200,173.11697406694293,qwen15b-npu3,
1782497926.435025,200,169.7514713741839,qwen15b-npu3,
1782497926.483079,200,104.72388379275799,qwen15b-npu4,
1782497926.4887042,200,115.53966673091054,qwen15b-npu5,
1782497926.5057323,200,127.72643892094493,qwen15b-npu7,
1782497926.5080903,200,116.45269300788641,qwen15b-npu4,
1782497926.5084686,200,110.7042352668941,qwen15b-npu4,
1782497926.509556,200,117.05334670841694,qwen15b-npu4,
1782497926.5099535,200,141.00166782736778,qwen15b-npu6,
1782497926.5102155,200,137.60839495807886,qwen15b-npu6,
1782497926.510935,200,146.77803684026003,qwen15b-npu6,
1782497926.5136309,200,106.4617047086358,qwen15b-npu5,
1782497926.51435,200,116.07586033642292,qwen15b-npu5,
1782497926.5146174,200,117.40698898211122,qwen15b-npu5,
1782497926.518073,200,125.13024127110839,qwen15b-npu3,
1782497926.5306957,200,126.68510200455785,qwen15b-npu4,
1782497926.5314634,200,128.9474070072174,qwen15b-npu4,
1782497926.5344546,200,123.49279969930649,qwen15b-npu7,
1782497926.5346704,200,132.51367071643472,qwen15b-npu7,
1782497926.5349157,200,138.27993907034397,qwen15b-npu7,
1782497926.5351868,200,127.38915625959635,qwen15b-npu7,
1782497926.5368414,200,107.39006195217371,qwen15b-npu5,
1782497926.5373404,200,132.93002406135201,qwen15b-npu6,
1782497926.5375729,200,146.35984413325787,qwen15b-npu6,
1782497926.5378497,200,134.97684709727764,qwen15b-npu6,
1782497926.5385828,200,139.83338000252843,qwen15b-npu6,
1782497926.5457048,200,142.04959478229284,qwen15b-npu3,
1782497926.545937,200,138.4980920702219,qwen15b-npu3,
1782497926.546671,200,148.64516910165548,qwen15b-npu3,
1782497926.554395,200,125.700525008142,qwen15b-npu4,
1782497926.554641,200,119.91506582126021,qwen15b-npu4,
1782497926.559393,200,125.4148930311203,qwen15b-npu7,
1782497926.5643516,200,135.89107291772962,qwen15b-npu6,
1782497926.5648634,200,129.7700828872621,qwen15b-npu6,
1782497926.6154728,200,126.6917516477406,qwen15b-npu7,
1782497926.6165948,200,133.42770794406533,qwen15b-npu6,
1782497926.6335144,200,119.81191486120224,qwen15b-npu4,
1782497926.6348205,200,126.65027100592852,qwen15b-npu5,
1782497926.6355972,200,129.78109205141664,qwen15b-npu5,
1782497926.6364095,200,121.71888863667846,qwen15b-npu5,
1782497926.6432672,200,125.12612110003829,qwen15b-npu7,
1782497926.64359,200,133.55550821870565,qwen15b-npu7,
1782497926.6445422,200,134.91904735565186,qwen15b-npu6,
1782497926.6451628,200,130.7474090717733,qwen15b-npu6,
1782497926.6465614,200,107.90953505784273,qwen15b-npu4,
1782497926.6542244,200,143.22854299098253,qwen15b-npu3,
1782497926.6549807,200,146.4430750347674,qwen15b-npu3,
1782497926.6552413,200,144.9598241597414,qwen15b-npu3,
1782497926.6574633,200,120.55339990183711,qwen15b-npu5,
1782497926.6577091,200,126.17487786337733,qwen15b-npu5,
1782497926.6579387,200,111.88651295378804,qwen15b-npu5,
1782497926.6582205,200,127.45377607643604,qwen15b-npu5,
1782497926.6715293,200,117.0655069872737,qwen15b-npu4,
1782497926.6718497,200,137.3298428952694,qwen15b-npu7,
1782497926.6721323,200,107.6267440803349,qwen15b-npu4,
1782497926.6727374,200,137.7529059536755,qwen15b-npu7,
1782497926.6733665,200,138.6287622153759,qwen15b-npu6,
1782497926.673628,200,138.37938010692596,qwen15b-npu6,
1782497926.6744277,200,127.68620811402798,qwen15b-npu6,
1782497926.678129,200,118.598906788975,qwen15b-npu5,
1782497926.6836789,200,145.75397036969662,qwen15b-npu3,
1782497926.6858938,200,140.12411236763,qwen15b-npu3,
1782497926.6861928,200,148.78796972334385,qwen15b-npu3,
1782497926.686867,200,132.1490379050374,qwen15b-npu3,
1782497926.6875424,200,149.90113768726587,qwen15b-npu3,
1782497926.6981766,200,133.22595600038767,qwen15b-npu7,
1782497926.7463279,200,111.40727903693914,qwen15b-npu4,
1782497926.7475019,200,131.89177680760622,qwen15b-npu4,
1782497926.7478921,200,112.1518537402153,qwen15b-npu4,
1782497926.766785,200,150.1159188337624,qwen15b-npu6,
1782497926.7688065,200,122.17424204573035,qwen15b-npu4,
1782497926.7691476,200,111.37464921921492,qwen15b-npu4,
1782497926.7694864,200,124.25652518868446,qwen15b-npu4,
1782497926.7762675,200,117.90986312553287,qwen15b-npu5,
1782497926.7765527,200,119.01925969868898,qwen15b-npu5,
1782497926.7769125,200,121.60361697897315,qwen15b-npu5,
1782497926.7771587,200,122.10602080449462,qwen15b-npu5,
1782497926.7949228,200,161.2964840605855,qwen15b-npu7,
1782497926.7953165,200,151.65218897163868,qwen15b-npu7,
1782497926.795622,200,152.2780037485063,qwen15b-npu7,
1782497926.7967484,200,160.26933770626783,qwen15b-npu6,
1782497926.7979512,200,143.6587660573423,qwen15b-npu7,
1782497926.7984724,200,124.77887887507677,qwen15b-npu4,
1782497926.7994168,200,112.46101604774594,qwen15b-npu5,
1782497926.8002462,200,127.43912683799863,qwen15b-npu5,
1782497926.8065894,200,148.57842912897468,qwen15b-npu3,
1782497926.8069468,200,162.33456088230014,qwen15b-npu3,
1782497926.8221433,200,135.81676268950105,qwen15b-npu4,
1782497926.8224807,200,149.03480233624578,qwen15b-npu7,
1782497926.8227797,200,139.0267051756382,qwen15b-npu4,
1782497926.823417,200,151.21809719130397,qwen15b-npu7,
1782497926.823785,200,152.15208288282156,qwen15b-npu7,
1782497926.8264241,200,140.44596394523978,qwen15b-npu6,
1782497926.82671,200,154.7912796959281,qwen15b-npu6,
1782497926.8274288,200,149.23662319779396,qwen15b-npu6,
1782497926.8345895,200,146.9766483642161,qwen15b-npu3,
1782497926.835221,200,160.72481963783503,qwen15b-npu3,
1782497926.8539507,200,155.7010756805539,qwen15b-npu6,
1782497926.871865,200,124.2356849834323,qwen15b-npu5,
1782497926.8733099,200,126.61292217671871,qwen15b-npu7,
1782497926.8828654,200,134.86432703211904,qwen15b-npu6,
1782497926.8953705,200,118.38147602975368,qwen15b-npu4,
1782497926.895651,200,126.7669228836894,qwen15b-npu4,
1782497926.8963256,200,119.69030415639281,qwen15b-npu5,
1782497926.902084,200,135.1750986650586,qwen15b-npu7,
1782497926.9107575,200,141.19699923321605,qwen15b-npu6,
1782497926.9117506,200,142.5097081810236,qwen15b-npu6,
1782497926.915935,200,138.70376208797097,qwen15b-npu3,
1782497926.91639,200,140.03962092101574,qwen15b-npu3,
1782497926.919758,200,121.73300888389349,qwen15b-npu4,
1782497926.920932,200,124.0658238530159,qwen15b-npu5,
1782497926.9212835,200,114.24754792824388,qwen15b-npu5,
1782497926.9276028,200,128.10667185112834,qwen15b-npu7,
1782497926.9279265,200,132.23034888505936,qwen15b-npu7,
1782497926.9403372,200,144.93063371628523,qwen15b-npu6,
1782497926.9406874,200,140.36174397915602,qwen15b-npu6,
1782497926.9451213,200,122.55150405690074,qwen15b-npu5,
1782497926.9455738,200,119.06911991536617,qwen15b-npu5,
1782497926.9458747,200,119.08006016165018,qwen15b-npu4,
1782497926.947041,200,123.15403809770942,qwen15b-npu3,
1782497926.9477391,200,125.48740394413471,qwen15b-npu3,
1782497926.948003,200,149.4278348982334,qwen15b-npu3,
1782497926.9494123,200,154.36559822410345,qwen15b-npu3,
1782497926.9497478,200,143.06130120530725,qwen15b-npu3,
1782497926.9561653,200,133.32461705431342,qwen15b-npu7,
1782497926.9565637,200,133.07586405426264,qwen15b-npu7,
1782497926.9570975,200,122.44396284222603,qwen15b-npu7,
1782497926.969727,200,115.64245820045471,qwen15b-npu4,
1782497926.9702132,200,142.70351873710752,qwen15b-npu6,
1782497926.9710472,200,135.7514332048595,qwen15b-npu3,
1782497927.016799,200,114.60305983200669,qwen15b-npu5,
1782497927.0182874,200,122.57477408275008,qwen15b-npu4,
1782497927.0257928,200,152.39683538675308,qwen15b-npu6,
1782497927.0261497,200,154.16970569640398,qwen15b-npu6,
1782497927.0264573,200,130.9952512383461,qwen15b-npu6,
1782497927.0267708,200,143.80371710285544,qwen15b-npu3,
1782497927.0360563,200,125.2287020906806,qwen15b-npu7,
1782497927.0363538,200,139.94956063106656,qwen15b-npu7,
1782497927.0411813,200,120.16263790428638,qwen15b-npu5,
1782497927.0439794,200,127.93314969167113,qwen15b-npu4,
1782497927.044279,200,124.45760704576969,qwen15b-npu4,
1782497927.0521467,200,124.14340488612652,qwen15b-npu6,
1782497927.0524755,200,140.58293495327234,qwen15b-npu6,
1782497927.0539176,200,132.56456097587943,qwen15b-npu3,
1782497927.0542161,200,137.73475587368011,qwen15b-npu3,
1782497927.0621955,200,134.51104424893856,qwen15b-npu7,
1782497927.0682552,200,127.4925572797656,qwen15b-npu5,
1782497927.0688715,200,122.93293559923768,qwen15b-npu5,
1782497927.0692828,200,124.01593383401632,qwen15b-npu5,
1782497927.0698788,200,112.70056804642081,qwen15b-npu5,
1782497927.0702868,200,123.13165841624141,qwen15b-npu4,
1782497927.079026,200,130.9536313638091,qwen15b-npu6,
1782497927.0794265,200,133.7827485986054,qwen15b-npu6,
1782497927.0816932,200,132.1876789443195,qwen15b-npu3,
1782497927.0819836,200,141.56416105106473,qwen15b-npu3,
1782497927.082622,200,134.80882672592998,qwen15b-npu3,
1782497927.0898123,200,139.98699095100164,qwen15b-npu7,
1782497927.090756,200,134.4742840155959,qwen15b-npu7,
1782497927.0913892,200,134.70423594117165,qwen15b-npu7,
1782497927.091653,200,121.35084485635161,qwen15b-npu5,
1782497927.092999,200,123.132417909801,qwen15b-npu4,
1782497927.093333,200,122.20149207860231,qwen15b-npu4,
1782497927.1356046,200,118.72782791033387,qwen15b-npu3,
1782497927.1378577,200,111.62036983296275,qwen15b-npu5,
1782497927.1395695,200,112.72996803745627,qwen15b-npu4,
1782497927.1630414,200,144.6766722947359,qwen15b-npu3,
1782497927.1645355,200,110.25079106912017,qwen15b-npu4,
1782497927.1648252,200,112.5927371904254,qwen15b-npu4,
1782497927.1757178,200,134.47543419897556,qwen15b-npu6,
1782497927.1760008,200,139.8643311113119,qwen15b-npu6,
1782497927.1763272,200,139.8967206478119,qwen15b-npu6,
1782497927.177366,200,133.29439610242844,qwen15b-npu7,
1782497927.1786346,200,152.7283969335258,qwen15b-npu7,
1782497927.1793685,200,152.81516686081886,qwen15b-npu7,
1782497927.1802328,200,127.65361834317446,qwen15b-npu7,
1782497927.187408,200,125.14432100579143,qwen15b-npu5,
1782497927.187681,200,105.90589186176658,qwen15b-npu5,
1782497927.188004,200,117.62636108323932,qwen15b-npu5,
1782497927.1899412,200,120.9488632157445,qwen15b-npu4,
1782497927.190254,200,120.89677201583982,qwen15b-npu4,
1782497927.190635,200,120.66043121740222,qwen15b-npu4,
1782497927.1978762,200,129.55128122121096,qwen15b-npu3,
1782497927.1983635,200,144.37718084082007,qwen15b-npu3,
1782497927.2036111,200,159.26595078781247,qwen15b-npu6,
1782497927.210413,200,120.40841998532414,qwen15b-npu5,
1782497927.2115712,200,118.17416502162814,qwen15b-npu5,
1782497927.2133765,200,121.91512994468212,qwen15b-npu4,
1782497927.2250338,200,134.19129233807325,qwen15b-npu3,
1782497927.2254221,200,145.90485114604235,qwen15b-npu3,
1782497927.2311866,200,149.11616314202547,qwen15b-npu7,
1782497927.2314825,200,139.7566800005734,qwen15b-npu7,
1782497927.2334282,200,150.7267439737916,qwen15b-npu6,
1782497927.233783,200,154.67455005273223,qwen15b-npu6,
1782497927.2342606,200,141.19137870147824,qwen15b-npu6,
1782497927.2584236,200,118.78575896844268,qwen15b-npu7,
1782497927.2681344,200,132.40416022017598,qwen15b-npu4,
1782497927.2791169,200,141.18699869140983,qwen15b-npu3,
1782497927.282909,200,118.29934502020478,qwen15b-npu5,
1782497927.283889,200,119.00047026574612,qwen15b-npu5,
1782497927.2944229,200,116.98335688561201,qwen15b-npu4,
1782497927.3068867,200,119.39621297642589,qwen15b-npu5,
1782497927.307387,200,108.94987313076854,qwen15b-npu5,
1782497927.3083205,200,131.8920273333788,qwen15b-npu3,
1782497927.3088663,200,145.70174040272832,qwen15b-npu3,
1782497927.3131363,200,125.39387308061123,qwen15b-npu7,
1782497927.313397,200,137.59454479441047,qwen15b-npu7,
1782497927.3141415,200,134.6739949658513,qwen15b-npu7,
1782497927.3229284,200,142.6178477704525,qwen15b-npu6,
1782497927.3232064,200,135.12461772188544,qwen15b-npu4,
1782497927.3235075,200,144.74114309996367,qwen15b-npu6,
1782497927.323736,200,147.67948305234313,qwen15b-npu6,
1782497927.3240016,200,133.9665912091732,qwen15b-npu4,
1782497927.3244605,200,134.12208203226328,qwen15b-npu4,
1782497927.3318567,200,106.70375684276223,qwen15b-npu5,
1782497927.33248,200,120.79158192500472,qwen15b-npu5,
1782497927.3343563,200,143.63504480570555,qwen15b-npu3,
1782497927.3385231,200,134.83672589063644,qwen15b-npu7,
1782497927.3456182,200,147.59935205802321,qwen15b-npu6,
1782497927.3464162,200,135.86959335952997,qwen15b-npu6,
1782497927.3466794,200,133.19838512688875,qwen15b-npu4,
1782497927.3552501,200,121.33756605908275,qwen15b-npu5,
1782497927.36374,200,132.1833087131381,qwen15b-npu3,
1782497927.3640425,200,130.51376771181822,qwen15b-npu3,
1782497927.3643513,200,138.85550387203693,qwen15b-npu3,
1782497927.3675985,200,136.3387666642666,qwen15b-npu7,
1782497927.3715549,200,137.19714200124145,qwen15b-npu6,
1782497927.394526,200,136.02289510890841,qwen15b-npu7,
1782497927.3969617,200,128.76358581706882,qwen15b-npu4,
1782497927.3987904,200,119.6098537184298,qwen15b-npu6,
1782497927.4178448,200,133.8678803294897,qwen15b-npu3,
1782497927.421706,200,138.73298279941082,qwen15b-npu7,
1782497927.423521,200,116.0699911415577,qwen15b-npu4,
1782497927.423867,200,115.43199606239796,qwen15b-npu4,
1782497927.4262557,200,131.6988249309361,qwen15b-npu6,
1782497927.4300373,200,116.55408423393965,qwen15b-npu5,
1782497927.4303293,200,121.39722611755133,qwen15b-npu5,
1782497927.4306533,200,123.68955230340362,qwen15b-npu5,
1782497927.4462092,200,122.40961287170649,qwen15b-npu3,
1782497927.4465098,200,133.30227602273226,qwen15b-npu3,
1782497927.4502773,200,127.27527599781752,qwen15b-npu4,
1782497927.450717,200,127.4179769679904,qwen15b-npu7,
1782497927.4510376,200,116.58673407509923,qwen15b-npu4,
1782497927.4522166,200,128.64592485129833,qwen15b-npu7,
1782497927.4525135,200,128.3658631145954,qwen15b-npu4,
1782497927.4580438,200,143.83765682578087,qwen15b-npu6,
1782497927.4583943,200,125.84756594151258,qwen15b-npu6,
1782497927.4588876,200,134.34002315625548,qwen15b-npu6,
1782497927.4731863,200,117.81785264611244,qwen15b-npu4,
1782497927.4763556,200,144.41995089873672,qwen15b-npu7,
1782497927.4774528,200,130.9566400013864,qwen15b-npu7,
1782497927.4778512,200,132.14419782161713,qwen15b-npu5,
1782497927.4789565,200,111.28234816715121,qwen15b-npu5,
1782497927.479549,200,132.79398204758763,qwen15b-npu5,
1782497927.483052,200,144.4626608863473,qwen15b-npu6,
1782497927.4973717,200,132.93645391240716,qwen15b-npu4,
1782497927.4996448,200,128.0235298909247,qwen15b-npu5,
1782497927.5033152,200,139.48698807507753,qwen15b-npu7,
1782497927.50895,200,144.8268541134894,qwen15b-npu6,
1782497927.5284412,200,133.83545028045774,qwen15b-npu3,
1782497927.531157,200,134.1221509501338,qwen15b-npu7,
1782497927.5320146,200,133.1591447815299,qwen15b-npu7,
1782497927.547359,200,116.94743623957038,qwen15b-npu4,
1782497927.5486832,200,122.3293119110167,qwen15b-npu5,
1782497927.557385,200,133.78729997202754,qwen15b-npu3,
1782497927.5581048,200,134.13048209622502,qwen15b-npu3,
1782497927.5591488,200,128.42890387400985,qwen15b-npu7,
1782497927.559546,200,129.42524999380112,qwen15b-npu7,
1782497927.564181,200,142.41092698648572,qwen15b-npu6,
1782497927.5646105,200,146.68691577389836,qwen15b-npu6,
1782497927.575398,200,124.2498061619699,qwen15b-npu4,
1782497927.5757575,200,123.45483992248774,qwen15b-npu4,
1782497927.5761878,200,118.04621387273073,qwen15b-npu4,
1782497927.5765553,200,123.97002382203937,qwen15b-npu4,
1782497927.5882168,200,129.7043222002685,qwen15b-npu3,
1782497927.5885718,200,138.16439919173717,qwen15b-npu3,
1782497927.5889525,200,142.66501925885677,qwen15b-npu3,
1782497927.5892699,200,130.3007062524557,qwen15b-npu3,
1782497927.5928025,200,141.99364464730024,qwen15b-npu6,
1782497927.5931365,200,119.88405603915453,qwen15b-npu6,
1782497927.5935118,200,146.92841796204448,qwen15b-npu6,
1782497927.59769,200,118.02967404946685,qwen15b-npu5,
1782497927.5981104,200,120.14053761959076,qwen15b-npu5,
1782497927.6115665,200,128.3997232094407,qwen15b-npu7,
1782497927.6144104,200,137.9908681847155,qwen15b-npu3,
1782497927.6147375,200,135.69533172994852,qwen15b-npu3,
1782497927.6178925,200,140.35682380199432,qwen15b-npu6,
1782497927.6260345,200,126.32437888532877,qwen15b-npu5,
1782497927.6263077,200,117.29208892211318,qwen15b-npu5,
1782497927.6394334,200,136.05147413909435,qwen15b-npu7,
1782497927.6419632,200,144.5032311603427,qwen15b-npu3,
1782497927.6490786,200,120.56419998407364,qwen15b-npu4,
1782497927.6695993,200,120.85705203935504,qwen15b-npu5,
1782497927.6698759,200,110.26266124099493,qwen15b-npu5,
1782497927.670502,200,138.39576998725533,qwen15b-npu3,
1782497927.674832,200,110.52804300561547,qwen15b-npu4,
1782497927.6776488,200,130.2275052294135,qwen15b-npu7,
1782497927.684335,200,153.11067923903465,qwen15b-npu6,
1782497927.6933303,200,116.68112501502037,qwen15b-npu5,
1782497927.698254,200,122.38813284784555,qwen15b-npu3,
1782497927.6985476,200,141.10471913591027,qwen15b-npu3,
1782497927.7003043,200,111.97926290333271,qwen15b-npu4,
1782497927.7074707,200,131.96762697771192,qwen15b-npu7,
1782497927.7078376,200,149.64271569624543,qwen15b-npu7,
1782497927.7124467,200,153.23159005492926,qwen15b-npu6,
1782497927.7127028,200,136.44508691504598,qwen15b-npu6,
1782497927.713207,200,148.49067805334926,qwen15b-npu6,
1782497927.7196622,200,130.3089363500476,qwen15b-npu5,
1782497927.7199368,200,121.71659898012877,qwen15b-npu5,
1782497927.7258174,200,132.9203941859305,qwen15b-npu3,
1782497927.7283368,200,139.65707877650857,qwen15b-npu4,
1782497927.7286072,200,135.03042794764042,qwen15b-npu4,
1782497927.728858,200,131.05491222813725,qwen15b-npu4,
1782497927.7291183,200,114.31542783975601,qwen15b-npu4,
1782497927.7353399,200,146.300682798028,qwen15b-npu7,
1782497927.7362087,200,142.96632073819637,qwen15b-npu7,
1782497927.7434306,200,128.92627716064453,qwen15b-npu5,
1782497927.75439,200,128.01516009494662,qwen15b-npu3,
1782497927.7546377,200,136.67869893833995,qwen15b-npu3,
1782497927.7643323,200,152.65765599906445,qwen15b-npu7,
1782497927.7646906,200,138.5932513512671,qwen15b-npu7,
1782497927.7677941,200,128.28312208876014,qwen15b-npu5,
1782497927.7984853,200,123.53788129985332,qwen15b-npu6,
1782497927.798742,200,156.7150028422475,qwen15b-npu6,
1782497927.7993805,200,150.24008974432945,qwen15b-npu6,
1782497927.7996516,200,129.9735140055418,qwen15b-npu6,
1782497927.8033228,200,132.7584618702531,qwen15b-npu4,
1782497927.810335,200,140.3880538418889,qwen15b-npu3,
1782497927.8106086,200,132.88636272773147,qwen15b-npu3,
1782497927.81757,200,118.95242985337973,qwen15b-npu5,
1782497927.817785,200,110.22185068577528,qwen15b-npu5,
1782497927.8185647,200,134.13821207359433,qwen15b-npu7,
1782497927.818857,200,125.46643381938338,qwen15b-npu7,
1782497927.8287904,200,116.27256125211716,qwen15b-npu4,
1782497927.8290472,200,128.61717492341995,qwen15b-npu4,
1782497927.8370745,200,123.80667217075825,qwen15b-npu3,
1782497927.8373046,200,138.9746149070561,qwen15b-npu3,
1782497927.8423328,200,113.66131389513612,qwen15b-npu5,
1782497927.8425965,200,122.8683260269463,qwen15b-npu5,
1782497927.844006,200,124.00186387822032,qwen15b-npu7,
1782497927.8527327,200,123.48436005413532,qwen15b-npu6,
1782497927.8529646,200,145.0172048062086,qwen15b-npu6,
1782497927.8533514,200,140.58273565024137,qwen15b-npu6,
1782497927.8542953,200,117.96953296288848,qwen15b-npu4,
1782497927.8546464,200,128.7672850303352,qwen15b-npu4,
1782497927.8633754,200,134.96282696723938,qwen15b-npu3,
1782497927.866043,200,111.58386012539268,qwen15b-npu5,
1782497927.8715706,200,142.6474992185831,qwen15b-npu7,
1782497927.8721178,200,128.59595473855734,qwen15b-npu7,
1782497927.877814,200,142.38502690568566,qwen15b-npu6,
1782497927.8788939,200,114.12796704098582,qwen15b-npu4,
1782497927.890604,200,135.89958380907774,qwen15b-npu3,
1782497927.8908737,200,123.01032664254308,qwen15b-npu5,
1782497927.897808,200,133.35053576156497,qwen15b-npu7,
1782497927.9142368,200,110.8519951812923,qwen15b-npu5,
1782497927.91697,200,117.24982829764485,qwen15b-npu3,
1782497927.9311132,200,132.5542009435594,qwen15b-npu6,
1782497927.9319234,200,133.10622470453382,qwen15b-npu4,
1782497927.9324753,200,113.85061638429761,qwen15b-npu4,
1782497927.9387124,200,109.85461808741093,qwen15b-npu5,
1782497927.9448154,200,145.36164700984955,qwen15b-npu3,
1782497927.9451478,200,126.22694903984666,qwen15b-npu3,
1782497927.951789,200,141.38469006866217,qwen15b-npu7,
1782497927.9521036,200,141.43169997259974,qwen15b-npu7,
1782497927.9555976,200,126.48473028093576,qwen15b-npu4,
1782497927.9596937,200,141.84313360601664,qwen15b-npu6,
1782497927.9603295,200,142.69158011302352,qwen15b-npu6,
1782497927.9634523,200,126.31530873477459,qwen15b-npu5,
1782497927.9641652,200,109.4517158344388,qwen15b-npu5,
1782497927.9707837,200,128.12343100085855,qwen15b-npu3,
1782497927.978196,200,125.40114298462868,qwen15b-npu7,
1782497927.9790053,200,141.62946213036776,qwen15b-npu7,
1782497927.9794214,200,135.35516988486052,qwen15b-npu7,
1782497927.9825134,200,128.1539318151772,qwen15b-npu4,
1782497927.9828126,200,129.78221336379647,qwen15b-npu4,
1782497927.986702,200,115.06908433511853,qwen15b-npu5,
1782497927.9886277,200,122.52445379272103,qwen15b-npu6,
1782497927.9889529,200,135.53584087640047,qwen15b-npu6,
1782497927.989226,200,146.82855736464262,qwen15b-npu6,
1782497927.9978013,200,125.61868503689766,qwen15b-npu3,
1782497927.9980912,200,134.65256616473198,qwen15b-npu3,
1782497928.0042694,200,125.31340215355158,qwen15b-npu7,
1782497928.0066094,200,128.73529642820358,qwen15b-npu4,
1782497928.0139844,200,123.31310007721186,qwen15b-npu6,
1782497928.0239224,200,132.9846139997244,qwen15b-npu3,
1782497928.0302057,200,115.90890027582645,qwen15b-npu7,
1782497928.0319288,200,134.0596009977162,qwen15b-npu4,
1782497928.0511243,200,134.0913511812687,qwen15b-npu3,
1782497928.0566218,200,117.79641220346093,qwen15b-npu7,
1782497928.0576243,200,125.47478405758739,qwen15b-npu4,
1782497928.0604067,200,108.21024840697646,qwen15b-npu5,
1782497928.0685282,200,137.34877295792103,qwen15b-npu6,
1782497928.0692961,200,136.74513902515173,qwen15b-npu6,
1782497928.078593,200,118.82704915478826,qwen15b-npu3,
1782497928.0791626,200,133.94507113844156,qwen15b-npu3,
1782497928.0826728,200,119.14648115634918,qwen15b-npu4,
1782497928.0829291,200,127.225945238024,qwen15b-npu4,
1782497928.083864,200,138.95892398431897,qwen15b-npu7,
1782497928.0862396,200,115.38813496008515,qwen15b-npu5,
1782497928.0864868,200,126.07409805059433,qwen15b-npu5,
1782497928.086773,200,122.53170413896441,qwen15b-npu5,
1782497928.0954845,200,143.61755503341556,qwen15b-npu6,
1782497928.1095634,200,111.40076909214258,qwen15b-npu5,
1782497928.1099157,200,123.12989681959152,qwen15b-npu5,
1782497928.111811,200,128.9246268570423,qwen15b-npu4,
1782497928.112058,200,122.76530498638749,qwen15b-npu7,
1782497928.1124074,200,123.69506107643247,qwen15b-npu7,
1782497928.112714,200,134.45048406720161,qwen15b-npu7,
1782497928.1136024,200,134.1087007895112,qwen15b-npu4,
1782497928.1140583,200,125.02207001671195,qwen15b-npu4,
1782497928.1236155,200,141.0297192633152,qwen15b-npu6,
1782497928.124308,200,145.21799609065056,qwen15b-npu6,
1782497928.1301832,200,132.31186009943485,qwen15b-npu3,
1782497928.134094,200,110.10751966387033,qwen15b-npu5,
1782497928.134396,200,127.72742891684175,qwen15b-npu5,
1782497928.1360967,200,131.76332600414753,qwen15b-npu7,
1782497928.1522388,200,121.96110980585217,qwen15b-npu6,
1782497928.1526587,200,138.60592199489474,qwen15b-npu6,
1782497928.157672,200,106.47830599918962,qwen15b-npu5,
1782497928.1605954,200,128.60046420246363,qwen15b-npu4,
1782497928.1786485,200,120.89706305414438,qwen15b-npu6,
1782497928.1852353,200,128.54806426912546,qwen15b-npu4,
1782497928.1868832,200,126.3797297142446,qwen15b-npu3,
1782497928.1877766,200,118.38390585035086,qwen15b-npu7,
1782497928.188717,200,120.09453680366278,qwen15b-npu3,
1782497928.2053177,200,126.08052790164948,qwen15b-npu6,
1782497928.209954,200,126.95484282448888,qwen15b-npu4,
1782497928.214393,200,135.71805320680141,qwen15b-npu7,
1782497928.214735,200,127.8918799944222,qwen15b-npu7,
1782497928.2173467,200,130.7916697114706,qwen15b-npu3,
1782497928.21761,200,122.06217087805271,qwen15b-npu3,
1782497928.2178338,200,133.90455022454262,qwen15b-npu3,
1782497928.218083,200,135.33635018393397,qwen15b-npu3,
1782497928.2189171,200,132.6062511652708,qwen15b-npu3,
1782497928.2304547,200,117.95563297346234,qwen15b-npu5,
1782497928.2308702,200,107.17622097581625,qwen15b-npu5,
1782497928.2335143,200,123.53430967777967,qwen15b-npu6,
1782497928.2338924,200,121.10723415389657,qwen15b-npu6,
1782497928.2357113,200,122.03820003196597,qwen15b-npu4,
1782497928.2360122,200,111.61860032007098,qwen15b-npu4,
1782497928.2419765,200,132.3128486983478,qwen15b-npu7,
1782497928.2425034,200,128.34849301725626,qwen15b-npu7,
1782497928.2428205,200,130.94805972650647,qwen15b-npu3,
1782497928.2431345,200,130.97572000697255,qwen15b-npu7,
1782497928.2593408,200,124.87738905474544,qwen15b-npu5,
1782497928.2628262,200,132.57490191608667,qwen15b-npu6,
1782497928.2637086,200,127.52239732071757,qwen15b-npu6,
1782497928.2705283,200,136.34974602609873,qwen15b-npu4,
1782497928.2916696,200,130.95197034999728,qwen15b-npu6,
1782497928.2921245,200,139.38402803614736,qwen15b-npu6,
1782497928.295371,200,142.98673113808036,qwen15b-npu4,
1782497928.3119423,200,126.61928171291947,qwen15b-npu5,
1782497928.3123848,200,154.59733037278056,qwen15b-npu3,
1782497928.3134124,200,134.6360258758068,qwen15b-npu5,
1782497928.3137825,200,125.88679604232311,qwen15b-npu5,
1782497928.3196917,200,130.8766300790012,qwen15b-npu4,
1782497928.3363092,200,118.41410677880049,qwen15b-npu5,
1782497928.3366404,200,126.59568106755614,qwen15b-npu5,
1782497928.3398612,200,152.88378717377782,qwen15b-npu3,
1782497928.3442285,200,126.80620281025767,qwen15b-npu6,
1782497928.3449185,200,130.43473614379764,qwen15b-npu6,
1782497928.3458893,200,126.87520263716578,qwen15b-npu4,
1782497928.3462512,200,131.44925283268094,qwen15b-npu4,
1782497928.3501465,200,144.70159308984876,qwen15b-npu7,
1782497928.350458,200,119.48234401643276,qwen15b-npu7,
1782497928.3508077,200,133.11834540218115,qwen15b-npu7,
1782497928.3615828,200,118.98987088352442,qwen15b-npu5,
1782497928.3658657,200,147.6665330119431,qwen15b-npu3,
1782497928.3667426,200,136.15070516243577,qwen15b-npu3,
1782497928.36912,200,127.07045394927263,qwen15b-npu4,
1782497928.3694954,200,135.50683110952377,qwen15b-npu4,
1782497928.3746512,200,131.7520053125918,qwen15b-npu6,
1782497928.375684,200,142.07263523712754,qwen15b-npu7,
1782497928.375915,200,139.83419025316834,qwen15b-npu7,
1782497928.3763611,200,133.1398352049291,qwen15b-npu7,
1782497928.3861902,200,126.75955193117261,qwen15b-npu5,
1782497928.3865564,200,122.62941431254148,qwen15b-npu5,
1782497928.3931034,200,157.2989970445633,qwen15b-npu3,
1782497928.3934188,200,122.68648482859135,qwen15b-npu3,
1782497928.398898,200,135.94991387799382,qwen15b-npu6,
1782497928.4093795,200,113.92206605523825,qwen15b-npu5,
1782497928.4186926,200,126.45461037755013,qwen15b-npu3,
1782497928.4259644,200,134.15249157696962,qwen15b-npu6,
1782497928.4332952,200,119.77642588317394,qwen15b-npu5,
1782497928.4406586,200,128.61389480531216,qwen15b-npu4,
1782497928.4471664,200,134.71192587167025,qwen15b-npu3,
1782497928.453364,200,133.58411891385913,qwen15b-npu7,
1782497928.4535918,200,117.19656828790903,qwen15b-npu7,
1782497928.4539042,200,140.02000074833632,qwen15b-npu7,
1782497928.4585257,200,113.51806297898293,qwen15b-npu5,
1782497928.46647,200,116.22584192082286,qwen15b-npu4,
1782497928.4667168,200,116.17567110806704,qwen15b-npu4,
1782497928.4677873,200,127.81656999140978,qwen15b-npu4,
1782497928.4732404,200,136.51405787095428,qwen15b-npu3,
1782497928.4735813,200,127.25209491327405,qwen15b-npu3,
1782497928.4790046,200,134.68707585707307,qwen15b-npu7,
1782497928.4800484,200,114.10138662904501,qwen15b-npu7,
1782497928.4804163,200,134.45383356884122,qwen15b-npu6,
1782497928.4812036,200,130.32901613041759,qwen15b-npu6,
1782497928.490155,200,114.17490802705288,qwen15b-npu4,
1782497928.4904196,200,121.20330473408103,qwen15b-npu4,
1782497928.4993575,200,137.67975568771362,qwen15b-npu3,
1782497928.4999118,200,133.0780852586031,qwen15b-npu3,
1782497928.5048978,200,118.60852688550949,qwen15b-npu7,
1782497928.508861,200,132.43539072573185,qwen15b-npu5,
1782497928.5098794,200,116.69410485774279,qwen15b-npu5,
1782497928.510819,200,141.22695988044143,qwen15b-npu6,
1782497928.5110886,200,136.35666714981198,qwen15b-npu6,
1782497928.511529,200,135.77108271420002,qwen15b-npu5,
1782497928.511997,200,125.34741312265396,qwen15b-npu6,
1782497928.5143247,200,115.36392476409674,qwen15b-npu4,
1782497928.5338886,200,140.38839377462864,qwen15b-npu7,
1782497928.535142,200,125.70144515484571,qwen15b-npu6,
1782497928.5537193,200,120.36197865381837,qwen15b-npu3,
1782497928.553972,200,135.21703891456127,qwen15b-npu3,
1782497928.5550933,200,107.86234587430954,qwen15b-npu5,
1782497928.5608768,200,120.15184666961432,qwen15b-npu4,
1782497928.5616179,200,135.58944081887603,qwen15b-npu6,
1782497928.579796,200,121.18974514305592,qwen15b-npu3,
1782497928.5807114,200,107.06843994557858,qwen15b-npu5,
1782497928.5816681,200,115.12677418068051,qwen15b-npu5,
1782497928.5820093,200,128.58422379940748,qwen15b-npu5,
1782497928.5851688,200,131.19504181668162,qwen15b-npu7,
1782497928.586137,200,118.21294529363513,qwen15b-npu4,
1782497928.5864286,200,119.64704375714064,qwen15b-npu4,
1782497928.5898683,200,136.21259527280927,qwen15b-npu6,
1782497928.6037884,200,104.36555184423923,qwen15b-npu5,
1782497928.606751,200,125.46675372868776,qwen15b-npu3,
1782497928.6092594,200,118.77379892393947,qwen15b-npu4,
1782497928.6142063,200,123.98214358836412,qwen15b-npu7,
1782497928.614916,200,134.42347384989262,qwen15b-npu7,
1782497928.615319,200,135.16434794291854,qwen15b-npu7,
1782497928.6189184,200,145.58636909350753,qwen15b-npu6,
1782497928.6192863,200,140.2181931771338,qwen15b-npu6,
1782497928.6348016,200,122.71689530462027,qwen15b-npu4,
1782497928.635213,200,126.2836386449635,qwen15b-npu5,
1782497928.6391938,200,124.80274913832545,qwen15b-npu3,
1782497928.6396515,200,139.6796191111207,qwen15b-npu3,
1782497928.6400094,200,130.06286416202784,qwen15b-npu3,
1782497928.640982,200,130.10241463780403,qwen15b-npu7,
1782497928.641962,200,130.7374592870474,qwen15b-npu7,
1782497928.6460278,200,141.070319339633,qwen15b-npu6,
1782497928.6466148,200,135.0151477381587,qwen15b-npu6,
1782497928.6615674,200,126.36564904823899,qwen15b-npu3,
1782497928.6643205,200,130.37289725616574,qwen15b-npu7,
1782497928.6785426,200,124.76122891530395,qwen15b-npu5,
1782497928.678852,200,124.81783982366323,qwen15b-npu5,
1782497928.68439,200,123.45366971567273,qwen15b-npu4,
1782497928.6847143,200,123.03393706679344,qwen15b-npu4,
1782497928.698511,200,143.34559394046664,qwen15b-npu6,
1782497928.7091172,200,122.60330375283957,qwen15b-npu4,
1782497928.7093828,200,123.16764798015356,qwen15b-npu4,
1782497928.716092,200,126.16045819595456,qwen15b-npu3,
1782497928.7164292,200,134.35273291543126,qwen15b-npu3,
1782497928.7170217,200,137.1645820327103,qwen15b-npu7,
1782497928.7173557,200,136.58121787011623,qwen15b-npu3,
1782497928.7266097,200,111.57582001760602,qwen15b-npu5,
1782497928.7268746,200,123.01874719560146,qwen15b-npu5,
1782497928.7284458,200,121.63224816322327,qwen15b-npu6,
1782497928.7286892,200,146.9029076397419,qwen15b-npu6,
1782497928.7289956,200,143.7538773752749,qwen15b-npu6,
1782497928.7335882,200,119.28597185760736,qwen15b-npu4,
1782497928.7419724,200,132.65311159193516,qwen15b-npu7,
1782497928.7565157,200,141.08938863500953,qwen15b-npu6,
1782497928.76126,200,121.54034804552794,qwen15b-npu5,
1782497928.7616043,200,142.61437905952334,qwen15b-npu5,
1782497928.76834,200,128.9951866492629,qwen15b-npu4,
1782497928.7686229,200,126.54148088768125,qwen15b-npu4,
1782497928.7695594,200,134.26179205998778,qwen15b-npu7,
1782497928.7709007,200,136.01272366940975,qwen15b-npu7,
1782497928.7712307,200,131.0841920785606,qwen15b-npu3,
1782497928.7716954,200,152.34380401670933,qwen15b-npu3,
1782497928.772217,200,126.1055781506002,qwen15b-npu3,
1782497928.7830522,200,142.00530527159572,qwen15b-npu6,
1782497928.7833815,200,136.7032090201974,qwen15b-npu6,
1782497928.7858734,200,124.21690486371517,qwen15b-npu5,
1782497928.7861416,200,121.75401905551553,qwen15b-npu5,
1782497928.7941935,200,115.24943495169282,qwen15b-npu7,
1782497928.7953925,200,116.77126493304968,qwen15b-npu3,
1782497928.816245,200,131.4688236452639,qwen15b-npu4,
1782497928.8215477,200,137.05476094037294,qwen15b-npu7,
1782497928.8218176,200,123.24003921821713,qwen15b-npu7,
1782497928.8335967,200,124.41341578960419,qwen15b-npu5,
1782497928.8402793,200,124.09437401220202,qwen15b-npu4,
1782497928.8470368,200,130.52207697182894,qwen15b-npu7,
1782497928.8499978,200,121.48921703919768,qwen15b-npu3,
1782497928.8502595,200,140.8152673393488,qwen15b-npu3,
1782497928.8584735,200,116.43962329253554,qwen15b-npu5,
1782497928.858735,200,131.7740259692073,qwen15b-npu5,
1782497928.8661618,200,137.3832537792623,qwen15b-npu4,
1782497928.866387,200,137.30554282665253,qwen15b-npu4,
1782497928.8666987,200,110.11943081393838,qwen15b-npu4,
1782497928.8682528,200,150.79897409304976,qwen15b-npu6,
1782497928.8685493,200,134.89972706884146,qwen15b-npu6,
1782497928.869185,200,152.09700213745236,qwen15b-npu6,
1782497928.8696456,200,142.96209067106247,qwen15b-npu6,
1782497928.8849268,200,113.61133400350809,qwen15b-npu5,
1782497928.8854423,200,113.1325913593173,qwen15b-npu5,
1782497928.8857055,200,113.92853641882539,qwen15b-npu5,
1782497928.8893092,200,105.85404234007001,qwen15b-npu4,
1782497928.8895726,200,119.91865606978536,qwen15b-npu4,
1782497928.9002385,200,138.54881096631289,qwen15b-npu7,
1782497928.900477,200,132.06252828240395,qwen15b-npu7,
1782497928.9010766,200,117.93983308598399,qwen15b-npu7,
1782497928.906334,200,144.98474495485425,qwen15b-npu3,
1782497928.906869,200,138.16835917532444,qwen15b-npu3,
1782497928.9073195,200,111.86658218502998,qwen15b-npu5,
1782497928.9076025,200,136.61036873236299,qwen15b-npu3,
1782497928.912671,200,126.73256220296025,qwen15b-npu4,
1782497928.9258657,200,139.65546898543835,qwen15b-npu7,
1782497928.9261458,200,131.88786711543798,qwen15b-npu7,
1782497928.931797,200,110.1792212575674,qwen15b-npu5,
1782497928.9368527,200,120.53979979828,qwen15b-npu4,
1782497928.948823,200,126.93466385826468,qwen15b-npu6,
1782497928.9606593,200,113.56367310509086,qwen15b-npu4,
1782497928.9750621,200,141.39959122985601,qwen15b-npu6,
1782497928.9779866,200,137.64350628480315,qwen15b-npu7,
1782497928.978344,200,119.54899411648512,qwen15b-npu7,
1782497928.9796486,200,113.42385318130255,qwen15b-npu5,
1782497928.9799063,200,113.46233310177922,qwen15b-npu5,
1782497928.985502,200,115.77489785850048,qwen15b-npu4,
1782497928.9863193,200,127.7806288562715,qwen15b-npu4,
1782497928.9871385,200,136.81050995364785,qwen15b-npu3,
1782497928.9874003,200,137.33883295208216,qwen15b-npu3,
1782497929.004264,200,118.74840781092644,qwen15b-npu6,
1782497929.0045438,200,119.52808313071728,qwen15b-npu5,
1782497929.0047858,200,136.1653758212924,qwen15b-npu6,
1782497929.0053005,200,138.5128810070455,qwen15b-npu6,
1782497929.005713,200,137.39658426493406,qwen15b-npu6,
1782497929.0062947,200,116.65928410366178,qwen15b-npu7,
1782497929.0070715,200,137.7791459672153,qwen15b-npu7,
1782497929.0105472,200,109.40807638689876,qwen15b-npu4,
1782497929.015234,200,129.46739979088306,qwen15b-npu3,
1782497929.0159776,200,126.60520104691386,qwen15b-npu3,
1782497929.0294979,200,121.83035910129547,qwen15b-npu6,
1782497929.0297909,200,129.24693897366524,qwen15b-npu6,
1782497929.030981,200,118.248435202986,qwen15b-npu7,
1782497929.03147,200,124.06337400898337,qwen15b-npu7,
1782497929.0431523,200,136.18328608572483,qwen15b-npu3,
1782497929.0434468,200,137.0371519587934,qwen15b-npu3,
1782497929.0438495,200,143.5442161746323,qwen15b-npu3,
1782497929.0526936,200,126.47088011726737,qwen15b-npu5,
1782497929.0529916,200,127.06014420837164,qwen15b-npu5,
1782497929.0554538,200,118.51122695952654,qwen15b-npu7,
1782497929.0570586,200,125.11832127347589,qwen15b-npu4,
1782497929.0573552,200,108.38891798630357,qwen15b-npu4,
1782497929.0980837,200,137.33997335657477,qwen15b-npu3,
1782497929.0984392,200,123.29255882650614,qwen15b-npu3,
1782497929.1008656,200,121.14422488957644,qwen15b-npu5,
1782497929.1011722,200,113.96473599597812,qwen15b-npu5,
1782497929.1013908,200,122.9791659861803,qwen15b-npu5,
1782497929.1061118,200,126.13724824041128,qwen15b-npu4,
1782497929.1072888,200,129.198188893497,qwen15b-npu7,
1782497929.1080081,200,122.4391027353704,qwen15b-npu7,
1782497929.1090708,200,122.66981462016702,qwen15b-npu6,
1782497929.1094644,200,121.99851078912616,qwen15b-npu6,
1782497929.1248894,200,109.594636131078,qwen15b-npu5,
1782497929.1302564,200,119.64781396090984,qwen15b-npu4,
1782497929.1305661,200,125.95808692276478,qwen15b-npu4,
1782497929.1310263,200,126.17358891293406,qwen15b-npu4,
1782497929.13461,200,128.25032277032733,qwen15b-npu7,
1782497929.1348956,200,129.46876091882586,qwen15b-npu7,
1782497929.1357908,200,119.71122538670897,qwen15b-npu6,
1782497929.136797,200,129.64297086000443,qwen15b-npu6,
1782497929.1525168,200,122.65539495274425,qwen15b-npu4,
1782497929.1563246,200,124.74917899817228,qwen15b-npu3,
1782497929.156574,200,152.23875315859914,qwen15b-npu3,
1782497929.1574106,200,151.5932590700686,qwen15b-npu3,
1782497929.1633298,200,133.74351942911744,qwen15b-npu6,
1782497929.1642544,200,133.14575515687466,qwen15b-npu6,
1782497929.1646664,200,121.1050539277494,qwen15b-npu6,
1782497929.1752925,200,117.8759322501719,qwen15b-npu5,
1782497929.1756196,200,131.66735507547855,qwen15b-npu5,
1782497929.17799,200,125.22032111883163,qwen15b-npu4,
1782497929.1851113,200,129.57996083423495,qwen15b-npu7,
1782497929.1867645,200,129.64467098936439,qwen15b-npu3,
1782497929.187049,200,133.98636085912585,qwen15b-npu3,
1782497929.187816,200,144.5875121280551,qwen15b-npu3,
1782497929.2113123,200,113.14534023404121,qwen15b-npu7,
1782497929.2162714,200,117.71225184202194,qwen15b-npu6,
1782497929.225051,200,117.69849201664329,qwen15b-npu5,
1782497929.2252982,200,124.33711579069495,qwen15b-npu5,
1782497929.2259145,200,124.67345874756575,qwen15b-npu4,
1782497929.2265701,200,118.45963587984443,qwen15b-npu4,
1782497929.2387009,200,132.5276712886989,qwen15b-npu7,
1782497929.2389286,200,129.77469200268388,qwen15b-npu7,
1782497929.2415912,200,132.0227379910648,qwen15b-npu3,
1782497929.2431383,200,141.68417220935225,qwen15b-npu6,
1782497929.251889,200,114.99030329287052,qwen15b-npu4,
1782497929.252246,200,116.36327300220728,qwen15b-npu5,
1782497929.2527158,200,122.37136298790574,qwen15b-npu5,
1782497929.2658913,200,135.21018903702497,qwen15b-npu7,
1782497929.266236,200,131.23110309243202,qwen15b-npu7,
1782497929.2699485,200,144.99255502596498,qwen15b-npu3,
1782497929.2709305,200,139.78391001001,qwen15b-npu6,
1782497929.2712512,200,136.56719774007797,qwen15b-npu6,
1782497929.2738476,200,109.51861599460244,qwen15b-npu4,
1782497929.2740757,200,121.46565597504377,qwen15b-npu4,
1782497929.2748969,200,118.50464716553688,qwen15b-npu5,
1782497929.2979157,200,122.52909410744905,qwen15b-npu4,
1782497929.2982783,200,141.63037203252316,qwen15b-npu3,
1782497929.2987356,200,133.95996997132897,qwen15b-npu3,
1782497929.300263,200,112.35686484724283,qwen15b-npu5,
1782497929.300527,200,122.46579304337502,qwen15b-npu5,
1782497929.3022027,200,126.5176311135292,qwen15b-npu7,
1782497929.3095486,200,146.12496318295598,qwen15b-npu6,
1782497929.3098207,200,152.30864379554987,qwen15b-npu6,
1782497929.321166,200,104.83173513785005,qwen15b-npu4,
1782497929.326111,200,139.27254592999816,qwen15b-npu3,
1782497929.3264325,200,141.25581877306104,qwen15b-npu3,
1782497929.329175,200,141.99860487133265,qwen15b-npu7,
1782497929.3449957,200,106.23207408934832,qwen15b-npu4,
1782497929.3489633,200,107.31155192479491,qwen15b-npu5,
1782497929.353899,200,127.24897498264909,qwen15b-npu3,
1782497929.3541572,200,128.78854619339108,qwen15b-npu3,
1782497929.3557992,200,129.82513289898634,qwen15b-npu7,
1782497929.3561053,200,144.72822286188602,qwen15b-npu7,
1782497929.3644843,200,139.36673663556576,qwen15b-npu6,
1782497929.3686295,200,116.63565412163734,qwen15b-npu4,
1782497929.3809762,200,128.13152093440294,qwen15b-npu7,
1782497929.3936422,200,141.30641985684633,qwen15b-npu6,
1782497929.3940983,200,150.90150386095047,qwen15b-npu6,
1782497929.3943298,200,120.41844008490443,qwen15b-npu4,
1782497929.394572,200,120.43404020369053,qwen15b-npu4,
1782497929.3955026,200,156.51089185848832,qwen15b-npu6,
1782497929.3966193,200,126.60001078620553,qwen15b-npu5,
1782497929.4081807,200,133.22029588744044,qwen15b-npu7,
1782497929.4084873,200,137.16187188401818,qwen15b-npu7,
1782497929.409849,200,138.82761308923364,qwen15b-npu3,
1782497929.410106,200,143.76037707552314,qwen15b-npu3,
1782497929.4170845,200,118.70761774480343,qwen15b-npu4,
1782497929.4213347,200,155.34602431580424,qwen15b-npu6,
1782497929.4223351,200,122.01184034347534,qwen15b-npu5,
1782497929.4225748,200,124.54780796542764,qwen15b-npu5,
1782497929.433357,200,134.55397402867675,qwen15b-npu7,
1782497929.433649,200,112.42409609258175,qwen15b-npu7,
1782497929.4372885,200,127.40625720471144,qwen15b-npu3,
1782497929.4378288,200,137.24066223949194,qwen15b-npu3,
1782497929.4456644,200,119.13921125233173,qwen15b-npu5,
1782497929.4490132,200,122.8279359638691,qwen15b-npu6,
1782497929.4492598,200,147.00049813836813,qwen15b-npu6,
1782497929.4494667,200,139.85681114718318,qwen15b-npu6,
1782497929.4591393,200,129.8751337453723,qwen15b-npu7,
1782497929.4657495,200,116.72750487923622,qwen15b-npu4,
1782497929.4708076,200,125.7481649518013,qwen15b-npu5,
1782497929.471081,200,116.85729585587978,qwen15b-npu5,
1782497929.4749904,200,121.02861376479268,qwen15b-npu6,
1782497929.4905398,200,121.84920907020569,qwen15b-npu4,
1782497929.4908044,200,126.2587090022862,qwen15b-npu4,
1782497929.4949064,200,138.7268826365471,qwen15b-npu3,
1782497929.4952111,200,139.34979727491736,qwen15b-npu3,
1782497929.5101306,200,115.73126772418618,qwen15b-npu7,
1782497929.5135734,200,117.99507401883602,qwen15b-npu4,
1782497929.5188363,200,125.12832088395953,qwen15b-npu5,
1782497929.5190706,200,122.38345295190811,qwen15b-npu5,
1782497929.5205781,200,139.54105786979198,qwen15b-npu3,
1782497929.5314972,200,122.89652600884438,qwen15b-npu6,
1782497929.5317638,200,137.130671646446,qwen15b-npu6,
1782497929.5326905,200,138.5295307263732,qwen15b-npu6,
1782497929.5359368,200,113.26694209128618,qwen15b-npu7,
1782497929.5379717,200,115.5769769102335,qwen15b-npu4,
1782497929.5382345,200,128.06691089645028,qwen15b-npu4,
1782497929.542962,200,125.8146958425641,qwen15b-npu5,
1782497929.543401,200,121.98641011491418,qwen15b-npu5,
1782497929.548906,200,138.9795639552176,qwen15b-npu3,
1782497929.5491536,200,140.9026482142508,qwen15b-npu3,
1782497929.5583565,200,120.99079368636012,qwen15b-npu6,
1782497929.5613983,200,111.87700182199478,qwen15b-npu4,
1782497929.564437,200,131.01108139380813,qwen15b-npu7,
1782497929.5646765,200,130.93859003856778,qwen15b-npu7,
1782497929.564989,200,115.9076988697052,qwen15b-npu7,
1782497929.5666404,200,120.9087329916656,qwen15b-npu5,
1782497929.57601,200,138.11911782249808,qwen15b-npu3,
1782497929.5845942,200,109.53943617641926,qwen15b-npu4,
1782497929.5879245,200,138.60037084668875,qwen15b-npu6,
1782497929.5885208,200,122.70243372768164,qwen15b-npu6,
1782497929.5916715,200,120.80007279291749,qwen15b-npu5,
1782497929.604288,200,145.0818250887096,qwen15b-npu3,
1782497929.6052363,200,134.06783202663064,qwen15b-npu3,
1782497929.609961,200,114.6818408742547,qwen15b-npu4,
1782497929.616308,200,106.08933307230473,qwen15b-npu5,
1782497929.6180449,200,127.43438687175512,qwen15b-npu6,
1782497929.6442368,200,112.37690504640341,qwen15b-npu5,
1782497929.6446927,200,125.53351372480392,qwen15b-npu5,
1782497929.647088,200,156.21812967583537,qwen15b-npu3,
1782497929.6475744,200,152.57771499454975,qwen15b-npu3,
1782497929.6491125,200,135.47414122149348,qwen15b-npu6,
1782497929.6497164,200,130.8161299675703,qwen15b-npu6,
1782497929.6500885,200,129.43415017798543,qwen15b-npu6,
1782497929.6628747,200,124.82208898290992,qwen15b-npu4,
1782497929.6632607,200,120.23472832515836,qwen15b-npu4,
1782497929.6636953,200,114.73021097481251,qwen15b-npu4,
1782497929.6674337,200,129.12644818425179,qwen15b-npu5,
1782497929.67447,200,138.42353969812393,qwen15b-npu7,
1782497929.6748464,200,125.6309449672699,qwen15b-npu7,
1782497929.67629,200,143.53324519470334,qwen15b-npu3,
1782497929.6767254,200,145.15514485538006,qwen15b-npu3,
1782497929.678183,200,134.71759483218193,qwen15b-npu6,
1782497929.6858375,200,109.76575827226043,qwen15b-npu4,
1782497929.6864638,200,124.9855998903513,qwen15b-npu4,
1782497929.7029693,200,138.2153290323913,qwen15b-npu3,
1782497929.705038,200,138.31428019329906,qwen15b-npu7,
1782497929.7054398,200,147.0039188861847,qwen15b-npu7,
1782497929.7058215,200,141.31710026413202,qwen15b-npu7,
1782497929.7062128,200,141.13692892715335,qwen15b-npu7,
1782497929.7115803,200,122.97533685341477,qwen15b-npu4,
1782497929.7177615,200,129.77843219414353,qwen15b-npu5,
1782497929.730798,200,139.06550500541925,qwen15b-npu3,
1782497929.7355995,200,150.93182399868965,qwen15b-npu6,
1782497929.7420228,200,131.83105690404773,qwen15b-npu5,
1782497929.7429163,200,138.52643175050616,qwen15b-npu5,
1782497929.7580984,200,113.32069197669625,qwen15b-npu4,
1782497929.7589083,200,153.52567192167044,qwen15b-npu7,
1782497929.7639074,200,145.65576007589698,qwen15b-npu6,
1782497929.7642703,200,147.65608264133334,qwen15b-npu6,
1782497929.7663682,200,121.99098011478782,qwen15b-npu5,
1782497929.766707,200,119.01188036426902,qwen15b-npu5,
1782497929.7881374,200,137.93444773182273,qwen15b-npu3,
1782497929.7884884,200,141.22998993843794,qwen15b-npu7,
1782497929.7888129,200,124.99504024162889,qwen15b-npu3,
1782497929.7896893,200,140.46101411804557,qwen15b-npu3,
1782497929.7907124,200,113.84212598204613,qwen15b-npu5,
1782497929.791182,200,141.3529901765287,qwen15b-npu7,
1782497929.792372,200,115.96205038949847,qwen15b-npu5,
1782497929.793677,200,130.68159902468324,qwen15b-npu6,
1782497929.7944927,200,131.11966103315353,qwen15b-npu6,
1782497929.807278,200,121.36547593399882,qwen15b-npu4,
1782497929.8078768,200,129.5841010287404,qwen15b-npu4,
1782497929.8139632,200,110.91697635129094,qwen15b-npu5,
1782497929.8149235,200,147.42408180609345,qwen15b-npu3,
1782497929.815296,200,140.3511529788375,qwen15b-npu7,
1782497929.8162348,200,141.66812179610133,qwen15b-npu7,
1782497929.8219757,200,135.4411314241588,qwen15b-npu6,
1782497929.832446,200,126.12419808283448,qwen15b-npu4,
1782497929.8327537,200,114.88757189363241,qwen15b-npu4,
1782497929.8340917,200,128.14989127218723,qwen15b-npu4,
1782497929.8422868,200,130.63027942553163,qwen15b-npu7,
1782497929.842616,200,137.06052210181952,qwen15b-npu7,
1782497929.8503268,200,145.1695361174643,qwen15b-npu6,
1782497929.8698518,200,127.71414872258902,qwen15b-npu7,
1782497929.8703027,200,134.6336049027741,qwen15b-npu7,
1782497929.8787088,200,147.8409729897976,qwen15b-npu6,
1782497929.87937,200,136.34503725916147,qwen15b-npu6,
1782497929.8807223,200,116.68661469593644,qwen15b-npu4,
1782497929.8810585,200,122.04934004694223,qwen15b-npu4,
1782497929.8879519,200,123.61904233694077,qwen15b-npu5,
1782497929.88865,200,122.17587092891335,qwen15b-npu5,
1782497929.8953984,200,137.19978276640177,qwen15b-npu3,
1782497929.9120588,200,122.24863190203905,qwen15b-npu5,
1782497929.9123468,200,121.04219384491444,qwen15b-npu5,
1782497929.9198604,200,153.08038890361786,qwen15b-npu6,
1782497929.9269166,200,138.35435081273317,qwen15b-npu3,
1782497929.9272397,200,138.2897598668933,qwen15b-npu3,
1782497929.9274843,200,132.89547292515635,qwen15b-npu3,
1782497929.9282968,200,112.93258890509605,qwen15b-npu4,
1782497929.9286468,200,140.40442369878292,qwen15b-npu3,
1782497929.929812,200,121.86320871114731,qwen15b-npu4,
1782497929.934066,200,143.23405269533396,qwen15b-npu7,
1782497929.9348767,200,141.09062822535634,qwen15b-npu7,
1782497929.9368696,200,122.836384922266,qwen15b-npu5,
1782497929.9372425,200,115.13769393786788,qwen15b-npu5,
1782497929.9504688,200,107.77636477723718,qwen15b-npu4,
1782497929.9615977,200,169.11746701225638,qwen15b-npu6,
1782497929.9619677,200,127.73376889526844,qwen15b-npu5,
1782497929.9624765,200,155.11132264509797,qwen15b-npu6,
1782497929.9627547,200,129.88422391936183,qwen15b-npu5,
1782497929.9785454,200,146.01508202031255,qwen15b-npu3,
1782497929.9913566,200,175.013427156955,qwen15b-npu6,
1782497929.9916565,200,176.63035821169615,qwen15b-npu6,
1782497929.9970655,200,154.6651003882289,qwen15b-npu7,
1782497929.9973502,200,146.92676812410355,qwen15b-npu7,
1782497929.998959,200,117.78057226911187,qwen15b-npu4,
1782497929.999692,200,118.87479899451137,qwen15b-npu4,
1782497930.0084088,200,120.35707896575332,qwen15b-npu5,
1782497930.024155,200,145.36779699847102,qwen15b-npu7,
1782497930.0243795,200,135.65872190520167,qwen15b-npu7,
1782497930.0250819,200,155.10763274505734,qwen15b-npu7,
1782497930.033041,200,137.53793528303504,qwen15b-npu3,
1782497930.0332985,200,121.17015523836017,qwen15b-npu3,
1782497930.0335553,200,121.12429505214095,qwen15b-npu5,
1782497930.0474968,200,117.59214010089636,qwen15b-npu4,
1782497930.0477302,200,119.3292522802949,qwen15b-npu4,
1782497930.0479856,200,120.68629218265414,qwen15b-npu4,
1782497930.0491295,200,178.70607087388635,qwen15b-npu6,
1782497930.0493882,200,169.90542178973556,qwen15b-npu6,
1782497930.058386,200,129.62233135476708,qwen15b-npu5,
1782497930.0587487,200,121.41939578577876,qwen15b-npu5,
1782497930.059817,200,124.85405895859003,qwen15b-npu5,
1782497930.0611959,200,134.19857202097774,qwen15b-npu3,
1782497930.0614522,200,141.50067092850804,qwen15b-npu3,
1782497930.061682,200,127.55226762965322,qwen15b-npu3,
1782497930.070206,200,107.65031399205327,qwen15b-npu4,
1782497930.0704682,200,119.92976674810052,qwen15b-npu4,
1782497930.080363,200,143.38843384757638,qwen15b-npu6,
1782497930.080638,200,153.04219909012318,qwen15b-npu6,
1782497930.085482,200,123.39175958186388,qwen15b-npu3,
1782497930.1027224,200,139.89938097074628,qwen15b-npu7,
1782497930.1030197,200,141.31835103034973,qwen15b-npu7,
1782497930.1043267,200,112.89556929841638,qwen15b-npu5,
1782497930.1128685,200,134.2220026999712,qwen15b-npu3,
1782497930.1300788,200,105.86489085108042,qwen15b-npu5,
1782497930.1313825,200,132.36099993810058,qwen15b-npu7,
1782497930.131631,200,139.91093076765537,qwen15b-npu7,
1782497930.1318944,200,123.42503992840648,qwen15b-npu7,
1782497930.1367006,200,136.93394092842937,qwen15b-npu6,
1782497930.1410391,200,115.88652897626162,qwen15b-npu4,
1782497930.141268,200,116.82813614606857,qwen15b-npu4,
1782497930.1422184,200,145.0789850205183,qwen15b-npu3,
1782497930.1425323,200,145.11832501739264,qwen15b-npu3,
1782497930.153598,200,120.48088014125824,qwen15b-npu5,
1782497930.1633613,200,129.9995039589703,qwen15b-npu6,
1782497930.164129,200,114.67989068478346,qwen15b-npu4,
1782497930.165547,200,131.92827673628926,qwen15b-npu3,
1782497930.1777265,200,118.9015400595963,qwen15b-npu5,
1782497930.1824696,200,121.20405538007617,qwen15b-npu7,
1782497930.1826982,200,133.50689690560102,qwen15b-npu7,
1782497930.1829464,200,134.89140709862113,qwen15b-npu7,
1782497930.1879864,200,107.2777509689331,qwen15b-npu4,
1782497930.194792,200,133.26746597886086,qwen15b-npu6,
1782497930.1950314,200,147.47048122808337,qwen15b-npu6,
1782497930.1952856,200,136.78481010720134,qwen15b-npu6,
1782497930.195773,200,125.49521401524544,qwen15b-npu3,
1782497930.1963048,200,148.51795928552747,qwen15b-npu6,
1782497930.196627,200,134.88609669730067,qwen15b-npu3,
1782497930.1969566,200,137.07769103348255,qwen15b-npu3,
1782497930.2082853,200,127.84997886046767,qwen15b-npu7,
1782497930.2119117,200,109.09991385415196,qwen15b-npu4,
1782497930.223056,200,152.50923577696085,qwen15b-npu6,
1782497930.2233438,200,137.78093690052629,qwen15b-npu6,
1782497930.2342746,200,121.3380261324346,qwen15b-npu7,
1782497930.2345285,200,131.4398441463709,qwen15b-npu7,
1782497930.235842,200,105.69664090871811,qwen15b-npu4,
1782497930.2454617,200,141.07553800567985,qwen15b-npu3,
1782497930.254408,200,113.07566985487938,qwen15b-npu5,
1782497930.2549894,200,123.0325773358345,qwen15b-npu5,
1782497930.2639341,200,122.82688496634364,qwen15b-npu4,
1782497930.2642798,200,121.98697961866856,qwen15b-npu4,
1782497930.2792497,200,115.82834832370281,qwen15b-npu5,
1782497930.2804017,200,116.21148092672229,qwen15b-npu5,
1782497930.2814047,200,149.69372656196356,qwen15b-npu6,
1782497930.2818372,200,150.38354136049747,qwen15b-npu6,
1782497930.2833261,200,140.72017604485154,qwen15b-npu3,
1782497930.2839825,200,147.21899013966322,qwen15b-npu3,
1782497930.2888649,200,135.20608888939023,qwen15b-npu7,
1782497930.3039246,200,126.14046828821301,qwen15b-npu5,
1782497930.3121204,200,129.11009835079312,qwen15b-npu3,
1782497930.3126736,200,147.0679291523993,qwen15b-npu3,
1782497930.313305,200,130.5403569713235,qwen15b-npu4,
1782497930.3137374,200,118.8761587254703,qwen15b-npu4,
1782497930.314523,200,119.15836203843355,qwen15b-npu4,
1782497930.31744,200,134.90468682721257,qwen15b-npu7,
1782497930.318137,200,121.11488403752446,qwen15b-npu7,
1782497930.3310423,200,135.94692386686802,qwen15b-npu5,
1782497930.3314922,200,119.5118841715157,qwen15b-npu5,
1782497930.33825,200,141.55823178589344,qwen15b-npu3,
1782497930.339495,200,143.65185471251607,qwen15b-npu6,
1782497930.3398485,200,131.46726414561272,qwen15b-npu6,
1782497930.340557,200,152.5095161050558,qwen15b-npu6,
1782497930.3410845,200,144.7102129459381,qwen15b-npu6,
1782497930.3553467,200,120.99931295961142,qwen15b-npu5,
1782497930.3605876,200,125.99037680774927,qwen15b-npu4,
1782497930.3659449,200,130.03982370719314,qwen15b-npu6,
1782497930.3676198,200,144.20492993667722,qwen15b-npu3,
1782497930.368052,200,144.91111412644386,qwen15b-npu3,
1782497930.380442,200,125.3615329042077,qwen15b-npu5,
1782497930.3846312,200,130.0713149830699,qwen15b-npu4,
1782497930.399175,200,134.805996902287,qwen15b-npu7,
1782497930.3999922,200,135.9436339698732,qwen15b-npu7,
1782497930.400246,200,154.7166802920401,qwen15b-npu7,
1782497930.4066577,200,124.74106857553124,qwen15b-npu5,
1782497930.407002,200,127.68331775441766,qwen15b-npu5,
1782497930.4108882,200,129.35046898201108,qwen15b-npu4,
1782497930.4225883,200,138.52196093648672,qwen15b-npu3,
1782497930.4229524,200,134.02440212666988,qwen15b-npu3,
1782497930.4243727,200,143.89783702790737,qwen15b-npu6,
1782497930.4265835,200,143.18527281284332,qwen15b-npu7,
1782497930.4268198,200,122.836175840348,qwen15b-npu7,
1782497930.432627,200,114.4182700663805,qwen15b-npu5,
1782497930.4328852,200,120.68973109126091,qwen15b-npu5,
1782497930.4338603,200,120.44207006692886,qwen15b-npu5,
1782497930.4507556,200,133.2091949880123,qwen15b-npu3,
1782497930.454305,200,140.4833341948688,qwen15b-npu6,
1782497930.4546924,200,140.0992418639362,qwen15b-npu6,
1782497930.4559414,200,143.19789223372936,qwen15b-npu7,
1782497930.456867,200,117.26953880861402,qwen15b-npu5,
1782497930.460895,200,119.74604520946741,qwen15b-npu4,
1782497930.4612308,200,121.27782497555017,qwen15b-npu4,
1782497930.4615185,200,129.93271416053176,qwen15b-npu4,
1782497930.4796095,200,138.98503361269832,qwen15b-npu3,
1782497930.4798553,200,124.4326657615602,qwen15b-npu3,
1782497930.481743,200,150.59389313682914,qwen15b-npu6,
1782497930.4825761,200,144.25668912008405,qwen15b-npu7,
1782497930.5063798,200,106.06870288029313,qwen15b-npu4,
1782497930.5076973,200,122.972855810076,qwen15b-npu3,
1782497930.5083213,200,140.1975122280419,qwen15b-npu3,
1782497930.510977,200,130.45880664139986,qwen15b-npu7,
1782497930.5113614,200,143.61555594950914,qwen15b-npu7,
1782497930.512462,200,146.40864403918386,qwen15b-npu6,
1782497930.512963,200,152.249313890934,qwen15b-npu6,
1782497930.532344,200,125.57714432477951,qwen15b-npu4,
1782497930.5330365,200,125.96200685948133,qwen15b-npu4,
1782497930.533755,200,111.07191583141685,qwen15b-npu5,
1782497930.5343323,200,123.34780907258391,qwen15b-npu5,
1782497930.537968,200,137.90562702342868,qwen15b-npu7,
1782497930.5417876,200,142.53964880481362,qwen15b-npu6,
1782497930.5557146,200,129.06214781105518,qwen15b-npu4,
1782497930.5566773,200,132.21557904034853,qwen15b-npu5,
1782497930.5643392,200,131.63691479712725,qwen15b-npu3,
1782497930.5646672,200,141.63482235744596,qwen15b-npu3,
1782497930.5664477,200,139.5619879476726,qwen15b-npu7,
1782497930.566766,200,133.80978908389807,qwen15b-npu7,
1782497930.5697856,200,135.81767305731773,qwen15b-npu6,
1782497930.5819077,200,131.03005103766918,qwen15b-npu4,
1782497930.5822384,200,126.20335817337036,qwen15b-npu4,
1782497930.5832536,200,128.83463595062494,qwen15b-npu5,
1782497930.583571,200,122.27018224075437,qwen15b-npu5,
1782497930.5922072,200,130.60855772346258,qwen15b-npu3,
1782497930.5925548,200,131.55786506831646,qwen15b-npu3,
1782497930.5935488,200,136.57927932217717,qwen15b-npu7,
1782497930.598376,200,143.57008505612612,qwen15b-npu6,
1782497930.6056762,200,125.75091514736414,qwen15b-npu4,
1782497930.6068134,200,127.1365350112319,qwen15b-npu5,
1782497930.6217873,200,139.98354133218527,qwen15b-npu7,
1782497930.6328661,200,124.47028700262308,qwen15b-npu5,
1782497930.6363468,200,125.28777215629816,qwen15b-npu4,
1782497930.636628,200,128.85409593582153,qwen15b-npu4,
1782497930.6370397,200,154.36136815696955,qwen15b-npu6,
1782497930.6452885,200,138.80137307569385,qwen15b-npu3,
1782497930.6481647,200,136.68631901964545,qwen15b-npu7,
1782497930.6545234,200,120.11172715574503,qwen15b-npu4,
1782497930.6566448,200,118.58428781852126,qwen15b-npu5,
1782497930.658283,200,145.70498000830412,qwen15b-npu6,
1782497930.6594448,200,146.40764379873872,qwen15b-npu6,
1782497930.676421,200,143.99737771600485,qwen15b-npu7,
1782497930.6767614,200,134.91218676790595,qwen15b-npu7,
1782497930.6791832,200,112.66780691221356,qwen15b-npu4,
1782497930.6823766,200,117.62429075315595,qwen15b-npu5,
1782497930.689207,200,156.08668001368642,qwen15b-npu6,
1782497930.6896253,200,132.89103284478188,qwen15b-npu6,
1782497930.6899672,200,156.08738968148828,qwen15b-npu6,
1782497930.7014518,200,137.01317086815834,qwen15b-npu3,
1782497930.7017696,200,145.9694509394467,qwen15b-npu3,
1782497930.7033675,200,136.4876483567059,qwen15b-npu7,
1782497930.7039645,200,120.61523087322712,qwen15b-npu7,
1782497930.7096581,200,116.03505024686456,qwen15b-npu5,
1782497930.70995,200,126.3055489398539,qwen15b-npu5,
1782497930.715631,200,145.78094007447362,qwen15b-npu6,
1782497930.7308562,200,132.41353118792176,qwen15b-npu7,
1782497930.7311757,200,149.18350288644433,qwen15b-npu3,
1782497930.7315407,200,138.8817229308188,qwen15b-npu3,
1782497930.7332265,200,127.4813269264996,qwen15b-npu3,
1782497930.733652,200,151.32874669507146,qwen15b-npu3,
1782497930.745073,200,152.78028696775436,qwen15b-npu6,
1782497930.7454267,200,138.54825217276812,qwen15b-npu6,
1782497930.7541265,200,117.70838079974055,qwen15b-npu4,
1782497930.7544072,200,132.55142094567418,qwen15b-npu4,
1782497930.7547011,200,117.97008290886879,qwen15b-npu4,
1782497930.7584326,200,125.4577930085361,qwen15b-npu5,
1782497930.7588346,200,121.72485934570432,qwen15b-npu7,
1782497930.7741778,200,128.81853571161628,qwen15b-npu6,
1782497930.7796745,200,120.08884781971574,qwen15b-npu4,
1782497930.7800987,200,121.7527692206204,qwen15b-npu4,
1782497930.7808926,200,126.30957877263427,qwen15b-npu4,
1782497930.7849162,200,136.64721883833408,qwen15b-npu3,
1782497930.7858853,200,129.16827900335193,qwen15b-npu7,
1782497930.8025088,200,112.4689057469368,qwen15b-npu4,
1782497930.803814,200,127.30988580733538,qwen15b-npu6,
1782497930.804117,200,127.24924506619573,qwen15b-npu6,
1782497930.8091588,200,119.82227489352226,qwen15b-npu5,
1782497930.8094265,200,126.98896415531635,qwen15b-npu5,
1782497930.810003,200,130.7234587147832,qwen15b-npu5,
1782497930.8129315,200,123.21800785139203,qwen15b-npu3,
1782497930.8276112,200,126.06735667213798,qwen15b-npu4,
1782497930.8331225,200,129.64206095784903,qwen15b-npu5,
1782497930.833473,200,129.44244127720594,qwen15b-npu5,
1782497930.8406444,200,138.80993286147714,qwen15b-npu3,
1782497930.843033,200,133.3042960613966,qwen15b-npu7,
1782497930.8433967,200,133.3780363202095,qwen15b-npu7,
1782497930.8519027,200,118.57484700158238,qwen15b-npu4,
1782497930.8572738,200,125.62781479209661,qwen15b-npu5,
1782497930.861369,200,145.67560935392976,qwen15b-npu6,
1782497930.8688812,200,137.9369180649519,qwen15b-npu7,
1782497930.8696034,200,135.84445277228951,qwen15b-npu7,
1782497930.8701665,200,138.88433296233416,qwen15b-npu3,
1782497930.8711126,200,125.58515509590507,qwen15b-npu3,
1782497930.8771055,200,118.19404503330588,qwen15b-npu4,
1782497930.8774457,200,123.23811836540699,qwen15b-npu4,
1782497930.8915782,200,137.09844183176756,qwen15b-npu6,
1782497930.8919587,200,137.18786323443055,qwen15b-npu6,
1782497930.8923545,200,147.19799906015396,qwen15b-npu6,
1782497930.8972197,200,138.66682164371014,qwen15b-npu3,
1782497930.897495,200,123.21835802868009,qwen15b-npu3,
1782497930.9096417,200,124.66131802648306,qwen15b-npu5,
1782497930.9099746,200,124.02044422924519,qwen15b-npu5,
1782497930.918146,200,137.16908171772957,qwen15b-npu6,
1782497930.924887,200,120.65467098727822,qwen15b-npu7,
1782497930.9252932,200,145.07916569709778,qwen15b-npu7,
1782497930.9256291,200,145.80686995759606,qwen15b-npu7,
1782497930.9269404,200,124.36525616794825,qwen15b-npu4,
1782497930.9273272,200,117.2618493437767,qwen15b-npu4,
1782497930.945983,200,132.9798842780292,qwen15b-npu6,
1782497930.9492562,200,108.5262899287045,qwen15b-npu4,
1782497930.9499474,200,140.4370153322816,qwen15b-npu7,
1782497930.9519582,200,148.07976502925158,qwen15b-npu3,
1782497930.9522586,200,124.53464698046446,qwen15b-npu3,
1782497930.9527006,200,143.45815358683467,qwen15b-npu3,
1782497930.9607065,200,127.12779501453042,qwen15b-npu5,
1782497930.9610326,200,117.88926180452108,qwen15b-npu5,
1782497930.9760547,200,142.82218972221017,qwen15b-npu6,
1782497930.976861,200,133.3768768236041,qwen15b-npu7,
1782497930.9777994,200,125.80694584175944,qwen15b-npu3,
1782497930.9872708,200,116.06073100119829,qwen15b-npu5,
1782497930.9875922,200,117.87938280031085,qwen15b-npu5,
1782497930.9881444,200,130.79474866390228,qwen15b-npu5,
1782497930.9978323,200,120.29133876785636,qwen15b-npu4,
1782497931.0047526,200,143.2992029003799,qwen15b-npu3,
1782497931.0057268,200,135.4916114360094,qwen15b-npu7,
1782497931.0063841,200,137.42222404107451,qwen15b-npu7,
1782497931.0118463,200,134.65189468115568,qwen15b-npu5,
1782497931.0234666,200,113.39043220505118,qwen15b-npu4,
1782497931.0237842,200,126.47623987868428,qwen15b-npu4,
1782497931.0241845,200,114.4613097421825,qwen15b-npu4,
1782497931.0319245,200,139.4835878163576,qwen15b-npu3,
1782497931.0337968,200,141.72408170998096,qwen15b-npu6,
1782497931.0340247,200,142.3347070813179,qwen15b-npu7,
1782497931.034685,200,137.10487075150013,qwen15b-npu6,
1782497931.0453203,200,117.90190311148763,qwen15b-npu4,
1782497931.0631988,200,144.98898526653647,qwen15b-npu6,
1782497931.0634959,200,138.5004911571741,qwen15b-npu6,
1782497931.0638807,200,138.10902927070856,qwen15b-npu6,
1782497931.0649717,200,115.6250573694706,qwen15b-npu5,
1782497931.0652468,200,138.194068800658,qwen15b-npu5,
1782497931.0662072,200,140.82077611237764,qwen15b-npu5,
1782497931.0695314,200,119.50334394350648,qwen15b-npu4,
1782497931.0874531,200,141.40069065615535,qwen15b-npu3,
1782497931.0878682,200,127.07362417131662,qwen15b-npu3,
1782497931.088859,200,136.8287899531424,qwen15b-npu7,
1782497931.090205,200,113.28254174441099,qwen15b-npu5,
1782497931.0919182,200,130.82509906962514,qwen15b-npu6,
1782497931.0927851,200,140.39838407188654,qwen15b-npu6,
1782497931.093099,200,140.30484296381474,qwen15b-npu6,
1782497931.1141968,200,126.52943143621087,qwen15b-npu3,
1782497931.1174607,200,141.3373202085495,qwen15b-npu7,
1782497931.117744,200,129.53339098021388,qwen15b-npu7,
1782497931.1189156,200,131.54925499111414,qwen15b-npu6,
1782497931.119391,200,141.53145207092166,qwen15b-npu6,
1782497931.1415277,200,117.27351928129792,qwen15b-npu5,
1782497931.1421309,200,108.04879711940885,qwen15b-npu4,
1782497931.1427083,200,137.86293705925345,qwen15b-npu5,
1782497931.144444,200,120.88133161887527,qwen15b-npu4,
1782497931.145311,200,147.3800609819591,qwen15b-npu3,
1782497931.1459887,200,139.53598821535707,qwen15b-npu7,
1782497931.146276,200,134.36111388728023,qwen15b-npu3,
1782497931.1469026,200,141.10604906454682,qwen15b-npu7,
1782497931.1476479,200,123.78188222646713,qwen15b-npu7,
1782497931.1658723,200,120.48048991709948,qwen15b-npu4,
1782497931.1671324,200,133.27222596853971,qwen15b-npu5,
1782497931.1714373,200,139.45527793839574,qwen15b-npu3,
1782497931.175922,200,141.16801880300045,qwen15b-npu6,
1782497931.1912057,200,127.56613781675696,qwen15b-npu4,
1782497931.191634,200,125.35844277590513,qwen15b-npu4,
1782497931.193157,200,123.55875130742788,qwen15b-npu5,
1782497931.197722,200,132.66856083646417,qwen15b-npu7,
1782497931.1980534,200,134.11003211513162,qwen15b-npu3,
1782497931.1983602,200,135.08320786058903,qwen15b-npu7,
1782497931.1987288,200,133.42065690085292,qwen15b-npu7,
1782497931.214264,200,125.32995315268636,qwen15b-npu4,
1782497931.2201025,200,127.23158486187458,qwen15b-npu5,
1782497931.2204864,200,127.29435600340366,qwen15b-npu5,
1782497931.225856,200,138.29814968630672,qwen15b-npu3,
1782497931.226108,200,135.8121228404343,qwen15b-npu3,
1782497931.226538,200,134.54966386780143,qwen15b-npu3,
1782497931.2300932,200,142.11608516052365,qwen15b-npu6,
1782497931.2372231,200,119.4077031686902,qwen15b-npu4,
1782497931.2487366,200,134.44783259183168,qwen15b-npu7,
1782497931.2493253,200,130.34463580697775,qwen15b-npu7,
1782497931.2514193,200,133.89127096161246,qwen15b-npu3,
1782497931.258992,200,139.52802820131183,qwen15b-npu6,
1782497931.261469,200,115.13063404709101,qwen15b-npu4,
1782497931.272257,200,124.50560694560409,qwen15b-npu5,
1782497931.2725866,200,129.81089297682047,qwen15b-npu5,
1782497931.2729695,200,131.36556278914213,qwen15b-npu5,
1782497931.276081,200,129.9960440956056,qwen15b-npu7,
1782497931.2772183,200,132.6295519247651,qwen15b-npu7,
1782497931.2803323,200,134.91593673825264,qwen15b-npu3,
1782497931.2879393,200,140.95627795904875,qwen15b-npu6,
1782497931.2882972,200,146.10128197818995,qwen15b-npu6,
1782497931.3068528,200,140.88977687060833,qwen15b-npu3,
1782497931.307395,200,140.17024310305715,qwen15b-npu3,
1782497931.3126366,200,114.49280008673668,qwen15b-npu4,
1782497931.3130014,200,114.56590099260211,qwen15b-npu4,
1782497931.3133287,200,121.97652971372008,qwen15b-npu4,
1782497931.3138115,200,115.0029432028532,qwen15b-npu4,
1782497931.3169448,200,145.4354077577591,qwen15b-npu6,
1782497931.3172815,200,124.04528399929404,qwen15b-npu6,
1782497931.3179686,200,141.95833401754498,qwen15b-npu6,
1782497931.3282301,200,136.47904805839062,qwen15b-npu7,
1782497931.3342333,200,119.90399612113833,qwen15b-npu4,
1782497931.3351793,200,137.363753747195,qwen15b-npu3,
1782497931.3471956,200,121.26736482605338,qwen15b-npu5,
1782497931.3480825,200,110.77276384457946,qwen15b-npu5,
1782497931.3483317,200,122.16463079676032,qwen15b-npu5,
1782497931.356593,200,136.01776538416743,qwen15b-npu7,
1782497931.3591821,200,129.00511687621474,qwen15b-npu4,
1782497931.3600168,200,139.81044990941882,qwen15b-npu3,
1782497931.3713005,200,109.74182700738311,qwen15b-npu5,
1782497931.3738184,200,125.01235026866198,qwen15b-npu6,
1782497931.3741832,200,147.5465320982039,qwen15b-npu6,
1782497931.3830342,200,109.99751929193735,qwen15b-npu4,
1782497931.3841784,200,125.10391091927886,qwen15b-npu7,
1782497931.3867004,200,135.19354909658432,qwen15b-npu3,
1782497931.396325,200,118.9716998487711,qwen15b-npu5,
1782497931.4019492,200,152.56099589169025,qwen15b-npu6,
1782497931.412184,200,124.15341380983591,qwen15b-npu7,
1782497931.412457,200,136.27165602520108,qwen15b-npu7,
1782497931.4127228,200,132.29012908414006,qwen15b-npu7,
1782497931.4139888,200,141.30080956965685,qwen15b-npu3,
1782497931.4143624,200,142.0131754130125,qwen15b-npu3,
1782497931.4214787,200,133.07788502424955,qwen15b-npu5,
1782497931.4326127,200,114.57502096891403,qwen15b-npu4,
1782497931.4329708,200,120.2229680493474,qwen15b-npu4,
1782497931.4383194,200,125.23013213649392,qwen15b-npu7,
1782497931.4386744,200,121.63291731849313,qwen15b-npu7,
1782497931.43989,200,132.9461638815701,qwen15b-npu3,
1782497931.447547,200,133.64294823259115,qwen15b-npu5,
1782497931.447911,200,112.64320788905025,qwen15b-npu5,
1782497931.4566667,200,128.3453619107604,qwen15b-npu4,
1782497931.4627635,200,145.38687700405717,qwen15b-npu6,
1782497931.4631162,200,155.635517090559,qwen15b-npu6,
1782497931.4636269,200,150.1466389745474,qwen15b-npu6,
1782497931.4651523,200,116.99823616072536,qwen15b-npu7,
1782497931.468793,200,134.4767240807414,qwen15b-npu3,
1782497931.4691477,200,120.75047101825476,qwen15b-npu3,
1782497931.4732802,200,113.16561093553901,qwen15b-npu5,
1782497931.4740188,200,126.71123212203383,qwen15b-npu5,
1782497931.4815304,200,124.85498003661633,qwen15b-npu4,
1782497931.4917998,200,117.55092116072774,qwen15b-npu7,
1782497931.4921644,200,118.24374506250024,qwen15b-npu7,
1782497931.4933794,200,134.12577100098133,qwen15b-npu3,
1782497931.4990075,200,114.76025078445673,qwen15b-npu5,
1782497931.4993691,200,127.98982113599777,qwen15b-npu5,
1782497931.5201266,200,133.34254594519734,qwen15b-npu6,
1782497931.5207257,200,124.3305359967053,qwen15b-npu3,
1782497931.521517,200,138.39502027258277,qwen15b-npu3,
1782497931.5322332,200,117.79359076172113,qwen15b-npu4,
1782497931.5326178,200,111.07208672910929,qwen15b-npu4,
1782497931.5332701,200,119.2120909690857,qwen15b-npu4,
1782497931.5430946,200,130.57551765814424,qwen15b-npu7,
1782497931.5473793,200,135.1139578036964,qwen15b-npu3,
1782497931.5490026,200,146.9634878449142,qwen15b-npu6,
1782497931.5492988,200,136.4691574126482,qwen15b-npu6,
1782497931.5538974,200,121.19519524276257,qwen15b-npu4,
1782497931.573704,200,135.29374916106462,qwen15b-npu3,
1782497931.5751774,200,112.31855489313602,qwen15b-npu5,
1782497931.5758593,200,119.07736072316766,qwen15b-npu5,
1782497931.5788279,200,109.58138713613153,qwen15b-npu4,
1782497931.5798814,200,116.08816124498844,qwen15b-npu4,
1782497931.5822809,200,143.5014451853931,qwen15b-npu7,
1782497931.5826626,200,149.5735556818545,qwen15b-npu7,
1782497931.591152,200,151.18141705170274,qwen15b-npu6,
1782497931.591588,200,143.95612804219127,qwen15b-npu6,
1782497931.5919716,200,143.94098799675703,qwen15b-npu6,
1782497931.6004376,200,127.08670413121581,qwen15b-npu5,
1782497931.6031828,200,121.55530694872141,qwen15b-npu3,
1782497931.6039755,200,140.73258638381958,qwen15b-npu3,
1782497931.6043875,200,135.4994708672166,qwen15b-npu3,
1782497931.6088507,200,143.5948363505304,qwen15b-npu7,
1782497931.6151557,200,141.03369787335396,qwen15b-npu6,
1782497931.6324103,200,133.2893562503159,qwen15b-npu4,
1782497931.6327305,200,140.8296967856586,qwen15b-npu3,
1782497931.6344855,200,135.01652795821428,qwen15b-npu5,
1782497931.6348286,200,142.59899826720357,qwen15b-npu5,
1782497931.6351418,200,141.6646121069789,qwen15b-npu7,
1782497931.6517181,200,130.92208979651332,qwen15b-npu4,
1782497931.65313,200,131.51572365313768,qwen15b-npu5,
1782497931.653438,200,120.08512718603015,qwen15b-npu5,
1782497931.6548557,200,122.12356086820364,qwen15b-npu3,
1782497931.660856,200,140.6596046872437,qwen15b-npu7,
1782497931.66117,200,128.82283609360456,qwen15b-npu7,
1782497931.6774638,200,128.366032615304,qwen15b-npu4,
1782497931.6779077,200,130.4314169101417,qwen15b-npu4,
1782497931.678513,200,124.52763691544533,qwen15b-npu5,
1782497931.6817303,200,132.3668798431754,qwen15b-npu3,
1782497931.6967485,200,122.98390734940767,qwen15b-npu6,
1782497931.6970663,200,153.86074502021074,qwen15b-npu6,
1782497931.7006946,200,109.45300571620464,qwen15b-npu4,
1782497931.7091248,200,126.38359982520342,qwen15b-npu3,
1782497931.7094684,200,117.7483219653368,qwen15b-npu3,
1782497931.7144487,200,138.49133206531405,qwen15b-npu7,
1782497931.715089,200,139.83538001775742,qwen15b-npu7,
1782497931.7282588,200,149.35877406969666,qwen15b-npu6,
1782497931.7286224,200,146.23944275081158,qwen15b-npu6,
1782497931.7289145,200,148.90255080536008,qwen15b-npu6,
1782497931.7295184,200,125.02531101927161,qwen15b-npu6,
1782497931.73023,200,138.19019915536046,qwen15b-npu6,
1782497931.7320552,200,127.98744114115834,qwen15b-npu5,
1782497931.7324495,200,129.14928887039423,qwen15b-npu5,
1782497931.740864,200,125.63756480813026,qwen15b-npu7,
1782497931.741131,200,140.5912754125893,qwen15b-npu7,
1782497931.7414124,200,132.4624209664762,qwen15b-npu7,
1782497931.7512758,200,118.78861766308546,qwen15b-npu4,
1782497931.751703,200,117.11434694007039,qwen15b-npu4,
1782497931.75208,200,117.14852787554264,qwen15b-npu4,
1782497931.75279,200,119.98819606378675,qwen15b-npu6,
1782497931.756826,200,121.57982680946589,qwen15b-npu5,
1782497931.767216,200,115.41565600782633,qwen15b-npu7,
1782497931.77989,200,124.9275803565979,qwen15b-npu6,
1782497931.7816987,200,128.1927921809256,qwen15b-npu5,
1782497931.7820828,200,121.14701373502612,qwen15b-npu5,
1782497931.7908611,200,137.6364049501717,qwen15b-npu3,
1782497931.794795,200,133.55123810470104,qwen15b-npu7,
1782497931.7990608,200,120.47745008021593,qwen15b-npu4,
1782497931.7993839,200,121.37525621801615,qwen15b-npu4,
1782497931.8206992,200,143.13032198697329,qwen15b-npu3,
1782497931.8210313,200,124.20023512095213,qwen15b-npu3,
1782497931.8213875,200,139.57295892760158,qwen15b-npu3,
1782497931.8221571,200,121.3983059860766,qwen15b-npu7,
1782497931.8309689,200,116.35946203023195,qwen15b-npu5,
1782497931.8345122,200,124.91104006767273,qwen15b-npu6,
1782497931.8348706,200,137.72426592186093,qwen15b-npu6,
1782497931.8471525,200,131.92755728960037,qwen15b-npu3,
1782497931.848768,200,107.27939195930958,qwen15b-npu4,
1782497931.8491404,200,119.51068323105574,qwen15b-npu4,
1782497931.849833,200,140.60094580054283,qwen15b-npu7,
1782497931.856578,200,124.02126425877213,qwen15b-npu5,
1782497931.8568735,200,128.17632174119353,qwen15b-npu5,
1782497931.8614585,200,133.0883949995041,qwen15b-npu6,
1782497931.8625655,200,133.49423743784428,qwen15b-npu6,
1782497931.86346,200,122.26282199844718,qwen15b-npu6,
1782497931.8726907,200,115.76529825106263,qwen15b-npu4,
1782497931.8730462,200,120.85720291361213,qwen15b-npu4,
1782497931.8750203,200,142.87384040653706,qwen15b-npu3,
1782497931.8756044,200,145.25835728272796,qwen15b-npu3,
1782497931.8790154,200,138.07929772883654,qwen15b-npu7,
1782497931.8793905,200,127.57921684533358,qwen15b-npu7,
1782497931.8824675,200,131.10862113535404,qwen15b-npu5,
1782497931.8831186,200,130.26007637381554,qwen15b-npu5,
1782497931.8958592,200,114.04191702604294,qwen15b-npu4,
1782497931.9026754,200,135.3665804490447,qwen15b-npu7,
1782497931.9060256,200,126.00072799250484,qwen15b-npu5,
1782497931.9145591,200,132.38234026357532,qwen15b-npu6,
1782497931.9200542,200,120.895323343575,qwen15b-npu4,
1782497931.9284708,200,129.01356723159552,qwen15b-npu3,
1782497931.928741,200,133.84645013138652,qwen15b-npu3,
1782497931.929471,200,138.51913064718246,qwen15b-npu7,
1782497931.9314957,200,110.70100404322147,qwen15b-npu5,
1782497931.9422657,200,120.78404193744063,qwen15b-npu6,
1782497931.9443963,200,123.27073886990547,qwen15b-npu4,
1782497931.9453177,200,110.71408493444324,qwen15b-npu4,
1782497931.9550824,200,132.8335627913475,qwen15b-npu3,
1782497931.9554594,200,120.49866002053022,qwen15b-npu5,
1782497931.968114,200,118.2006448507309,qwen15b-npu4,
1782497931.9701633,200,139.0462052077055,qwen15b-npu6,
1782497931.9798253,200,130.94082102179527,qwen15b-npu5,
1782497931.9824164,200,118.84011887013912,qwen15b-npu3,
1782497931.9830446,200,133.8314888998866,qwen15b-npu3,
1782497931.9833353,200,120.62971107661724,qwen15b-npu3,
1782497931.9837637,200,126.81325199082494,qwen15b-npu7,
1782497931.9853754,200,138.14029889181256,qwen15b-npu7,
1782497931.998279,200,141.62916177883744,qwen15b-npu6,
1782497931.9985902,200,125.43955305591226,qwen15b-npu6,
1782497931.9989448,200,137.421783991158,qwen15b-npu6,
1782497932.0046144,200,121.4305660687387,qwen15b-npu5,
1782497932.0103395,200,137.54376489669085,qwen15b-npu7,
1782497932.011391,200,135.64647175371647,qwen15b-npu7,
1782497932.0118632,200,136.7377690039575,qwen15b-npu7,
1782497932.0168602,200,120.93094270676374,qwen15b-npu4,
1782497932.0258596,200,146.722505800426,qwen15b-npu6,
1782497932.0261111,200,143.5569548048079,qwen15b-npu6,
1782497932.0269809,200,147.497511934489,qwen15b-npu6,
1782497932.0310948,200,124.9623904004693,qwen15b-npu5,
1782497932.036065,200,133.305205963552,qwen15b-npu7,
1782497932.0424414,200,112.87232907488942,qwen15b-npu4,
1782497932.0428283,200,114.01780601590872,qwen15b-npu4,
1782497932.0519478,200,137.30925414711237,qwen15b-npu6,
1782497932.062052,200,119.72178518772125,qwen15b-npu7,
1782497932.06367,200,132.1077481843531,qwen15b-npu3,
1782497932.0639577,200,135.4174599982798,qwen15b-npu3,
1782497932.0645828,200,144.4537420757115,qwen15b-npu3,
1782497932.0648527,200,120.37703907117248,qwen15b-npu3,
1782497932.0665731,200,111.02463584393263,qwen15b-npu4,
1782497932.0799778,200,134.5512350089848,qwen15b-npu6,
1782497932.0884242,200,133.24931589886546,qwen15b-npu7,
1782497932.0901089,200,121.90175894647837,qwen15b-npu3,
1782497932.0928898,200,109.76130841299891,qwen15b-npu4,
1782497932.0932598,200,122.96970607712865,qwen15b-npu4,
1782497932.1054087,200,125.49011409282684,qwen15b-npu5,
1782497932.1058002,200,122.33415292575955,qwen15b-npu5,
1782497932.115365,200,129.89158323034644,qwen15b-npu7,
1782497932.1161027,200,132.22779892385006,qwen15b-npu7,
1782497932.121736,200,139.23918595537543,qwen15b-npu3,
1782497932.1293921,200,130.7314089499414,qwen15b-npu5,
1782497932.1345274,200,124.09013416618109,qwen15b-npu6,
1782497932.1349194,200,130.23738516494632,qwen15b-npu6,
1782497932.1394215,200,122.47127387672663,qwen15b-npu4,
1782497932.139748,200,127.78200907632709,qwen15b-npu4,
1782497932.1408916,200,129.40197018906474,qwen15b-npu7,
1782497932.1477127,200,148.70215998962522,qwen15b-npu3,
1782497932.1480474,200,149.67234712094069,qwen15b-npu3,
1782497932.155303,200,128.23079340159893,qwen15b-npu5,
1782497932.1557193,200,129.53703105449677,qwen15b-npu5,
1782497932.1601746,200,134.2461919412017,qwen15b-npu6,
1782497932.1643157,200,121.77094910293818,qwen15b-npu4,
1782497932.1646426,200,121.72202812507749,qwen15b-npu4,
1782497932.1671157,200,130.96781075000763,qwen15b-npu7,
1782497932.1754794,200,144.25797993317246,qwen15b-npu3,
1782497932.1798854,200,115.82376854494214,qwen15b-npu5,
1782497932.1801562,200,115.23624509572983,qwen15b-npu5,
1782497932.186528,200,134.512254036963,qwen15b-npu6,
1782497932.1868246,200,120.17403775826097,qwen15b-npu6,
1782497932.1934605,200,128.79962613806129,qwen15b-npu7,
1782497932.1942203,200,114.14418695494533,qwen15b-npu7,
1782497932.2038646,200,110.51875306293368,qwen15b-npu5,
1782497932.2055197,200,141.77505299448967,qwen15b-npu3,
1782497932.2058084,200,143.64220621064305,qwen15b-npu3,
1782497932.2130182,200,124.51783800497651,qwen15b-npu4,
1782497932.2137272,200,108.21782657876611,qwen15b-npu4,
1782497932.2193983,200,126.40812899917364,qwen15b-npu7,
1782497932.2199163,200,129.72696218639612,qwen15b-npu7,
1782497932.230432,200,108.63044066354632,qwen15b-npu5,
1782497932.2307909,200,124.85686922445893,qwen15b-npu5,
1782497932.2697947,200,130.28923561796546,qwen15b-npu6,
1782497932.2701972,200,140.7238058745861,qwen15b-npu6,
1782497932.2751906,200,140.55929519236088,qwen15b-npu4,
1782497932.2755654,200,134.60926478728652,qwen15b-npu4,
1782497932.279025,200,162.82901400700212,qwen15b-npu3,
1782497932.2796218,200,164.1779630444944,qwen15b-npu3,
1782497932.2809072,200,133.10879468917847,qwen15b-npu7,
1782497932.2812016,200,146.1864230223,qwen15b-npu7,
1782497932.281489,200,133.36977688595653,qwen15b-npu7,
1782497932.2884586,200,124.06714400276542,qwen15b-npu5,
1782497932.2974167,200,141.59925188869238,qwen15b-npu6,
1782497932.2976758,200,137.43467396125197,qwen15b-npu6,
1782497932.297978,200,142.5658487714827,qwen15b-npu6,
1782497932.299003,200,134.26823308691382,qwen15b-npu4,
1782497932.3066676,200,139.47043754160404,qwen15b-npu3,
1782497932.3069983,200,167.15733287855983,qwen15b-npu3,
1782497932.315031,200,139.48139688000083,qwen15b-npu5,
1782497932.3154855,200,121.16766395047307,qwen15b-npu5,
1782497932.3159578,200,135.67031221464276,qwen15b-npu5,
1782497932.3327732,200,146.16722287610173,qwen15b-npu7,
1782497932.3331118,200,139.58389777690172,qwen15b-npu7,
1782497932.3342526,200,147.3676711320877,qwen15b-npu3,
1782497932.3345523,200,154.5851700939238,qwen15b-npu3,
1782497932.339206,200,126.11128762364388,qwen15b-npu5,
1782497932.3401282,200,134.25369188189507,qwen15b-npu5,
1782497932.3404365,200,120.45691022649407,qwen15b-npu5,
1782497932.349607,200,130.13892527669668,qwen15b-npu4,
1782497932.3498855,200,144.2980500869453,qwen15b-npu4,
1782497932.3502543,200,146.3218741118908,qwen15b-npu4,
1782497932.3505044,200,119.98960701748729,qwen15b-npu6,
1782497932.359023,200,128.10316123068333,qwen15b-npu7,
1782497932.362623,200,148.80762016400695,qwen15b-npu3,
1782497932.3888237,200,113.15001081675291,qwen15b-npu5,
1782497932.3987615,200,119.06962981447577,qwen15b-npu4,
1782497932.399261,200,128.9480268023908,qwen15b-npu4,
1782497932.4052775,200,124.295256100595,qwen15b-npu6,
1782497932.4057872,200,126.66880199685693,qwen15b-npu6,
1782497932.4136572,200,132.09165772423148,qwen15b-npu7,
1782497932.4140794,200,138.76544311642647,qwen15b-npu7,
1782497932.4166448,200,135.37495117634535,qwen15b-npu5,
1782497932.4170516,200,128.52517375722528,qwen15b-npu5,
1782497932.4184332,200,148.53384857997298,qwen15b-npu3,
1782497932.4245863,200,126.83979328721762,qwen15b-npu4,
1782497932.4252915,200,127.79887020587921,qwen15b-npu4,
1782497932.4315689,200,124.81616903096437,qwen15b-npu6,
1782497932.4389362,200,140.8437960781157,qwen15b-npu7,
1782497932.441429,200,134.34479292482138,qwen15b-npu5,
1782497932.4482749,200,149.1798530332744,qwen15b-npu3,
1782497932.4486635,200,132.62828206643462,qwen15b-npu3,
1782497932.4504762,200,135.36230009049177,qwen15b-npu4,
1782497932.450755,200,117.90338344871998,qwen15b-npu4,
1782497932.4610589,200,126.43626984208822,qwen15b-npu6,
1782497932.4613783,200,145.80234000459313,qwen15b-npu6,
1782497932.461713,200,127.32835626229644,qwen15b-npu6,
1782497932.4674494,200,126.94054283201694,qwen15b-npu7,
1782497932.467762,200,117.80011188238859,qwen15b-npu7,
1782497932.468925,200,128.69584513828158,qwen15b-npu7,
1782497932.4693716,200,130.0946450792253,qwen15b-npu5,
1782497932.4698677,200,119.54400315880775,qwen15b-npu5,
1782497932.4749775,200,112.26931493729353,qwen15b-npu4,
1782497932.4768944,200,127.21153581514955,qwen15b-npu3,
1782497932.4772067,200,144.01633804664016,qwen15b-npu3,
1782497932.4776068,200,127.02968390658498,qwen15b-npu3,
1782497932.5005157,200,141.4046799764037,qwen15b-npu3,
1782497932.5176141,200,128.67623521015048,qwen15b-npu7,
1782497932.518698,200,119.8426061309874,qwen15b-npu5,
1782497932.5237143,200,118.28843504190445,qwen15b-npu4,
1782497932.5290582,200,129.7024921514094,qwen15b-npu3,
1782497932.5408223,200,124.03086293488741,qwen15b-npu6,
1782497932.5411382,200,127.34075728803873,qwen15b-npu6,
1782497932.5448902,200,139.03539534658194,qwen15b-npu7,
1782497932.5462806,200,120.89082272723317,qwen15b-npu7,
1782497932.5465636,200,129.4306400232017,qwen15b-npu5,
1782497932.5468702,200,128.3530229702592,qwen15b-npu5,
1782497932.5481665,200,123.51969117298722,qwen15b-npu7,
1782497932.5486403,200,134.43618407472968,qwen15b-npu4,
1782497932.5707338,200,131.72880560159683,qwen15b-npu6,
1782497932.571309,200,139.6521278657019,qwen15b-npu6,
1782497932.5716643,200,121.1230349726975,qwen15b-npu6,
1782497932.5720127,200,123.62758070230484,qwen15b-npu6,
1782497932.5728748,200,131.36612297967076,qwen15b-npu4,
1782497932.5875103,200,136.68699888512492,qwen15b-npu3,
1782497932.5878794,200,139.10739496350288,qwen15b-npu3,
1782497932.5959709,200,118.99970984086394,qwen15b-npu6,
1782497932.5964847,200,134.70012601464987,qwen15b-npu6,
1782497932.5972564,200,129.38799988478422,qwen15b-npu4,
1782497932.5985405,200,123.46044974401593,qwen15b-npu4,
1782497932.5994732,200,138.31466995179653,qwen15b-npu7,
1782497932.6003664,200,132.8285727649927,qwen15b-npu5,
1782497932.601722,200,124.40736684948206,qwen15b-npu7,
1782497932.6022067,200,140.76132560148835,qwen15b-npu5,
1782497932.6026623,200,133.57955822721124,qwen15b-npu5,
1782497932.616564,200,146.62295626476407,qwen15b-npu3,
1782497932.6174052,200,139.67336900532246,qwen15b-npu3,
1782497932.6176739,200,148.1951060704887,qwen15b-npu3,
1782497932.644701,200,144.09183897078037,qwen15b-npu3,
1782497932.6468022,200,128.03130131214857,qwen15b-npu4,
1782497932.6473567,200,118.15556511282921,qwen15b-npu4,
1782497932.6487072,200,131.01918064057827,qwen15b-npu5,
1782497932.6495702,200,125.7440960034728,qwen15b-npu7,
1782497932.6704495,200,123.8053017295897,qwen15b-npu4,
1782497932.673189,200,131.97849737480283,qwen15b-npu3,
1782497932.674308,200,126.03696715086699,qwen15b-npu5,
1782497932.6746278,200,133.71198903769255,qwen15b-npu5,
1782497932.6755652,200,129.20693820342422,qwen15b-npu7,
1782497932.677219,200,132.25690927356482,qwen15b-npu6,
1782497932.6779447,200,129.18744795024395,qwen15b-npu6,
1782497932.6783805,200,131.35652290657163,qwen15b-npu6,
1782497932.6971319,200,125.02948008477688,qwen15b-npu4,
1782497932.6974618,200,124.51502773910761,qwen15b-npu4,
1782497932.7020757,200,131.24277302995324,qwen15b-npu7,
1782497932.7027082,200,131.33659306913614,qwen15b-npu3,
1782497932.7039757,200,132.20332842320204,qwen15b-npu3,
1782497932.7207987,200,118.96277917549014,qwen15b-npu4,
1782497932.727135,200,126.66999222710729,qwen15b-npu5,
1782497932.7274492,200,125.12943102046847,qwen15b-npu5,
1782497932.728119,200,140.16383280977607,qwen15b-npu5,
1782497932.728398,200,140.7577870413661,qwen15b-npu5,
1782497932.7292616,200,132.6625719666481,qwen15b-npu7,
1782497932.7309482,200,128.15405242145061,qwen15b-npu6,
1782497932.7320106,200,133.35688691586256,qwen15b-npu6,
1782497932.7331934,200,135.8395628631115,qwen15b-npu3,
1782497932.7335896,200,134.00398008525372,qwen15b-npu6,
1782497932.7339737,200,137.84631714224815,qwen15b-npu3,
1782497932.7500274,200,133.3846771158278,qwen15b-npu5,
1782497932.7559187,200,138.1710390560329,qwen15b-npu7,
1782497932.7592356,200,141.7583730071783,qwen15b-npu3,
1782497932.7710023,200,121.3285461999476,qwen15b-npu4,
1782497932.7714934,200,124.56211727112532,qwen15b-npu4,
1782497932.7754164,200,130.5992379784584,qwen15b-npu5,
1782497932.7815065,200,132.73204304277897,qwen15b-npu7,
1782497932.7876747,200,140.19455201923847,qwen15b-npu3,
1782497932.7951899,200,120.7812218926847,qwen15b-npu4,
1782497932.7959216,200,121.23641604557633,qwen15b-npu4,
1782497932.801601,200,123.51608090102673,qwen15b-npu5,
1782497932.8099306,200,134.26577299833298,qwen15b-npu6,
1782497932.8105137,200,139.9674811400473,qwen15b-npu6,
1782497932.8110013,200,137.7123361453414,qwen15b-npu7,
1782497932.811607,200,134.30929277092218,qwen15b-npu7,
1782497932.8119311,200,133.44090664759278,qwen15b-npu7,
1782497932.834942,200,132.76546308770776,qwen15b-npu7,
1782497932.8366277,200,139.10868484526873,qwen15b-npu6,
1782497932.8374605,200,140.2141028083861,qwen15b-npu6,
1782497932.8455415,200,117.34317895025015,qwen15b-npu4,
1782497932.8459067,200,112.59860685095191,qwen15b-npu4,
1782497932.8471096,200,144.32519068941474,qwen15b-npu3,
1782497932.848218,200,144.11948900669813,qwen15b-npu3,
1782497932.853118,200,119.42013259977102,qwen15b-npu5,
1782497932.853429,200,122.35138192772865,qwen15b-npu5,
1782497932.8540282,200,125.56573376059532,qwen15b-npu5,
1782497932.8627388,200,141.83428371325135,qwen15b-npu7,
1782497932.8633351,200,133.97245109081268,qwen15b-npu7,
1782497932.8640583,200,131.9326269440353,qwen15b-npu6,
1782497932.864884,200,137.6661048270762,qwen15b-npu6,
1782497932.8703358,200,120.20546803250909,qwen15b-npu4,
1782497932.8706918,200,111.38719879090786,qwen15b-npu4,
1782497932.8749585,200,147.38041115924716,qwen15b-npu3,
1782497932.8753538,200,141.27010013908148,qwen15b-npu3,
1782497932.8907564,200,134.7211361862719,qwen15b-npu6,
1782497932.891401,200,120.27542805299163,qwen15b-npu6,
1782497932.8940187,200,122.40588339045644,qwen15b-npu4,
1782497932.8943005,200,118.78737900406122,qwen15b-npu4,
1782497932.9009871,200,119.37924334779382,qwen15b-npu5,
1782497932.9172163,200,121.95197027176619,qwen15b-npu6,
1782497932.9181948,200,130.4514268413186,qwen15b-npu4,
1782497932.9253066,200,113.63618401810527,qwen15b-npu5,
1782497932.9317467,200,135.7550830580294,qwen15b-npu3,
1782497932.9404957,200,138.75450333580375,qwen15b-npu7,
1782497932.9441485,200,133.07343516498804,qwen15b-npu6,
1782497932.9507904,200,115.74610788375139,qwen15b-npu5,
1782497932.9618344,200,151.25988703221083,qwen15b-npu3,
1782497932.962167,200,152.1366429515183,qwen15b-npu3,
1782497932.9626586,200,150.6582829169929,qwen15b-npu3,
1782497932.9668653,200,129.29728906601667,qwen15b-npu4,
1782497932.9691327,200,123.48861014470458,qwen15b-npu7,
1782497932.9694424,200,123.46886983141303,qwen15b-npu7,
1782497932.9698381,200,122.58797371760011,qwen15b-npu7,
1782497932.9712174,200,118.00219304859638,qwen15b-npu6,
1782497932.9756818,200,127.39293603226542,qwen15b-npu5,
1782497932.9892907,200,152.59292582049966,qwen15b-npu3,
1782497932.9896767,200,135.57903096079826,qwen15b-npu3,
1782497932.9912121,200,116.11811071634293,qwen15b-npu4,
1782497932.9919918,200,127.01225373893976,qwen15b-npu4,
1782497932.996061,200,142.57223811000586,qwen15b-npu7,
1782497932.996332,200,132.92292412370443,qwen15b-npu7,
1782497932.9966316,200,132.47755076736212,qwen15b-npu7,
1782497933.0002568,200,137.39795330911875,qwen15b-npu6,
1782497933.0007608,200,130.0023840740323,qwen15b-npu6,
1782497933.001514,200,110.66727386787534,qwen15b-npu5,
1782497933.0033202,200,132.87239335477352,qwen15b-npu5,
1782497933.0159862,200,121.90258968621492,qwen15b-npu4,
1782497933.016822,200,141.38598134741187,qwen15b-npu3,
1782497933.0232298,200,131.76073599606752,qwen15b-npu7,
1782497933.0280573,200,133.686819113791,qwen15b-npu6,
1782497933.044688,200,143.57970468699932,qwen15b-npu3,
1782497933.0454543,200,128.14162112772465,qwen15b-npu3,
1782497933.0518465,200,133.5356282070279,qwen15b-npu7,
1782497933.0530794,200,127.70237820222974,qwen15b-npu5,
1782497933.0534508,200,121.63209822028875,qwen15b-npu7,
1782497933.0541215,200,113.5102529078722,qwen15b-npu5,
1782497933.0641825,200,119.93092577904463,qwen15b-npu4,
1782497933.0723472,200,121.45401677116752,qwen15b-npu3,
1782497933.0793734,200,117.43432888761163,qwen15b-npu5,
1782497933.0797806,200,117.04565724357963,qwen15b-npu5,
1782497933.0886583,200,126.43157038837671,qwen15b-npu4,
1782497933.1005309,200,130.58081734925508,qwen15b-npu3,
1782497933.104472,200,134.91500727832317,qwen15b-npu5,
1782497933.1063244,200,130.57328714057803,qwen15b-npu7,
1782497933.1067424,200,139.75705904886127,qwen15b-npu7,
1782497933.112138,200,142.92065100744367,qwen15b-npu6,
1782497933.1124628,200,123.05597821250558,qwen15b-npu6,
1782497933.1136484,200,142.36016711220145,qwen15b-npu6,
1782497933.1140797,200,122.77318630367517,qwen15b-npu6,
1782497933.1155787,200,119.43675298243761,qwen15b-npu4,
1782497933.1160254,200,123.96480375900865,qwen15b-npu4,
1782497933.128316,200,131.912587210536,qwen15b-npu5,
1782497933.1293695,200,125.93433633446693,qwen15b-npu5,
1782497933.13006,200,128.48375365138054,qwen15b-npu5,
1782497933.1307507,200,140.96319768577814,qwen15b-npu3,
1782497933.1315942,200,130.76431909576058,qwen15b-npu3,
1782497933.133063,200,136.36673660948873,qwen15b-npu7,
1782497933.1375144,200,137.19215197488666,qwen15b-npu6,
1782497933.1517694,200,123.644950799644,qwen15b-npu5,
1782497933.1568391,200,133.50845826789737,qwen15b-npu3,
1782497933.1606236,200,115.05384417250752,qwen15b-npu4,
1782497933.1619024,200,108.33464795723557,qwen15b-npu4,
1782497933.1623805,200,145.45962773263454,qwen15b-npu7,
1782497933.1631923,200,147.11426896974444,qwen15b-npu7,
1782497933.1869705,200,133.77822004258633,qwen15b-npu3,
1782497933.1875293,200,142.77244871482253,qwen15b-npu3,
1782497933.1967802,200,144.81573412194848,qwen15b-npu6,
1782497933.197163,200,132.88349332287908,qwen15b-npu6,
1782497933.1978116,200,143.57292605563998,qwen15b-npu6,
1782497933.1982265,200,125.7717851549387,qwen15b-npu6,
1782497933.2017095,200,121.86002964153886,qwen15b-npu5,
1782497933.216568,200,127.83872988075018,qwen15b-npu7,
1782497933.2168787,200,137.40430399775505,qwen15b-npu7,
1782497933.2274535,200,126.81790301576257,qwen15b-npu5,
1782497933.2280474,200,113.8599761761725,qwen15b-npu5,
1782497933.2349825,200,119.31603169068694,qwen15b-npu4,
1782497933.235289,200,119.15264092385769,qwen15b-npu4,
1782497933.2360961,200,131.51433411985636,qwen15b-npu4,
1782497933.2364538,200,129.6395007520914,qwen15b-npu4,
1782497933.2432606,200,130.7252487167716,qwen15b-npu7,
1782497933.2443445,200,137.91797729209065,qwen15b-npu3,
1782497933.2448967,200,131.11193105578423,qwen15b-npu3,
1782497933.2484882,200,136.25040603801608,qwen15b-npu6,
1782497933.2564864,200,118.90747910365462,qwen15b-npu4,
1782497933.270683,200,139.82595037668943,qwen15b-npu3,
1782497933.2714078,200,142.99913123250008,qwen15b-npu3,
1782497933.2731118,200,139.97909100726247,qwen15b-npu7,
1782497933.27341,200,143.93185824155807,qwen15b-npu7,
1782497933.2739234,200,142.2125156968832,qwen15b-npu7,
1782497933.2795463,200,149.3872138671577,qwen15b-npu6,
1782497933.279909,200,116.64233403280377,qwen15b-npu5,
1782497933.2801726,200,123.26436815783381,qwen15b-npu6,
1782497933.2807305,200,128.8595157675445,qwen15b-npu5,
1782497933.2811766,200,120.44681003317237,qwen15b-npu5,
1782497933.2988966,200,136.40750711783767,qwen15b-npu7,
1782497933.3050814,200,143.0557519197464,qwen15b-npu6,
1782497933.3060586,200,109.15935412049294,qwen15b-npu4,
1782497933.3063774,200,119.29152207449079,qwen15b-npu4,
1782497933.3272686,200,130.03225391730666,qwen15b-npu3,
1782497933.3275464,200,125.74064591899514,qwen15b-npu3,
1782497933.327841,200,129.50280122458935,qwen15b-npu3,
1782497933.3293135,200,131.37426413595676,qwen15b-npu4,
1782497933.3313127,200,143.66490580141544,qwen15b-npu6,
1782497933.3528101,200,135.86679426953197,qwen15b-npu3,
1782497933.3548243,200,126.71060161665082,qwen15b-npu4,
1782497933.3555558,200,119.3711319938302,qwen15b-npu4,
1782497933.3558533,200,128.2939719967544,qwen15b-npu4,
1782497933.3575034,200,140.86229726672173,qwen15b-npu6,
1782497933.3720734,200,123.49799973890185,qwen15b-npu5,
1782497933.3725493,200,127.55839666351676,qwen15b-npu5,
1782497933.3810687,200,144.49411211535335,qwen15b-npu7,
1782497933.3813446,200,145.95391135662794,qwen15b-npu7,
1782497933.3816354,200,125.06922008469701,qwen15b-npu7,
1782497933.3826818,200,147.61882228776813,qwen15b-npu3,
1782497933.3837724,200,139.31221701204777,qwen15b-npu3,
1782497933.384988,200,141.63230219855905,qwen15b-npu6,
1782497933.397449,200,125.94502698630095,qwen15b-npu5,
1782497933.3977773,200,124.5839879848063,qwen15b-npu5,
1782497933.3980951,200,124.58043685182929,qwen15b-npu5,
1782497933.4023964,200,122.40957329049706,qwen15b-npu4,
1782497933.4089005,200,134.8721869289875,qwen15b-npu3,
1782497933.4192362,200,139.57287836819887,qwen15b-npu7,
1782497933.4209356,200,115.7471789047122,qwen15b-npu5,
1782497933.427628,200,121.17651524022222,qwen15b-npu4,
1782497933.4280136,200,147.21030881628394,qwen15b-npu6,
1782497933.428473,200,147.23072992637753,qwen15b-npu6,
1782497933.4288964,200,148.65649910643697,qwen15b-npu6,
1782497933.430243,200,159.48045207187533,qwen15b-npu6,
1782497933.4382155,200,139.2518961802125,qwen15b-npu3,
1782497933.438629,200,132.500730920583,qwen15b-npu3,
1782497933.452629,200,121.21716514229774,qwen15b-npu4,
1782497933.453019,200,125.39597321301699,qwen15b-npu4,
1782497933.474473,200,145.04864579066634,qwen15b-npu7,
1782497933.4757025,200,122.7950556203723,qwen15b-npu4,
1782497933.4797595,200,151.79292997345328,qwen15b-npu6,
1782497933.4804788,200,153.13372015953064,qwen15b-npu6,
1782497933.49144,200,119.26385201513767,qwen15b-npu3,
1782497933.4968038,200,114.02142699807882,qwen15b-npu5,
1782497933.4973035,200,124.66105772182345,qwen15b-npu5,
1782497933.5010624,200,119.92068588733673,qwen15b-npu4,
1782497933.5018508,200,120.1505078934133,qwen15b-npu4,
1782497933.503643,200,147.67488278448582,qwen15b-npu7,
1782497933.504024,200,148.39428709819913,qwen15b-npu7,
1782497933.5045116,200,146.90988790243864,qwen15b-npu7,
1782497933.5055141,200,150.5875620059669,qwen15b-npu6,
1782497933.519154,200,121.26219505444169,qwen15b-npu3,
1782497933.5199578,200,136.0717643983662,qwen15b-npu3,
1782497933.5301893,200,145.1006648130715,qwen15b-npu7,
1782497933.530514,200,149.07149225473404,qwen15b-npu7,
1782497933.5307708,200,133.23354627937078,qwen15b-npu7,
1782497933.5327811,200,134.62211517617106,qwen15b-npu6,
1782497933.5332487,200,130.75800938531756,qwen15b-npu6,
1782497933.546796,200,127.4589472450316,qwen15b-npu5,
1782497933.5471158,200,119.38380310311913,qwen15b-npu5,
1782497933.5474901,200,118.88587009161711,qwen15b-npu5,
1782497933.5480292,200,139.0263750217855,qwen15b-npu3,
1782497933.5499382,200,111.19574774056673,qwen15b-npu4,
1782497933.5502439,200,121.22638523578644,qwen15b-npu4,
1782497933.5507116,200,112.38694470375776,qwen15b-npu4,
1782497933.5603263,200,139.2895169556141,qwen15b-npu6,
1782497933.5607245,200,130.37657598033547,qwen15b-npu6,
1782497933.5702028,200,117.47195990756154,qwen15b-npu5,
1782497933.5743995,200,146.26310300081968,qwen15b-npu3,
1782497933.5815592,200,128.43503383919597,qwen15b-npu7,
1782497933.5947838,200,114.21608738601208,qwen15b-npu5,
1782497933.602608,200,122.76305491104722,qwen15b-npu3,
1782497933.603368,200,128.78568563610315,qwen15b-npu3,
1782497933.6079721,200,116.45072279497981,qwen15b-npu7,
1782497933.6138887,200,138.08065792545676,qwen15b-npu6,
1782497933.6209035,200,118.95183986052871,qwen15b-npu4,
1782497933.6216607,200,124.78929897770286,qwen15b-npu4,
1782497933.6234002,200,122.27338226512074,qwen15b-npu5,
1782497933.623667,200,119.90764690563083,qwen15b-npu5,
1782497933.624084,200,119.942766148597,qwen15b-npu5,
1782497933.637193,200,131.58021494746208,qwen15b-npu7,
1782497933.6375365,200,140.17330296337605,qwen15b-npu7,
1782497933.641454,200,136.83247985318303,qwen15b-npu6,
1782497933.6456206,200,125.5684643983841,qwen15b-npu4,
1782497933.6459134,200,113.03885001689196,qwen15b-npu4,
1782497933.6462464,200,115.65975705161691,qwen15b-npu5,
1782497933.6465926,200,127.35128588974476,qwen15b-npu5,
1782497933.657549,200,124.19702531769872,qwen15b-npu3,
1782497933.657903,200,127.0651938393712,qwen15b-npu3,
1782497933.6682813,200,121.04073399677873,qwen15b-npu4,
1782497933.6713364,200,121.31520500406623,qwen15b-npu6,
1782497933.6717236,200,141.42779121175408,qwen15b-npu6,
1782497933.6721826,200,125.3035431727767,qwen15b-npu6,
1782497933.6856053,200,135.248398873955,qwen15b-npu3,
1782497933.6859803,200,137.88057724013925,qwen15b-npu3,
1782497933.6870136,200,126.18168909102678,qwen15b-npu3,
1782497933.691348,200,130.9151602908969,qwen15b-npu7,
1782497933.6917412,200,140.95458667725325,qwen15b-npu7,
1782497933.692046,200,144.49289068579674,qwen15b-npu7,
1782497933.693078,200,118.58311714604497,qwen15b-npu4,
1782497933.698565,200,128.28812235966325,qwen15b-npu6,
1782497933.7167814,200,113.32077207043767,qwen15b-npu4,
1782497933.7171757,200,135.51108120009303,qwen15b-npu7,
1782497933.717944,200,109.89030916243792,qwen15b-npu5,
1782497933.7182925,200,123.43864003196359,qwen15b-npu7,
1782497933.726764,200,124.0602838806808,qwen15b-npu6,
1782497933.741688,200,127.70142778754234,qwen15b-npu5,
1782497933.7427967,200,121.0646741092205,qwen15b-npu5,
1782497933.743042,200,119.57119405269623,qwen15b-npu5,
1782497933.7555158,200,131.7450562492013,qwen15b-npu6,
1782497933.7656848,200,118.98635001853108,qwen15b-npu4,
1782497933.7671845,200,129.86400397494435,qwen15b-npu4,
1782497933.7679043,200,146.92995697259903,qwen15b-npu3,
1782497933.7686787,200,131.03879103437066,qwen15b-npu3,
1782497933.7690175,200,111.04615731164813,qwen15b-npu5,
1782497933.7693458,200,111.70461075380445,qwen15b-npu5,
1782497933.769758,200,128.21451155468822,qwen15b-npu3,
1782497933.7718034,200,125.79204607754946,qwen15b-npu7,
1782497933.7726018,200,148.39196810498834,qwen15b-npu7,
1782497933.7729125,200,126.56243098899722,qwen15b-npu7,
1782497933.7838147,200,138.11222789809108,qwen15b-npu6,
1782497933.7984045,200,126.10089732334018,qwen15b-npu7,
1782497933.7987747,200,126.93682312965393,qwen15b-npu7,
1782497933.8128128,200,114.15956728160381,qwen15b-npu4,
1782497933.8132553,200,120.06397731602192,qwen15b-npu4,
1782497933.8143532,200,142.9001810029149,qwen15b-npu6,
1782497933.8147244,200,146.30702324211597,qwen15b-npu6,
1782497933.8160784,200,124.61786810308695,qwen15b-npu5,
1782497933.816426,200,124.59122808650136,qwen15b-npu5,
1782497933.816745,200,130.6479386985302,qwen15b-npu5,
1782497933.817788,200,130.65546890720725,qwen15b-npu6,
1782497933.8244593,200,138.74546298757195,qwen15b-npu7,
1782497933.836896,200,120.00386696308851,qwen15b-npu4,
1782497933.8372781,200,119.97600691393018,qwen15b-npu4,
1782497933.8411655,200,149.05517222359776,qwen15b-npu6,
1782497933.8453991,200,118.52595629170537,qwen15b-npu3,
1782497933.8462307,200,128.20282205939293,qwen15b-npu3,
1782497933.8514345,200,133.03445419296622,qwen15b-npu7,
1782497933.860022,200,117.15065781027079,qwen15b-npu4,
1782497933.8689528,200,127.18416471034288,qwen15b-npu6,
1782497933.872854,200,129.71315206959844,qwen15b-npu3,
1782497933.873748,200,118.13569394871593,qwen15b-npu3,
1782497933.883951,200,115.16764480620623,qwen15b-npu4,
1782497933.885685,200,118.37221588939428,qwen15b-npu5,
1782497933.886216,200,113.51726297289133,qwen15b-npu5,
1782497933.886475,200,117.02221725136042,qwen15b-npu5,
1782497933.8866985,200,113.71327424421906,qwen15b-npu5,
1782497933.8972208,200,129.19974885880947,qwen15b-npu6,
1782497933.900849,200,135.04735799506307,qwen15b-npu3,
1782497933.9011881,200,132.08913896232843,qwen15b-npu3,
1782497933.9062607,200,134.36812441796064,qwen15b-npu7,
1782497933.9069319,200,137.0722809806466,qwen15b-npu7,
1782497933.908031,200,109.12202391773462,qwen15b-npu4,
1782497933.9251006,200,141.18630904704332,qwen15b-npu6,
1782497933.9328635,200,116.33784184232354,qwen15b-npu5,
1782497933.9333563,200,117.1835483983159,qwen15b-npu4,
1782497933.93422,200,109.69400778412819,qwen15b-npu4,
1782497933.9346642,200,136.1698661930859,qwen15b-npu7,
1782497933.954581,200,141.6461020708084,qwen15b-npu6,
1782497933.955254,200,137.35722424462438,qwen15b-npu6,
1782497933.9559808,200,141.15636935457587,qwen15b-npu3,
1782497933.9568944,200,119.90485619753599,qwen15b-npu4,
1782497933.9575794,200,143.11037259176373,qwen15b-npu3,
1782497933.9579778,200,106.44981497898698,qwen15b-npu5,
1782497933.9627063,200,149.3450440466404,qwen15b-npu7,
1782497933.9629622,200,146.14805299788713,qwen15b-npu7,
1782497933.9792798,200,110.25539180263877,qwen15b-npu4,
1782497933.9818358,200,144.43829096853733,qwen15b-npu6,
1782497933.9836702,200,142.43690809234977,qwen15b-npu3,
1782497933.983944,200,123.83168283849955,qwen15b-npu3,
1782497933.9888637,200,142.53924787044525,qwen15b-npu7,
1782497933.9893706,200,143.90751672908664,qwen15b-npu7,
1782497934.0027082,200,105.3856979124248,qwen15b-npu5,
1782497934.00294,200,116.17949092760682,qwen15b-npu5,
1782497934.0099561,200,124.16633497923613,qwen15b-npu3,
1782497934.0107353,200,136.88771007582545,qwen15b-npu3,
1782497934.013453,200,126.90534302964807,qwen15b-npu6,
1782497934.013855,200,140.91624692082405,qwen15b-npu6,
1782497934.014123,200,130.08493511006236,qwen15b-npu6,
1782497934.0171,200,130.82372024655342,qwen15b-npu7,
1782497934.0267782,200,120.45171996578574,qwen15b-npu4,
1782497934.027618,200,126.35042006149888,qwen15b-npu5,
1782497934.0278664,200,126.929703168571,qwen15b-npu4,
1782497934.0406237,200,133.62159812822938,qwen15b-npu6,
1782497934.0447981,200,136.66955893859267,qwen15b-npu7,
1782497934.048816,200,114.47382997721434,qwen15b-npu4,
1782497934.0507338,200,115.9566598944366,qwen15b-npu5,
1782497934.0643435,200,130.88891003280878,qwen15b-npu3,
1782497934.0650597,200,139.856010209769,qwen15b-npu3,
1782497934.0695436,200,136.59076811745763,qwen15b-npu6,
1782497934.0745137,200,119.83106611296535,qwen15b-npu5,
1782497934.0755498,200,117.47393989935517,qwen15b-npu5,
1782497934.092066,200,129.04667807742953,qwen15b-npu3,
1782497934.092448,200,129.66435076668859,qwen15b-npu3,
1782497934.098059,200,108.62899012863636,qwen15b-npu5,
1782497934.1005557,200,144.49058240279555,qwen15b-npu6,
1782497934.1008651,200,143.86301673948765,qwen15b-npu6,
1782497934.1036916,200,145.9937822073698,qwen15b-npu7,
1782497934.1040647,200,124.72094781696796,qwen15b-npu7,
1782497934.1045063,200,149.14005203172565,qwen15b-npu7,
1782497934.1190856,200,130.15721505507827,qwen15b-npu3,
1782497934.1194074,200,137.51328503713012,qwen15b-npu3,
1782497934.1229837,200,109.03964284807444,qwen15b-npu4,
1782497934.1232936,200,113.26926201581955,qwen15b-npu4,
1782497934.123727,200,109.5344671048224,qwen15b-npu4,
1782497934.124863,200,111.28699826076627,qwen15b-npu4,
1782497934.1251874,200,122.41236306726933,qwen15b-npu5,
1782497934.1287017,200,144.96539486572146,qwen15b-npu6,
1782497934.1308208,200,146.79813710972667,qwen15b-npu7,
1782497934.1314037,200,128.39899258688092,qwen15b-npu7,
1782497934.14626,200,129.09544818103313,qwen15b-npu3,
1782497934.1472628,200,136.42240688204765,qwen15b-npu3,
1782497934.1477573,200,120.07296737283468,qwen15b-npu5,
1782497934.1486354,200,120.6751111894846,qwen15b-npu5,
1782497934.157634,200,130.79254981130362,qwen15b-npu6,
1782497934.1694567,200,118.6209567822516,qwen15b-npu4,
1782497934.1697772,200,104.63106259703636,qwen15b-npu4,
1782497934.1850362,200,144.33149062097073,qwen15b-npu7,
1782497934.1853538,200,136.47373812273145,qwen15b-npu7,
1782497934.185959,200,141.09826926141977,qwen15b-npu6,
1782497934.1931834,200,123.57057118788362,qwen15b-npu4,
1782497934.1998062,200,124.14027377963066,qwen15b-npu3,
1782497934.215325,200,140.7340969890356,qwen15b-npu6,
1782497934.2162237,200,151.8016909249127,qwen15b-npu6,
1782497934.2172222,200,119.07829996198416,qwen15b-npu4,
1782497934.2195258,200,118.53308696299791,qwen15b-npu5,
1782497934.2198532,200,115.2367452159524,qwen15b-npu5,
1782497934.2202647,200,128.0843410640955,qwen15b-npu5,
1782497934.2279634,200,135.44927025213838,qwen15b-npu3,
1782497934.2282836,200,124.12433512508869,qwen15b-npu3,
1782497934.2431686,200,123.97915404289961,qwen15b-npu5,
1782497934.2435925,200,120.17670832574368,qwen15b-npu5,
1782497934.2446303,200,140.82308718934655,qwen15b-npu7,
1782497934.2460709,200,126.59888109192252,qwen15b-npu7,
1782497934.247021,200,146.3727350346744,qwen15b-npu7,
1782497934.247734,200,123.91300313174725,qwen15b-npu4,
1782497934.256687,200,131.3896938227117,qwen15b-npu3,
1782497934.2574463,200,134.39629366621375,qwen15b-npu3,
1782497934.2578437,200,129.00465680286288,qwen15b-npu3,
1782497934.264891,200,117.52049997448921,qwen15b-npu5,
1782497934.2673943,200,121.06458423659205,qwen15b-npu4,
1782497934.2678158,200,110.09183991700411,qwen15b-npu4,
1782497934.2693734,200,144.4208207540214,qwen15b-npu7,
1782497934.269765,200,121.93285021930933,qwen15b-npu7,
1782497934.2759597,200,145.0529550202191,qwen15b-npu6,
1782497934.2768095,200,128.07345110923052,qwen15b-npu6,
1782497934.2771013,200,145.60630917549133,qwen15b-npu6,
1782497934.2911959,200,121.66095804423094,qwen15b-npu4,
1782497934.2915838,200,121.74277799203992,qwen15b-npu4,
1782497934.3143291,200,121.05298368260264,qwen15b-npu4,
1782497934.324037,200,138.60333105549216,qwen15b-npu7,
1782497934.3244104,200,139.2790460959077,qwen15b-npu7,
1782497934.3295934,200,143.57069600373507,qwen15b-npu6,
1782497934.329877,200,129.95148403570056,qwen15b-npu6,
1782497934.3353658,200,118.06551413610578,qwen15b-npu3,
1782497934.3362222,200,119.89980563521385,qwen15b-npu3,
1782497934.3388655,200,110.83246488124132,qwen15b-npu5,
1782497934.3395295,200,119.90324687212706,qwen15b-npu5,
1782497934.3513565,200,130.9705600142479,qwen15b-npu7,
1782497934.352199,200,123.8090731203556,qwen15b-npu7,
1782497934.3568478,200,136.91742112860084,qwen15b-npu6,
1782497934.3582368,200,142.82597973942757,qwen15b-npu6,
1782497934.3637369,200,117.54111992195249,qwen15b-npu5,
1782497934.3643382,200,119.59369387477636,qwen15b-npu4,
1782497934.3650944,200,117.94142192229629,qwen15b-npu5,
1782497934.3654306,200,122.15943215414882,qwen15b-npu4,
1782497934.3665478,200,122.82427633181214,qwen15b-npu4,
1782497934.3787878,200,120.83084275946021,qwen15b-npu7,
1782497934.3844705,200,127.66762915998697,qwen15b-npu6,
1782497934.387442,200,110.27032183483243,qwen15b-npu5,
1782497934.3877718,200,117.8893931210041,qwen15b-npu5,
1782497934.3887284,200,112.68720682710409,qwen15b-npu4,
1782497934.3904622,200,132.94585421681404,qwen15b-npu3,
1782497934.3907661,200,142.89711136370897,qwen15b-npu3,
1782497934.3911312,200,126.13182794302702,qwen15b-npu3,
1782497934.4082832,200,140.76690701767802,qwen15b-npu7,
1782497934.4112642,200,119.9574968777597,qwen15b-npu5,
1782497934.4149106,200,145.4118969850242,qwen15b-npu6,
1782497934.4153478,200,147.4293009378016,qwen15b-npu6,
1782497934.4218903,200,144.99899512156844,qwen15b-npu3,
1782497934.4355328,200,121.13147415220737,qwen15b-npu7,
1782497934.436801,200,107.13140107691288,qwen15b-npu4,
1782497934.4403577,200,148.70523940771818,qwen15b-npu6,
1782497934.462085,200,122.43274413049221,qwen15b-npu4,
1782497934.4624593,200,126.14052789285779,qwen15b-npu4,
1782497934.4635463,200,139.06462490558624,qwen15b-npu7,
1782497934.4691613,200,145.0247447937727,qwen15b-npu6,
1782497934.4694903,200,130.53992670029402,qwen15b-npu6,
1782497934.476408,200,146.40274411067367,qwen15b-npu3,
1782497934.477139,200,141.69549336656928,qwen15b-npu3,
1782497934.4826708,200,116.02303013205528,qwen15b-npu5,
1782497934.485401,200,121.57661700621247,qwen15b-npu4,
1782497934.4907718,200,132.3888599872589,qwen15b-npu7,
1782497934.4911418,200,138.85223399847746,qwen15b-npu7,
1782497934.4918826,200,126.35501008480787,qwen15b-npu7,
1782497934.4970508,200,131.86604715883732,qwen15b-npu6,
1782497934.4973645,200,145.9116511978209,qwen15b-npu6,
1782497934.5057375,200,126.85329280793667,qwen15b-npu3,
1782497934.5061114,200,149.16061330586672,qwen15b-npu3,
1782497934.5070271,200,142.6205593161285,qwen15b-npu3,
1782497934.5085115,200,120.61944138258696,qwen15b-npu5,
1782497934.5088134,200,119.97788678854704,qwen15b-npu5,
1782497934.5091984,200,118.65110695362091,qwen15b-npu5,
1782497934.5100179,200,122.48226394876838,qwen15b-npu4,
1782497934.5179856,200,133.43484699726105,qwen15b-npu7,
1782497934.5182977,200,127.0474442280829,qwen15b-npu7,
1782497934.524728,200,133.8593102991581,qwen15b-npu6,
1782497934.5317717,200,116.71928502619267,qwen15b-npu5,
1782497934.5358143,200,120.3444991260767,qwen15b-npu4,
1782497934.536247,200,127.76133930310607,qwen15b-npu4,
1782497934.5573003,200,135.31129015609622,qwen15b-npu3,
1782497934.5579143,200,146.49609522894025,qwen15b-npu3,
1782497934.5709245,200,134.0265809558332,qwen15b-npu7,
1782497934.5793252,200,110.07340997457504,qwen15b-npu5,
1782497934.5802345,200,117.71427188068628,qwen15b-npu5,
1782497934.5814166,200,140.96680795773864,qwen15b-npu6,
1782497934.5824924,200,112.86829877644777,qwen15b-npu4,
1782497934.5829568,200,147.3284400999546,qwen15b-npu6,
1782497934.5843294,200,122.12584121152759,qwen15b-npu3,
1782497934.5978117,200,134.17765172198415,qwen15b-npu7,
1782497934.602885,200,120.12620689347386,qwen15b-npu5,
1782497934.6069899,200,109.86713878810406,qwen15b-npu4,
1782497934.6073623,200,116.12540995702147,qwen15b-npu4,
1782497934.609337,200,123.82613308727741,qwen15b-npu6,
1782497934.6097353,200,133.22766590863466,qwen15b-npu6,
1782497934.6109257,200,133.7060290388763,qwen15b-npu3,
1782497934.6336,200,127.42104707285762,qwen15b-npu5,
1782497934.633927,200,109.1248937882483,qwen15b-npu4,
1782497934.6351264,200,116.6970650665462,qwen15b-npu5,
1782497934.6355462,200,143.5926458798349,qwen15b-npu7,
1782497934.636484,200,129.3594897724688,qwen15b-npu7,
1782497934.6368792,200,145.99927188828588,qwen15b-npu7,
1782497934.6394937,200,130.9015299193561,qwen15b-npu6,
1782497934.6402795,200,134.41967405378819,qwen15b-npu6,
1782497934.6406355,200,130.53638814017177,qwen15b-npu6,
1782497934.6409593,200,132.0419884286821,qwen15b-npu3,
1782497934.641739,200,144.27026035264134,qwen15b-npu3,
1782497934.653101,200,143.81307736039162,qwen15b-npu7,
1782497934.653416,200,135.35732962191105,qwen15b-npu7,
1782497934.6577404,200,121.39362562447786,qwen15b-npu4,
1782497934.6587982,200,126.91995315253735,qwen15b-npu4,
1782497934.6595128,200,123.56729106977582,qwen15b-npu4,
1782497934.6777937,200,119.81225572526455,qwen15b-npu5,
1782497934.6784732,200,121.10403412953019,qwen15b-npu7,
1782497934.6808524,200,109.83079811558127,qwen15b-npu4,
1782497934.7031996,200,120.60255091637373,qwen15b-npu5,
1782497934.703542,200,123.14384803175926,qwen15b-npu5,
1782497934.7044215,200,106.51339637115598,qwen15b-npu4,
1782497934.7056615,200,124.13821369409561,qwen15b-npu7,
1782497934.7165563,200,132.10728811100125,qwen15b-npu3,
1782497934.7230592,200,143.6502756550908,qwen15b-npu6,
1782497934.7234664,200,140.40701370686293,qwen15b-npu6,
1782497934.7282703,200,120.84514182060957,qwen15b-npu4,
1782497934.7293315,200,122.25800193846226,qwen15b-npu5,
1782497934.729648,200,118.63146722316742,qwen15b-npu5,
1782497934.7315004,200,128.54459416121244,qwen15b-npu7,
1782497934.7442539,200,134.39753418788314,qwen15b-npu3,
1782497934.7494934,200,140.05724200978875,qwen15b-npu6,
1782497934.7529871,200,111.17727681994438,qwen15b-npu4,
1782497934.7553415,200,114.61200984194875,qwen15b-npu5,
1782497934.7556944,200,114.61521126329899,qwen15b-npu5,
1782497934.7561324,200,122.43108311668038,qwen15b-npu5,
1782497934.7594352,200,122.87194607779384,qwen15b-npu7,
1782497934.7751856,200,135.59087179601192,qwen15b-npu3,
1782497934.7754846,200,139.8285310715437,qwen15b-npu3,
1782497934.775777,200,141.75245305523276,qwen15b-npu3,
1782497934.7760537,200,122.57635407149792,qwen15b-npu3,
1782497934.7776155,200,124.43562690168619,qwen15b-npu4,
1782497934.7808714,200,145.63095895573497,qwen15b-npu6,
1782497934.7811933,200,144.2014896310866,qwen15b-npu6,
1782497934.7814817,200,141.09500870108604,qwen15b-npu6,
1782497934.8001986,200,140.55993501096964,qwen15b-npu3,
1782497934.8006625,200,141.75630314275622,qwen15b-npu3,
1782497934.8033056,200,125.41800364851952,qwen15b-npu4,
1782497934.8089166,200,127.98707000911236,qwen15b-npu6,
1782497934.8092692,200,151.45951882004738,qwen15b-npu6,
1782497934.812893,200,134.36016300693154,qwen15b-npu7,
1782497934.826564,200,122.91236594319344,qwen15b-npu3,
1782497934.8286965,200,125.40218327194452,qwen15b-npu5,
1782497934.8295944,200,112.95085912570357,qwen15b-npu4,
1782497934.8303747,200,125.84046553820372,qwen15b-npu4,
1782497934.8397136,200,133.97622993215919,qwen15b-npu7,
1782497934.8399773,200,116.40722211450338,qwen15b-npu7,
1782497934.8545964,200,126.24622788280249,qwen15b-npu5,
1782497934.8549097,200,125.50056399777532,qwen15b-npu3,
1782497934.8551555,200,131.99085695669055,qwen15b-npu3,
1782497934.8651884,200,135.46107104048133,qwen15b-npu6,
1782497934.86705,200,135.48083091154695,qwen15b-npu7,
1782497934.8674033,200,123.05036839097738,qwen15b-npu7,
1782497934.8774898,200,124.40032605081797,qwen15b-npu4,
1782497934.8798556,200,124.06160403043032,qwen15b-npu5,
1782497934.8804572,200,124.25740482285619,qwen15b-npu5,
1782497934.8812952,200,121.76912883296609,qwen15b-npu3,
1782497934.8930001,200,117.7271818742156,qwen15b-npu7,
1782497934.8944094,200,138.96303437650204,qwen15b-npu6,
1782497934.894726,200,145.13916615396738,qwen15b-npu6,
1782497934.9019485,200,124.26926614716649,qwen15b-npu4,
1782497934.9025192,200,126.39831006526947,qwen15b-npu4,
1782497934.90595,200,130.0966450944543,qwen15b-npu5,
1782497934.9067538,200,125.49549387767911,qwen15b-npu5,
1782497934.9088671,200,133.29650601372123,qwen15b-npu3,
1782497934.9199605,200,119.63440384715796,qwen15b-npu7,
1782497934.922262,200,140.7061661593616,qwen15b-npu6,
1782497934.9226294,200,141.65866328403354,qwen15b-npu6,
1782497934.9348128,200,134.0294210240245,qwen15b-npu3,
1782497934.9461281,200,137.1270315721631,qwen15b-npu7,
1782497934.946481,200,143.07468198239803,qwen15b-npu7,
1782497934.9505775,200,123.92218317836523,qwen15b-npu4,
1782497934.9510598,200,122.26451188325882,qwen15b-npu4,
1782497934.9518657,200,138.90876295045018,qwen15b-npu6,
1782497934.9524248,200,143.07994209229946,qwen15b-npu6,
1782497934.9565468,200,126.88600271940231,qwen15b-npu5,
1782497934.9624052,200,131.9288769736886,qwen15b-npu3,
1782497934.9735808,200,118.59427718445659,qwen15b-npu7,
1782497934.9748993,200,107.76647366583347,qwen15b-npu4,
1782497934.9753492,200,120.65823096781969,qwen15b-npu4,
1782497934.979931,200,140.14236209914088,qwen15b-npu6,
1782497934.9803069,200,140.25564258918166,qwen15b-npu6,
1782497934.9904315,200,125.17369212582707,qwen15b-npu3,
1782497934.9907684,200,135.5514209717512,qwen15b-npu3,
1782497934.9992056,200,131.6897259093821,qwen15b-npu4,
1782497935.005773,200,124.35305584222078,qwen15b-npu5,
1782497935.0066867,200,126.15979788824916,qwen15b-npu5,
1782497935.0085416,200,130.9369201771915,qwen15b-npu6,
1782497935.0183847,200,123.89711337164044,qwen15b-npu3,
1782497935.019114,200,139.18539602309465,qwen15b-npu3,
1782497935.0314722,200,124.61773818358779,qwen15b-npu5,
1782497935.031862,200,125.84569584578276,qwen15b-npu5,
1782497935.0339859,200,131.97402795776725,qwen15b-npu7,
1782497935.0342758,200,139.47290694341063,qwen15b-npu7,
1782497935.0349002,200,125.90737687423825,qwen15b-npu7,
1782497935.035333,200,142.26400712504983,qwen15b-npu7,
1782497935.0363727,200,133.78912024199963,qwen15b-npu6,
1782497935.048961,200,126.59612111747265,qwen15b-npu4,
1782497935.049383,200,129.31053899228573,qwen15b-npu4,
1782497935.0603065,200,137.60431576520205,qwen15b-npu7,
1782497935.0725732,200,115.9607102163136,qwen15b-npu4,
1782497935.0738854,200,121.94890016689897,qwen15b-npu4,
1782497935.074186,200,139.30265698581934,qwen15b-npu3,
1782497935.0745375,200,127.97157000750303,qwen15b-npu3,
1782497935.076092,200,123.59601072967052,qwen15b-npu3,
1782497935.0811095,200,130.42336609214544,qwen15b-npu5,
1782497935.0878572,200,136.68617885559797,qwen15b-npu7,
1782497935.092907,200,130.39905717596412,qwen15b-npu6,
1782497935.093302,200,147.07499835640192,qwen15b-npu6,
1782497935.0990818,200,118.70001815259457,qwen15b-npu3,
1782497935.0995214,200,119.4881428964436,qwen15b-npu4,
1782497935.0998445,200,126.16535788401961,qwen15b-npu4,
1782497935.1169217,200,141.948273871094,qwen15b-npu7,
1782497935.1195421,200,144.11009894683957,qwen15b-npu6,
1782497935.1201723,200,129.65315207839012,qwen15b-npu6,
1782497935.1277437,200,120.95347279682755,qwen15b-npu3,
1782497935.1285353,200,137.69576605409384,qwen15b-npu3,
1782497935.1310933,200,131.76558539271355,qwen15b-npu5,
1782497935.1315863,200,112.38307598978281,qwen15b-npu5,
1782497935.144963,200,139.10665595903993,qwen15b-npu7,
1782497935.145328,200,126.8655234016478,qwen15b-npu7,
1782497935.1462476,200,137.56232475861907,qwen15b-npu6,
1782497935.1534677,200,118.4971472248435,qwen15b-npu3,
1782497935.154624,200,122.65892513096333,qwen15b-npu5,
1782497935.1548984,200,120.82777172327042,qwen15b-npu5,
1782497935.170268,200,121.19587464258075,qwen15b-npu4,
1782497935.1742063,200,137.76916591450572,qwen15b-npu7,
1782497935.1745434,200,142.95111177489161,qwen15b-npu7,
1782497935.1756012,200,140.19812317565084,qwen15b-npu6,
1782497935.179699,200,130.18724508583546,qwen15b-npu5,
1782497935.1812859,200,146.9224584288895,qwen15b-npu3,
1782497935.1816828,200,121.27501610666513,qwen15b-npu3,
1782497935.1940665,200,121.39536580070853,qwen15b-npu4,
1782497935.2032557,200,129.28996002301574,qwen15b-npu6,
1782497935.2054024,200,124.19601483270526,qwen15b-npu5,
1782497935.2057471,200,131.45771296694875,qwen15b-npu5,
1782497935.2066915,200,132.06295808777213,qwen15b-npu7,
1782497935.2075853,200,131.36113295331597,qwen15b-npu5,
1782497935.2193868,200,125.98169688135386,qwen15b-npu4,
1782497935.220317,200,127.3035160265863,qwen15b-npu4,
1782497935.2286487,200,129.0515367873013,qwen15b-npu5,
1782497935.2319486,200,144.00470815598965,qwen15b-npu6,
1782497935.2332604,200,116.24382110312581,qwen15b-npu3,
1782497935.2339675,200,134.77859599515796,qwen15b-npu3,
1782497935.2366931,200,136.75499893724918,qwen15b-npu7,
1782497935.2435656,200,123.94429417327046,qwen15b-npu4,
1782497935.2439423,200,112.67739674076438,qwen15b-npu4,
1782497935.2533932,200,133.14367504790425,qwen15b-npu5,
1782497935.2593615,200,127.66393879428506,qwen15b-npu3,
1782497935.2616265,200,132.99328368157148,qwen15b-npu6,
1782497935.2619495,200,134.10147093236446,qwen15b-npu6,
1782497935.2664866,200,112.90250904858112,qwen15b-npu4,
1782497935.2869153,200,140.60696493834257,qwen15b-npu3,
1782497935.2893867,200,134.41365398466587,qwen15b-npu6,
1782497935.2915416,200,110.15301989391446,qwen15b-npu4,
1782497935.2927155,200,112.91256919503212,qwen15b-npu4,
1782497935.2936745,200,148.26296595856547,qwen15b-npu7,
1782497935.2943985,200,139.6946287713945,qwen15b-npu7,
1782497935.2946725,200,149.61611619219184,qwen15b-npu7,
1782497935.3044298,200,129.77466266602278,qwen15b-npu5,
1782497935.3048143,200,134.44667402654886,qwen15b-npu5,
1782497935.3132882,200,137.59866496548057,qwen15b-npu3,
1782497935.3154871,200,107.79369482770562,qwen15b-npu4,
1782497935.321774,200,127.62929778546095,qwen15b-npu6,
1782497935.3220434,200,140.25334315374494,qwen15b-npu6,
1782497935.3228528,200,148.54119904339314,qwen15b-npu6,
1782497935.3305757,200,127.25687632337213,qwen15b-npu5,
1782497935.330854,200,124.02133271098137,qwen15b-npu5,
1782497935.3315039,200,125.6838752888143,qwen15b-npu5,
1782497935.3397963,200,134.29724285379052,qwen15b-npu3,
1782497935.3445978,200,124.17870480567217,qwen15b-npu7,
1782497935.3475287,200,128.05931083858013,qwen15b-npu6,
1782497935.3536289,200,124.85295999795198,qwen15b-npu5,
1782497935.364172,200,120.51410973072052,qwen15b-npu4,
1782497935.3670669,200,123.00493707880378,qwen15b-npu3,
1782497935.3674793,200,130.70535892620683,qwen15b-npu3,
1782497935.3717008,200,139.66589886695147,qwen15b-npu7,
1782497935.3766618,200,142.59660756215453,qwen15b-npu6,
1782497935.3770766,200,143.7556161545217,qwen15b-npu6,
1782497935.3781626,200,124.67970885336399,qwen15b-npu5,
1782497935.3890345,200,129.57907188683748,qwen15b-npu4,
1782497935.399731,200,138.00884829834104,qwen15b-npu7,
1782497935.400052,200,138.00291810184717,qwen15b-npu7,
1782497935.4008408,200,134.25884302705526,qwen15b-npu7,
1782497935.413863,200,126.84399308636785,qwen15b-npu4,
1782497935.4141479,200,120.37191912531853,qwen15b-npu4,
1782497935.4199867,200,127.15456541627645,qwen15b-npu3,
1782497935.4203737,200,125.89809577912092,qwen15b-npu3,
1782497935.4259741,200,136.50481775403023,qwen15b-npu7,
1782497935.4266922,200,122.14285088703036,qwen15b-npu7,
1782497935.4292483,200,137.62897485867143,qwen15b-npu5,
1782497935.4295387,200,134.7865159623325,qwen15b-npu6,
1782497935.4299555,200,124.9896609224379,qwen15b-npu5,
1782497935.4383013,200,116.14997126162052,qwen15b-npu4,
1782497935.4386446,200,123.09704720973969,qwen15b-npu4,
1782497935.4467278,200,115.09730387479067,qwen15b-npu3,
1782497935.4471102,200,124.1724151186645,qwen15b-npu3,
1782497935.4515812,200,129.73688170313835,qwen15b-npu5,
1782497935.4524026,200,121.42546661198139,qwen15b-npu5,
1782497935.4535391,200,122.88920627906919,qwen15b-npu7,
1782497935.4562678,200,142.89855118840933,qwen15b-npu6,
1782497935.4629078,200,109.18771382421255,qwen15b-npu4,
1782497935.4798357,200,135.13292791321874,qwen15b-npu7,
1782497935.4853132,200,137.69587595015764,qwen15b-npu6,
1782497935.4856668,200,145.79579001292586,qwen15b-npu6,
1782497935.4868941,200,109.72292767837644,qwen15b-npu4,
1782497935.4991105,200,131.53570517897606,qwen15b-npu3,
1782497935.4993966,200,132.20977876335382,qwen15b-npu3,
1782497935.5010076,200,111.8773021735251,qwen15b-npu5,
1782497935.5015254,200,129.74461168050766,qwen15b-npu5,
1782497935.5018296,200,125.05211122334003,qwen15b-npu5,
1782497935.5065541,200,142.30112684890628,qwen15b-npu7,
1782497935.506885,200,128.63932503387332,qwen15b-npu7,
1782497935.5111678,200,111.01438710466027,qwen15b-npu4,
1782497935.5255022,200,124.56818670034409,qwen15b-npu3,
1782497935.5333161,200,133.49455827847123,qwen15b-npu7,
1782497935.5387337,200,124.51815698295832,qwen15b-npu6,
1782497935.5394225,200,125.49060396850109,qwen15b-npu6,
1782497935.5492022,200,128.73577466234565,qwen15b-npu5,
1782497935.5495355,200,111.14781768992543,qwen15b-npu5,
1782497935.5539174,200,127.12535494938493,qwen15b-npu3,
1782497935.554305,200,128.2689431682229,qwen15b-npu3,
1782497935.5607343,200,131.40010321512818,qwen15b-npu7,
1782497935.5609791,200,122.24272219464183,qwen15b-npu4,
1782497935.561222,200,131.14090077579021,qwen15b-npu4,
1782497935.5616066,200,131.99184788390994,qwen15b-npu4,
1782497935.567049,200,119.84428483992815,qwen15b-npu6,
1782497935.5680122,200,147.91920501738787,qwen15b-npu6,
1782497935.5832994,200,136.471058242023,qwen15b-npu3,
1782497935.5840244,200,127.69696908071637,qwen15b-npu4,
1782497935.5891254,200,126.12404813989997,qwen15b-npu7,
1782497935.5894904,200,135.87220292538404,qwen15b-npu7,
1782497935.5899615,200,138.32168886438012,qwen15b-npu7,
1782497935.5927267,200,140.2193931862712,qwen15b-npu6,
1782497935.598167,200,112.75295820087194,qwen15b-npu5,
1782497935.5988934,200,111.91811272874475,qwen15b-npu5,
1782497935.5993912,200,113.60468389466405,qwen15b-npu5,
1782497935.6078262,200,106.7080576904118,qwen15b-npu4,
1782497935.622218,200,142.30850571766496,qwen15b-npu6,
1782497935.6225784,200,120.64600130543113,qwen15b-npu6,
1782497935.632887,200,121.62672774866223,qwen15b-npu4,
1782497935.636283,200,129.31029917672276,qwen15b-npu3,
1782497935.6366508,200,135.03370666876435,qwen15b-npu3,
1782497935.63706,200,137.48987391591072,qwen15b-npu3,
1782497935.643319,200,144.13118921220303,qwen15b-npu7,
1782497935.6501188,200,143.47883500158787,qwen15b-npu6,
1782497935.6555965,200,122.21491197124124,qwen15b-npu4,
1782497935.6595736,200,133.98803118616343,qwen15b-npu3,
1782497935.6710584,200,121.78167887032032,qwen15b-npu5,
1782497935.6718426,200,110.13886984437704,qwen15b-npu5,
1782497935.672191,200,122.53205291926861,qwen15b-npu7,
1782497935.6725857,200,133.10153502970934,qwen15b-npu5,
1782497935.6733315,200,134.53363394364715,qwen15b-npu7,
1782497935.680515,200,113.3811017498374,qwen15b-npu4,
1782497935.6813333,200,113.21732075884938,qwen15b-npu4,
1782497935.6864202,200,132.0205880329013,qwen15b-npu3,
1782497935.6867402,200,125.40269317105412,qwen15b-npu3,
1782497935.6932347,200,109.82902906835079,qwen15b-npu5,
1782497935.6980472,200,144.01479810476303,qwen15b-npu7,
1782497935.7038476,200,113.82207507267594,qwen15b-npu4,
1782497935.7101333,200,149.09155201166868,qwen15b-npu6,
1782497935.7104158,200,149.6102763339877,qwen15b-npu6,
1782497935.7106833,200,126.57891074195504,qwen15b-npu6,
1782497935.7136672,200,124.43422572687268,qwen15b-npu3,
1782497935.718127,200,128.54711385443807,qwen15b-npu5,
1782497935.7184856,200,110.55900389328599,qwen15b-npu5,
1782497935.7259881,200,127.7332091704011,qwen15b-npu7,
1782497935.7263882,200,133.5745481774211,qwen15b-npu7,
1782497935.732385,200,133.41242726892233,qwen15b-npu6,
1782497935.7396414,200,140.1317222043872,qwen15b-npu3,
1782497935.7527723,200,119.78870537132025,qwen15b-npu4,
1782497935.7534838,200,131.1768419109285,qwen15b-npu7,
1782497935.7546208,200,131.88836676999927,qwen15b-npu4,
1782497935.7549715,200,111.55914980918169,qwen15b-npu4,
1782497935.762281,200,125.52371388301253,qwen15b-npu6,
1782497935.762659,200,125.52690412849188,qwen15b-npu6,
1782497935.765319,200,128.9282259531319,qwen15b-npu5,
1782497935.7765322,200,116.89631594344974,qwen15b-npu4,
1782497935.7889879,200,138.77960294485092,qwen15b-npu6,
1782497935.7901251,200,118.9692597836256,qwen15b-npu5,
1782497935.7951365,200,122.4594428204,qwen15b-npu3,
1782497935.7954857,200,139.82407003641129,qwen15b-npu3,
1782497935.800927,200,128.59569489955902,qwen15b-npu4,
1782497935.8095717,200,128.98179702460766,qwen15b-npu7,
1782497935.8099258,200,137.99337670207024,qwen15b-npu7,
1782497935.8189082,200,145.49502823501825,qwen15b-npu6,
1782497935.819301,200,132.78993219137192,qwen15b-npu6,
1782497935.8220007,200,135.14477899298072,qwen15b-npu3,
1782497935.8223946,200,140.961698256433,qwen15b-npu3,
1782497935.8229086,200,129.59827203303576,qwen15b-npu3,
1782497935.826781,200,128.62180499359965,qwen15b-npu4,
1782497935.8274717,200,113.70947398245335,qwen15b-npu4,
1782497935.8391426,200,128.39529290795326,qwen15b-npu7,
1782497935.8395505,200,135.61250176280737,qwen15b-npu7,
1782497935.8408248,200,122.24212195724249,qwen15b-npu5,
1782497935.841482,200,109.01511274278164,qwen15b-npu5,
1782497935.8418398,200,115.34735606983304,qwen15b-npu5,
1782497935.8423872,200,124.16882487013936,qwen15b-npu5,
1782497935.8452537,200,135.03786781802773,qwen15b-npu6,
1782497935.8472056,200,136.72705879434943,qwen15b-npu3,
1782497935.8624403,200,107.71620413288474,qwen15b-npu5,
1782497935.8649814,200,138.89003405347466,qwen15b-npu7,
1782497935.871209,200,131.4621833153069,qwen15b-npu6,
1782497935.8757772,200,122.89205612614751,qwen15b-npu3,
1782497935.8761857,200,121.1400250904262,qwen15b-npu3,
1782497935.8926997,200,139.13608575239778,qwen15b-npu7,
1782497935.9009175,200,138.52507108822465,qwen15b-npu3,
1782497935.9012837,200,138.5260419920087,qwen15b-npu6,
1782497935.9017818,200,136.3640772178769,qwen15b-npu6,
1782497935.9107378,200,121.6745381243527,qwen15b-npu5,
1782497935.9197443,200,143.1135619059205,qwen15b-npu7,
1782497935.923198,200,113.5321231558919,qwen15b-npu4,
1782497935.924348,200,128.75052634626627,qwen15b-npu4,
1782497935.9246874,200,129.47787111625075,qwen15b-npu4,
1782497935.9274325,200,137.21404178068042,qwen15b-npu3,
1782497935.9348435,200,107.2471309453249,qwen15b-npu5,
1782497935.9478648,200,120.97669392824173,qwen15b-npu4,
1782497935.9485378,200,147.47805101796985,qwen15b-npu7,
1782497935.9489377,200,126.8196627497673,qwen15b-npu4,
1782497935.9492216,200,130.25057595223188,qwen15b-npu7,
1782497935.9527776,200,130.25512639433146,qwen15b-npu3,
1782497935.9544287,200,144.41894087940454,qwen15b-npu6,
1782497935.9547205,200,135.3341299109161,qwen15b-npu6,
1782497935.9551249,200,132.09569873288274,qwen15b-npu6,
1782497935.9594507,200,112.18152521178126,qwen15b-npu5,
1782497935.960186,200,119.2610221914947,qwen15b-npu5,
1782497935.9712121,200,108.70914114639163,qwen15b-npu4,
1782497935.9762244,200,136.9850211776793,qwen15b-npu7,
1782497935.9770637,200,131.73832604661584,qwen15b-npu7,
1782497935.977331,200,135.39166003465652,qwen15b-npu7,
1782497935.9802227,200,137.7386855892837,qwen15b-npu3,
1782497935.980543,200,140.92798717319965,qwen15b-npu3,
1782497935.9812603,200,139.68217931687832,qwen15b-npu6,
1782497935.9833703,200,107.09573002532125,qwen15b-npu5,
1782497935.9956005,200,119.71014505252242,qwen15b-npu4,
1782497936.0066698,200,135.3579401038587,qwen15b-npu3,
1782497936.0083559,200,106.47207498550415,qwen15b-npu5,
1782497936.0094519,200,144.40557081252337,qwen15b-npu6,
1782497936.0208468,200,110.01638881862164,qwen15b-npu4,
1782497936.0326686,200,112.86422936245799,qwen15b-npu5,
1782497936.0388112,200,137.43226369842887,qwen15b-npu6,
1782497936.0391812,200,138.15203914418817,qwen15b-npu6,
1782497936.0395598,200,146.7667268589139,qwen15b-npu6,
1782497936.0445373,200,120.09225785732269,qwen15b-npu4,
1782497936.0555282,200,128.03542101755738,qwen15b-npu7,
1782497936.0558465,200,131.05835113674402,qwen15b-npu7,
1782497936.0569339,200,122.00190965086222,qwen15b-npu5,
1782497936.0574574,200,134.16676176711917,qwen15b-npu3,
1782497936.0699124,200,115.39977602660656,qwen15b-npu4,
1782497936.0706775,200,121.66168820112944,qwen15b-npu4,
1782497936.0806313,200,125.83654606714845,qwen15b-npu5,
1782497936.0809705,200,121.4385973289609,qwen15b-npu5,
1782497936.0833383,200,128.10566183179617,qwen15b-npu7,
1782497936.083695,200,134.37533285468817,qwen15b-npu7,
1782497936.0844123,200,135.75792266055942,qwen15b-npu7,
1782497936.0859003,200,125.61999494209886,qwen15b-npu3,
1782497936.0935462,200,145.57282906025648,qwen15b-npu6,
1782497936.0943656,200,141.49292185902596,qwen15b-npu6,
1782497936.0949311,200,118.63863794133067,qwen15b-npu4,
1782497936.1042762,200,127.14496441185474,qwen15b-npu5,
1782497936.1093683,200,138.07757897302508,qwen15b-npu7,
1782497936.1155899,200,134.25423204898834,qwen15b-npu3,
1782497936.1158597,200,135.55620098486543,qwen15b-npu3,
1782497936.116096,200,132.66365183517337,qwen15b-npu3,
1782497936.1163416,200,135.73857210576534,qwen15b-npu3,
1782497936.1209605,200,143.52673524990678,qwen15b-npu6,
1782497936.121286,200,125.59259496629238,qwen15b-npu4,
1782497936.1221704,200,115.38778617978096,qwen15b-npu4,
1782497936.1374254,200,127.89236009120941,qwen15b-npu7,
1782497936.140246,200,131.78904633969069,qwen15b-npu3,
1782497936.153479,200,132.543811108917,qwen15b-npu5,
1782497936.1538546,200,114.93641324341297,qwen15b-npu5,
1782497936.164805,200,120.19448820501566,qwen15b-npu7,
1782497936.1689663,200,129.69263177365065,qwen15b-npu4,
1782497936.169368,200,113.46120294183493,qwen15b-npu4,
1782497936.176376,200,118.81631892174482,qwen15b-npu5,
1782497936.1891108,200,149.4275750592351,qwen15b-npu6,
1782497936.189513,200,156.78137401118875,qwen15b-npu6,
1782497936.1923473,200,111.30050802603364,qwen15b-npu4,
1782497936.1938868,200,136.84997987002134,qwen15b-npu3,
1782497936.194252,200,123.47280001267791,qwen15b-npu3,
1782497936.2018094,200,118.36264608427882,qwen15b-npu5,
1782497936.2021852,200,121.46192695945501,qwen15b-npu5,
1782497936.2045624,200,148.938762024045,qwen15b-npu7,
1782497936.215313,200,145.33138694241643,qwen15b-npu6,
1782497936.2165675,200,107.13662998750806,qwen15b-npu4,
1782497936.219272,200,124.78710804134607,qwen15b-npu3,
1782497936.2200465,200,134.0383510105312,qwen15b-npu3,
1782497936.2263844,200,122.03849013894796,qwen15b-npu5,
1782497936.2267325,200,111.0622868873179,qwen15b-npu5,
1782497936.2393854,200,155.59355588629842,qwen15b-npu7,
1782497936.2399848,200,144.95774498209357,qwen15b-npu7,
1782497936.2480943,200,132.16703804209828,qwen15b-npu4,
1782497936.248398,200,127.03583389520645,qwen15b-npu4,
1782497936.2489028,200,164.3950561992824,qwen15b-npu6,
1782497936.2494097,200,155.7525871321559,qwen15b-npu6,
1782497936.2545984,200,138.43975076451898,qwen15b-npu3,
1782497936.2550538,200,133.9944708161056,qwen15b-npu3,
1782497936.2628531,200,146.43539395183325,qwen15b-npu7,
1782497936.2636013,200,141.30313973873854,qwen15b-npu7,
1782497936.2711933,200,130.85509976372123,qwen15b-npu6,
1782497936.2721117,200,134.60300490260124,qwen15b-npu4,
1782497936.2960355,200,126.55990105122328,qwen15b-npu4,
1782497936.3000937,200,146.14627277478576,qwen15b-npu6,
1782497936.3004353,200,146.85236709192395,qwen15b-npu6,
1782497936.3013637,200,111.7444010451436,qwen15b-npu5,
1782497936.3019905,200,109.55966683104634,qwen15b-npu5,
1782497936.3064842,200,130.03764394670725,qwen15b-npu3,
1782497936.3181083,200,153.2092997804284,qwen15b-npu7,
1782497936.318535,200,149.4681453332305,qwen15b-npu7,
1782497936.32068,200,118.39393572881818,qwen15b-npu4,
1782497936.325889,200,109.25677418708801,qwen15b-npu5,
1782497936.3269258,200,132.53199122846127,qwen15b-npu5,
1782497936.3273442,200,122.71251529455185,qwen15b-npu5,
1782497936.3292103,200,135.21871902048588,qwen15b-npu6,
1782497936.3295734,200,140.35636419430375,qwen15b-npu6,
1782497936.3456862,200,119.21327095478773,qwen15b-npu4,
1782497936.3472512,200,131.8612270988524,qwen15b-npu7,
1782497936.3475604,200,145.6529488787055,qwen15b-npu7,
1782497936.3480766,200,128.70653485879302,qwen15b-npu7,
1782497936.3611276,200,134.31388279423118,qwen15b-npu3,
1782497936.361511,200,141.39213133603334,qwen15b-npu3,
1782497936.3702424,200,121.71505810692906,qwen15b-npu4,
1782497936.3729866,200,110.03088019788265,qwen15b-npu5,
1782497936.3734276,200,133.944031316787,qwen15b-npu7,
1782497936.3834624,200,143.37435411289334,qwen15b-npu6,
1782497936.3842309,200,135.1727992296219,qwen15b-npu6,
1782497936.3846123,200,135.0448583252728,qwen15b-npu6,
1782497936.392647,200,137.47996417805552,qwen15b-npu3,
1782497936.3930173,200,138.32929963245988,qwen15b-npu3,
1782497936.3933544,200,145.18067613244057,qwen15b-npu3,
1782497936.395021,200,131.2917028553784,qwen15b-npu4,
1782497936.3968813,200,125.58053527027369,qwen15b-npu5,
1782497936.401071,200,128.862377256155,qwen15b-npu7,
1782497936.4195676,200,123.45108995214105,qwen15b-npu4,
1782497936.421904,200,115.33948592841625,qwen15b-npu5,
1782497936.4289014,200,128.35681345313787,qwen15b-npu7,
1782497936.4389892,200,136.91667094826698,qwen15b-npu6,
1782497936.4398344,200,138.41009978204966,qwen15b-npu6,
1782497936.4401815,200,121.53661716729403,qwen15b-npu6,
1782497936.4436777,200,143.50416511297226,qwen15b-npu3,
1782497936.4450486,200,115.39915530011058,qwen15b-npu4,
1782497936.4460077,200,116.69763503596187,qwen15b-npu4,
1782497936.4463158,200,125.55002374574542,qwen15b-npu4,
1782497936.44748,200,120.02869695425034,qwen15b-npu5,
1782497936.4567974,200,138.5735608637333,qwen15b-npu7,
1782497936.4681187,200,120.78151199966669,qwen15b-npu4,
1782497936.4704514,200,108.83467178791761,qwen15b-npu5,
1782497936.471468,200,125.67303469404578,qwen15b-npu5,
1782497936.4729295,200,145.88671131059527,qwen15b-npu3,
1782497936.4733326,200,147.37639110535383,qwen15b-npu3,
1782497936.484423,200,123.19498788565397,qwen15b-npu7,
1782497936.4934602,200,145.79403027892113,qwen15b-npu6,
1782497936.4938052,200,123.4847498126328,qwen15b-npu4,
1782497936.4946368,200,146.43971482291818,qwen15b-npu6,
1782497936.4957376,200,111.39490874484181,qwen15b-npu5,
1782497936.4980495,200,124.97237976640463,qwen15b-npu3,
1782497936.512692,200,129.13842825219035,qwen15b-npu7,
1782497936.5130363,200,139.49532760307193,qwen15b-npu7,
1782497936.5175607,200,124.14599489420652,qwen15b-npu4,
1782497936.5193548,200,122.37152270972729,qwen15b-npu5,
1782497936.519751,200,126.98856415227056,qwen15b-npu5,
1782497936.5207431,200,127.63602798804641,qwen15b-npu6,
1782497936.525332,200,130.20848482847214,qwen15b-npu3,
1782497936.5257416,200,141.00716775283217,qwen15b-npu3,
1782497936.539167,200,138.00326781347394,qwen15b-npu7,
1782497936.5478692,200,125.89360726997256,qwen15b-npu6,
1782497936.551685,200,122.69766489043832,qwen15b-npu3,
1782497936.5524302,200,132.78379198163748,qwen15b-npu3,
1782497936.5673878,200,127.14276509359479,qwen15b-npu4,
1782497936.5677145,200,122.56391393020749,qwen15b-npu4,
1782497936.568446,200,124.68981789425015,qwen15b-npu5,
1782497936.5696,200,122.03879095613956,qwen15b-npu5,
1782497936.5699081,200,130.84081979468465,qwen15b-npu7,
1782497936.5703197,200,130.39717683568597,qwen15b-npu7,
1782497936.5763571,200,119.4670433178544,qwen15b-npu6,
1782497936.5767577,200,130.34338597208261,qwen15b-npu6,
1782497936.582305,200,136.21493568643928,qwen15b-npu3,
1782497936.5911803,200,118.1536540389061,qwen15b-npu4,
1782497936.5916152,200,120.02156674861908,qwen15b-npu5,
1782497936.5940666,200,125.8625858463347,qwen15b-npu7,
1782497936.6044438,200,119.95257576927543,qwen15b-npu6,
1782497936.608805,200,138.26253870502114,qwen15b-npu3,
1782497936.6092374,200,135.8099728822708,qwen15b-npu3,
1782497936.6151736,200,117.04249680042267,qwen15b-npu5,
1782497936.6158834,200,120.04125723615289,qwen15b-npu4,
1782497936.6168334,200,122.12414108216763,qwen15b-npu4,
1782497936.6224508,200,128.89602640643716,qwen15b-npu7,
1782497936.634104,200,140.14759194105864,qwen15b-npu6,
1782497936.6398206,200,122.18083208426833,qwen15b-npu5,
1782497936.640535,200,120.706832036376,qwen15b-npu5,
1782497936.6418684,200,116.42740294337273,qwen15b-npu4,
1782497936.6487036,200,135.56625181809068,qwen15b-npu7,
1782497936.6493618,200,136.59259770065546,qwen15b-npu7,
1782497936.6597428,200,138.90187395736575,qwen15b-npu6,
1782497936.6632717,200,137.41436414420605,qwen15b-npu3,
1782497936.6636567,200,144.19715898111463,qwen15b-npu3,
1782497936.6653721,200,117.43413005024195,qwen15b-npu4,
1782497936.6656635,200,113.14040096476674,qwen15b-npu4,
1782497936.6752415,200,135.9861739911139,qwen15b-npu7,
1782497936.6874754,200,119.63608395308256,qwen15b-npu3,
1782497936.6885934,200,118.1742250919342,qwen15b-npu5,
1782497936.6893456,200,121.86355935409665,qwen15b-npu5,
1782497936.6902626,200,138.49767111241817,qwen15b-npu6,
1782497936.690559,200,108.16523712128401,qwen15b-npu4,
1782497936.7046425,200,136.10783498734236,qwen15b-npu7,
1782497936.7050202,200,128.55092389509082,qwen15b-npu7,
1782497936.712478,200,120.78909203410149,qwen15b-npu5,
1782497936.7137818,200,119.6105838753283,qwen15b-npu4,
1782497936.7147112,200,137.85442570224404,qwen15b-npu3,
1782497936.7202437,200,150.2665807493031,qwen15b-npu6,
1782497936.7211857,200,129.87992307171226,qwen15b-npu6,
1782497936.72163,200,151.93928219377995,qwen15b-npu6,
1782497936.7311249,200,122.19856167212129,qwen15b-npu7,
1782497936.736643,200,127.3168558254838,qwen15b-npu5,
1782497936.7446623,200,140.1552320457995,qwen15b-npu6,
1782497936.7585025,200,143.2470427826047,qwen15b-npu7,
1782497936.7588458,200,141.90170401707292,qwen15b-npu7,
1782497936.7618217,200,119.84553607180715,qwen15b-npu4,
1782497936.7640169,200,123.38912999257445,qwen15b-npu5,
1782497936.7643964,200,130.1893750205636,qwen15b-npu5,
1782497936.7714064,200,122.63461481779814,qwen15b-npu3,
1782497936.7720833,200,149.53514514490962,qwen15b-npu3,
1782497936.7724361,200,122.9909467510879,qwen15b-npu3,
1782497936.7728913,200,132.98336416482925,qwen15b-npu3,
1782497936.7736719,200,157.6920598745346,qwen15b-npu6,
1782497936.7854166,200,122.03114107251167,qwen15b-npu7,
1782497936.7869139,200,123.13404772430658,qwen15b-npu4,
1782497936.7950041,200,135.18078858032823,qwen15b-npu3,
1782497936.8013363,200,135.58728201314807,qwen15b-npu6,
1782497936.8017006,200,136.24156592413783,qwen15b-npu6,
1782497936.802045,200,126.72311160713434,qwen15b-npu6,
1782497936.8101227,200,105.38342874497175,qwen15b-npu4,
1782497936.8120055,200,121.67303776368499,qwen15b-npu5,
1782497936.8138885,200,124.47235686704516,qwen15b-npu7,
1782497936.8141727,200,125.47765299677849,qwen15b-npu7,
1782497936.8226423,200,135.0689879618585,qwen15b-npu3,
1782497936.8232334,200,118.10628371313214,qwen15b-npu3,
1782497936.8271708,200,136.4941676147282,qwen15b-npu6,
1782497936.8353214,200,113.59511315822601,qwen15b-npu4,
1782497936.83619,200,123.59591107815504,qwen15b-npu4,
1782497936.8369741,200,115.68387690931559,qwen15b-npu5,
1782497936.8391786,200,118.8714187592268,qwen15b-npu7,
1782497936.848623,200,117.39963991567492,qwen15b-npu3,
1782497936.8549807,200,141.11619908362627,qwen15b-npu6,
1782497936.8553038,200,140.5189549550414,qwen15b-npu6,
1782497936.8619006,200,117.17128800228238,qwen15b-npu5,
1782497936.8660815,200,129.37561981379986,qwen15b-npu7,
1782497936.885241,200,112.28762473911047,qwen15b-npu4,
1782497936.8859339,200,113.75570530071855,qwen15b-npu4,
1782497936.8864148,200,122.29214189574122,qwen15b-npu4,
1782497936.886951,200,125.01890026032925,qwen15b-npu4,
1782497936.8884768,200,129.51606092974544,qwen15b-npu5,
1782497936.8928783,200,134.28945327177644,qwen15b-npu7,
1782497936.9069247,200,142.45263766497374,qwen15b-npu3,
1782497936.907637,200,136.11406506970525,qwen15b-npu3,
1782497936.9124823,200,138.71718291193247,qwen15b-npu6,
1782497936.912828,200,140.30848303809762,qwen15b-npu6,
1782497936.9139526,200,126.9000731408596,qwen15b-npu5,
1782497936.914827,200,129.2839590460062,qwen15b-npu5,
1782497936.920302,200,125.18805218860507,qwen15b-npu7,
1782497936.9206553,200,118.86640917509794,qwen15b-npu7,
1782497936.9326756,200,120.57122075930238,qwen15b-npu4,
1782497936.9331484,200,131.01860089227557,qwen15b-npu4,
1782497936.934402,200,132.95703288167715,qwen15b-npu3,
1782497936.9351895,200,121.23743537813425,qwen15b-npu3,
1782497936.936911,200,122.67655413597822,qwen15b-npu6,
1782497936.9399662,200,112.7209379337728,qwen15b-npu5,
1782497936.940402,200,117.63952067121863,qwen15b-npu5,
1782497936.9458392,200,135.6418621726334,qwen15b-npu7,
1782497936.961294,200,122.03478999435902,qwen15b-npu3,
1782497936.9620028,200,138.62476218491793,qwen15b-npu3,
1782497936.9635668,200,126.51623133569956,qwen15b-npu5,
1782497936.9642036,200,127.90885008871555,qwen15b-npu5,
1782497936.973495,200,138.09150783345103,qwen15b-npu7,
1782497936.9795957,200,124.53682674095035,qwen15b-npu4,
1782497936.988086,200,139.38277726992965,qwen15b-npu3,
1782497936.9936137,200,138.2247000001371,qwen15b-npu6,
1782497936.9939375,200,131.97303796187043,qwen15b-npu6,
1782497936.9998164,200,133.64014821127057,qwen15b-npu7,
1782497937.0043263,200,117.25078895688057,qwen15b-npu4,
1782497937.0049412,200,118.93279012292624,qwen15b-npu4,
1782497937.0124345,200,119.46603283286095,qwen15b-npu5,
1782497937.015088,200,126.50599097833037,qwen15b-npu3,
1782497937.0196874,200,133.14769510179758,qwen15b-npu6,
1782497937.026385,200,141.06723899021745,qwen15b-npu7,
1782497937.0267065,200,118.94062999635935,qwen15b-npu7,
1782497937.0293384,200,116.3945528678596,qwen15b-npu4,
1782497937.0296228,200,108.90213306993246,qwen15b-npu4,
1782497937.037796,200,125.23145182058215,qwen15b-npu5,
1782497937.0415235,200,126.58619089052081,qwen15b-npu3,
1782497937.0495257,200,142.48821791261435,qwen15b-npu6,
1782497937.049913,200,135.8711631037295,qwen15b-npu6,
1782497937.0523329,200,112.24621441215277,qwen15b-npu4,
1782497937.0543654,200,117.39572929218411,qwen15b-npu7,
1782497937.054755,200,134.35594365000725,qwen15b-npu7,
1782497937.0644364,200,129.14849910885096,qwen15b-npu5,
1782497937.0647874,200,118.86211903765798,qwen15b-npu5,
1782497937.0686245,200,135.36546984687448,qwen15b-npu3,
1782497937.0775242,200,113.24760178104043,qwen15b-npu4,
1782497937.0783176,200,137.80277594923973,qwen15b-npu6,
1782497937.0786457,200,145.87820088490844,qwen15b-npu6,
1782497937.0796537,200,145.16007574275136,qwen15b-npu6,
1782497937.088367,200,126.26852933317423,qwen15b-npu5,
1782497937.0963867,200,116.71977490186691,qwen15b-npu3,
1782497937.0966945,200,123.11494769528508,qwen15b-npu3,
1782497937.0969462,200,135.59084059670568,qwen15b-npu3,
1782497937.1009984,200,112.84827906638384,qwen15b-npu4,
1782497937.1029296,200,139.25797678530216,qwen15b-npu6,
1782497937.1147432,200,110.34799227491021,qwen15b-npu5,
1782497937.1150386,200,121.34140590205789,qwen15b-npu5,
1782497937.126154,200,110.95442622900009,qwen15b-npu4,
1782497937.126417,200,121.40648625791073,qwen15b-npu4,
1782497937.1368182,200,136.90021028742194,qwen15b-npu7,
1782497937.1372306,200,143.22526333853602,qwen15b-npu7,
1782497937.1395106,200,119.75450487807393,qwen15b-npu5,
1782497937.147721,200,120.94155326485634,qwen15b-npu3,
1782497937.1581042,200,145.58837795630097,qwen15b-npu6,
1782497937.1584191,200,131.93239690735936,qwen15b-npu6,
1782497937.1635754,200,133.8706398382783,qwen15b-npu7,
1782497937.1638064,200,134.38474433496594,qwen15b-npu7,
1782497937.164049,200,122.42661323398352,qwen15b-npu7,
1782497937.164917,200,127.0260438323021,qwen15b-npu5,
1782497937.17502,200,120.17480796203017,qwen15b-npu3,
1782497937.1753356,200,125.30763167887926,qwen15b-npu3,
1782497937.1766474,200,124.21752512454987,qwen15b-npu4,
1782497937.1769571,200,112.43170592933893,qwen15b-npu4,
1782497937.18824,200,138.59390234574676,qwen15b-npu7,
1782497937.1897688,200,135.29959879815578,qwen15b-npu5,
1782497937.2014182,200,122.66533495858312,qwen15b-npu3,
1782497937.2019289,200,137.043880764395,qwen15b-npu3,
1782497937.213912,200,136.25826593488455,qwen15b-npu6,
1782497937.2142975,200,125.82472618669271,qwen15b-npu6,
1782497937.2145984,200,145.87351959198713,qwen15b-npu6,
1782497937.2168624,200,137.0788412168622,qwen15b-npu5,
1782497937.2172372,200,120.76199194416404,qwen15b-npu7,
1782497937.2174618,200,120.68526167422533,qwen15b-npu7,
1782497937.2181253,200,117.04004742205143,qwen15b-npu5,
1782497937.218498,200,140.0832519866526,qwen15b-npu5,
1782497937.224878,200,110.0568100810051,qwen15b-npu4,
1782497937.231168,200,134.1484822332859,qwen15b-npu3,
1782497937.231458,200,128.46568413078785,qwen15b-npu3,
1782497937.2394059,200,124.28967608138919,qwen15b-npu6,
1782497937.240506,200,114.28827792406082,qwen15b-npu7,
1782497937.2496362,200,112.25247522816062,qwen15b-npu4,
1782497937.263698,200,124.11128403618932,qwen15b-npu5,
1782497937.2671528,200,140.67472610622644,qwen15b-npu6,
1782497937.2674634,200,130.51936775445938,qwen15b-npu6,
1782497937.2750547,200,110.0731398910284,qwen15b-npu4,
1782497937.2753954,200,127.57942825555801,qwen15b-npu4,
1782497937.2845566,200,126.05215795338154,qwen15b-npu3,
1782497937.2853067,200,127.11920496076345,qwen15b-npu3,
1782497937.2890813,200,125.21712202578783,qwen15b-npu5,
1782497937.2929406,200,117.53858998417854,qwen15b-npu7,
1782497937.2932684,200,129.13174787536263,qwen15b-npu7,
1782497937.2950497,200,118.01737267524004,qwen15b-npu6,
1782497937.2954328,200,131.79176626726985,qwen15b-npu6,
1782497937.3001268,200,125.0426797196269,qwen15b-npu4,
1782497937.3004115,200,123.66959126666188,qwen15b-npu4,
1782497937.3147185,200,124.83440898358822,qwen15b-npu5,
1782497937.3152003,200,126.82499317452312,qwen15b-npu5,
1782497937.317788,200,116.25451222062111,qwen15b-npu7,
1782497937.3369715,200,122.26558197289705,qwen15b-npu3,
1782497937.337271,200,135.27749897912145,qwen15b-npu3,
1782497937.3387926,200,107.25700110197067,qwen15b-npu5,
1782497937.3397129,200,114.76552113890648,qwen15b-npu5,
1782497937.3401458,200,122.59637378156185,qwen15b-npu5,
1782497937.3463717,200,129.07299818471074,qwen15b-npu7,
1782497937.346673,200,132.31019861996174,qwen15b-npu7,
1782497937.3469515,200,115.7053280621767,qwen15b-npu7,
1782497937.3491514,200,132.19379913061857,qwen15b-npu4,
1782497937.3494368,200,109.93545921519399,qwen15b-npu4,
1782497937.349803,200,131.57719420269132,qwen15b-npu4,
1782497937.35096,200,136.92588964477181,qwen15b-npu6,
1782497937.3513587,200,132.77093321084976,qwen15b-npu6,
1782497937.3772402,200,136.66797894984484,qwen15b-npu6,
1782497937.390124,200,114.66007074341178,qwen15b-npu3,
1782497937.3909855,200,141.27781009301543,qwen15b-npu3,
1782497937.3914068,200,127.63709761202335,qwen15b-npu3,
1782497937.3970358,200,107.88666596636176,qwen15b-npu4,
1782497937.3973289,200,122.16147221624851,qwen15b-npu4,
1782497937.3976936,200,130.46530727297068,qwen15b-npu4,
1782497937.4039202,200,136.3611971028149,qwen15b-npu6,
1782497937.4121454,200,116.97813589125872,qwen15b-npu5,
1782497937.412407,200,127.00431374832988,qwen15b-npu5,
1782497937.4165964,200,121.06382427737117,qwen15b-npu3,
1782497937.417198,200,132.57799111306667,qwen15b-npu3,
1782497937.4200878,200,105.2471580915153,qwen15b-npu4,
1782497937.422672,200,129.3012793175876,qwen15b-npu7,
1782497937.4231136,200,130.07516413927078,qwen15b-npu7,
1782497937.4330974,200,132.61098135262728,qwen15b-npu6,
1782497937.4336753,200,133.46611708402634,qwen15b-npu6,
1782497937.4371252,200,121.80500896647573,qwen15b-npu5,
1782497937.4424539,200,124.58424689248204,qwen15b-npu3,
1782497937.4601889,200,119.95406588539481,qwen15b-npu6,
1782497937.4620864,200,110.6584039516747,qwen15b-npu5,
1782497937.462321,200,115.29567511752248,qwen15b-npu5,
1782497937.4630942,200,124.20969503000379,qwen15b-npu5,
1782497937.4698381,200,118.80671791732311,qwen15b-npu3,
1782497937.470457,200,120.566519908607,qwen15b-npu3,
1782497937.470712,200,123.95018339157104,qwen15b-npu4,
1782497937.4717226,200,125.26589212939143,qwen15b-npu4,
1782497937.4746118,200,137.56256410852075,qwen15b-npu7,
1782497937.4748738,200,137.53990456461906,qwen15b-npu7,
1782497937.4751325,200,125.90297684073448,qwen15b-npu7,
1782497937.475403,200,135.6122917495668,qwen15b-npu7,
1782497937.4884527,200,138.9165329746902,qwen15b-npu6,
1782497937.4988985,200,121.5639878064394,qwen15b-npu7,
1782497937.5097263,200,112.61430801823735,qwen15b-npu5,
1782497937.5145087,200,123.0030870065093,qwen15b-npu6,
1782497937.5197601,200,129.54841135069728,qwen15b-npu4,
1782497937.5202038,200,107.72042395547032,qwen15b-npu4,
1782497937.5251157,200,134.06195072457194,qwen15b-npu3,
1782497937.5257661,200,128.33160208538175,qwen15b-npu3,
1782497937.5351346,200,122.92568618431687,qwen15b-npu5,
1782497937.5453055,200,108.0793971195817,qwen15b-npu4,
1782497937.5465477,200,126.36471958830953,qwen15b-npu4,
1782497937.5469735,200,113.22941072285175,qwen15b-npu4,
1782497937.5473182,200,143.3308031409979,qwen15b-npu6,
1782497937.547738,200,149.96549766510725,qwen15b-npu6,
1782497937.5488305,200,126.02283665910363,qwen15b-npu6,
1782497937.553366,200,136.0996849834919,qwen15b-npu7,
1782497937.5536911,200,120.529780164361,qwen15b-npu3,
1782497937.5542367,200,137.57959520444274,qwen15b-npu7,
1782497937.5545814,200,131.37739291414618,qwen15b-npu7,
1782497937.5603776,200,117.83828213810921,qwen15b-npu5,
1782497937.577982,200,115.59659708291292,qwen15b-npu7,
1782497937.585925,200,123.7731920555234,qwen15b-npu5,
1782497937.5862103,200,114.41681999713182,qwen15b-npu5,
1782497937.591142,200,120.35720888525248,qwen15b-npu4,
1782497937.5988405,200,138.57826218008995,qwen15b-npu6,
1782497937.5997822,200,125.09551085531712,qwen15b-npu6,
1782497937.600401,200,129.87809302285314,qwen15b-npu6,
1782497937.6008503,200,125.91089587658644,qwen15b-npu6,
1782497937.6062937,200,131.0815317556262,qwen15b-npu3,
1782497937.606706,200,143.5054549947381,qwen15b-npu3,
1782497937.6070707,200,137.1355219744146,qwen15b-npu3,
1782497937.6082144,200,119.66403480619192,qwen15b-npu7,
1782497937.6088123,200,133.34820698946714,qwen15b-npu7,
1782497937.610152,200,111.17863794788718,qwen15b-npu5,
1782497937.6165068,200,106.71180672943592,qwen15b-npu4,
1782497937.6344187,200,119.84410602599382,qwen15b-npu5,
1782497937.6540716,200,128.22353187948465,qwen15b-npu6,
1782497937.6575682,200,132.38337030634284,qwen15b-npu7,
1782497937.6597452,200,112.67247702926397,qwen15b-npu5,
1782497937.6604497,200,140.11125219985843,qwen15b-npu3,
1782497937.6608162,200,140.9064969047904,qwen15b-npu3,
1782497937.6612203,200,113.383071962744,qwen15b-npu5,
1782497937.6664052,200,131.1723617836833,qwen15b-npu4,
1782497937.6667159,200,117.81209241598845,qwen15b-npu4,
1782497937.6669483,200,119.54247392714024,qwen15b-npu4,
1782497937.6840694,200,129.39808005467057,qwen15b-npu6,
1782497937.6844354,200,138.99358408525586,qwen15b-npu6,
1782497937.6848164,200,138.1420185789466,qwen15b-npu3,
1782497937.6863759,200,125.91287586838007,qwen15b-npu5,
1782497937.6868956,200,133.12077522277832,qwen15b-npu7,
1782497937.687493,200,133.1535461358726,qwen15b-npu7,
1782497937.6879501,200,134.48833394795656,qwen15b-npu3,
1782497937.6928082,200,114.762500859797,qwen15b-npu4,
1782497937.707409,200,116.20261194184422,qwen15b-npu5,
1782497937.7114503,200,125.1649921759963,qwen15b-npu6,
1782497937.7121124,200,126.11812772229314,qwen15b-npu7,
1782497937.7185495,200,118.04200289770961,qwen15b-npu4,
1782497937.718847,200,118.98152902722359,qwen15b-npu4,
1782497937.7334704,200,126.6885818913579,qwen15b-npu5,
1782497937.7337663,200,132.82505283132195,qwen15b-npu5,
1782497937.739018,200,140.11358190327883,qwen15b-npu7,
1782497937.7395399,200,133.11979500576854,qwen15b-npu7,
1782497937.7405462,200,133.34334595128894,qwen15b-npu6,
1782497937.7409146,200,130.68554876372218,qwen15b-npu7,
1782497937.7413642,200,133.04355507716537,qwen15b-npu6,
1782497937.7425892,200,133.69576912373304,qwen15b-npu4,
1782497937.7652266,200,148.6328188329935,qwen15b-npu3,
1782497937.7655106,200,131.01984094828367,qwen15b-npu3,
1782497937.781923,200,122.04866111278534,qwen15b-npu5,
1782497937.7904866,200,123.46092006191611,qwen15b-npu4,
1782497937.790811,200,124.0194640122354,qwen15b-npu4,
1782497937.792889,200,138.71907209977508,qwen15b-npu3,
1782497937.7931986,200,135.55946107953787,qwen15b-npu3,
1782497937.7935848,200,132.25890882313251,qwen15b-npu7,
1782497937.7944057,200,127.90600908920169,qwen15b-npu7,
1782497937.7960513,200,135.13129903003573,qwen15b-npu6,
1782497937.796381,200,135.84117405116558,qwen15b-npu6,
1782497937.806891,200,114.00120565667748,qwen15b-npu5,
1782497937.8211772,200,133.15030466765165,qwen15b-npu3,
1782497937.8214781,200,136.54948770999908,qwen15b-npu3,
1782497937.8218505,200,137.30249321088195,qwen15b-npu3,
1782497937.8235126,200,136.98759116232395,qwen15b-npu6,
1782497937.8238032,200,136.83345029130578,qwen15b-npu6,
1782497937.8241236,200,139.94795130565763,qwen15b-npu6,
1782497937.8254633,200,137.89453729987144,qwen15b-npu6,
1782497937.8322644,200,113.31477202475071,qwen15b-npu5,
1782497937.8374243,200,125.23035192862153,qwen15b-npu4,
1782497937.8458512,200,127.22061481326818,qwen15b-npu7,
1782497937.8469415,200,139.467588160187,qwen15b-npu7,
1782497937.847247,200,135.72740321978927,qwen15b-npu6,
1782497937.8569589,200,116.306371986866,qwen15b-npu5,
1782497937.8576305,200,123.79605323076248,qwen15b-npu5,
1782497937.8628535,200,123.23539890348911,qwen15b-npu4,
1782497937.863413,200,120.70502107962966,qwen15b-npu4,
1782497937.8636584,200,122.22370225936174,qwen15b-npu4,
1782497937.8717453,200,132.63688096776605,qwen15b-npu7,
1782497937.877978,200,136.97599107399583,qwen15b-npu3,
1782497937.8782792,200,144.71901301294565,qwen15b-npu3,
1782497937.8823907,200,117.07703722640872,qwen15b-npu5,
1782497937.8988364,200,133.258406072855,qwen15b-npu7,
1782497937.9055965,200,123.57872119173408,qwen15b-npu3,
1782497937.9072833,200,112.79664793983102,qwen15b-npu5,
1782497937.9080024,200,117.44083929806948,qwen15b-npu5,
1782497937.9095752,200,113.1178610958159,qwen15b-npu4,
1782497937.9103296,200,117.34954919666052,qwen15b-npu4,
1782497937.9258265,200,118.87375870719552,qwen15b-npu6,
1782497937.9270844,200,133.35085613653064,qwen15b-npu7,
1782497937.9274416,200,134.14939166978002,qwen15b-npu7,
1782497937.9337244,200,109.82691776007414,qwen15b-npu4,
1782497937.934046,200,112.09905287250876,qwen15b-npu4,
1782497937.934967,200,138.82459281012416,qwen15b-npu3,
1782497937.9352977,200,144.37095122411847,qwen15b-npu3,
1782497937.95295,200,120.60725037008524,qwen15b-npu6,
1782497937.9535635,200,129.35229996219277,qwen15b-npu7,
1782497937.9544935,200,132.91546376422048,qwen15b-npu7,
1782497937.955911,200,130.33939572051167,qwen15b-npu5,
1782497937.956264,200,110.33875169232488,qwen15b-npu5,
1782497937.9570432,200,135.78492309898138,qwen15b-npu5,
1782497937.9581904,200,120.66366197541356,qwen15b-npu4,
1782497937.9614406,200,137.8491660580039,qwen15b-npu3,
1782497937.9794178,200,121.69984821230173,qwen15b-npu5,
1782497937.980283,200,117.35275899991393,qwen15b-npu7,
1782497937.9805458,200,123.52612102404237,qwen15b-npu6,
1782497937.9812992,200,117.80746188014746,qwen15b-npu4,
1782497937.9911687,200,127.44108587503433,qwen15b-npu3,
1782497937.9918098,200,144.49379220604897,qwen15b-npu3,
1782497937.9922495,200,145.21905686706305,qwen15b-npu3,
1782497938.003479,200,120.95376336947083,qwen15b-npu5,
1782497938.0058737,200,127.8111394494772,qwen15b-npu7,
1782497938.0062232,200,134.36658401042223,qwen15b-npu7,
1782497938.0071664,200,128.78703605383635,qwen15b-npu6,
1782497938.0277467,200,128.83354583755136,qwen15b-npu5,
1782497938.0293581,200,123.65558138117194,qwen15b-npu4,
1782497938.031722,200,121.2967662140727,qwen15b-npu7,
1782497938.0355034,200,125.86526619270444,qwen15b-npu6,
1782497938.03594,200,128.5408241674304,qwen15b-npu6,
1782497938.0454683,200,137.38992298021913,qwen15b-npu3,
1782497938.0532732,200,119.4686428643763,qwen15b-npu5,
1782497938.0535314,200,126.00058829411864,qwen15b-npu5,
1782497938.0543551,200,119.29058190435171,qwen15b-npu4,
1782497938.05567,200,120.29560888186097,qwen15b-npu4,
1782497938.0615835,200,134.41489357501268,qwen15b-npu6,
1782497938.061974,200,136.0746338032186,qwen15b-npu6,
1782497938.0736325,200,139.52234806492925,qwen15b-npu3,
1782497938.077967,200,119.7048150934279,qwen15b-npu5,
1782497938.0784395,200,123.88269323855639,qwen15b-npu5,
1782497938.0795515,200,123.53752134367824,qwen15b-npu4,
1782497938.0798616,200,126.2209890410304,qwen15b-npu4,
1782497938.0862463,200,133.22689617052674,qwen15b-npu7,
1782497938.0898826,200,128.37618310004473,qwen15b-npu6,
1782497938.1014225,200,120.04295736551285,qwen15b-npu5,
1782497938.1023548,200,111.08263721689582,qwen15b-npu4,
1782497938.104065,200,147.71087281405926,qwen15b-npu3,
1782497938.1044068,200,147.27693097665906,qwen15b-npu3,
1782497938.104911,200,124.55228669568896,qwen15b-npu3,
1782497938.114221,200,134.72952600568533,qwen15b-npu7,
1782497938.114538,200,122.18098202720284,qwen15b-npu7,
1782497938.1149886,200,134.37217380851507,qwen15b-npu6,
1782497938.126818,200,119.55294292420149,qwen15b-npu4,
1782497938.1272078,200,120.8593430928886,qwen15b-npu4,
1782497938.1306307,200,138.68765207007527,qwen15b-npu3,
1782497938.130917,200,127.35459627583623,qwen15b-npu3,
1782497938.1416824,200,135.70807175710797,qwen15b-npu6,
1782497938.1504831,200,114.46842923760414,qwen15b-npu5,
1782497938.1684322,200,122.88712617009878,qwen15b-npu7,
1782497938.1687372,200,139.2774162814021,qwen15b-npu6,
1782497938.1689882,200,137.16168189421296,qwen15b-npu7,
1782497938.170484,200,134.8056560382247,qwen15b-npu7,
1782497938.1710794,200,143.22761306539178,qwen15b-npu6,
1782497938.1749222,200,112.86992905661464,qwen15b-npu4,
1782497938.1759508,200,120.2000780031085,qwen15b-npu4,
1782497938.1850312,200,131.4265839755535,qwen15b-npu3,
1782497938.1939588,200,120.25706889107823,qwen15b-npu7,
1782497938.1943598,200,139.8990899324417,qwen15b-npu7,
1782497938.1973107,200,143.96107802167535,qwen15b-npu6,
1782497938.1977048,200,136.01544499397278,qwen15b-npu6,
1782497938.2010844,200,121.14723538979888,qwen15b-npu5,
1782497938.2018552,200,123.77537228167057,qwen15b-npu5,
1782497938.2140186,200,134.38539393246174,qwen15b-npu3,
1782497938.214384,200,135.8307832852006,qwen15b-npu3,
1782497938.2195077,200,129.52489079907537,qwen15b-npu7,
1782497938.220454,200,116.28964217379689,qwen15b-npu4,
1782497938.221503,200,107.1837111376226,qwen15b-npu4,
1782497938.2230525,200,136.73571916297078,qwen15b-npu6,
1782497938.223492,200,121.02384306490421,qwen15b-npu6,
1782497938.2259765,200,124.45050710812211,qwen15b-npu5,
1782497938.2268524,200,122.33009282499552,qwen15b-npu5,
1782497938.2493594,200,134.74725605919957,qwen15b-npu7,
1782497938.2497864,200,122.51204391941428,qwen15b-npu7,
1782497938.2505484,200,119.56625431776047,qwen15b-npu5,
1782497938.2514632,200,124.51144680380821,qwen15b-npu6,
1782497938.2578127,200,142.7533901296556,qwen15b-npu3,
1782497938.2583642,200,153.33971101790667,qwen15b-npu3,
1782497938.274568,200,124.0140637382865,qwen15b-npu5,
1782497938.2776518,200,135.90051280334592,qwen15b-npu6,
1782497938.2851346,200,154.43445881828666,qwen15b-npu3,
1782497938.2957542,200,127.23305495455861,qwen15b-npu4,
1782497938.2967906,200,127.98081012442708,qwen15b-npu4,
1782497938.2973967,200,122.40479327738285,qwen15b-npu4,
1782497938.3009605,200,131.90357713028789,qwen15b-npu7,
1782497938.3015294,200,130.90588990598917,qwen15b-npu5,
1782497938.3046744,200,119.53870393335819,qwen15b-npu6,
1782497938.305665,200,129.60323179140687,qwen15b-npu6,
1782497938.3142164,200,143.04777141660452,qwen15b-npu3,
1782497938.3188674,200,121.45045725628734,qwen15b-npu4,
1782497938.326123,200,128.34269320592284,qwen15b-npu5,
1782497938.3273063,200,113.18112071603537,qwen15b-npu5,
1782497938.3275824,200,133.14145477488637,qwen15b-npu5,
1782497938.3287551,200,134.6792452968657,qwen15b-npu7,
1782497938.3340027,200,132.04304734244943,qwen15b-npu6,
1782497938.3343763,200,133.22096597403288,qwen15b-npu6,
1782497938.3432784,200,116.32677214220166,qwen15b-npu4,
1782497938.3435934,200,123.98501392453909,qwen15b-npu4,
1782497938.34969,200,126.12960767000914,qwen15b-npu5,
1782497938.3574557,200,142.99956103786826,qwen15b-npu7,
1782497938.357715,200,134.5444950275123,qwen15b-npu7,
1782497938.3583057,200,137.7390860579908,qwen15b-npu7,
1782497938.3588047,200,137.23207311704755,qwen15b-npu6,
1782497938.3666575,200,108.22578798979521,qwen15b-npu4,
1782497938.3696904,200,143.61801510676742,qwen15b-npu3,
1782497938.3825994,200,124.71004808321595,qwen15b-npu7,
1782497938.3830175,200,132.39415967836976,qwen15b-npu7,
1782497938.385962,200,136.47492788732052,qwen15b-npu6,
1782497938.3863149,200,136.39022689312696,qwen15b-npu6,
1782497938.3976052,200,146.02233190089464,qwen15b-npu3,
1782497938.3995152,200,114.31556893512607,qwen15b-npu5,
1782497938.4087045,200,134.06216213479638,qwen15b-npu7,
1782497938.4154034,200,109.61271682754159,qwen15b-npu4,
1782497938.4167151,200,119.80601493269205,qwen15b-npu4,
1782497938.4171004,200,115.50423689186573,qwen15b-npu4,
1782497938.4251459,200,129.3205488473177,qwen15b-npu5,
1782497938.4254866,200,124.44986589252949,qwen15b-npu5,
1782497938.426341,200,128.86550603434443,qwen15b-npu3,
1782497938.426597,200,121.85077928006649,qwen15b-npu3,
1782497938.4280214,200,150.3000697121024,qwen15b-npu3,
1782497938.4389803,200,120.04556693136692,qwen15b-npu6,
1782497938.4488857,200,121.51237716898322,qwen15b-npu5,
1782497938.4542649,200,120.15328789129853,qwen15b-npu3,
1782497938.4545302,200,140.2143631130457,qwen15b-npu3,
1782497938.455504,200,129.31152898818254,qwen15b-npu3,
1782497938.461741,200,127.29628616943955,qwen15b-npu7,
1782497938.4626453,200,105.11703696101904,qwen15b-npu4,
1782497938.463029,200,119.6572850458324,qwen15b-npu4,
1782497938.4681334,200,140.4117038473487,qwen15b-npu6,
1782497938.4685605,200,139.72507882863283,qwen15b-npu6,
1782497938.475136,200,116.22164072468877,qwen15b-npu5,
1782497938.4754906,200,131.77601620554924,qwen15b-npu5,
1782497938.486542,200,116.78373534232378,qwen15b-npu4,
1782497938.4869158,200,120.18543807789683,qwen15b-npu4,
1782497938.4891052,200,130.66483801230788,qwen15b-npu7,
1782497938.4899137,200,140.15092328190804,qwen15b-npu7,
1782497938.492009,200,134.22930287197232,qwen15b-npu6,
1782497938.4989312,200,112.50582570210099,qwen15b-npu5,
1782497938.5069957,200,123.85144224390388,qwen15b-npu3,
1782497938.5153625,200,117.65869101509452,qwen15b-npu7,
1782497938.5159566,200,133.2406559959054,qwen15b-npu7,
1782497938.518136,200,132.09187798202038,qwen15b-npu6,
1782497938.5236053,200,124.01708401739597,qwen15b-npu5,
1782497938.5332808,200,117.75874206796288,qwen15b-npu3,
1782497938.5351403,200,108.72723115608096,qwen15b-npu4,
1782497938.5354955,200,109.93251902982593,qwen15b-npu4,
1782497938.5358558,200,107.72100416943431,qwen15b-npu4,
1782497938.5419097,200,133.0968150869012,qwen15b-npu7,
1782497938.5421786,200,125.34733302891254,qwen15b-npu7,
1782497938.5464685,200,129.25126869231462,qwen15b-npu6,
1782497938.549344,200,110.26543099433184,qwen15b-npu5,
1782497938.5621645,200,136.91205019131303,qwen15b-npu3,
1782497938.5625503,200,135.88083442300558,qwen15b-npu3,
1782497938.5724485,200,123.49053006619215,qwen15b-npu5,
1782497938.5798628,200,125.2613216638565,qwen15b-npu4,
1782497938.5866225,200,118.37876588106155,qwen15b-npu3,
1782497938.5952942,200,140.9523282200098,qwen15b-npu7,
1782497938.595671,200,133.83895019069314,qwen15b-npu7,
1782497938.596069,200,140.23705292493105,qwen15b-npu7,
1782497938.5981455,200,108.16125711426139,qwen15b-npu5,
1782497938.5984561,200,111.41865886747837,qwen15b-npu5,
1782497938.5988662,200,109.66081684455276,qwen15b-npu5,
1782497938.6022434,200,139.00717487558722,qwen15b-npu6,
1782497938.6026015,200,133.91517009586096,qwen15b-npu6,
1782497938.6029646,200,140.23592323064804,qwen15b-npu6,
1782497938.6044872,200,117.85729276016355,qwen15b-npu4,
1782497938.604777,200,112.6827378757298,qwen15b-npu4,
1782497938.6146004,200,139.3860070966184,qwen15b-npu3,
1782497938.6148474,200,139.24932572990656,qwen15b-npu3,
1782497938.6328685,200,109.16897375136614,qwen15b-npu4,
1782497938.633216,200,134.19286208227277,qwen15b-npu6,
1782497938.6336896,200,126.57955102622509,qwen15b-npu6,
1782497938.640345,200,124.88189991563559,qwen15b-npu3,
1782497938.6452022,200,129.17797919362783,qwen15b-npu7,
1782497938.646562,200,111.31585901603103,qwen15b-npu5,
1782497938.64708,200,128.87637596577406,qwen15b-npu5,
1782497938.6563118,200,120.75140234082937,qwen15b-npu6,
1782497938.6691444,200,119.72761480137706,qwen15b-npu3,
1782497938.6706822,200,134.72234597429633,qwen15b-npu3,
1782497938.6710572,200,128.80861572921276,qwen15b-npu3,
1782497938.6713433,200,108.67574997246265,qwen15b-npu5,
1782497938.6724415,200,139.06328519806266,qwen15b-npu3,
1782497938.6733923,200,126.81691301986575,qwen15b-npu7,
1782497938.685536,200,123.2550791464746,qwen15b-npu6,
1782497938.6859431,200,143.9539366401732,qwen15b-npu6,
1782497938.6976264,200,125.10734098032117,qwen15b-npu4,
1782497938.719542,200,117.18603828921914,qwen15b-npu5,
1782497938.719997,200,115.15860399231315,qwen15b-npu5,
1782497938.7229786,200,119.91250608116388,qwen15b-npu3,
1782497938.7233953,200,143.43344373628497,qwen15b-npu3,
1782497938.7236724,200,119.09031076356769,qwen15b-npu4,
1782497938.7239993,200,125.43008290231228,qwen15b-npu4,
1782497938.7247698,200,122.07515118643641,qwen15b-npu3,
1782497938.7251337,200,110.18302105367184,qwen15b-npu4,
1782497938.729513,200,131.28278218209743,qwen15b-npu7,
1782497938.7297664,200,130.78973861411214,qwen15b-npu7,
1782497938.7300253,200,134.25343297421932,qwen15b-npu7,
1782497938.730334,200,143.6422159895301,qwen15b-npu7,
1782497938.742534,200,127.87331966683269,qwen15b-npu5,
1782497938.7428513,200,147.44064072147012,qwen15b-npu6,
1782497938.743238,200,109.91937899962068,qwen15b-npu5,
1782497938.7436163,200,147.4436209537089,qwen15b-npu6,
1782497938.7540395,200,120.22542813792825,qwen15b-npu7,
1782497938.771171,200,124.01345279067755,qwen15b-npu6,
1782497938.7715049,200,138.53416219353676,qwen15b-npu6,
1782497938.7723463,200,131.90053589642048,qwen15b-npu6,
1782497938.7752619,200,129.9895839765668,qwen15b-npu3,
1782497938.7755942,200,128.96119710057974,qwen15b-npu3,
1782497938.780538,200,124.14963403716683,qwen15b-npu7,
1782497938.7918663,200,119.34674298390746,qwen15b-npu5,
1782497938.7927494,200,121.28960620611906,qwen15b-npu5,
1782497938.7930577,200,123.80369286984205,qwen15b-npu5,
1782497938.7979484,200,112.2989752329886,qwen15b-npu4,
1782497938.7987702,200,127.62998836115003,qwen15b-npu4,
1782497938.7990258,200,128.23202228173614,qwen15b-npu4,
1782497938.8023257,200,116.27180175855756,qwen15b-npu3,
1782497938.8069549,200,133.4921270608902,qwen15b-npu7,
1782497938.823919,200,126.21328793466091,qwen15b-npu6,
1782497938.8375611,200,107.13345976546407,qwen15b-npu5,
1782497938.844241,200,114.40696893259883,qwen15b-npu4,
1782497938.8448195,200,115.23658502846956,qwen15b-npu4,
1782497938.8532543,200,129.4842096976936,qwen15b-npu6,
1782497938.8535976,200,128.73236602172256,qwen15b-npu6,
1782497938.8540406,200,130.92378107830882,qwen15b-npu6,
1782497938.8564656,200,126.34827010333538,qwen15b-npu3,
1782497938.85677,200,133.29885574057698,qwen15b-npu3,
1782497938.8570788,200,136.97756081819534,qwen15b-npu3,
1782497938.8573258,200,133.22105584666133,qwen15b-npu3,
1782497938.860984,200,141.30997005850077,qwen15b-npu7,
1782497938.8613765,200,136.13666500896215,qwen15b-npu7,
1782497938.8617795,200,119.15484117344022,qwen15b-npu7,
1782497938.8628268,200,119.46936417371035,qwen15b-npu5,
1782497938.8686707,200,124.97679982334375,qwen15b-npu4,
1782497938.869064,200,126.10318791121244,qwen15b-npu4,
1782497938.8791332,200,124.98534983024001,qwen15b-npu6,
1782497938.8849607,200,112.54852684214711,qwen15b-npu7,
1782497938.8864875,200,115.20144529640675,qwen15b-npu5,
1782497938.8918083,200,116.46323278546333,qwen15b-npu4,
1782497938.9063442,200,130.6406082585454,qwen15b-npu6,
1782497938.907549,200,135.97347401082516,qwen15b-npu3,
1782497938.9113152,200,130.69326896220446,qwen15b-npu7,
1782497938.9124496,200,119.3263721652329,qwen15b-npu5,
1782497938.9129038,200,114.0566160902381,qwen15b-npu5,
1782497938.9167142,200,124.72855905070901,qwen15b-npu4,
1782497938.9170334,200,118.9854796975851,qwen15b-npu4,
1782497938.9354594,200,128.43462312594056,qwen15b-npu3,
1782497938.9360425,200,136.9478409178555,qwen15b-npu3,
1782497938.936427,200,143.60136585310102,qwen15b-npu6,
1782497938.9367228,200,112.73422790691257,qwen15b-npu5,
1782497938.9370582,200,134.62426513433456,qwen15b-npu6,
1782497938.9642453,200,107.38362185657024,qwen15b-npu4,
1782497938.9651558,200,111.78340204060078,qwen15b-npu4,
1782497938.9655674,200,120.67541107535362,qwen15b-npu7,
1782497938.9659498,200,128.28630208969116,qwen15b-npu7,
1782497938.9663212,200,122.01480008661747,qwen15b-npu4,
1782497938.9852107,200,116.0774496383965,qwen15b-npu5,
1782497938.9855814,200,128.43396374955773,qwen15b-npu5,
1782497938.986434,200,132.29263992980123,qwen15b-npu5,
1782497938.986802,200,107.57831297814846,qwen15b-npu4,
1782497938.9880245,200,126.92636298015714,qwen15b-npu3,
1782497938.9883838,200,131.82876585051417,qwen15b-npu3,
1782497938.990203,200,121.42318580299616,qwen15b-npu6,
1782497938.9905703,200,128.6692558787763,qwen15b-npu3,
1782497938.9911964,200,129.70772199332714,qwen15b-npu6,
1782497938.9919555,200,129.03154781088233,qwen15b-npu6,
1782497938.9922745,200,138.6136719956994,qwen15b-npu7,
1782497938.9930663,200,135.67015202715993,qwen15b-npu7,
1782497939.0079556,200,116.07168009504676,qwen15b-npu5,
1782497939.0095775,200,124.53256733715534,qwen15b-npu4,
1782497939.0125523,200,126.00108701735735,qwen15b-npu3,
1782497939.038872,200,132.44595983996987,qwen15b-npu3,
1782497939.0427158,200,135.07657777518034,qwen15b-npu6,
1782497939.0436614,200,131.08009099960327,qwen15b-npu6,
1782497939.0449562,200,127.85770883783698,qwen15b-npu7,
1782497939.0454228,200,132.4047204107046,qwen15b-npu7,
1782497939.0461707,200,134.78634599596262,qwen15b-npu7,
1782497939.0464258,200,129.63981227949262,qwen15b-npu7,
1782497939.0569296,200,120.41027005761862,qwen15b-npu5,
1782497939.0573776,200,120.59244094416499,qwen15b-npu4,
1782497939.0655842,200,130.03393402323127,qwen15b-npu3,
1782497939.069311,200,132.18609895557165,qwen15b-npu7,
1782497939.070201,200,134.04660113155842,qwen15b-npu6,
1782497939.0813766,200,115.35002524033189,qwen15b-npu4,
1782497939.0828748,200,117.21303779631853,qwen15b-npu5,
1782497939.0834162,200,119.06089074909687,qwen15b-npu4,
1782497939.0836854,200,117.26993881165981,qwen15b-npu5,
1782497939.0914848,200,126.21779879555106,qwen15b-npu3,
1782497939.1047132,200,116.60592397674918,qwen15b-npu4,
1782497939.1056404,200,118.71812818571925,qwen15b-npu5,
1782497939.1194887,200,128.1843022443354,qwen15b-npu3,
1782497939.1198425,200,134.17156180366874,qwen15b-npu3,
1782497939.1200686,200,128.03617119789124,qwen15b-npu3,
1782497939.1239038,200,133.2666059024632,qwen15b-npu7,
1782497939.1242468,200,138.92439426854253,qwen15b-npu7,
1782497939.1277976,200,139.3262967467308,qwen15b-npu6,
1782497939.1287494,200,138.44648096710443,qwen15b-npu6,
1782497939.129159,200,136.00471429526806,qwen15b-npu6,
1782497939.1295311,200,137.1456221677363,qwen15b-npu6,
1782497939.1309545,200,118.33516508340836,qwen15b-npu4,
1782497939.1321218,200,122.47642315924168,qwen15b-npu4,
1782497939.132488,200,124.46478707715869,qwen15b-npu5,
1782497939.1327896,200,146.25454414635897,qwen15b-npu6,
1782497939.1547246,200,111.94271175190806,qwen15b-npu5,
1782497939.1708782,200,125.38246298208833,qwen15b-npu3,
1782497939.1717913,200,125.28924224898219,qwen15b-npu3,
1782497939.1769044,200,137.9593168385327,qwen15b-npu7,
1782497939.1772544,200,133.47232807427645,qwen15b-npu7,
1782497939.1815825,200,124.52643690630794,qwen15b-npu6,
1782497939.18196,200,124.4596759788692,qwen15b-npu6,
1782497939.1829453,200,136.70538878068328,qwen15b-npu5,
1782497939.1831985,200,138.14579881727695,qwen15b-npu5,
1782497939.1841354,200,118.45219600945711,qwen15b-npu5,
1782497939.197844,200,116.39865208417177,qwen15b-npu4,
1782497939.20331,200,133.01502401009202,qwen15b-npu7,
1782497939.2040453,200,120.5561407841742,qwen15b-npu7,
1782497939.2051718,200,122.21218086779118,qwen15b-npu5,
1782497939.2130258,200,143.65317625924945,qwen15b-npu6,
1782497939.2133656,200,129.5818709768355,qwen15b-npu6,
1782497939.2221293,200,117.31027811765671,qwen15b-npu4,
1782497939.2231638,200,131.61573512479663,qwen15b-npu3,
1782497939.2293038,200,109.39069604501128,qwen15b-npu5,
1782497939.2319777,200,126.26698892563581,qwen15b-npu7,
1782497939.2478125,200,115.58887688443065,qwen15b-npu4,
1782497939.2484064,200,115.84341945126653,qwen15b-npu4,
1782497939.2488685,200,119.24523208290339,qwen15b-npu4,
1782497939.2496812,200,125.36181323230267,qwen15b-npu4,
1782497939.2526526,200,128.63774504512548,qwen15b-npu3,
1782497939.2529628,200,132.8206630423665,qwen15b-npu3,
1782497939.2534175,200,133.81137000396848,qwen15b-npu3,
1782497939.2543645,200,123.2697986997664,qwen15b-npu5,
1782497939.2603126,200,132.41222966462374,qwen15b-npu7,
1782497939.2605994,200,131.73541612923145,qwen15b-npu7,
1782497939.2674928,200,138.21879914030433,qwen15b-npu6,
1782497939.2678747,200,135.01632818952203,qwen15b-npu6,
1782497939.276702,200,121.87278876081109,qwen15b-npu3,
1782497939.278848,200,107.87394596263766,qwen15b-npu5,
1782497939.2942338,200,116.85221595689654,qwen15b-npu4,
1782497939.2946584,200,112.9736602306366,qwen15b-npu4,
1782497939.2955027,200,123.6428520642221,qwen15b-npu6,
1782497939.3026001,200,125.61137415468693,qwen15b-npu5,
1782497939.303783,200,120.7659118808806,qwen15b-npu3,
1782497939.3040535,200,121.9799998216331,qwen15b-npu3,
1782497939.3136892,200,129.4514499604702,qwen15b-npu7,
1782497939.3139458,200,130.68316876888275,qwen15b-npu7,
1782497939.3169196,200,113.541463855654,qwen15b-npu4,
1782497939.3239427,200,126.00287701934576,qwen15b-npu6,
1782497939.3276756,200,114.5613701082766,qwen15b-npu5,
1782497939.3292146,200,115.78053794801235,qwen15b-npu3,
1782497939.3409996,200,118.76935884356499,qwen15b-npu7,
1782497939.3417027,200,136.43304677680135,qwen15b-npu7,
1782497939.352364,200,129.1208080947399,qwen15b-npu5,
1782497939.352846,200,148.70231971144676,qwen15b-npu6,
1782497939.356469,200,127.07494525238872,qwen15b-npu3,
1782497939.365325,200,112.24430473521352,qwen15b-npu4,
1782497939.3657055,200,116.74834508448839,qwen15b-npu4,
1782497939.366083,200,105.41901923716068,qwen15b-npu4,
1782497939.367484,200,135.4396608658135,qwen15b-npu7,
1782497939.3765678,200,128.67397535592318,qwen15b-npu5,
1782497939.3800783,200,131.5409541130066,qwen15b-npu6,
1782497939.382516,200,128.08538088575006,qwen15b-npu3,
1782497939.3834476,200,133.6627989076078,qwen15b-npu3,
1782497939.3887322,200,111.93154193460941,qwen15b-npu4,
1782497939.3953366,200,141.80717384442687,qwen15b-npu7,
1782497939.396058,200,117.14143818244338,qwen15b-npu7,
1782497939.3964584,200,128.50365415215492,qwen15b-npu7,
1782497939.3968556,200,144.1181991249323,qwen15b-npu7,
1782497939.4130824,200,152.69681625068188,qwen15b-npu6,
1782497939.4134545,200,145.85848106071353,qwen15b-npu6,
1782497939.4151576,200,119.58591407164931,qwen15b-npu4,
1782497939.4204175,200,125.64802402630448,qwen15b-npu7,
1782497939.4281466,200,124.03062265366316,qwen15b-npu5,
1782497939.428518,200,114.75717183202505,qwen15b-npu5,
1782497939.4364288,200,132.56403105333447,qwen15b-npu6,
1782497939.437051,200,142.69645931199193,qwen15b-npu6,
1782497939.4373863,200,123.36623994633555,qwen15b-npu6,
1782497939.438193,200,135.48673084005713,qwen15b-npu3,
1782497939.4469674,200,129.97673358768225,qwen15b-npu7,
1782497939.4534357,200,125.67138392478228,qwen15b-npu5,
1782497939.4537115,200,112.60718712583184,qwen15b-npu5,
1782497939.4542773,200,130.267895758152,qwen15b-npu5,
1782497939.4545438,200,112.77464823797345,qwen15b-npu5,
1782497939.464327,200,135.03346825018525,qwen15b-npu3,
1782497939.4902751,200,137.36433302983642,qwen15b-npu6,
1782497939.4905503,200,133.97494098171592,qwen15b-npu4,
1782497939.4915118,200,114.83881203457713,qwen15b-npu4,
1782497939.4920378,200,125.79637579619884,qwen15b-npu6,
1782497939.4935472,200,125.96969725564122,qwen15b-npu3,
1782497939.4938405,200,141.36569993570447,qwen15b-npu3,
1782497939.4941032,200,128.66342486813664,qwen15b-npu3,
1782497939.4998374,200,119.66171395033598,qwen15b-npu5,
1782497939.5007956,200,134.9928379058838,qwen15b-npu7,
1782497939.5157707,200,126.94364413619041,qwen15b-npu4,
1782497939.5161407,200,133.55323811993003,qwen15b-npu4,
1782497939.5168426,200,121.40515632927418,qwen15b-npu4,
1782497939.5178628,200,134.30207269266248,qwen15b-npu3,
1782497939.5254478,200,128.5123536363244,qwen15b-npu7,
1782497939.525669,200,129.08298801630735,qwen15b-npu7,
1782497939.538631,200,123.34617925807834,qwen15b-npu4,
1782497939.5442772,200,131.08636066317558,qwen15b-npu3,
1782497939.544616,200,148.44341902062297,qwen15b-npu6,
1782497939.544975,200,131.44937390461564,qwen15b-npu6,
1782497939.5510855,200,130.53888780996203,qwen15b-npu5,
1782497939.5515034,200,115.0006833486259,qwen15b-npu5,
1782497939.5526457,200,115.51632592454553,qwen15b-npu7,
1782497939.5529609,200,124.70847927033901,qwen15b-npu7,
1782497939.5645206,200,126.99205288663507,qwen15b-npu4,
1782497939.5649135,200,126.60453142598271,qwen15b-npu4,
1782497939.5704422,200,141.84393361210823,qwen15b-npu3,
1782497939.5711935,200,124.15756471455097,qwen15b-npu6,
1782497939.5746233,200,120.83841161802411,qwen15b-npu5,
1782497939.5976348,200,144.11777909845114,qwen15b-npu3,
1782497939.5979667,200,143.3535241521895,qwen15b-npu3,
1782497939.5998135,200,135.41449094191194,qwen15b-npu6,
1782497939.6003368,200,145.9945309907198,qwen15b-npu6,
1782497939.612274,200,112.3760649934411,qwen15b-npu4,
1782497939.6298754,200,135.95441402867436,qwen15b-npu5,
1782497939.6303184,200,139.967180788517,qwen15b-npu5,
1782497939.6306052,200,139.98533226549625,qwen15b-npu5,
1782497939.6315181,200,139.88699112087488,qwen15b-npu3,
1782497939.6337867,200,139.61758883669972,qwen15b-npu7,
1782497939.6341844,200,142.04822527244687,qwen15b-npu7,
1782497939.6344793,200,140.84469713270664,qwen15b-npu7,
1782497939.6347477,200,133.8464692234993,qwen15b-npu6,
1782497939.6364229,200,120.53812108933926,qwen15b-npu4,
1782497939.6459358,200,129.00724820792675,qwen15b-npu5,
1782497939.649804,200,124.06614376232028,qwen15b-npu3,
1782497939.6579378,200,139.98980121687055,qwen15b-npu6,
1782497939.6583211,200,142.08739483729005,qwen15b-npu6,
1782497939.658775,200,133.26346594840288,qwen15b-npu7,
1782497939.661766,200,117.3841287381947,qwen15b-npu4,
1782497939.6621723,200,110.59282394126058,qwen15b-npu4,
1782497939.6706343,200,125.57006441056728,qwen15b-npu5,
1782497939.6716282,200,118.88324888423085,qwen15b-npu5,
1782497939.6770248,200,125.78432587906718,qwen15b-npu3,
1782497939.677378,200,138.6842019855976,qwen15b-npu3,
1782497939.6861687,200,141.46704087033868,qwen15b-npu7,
1782497939.6865115,200,133.4624169394374,qwen15b-npu7,
1782497939.7031078,200,138.47141107544303,qwen15b-npu3,
1782497939.7039416,200,133.38466733694077,qwen15b-npu3,
1782497939.7088718,200,108.98957308381796,qwen15b-npu4,
1782497939.7128377,200,138.13984766602516,qwen15b-npu7,
1782497939.7158008,200,144.5276108570397,qwen15b-npu6,
1782497939.7166116,200,151.6120689921081,qwen15b-npu6,
1782497939.7192194,200,121.18260376155376,qwen15b-npu5,
1782497939.7196167,200,119.21506095677614,qwen15b-npu5,
1782497939.7406943,200,142.94177060946822,qwen15b-npu7,
1782497939.7438154,200,113.11669135466218,qwen15b-npu5,
1782497939.7441423,200,114.12363685667515,qwen15b-npu5,
1782497939.744743,200,132.398699875921,qwen15b-npu6,
1782497939.7558775,200,124.2273049429059,qwen15b-npu3,
1782497939.7604303,200,123.89801256358624,qwen15b-npu4,
1782497939.7607155,200,126.78790185600519,qwen15b-npu4,
1782497939.761084,200,111.20378831401467,qwen15b-npu4,
1782497939.761422,200,127.16378504410386,qwen15b-npu4,
1782497939.7669575,200,132.13566783815622,qwen15b-npu7,
1782497939.7674353,200,108.55947015807033,qwen15b-npu5,
1782497939.7752652,200,140.71772620081902,qwen15b-npu6,
1782497939.7755837,200,129.55295061692595,qwen15b-npu6,
1782497939.7765152,200,146.1227429099381,qwen15b-npu6,
1782497939.7820067,200,120.12944789603353,qwen15b-npu4,
1782497939.7835896,200,125.5302238278091,qwen15b-npu3,
1782497939.7922068,200,115.09259417653084,qwen15b-npu5,
1782497939.7981205,200,135.82024304196239,qwen15b-npu7,
1782497939.798548,200,140.1005918160081,qwen15b-npu7,
1782497939.803191,200,125.71207527071238,qwen15b-npu6,
1782497939.819214,200,110.26483215391636,qwen15b-npu5,
1782497939.8196225,200,148.89557100832462,qwen15b-npu3,
1782497939.8200774,200,148.32850685343146,qwen15b-npu3,
1782497939.8243947,200,137.78435718268156,qwen15b-npu7,
1782497939.8318317,200,145.57570917531848,qwen15b-npu6,
1782497939.832107,200,116.23190110549331,qwen15b-npu4,
1782497939.8329976,200,113.29284077510238,qwen15b-npu4,
1782497939.8456633,200,142.47385691851377,qwen15b-npu3,
1782497939.8459845,200,141.95096492767334,qwen15b-npu3,
1782497939.8526268,200,139.65955935418606,qwen15b-npu7,
1782497939.853496,200,136.784709058702,qwen15b-npu7,
1782497939.854875,200,110.0671598687768,qwen15b-npu4,
1782497939.8599644,200,140.63307596370578,qwen15b-npu6,
1782497939.8668227,200,122.58439417928457,qwen15b-npu5,
1782497939.8674424,200,123.5359008423984,qwen15b-npu5,
1782497939.8721035,200,131.27090176567435,qwen15b-npu3,
1782497939.8793275,200,117.84328240901232,qwen15b-npu4,
1782497939.8800774,200,119.25338162109256,qwen15b-npu4,
1782497939.8890784,200,133.1242946907878,qwen15b-npu6,
1782497939.8907552,200,108.6727911606431,qwen15b-npu5,
1782497939.8913844,200,123.89192311093211,qwen15b-npu5,
1782497939.8998423,200,138.6535419151187,qwen15b-npu3,
1782497939.9078174,200,147.3000799305737,qwen15b-npu7,
1782497939.9085882,200,133.22821585461497,qwen15b-npu7,
1782497939.91473,200,116.05239985510707,qwen15b-npu5,
1782497939.9179022,200,150.87875397875905,qwen15b-npu6,
1782497939.9184191,200,142.7719802595675,qwen15b-npu6,
1782497939.9274936,200,135.15401910990477,qwen15b-npu4,
1782497939.9279048,200,107.66283283010125,qwen15b-npu4,
1782497939.9297748,200,131.50929380208254,qwen15b-npu3,
1782497939.9302828,200,153.65357277914882,qwen15b-npu3,
1782497939.9306607,200,146.9811680726707,qwen15b-npu3,
1782497939.9479218,200,128.21860192343593,qwen15b-npu6,
1782497939.9483013,200,144.99574527144432,qwen15b-npu6,
1782497939.9570034,200,125.09373063221574,qwen15b-npu3,
1782497939.9621792,200,129.99893398955464,qwen15b-npu7,
1782497939.9629178,200,138.42589082196355,qwen15b-npu7,
1782497939.9635296,200,144.19322926551104,qwen15b-npu7,
1782497939.9648387,200,131.77099591121078,qwen15b-npu5,
1782497939.9651477,200,112.42864606902003,qwen15b-npu5,
1782497939.9748862,200,114.85625198110938,qwen15b-npu4,
1782497939.9752138,200,129.43862099200487,qwen15b-npu4,
1782497939.9759321,200,129.88608283922076,qwen15b-npu4,
1782497939.9890587,200,109.66060776263475,qwen15b-npu5,
1782497939.9893281,200,122.41055304184556,qwen15b-npu7,
1782497939.989564,200,109.39650610089302,qwen15b-npu5,
1782497939.9964356,200,104.98740617185831,qwen15b-npu4,
1782497940.0061972,200,152.60626608505845,qwen15b-npu6,
1782497940.0066764,200,151.73339005559683,qwen15b-npu6,
1782497940.0069227,200,134.7499960102141,qwen15b-npu6,
1782497940.011852,200,122.70672526210546,qwen15b-npu3,
1782497940.0122864,200,144.773974083364,qwen15b-npu3,
1782497940.0165064,200,125.6731553003192,qwen15b-npu7,
1782497940.0209105,200,112.25176509469748,qwen15b-npu4,
1782497940.0357015,200,117.2104780562222,qwen15b-npu5,
1782497940.0391147,200,124.3151156231761,qwen15b-npu3,
1782497940.039557,200,139.65199934318662,qwen15b-npu3,
1782497940.044208,200,136.29853632301092,qwen15b-npu7,
1782497940.0457728,200,115.00286310911179,qwen15b-npu4,
1782497940.046074,200,116.17727112025023,qwen15b-npu4,
1782497940.0615325,200,143.56321515515447,qwen15b-npu6,
1782497940.0625453,200,134.495684877038,qwen15b-npu6,
1782497940.0656447,200,138.0327777005732,qwen15b-npu3,
1782497940.0689013,200,105.91781185939908,qwen15b-npu4,
1782497940.0730767,200,142.67532899975777,qwen15b-npu7,
1782497940.0862827,200,121.36904615908861,qwen15b-npu5,
1782497940.0866377,200,110.60206405818462,qwen15b-npu5,
1782497940.086903,200,129.82612196356058,qwen15b-npu5,
1782497940.0872583,200,112.28385521098971,qwen15b-npu5,
1782497940.0911307,200,143.1273021735251,qwen15b-npu6,
1782497940.0916343,200,128.02856089547276,qwen15b-npu6,
1782497940.095409,200,130.15611516311765,qwen15b-npu3,
1782497940.095794,200,147.41142094135284,qwen15b-npu3,
1782497940.09957,200,137.32259394600987,qwen15b-npu7,
1782497940.1088002,200,112.2949249111116,qwen15b-npu5,
1782497940.1169426,200,109.95460906997323,qwen15b-npu4,
1782497940.1172369,200,128.1012506224215,qwen15b-npu4,
1782497940.1180177,200,142.67793018370867,qwen15b-npu6,
1782497940.1220808,200,132.44655076414347,qwen15b-npu3,
1782497940.1279047,200,138.49964132532477,qwen15b-npu7,
1782497940.128233,200,121.96141015738249,qwen15b-npu7,
1782497940.1326528,200,120.28065929189324,qwen15b-npu5,
1782497940.1399314,200,104.12742011249065,qwen15b-npu4,
1782497940.1468668,200,140.1216429658234,qwen15b-npu6,
1782497940.1492326,200,128.25948186218739,qwen15b-npu3,
1782497940.1542594,200,137.69471505656838,qwen15b-npu7,
1782497940.1548252,200,142.8693998605013,qwen15b-npu7,
1782497940.157658,200,118.47042618319392,qwen15b-npu5,
1782497940.1769886,200,131.14380231127143,qwen15b-npu6,
1782497940.1777902,200,138.15828785300255,qwen15b-npu3,
1782497940.1784964,200,134.22128232195973,qwen15b-npu6,
1782497940.1814919,200,135.34912979230285,qwen15b-npu7,
1782497940.1825163,200,119.8506560176611,qwen15b-npu7,
1782497940.1929402,200,131.3333627767861,qwen15b-npu4,
1782497940.2050297,200,139.28005704656243,qwen15b-npu3,
1782497940.2055287,200,132.34918005764484,qwen15b-npu6,
1782497940.2091498,200,140.14727203175426,qwen15b-npu7,
1782497940.2150462,200,128.66032496094704,qwen15b-npu5,
1782497940.2156932,200,120.18123781308532,qwen15b-npu5,
1782497940.2159402,200,128.93277686089277,qwen15b-npu5,
1782497940.2162032,200,120.26635929942131,qwen15b-npu5,
1782497940.217653,200,130.31612569466233,qwen15b-npu4,
1782497940.2179031,200,118.24915511533618,qwen15b-npu4,
1782497940.233251,200,142.03042536973953,qwen15b-npu3,
1782497940.233811,200,147.0995992422104,qwen15b-npu6,
1782497940.234176,200,142.46347779408097,qwen15b-npu3,
1782497940.2371147,200,128.21789178997278,qwen15b-npu7,
1782497940.2418933,200,119.73764514550567,qwen15b-npu4,
1782497940.2422314,200,125.20448211580515,qwen15b-npu4,
1782497940.261163,200,121.17130542173982,qwen15b-npu3,
1782497940.2615633,200,143.4596050530672,qwen15b-npu3,
1782497940.2625728,200,113.27775102108717,qwen15b-npu5,
1782497940.2639148,200,146.58962609246373,qwen15b-npu6,
1782497940.2643003,200,131.57631503418088,qwen15b-npu6,
1782497940.2662518,200,138.25288927182555,qwen15b-npu7,
1782497940.2665734,200,138.24177905917168,qwen15b-npu7,
1782497940.286779,200,129.02586674317718,qwen15b-npu5,
1782497940.2879503,200,133.06015403941274,qwen15b-npu3,
1782497940.2894468,200,135.11755783110857,qwen15b-npu6,
1782497940.2897584,200,111.19172675535083,qwen15b-npu4,
1782497940.2905686,200,109.01049291715026,qwen15b-npu4,
1782497940.2929401,200,146.01285243406892,qwen15b-npu7,
1782497940.3129034,200,107.78683517128229,qwen15b-npu4,
1782497940.3149362,200,137.07081181928515,qwen15b-npu3,
1782497940.3175173,200,140.41396416723728,qwen15b-npu6,
1782497940.317914,200,124.8488500714302,qwen15b-npu6,
1782497940.3213391,200,138.69648287072778,qwen15b-npu7,
1782497940.33667,200,127.41427728906274,qwen15b-npu5,
1782497940.3370447,200,119.06962981447577,qwen15b-npu5,
1782497940.342879,200,126.604740973562,qwen15b-npu3,
1782497940.343344,200,125.61910506337881,qwen15b-npu3,
1782497940.3465767,200,131.4466930925846,qwen15b-npu6,
1782497940.3468344,200,131.06606109067798,qwen15b-npu6,
1782497940.3470879,200,131.0732620768249,qwen15b-npu6,
1782497940.3477442,200,142.09548477083445,qwen15b-npu7,
1782497940.3613358,200,127.08398420363665,qwen15b-npu5,
1782497940.3617036,200,128.3496329560876,qwen15b-npu4,
1782497940.3623917,200,120.40825979784131,qwen15b-npu4,
1782497940.3628912,200,128.9752572774887,qwen15b-npu4,
1782497940.3706055,200,128.3054230734706,qwen15b-npu3,
1782497940.3739486,200,136.72272907570004,qwen15b-npu7,
1782497940.383169,200,116.82937480509281,qwen15b-npu4,
1782497940.3865185,200,124.83362900093198,qwen15b-npu5,
1782497940.3868363,200,122.80287593603134,qwen15b-npu5,
1782497940.3976223,200,130.9676100499928,qwen15b-npu3,
1782497940.4003775,200,137.730966322124,qwen15b-npu6,
1782497940.4020383,200,140.7558061182499,qwen15b-npu7,
1782497940.402362,200,137.94811675325036,qwen15b-npu7,
1782497940.4070594,200,117.24027805030346,qwen15b-npu4,
1782497940.4258094,200,135.14904910698533,qwen15b-npu3,
1782497940.4261053,200,136.55861793085933,qwen15b-npu3,
1782497940.428968,200,135.93841437250376,qwen15b-npu7,
1782497940.4292996,200,142.42857694625854,qwen15b-npu7,
1782497940.4302852,200,142.25251600146294,qwen15b-npu6,
1782497940.4351091,200,113.6438436806202,qwen15b-npu5,
1782497940.4563518,200,138.71912192553282,qwen15b-npu7,
1782497940.456657,200,141.61758171394467,qwen15b-npu7,
1782497940.4569907,200,120.21358869969845,qwen15b-npu4,
1782497940.4573133,200,113.89667587354779,qwen15b-npu4,
1782497940.4591532,200,141.14480884745717,qwen15b-npu6,
1782497940.4602294,200,123.11214720830321,qwen15b-npu5,
1782497940.4606957,200,147.72925386205316,qwen15b-npu6,
1782497940.4610023,200,113.17332088947296,qwen15b-npu5,
1782497940.478436,200,115.92915002256632,qwen15b-npu4,
1782497940.4806314,200,133.98107094690204,qwen15b-npu3,
1782497940.4814107,200,138.4196006692946,qwen15b-npu3,
1782497940.484597,200,113.88983624055982,qwen15b-npu5,
1782497940.485544,200,122.54483392462134,qwen15b-npu5,
1782497940.4859526,200,124.50599670410156,qwen15b-npu5,
1782497940.4875607,200,140.65428590402007,qwen15b-npu6,
1782497940.4880705,200,140.9035180695355,qwen15b-npu6,
1782497940.5088098,200,125.57948380708694,qwen15b-npu7,
1782497940.5101125,200,123.17324802279472,qwen15b-npu3,
1782497940.510435,200,148.6570299603045,qwen15b-npu3,
1782497940.5108738,200,124.28327556699514,qwen15b-npu3,
1782497940.5145514,200,140.5412550084293,qwen15b-npu6,
1782497940.5266995,200,119.53945318236947,qwen15b-npu4,
1782497940.5269787,200,126.53253134340048,qwen15b-npu4,
1782497940.5320606,200,106.17685411125422,qwen15b-npu5,
1782497940.5369382,200,139.20929562300444,qwen15b-npu7,
1782497940.5373793,200,135.26460900902748,qwen15b-npu7,
1782497940.542946,200,140.4968653805554,qwen15b-npu6,
1782497940.549929,200,119.54103270545602,qwen15b-npu4,
1782497940.5562804,200,127.21582502126694,qwen15b-npu5,
1782497940.5635293,200,128.34499310702085,qwen15b-npu3,
1782497940.5645337,200,135.1082189939916,qwen15b-npu3,
1782497940.5703797,200,144.2013899795711,qwen15b-npu6,
1782497940.5739667,200,114.73257094621658,qwen15b-npu4,
1782497940.5745728,200,118.13818383961916,qwen15b-npu4,
1782497940.5920517,200,131.26018270850182,qwen15b-npu3,
1782497940.5924134,200,132.1086478419602,qwen15b-npu7,
1782497940.592685,200,131.58609485253692,qwen15b-npu3,
1782497940.593049,200,136.29664573818445,qwen15b-npu7,
1782497940.593835,200,136.74263982102275,qwen15b-npu7,
1782497940.5987344,200,120.2029692940414,qwen15b-npu4,
1782497940.5991654,200,118.45071613788605,qwen15b-npu4,
1782497940.599607,200,142.2263360582292,qwen15b-npu6,
1782497940.606218,200,121.53898738324642,qwen15b-npu5,
1782497940.6066225,200,118.96111024543643,qwen15b-npu5,
1782497940.617967,200,136.46684773266315,qwen15b-npu3,
1782497940.6187353,200,132.68745178356767,qwen15b-npu7,
1782497940.6191142,200,130.82053000107408,qwen15b-npu7,
1782497940.6224205,200,107.80035518109798,qwen15b-npu4,
1782497940.6311116,200,122.22481099888682,qwen15b-npu5,
1782497940.632237,200,146.59516606479883,qwen15b-npu6,
1782497940.6449726,200,107.90634527802467,qwen15b-npu4,
1782497940.6453035,200,135.09240886196494,qwen15b-npu3,
1782497940.6461165,200,135.61713183298707,qwen15b-npu7,
1782497940.6548402,200,122.7177050895989,qwen15b-npu6,
1782497940.6552043,200,144.2425800487399,qwen15b-npu6,
1782497940.655818,200,129.05020732432604,qwen15b-npu5,
1782497940.656706,200,129.64352080598474,qwen15b-npu5,
1782497940.6703389,200,105.68903107196093,qwen15b-npu4,
1782497940.6710794,200,121.04064412415028,qwen15b-npu4,
1782497940.6713717,200,128.36446333676577,qwen15b-npu7,
1782497940.6722152,200,134.7449659369886,qwen15b-npu3,
1782497940.6794906,200,109.03085395693779,qwen15b-npu5,
1782497940.6983902,200,134.76288598030806,qwen15b-npu7,
1782497940.6992846,200,125.24759210646152,qwen15b-npu7,
1782497940.7000196,200,143.6614659614861,qwen15b-npu3,
1782497940.7104392,200,135.80036256462336,qwen15b-npu6,
1782497940.717051,200,117.76479193940759,qwen15b-npu4,
1782497940.72781,200,128.0845608562231,qwen15b-npu3,
1782497940.728149,200,134.22418292611837,qwen15b-npu3,
1782497940.7302766,200,123.94962273538113,qwen15b-npu5,
1782497940.7308977,200,137.774886097759,qwen15b-npu5,
1782497940.731781,200,139.6158686839044,qwen15b-npu5,
1782497940.748017,200,155.52750509232283,qwen15b-npu6,
1782497940.7487738,200,149.90076795220375,qwen15b-npu6,
1782497940.7494085,200,156.62019280716777,qwen15b-npu6,
1782497940.7497697,200,143.05709209293127,qwen15b-npu6,
1782497940.7557676,200,133.26381612569094,qwen15b-npu7,
1782497940.7561383,200,124.92167018353939,qwen15b-npu7,
1782497940.7566164,200,138.5508910752833,qwen15b-npu7,
1782497940.7579818,200,139.17070487514138,qwen15b-npu4,
1782497940.7664115,200,134.06838104128838,qwen15b-npu5,
1782497940.766743,200,120.52928004413843,qwen15b-npu5,
1782497940.7711487,200,151.94698236882687,qwen15b-npu6,
1782497940.7716916,200,126.61426095291972,qwen15b-npu6,
1782497940.777534,200,121.6290881857276,qwen15b-npu4,
1782497940.7814944,200,136.12068491056561,qwen15b-npu7,
1782497940.7916617,200,134.86324716359377,qwen15b-npu5,
1782497940.791985,200,137.03934103250504,qwen15b-npu5,
1782497940.793127,200,137.859676964581,qwen15b-npu5,
1782497940.8160725,200,144.60314204916358,qwen15b-npu5,
1782497940.816405,200,145.23599576205015,qwen15b-npu5,
1782497940.821951,200,151.5014679171145,qwen15b-npu3,
1782497940.8224187,200,150.1312986947596,qwen15b-npu3,
1782497940.8260348,200,146.47473488003016,qwen15b-npu6,
1782497940.8282013,200,128.1073410063982,qwen15b-npu4,
1782497940.828939,200,130.43037708848715,qwen15b-npu4,
1782497940.848802,200,149.39902490004897,qwen15b-npu3,
1782497940.852926,200,142.38728815689683,qwen15b-npu4,
1782497940.8532207,200,125.00739097595215,qwen15b-npu4,
1782497940.8659387,200,135.55307080969214,qwen15b-npu7,
1782497940.8663244,200,149.2016427218914,qwen15b-npu7,
1782497940.8772476,200,110.72067404165864,qwen15b-npu4,
1782497940.8775947,200,128.61181376501918,qwen15b-npu4,
1782497940.8796878,200,147.84005284309387,qwen15b-npu3,
1782497940.8800106,200,149.0483721718192,qwen15b-npu3,
1782497940.8803558,200,130.83878997713327,qwen15b-npu3,
1782497940.880876,200,152.94854762032628,qwen15b-npu3,
1782497940.8812537,200,132.9879742115736,qwen15b-npu3,
1782497940.8831866,200,125.0679511576891,qwen15b-npu6,
1782497940.8837886,200,133.92637996003032,qwen15b-npu6,
1782497940.8873324,200,131.06453139334917,qwen15b-npu5,
1782497940.895093,200,128.27518209815025,qwen15b-npu7,
1782497940.8955984,200,138.87313334271312,qwen15b-npu7,
1782497940.8962152,200,140.3289739973843,qwen15b-npu7,
1782497940.9015517,200,119.94892591610551,qwen15b-npu4,
1782497940.9022913,200,124.65806817635894,qwen15b-npu4,
1782497940.9035332,200,131.7201959900558,qwen15b-npu3,
1782497940.9116602,200,140.3717128559947,qwen15b-npu6,
1782497940.9125686,200,120.51296094432473,qwen15b-npu5,
1782497940.9221654,200,130.4063373245299,qwen15b-npu7,
1782497940.936942,200,107.931615319103,qwen15b-npu5,
1782497940.9411228,200,147.88680523633957,qwen15b-npu6,
1782497940.9418178,200,125.63127418980002,qwen15b-npu6,
1782497940.9493616,200,126.80188287049532,qwen15b-npu4,
1782497940.9501595,200,128.07838106527925,qwen15b-npu7,
1782497940.9579215,200,141.45143097266555,qwen15b-npu3,
1782497940.9694948,200,141.18836913257837,qwen15b-npu6,
1782497940.9698727,200,143.75669695436954,qwen15b-npu6,
1782497940.9779859,200,124.97996026650071,qwen15b-npu7,
1782497940.9850333,200,131.7532961256802,qwen15b-npu3,
1782497940.9864454,200,120.40493870154023,qwen15b-npu5,
1782497940.997156,200,148.21627596393228,qwen15b-npu6,
1782497940.9987066,200,132.26414984092116,qwen15b-npu6,
1782497940.9990647,200,118.9534799195826,qwen15b-npu4,
1782497940.9995425,200,118.56396729126573,qwen15b-npu4,
1782497941.007253,200,129.88317292183638,qwen15b-npu7,
1782497941.0082216,200,124.36637608334422,qwen15b-npu7,
1782497941.0084858,200,130.8151688426733,qwen15b-npu7,
1782497941.0125096,200,125.09786104783416,qwen15b-npu3,
1782497941.013678,200,133.90084030106664,qwen15b-npu3,
1782497941.0140274,200,112.40467615425587,qwen15b-npu5,
1782497941.0143096,200,133.83712014183402,qwen15b-npu5,
1782497941.015614,200,120.42549904435873,qwen15b-npu5,
1782497941.016101,200,132.8420341014862,qwen15b-npu5,
1782497941.021696,200,125.4130331799388,qwen15b-npu4,
1782497941.0254767,200,144.12884879857302,qwen15b-npu6,
1782497941.0262167,200,123.83191287517548,qwen15b-npu6,
1782497941.0335438,200,129.91619389504194,qwen15b-npu7,
1782497941.0414705,200,128.81670612841845,qwen15b-npu3,
1782497941.0416932,200,129.95318369939923,qwen15b-npu3,
1782497941.0424545,200,146.77917724475265,qwen15b-npu3,
1782497941.0461943,200,105.00598605722189,qwen15b-npu4,
1782497941.0602896,200,118.37232625111938,qwen15b-npu5,
1782497941.0610476,200,138.8113829307258,qwen15b-npu7,
1782497941.084122,200,147.07217924296856,qwen15b-npu6,
1782497941.0845175,200,126.52413127943873,qwen15b-npu6,
1782497941.0853887,200,107.32660116627812,qwen15b-npu5,
1782497941.0893946,200,139.1697651706636,qwen15b-npu7,
1782497941.0900047,200,120.02565618604422,qwen15b-npu7,
1782497941.093159,200,143.7293072231114,qwen15b-npu3,
1782497941.0944586,200,107.9117450863123,qwen15b-npu4,
1782497941.1110408,200,141.4517010562122,qwen15b-npu6,
1782497941.1118076,200,126.68758165091276,qwen15b-npu6,
1782497941.1121278,200,112.94998927041888,qwen15b-npu5,
1782497941.1125329,200,115.27504492551088,qwen15b-npu5,
1782497941.1200106,200,111.71946069225669,qwen15b-npu4,
1782497941.1351442,200,122.55948362872005,qwen15b-npu5,
1782497941.1398015,200,140.140141826123,qwen15b-npu6,
1782497941.1403108,200,131.71897595748305,qwen15b-npu6,
1782497941.1406589,200,124.48132690042257,qwen15b-npu6,
1782497941.14708,200,125.30803214758635,qwen15b-npu4,
1782497941.147499,200,148.68566021323204,qwen15b-npu7,
1782497941.1479003,200,114.28378894925117,qwen15b-npu4,
1782497941.148219,200,134.1074318625033,qwen15b-npu4,
1782497941.148471,200,141.14063931629062,qwen15b-npu7,
1782497941.1487396,200,134.95753705501556,qwen15b-npu7,
1782497941.1502109,200,124.65423811227083,qwen15b-npu3,
1782497941.1517327,200,137.36267434433103,qwen15b-npu3,
1782497941.1521966,200,136.4909978583455,qwen15b-npu3,
1782497941.1526756,200,126.36874010786414,qwen15b-npu3,
1782497941.159338,200,117.58540105074644,qwen15b-npu5,
1782497941.1699452,200,128.41453310102224,qwen15b-npu4,
1782497941.1703193,200,109.2171142809093,qwen15b-npu4,
1782497941.1745298,200,128.25810303911567,qwen15b-npu7,
1782497941.174954,200,132.401661016047,qwen15b-npu7,
1782497941.1940963,200,109.44881569594145,qwen15b-npu4,
1782497941.2038298,200,143.47915491089225,qwen15b-npu3,
1782497941.204216,200,119.9773158878088,qwen15b-npu3,
1782497941.2077727,200,122.30803165584803,qwen15b-npu5,
1782497941.218651,200,124.13420435041189,qwen15b-npu4,
1782497941.2227404,200,132.6673817820847,qwen15b-npu6,
1782497941.2273803,200,137.89482740685344,qwen15b-npu7,
1782497941.230465,200,137.2307832352817,qwen15b-npu3,
1782497941.2327096,200,121.5246170759201,qwen15b-npu5,
1782497941.244078,200,123.96470317617059,qwen15b-npu4,
1782497941.2445264,200,132.6472507789731,qwen15b-npu4,
1782497941.2526574,200,140.4028139077127,qwen15b-npu6,
1782497941.2530775,200,140.42528392747045,qwen15b-npu6,
1782497941.2581356,200,110.136351082474,qwen15b-npu5,
1782497941.2584531,200,123.2328787446022,qwen15b-npu3,
1782497941.2588305,200,118.869389872998,qwen15b-npu5,
1782497941.2682405,200,116.4003829471767,qwen15b-npu4,
1782497941.2686567,200,119.77776605635881,qwen15b-npu4,
1782497941.2818055,200,131.5221837721765,qwen15b-npu5,
1782497941.2820783,200,141.64683176204562,qwen15b-npu6,
1782497941.2871552,200,139.53317794948816,qwen15b-npu7,
1782497941.2875662,200,139.27336689084768,qwen15b-npu7,
1782497941.288365,200,147.62711199000478,qwen15b-npu7,
1782497941.289144,200,129.7176517546177,qwen15b-npu7,
1782497941.2898242,200,142.61292899027467,qwen15b-npu3,
1782497941.2906182,200,142.08105485886335,qwen15b-npu3,
1782497941.2910032,200,138.22233909741044,qwen15b-npu3,
1782497941.2915452,200,139.2291160300374,qwen15b-npu3,
1782497941.2941508,200,119.08206110820174,qwen15b-npu4,
1782497941.2945554,200,119.90686599165201,qwen15b-npu4,
1782497941.311984,200,141.9341042637825,qwen15b-npu6,
1782497941.3125894,200,142.20466604456306,qwen15b-npu6,
1782497941.3321822,200,113.42675285413861,qwen15b-npu5,
1782497941.3325393,200,124.67510811984539,qwen15b-npu5,
1782497941.333559,200,110.70331418886781,qwen15b-npu5,
1782497941.3391984,200,135.24717930704355,qwen15b-npu7,
1782497941.3398747,200,135.54268097504973,qwen15b-npu7,
1782497941.3408074,200,146.6357260942459,qwen15b-npu3,
1782497941.3429866,200,115.53521594032645,qwen15b-npu4,
1782497941.3668916,200,122.24762188270688,qwen15b-npu7,
1782497941.3693507,200,136.5735693834722,qwen15b-npu6,
1782497941.3696055,200,139.0705551020801,qwen15b-npu6,
1782497941.381009,200,112.24365513771772,qwen15b-npu5,
1782497941.3816051,200,122.65644501894712,qwen15b-npu5,
1782497941.39086,200,132.62219075113535,qwen15b-npu4,
1782497941.3912766,200,122.91866587474942,qwen15b-npu4,
1782497941.3916786,200,133.15469631925225,qwen15b-npu4,
1782497941.3970938,200,144.32010985910892,qwen15b-npu3,
1782497941.3995419,200,146.3423641398549,qwen15b-npu6,
1782497941.4003904,200,156.1846798285842,qwen15b-npu6,
1782497941.4070246,200,116.29509180784225,qwen15b-npu5,
1782497941.4073231,200,120.04051683470607,qwen15b-npu5,
1782497941.4077015,200,125.80793490633368,qwen15b-npu5,
1782497941.4130282,200,118.79269825294614,qwen15b-npu4,
1782497941.4254413,200,136.94932078942657,qwen15b-npu3,
1782497941.4261456,200,136.2091852352023,qwen15b-npu3,
1782497941.426545,200,131.84467609971762,qwen15b-npu7,
1782497941.4272401,200,145.09190572425723,qwen15b-npu7,
1782497941.4276025,200,135.94490382820368,qwen15b-npu7,
1782497941.4279015,200,138.6474221944809,qwen15b-npu3,
1782497941.4284854,200,140.81042725592852,qwen15b-npu7,
1782497941.4295945,200,138.47589120268822,qwen15b-npu6,
1782497941.4381933,200,126.12892827019095,qwen15b-npu4,
1782497941.438572,200,125.91115711256862,qwen15b-npu4,
1782497941.4543018,200,122.00719118118286,qwen15b-npu5,
1782497941.4767654,200,133.7006390094757,qwen15b-npu3,
1782497941.477494,200,144.88228410482407,qwen15b-npu7,
1782497941.477785,200,144.08198883756995,qwen15b-npu7,
1782497941.4785504,200,108.87346230447292,qwen15b-npu5,
1782497941.4851692,200,115.74380798265338,qwen15b-npu4,
1782497941.4890335,200,149.08936200663447,qwen15b-npu6,
1782497941.4893765,200,150.0749890692532,qwen15b-npu6,
1782497941.489831,200,148.90688192099333,qwen15b-npu6,
1782497941.50471,200,137.73038610816002,qwen15b-npu3,
1782497941.5098798,200,118.89822920784354,qwen15b-npu4,
1782497941.5176778,200,136.00530475378036,qwen15b-npu6,
1782497941.518053,200,136.97247067466378,qwen15b-npu6,
1782497941.528952,200,129.29034000262618,qwen15b-npu5,
1782497941.5291915,200,132.0041068829596,qwen15b-npu5,
1782497941.530727,200,130.233746021986,qwen15b-npu7,
1782497941.5314965,200,124.06938383355737,qwen15b-npu7,
1782497941.5318403,200,124.03386412188411,qwen15b-npu5,
1782497941.5342185,200,142.80307991430163,qwen15b-npu3,
1782497941.5349174,200,143.12777342274785,qwen15b-npu3,
1782497941.5356474,200,122.51323414966464,qwen15b-npu4,
1782497941.5455482,200,138.43470066785812,qwen15b-npu6,
1782497941.5545313,200,128.969247918576,qwen15b-npu5,
1782497941.5549395,200,125.26329234242439,qwen15b-npu5,
1782497941.5588677,200,130.25368563830853,qwen15b-npu7,
1782497941.5594575,200,133.19379603490233,qwen15b-npu7,
1782497941.565558,200,137.88658659905195,qwen15b-npu3,
1782497941.5658708,200,127.5837579742074,qwen15b-npu3,
1782497941.5661476,200,127.45137698948383,qwen15b-npu3,
1782497941.5664241,200,139.0727050602436,qwen15b-npu3,
1782497941.5755963,200,148.9355806261301,qwen15b-npu6,
1782497941.5758405,200,147.83451380208135,qwen15b-npu6,
1782497941.5848074,200,130.4247071966529,qwen15b-npu4,
1782497941.6022635,200,124.3986370973289,qwen15b-npu5,
1782497941.6025755,200,112.64065792784095,qwen15b-npu5,
1782497941.6093245,200,119.83717605471611,qwen15b-npu4,
1782497941.6101916,200,131.57208496704698,qwen15b-npu7,
1782497941.610424,200,121.29033543169498,qwen15b-npu7,
1782497941.615485,200,130.20934537053108,qwen15b-npu3,
1782497941.6348922,200,157.32303820550442,qwen15b-npu6,
1782497941.6358202,200,125.82181626930833,qwen15b-npu4,
1782497941.6361067,200,159.21035036444664,qwen15b-npu6,
1782497941.6364107,200,118.61662706360221,qwen15b-npu4,
1782497941.6374452,200,119.28455159068108,qwen15b-npu7,
1782497941.6425407,200,137.7304159104824,qwen15b-npu3,
1782497941.6501794,200,114.43086992949247,qwen15b-npu5,
1782497941.6510274,200,119.42842323333025,qwen15b-npu5,
1782497941.6597137,200,128.86715680360794,qwen15b-npu4,
1782497941.660025,200,114.38802862539887,qwen15b-npu4,
1782497941.6617777,200,126.79532309994102,qwen15b-npu7,
1782497941.6624446,200,128.150240983814,qwen15b-npu7,
1782497941.6650476,200,133.075094781816,qwen15b-npu6,
1782497941.665426,200,136.40976697206497,qwen15b-npu6,
1782497941.6700673,200,140.8155458047986,qwen15b-npu3,
1782497941.674094,200,107.86761483177543,qwen15b-npu5,
1782497941.6856735,200,109.76258805021644,qwen15b-npu4,
1782497941.6860445,200,127.09539476782084,qwen15b-npu4,
1782497941.686398,200,119.9134960770607,qwen15b-npu4,
1782497941.692343,200,126.68249197304249,qwen15b-npu7,
1782497941.705973,200,140.02137165516615,qwen15b-npu6,
1782497941.7064688,200,151.44962817430496,qwen15b-npu6,
1782497941.713038,200,153.50403217598796,qwen15b-npu3,
1782497941.713353,200,158.6801358498633,qwen15b-npu3,
1782497941.7314386,200,129.10041771829128,qwen15b-npu5,
1782497941.7322714,200,116.7279351502657,qwen15b-npu5,
1782497941.7326307,200,156.96512535214424,qwen15b-npu6,
1782497941.7402983,200,155.43029503896832,qwen15b-npu3,
1782497941.7406168,200,131.21604220941663,qwen15b-npu4,
1782497941.748324,200,137.8213269636035,qwen15b-npu7,
1782497941.7486234,200,145.95357235521078,qwen15b-npu7,
1782497941.7555988,200,119.69824368134141,qwen15b-npu5,
1782497941.7610908,200,150.83812410011888,qwen15b-npu6,
1782497941.7662683,200,128.735545091331,qwen15b-npu4,
1782497941.7666276,200,131.6427350975573,qwen15b-npu4,
1782497941.7798457,200,128.68522526696324,qwen15b-npu5,
1782497941.7895606,200,115.3869959525764,qwen15b-npu4,
1782497941.7906077,200,147.9890951886773,qwen15b-npu6,
1782497941.7909987,200,154.43943813443184,qwen15b-npu6,
1782497941.7983887,200,162.20515966415405,qwen15b-npu3,
1782497941.798637,200,148.39334832504392,qwen15b-npu3,
1782497941.8019645,200,142.16459589079022,qwen15b-npu7,
1782497941.8033054,200,140.77192591503263,qwen15b-npu7,
1782497941.8075562,200,142.39211799576879,qwen15b-npu5,
1782497941.8080318,200,142.4881680868566,qwen15b-npu5,
1782497941.8089073,200,123.1091977097094,qwen15b-npu5,
1782497941.820196,200,150.0347489491105,qwen15b-npu6,
1782497941.8205495,200,160.41795816272497,qwen15b-npu6,
1782497941.8284357,200,141.96131378412247,qwen15b-npu7,
1782497941.8300679,200,137.65162508934736,qwen15b-npu3,
1782497941.8307078,200,168.87110518291593,qwen15b-npu3,
1782497941.839733,200,126.31033873185515,qwen15b-npu4,
1782497941.84921,200,163.0910369567573,qwen15b-npu6,
1782497941.8496463,200,143.10688199475408,qwen15b-npu6,
1782497941.8501642,200,144.0456579439342,qwen15b-npu6,
1782497941.8554273,200,115.05593406036496,qwen15b-npu5,
1782497941.8556845,200,122.98650713637471,qwen15b-npu5,
1782497941.856835,200,124.49307693168521,qwen15b-npu7,
1782497941.8571017,200,143.98975810036063,qwen15b-npu7,
1782497941.8574688,200,125.95331622287631,qwen15b-npu7,
1782497941.8661287,200,117.44026001542807,qwen15b-npu4,
1782497941.877868,200,111.15748714655638,qwen15b-npu5,
1782497941.8783026,200,122.63676431030035,qwen15b-npu5,
1782497941.886001,200,137.60818494483829,qwen15b-npu3,
1782497941.8863308,200,145.64450923353434,qwen15b-npu3,
1782497941.8890796,200,127.9237698763609,qwen15b-npu4,
1782497941.9067357,200,117.10063787177205,qwen15b-npu7,
1782497941.9149354,200,135.02245815470815,qwen15b-npu3,
1782497941.915313,200,148.9183409139514,qwen15b-npu3,
1782497941.9159663,200,124.90335991606116,qwen15b-npu4,
1782497941.9163322,200,125.6103441119194,qwen15b-npu4,
1782497941.933651,200,134.94391785934567,qwen15b-npu7,
1782497941.9347458,200,127.02946364879608,qwen15b-npu7,
1782497941.935381,200,126.37353967875242,qwen15b-npu6,
1782497941.9360409,200,134.00764111429453,qwen15b-npu6,
1782497941.9388826,200,108.08532731607556,qwen15b-npu4,
1782497941.939502,200,131.3417130149901,qwen15b-npu4,
1782497941.942778,200,139.3152568489313,qwen15b-npu3,
1782497941.9433255,200,144.86569399014115,qwen15b-npu3,
1782497941.949245,200,128.5856938920915,qwen15b-npu5,
1782497941.9598925,200,129.7644921578467,qwen15b-npu7,
1782497941.9631617,200,134.6411849372089,qwen15b-npu6,
1782497941.9640949,200,113.8526052236557,qwen15b-npu4,
1782497941.9643853,200,114.61851978674531,qwen15b-npu4,
1782497941.970938,200,150.62944311648607,qwen15b-npu3,
1782497941.9713757,200,131.51652412489057,qwen15b-npu3,
1782497941.9754841,200,126.14309787750244,qwen15b-npu5,
1782497941.9763622,200,118.82391897961497,qwen15b-npu5,
1782497941.9843495,200,127.17372504994273,qwen15b-npu7,
1782497941.9875371,200,131.79004611447453,qwen15b-npu4,
1782497941.9928813,200,137.38153409212828,qwen15b-npu6,
1782497941.9932363,200,127.03714380040765,qwen15b-npu6,
1782497941.9934783,200,136.5716876462102,qwen15b-npu6,
1782497942.0008988,200,114.45466009899974,qwen15b-npu5,
1782497942.0017836,200,115.69915805011988,qwen15b-npu5,
1782497942.027586,200,149.1688028909266,qwen15b-npu3,
1782497942.0285594,200,139.41616797819734,qwen15b-npu3,
1782497942.0290468,200,151.06217609718442,qwen15b-npu3,
1782497942.0358083,200,128.9990171790123,qwen15b-npu4,
1782497942.0375116,200,122.10527108982205,qwen15b-npu7,
1782497942.0378144,200,122.77204589918256,qwen15b-npu7,
1782497942.0481496,200,132.07886833697557,qwen15b-npu6,
1782497942.0499291,200,115.1076341047883,qwen15b-npu5,
1782497942.0564504,200,140.05497144535184,qwen15b-npu3,
1782497942.0610662,200,121.44897598773241,qwen15b-npu4,
1782497942.0614672,200,122.47399426996708,qwen15b-npu4,
1782497942.0659785,200,130.46303670853376,qwen15b-npu7,
1782497942.066717,200,117.41093918681145,qwen15b-npu7,
1782497942.0670085,200,124.11544425413013,qwen15b-npu7,
1782497942.0674255,200,133.700598962605,qwen15b-npu7,
1782497942.0756948,200,111.52072018012404,qwen15b-npu5,
1782497942.0759952,200,111.49461008608341,qwen15b-npu5,
1782497942.0772264,200,141.1043987609446,qwen15b-npu6,
1782497942.0845609,200,121.3356563821435,qwen15b-npu4,
1782497942.0852337,200,141.80020429193974,qwen15b-npu3,
1782497942.0892417,200,113.6625250801444,qwen15b-npu7,
1782497942.1012251,200,113.62927360460162,qwen15b-npu5,
1782497942.109006,200,137.54367362707853,qwen15b-npu6,
1782497942.1094005,200,149.4463849812746,qwen15b-npu6,
1782497942.109815,200,133.35127709433436,qwen15b-npu6,
1782497942.1108646,200,117.54979006946087,qwen15b-npu4,
1782497942.1115692,200,127.15748464688659,qwen15b-npu3,
1782497942.1119075,200,140.87119698524475,qwen15b-npu3,
1782497942.1165125,200,115.52108684554696,qwen15b-npu7,
1782497942.1277456,200,125.85527589544654,qwen15b-npu5,
1782497942.1280644,200,135.07820898666978,qwen15b-npu5,
1782497942.138583,200,145.03748528659344,qwen15b-npu6,
1782497942.1530464,200,117.1720577403903,qwen15b-npu5,
1782497942.1591845,200,130.51125826314092,qwen15b-npu4,
1782497942.159418,200,111.17408704012632,qwen15b-npu4,
1782497942.1605854,200,132.92508339509368,qwen15b-npu4,
1782497942.1659193,200,128.30099184066057,qwen15b-npu6,
1782497942.1714296,200,142.3101774416864,qwen15b-npu7,
1782497942.1721613,200,134.28712310269475,qwen15b-npu7,
1782497942.1781218,200,128.12570109963417,qwen15b-npu5,
1782497942.182308,200,106.54425621032715,qwen15b-npu4,
1782497942.1941974,200,137.68430519849062,qwen15b-npu6,
1782497942.195068,200,128.98186687380075,qwen15b-npu6,
1782497942.196488,200,129.68236207962036,qwen15b-npu3,
1782497942.1968033,200,135.62428206205368,qwen15b-npu3,
1782497942.1976507,200,130.56876696646214,qwen15b-npu3,
1782497942.1979735,200,121.90870009362698,qwen15b-npu3,
1782497942.1993928,200,137.80840579420328,qwen15b-npu7,
1782497942.2001803,200,132.63969076797366,qwen15b-npu7,
1782497942.2066064,200,121.29773618653417,qwen15b-npu5,
1782497942.2070205,200,122.38876195624471,qwen15b-npu4,
1782497942.221722,200,132.41743994876742,qwen15b-npu3,
1782497942.2226558,200,145.32862743362784,qwen15b-npu6,
1782497942.229362,200,120.2454287558794,qwen15b-npu5,
1782497942.2308514,200,121.34253606200218,qwen15b-npu4,
1782497942.249879,200,139.93735099211335,qwen15b-npu3,
1782497942.250245,200,138.59707210212946,qwen15b-npu3,
1782497942.2524726,200,151.175816077739,qwen15b-npu6,
1782497942.2538276,200,141.82267291471362,qwen15b-npu7,
1782497942.2542026,200,143.23070319369435,qwen15b-npu6,
1782497942.257292,200,140.6725151464343,qwen15b-npu5,
1782497942.2576735,200,129.54366113990545,qwen15b-npu5,
1782497942.2581162,200,130.28598623350263,qwen15b-npu4,
1782497942.2769134,200,138.22528859600425,qwen15b-npu3,
1782497942.2804794,200,121.2307047098875,qwen15b-npu7,
1782497942.2817602,200,115.73091801255941,qwen15b-npu4,
1782497942.282233,200,129.12384793162346,qwen15b-npu5,
1782497942.3052876,200,122.92189570143819,qwen15b-npu3,
1782497942.305603,200,134.0500209480524,qwen15b-npu3,
1782497942.307087,200,128.90411587432027,qwen15b-npu5,
1782497942.3074803,200,135.2308290079236,qwen15b-npu7,
1782497942.3089504,200,148.26789731159806,qwen15b-npu6,
1782497942.3098824,200,150.3820512443781,qwen15b-npu6,
1782497942.3303971,200,107.6818541623652,qwen15b-npu4,
1782497942.3307507,200,124.03189390897751,qwen15b-npu4,
1782497942.332003,200,131.71332608908415,qwen15b-npu3,
1782497942.3335462,200,135.80263312906027,qwen15b-npu5,
1782497942.3338702,200,134.36088291928172,qwen15b-npu5,
1782497942.3341823,200,136.10658515244722,qwen15b-npu5,
1782497942.3388603,200,142.28129712864757,qwen15b-npu7,
1782497942.3391643,200,142.28326687589288,qwen15b-npu7,
1782497942.3395166,200,144.32475017383695,qwen15b-npu7,
1782497942.340245,200,145.9898711182177,qwen15b-npu6,
1782497942.340515,200,133.41749692335725,qwen15b-npu6,
1782497942.3537898,200,122.87027575075626,qwen15b-npu4,
1782497942.3610716,200,131.65318500250578,qwen15b-npu7,
1782497942.3661764,200,144.37796967104077,qwen15b-npu6,
1782497942.3800852,200,126.14940805360675,qwen15b-npu4,
1782497942.3804739,200,126.18352891877294,qwen15b-npu4,
1782497942.380987,200,122.73251498118043,qwen15b-npu4,
1782497942.383753,200,125.98573695868254,qwen15b-npu5,
1782497942.387335,200,137.3470239341259,qwen15b-npu3,
1782497942.3882158,200,130.81244006752968,qwen15b-npu7,
1782497942.3884666,200,138.13032815232873,qwen15b-npu3,
1782497942.3949811,200,142.41960691288114,qwen15b-npu6,
1782497942.415323,200,133.42736661434174,qwen15b-npu3,
1782497942.4157298,200,135.1758991368115,qwen15b-npu3,
1782497942.4251573,200,142.81609980389476,qwen15b-npu6,
1782497942.4254725,200,148.47617782652378,qwen15b-npu6,
1782497942.4270477,200,121.37779640033841,qwen15b-npu4,
1782497942.4348583,200,127.2694650106132,qwen15b-npu5,
1782497942.4352834,200,129.91028325632215,qwen15b-npu5,
1782497942.4410908,200,132.0432280190289,qwen15b-npu7,
1782497942.4421222,200,134.93802724406123,qwen15b-npu3,
1782497942.4531827,200,118.8873490318656,qwen15b-npu4,
1782497942.453488,200,119.84258471056819,qwen15b-npu4,
1782497942.4544125,200,144.40848072990775,qwen15b-npu6,
1782497942.4599547,200,129.09055827185512,qwen15b-npu5,
1782497942.4603212,200,119.73181506618857,qwen15b-npu5,
1782497942.4693875,200,137.31965282931924,qwen15b-npu7,
1782497942.4696326,200,135.68241195753217,qwen15b-npu7,
1782497942.4698882,200,139.3850171007216,qwen15b-npu7,
1782497942.4732757,200,134.00784088298678,qwen15b-npu3,
1782497942.47355,200,134.60892532020807,qwen15b-npu3,
1782497942.478318,200,112.01098281890154,qwen15b-npu4,
1782497942.4815872,200,141.95999410003424,qwen15b-npu6,
1782497942.4818969,200,141.57582074403763,qwen15b-npu6,
1782497942.4848816,200,123.75014228746295,qwen15b-npu5,
1782497942.4952986,200,141.42392110079527,qwen15b-npu7,
1782497942.500932,200,120.72755116969347,qwen15b-npu4,
1782497942.51062,200,115.53171696141362,qwen15b-npu5,
1782497942.5110257,200,130.4302467033267,qwen15b-npu5,
1782497942.5114858,200,122.95289617031813,qwen15b-npu5,
1782497942.5224738,200,138.6498217470944,qwen15b-npu7,
1782497942.5244386,200,109.02770282700658,qwen15b-npu4,
1782497942.5288973,200,140.60414489358664,qwen15b-npu3,
1782497942.5292494,200,148.15166592597961,qwen15b-npu3,
1782497942.5377078,200,150.30598128214478,qwen15b-npu6,
1782497942.5502193,200,123.09402786195278,qwen15b-npu7,
1782497942.555513,200,139.66480921953917,qwen15b-npu3,
1782497942.5685837,200,127.41895578801632,qwen15b-npu6,
1782497942.5692067,200,143.96570809185505,qwen15b-npu6,
1782497942.5695395,200,127.35459627583623,qwen15b-npu6,
1782497942.5702453,200,144.70849186182022,qwen15b-npu6,
1782497942.5783408,200,142.93453097343445,qwen15b-npu7,
1782497942.5786774,200,143.70625605806708,qwen15b-npu7,
1782497942.5837815,200,113.82242618128657,qwen15b-npu5,
1782497942.584061,200,114.36714930459857,qwen15b-npu5,
1782497942.5849864,200,124.60146797820926,qwen15b-npu3,
1782497942.585373,200,131.76864571869373,qwen15b-npu3,
1782497942.5858626,200,132.59851094335318,qwen15b-npu3,
1782497942.596027,200,126.56831089407206,qwen15b-npu6,
1782497942.597161,200,142.67139928415418,qwen15b-npu6,
1782497942.598674,200,116.66569486260414,qwen15b-npu4,
1782497942.5990627,200,125.7158350199461,qwen15b-npu4,
1782497942.5997624,200,126.14768790081143,qwen15b-npu4,
1782497942.6063552,200,121.38705560937524,qwen15b-npu7,
1782497942.606752,200,146.68854605406523,qwen15b-npu7,
1782497942.608225,200,112.8664487041533,qwen15b-npu5,
1782497942.6121278,200,133.70039872825146,qwen15b-npu3,
1782497942.632523,200,150.8638239465654,qwen15b-npu6,
1782497942.6361356,200,125.38976315408945,qwen15b-npu5,
1782497942.636519,200,125.3772433847189,qwen15b-npu5,
1782497942.6417503,200,140.69332601502538,qwen15b-npu3,
1782497942.6421006,200,130.50604797899723,qwen15b-npu3,
1782497942.6582072,200,120.4285197891295,qwen15b-npu5,
1782497942.6586306,200,136.0728251747787,qwen15b-npu7,
1782497942.6712487,200,141.92671468481421,qwen15b-npu3,
1782497942.672248,200,147.75100257247686,qwen15b-npu3,
1782497942.6725364,200,143.53372482582927,qwen15b-npu3,
1782497942.6830442,200,113.76291466876864,qwen15b-npu5,
1782497942.6865733,200,130.97395095974207,qwen15b-npu7,
1782497942.6869345,200,136.63861900568008,qwen15b-npu7,
1782497942.6944904,200,125.78714592382312,qwen15b-npu4,
1782497942.6948276,200,110.97196582704782,qwen15b-npu4,
1782497942.6953938,200,111.26946797594428,qwen15b-npu4,
1782497942.7086098,200,111.30304913967848,qwen15b-npu5,
1782497942.7097485,200,124.3030452169478,qwen15b-npu5,
1782497942.7102134,200,140.60458587482572,qwen15b-npu6,
1782497942.7106588,200,140.3213539160788,qwen15b-npu6,
1782497942.7148118,200,136.06101414188743,qwen15b-npu7,
1782497942.7151484,200,136.70898880809546,qwen15b-npu7,
1782497942.7209086,200,122.12796090170741,qwen15b-npu4,
1782497942.7215977,200,121.76128895953298,qwen15b-npu4,
1782497942.7219682,200,136.04189502075315,qwen15b-npu4,
1782497942.722337,200,137.28631287813187,qwen15b-npu4,
1782497942.7407544,200,132.43464101105928,qwen15b-npu7,
1782497942.7417054,200,142.50647788867354,qwen15b-npu6,
1782497942.7421045,200,129.9094627611339,qwen15b-npu6,
1782497942.7425256,200,136.05629466474056,qwen15b-npu6,
1782497942.7428703,200,146.7782068066299,qwen15b-npu6,
1782497942.7539675,200,147.112179081887,qwen15b-npu3,
1782497942.75679,200,124.1771150380373,qwen15b-npu5,
1782497942.757558,200,121.3144757784903,qwen15b-npu5,
1782497942.7667732,200,124.60113782435656,qwen15b-npu4,
1782497942.7673645,200,109.05607277527452,qwen15b-npu4,
1782497942.787838,200,151.15827601402998,qwen15b-npu3,
1782497942.7882686,200,146.41568390652537,qwen15b-npu3,
1782497942.7916372,200,120.29114924371243,qwen15b-npu4,
1782497942.7942262,200,121.90386932343245,qwen15b-npu7,
1782497942.7956028,200,136.89919095486403,qwen15b-npu6,
1782497942.8067522,200,123.62235179170966,qwen15b-npu5,
1782497942.807122,200,112.53909720107913,qwen15b-npu5,
1782497942.816059,200,128.97247727960348,qwen15b-npu3,
1782497942.8229735,200,127.47883703559637,qwen15b-npu7,
1782497942.8232899,200,136.61359902471304,qwen15b-npu7,
1782497942.8240085,200,129.05540829524398,qwen15b-npu7,
1782497942.8245614,200,151.91889088600874,qwen15b-npu6,
1782497942.8395379,200,124.27417607977986,qwen15b-npu4,
1782497942.8405585,200,129.7907130792737,qwen15b-npu4,
1782497942.8410053,200,132.2729093953967,qwen15b-npu4,
1782497942.8448758,200,134.54702496528625,qwen15b-npu3,
1782497942.8484344,200,138.57559207826853,qwen15b-npu7,
1782497942.8487537,200,127.75125866755843,qwen15b-npu7,
1782497942.8514404,200,136.555768083781,qwen15b-npu6,
1782497942.8517258,200,130.02820406109095,qwen15b-npu6,
1782497942.857138,200,115.32095493748784,qwen15b-npu5,
1782497942.8633575,200,109.29882526397705,qwen15b-npu4,
1782497942.863705,200,121.10789399594069,qwen15b-npu4,
1782497942.8739707,200,151.52317890897393,qwen15b-npu3,
1782497942.8742642,200,152.18493295833468,qwen15b-npu3,
1782497942.875339,200,133.12289491295815,qwen15b-npu3,
1782497942.8758209,200,118.96371003240347,qwen15b-npu7,
1782497942.876169,200,135.31411904841661,qwen15b-npu7,
1782497942.8790514,200,136.0621047206223,qwen15b-npu6,
1782497942.8839824,200,116.55702395364642,qwen15b-npu5,
1782497942.8842914,200,126.64635200053453,qwen15b-npu5,
1782497942.8846078,200,117.73926205933094,qwen15b-npu5,
1782497942.908304,200,114.00300590321422,qwen15b-npu5,
1782497942.9102008,200,122.24846193566918,qwen15b-npu4,
1782497942.9268477,200,138.44784116372466,qwen15b-npu7,
1782497942.9292421,200,122.39665305241942,qwen15b-npu3,
1782497942.9297907,200,138.09160888195038,qwen15b-npu3,
1782497942.934388,200,127.18443525955081,qwen15b-npu4,
1782497942.9360075,200,140.34203393384814,qwen15b-npu6,
1782497942.954131,200,129.47086989879608,qwen15b-npu7,
1782497942.9543562,200,138.20528937503695,qwen15b-npu7,
1782497942.9601552,200,115.17546372488141,qwen15b-npu4,
1782497942.9607744,200,121.15865433588624,qwen15b-npu5,
1782497942.9611363,200,137.0456120930612,qwen15b-npu5,
1782497942.9620953,200,113.24926093220711,qwen15b-npu5,
1782497942.9627488,200,122.09553085267544,qwen15b-npu4,
1782497942.9629922,200,139.61883913725615,qwen15b-npu5,
1782497942.9632573,200,140.19517274573445,qwen15b-npu6,
1782497942.9801972,200,116.3867530412972,qwen15b-npu7,
1782497942.982534,200,108.20351680740714,qwen15b-npu4,
1782497942.9835012,200,120.05524709820747,qwen15b-npu4,
1782497942.9894776,200,140.9683278761804,qwen15b-npu3,
1782497942.9898582,200,148.73333973810077,qwen15b-npu3,
1782497942.990166,200,138.6348819360137,qwen15b-npu3,
1782497942.991225,200,133.98247119039297,qwen15b-npu6,
1782497942.991519,200,139.73221043124795,qwen15b-npu6,
1782497943.0076056,200,123.2305089943111,qwen15b-npu5,
1782497943.008303,200,129.17804857715964,qwen15b-npu5,
1782497943.008722,200,124.64979803189635,qwen15b-npu7,
1782497943.009409,200,133.14848486334085,qwen15b-npu7,
1782497943.0152972,200,130.62214897945523,qwen15b-npu3,
1782497943.0156548,200,141.61233184859157,qwen15b-npu3,
1782497943.0191498,200,143.71062722057104,qwen15b-npu6,
1782497943.0198638,200,143.97871773689985,qwen15b-npu6,
1782497943.03539,200,125.10818103328347,qwen15b-npu7,
1782497943.0452027,200,136.7648602463305,qwen15b-npu6,
1782497943.0554829,200,120.93529291450977,qwen15b-npu4,
1782497943.0558133,200,128.82839608937502,qwen15b-npu4,
1782497943.0698686,200,133.79180990159512,qwen15b-npu3,
1782497943.0749872,200,145.65868908539414,qwen15b-npu6,
1782497943.075309,200,145.45699814334512,qwen15b-npu6,
1782497943.0792725,200,117.09966836497188,qwen15b-npu4,
1782497943.082816,200,121.5814077295363,qwen15b-npu5,
1782497943.0832136,200,120.39597891271114,qwen15b-npu5,
1782497943.0836687,200,129.47749020531774,qwen15b-npu5,
1782497943.0899453,200,126.88506441190839,qwen15b-npu7,
1782497943.0902302,200,129.35711909085512,qwen15b-npu7,
1782497943.097857,200,134.53284511342645,qwen15b-npu3,
1782497943.1040702,200,112.43677604943514,qwen15b-npu4,
1782497943.105045,200,115.09852390736341,qwen15b-npu4,
1782497943.1061194,200,151.69502003118396,qwen15b-npu6,
1782497943.1064172,200,116.84665502980351,qwen15b-npu4,
1782497943.1067052,200,116.42316309735179,qwen15b-npu5,
1782497943.1077318,200,147.3982110619545,qwen15b-npu6,
1782497943.117043,200,125.73977606371045,qwen15b-npu7,
1782497943.1174502,200,134.8514361307025,qwen15b-npu7,
1782497943.1274002,200,147.13018899783492,qwen15b-npu3,
1782497943.1276543,200,144.0140581689775,qwen15b-npu3,
1782497943.1292057,200,109.27618388086557,qwen15b-npu5,
1782497943.1318283,200,123.44620004296303,qwen15b-npu6,
1782497943.143695,200,135.99097402766347,qwen15b-npu7,
1782497943.1441462,200,124.92866022512317,qwen15b-npu7,
1782497943.1558268,200,140.43221389874816,qwen15b-npu3,
1782497943.156929,200,147.45601126924157,qwen15b-npu3,
1782497943.1573112,200,148.46797799691558,qwen15b-npu3,
1782497943.1586287,200,142.86728017032146,qwen15b-npu6,
1782497943.1705728,200,135.07050788030028,qwen15b-npu7,
1782497943.171008,200,125.72294613346457,qwen15b-npu7,
1782497943.1743324,200,118.75513894483447,qwen15b-npu4,
1782497943.1869488,200,130.98560087382793,qwen15b-npu6,
1782497943.2002263,200,124.84689895063639,qwen15b-npu4,
1782497943.2005427,200,110.52294308319688,qwen15b-npu4,
1782497943.201001,200,110.69770390167832,qwen15b-npu4,
1782497943.2097816,200,126.00207701325417,qwen15b-npu3,
1782497943.2101743,200,135.08265791460872,qwen15b-npu3,
1782497943.2187645,200,139.3964677117765,qwen15b-npu6,
1782497943.2191195,200,135.79071313142776,qwen15b-npu6,
1782497943.219755,200,149.78575706481934,qwen15b-npu6,
1782497943.2201316,200,137.19960302114487,qwen15b-npu6,
1782497943.2243848,200,116.53241282328963,qwen15b-npu7,
1782497943.224782,200,118.58350690454245,qwen15b-npu4,
1782497943.2251856,200,118.6990481801331,qwen15b-npu4,
1782497943.2320487,200,127.87269987165928,qwen15b-npu5,
1782497943.2324154,200,115.261385217309,qwen15b-npu5,
1782497943.2328315,200,126.04733696207404,qwen15b-npu5,
1782497943.2384577,200,133.002073969692,qwen15b-npu3,
1782497943.239334,200,141.41102088615298,qwen15b-npu3,
1782497943.2454689,200,127.93716974556446,qwen15b-npu6,
1782497943.2648592,200,132.9544340260327,qwen15b-npu5,
1782497943.265218,200,135.90986421331763,qwen15b-npu5,
1782497943.2759771,200,148.25084572657943,qwen15b-npu6,
1782497943.2764182,200,148.9393007941544,qwen15b-npu6,
1782497943.2806013,200,124.6664384379983,qwen15b-npu7,
1782497943.2809062,200,123.87163192033768,qwen15b-npu7,
1782497943.2816074,200,137.33744341880083,qwen15b-npu3,
1782497943.282766,200,125.38952333852649,qwen15b-npu4,
1782497943.2859025,200,142.08370493724942,qwen15b-npu5,
1782497943.2862308,200,127.49990727752447,qwen15b-npu5,
1782497943.3071988,200,120.15687813982368,qwen15b-npu4,
1782497943.3082337,200,137.09243200719357,qwen15b-npu3,
1782497943.3095133,200,138.82336392998695,qwen15b-npu7,
1782497943.3100493,200,135.6479716487229,qwen15b-npu5,
1782497943.3311958,200,121.31285620853305,qwen15b-npu4,
1782497943.3315735,200,131.26979302614927,qwen15b-npu6,
1782497943.333441,200,132.32164969667792,qwen15b-npu5,
1782497943.3366652,200,135.99666394293308,qwen15b-npu7,
1782497943.3559184,200,123.75908205285668,qwen15b-npu4,
1782497943.356149,200,131.25385204330087,qwen15b-npu4,
1782497943.358745,200,138.47878109663725,qwen15b-npu5,
1782497943.3598883,200,140.69646503776312,qwen15b-npu6,
1782497943.360183,200,135.67555183544755,qwen15b-npu6,
1782497943.364358,200,139.0900951810181,qwen15b-npu7,
1782497943.36581,200,133.2797659561038,qwen15b-npu7,
1782497943.366124,200,147.25593011826277,qwen15b-npu7,
1782497943.366406,200,156.12493874505162,qwen15b-npu3,
1782497943.367025,200,147.20389898866415,qwen15b-npu3,
1782497943.3796868,200,114.40971028059721,qwen15b-npu4,
1782497943.3830433,200,137.46622391045094,qwen15b-npu5,
1782497943.3896158,200,156.672403216362,qwen15b-npu3,
1782497943.390535,200,151.12404618412256,qwen15b-npu7,
1782497943.3907814,200,152.21385285258293,qwen15b-npu7,
1782497943.4043348,200,118.03278280422091,qwen15b-npu4,
1782497943.4050493,200,123.3676290139556,qwen15b-npu4,
1782497943.4092484,200,123.24286811053753,qwen15b-npu5,
1782497943.409594,200,128.90400690957904,qwen15b-npu5,
1782497943.416459,200,133.57992796227336,qwen15b-npu3,
1782497943.4168832,200,140.32210409641266,qwen15b-npu3,
1782497943.4185083,200,142.4105279147625,qwen15b-npu6,
1782497943.419083,200,138.1138078868389,qwen15b-npu7,
1782497943.4197383,200,154.75428104400635,qwen15b-npu6,
1782497943.4274747,200,119.13696071133018,qwen15b-npu4,
1782497943.4317272,200,121.60562677308917,qwen15b-npu5,
1782497943.4447083,200,137.38378416746855,qwen15b-npu6,
1782497943.4457617,200,136.14148600026965,qwen15b-npu3,
1782497943.4526687,200,120.98169326782227,qwen15b-npu4,
1782497943.456583,200,119.84986625611782,qwen15b-npu5,
1782497943.472899,200,139.39571706578135,qwen15b-npu6,
1782497943.4737854,200,142.49216811731458,qwen15b-npu7,
1782497943.4769375,200,111.04101594537497,qwen15b-npu4,
1782497943.4815042,200,115.31173484399915,qwen15b-npu5,
1782497943.501396,200,121.63325771689415,qwen15b-npu4,
1782497943.5019994,200,145.78574988991022,qwen15b-npu7,
1782497943.5034258,200,143.1822720915079,qwen15b-npu6,
1782497943.5036952,200,137.1596921235323,qwen15b-npu3,
1782497943.5039873,200,148.0034552514553,qwen15b-npu3,
1782497943.5044973,200,144.53592197969556,qwen15b-npu3,
1782497943.5051255,200,146.2395628914237,qwen15b-npu6,
1782497943.5055826,200,141.0680077970028,qwen15b-npu7,
1782497943.5064855,200,116.77226517349482,qwen15b-npu5,
1782497943.5068765,200,139.73071984946728,qwen15b-npu3,
1782497943.5082073,200,125.02344092354178,qwen15b-npu5,
1782497943.525591,200,121.1321041919291,qwen15b-npu4,
1782497943.5290058,200,138.14979791641235,qwen15b-npu7,
1782497943.5300822,200,139.47209808975458,qwen15b-npu6,
1782497943.5313067,200,112.69621783867478,qwen15b-npu5,
1782497943.53163,200,126.50390015915036,qwen15b-npu5,
1782497943.5495076,200,121.94157997146249,qwen15b-npu4,
1782497943.5577533,200,137.88636727258563,qwen15b-npu3,
1782497943.5580227,200,141.4610520005226,qwen15b-npu7,
1782497943.5583751,200,141.37882087379694,qwen15b-npu7,
1782497943.5593703,200,127.53357831388712,qwen15b-npu3,
1782497943.5596316,200,149.9693477526307,qwen15b-npu3,
1782497943.5608878,200,151.55109902843833,qwen15b-npu6,
1782497943.561385,200,142.211786005646,qwen15b-npu6,
1782497943.5789568,200,126.21089816093445,qwen15b-npu5,
1782497943.584393,200,127.7356487698853,qwen15b-npu3,
1782497943.5852187,200,139.34580609202385,qwen15b-npu7,
1782497943.5874698,200,142.6735301502049,qwen15b-npu6,
1782497943.5986202,200,121.58131692558527,qwen15b-npu4,
1782497943.5989847,200,117.40177916362882,qwen15b-npu4,
1782497943.612399,200,139.4085669890046,qwen15b-npu7,
1782497943.6167967,200,142.8961711935699,qwen15b-npu6,
1782497943.6222029,200,120.70192070677876,qwen15b-npu4,
1782497943.6345894,200,132.52474088221788,qwen15b-npu5,
1782497943.634999,200,131.4933537505567,qwen15b-npu5,
1782497943.635451,200,131.39797328040004,qwen15b-npu5,
1782497943.6415513,200,133.23368597775698,qwen15b-npu3,
1782497943.6424139,200,136.7475390434265,qwen15b-npu7,
1782497943.6427574,200,136.1589846201241,qwen15b-npu3,
1782497943.6429975,200,139.22387594357133,qwen15b-npu7,
1782497943.6437721,200,136.7679489776492,qwen15b-npu3,
1782497943.6481974,200,142.99648208543658,qwen15b-npu6,
1782497943.6485734,200,122.84581596031785,qwen15b-npu4,
1782497943.649052,200,144.4872417487204,qwen15b-npu6,
1782497943.654333,200,124.16057521477342,qwen15b-npu5,
1782497943.6688185,200,137.4268140643835,qwen15b-npu7,
1782497943.6715994,200,113.13895136117935,qwen15b-npu4,
1782497943.6719136,200,112.18373430892825,qwen15b-npu4,
1782497943.6722476,200,122.67516367137432,qwen15b-npu4,
1782497943.6743236,200,142.61502819135785,qwen15b-npu6,
1782497943.6746178,200,145.50764812156558,qwen15b-npu6,
1782497943.6797936,200,118.82834928110242,qwen15b-npu5,
1782497943.69591,200,134.43918386474252,qwen15b-npu3,
1782497943.696267,200,138.4404208511114,qwen15b-npu3,
1782497943.696901,200,137.46419409289956,qwen15b-npu7,
1782497943.700025,200,141.8991140089929,qwen15b-npu6,
1782497943.7049284,200,119.63251419365406,qwen15b-npu5,
1782497943.7233,200,135.77018259093165,qwen15b-npu3,
1782497943.7240522,200,139.51934780925512,qwen15b-npu3,
1782497943.7250223,200,145.97167121246457,qwen15b-npu7,
1782497943.7258883,200,127.17781541869044,qwen15b-npu6,
1782497943.7296767,200,130.53867826238275,qwen15b-npu5,
1782497943.741234,200,106.0723727568984,qwen15b-npu4,
1782497943.7505388,200,128.24519211426377,qwen15b-npu3,
1782497943.7529407,200,140.47489408403635,qwen15b-npu7,
1782497943.753999,200,137.1417618356645,qwen15b-npu6,
1782497943.756752,200,113.92972618341446,qwen15b-npu5,
1782497943.7570033,200,122.30006186291575,qwen15b-npu5,
1782497943.766594,200,124.10931522026658,qwen15b-npu4,
1782497943.766958,200,123.89354314655066,qwen15b-npu4,
1782497943.7678344,200,113.41361189261079,qwen15b-npu4,
1782497943.7785053,200,129.8277131281793,qwen15b-npu3,
1782497943.782944,200,134.63230477645993,qwen15b-npu5,
1782497943.7832768,200,147.7288231253624,qwen15b-npu7,
1782497943.783877,200,140.02877101302147,qwen15b-npu7,
1782497943.7842674,200,135.14974899590015,qwen15b-npu5,
1782497943.7846985,200,143.01459211856127,qwen15b-npu6,
1782497943.7891552,200,116.80596508085728,qwen15b-npu4,
1782497943.8072326,200,110.89320573955774,qwen15b-npu5,
1782497943.807989,200,136.01288432255387,qwen15b-npu3,
1782497943.808391,200,133.99176066741347,qwen15b-npu3,
1782497943.8101313,200,138.4330210275948,qwen15b-npu6,
1782497943.810533,200,141.62628212943673,qwen15b-npu7,
1782497943.8109162,200,131.03226060047746,qwen15b-npu6,
1782497943.8118362,200,137.1318120509386,qwen15b-npu7,
1782497943.8136752,200,116.69740406796336,qwen15b-npu4,
1782497943.83803,200,113.87050617486238,qwen15b-npu4,
1782497943.8391583,200,139.0591850504279,qwen15b-npu6,
1782497943.8395255,200,114.40054886043072,qwen15b-npu4,
1782497943.839826,200,143.81724735721946,qwen15b-npu6,
1782497943.8402336,200,135.24154899641871,qwen15b-npu7,
1782497943.857359,200,127.62095779180527,qwen15b-npu5,
1782497943.8633723,200,122.0766301266849,qwen15b-npu6,
1782497943.8642488,200,138.2846492342651,qwen15b-npu3,
1782497943.8645177,200,141.1378593184054,qwen15b-npu3,
1782497943.8833766,200,126.55183114111423,qwen15b-npu5,
1782497943.8836493,200,130.63557911664248,qwen15b-npu5,
1782497943.891302,200,140.70180570706725,qwen15b-npu6,
1782497943.8917747,200,123.87012224644423,qwen15b-npu6,
1782497943.892906,200,138.81301321089268,qwen15b-npu3,
1782497943.893163,200,126.46391009911895,qwen15b-npu3,
1782497943.8943436,200,127.2766157053411,qwen15b-npu7,
1782497943.8946545,200,137.58964464068413,qwen15b-npu7,
1782497943.9087563,200,125.70932600647211,qwen15b-npu4,
1782497943.909018,200,125.02241972833872,qwen15b-npu5,
1782497943.909323,200,124.55612700432539,qwen15b-npu5,
1782497943.9182649,200,139.69089975580573,qwen15b-npu6,
1782497943.9185472,200,129.29869908839464,qwen15b-npu6,
1782497943.9230533,200,139.7067499347031,qwen15b-npu7,
1782497943.9233255,200,138.95324524492025,qwen15b-npu7,
1782497943.9311624,200,117.40454938262701,qwen15b-npu5,
1782497943.9342673,200,126.92662281915545,qwen15b-npu4,
1782497943.9346473,200,126.0481383651495,qwen15b-npu4,
1782497943.9352884,200,123.37891990318894,qwen15b-npu4,
1782497943.9472497,200,136.6169978864491,qwen15b-npu3,
1782497943.9475303,200,137.3003227636218,qwen15b-npu3,
1782497943.9494948,200,141.43670024350286,qwen15b-npu7,
1782497943.9503043,200,139.29778710007668,qwen15b-npu7,
1782497943.9575655,200,119.40577300265431,qwen15b-npu5,
1782497943.957862,200,117.50826984643936,qwen15b-npu4,
1782497943.9581795,200,118.29144461080432,qwen15b-npu4,
1782497943.958421,200,119.17504202574492,qwen15b-npu5,
1782497943.9766607,200,137.04387098550797,qwen15b-npu7,
1782497943.9964092,200,132.95760424807668,qwen15b-npu6,
1782497943.997253,200,132.67455203458667,qwen15b-npu6,
1782497944.005573,200,121.81023834273219,qwen15b-npu7,
1782497944.0059233,200,111.4911399781704,qwen15b-npu4,
1782497944.0064669,200,111.7228721268475,qwen15b-npu4,
1782497944.0067735,200,142.44459802284837,qwen15b-npu3,
1782497944.0070496,200,113.80282463505864,qwen15b-npu5,
1782497944.00757,200,150.0990791246295,qwen15b-npu3,
1782497944.0078225,200,124.37431700527668,qwen15b-npu4,
1782497944.0244966,200,115.66334776580334,qwen15b-npu6,
1782497944.0249956,200,132.02009815722704,qwen15b-npu6,
1782497944.026681,200,103.54488622397184,qwen15b-npu4,
1782497944.0335946,200,141.69401302933693,qwen15b-npu7,
1782497944.0339718,200,142.56559778004885,qwen15b-npu3,
1782497944.0344872,200,125.08296081796288,qwen15b-npu7,
1782497944.0356743,200,126.59167125821114,qwen15b-npu3,
1782497944.0505078,200,116.10612086951733,qwen15b-npu4,
1782497944.0561419,200,108.81963185966015,qwen15b-npu5,
1782497944.056413,200,125.18694065511227,qwen15b-npu5,
1782497944.0630274,200,144.6991227567196,qwen15b-npu7,
1782497944.0636196,200,128.2449420541525,qwen15b-npu3,
1782497944.0644045,200,145.76248032972217,qwen15b-npu3,
1782497944.06474,200,130.0015738233924,qwen15b-npu7,
1782497944.065232,200,141.83213422074914,qwen15b-npu3,
1782497944.074565,200,116.91658617928624,qwen15b-npu4,
1782497944.0788145,200,120.847063139081,qwen15b-npu6,
1782497944.0791373,200,131.54200371354818,qwen15b-npu6,
1782497944.0797842,200,121.53493706136942,qwen15b-npu6,
1782497944.0801759,200,121.68766791000962,qwen15b-npu6,
1782497944.0909111,200,140.49343392252922,qwen15b-npu3,
1782497944.091437,200,141.86836406588554,qwen15b-npu3,
1782497944.1056075,200,109.13883429020643,qwen15b-npu5,
1782497944.1151116,200,138.3907999843359,qwen15b-npu7,
1782497944.1215043,200,115.50722690299153,qwen15b-npu4,
1782497944.1295547,200,132.18701910227537,qwen15b-npu6,
1782497944.1318147,200,124.17344469577074,qwen15b-npu5,
1782497944.132171,200,125.05243113264441,qwen15b-npu5,
1782497944.1451743,200,138.63310171291232,qwen15b-npu7,
1782497944.1455011,200,139.81752982363105,qwen15b-npu7,
1782497944.145888,200,137.9891480319202,qwen15b-npu7,
1782497944.1465235,200,139.6669987589121,qwen15b-npu3,
1782497944.1471312,200,122.04012973234057,qwen15b-npu4,
1782497944.1565669,200,120.7428015768528,qwen15b-npu6,
1782497944.1570182,200,130.27632562443614,qwen15b-npu6,
1782497944.1578567,200,124.15291368961334,qwen15b-npu5,
1782497944.1587527,200,134.10871103405952,qwen15b-npu5,
1782497944.1695435,200,113.33334166556597,qwen15b-npu4,
1782497944.1699598,200,106.84461891651154,qwen15b-npu4,
1782497944.1715887,200,137.03550212085247,qwen15b-npu7,
1782497944.1737146,200,139.60143877193332,qwen15b-npu3,
1782497944.184529,200,120.78302213922143,qwen15b-npu5,
1782497944.185189,200,120.35570899024606,qwen15b-npu6,
1782497944.185516,200,134.89757711067796,qwen15b-npu5,
1782497944.1858332,200,129.34822915121913,qwen15b-npu6,
1782497944.1861947,200,120.84132293239236,qwen15b-npu6,
1782497944.1931174,200,118.444356136024,qwen15b-npu4,
1782497944.1935186,200,113.22095105424523,qwen15b-npu4,
1782497944.2031376,200,138.635431881994,qwen15b-npu3,
1782497944.2035367,200,124.3343548849225,qwen15b-npu3,
1782497944.2078063,200,116.26137094572186,qwen15b-npu5,
1782497944.2277436,200,148.8343197852373,qwen15b-npu7,
1782497944.2281582,200,148.25625717639923,qwen15b-npu7,
1782497944.2318313,200,140.83703700453043,qwen15b-npu3,
1782497944.2351162,200,113.54897357523441,qwen15b-npu5,
1782497944.235501,200,129.81288228183985,qwen15b-npu5,
1782497944.254039,200,124.42335719242692,qwen15b-npu7,
1782497944.258557,200,112.59779706597328,qwen15b-npu5,
1782497944.2600145,200,144.84089380130172,qwen15b-npu3,
1782497944.263021,200,130.75764942914248,qwen15b-npu6,
1782497944.2634377,200,131.5256142988801,qwen15b-npu6,
1782497944.2671807,200,119.98327588662505,qwen15b-npu4,
1782497944.2675116,200,120.90752273797989,qwen15b-npu4,
1782497944.2832458,200,126.54738035053015,qwen15b-npu7,
1782497944.2843118,200,138.7252127751708,qwen15b-npu7,
1782497944.2846882,200,114.63998071849346,qwen15b-npu5,
1782497944.284959,200,113.28639229759574,qwen15b-npu5,
1782497944.286915,200,117.25379806011915,qwen15b-npu4,
1782497944.289453,200,130.5863382294774,qwen15b-npu3,
1782497944.2898607,200,144.587981980294,qwen15b-npu3,
1782497944.290946,200,133.0289337784052,qwen15b-npu6,
1782497944.2918954,200,134.7655770368874,qwen15b-npu6,
1782497944.3101213,200,124.83411887660623,qwen15b-npu7,
1782497944.3122659,200,109.03545282781124,qwen15b-npu4,
1782497944.3124912,200,126.88336335122585,qwen15b-npu4,
1782497944.312732,200,128.11033194884658,qwen15b-npu4,
1782497944.3177748,200,124.14104491472244,qwen15b-npu3,
1782497944.3180866,200,144.29594110697508,qwen15b-npu3,
1782497944.3186665,200,132.75124318897724,qwen15b-npu6,
1782497944.3189993,200,132.68376188352704,qwen15b-npu3,
1782497944.3335097,200,129.8738829791546,qwen15b-npu5,
1782497944.3384008,200,145.16283571720123,qwen15b-npu7,
1782497944.3427823,200,134.91291739046574,qwen15b-npu3,
1782497944.3573005,200,121.68680783361197,qwen15b-npu4,
1782497944.3598847,200,127.95788096264005,qwen15b-npu5,
1782497944.3667781,200,138.91944428905845,qwen15b-npu7,
1782497944.3727872,200,137.56504515185952,qwen15b-npu6,
1782497944.373091,200,144.82168294489384,qwen15b-npu6,
1782497944.3813553,200,121.28034513443708,qwen15b-npu4,
1782497944.3854785,200,117.90052289143205,qwen15b-npu5,
1782497944.3951683,200,132.03149801120162,qwen15b-npu7,
1782497944.3954012,200,136.7503390647471,qwen15b-npu7,
1782497944.3974977,200,133.95284116268158,qwen15b-npu6,
1782497944.3991969,200,131.94267731159925,qwen15b-npu3,
1782497944.399476,200,145.35877713933587,qwen15b-npu3,
1782497944.4058852,200,116.32723221555352,qwen15b-npu4,
1782497944.4124334,200,120.43402995914221,qwen15b-npu5,
1782497944.4128773,200,128.1116111204028,qwen15b-npu5,
1782497944.4239671,200,136.95419998839498,qwen15b-npu7,
1782497944.4242084,200,140.85169695317745,qwen15b-npu7,
1782497944.4255862,200,134.53752407804132,qwen15b-npu7,
1782497944.4263465,200,141.31827978417277,qwen15b-npu3,
1782497944.4269571,200,142.52541912719607,qwen15b-npu6,
1782497944.4275358,200,137.57915515452623,qwen15b-npu6,
1782497944.4312954,200,112.22196510061622,qwen15b-npu4,
1782497944.432091,200,119.51967282220721,qwen15b-npu4,
1782497944.4385598,200,119.82452590018511,qwen15b-npu5,
1782497944.4390519,200,126.25978887081146,qwen15b-npu5,
1782497944.439599,200,127.272245939821,qwen15b-npu5,
1782497944.4516554,200,133.5058379918337,qwen15b-npu6,
1782497944.4519231,200,134.05150081962347,qwen15b-npu6,
1782497944.453229,200,143.0443823337555,qwen15b-npu3,
1782497944.4538338,200,110.9940460883081,qwen15b-npu4,
1782497944.4782805,200,120.91856263577938,qwen15b-npu6,
1782497944.4785972,200,105.72662111371756,qwen15b-npu4,
1782497944.4788728,200,112.03240416944027,qwen15b-npu4,
1782497944.4797616,200,141.2992998957634,qwen15b-npu7,
1782497944.4805882,200,147.01774809509516,qwen15b-npu7,
1782497944.4810374,200,121.09390366822481,qwen15b-npu3,
1782497944.4884322,200,115.28041493147612,qwen15b-npu5,
1782497944.5012927,200,103.73527696356177,qwen15b-npu4,
1782497944.5080354,200,126.61813199520111,qwen15b-npu3,
1782497944.5082757,200,122.72001476958394,qwen15b-npu3,
1782497944.5142226,200,118.98912023752928,qwen15b-npu5,
1782497944.5247884,200,111.81634105741978,qwen15b-npu4,
1782497944.5330205,200,120.47922005876899,qwen15b-npu6,
1782497944.533871,200,134.59736481308937,qwen15b-npu6,
1782497944.5344474,200,134.87562676891685,qwen15b-npu6,
1782497944.5348449,200,128.89066711068153,qwen15b-npu3,
1782497944.5358622,200,140.39612421765924,qwen15b-npu7,
1782497944.5415337,200,114.5103401504457,qwen15b-npu5,
1782497944.5418096,200,115.36987591534853,qwen15b-npu5,
1782497944.5489254,200,121.32183602079749,qwen15b-npu4,
1782497944.5600038,200,128.6426647566259,qwen15b-npu6,
1782497944.563159,200,124.51531691476703,qwen15b-npu7,
1782497944.5634186,200,137.68121600151062,qwen15b-npu7,
1782497944.563952,200,131.77161570638418,qwen15b-npu3,
1782497944.5641825,200,139.90531023591757,qwen15b-npu3,
1782497944.56487,200,140.8389969728887,qwen15b-npu3,
1782497944.5705035,200,130.83127001300454,qwen15b-npu5,
1782497944.5708277,200,131.69982563704252,qwen15b-npu5,
1782497944.571085,200,117.77486186474562,qwen15b-npu5,
1782497944.5918834,200,140.15697175636888,qwen15b-npu7,
1782497944.592151,200,138.25394911691546,qwen15b-npu7,
1782497944.592536,200,140.5185549519956,qwen15b-npu7,
1782497944.5963094,200,107.81228495761752,qwen15b-npu4,
1782497944.6145537,200,134.70857590436935,qwen15b-npu6,
1782497944.614861,200,136.19361585006118,qwen15b-npu6,
1782497944.6153536,200,136.40836719423532,qwen15b-npu6,
1782497944.6168857,200,136.21187582612038,qwen15b-npu3,
1782497944.6174397,200,136.30976621061563,qwen15b-npu3,
1782497944.6177473,200,116.39200197532773,qwen15b-npu5,
1782497944.6188436,200,140.46128513291478,qwen15b-npu7,
1782497944.6255205,200,111.23916786164045,qwen15b-npu4,
1782497944.6258512,200,117.49882018193603,qwen15b-npu4,
1782497944.6436088,200,118.75980766490102,qwen15b-npu5,
1782497944.647309,200,139.20915592461824,qwen15b-npu7,
1782497944.6690888,200,127.4712267331779,qwen15b-npu6,
1782497944.669664,200,135.11757785454392,qwen15b-npu6,
1782497944.6700826,200,134.1359419748187,qwen15b-npu6,
1782497944.6707814,200,136.83778000995517,qwen15b-npu5,
1782497944.6736174,200,124.63076785206795,qwen15b-npu3,
1782497944.673991,200,132.11365789175034,qwen15b-npu3,
1782497944.6742578,200,141.17486914619803,qwen15b-npu3,
1782497944.6757443,200,140.80966589972377,qwen15b-npu7,
1782497944.6938143,200,122.6256350055337,qwen15b-npu4,
1782497944.6941192,200,130.89352985844016,qwen15b-npu4,
1782497944.694699,200,131.21563335880637,qwen15b-npu4,
1782497944.696438,200,132.42288026958704,qwen15b-npu5,
1782497944.6968412,200,132.58854066953063,qwen15b-npu5,
1782497944.699997,200,139.93131089955568,qwen15b-npu3,
1782497944.7003198,200,135.3829400613904,qwen15b-npu3,
1782497944.704396,200,133.51099798455834,qwen15b-npu7,
1782497944.7051108,200,134.51155507937074,qwen15b-npu7,
1782497944.7217119,200,129.08388813957572,qwen15b-npu5,
1782497944.723242,200,126.8582227639854,qwen15b-npu6,
1782497944.7236152,200,131.66375504806638,qwen15b-npu6,
1782497944.731467,200,139.22905595973134,qwen15b-npu7,
1782497944.742186,200,124.6594381518662,qwen15b-npu4,
1782497944.7424603,200,127.51684803515673,qwen15b-npu4,
1782497944.7429352,200,125.10640127584338,qwen15b-npu4,
1782497944.7474682,200,130.5157272145152,qwen15b-npu5,
1782497944.75102,200,136.37993717566133,qwen15b-npu6,
1782497944.753351,200,134.42965410649776,qwen15b-npu3,
1782497944.7606394,200,135.04267809912562,qwen15b-npu7,
1782497944.7608728,200,134.87154664471745,qwen15b-npu7,
1782497944.7616558,200,146.23695285990834,qwen15b-npu7,
1782497944.7656593,200,121.95018958300352,qwen15b-npu4,
1782497944.779809,200,132.4372310191393,qwen15b-npu3,
1782497944.791234,200,117.49674985185266,qwen15b-npu4,
1782497944.792217,200,123.06077685207129,qwen15b-npu4,
1782497944.7925477,200,122.37533275038004,qwen15b-npu4,
1782497944.8018398,200,130.98831102252007,qwen15b-npu5,
1782497944.8022456,200,127.90129985660315,qwen15b-npu5,
1782497944.8083484,200,132.5086010619998,qwen15b-npu3,
1782497944.8087397,200,134.68145485967398,qwen15b-npu3,
1782497944.8091414,200,139.38599731773138,qwen15b-npu6,
1782497944.814749,200,114.3532688729465,qwen15b-npu4,
1782497944.8265781,200,132.66478199511766,qwen15b-npu5,
1782497944.8268945,200,122.43426311761141,qwen15b-npu5,
1782497944.8339021,200,133.8188499212265,qwen15b-npu6,
1782497944.8341968,200,140.00474195927382,qwen15b-npu6,
1782497944.8359954,200,130.78427966684103,qwen15b-npu3,
1782497944.8363767,200,139.83007008209825,qwen15b-npu3,
1782497944.8369026,200,142.13088573887944,qwen15b-npu3,
1782497944.8413417,200,144.40450072288513,qwen15b-npu7,
1782497944.8614728,200,139.67774901539087,qwen15b-npu3,
1782497944.8628254,200,131.28181314095855,qwen15b-npu6,
1782497944.8633728,200,139.66919900849462,qwen15b-npu6,
1782497944.8708348,200,127.83832987770438,qwen15b-npu7,
1782497944.8712056,200,128.93652683123946,qwen15b-npu7,
1782497944.8717418,200,148.39531807228923,qwen15b-npu7,
1782497944.8776438,200,126.52406096458435,qwen15b-npu5,
1782497944.8780355,200,117.3329190351069,qwen15b-npu5,
1782497944.8865879,200,106.69111786410213,qwen15b-npu4,
1782497944.888435,200,126.71252200379968,qwen15b-npu3,
1782497944.8915217,200,149.00136180222034,qwen15b-npu6,
1782497944.8919084,200,144.3404210731387,qwen15b-npu6,
1782497944.8977482,200,144.32399114593863,qwen15b-npu7,
1782497944.8981414,200,137.20031222328544,qwen15b-npu7,
1782497944.9029627,200,137.2031830251217,qwen15b-npu5,
1782497944.9120035,200,119.36908261850476,qwen15b-npu4,
1782497944.9128437,200,121.52915680781007,qwen15b-npu4,
1782497944.9275603,200,112.67149727791548,qwen15b-npu5,
1782497944.9283547,200,136.03901490569115,qwen15b-npu5,
1782497944.9474032,200,145.00802475959063,qwen15b-npu6,
1782497944.9481857,200,139.33051703497767,qwen15b-npu6,
1782497944.9490914,200,147.15279918164015,qwen15b-npu6,
1782497944.9525986,200,143.34483398124576,qwen15b-npu7,
1782497944.9529414,200,144.4739610888064,qwen15b-npu7,
1782497944.9537776,200,117.27166781201959,qwen15b-npu5,
1782497944.9615004,200,127.23528500646353,qwen15b-npu4,
1782497944.9619317,200,120.50587963312864,qwen15b-npu4,
1782497944.9623199,200,128.34349274635315,qwen15b-npu4,
1782497944.9702654,200,134.15673188865185,qwen15b-npu3,
1782497944.9706838,200,144.0149680711329,qwen15b-npu3,
1782497944.9743605,200,147.34662091359496,qwen15b-npu6,
1782497944.9773037,200,115.7262078486383,qwen15b-npu5,
1782497944.9789882,200,141.97173528373241,qwen15b-npu7,
1782497944.9834554,200,105.69209093227983,qwen15b-npu4,
1782497944.9842167,200,120.73552189394832,qwen15b-npu4,
1782497944.9993138,200,136.36847725138068,qwen15b-npu3,
1782497945.002907,200,131.04239106178284,qwen15b-npu6,
1782497945.003443,200,132.16217793524265,qwen15b-npu6,
1782497945.0046406,200,126.5365001745522,qwen15b-npu5,
1782497945.0050337,200,134.0760812163353,qwen15b-npu5,
1782497945.0069044,200,115.27780489996076,qwen15b-npu4,
1782497945.0077379,200,119.1951809450984,qwen15b-npu7,
1782497945.0286398,200,130.78043889254332,qwen15b-npu5,
1782497945.0290654,200,130.79675007611513,qwen15b-npu3,
1782497945.031088,200,144.40798107534647,qwen15b-npu6,
1782497945.031469,200,139.46992810815573,qwen15b-npu6,
1782497945.0318606,200,119.76505490019917,qwen15b-npu4,
1782497945.0363853,200,133.3250761963427,qwen15b-npu7,
1782497945.058475,200,130.82749908789992,qwen15b-npu3,
1782497945.0588276,200,145.87989076972008,qwen15b-npu3,
1782497945.0592978,200,130.83742000162601,qwen15b-npu3,
1782497945.0792549,200,126.24176917597651,qwen15b-npu4,
1782497945.0800478,200,117.6191596314311,qwen15b-npu4,
1782497945.0807145,200,131.5411040559411,qwen15b-npu5,
1782497945.0809982,200,127.10939534008503,qwen15b-npu5,
1782497945.087077,200,138.80054326727986,qwen15b-npu6,
1782497945.0876896,200,125.66146533936262,qwen15b-npu6,
1782497945.0937855,200,146.26653399318457,qwen15b-npu7,
1782497945.0942,200,141.4958219975233,qwen15b-npu7,
1782497945.0945077,200,123.69307177141309,qwen15b-npu7,
1782497945.1023736,200,118.81338898092508,qwen15b-npu4,
1782497945.1051526,200,127.7432986535132,qwen15b-npu5,
1782497945.1118212,200,137.36856309697032,qwen15b-npu6,
1782497945.1137288,200,143.34610383957624,qwen15b-npu3,
1782497945.1140504,200,152.40104496479034,qwen15b-npu3,
1782497945.1210368,200,136.714659165591,qwen15b-npu7,
1782497945.121424,200,142.33082672581077,qwen15b-npu7,
1782497945.1281419,200,124.57746779546142,qwen15b-npu4,
1782497945.1337087,200,134.29477298632264,qwen15b-npu5,
1782497945.134079,200,127.04594433307648,qwen15b-npu5,
1782497945.1379247,200,133.16715601831675,qwen15b-npu6,
1782497945.1436715,200,135.86246315389872,qwen15b-npu3,
1782497945.1440182,200,138.867043890059,qwen15b-npu3,
1782497945.149177,200,146.15613175556064,qwen15b-npu7,
1782497945.1584055,200,129.20788768678904,qwen15b-npu5,
1782497945.159541,200,123.07997792959213,qwen15b-npu5,
1782497945.1688585,200,137.26953323930502,qwen15b-npu3,
1782497945.1692336,200,138.04361782968044,qwen15b-npu3,
1782497945.1766706,200,117.28546768426895,qwen15b-npu4,
1782497945.1792765,200,147.30041101574898,qwen15b-npu7,
1782497945.1796925,200,150.94111394137144,qwen15b-npu7,
1782497945.1974735,200,138.8841336593032,qwen15b-npu3,
1782497945.201304,200,107.38971177488565,qwen15b-npu4,
1782497945.2018573,200,121.67266802862287,qwen15b-npu4,
1782497945.2066865,200,147.79136376455426,qwen15b-npu7,
1782497945.2074215,200,113.15541109070182,qwen15b-npu5,
1782497945.208298,200,121.1419552564621,qwen15b-npu5,
1782497945.2230442,200,142.2596569173038,qwen15b-npu6,
1782497945.2234163,200,142.3566471785307,qwen15b-npu6,
1782497945.2237227,200,129.07582707703114,qwen15b-npu6,
1782497945.2242606,200,144.91137396544218,qwen15b-npu6,
1782497945.227743,200,125.26771193370223,qwen15b-npu4,
1782497945.2280226,200,116.12399015575647,qwen15b-npu4,
1782497945.2332096,200,119.0983708947897,qwen15b-npu5,
1782497945.2371337,200,149.31926410645247,qwen15b-npu7,
1782497945.2374916,200,132.23725883290172,qwen15b-npu7,
1782497945.2482936,200,134.456523694098,qwen15b-npu6,
1782497945.2485807,200,127.08125496283174,qwen15b-npu6,
1782497945.2511365,200,117.33553931117058,qwen15b-npu4,
1782497945.2587514,200,115.00796303153038,qwen15b-npu5,
1782497945.2643611,200,136.08349487185478,qwen15b-npu7,
1782497945.2651725,200,144.00334795936942,qwen15b-npu7,
1782497945.277667,200,143.46349379047751,qwen15b-npu6,
1782497945.278004,200,128.72226536273956,qwen15b-npu6,
1782497945.279065,200,141.06591790914536,qwen15b-npu3,
1782497945.283318,200,123.6643809825182,qwen15b-npu5,
1782497945.2841735,200,125.68996520712972,qwen15b-npu5,
1782497945.2920277,200,123.06754803285003,qwen15b-npu7,
1782497945.2927566,200,148.61476002261043,qwen15b-npu7,
1782497945.2993274,200,130.0146342255175,qwen15b-npu4,
1782497945.3000402,200,123.29734908416867,qwen15b-npu4,
1782497945.3062677,200,126.50148989632726,qwen15b-npu3,
1782497945.3073745,200,127.98727117478848,qwen15b-npu5,
1782497945.3224928,200,121.10364390537143,qwen15b-npu4,
1782497945.3320243,200,124.53174823895097,qwen15b-npu6,
1782497945.334696,200,127.93550966307521,qwen15b-npu3,
1782497945.3350124,200,133.08003544807434,qwen15b-npu3,
1782497945.335521,200,127.14362516999245,qwen15b-npu3,
1782497945.3455765,200,147.9976549744606,qwen15b-npu7,
1782497945.3475606,200,109.96081912890077,qwen15b-npu4,
1782497945.3480723,200,120.2484080567956,qwen15b-npu4,
1782497945.3483124,200,120.21584808826447,qwen15b-npu4,
1782497945.3580866,200,124.7752490453422,qwen15b-npu5,
1782497945.3591475,200,135.26193983852863,qwen15b-npu5,
1782497945.3601305,200,136.63401920348406,qwen15b-npu6,
1782497945.3638499,200,126.60003174096346,qwen15b-npu3,
1782497945.364256,200,139.8797002620995,qwen15b-npu3,
1782497945.3647199,200,141.5585009381175,qwen15b-npu3,
1782497945.3748176,200,126.43593968823552,qwen15b-npu7,
1782497945.3752294,200,126.57819129526615,qwen15b-npu7,
1782497945.3884997,200,123.22058761492372,qwen15b-npu3,
1782497945.3905377,200,126.07444822788239,qwen15b-npu6,
1782497945.3908775,200,139.6292489953339,qwen15b-npu6,
1782497945.3956616,200,111.38211842626333,qwen15b-npu4,
1782497945.401424,200,122.2575819119811,qwen15b-npu7,
1782497945.4017246,200,142.86878006532788,qwen15b-npu7,
1782497945.4082537,200,124.82679914683104,qwen15b-npu5,
1782497945.4089935,200,130.91679010540247,qwen15b-npu5,
1782497945.4168468,200,124.74297918379307,qwen15b-npu3,
1782497945.4195924,200,119.4776427000761,qwen15b-npu4,
1782497945.4198587,200,127.00183410197496,qwen15b-npu6,
1782497945.4207623,200,142.9851409047842,qwen15b-npu6,
1782497945.4275196,200,121.1712951771915,qwen15b-npu7,
1782497945.433576,200,110.98424578085542,qwen15b-npu5,
1782497945.4432704,200,135.8238933607936,qwen15b-npu3,
1782497945.444342,200,109.25805475562811,qwen15b-npu4,
1782497945.4446118,200,145.17651591449976,qwen15b-npu3,
1782497945.45525,200,120.45639986172318,qwen15b-npu7,
1782497945.4584973,200,112.83436929807067,qwen15b-npu5,
1782497945.4678416,200,119.45403274148703,qwen15b-npu4,
1782497945.468196,200,120.05914701148868,qwen15b-npu4,
1782497945.4725227,200,124.88609878346324,qwen15b-npu3,
1782497945.4728858,200,137.29528291150928,qwen15b-npu3,
1782497945.476187,200,144.0894091501832,qwen15b-npu6,
1782497945.4825685,200,117.7738020196557,qwen15b-npu7,
1782497945.482865,200,122.62751488015056,qwen15b-npu7,
1782497945.484818,200,120.45774003490806,qwen15b-npu5,
1782497945.4854708,200,126.20185781270266,qwen15b-npu5,
1782497945.4908998,200,115.94232032075524,qwen15b-npu4,
1782497945.5050106,200,146.85338782146573,qwen15b-npu6,
1782497945.505274,200,141.30241004750133,qwen15b-npu6,
1782497945.5088217,200,133.51735658943653,qwen15b-npu7,
1782497945.5152452,200,119.44192321971059,qwen15b-npu4,
1782497945.5234685,200,132.82322278246284,qwen15b-npu3,
1782497945.5237048,200,135.1016778498888,qwen15b-npu3,
1782497945.5326574,200,130.87023934349418,qwen15b-npu6,
1782497945.5329134,200,141.97138417512178,qwen15b-npu6,
1782497945.5340774,200,117.09474679082632,qwen15b-npu5,
1782497945.5343354,200,132.84436287358403,qwen15b-npu5,
1782497945.5350597,200,126.6921921633184,qwen15b-npu7,
1782497945.538897,200,118.04770259186625,qwen15b-npu4,
1782497945.5392897,200,119.36878319829702,qwen15b-npu4,
1782497945.551824,200,132.14959762990475,qwen15b-npu3,
1782497945.5526588,200,143.58922466635704,qwen15b-npu3,
1782497945.5583289,200,130.7329386472702,qwen15b-npu5,
1782497945.561842,200,117.15440778061748,qwen15b-npu4,
1782497945.5653799,200,121.99727026745677,qwen15b-npu7,
1782497945.5656445,200,121.22551491484046,qwen15b-npu7,
1782497945.5659623,200,132.31217907741666,qwen15b-npu7,
1782497945.5845926,200,111.64255114272237,qwen15b-npu5,
1782497945.5848885,200,116.95270659402013,qwen15b-npu5,
1782497945.586147,200,109.8838490433991,qwen15b-npu4,
1782497945.5899296,200,131.36064307764173,qwen15b-npu6,
1782497945.5902684,200,134.91669669747353,qwen15b-npu6,
1782497945.6063683,200,120.83110166713595,qwen15b-npu3,
1782497945.6067233,200,124.08701376989484,qwen15b-npu3,
1782497945.607108,200,138.82334297522902,qwen15b-npu3,
1782497945.6105068,200,125.62807463109493,qwen15b-npu4,
1782497945.6179366,200,126.97630375623703,qwen15b-npu7,
1782497945.6181905,200,135.2477092295885,qwen15b-npu6,
1782497945.6184595,200,145.83172975108027,qwen15b-npu6,
1782497945.633813,200,128.47817409783602,qwen15b-npu5,
1782497945.6349123,200,126.02744717150927,qwen15b-npu4,
1782497945.6351771,200,119.86142629757524,qwen15b-npu4,
1782497945.644475,200,120.7024110481143,qwen15b-npu7,
1782497945.6448245,200,139.73658997565508,qwen15b-npu6,
1782497945.6565363,200,123.79667209461331,qwen15b-npu5,
1782497945.6568248,200,122.42255313321948,qwen15b-npu5,
1782497945.657615,200,118.65627812221646,qwen15b-npu4,
1782497945.6588893,200,125.91225607320666,qwen15b-npu3,
1782497945.6591706,200,135.63644187524915,qwen15b-npu3,
1782497945.6597228,200,120.36741012707353,qwen15b-npu3,
1782497945.6718576,200,119.89138601347804,qwen15b-npu7,
1782497945.672204,200,138.06778891012073,qwen15b-npu7,
1782497945.6727512,200,137.60755490511656,qwen15b-npu6,
1782497945.6800656,200,114.61702082306147,qwen15b-npu5,
1782497945.6812687,200,115.51502672955394,qwen15b-npu4,
1782497945.6837072,200,121.80364923551679,qwen15b-npu3,
1782497945.6976604,200,131.6250148229301,qwen15b-npu7,
1782497945.700565,200,147.82537380233407,qwen15b-npu6,
1782497945.7011948,200,142.75512984022498,qwen15b-npu6,
1782497945.7046864,200,114.66616112738848,qwen15b-npu4,
1782497945.7056491,200,120.64888095483184,qwen15b-npu5,
1782497945.706259,200,121.58770812675357,qwen15b-npu5,
1782497945.7101822,200,123.97382408380508,qwen15b-npu3,
1782497945.7242424,200,133.89998115599155,qwen15b-npu7,
1782497945.7269502,200,120.13237830251455,qwen15b-npu6,
1782497945.7286992,200,122.22675094380975,qwen15b-npu4,
1782497945.7369394,200,129.7275018878281,qwen15b-npu3,
1782497945.7538016,200,135.54116105660796,qwen15b-npu4,
1782497945.754077,200,119.10358117893338,qwen15b-npu7,
1782497945.754346,200,109.45525579154491,qwen15b-npu4,
1782497945.7550404,200,136.47702801972628,qwen15b-npu5,
1782497945.7561624,200,145.56509908288717,qwen15b-npu7,
1782497945.756507,200,121.22704461216927,qwen15b-npu5,
1782497945.7575712,200,139.55840887501836,qwen15b-npu7,
1782497945.7583194,200,124.4089468382299,qwen15b-npu6,
1782497945.763459,200,118.88278927654028,qwen15b-npu3,
1782497945.779039,200,106.77040833979845,qwen15b-npu4,
1782497945.779304,200,107.33687225729227,qwen15b-npu5,
1782497945.7795923,200,120.63909089192748,qwen15b-npu4,
1782497945.7798295,200,122.13658075779676,qwen15b-npu5,
1782497945.7803924,200,123.77714179456234,qwen15b-npu7,
1782497945.7859561,200,129.05449699610472,qwen15b-npu6,
1782497945.791427,200,132.168787997216,qwen15b-npu3,
1782497945.791752,200,131.93632708862424,qwen15b-npu3,
1782497945.8014712,200,117.68678110092878,qwen15b-npu5,
1782497945.8078055,200,127.676737960428,qwen15b-npu7,
1782497945.8081334,200,135.28570998460054,qwen15b-npu7,
1782497945.814628,200,133.26089596375823,qwen15b-npu6,
1782497945.8168852,200,116.2624810822308,qwen15b-npu3,
1782497945.8249102,200,119.15866099298,qwen15b-npu4,
1782497945.8266747,200,120.33419869840145,qwen15b-npu5,
1782497945.8270147,200,125.74406480416656,qwen15b-npu5,
1782497945.8451483,200,147.4292310886085,qwen15b-npu6,
1782497945.8454292,200,140.6760960817337,qwen15b-npu6,
1782497945.84572,200,135.46645129099488,qwen15b-npu3,
1782497945.846039,200,121.727938298136,qwen15b-npu3,
1782497945.8611405,200,124.12319518625736,qwen15b-npu7,
1782497945.8615184,200,132.7327019535005,qwen15b-npu7,
1782497945.8708043,200,143.76194681972265,qwen15b-npu6,
1782497945.873621,200,115.19977496936917,qwen15b-npu4,
1782497945.873907,200,116.17920082062483,qwen15b-npu4,
1782497945.8747263,200,111.18970718234777,qwen15b-npu5,
1782497945.8750865,200,120.63250131905079,qwen15b-npu4,
1782497945.887182,200,132.06452829763293,qwen15b-npu7,
1782497945.8956456,200,115.18638487905264,qwen15b-npu4,
1782497945.896964,200,142.81977014616132,qwen15b-npu3,
1782497945.8976572,200,117.76396073400974,qwen15b-npu3,
1782497945.8991508,200,113.13359998166561,qwen15b-npu5,
1782497945.8994346,200,120.30943902209401,qwen15b-npu5,
1782497945.9010987,200,147.21794007346034,qwen15b-npu6,
1782497945.9014523,200,144.874454010278,qwen15b-npu6,
1782497945.902037,200,145.78490983694792,qwen15b-npu6,
1782497945.9147663,200,135.10735798627138,qwen15b-npu7,
1782497945.9153686,200,123.53720003739,qwen15b-npu7,
1782497945.9204717,200,105.7230606675148,qwen15b-npu4,
1782497945.9233575,200,131.85452576726675,qwen15b-npu3,
1782497945.9247663,200,107.81124513596296,qwen15b-npu5,
1782497945.9254363,200,123.88366274535656,qwen15b-npu5,
1782497945.9290857,200,149.6993969194591,qwen15b-npu6,
1782497945.9410577,200,116.07751017436385,qwen15b-npu7,
1782497945.9503298,200,123.23975889012218,qwen15b-npu3,
1782497945.9506469,200,123.88574285432696,qwen15b-npu3,
1782497945.9560869,200,148.1963857077062,qwen15b-npu6,
1782497945.956382,200,148.18201586604118,qwen15b-npu6,
1782497945.9713223,200,110.07696995511651,qwen15b-npu4,
1782497945.9717495,200,125.93718664720654,qwen15b-npu4,
1782497945.9737387,200,112.14775405824184,qwen15b-npu5,
1782497945.9740438,200,128.5351738333702,qwen15b-npu5,
1782497945.9759123,200,129.8052528873086,qwen15b-npu3,
1782497945.9821415,200,136.91656989976764,qwen15b-npu6,
1782497945.9941823,200,118.98937029764056,qwen15b-npu7,
1782497945.9949248,200,124.0372839383781,qwen15b-npu7,
1782497945.9981399,200,123.32309875637293,qwen15b-npu5,
1782497946.0019453,200,128.25291324406862,qwen15b-npu3,
1782497946.009776,200,135.77005313709378,qwen15b-npu6,
1782497946.0203924,200,133.12793523073196,qwen15b-npu7,
1782497946.0207086,200,119.1560709849,qwen15b-npu4,
1782497946.0220098,200,122.77264520525932,qwen15b-npu4,
1782497946.0223165,200,122.81972588971257,qwen15b-npu5,
1782497946.0228279,200,125.8020456880331,qwen15b-npu4,
1782497946.0293338,200,127.23019625991583,qwen15b-npu3,
1782497946.0296469,200,131.90133729949594,qwen15b-npu3,
1782497946.0396168,200,143.89580814167857,qwen15b-npu6,
1782497946.0398612,200,125.00223983079195,qwen15b-npu6,
1782497946.040407,200,139.20427579432726,qwen15b-npu6,
1782497946.0443778,200,119.52295387163758,qwen15b-npu4,
1782497946.0453389,200,124.80066902935505,qwen15b-npu5,
1782497946.0478206,200,124.37748583033681,qwen15b-npu7,
1782497946.0554335,200,139.99176071956754,qwen15b-npu3,
1782497946.0659204,200,140.4026341624558,qwen15b-npu6,
1782497946.0662563,200,137.0803019963205,qwen15b-npu6,
1782497946.0687094,200,127.52351723611355,qwen15b-npu4,
1782497946.070325,200,113.85148484259844,qwen15b-npu5,
1782497946.0770268,200,126.29169877618551,qwen15b-npu7,
1782497946.0774832,200,127.07048375159502,qwen15b-npu7,
1782497946.077971,200,121.81701883673668,qwen15b-npu7,
1782497946.0950809,200,119.10106102004647,qwen15b-npu4,
1782497946.0953455,200,121.51069659739733,qwen15b-npu5,
1782497946.0956683,200,123.80386283621192,qwen15b-npu4,
1782497946.1085434,200,137.110011652112,qwen15b-npu3,
1782497946.1175513,200,135.3100100532174,qwen15b-npu6,
1782497946.1178532,200,143.73855665326118,qwen15b-npu6,
1782497946.1196852,200,125.40147313848138,qwen15b-npu5,
1782497946.1200337,200,110.18711980432272,qwen15b-npu5,
1782497946.127872,200,132.87648325785995,qwen15b-npu7,
1782497946.1361098,200,134.09809162840247,qwen15b-npu3,
1782497946.136432,200,138.19459918886423,qwen15b-npu3,
1782497946.1432192,200,113.50447311997414,qwen15b-npu5,
1782497946.1440716,200,123.28779883682728,qwen15b-npu4,
1782497946.1456358,200,122.70383490249515,qwen15b-npu6,
1782497946.1548798,200,125.46714395284653,qwen15b-npu7,
1782497946.1555223,200,133.43852711841464,qwen15b-npu7,
1782497946.1642008,200,143.70253589004278,qwen15b-npu3,
1782497946.1645744,200,142.09841517731547,qwen15b-npu3,
1782497946.1651833,200,120.73745205998421,qwen15b-npu3,
1782497946.1682153,200,122.80991487205029,qwen15b-npu5,
1782497946.1687717,200,113.23516070842743,qwen15b-npu5,
1782497946.169805,200,121.8700991012156,qwen15b-npu4,
1782497946.1702147,200,130.52807794883847,qwen15b-npu4,
1782497946.174007,200,134.0733109973371,qwen15b-npu6,
1782497946.1828966,200,142.4153670668602,qwen15b-npu7,
1782497946.1834512,200,117.43269022554159,qwen15b-npu7,
1782497946.1893258,200,123.00865724682808,qwen15b-npu3,
1782497946.1920729,200,123.30401921644807,qwen15b-npu4,
1782497946.1931036,200,115.04401406273246,qwen15b-npu5,
1782497946.2005508,200,122.93195677921176,qwen15b-npu6,
1782497946.2009633,200,130.54581824690104,qwen15b-npu6,
1782497946.2087047,200,131.54119485989213,qwen15b-npu7,
1782497946.2149332,200,119.51356381177902,qwen15b-npu3,
1782497946.2180045,200,122.22682172432542,qwen15b-npu4,
1782497946.2187479,200,123.58864117413759,qwen15b-npu4,
1782497946.2366834,200,118.7694389373064,qwen15b-npu7,
1782497946.2370818,200,119.44766296073794,qwen15b-npu7,
1782497946.2415087,200,113.5509330779314,qwen15b-npu5,
1782497946.2419133,200,121.79339909926057,qwen15b-npu3,
1782497946.2538965,200,117.70393094047904,qwen15b-npu6,
1782497946.2542374,200,145.5878489650786,qwen15b-npu6,
1782497946.2544754,200,134.6941846422851,qwen15b-npu6,
1782497946.2679706,200,123.79070185124874,qwen15b-npu5,
1782497946.2688081,200,123.10578813776374,qwen15b-npu4,
1782497946.269099,200,114.15409808978438,qwen15b-npu5,
1782497946.2694397,200,126.13550806418061,qwen15b-npu5,
1782497946.2697754,200,133.25398601591587,qwen15b-npu5,
1782497946.289776,200,125.46911370009184,qwen15b-npu7,
1782497946.290572,200,116.45656311884522,qwen15b-npu5,
1782497946.292223,200,127.51879682764411,qwen15b-npu4,
1782497946.2969577,200,126.63199100643396,qwen15b-npu3,
1782497946.297284,200,141.66721189394593,qwen15b-npu3,
1782497946.2975051,200,129.22072922810912,qwen15b-npu3,
1782497946.2977564,200,132.45351985096931,qwen15b-npu3,
1782497946.3060355,200,137.19616178423166,qwen15b-npu6,
1782497946.3065312,200,136.61888800561428,qwen15b-npu6,
1782497946.3068607,200,123.85413330048323,qwen15b-npu6,
1782497946.3145466,200,113.47717326134443,qwen15b-npu5,
1782497946.3181007,200,124.89008996635675,qwen15b-npu4,
1782497946.3188028,200,118.13843389973044,qwen15b-npu4,
1782497946.3191934,200,129.80521190911531,qwen15b-npu7,
1782497946.3200512,200,136.49741699919105,qwen15b-npu7,
1782497946.3213763,200,129.24416922032833,qwen15b-npu3,
1782497946.3421295,200,124.05255390331149,qwen15b-npu4,
1782497946.347838,200,128.9931172505021,qwen15b-npu7,
1782497946.3489347,200,140.12468233704567,qwen15b-npu3,
1782497946.349481,200,134.43548372015357,qwen15b-npu7,
1782497946.3581724,200,121.38189701363444,qwen15b-npu6,
1782497946.3630652,200,108.51952899247408,qwen15b-npu5,
1782497946.3682458,200,114.24316791817546,qwen15b-npu4,
1782497946.3686223,200,126.5844707377255,qwen15b-npu4,
1782497946.3723042,200,135.12361887842417,qwen15b-npu7,
1782497946.373582,200,131.95640686899424,qwen15b-npu3,
1782497946.3847632,200,130.44991716742516,qwen15b-npu6,
1782497946.3880684,200,119.17925206944346,qwen15b-npu5,
1782497946.393419,200,124.20159578323364,qwen15b-npu4,
1782497946.3939948,200,124.4835271500051,qwen15b-npu4,
1782497946.3998983,200,130.0145941786468,qwen15b-npu3,
1782497946.412564,200,122.71499494090676,qwen15b-npu6,
1782497946.4132817,200,145.2056961134076,qwen15b-npu6,
1782497946.4138522,200,116.79331492632627,qwen15b-npu5,
1782497946.4141803,200,116.35094182565808,qwen15b-npu5,
1782497946.4176471,200,120.29986828565598,qwen15b-npu4,
1782497946.4253018,200,134.62535478174686,qwen15b-npu7,
1782497946.4260619,200,119.43282280117273,qwen15b-npu7,
1782497946.4274902,200,120.53595064207911,qwen15b-npu3,
1782497946.4278553,200,135.51516085863113,qwen15b-npu3,
1782497946.4369116,200,117.99669312313199,qwen15b-npu5,
1782497946.4411695,200,119.71082491800189,qwen15b-npu6,
1782497946.4415655,200,143.98874808102846,qwen15b-npu6,
1782497946.4421754,200,136.06623420491815,qwen15b-npu6,
1782497946.4433584,200,125.17468119040132,qwen15b-npu4,
1782497946.4524846,200,133.1993960775435,qwen15b-npu7,
1782497946.454237,200,134.08936094492674,qwen15b-npu3,
1782497946.455087,200,140.46101411804557,qwen15b-npu3,
1782497946.4629385,200,113.3325221017003,qwen15b-npu5,
1782497946.4677558,200,118.70546825230122,qwen15b-npu4,
1782497946.4685829,200,120.66284101456404,qwen15b-npu4,
1782497946.4792511,200,121.0055141709745,qwen15b-npu3,
1782497946.4803815,200,117.19256825745106,qwen15b-npu7,
1782497946.4807234,200,138.49789090454578,qwen15b-npu7,
1782497946.4872274,200,113.55886282399297,qwen15b-npu5,
1782497946.488162,200,115.76069798320532,qwen15b-npu5,
1782497946.4909928,200,106.16064397618175,qwen15b-npu4,
1782497946.4946992,200,125.95415581017733,qwen15b-npu6,
1782497946.5064094,200,138.07973824441433,qwen15b-npu7,
1782497946.5111346,200,117.62439087033272,qwen15b-npu5,
1782497946.5255382,200,131.47981418296695,qwen15b-npu6,
1782497946.525864,200,137.7023160457611,qwen15b-npu6,
1782497946.534531,200,134.5497239381075,qwen15b-npu7,
1782497946.5347643,200,122.13694117963314,qwen15b-npu7,
1782497946.5351353,200,120.88186200708151,qwen15b-npu7,
1782497946.5365787,200,111.2059778533876,qwen15b-npu5,
1782497946.5372515,200,109.2639253474772,qwen15b-npu5,
1782497946.541647,200,123.93621308729053,qwen15b-npu4,
1782497946.5420408,200,128.67424497380853,qwen15b-npu4,
1782497946.5483243,200,122.17369070276618,qwen15b-npu6,
1782497946.5486646,200,134.72038507461548,qwen15b-npu6,
1782497946.558014,200,116.34436203166842,qwen15b-npu3,
1782497946.5604334,200,118.18125424906611,qwen15b-npu7,
1782497946.5607,200,133.1229847855866,qwen15b-npu7,
1782497946.5617435,200,124.75729919970036,qwen15b-npu5,
1782497946.5623698,200,118.92026895657182,qwen15b-npu5,
1782497946.5748408,200,120.50772039219737,qwen15b-npu6,
1782497946.5757294,200,120.5309797078371,qwen15b-npu6,
1782497946.5867405,200,118.88448894023895,qwen15b-npu3,
1782497946.5870948,200,145.8162311464548,qwen15b-npu3,
1782497946.5882523,200,135.6731615960598,qwen15b-npu3,
1782497946.5885768,200,107.7375547029078,qwen15b-npu4,
1782497946.5889254,200,125.86801638826728,qwen15b-npu4,
1782497946.5896733,200,120.99579302594066,qwen15b-npu4,
1782497946.608451,200,117.36948881298304,qwen15b-npu5,
1782497946.6100094,200,103.50414598360658,qwen15b-npu4,
1782497946.6126666,200,125.34352298825979,qwen15b-npu3,
1782497946.6130116,200,133.6617893539369,qwen15b-npu3,
1782497946.6140764,200,133.59803799539804,qwen15b-npu7,
1782497946.6150897,200,126.82811310514808,qwen15b-npu7,
1782497946.6335237,200,107.55302291363478,qwen15b-npu5,
1782497946.6339114,200,139.10545501857996,qwen15b-npu6,
1782497946.6394248,200,128.21912160143256,qwen15b-npu7,
1782497946.658274,200,120.89633289724588,qwen15b-npu5,
1782497946.6585875,200,123.76245204359293,qwen15b-npu5,
1782497946.6592221,200,110.46026274561882,qwen15b-npu4,
1782497946.6595962,200,122.93431581929326,qwen15b-npu4,
1782497946.6603734,200,125.77581498771906,qwen15b-npu4,
1782497946.6663451,200,140.72933606803417,qwen15b-npu3,
1782497946.6666286,200,118.22257377207279,qwen15b-npu3,
1782497946.666935,200,131.69588521122932,qwen15b-npu3,
1782497946.6672807,200,125.14099199324846,qwen15b-npu7,
1782497946.6805441,200,118.68231790140271,qwen15b-npu5,
1782497946.685784,200,144.0320978872478,qwen15b-npu6,
1782497946.6860828,200,125.57754432782531,qwen15b-npu6,
1782497946.6864438,200,128.3595827408135,qwen15b-npu6,
1782497946.6922135,200,116.4052919484675,qwen15b-npu3,
1782497946.693386,200,132.6277912594378,qwen15b-npu3,
1782497946.69374,200,118.8081786967814,qwen15b-npu7,
1782497946.6940155,200,131.55322428792715,qwen15b-npu7,
1782497946.7042022,200,117.00195726007223,qwen15b-npu4,
1782497946.7051485,200,116.81673536077142,qwen15b-npu5,
1782497946.7114646,200,124.62031794711947,qwen15b-npu6,
1782497946.712497,200,123.49432101473212,qwen15b-npu6,
1782497946.717967,200,129.2832000181079,qwen15b-npu3,
1782497946.718689,200,128.93460597842932,qwen15b-npu7,
1782497946.73852,200,129.9720942042768,qwen15b-npu6,
1782497946.738836,200,125.70788525044918,qwen15b-npu6,
1782497946.7447028,200,129.4966801069677,qwen15b-npu3,
1782497946.7456672,200,135.5884619988501,qwen15b-npu7,
1782497946.7460208,200,133.27530585229397,qwen15b-npu3,
1782497946.7553647,200,115.87101919576526,qwen15b-npu5,
1782497946.755701,200,122.04173998907208,qwen15b-npu4,
1782497946.7560554,200,141.88483403995633,qwen15b-npu5,
1782497946.765454,200,131.47601392120123,qwen15b-npu6,
1782497946.780352,200,113.92900627106428,qwen15b-npu5,
1782497946.7815487,200,123.18607792258263,qwen15b-npu4,
1782497946.7818139,200,123.10512783005834,qwen15b-npu4,
1782497946.792023,200,131.55351392924786,qwen15b-npu6,
1782497946.799545,200,132.51617085188627,qwen15b-npu7,
1782497946.800427,200,133.70910938829184,qwen15b-npu7,
1782497946.8006656,200,140.99132781848311,qwen15b-npu7,
1782497946.8048756,200,145.5682492814958,qwen15b-npu3,
1782497946.805561,200,138.1911588832736,qwen15b-npu3,
1782497946.8070216,200,113.56741283088923,qwen15b-npu5,
1782497946.8073306,200,113.18895127624273,qwen15b-npu5,
1782497946.8076015,200,113.78574464470148,qwen15b-npu5,
1782497946.8088522,200,122.33334314078093,qwen15b-npu4,
1782497946.8091366,200,116.8422750197351,qwen15b-npu4,
1782497946.8093922,200,123.52889031171799,qwen15b-npu4,
1782497946.8198693,200,139.23882599920034,qwen15b-npu6,
1782497946.8259292,200,120.70739082992077,qwen15b-npu7,
1782497946.8291845,200,116.55995296314359,qwen15b-npu5,
1782497946.8318517,200,145.63808916136622,qwen15b-npu3,
1782497946.833924,200,122.36949289217591,qwen15b-npu4,
1782497946.8474443,200,143.16325215622783,qwen15b-npu6,
1782497946.8516767,200,133.60777823254466,qwen15b-npu7,
1782497946.8536806,200,115.0730443187058,qwen15b-npu5,
1782497946.8576045,200,118.70103795081377,qwen15b-npu4,
1782497946.8584397,200,139.66948864981532,qwen15b-npu3,
1782497946.8775048,200,121.73174787312746,qwen15b-npu6,
1782497946.8780994,200,133.32474604249,qwen15b-npu6,
1782497946.8797557,200,114.2146079801023,qwen15b-npu5,
1782497946.8800561,200,123.90038277953863,qwen15b-npu7,
1782497946.884099,200,128.63488402217627,qwen15b-npu4,
1782497946.8869114,200,140.82517614588141,qwen15b-npu3,
1782497946.887421,200,141.66413294151425,qwen15b-npu3,
1782497946.902768,200,110.66009383648634,qwen15b-npu5,
1782497946.9065137,200,126.08328834176064,qwen15b-npu7,
1782497946.9068465,200,125.23007206618786,qwen15b-npu7,
1782497946.908784,200,126.8423916772008,qwen15b-npu4,
1782497946.9289827,200,128.48506402224302,qwen15b-npu5,
1782497946.929517,200,124.57329826429486,qwen15b-npu5,
1782497946.9333994,200,123.93087288364768,qwen15b-npu6,
1782497946.933768,200,124.82464918866754,qwen15b-npu6,
1782497946.9345617,200,133.8191102258861,qwen15b-npu7,
1782497946.9357111,200,128.58899403363466,qwen15b-npu7,
1782497946.9360507,200,126.84983294457197,qwen15b-npu4,
1782497946.936352,200,128.66031518206,qwen15b-npu4,
1782497946.9441864,200,144.57346173003316,qwen15b-npu3,
1782497946.9444964,200,138.8400844298303,qwen15b-npu3,
1782497946.9447978,200,137.39729393273592,qwen15b-npu3,
1782497946.9524055,200,120.4102598130703,qwen15b-npu5,
1782497946.9596012,200,139.66610934585333,qwen15b-npu7,
1782497946.960868,200,131.5494952723384,qwen15b-npu4,
1782497946.9612136,200,135.1729892194271,qwen15b-npu4,
1782497946.9699497,200,135.9191141091287,qwen15b-npu3,
1782497946.977477,200,123.71323117986321,qwen15b-npu5,
1782497946.984675,200,137.137021869421,qwen15b-npu7,
1782497946.9882166,200,130.5530071258545,qwen15b-npu6,
1782497946.988884,200,137.1157020330429,qwen15b-npu6,
1782497946.998518,200,140.01894230023026,qwen15b-npu3,
1782497947.001974,200,124.36133623123169,qwen15b-npu5,
1782497947.0108514,200,130.7326490059495,qwen15b-npu4,
1782497947.0111613,200,124.1803951561451,qwen15b-npu4,
1782497947.0128224,200,134.5153939910233,qwen15b-npu7,
1782497947.0132525,200,133.40437691658735,qwen15b-npu7,
1782497947.0159013,200,131.70009572058916,qwen15b-npu6,
1782497947.0263913,200,138.89983389526606,qwen15b-npu3,
1782497947.0368536,200,133.9988401159644,qwen15b-npu4,
1782497947.0437303,200,136.8176001124084,qwen15b-npu6,
1782497947.04473,200,138.12100794166327,qwen15b-npu6,
1782497947.0521312,200,107.57099278271198,qwen15b-npu5,
1782497947.052463,200,123.3262992464006,qwen15b-npu5,
1782497947.052902,200,119.04064007103443,qwen15b-npu5,
1782497947.0542696,200,145.41744766756892,qwen15b-npu3,
1782497947.0633528,200,129.8434231430292,qwen15b-npu4,
1782497947.0666616,200,122.37465288490057,qwen15b-npu7,
1782497947.0673175,200,122.442533262074,qwen15b-npu7,
1782497947.0682127,200,133.55018803849816,qwen15b-npu7,
1782497947.068981,200,132.83033296465874,qwen15b-npu7,
1782497947.0740376,200,144.38618021085858,qwen15b-npu6,
1782497947.0743883,200,138.58826225623488,qwen15b-npu6,
1782497947.0761464,200,123.64583183079958,qwen15b-npu5,
1782497947.0858924,200,149.4781351648271,qwen15b-npu3,
1782497947.0862272,200,124.91304893046618,qwen15b-npu3,
1782497947.0894375,200,128.49287409335375,qwen15b-npu4,
1782497947.0989523,200,139.23904625698924,qwen15b-npu6,
1782497947.0994084,200,121.84750940650702,qwen15b-npu6,
1782497947.1010544,200,112.07507317885756,qwen15b-npu5,
1782497947.1124816,200,142.44441781193018,qwen15b-npu3,
1782497947.1215134,200,136.7759699933231,qwen15b-npu4,
1782497947.1228669,200,120.81033270806074,qwen15b-npu7,
1782497947.1278462,200,139.57169838249683,qwen15b-npu6,
1782497947.1300373,200,119.10542100667953,qwen15b-npu5,
1782497947.142084,200,130.80041902139783,qwen15b-npu4,
1782497947.1459265,200,132.98220420256257,qwen15b-npu7,
1782497947.1475856,200,148.96474219858646,qwen15b-npu3,
1782497947.148475,200,132.47065106406808,qwen15b-npu3,
1782497947.1552298,200,141.86585322022438,qwen15b-npu6,
1782497947.1564748,200,119.53305406495929,qwen15b-npu5,
1782497947.1678433,200,124.01441438123584,qwen15b-npu4,
1782497947.1681101,200,123.26894886791706,qwen15b-npu4,
1782497947.1725974,200,119.6015439927578,qwen15b-npu7,
1782497947.1735373,200,147.07365771755576,qwen15b-npu3,
1782497947.181754,200,127.39048711955547,qwen15b-npu5,
1782497947.182432,200,130.19788498058915,qwen15b-npu6,
1782497947.1927993,200,124.47137711569667,qwen15b-npu4,
1782497947.193163,200,118.66220738738775,qwen15b-npu4,
1782497947.1994889,200,146.95369824767113,qwen15b-npu3,
1782497947.2008295,200,134.07706189900637,qwen15b-npu7,
1782497947.201238,200,127.09539476782084,qwen15b-npu7,
1782497947.2087145,200,132.4990806169808,qwen15b-npu5,
1782497947.2094386,200,141.9935952872038,qwen15b-npu5,
1782497947.2108896,200,147.42717193439603,qwen15b-npu6,
1782497947.2118933,200,142.79663003981113,qwen15b-npu6,
1782497947.212175,200,126.19609804823995,qwen15b-npu6,
1782497947.227035,200,127.53152707591653,qwen15b-npu7,
1782497947.2276485,200,126.50448037311435,qwen15b-npu3,
1782497947.22811,200,138.57155106961727,qwen15b-npu7,
1782497947.2287908,200,142.4797479994595,qwen15b-npu3,
1782497947.2397406,200,140.69936564192176,qwen15b-npu6,
1782497947.2401662,200,127.59858695790172,qwen15b-npu6,
1782497947.241153,200,113.22827078402042,qwen15b-npu4,
1782497947.2515595,200,128.5523339174688,qwen15b-npu3,
1782497947.253259,200,123.16042790189385,qwen15b-npu7,
1782497947.2591875,200,117.04087676480412,qwen15b-npu5,
1782497947.2600617,200,138.4216509759426,qwen15b-npu5,
1782497947.2673423,200,121.35499576106668,qwen15b-npu4,
1782497947.267706,200,111.16727814078331,qwen15b-npu4,
1782497947.2685614,200,120.91490300372243,qwen15b-npu4,
1782497947.277494,200,122.18919117003679,qwen15b-npu3,
1782497947.2849333,200,136.33919600397348,qwen15b-npu5,
1782497947.2905748,200,108.06759586557746,qwen15b-npu4,
1782497947.2932703,200,125.07744086906314,qwen15b-npu6,
1782497947.3036911,200,135.78122202306986,qwen15b-npu3,
1782497947.3077896,200,135.13310765847564,qwen15b-npu7,
1782497947.3085058,200,126.67976226657629,qwen15b-npu7,
1782497947.3100731,200,136.4363869652152,qwen15b-npu5,
1782497947.3104665,200,117.54124984145164,qwen15b-npu5,
1782497947.316656,200,115.29139615595341,qwen15b-npu4,
1782497947.3171556,200,117.59079061448574,qwen15b-npu4,
1782497947.3336225,200,122.65852512791753,qwen15b-npu3,
1782497947.3339665,200,140.72746643796563,qwen15b-npu3,
1782497947.3342617,200,122.27134220302105,qwen15b-npu3,
1782497947.3347332,200,122.49515298753977,qwen15b-npu3,
1782497947.3360784,200,127.28796619921923,qwen15b-npu5,
1782497947.336534,200,135.598620865494,qwen15b-npu5,
1782497947.3402624,200,112.084302585572,qwen15b-npu4,
1782497947.3509514,200,141.42197091132402,qwen15b-npu6,
1782497947.3514574,200,124.3379358202219,qwen15b-npu6,
1782497947.357204,200,128.32033168524504,qwen15b-npu3,
1782497947.3589234,200,117.65897134318948,qwen15b-npu7,
1782497947.360643,200,132.88500299677253,qwen15b-npu5,
1782497947.3643746,200,124.53679693862796,qwen15b-npu4,
1782497947.3798363,200,128.20938229560852,qwen15b-npu6,
1782497947.3801794,200,139.9434907361865,qwen15b-npu6,
1782497947.388479,200,129.22090897336602,qwen15b-npu3,
1782497947.3888972,200,135.57440135627985,qwen15b-npu7,
1782497947.3892674,200,120.62862096354365,qwen15b-npu7,
1782497947.3911839,200,131.01636106148362,qwen15b-npu5,
1782497947.39158,200,124.13382390514016,qwen15b-npu4,
1782497947.4076483,200,139.79776902124286,qwen15b-npu6,
1782497947.414047,200,129.02169721201062,qwen15b-npu7,
1782497947.4157958,200,125.11476082727313,qwen15b-npu3,
1782497947.4161952,200,138.6221321299672,qwen15b-npu5,
1782497947.437092,200,129.2248978279531,qwen15b-npu6,
1782497947.4373877,200,144.00378800928593,qwen15b-npu6,
1782497947.4396214,200,131.0276510193944,qwen15b-npu4,
1782497947.4403677,200,123.09913709759712,qwen15b-npu4,
1782497947.441133,200,124.3296260945499,qwen15b-npu5,
1782497947.4426088,200,138.8447629287839,qwen15b-npu7,
1782497947.4429553,200,132.81345320865512,qwen15b-npu7,
1782497947.4636729,200,128.82059626281261,qwen15b-npu4,
1782497947.4664044,200,126.0532969608903,qwen15b-npu5,
1782497947.4667559,200,133.02612490952015,qwen15b-npu5,
1782497947.4670222,200,156.4295021817088,qwen15b-npu6,
1782497947.4674897,200,130.89124020189047,qwen15b-npu6,
1782497947.4690049,200,132.83747294917703,qwen15b-npu7,
1782497947.470569,200,136.17093488574028,qwen15b-npu3,
1782497947.4710891,200,137.0489108376205,qwen15b-npu3,
1782497947.488021,200,123.56827082112432,qwen15b-npu4,
1782497947.49245,200,112.51637665554881,qwen15b-npu5,
1782497947.4938414,200,142.28089712560177,qwen15b-npu6,
1782497947.4964445,200,139.15242487564683,qwen15b-npu7,
1782497947.4974873,200,146.45632402971387,qwen15b-npu7,
1782497947.4984093,200,137.6439263112843,qwen15b-npu3,
1782497947.4988594,200,139.81811981648207,qwen15b-npu3,
1782497947.5122037,200,123.59595112502575,qwen15b-npu4,
1782497947.5166655,200,127.25046509876847,qwen15b-npu5,
1782497947.5227954,200,131.1144819483161,qwen15b-npu6,
1782497947.5244792,200,144.2355802282691,qwen15b-npu7,
1782497947.5247831,200,133.47990717738867,qwen15b-npu7,
1782497947.5256383,200,136.6655887104571,qwen15b-npu7,
1782497947.5515883,200,143.82812706753612,qwen15b-npu6,
1782497947.5533328,200,137.4269537627697,qwen15b-npu3,
1782497947.5537317,200,139.60990915074944,qwen15b-npu3,
1782497947.5541298,200,137.82548578456044,qwen15b-npu3,
1782497947.5608122,200,121.12329388037324,qwen15b-npu4,
1782497947.564913,200,127.73669930174947,qwen15b-npu5,
1782497947.576767,200,134.07317083328962,qwen15b-npu7,
1782497947.5793252,200,141.8332438915968,qwen15b-npu3,
1782497947.5815318,200,140.33007295802236,qwen15b-npu6,
1782497947.5825298,200,139.50652815401554,qwen15b-npu6,
1782497947.5829422,200,142.47490791603923,qwen15b-npu6,
1782497947.5850987,200,116.03310005739331,qwen15b-npu4,
1782497947.5857072,200,119.22495206817985,qwen15b-npu4,
1782497947.5907013,200,119.53139398247004,qwen15b-npu5,
1782497947.5909486,200,124.1275048814714,qwen15b-npu5,
1782497947.5917819,200,124.60977723821998,qwen15b-npu5,
1782497947.605719,200,141.94833394140005,qwen15b-npu3,
1782497947.6060262,200,138.43326084315777,qwen15b-npu7,
1782497947.6063643,200,135.72841184213758,qwen15b-npu7,
1782497947.6111178,200,112.12321324273944,qwen15b-npu4,
1782497947.611748,200,117.8303430788219,qwen15b-npu4,
1782497947.6120746,200,115.56319706141949,qwen15b-npu4,
1782497947.614725,200,122.19218211248517,qwen15b-npu5,
1782497947.6332662,200,116.49343278259039,qwen15b-npu4,
1782497947.635181,200,122.89901589974761,qwen15b-npu3,
1782497947.6355822,200,137.08833185955882,qwen15b-npu7,
1782497947.6360774,200,138.49044125527143,qwen15b-npu3,
1782497947.6384358,200,112.70617786794901,qwen15b-npu5,
1782497947.6394808,200,151.35688800364733,qwen15b-npu6,
1782497947.6620073,200,139.10969626158476,qwen15b-npu7,
1782497947.6628475,200,138.26644886285067,qwen15b-npu7,
1782497947.6671686,200,142.30914693325758,qwen15b-npu6,
1782497947.6803641,200,126.14019773900509,qwen15b-npu4,
1782497947.687131,200,107.73841384798288,qwen15b-npu5,
1782497947.6875105,200,126.61066092550755,qwen15b-npu3,
1782497947.6879137,200,134.45931393653154,qwen15b-npu3,
1782497947.6893137,200,135.46812068670988,qwen15b-npu7,
1782497947.6969898,200,145.292516797781,qwen15b-npu6,
1782497947.6973345,200,132.3391799814999,qwen15b-npu6,
1782497947.7048125,200,121.76476791501045,qwen15b-npu4,
1782497947.7109938,200,128.36750270798802,qwen15b-npu5,
1782497947.7114549,200,105.63969006761909,qwen15b-npu5,
1782497947.7141488,200,123.37515875697136,qwen15b-npu3,
1782497947.714446,200,122.54914361983538,qwen15b-npu3,
1782497947.7148533,200,133.23931582272053,qwen15b-npu3,
1782497947.716922,200,131.14095199853182,qwen15b-npu7,
1782497947.7270608,200,136.0502252355218,qwen15b-npu6,
1782497947.7278187,200,150.95925517380238,qwen15b-npu6,
1782497947.7281091,200,142.94413104653358,qwen15b-npu6,
1782497947.7298992,200,123.80510196089745,qwen15b-npu4,
1782497947.7301812,200,118.33131639286876,qwen15b-npu4,
1782497947.737795,200,123.00212681293488,qwen15b-npu5,
1782497947.7380798,200,126.8601631745696,qwen15b-npu5,
1782497947.744042,200,137.60919496417046,qwen15b-npu7,
1782497947.7554548,200,143.30660412088037,qwen15b-npu6,
1782497947.7623425,200,123.80825215950608,qwen15b-npu5,
1782497947.7682738,200,132.95339420437813,qwen15b-npu3,
1782497947.7691276,200,132.92765384539962,qwen15b-npu3,
1782497947.7743866,200,141.0164781846106,qwen15b-npu7,
1782497947.7747965,200,135.2147189900279,qwen15b-npu7,
1782497947.7843044,200,148.63587031140924,qwen15b-npu6,
1782497947.7860758,200,123.96667385473847,qwen15b-npu5,
1782497947.8011646,200,133.91214981675148,qwen15b-npu7,
1782497947.8027391,200,115.16322521492839,qwen15b-npu4,
1782497947.8030934,200,113.68217412382364,qwen15b-npu4,
1782497947.8033783,200,116.12812103703618,qwen15b-npu4,
1782497947.8097355,200,112.66268789768219,qwen15b-npu5,
1782497947.8134956,200,150.5525722168386,qwen15b-npu6,
1782497947.8232691,200,142.84118078649044,qwen15b-npu3,
1782497947.8240924,200,136.0335540957749,qwen15b-npu3,
1782497947.8254223,200,120.54509995505214,qwen15b-npu4,
1782497947.8290985,200,131.65864534676075,qwen15b-npu7,
1782497947.835007,200,123.91028320416808,qwen15b-npu5,
1782497947.835379,200,107.49356308951974,qwen15b-npu5,
1782497947.8420825,200,130.52831683307886,qwen15b-npu6,
1782497947.8509939,200,133.94007040187716,qwen15b-npu3,
1782497947.8516252,200,121.65896827355027,qwen15b-npu4,
1782497947.8519793,200,123.79543296992779,qwen15b-npu4,
1782497947.8524327,200,137.48005498200655,qwen15b-npu3,
1782497947.8585029,200,144.27410997450352,qwen15b-npu7,
1782497947.859124,200,144.56968195736408,qwen15b-npu7,
1782497947.8594828,200,121.29871500656009,qwen15b-npu5,
1782497947.8737125,200,146.56110480427742,qwen15b-npu6,
1782497947.874018,200,143.7654672190547,qwen15b-npu6,
1782497947.874302,200,136.4277768880129,qwen15b-npu6,
1782497947.884038,200,128.5143243148923,qwen15b-npu5,
1782497947.8859868,200,141.86609303578734,qwen15b-npu7,
1782497947.89863,200,123.69760079309344,qwen15b-npu4,
1782497947.89903,200,124.53282717615366,qwen15b-npu4,
1782497947.9015813,200,139.1134448349476,qwen15b-npu6,
1782497947.9040368,200,119.62959496304393,qwen15b-npu3,
1782497947.904623,200,136.2631656229496,qwen15b-npu3,
1782497947.9136841,200,144.43279104307294,qwen15b-npu7,
1782497947.922062,200,118.89346921816468,qwen15b-npu4,
1782497947.922403,200,112.5986073166132,qwen15b-npu4,
1782497947.931205,200,145.06132481619716,qwen15b-npu6,
1782497947.9315948,200,128.13229067251086,qwen15b-npu6,
1782497947.9327738,200,119.16676117107272,qwen15b-npu5,
1782497947.9331446,200,130.29110617935658,qwen15b-npu5,
1782497947.9412074,200,139.92383098229766,qwen15b-npu7,
1782497947.9454012,200,119.88485557958484,qwen15b-npu4,
1782497947.9551623,200,119.69306413084269,qwen15b-npu5,
1782497947.957221,200,122.10077093914151,qwen15b-npu3,
1782497947.9580307,200,134.66896582394838,qwen15b-npu3,
1782497947.9583218,200,129.16231900453568,qwen15b-npu3,
1782497947.9693117,200,145.11300576850772,qwen15b-npu7,
1782497947.9696438,200,117.60586081072688,qwen15b-npu4,
1782497947.979319,200,120.08143682032824,qwen15b-npu5,
1782497947.9824643,200,129.96269389986992,qwen15b-npu3,
1782497947.9904838,200,131.90228724852204,qwen15b-npu6,
1782497947.990739,200,148.58519891276956,qwen15b-npu6,
1782497947.9915116,200,131.94955699145794,qwen15b-npu6,
1782497947.9937756,200,107.72600397467613,qwen15b-npu4,
1782497947.9941266,200,120.0436670333147,qwen15b-npu4,
1782497947.9991946,200,148.06529600173235,qwen15b-npu7,
1782497947.999959,200,148.24127731844783,qwen15b-npu7,
1782497948.0043445,200,129.9487235955894,qwen15b-npu5,
1782497948.0050316,200,131.22506299987435,qwen15b-npu5,
1782497948.0084853,200,124.37012605369091,qwen15b-npu3,
1782497948.0272043,200,125.54541416466236,qwen15b-npu7,
1782497948.0279036,200,128.7139761261642,qwen15b-npu7,
1782497948.0305557,200,108.3815679885447,qwen15b-npu5,
1782497948.0309968,200,126.88700295984745,qwen15b-npu5,
1782497948.0418422,200,108.9580818079412,qwen15b-npu4,
1782497948.0421696,200,119.69172395765781,qwen15b-npu4,
1782497948.047815,200,143.11929186806083,qwen15b-npu6,
1782497948.0481555,200,134.40073421224952,qwen15b-npu6,
1782497948.0489664,200,150.23546991869807,qwen15b-npu6,
1782497948.060836,200,127.58504785597324,qwen15b-npu3,
1782497948.064377,200,107.09168016910553,qwen15b-npu4,
1782497948.0759506,200,134.67685598880053,qwen15b-npu6,
1782497948.0767841,200,121.5344169177115,qwen15b-npu5,
1782497948.0812616,200,149.54633498564363,qwen15b-npu7,
1782497948.0817516,200,150.4317419603467,qwen15b-npu7,
1782497948.0820873,200,136.59642869606614,qwen15b-npu7,
1782497948.0887544,200,130.64333889633417,qwen15b-npu3,
1782497948.0890183,200,119.28062187507749,qwen15b-npu3,
1782497948.0899372,200,120.54309109225869,qwen15b-npu4,
1782497948.1019526,200,111.39636905863881,qwen15b-npu5,
1782497948.1022627,200,119.72053395584226,qwen15b-npu5,
1782497948.1064196,200,148.02697487175465,qwen15b-npu6,
1782497948.106787,200,127.35892599448562,qwen15b-npu6,
1782497948.1164517,200,122.58973391726613,qwen15b-npu3,
1782497948.116836,200,125.19610114395618,qwen15b-npu3,
1782497948.1261847,200,126.14128785207868,qwen15b-npu5,
1782497948.1264997,200,117.93572176247835,qwen15b-npu5,
1782497948.1368697,200,146.05006203055382,qwen15b-npu7,
1782497948.137171,200,137.89898715913296,qwen15b-npu7,
1782497948.1375935,200,143.36497383192182,qwen15b-npu7,
1782497948.138138,200,133.01603496074677,qwen15b-npu7,
1782497948.1389968,200,111.02428613230586,qwen15b-npu4,
1782497948.139386,200,112.07624338567257,qwen15b-npu4,
1782497948.1439877,200,139.57751775160432,qwen15b-npu3,
1782497948.1617627,200,113.53451292961836,qwen15b-npu4,
1782497948.1623564,200,131.22850190848112,qwen15b-npu4,
1782497948.170526,200,139.84762970358133,qwen15b-npu3,
1782497948.1709437,200,128.650545142591,qwen15b-npu3,
1782497948.1749222,200,126.9975840114057,qwen15b-npu5,
1782497948.1854622,200,109.41079584881663,qwen15b-npu4,
1782497948.1896775,200,125.22657169029117,qwen15b-npu7,
1782497948.1930103,200,132.0707080885768,qwen15b-npu6,
1782497948.1933634,200,144.29376972839236,qwen15b-npu6,
1782497948.1937635,200,151.82995097711682,qwen15b-npu6,
1782497948.2007759,200,119.4300432689488,qwen15b-npu5,
1782497948.2011018,200,124.2208550684154,qwen15b-npu5,
1782497948.2095182,200,119.48896385729313,qwen15b-npu4,
1782497948.217986,200,128.88318626210093,qwen15b-npu7,
1782497948.2186906,200,129.8631331883371,qwen15b-npu6,
1782497948.2231667,200,140.99155832082033,qwen15b-npu3,
1782497948.223956,200,142.10431603714824,qwen15b-npu3,
1782497948.2250795,200,118.56941692531109,qwen15b-npu5,
1782497948.225432,200,123.09626769274473,qwen15b-npu5,
1782497948.233502,200,126.60571094602346,qwen15b-npu4,
1782497948.2477648,200,145.7305303774774,qwen15b-npu6,
1782497948.2488525,200,122.28381214663386,qwen15b-npu5,
1782497948.2491,200,110.88423617184162,qwen15b-npu5,
1782497948.2509663,200,134.0267308987677,qwen15b-npu3,
1782497948.2513506,200,134.79900639504194,qwen15b-npu3,
1782497948.2582774,200,120.60532020404935,qwen15b-npu4,
1782497948.2586374,200,121.35923560708761,qwen15b-npu4,
1782497948.274456,200,134.9930469878018,qwen15b-npu7,
1782497948.2803845,200,136.3112162798643,qwen15b-npu3,
1782497948.281799,200,142.72423880174756,qwen15b-npu3,
1782497948.2832797,200,157.00715500861406,qwen15b-npu6,
1782497948.2846828,200,109.64743699878454,qwen15b-npu4,
1782497948.286121,200,149.1591432131827,qwen15b-npu6,
1782497948.2981284,200,112.57811728864908,qwen15b-npu5,
1782497948.3096163,200,119.84439613297582,qwen15b-npu4,
1782497948.3115385,200,149.6780961751938,qwen15b-npu7,
1782497948.3119345,200,149.50569486245513,qwen15b-npu7,
1782497948.3144906,200,143.84350692853332,qwen15b-npu6,
1782497948.3150165,200,143.99431832134724,qwen15b-npu6,
1782497948.323634,200,130.51123777404428,qwen15b-npu5,
1782497948.333979,200,115.22079398855567,qwen15b-npu4,
1782497948.3383899,200,137.52575498074293,qwen15b-npu7,
1782497948.3386786,200,145.21230570971966,qwen15b-npu7,
1782497948.3396087,200,129.99730417504907,qwen15b-npu7,
1782497948.3406477,200,139.47204779833555,qwen15b-npu3,
1782497948.3433566,200,149.47704458609223,qwen15b-npu6,
1782497948.3501022,200,126.04828784242272,qwen15b-npu5,
1782497948.3655334,200,131.93096686154604,qwen15b-npu7,
1782497948.3659105,200,142.67126889899373,qwen15b-npu7,
1782497948.3687742,200,143.2722732424736,qwen15b-npu3,
1782497948.3691542,200,143.98222835734487,qwen15b-npu3,
1782497948.3718617,200,153.7888441234827,qwen15b-npu6,
1782497948.373819,200,115.44423596933484,qwen15b-npu5,
1782497948.3834872,200,134.27815306931734,qwen15b-npu4,
1782497948.3838332,200,134.91913815960288,qwen15b-npu4,
1782497948.3918083,200,133.09643510729074,qwen15b-npu7,
1782497948.399267,200,117.23526800051332,qwen15b-npu5,
1782497948.399835,200,125.28687156736851,qwen15b-npu5,
1782497948.4063294,200,108.121857047081,qwen15b-npu4,
1782497948.4136992,200,165.85232503712177,qwen15b-npu6,
1782497948.4139903,200,162.53334190696478,qwen15b-npu6,
1782497948.4143133,200,163.27329725027084,qwen15b-npu6,
1782497948.4218092,200,141.20494993403554,qwen15b-npu3,
1782497948.4225419,200,139.03425494208932,qwen15b-npu3,
1782497948.4228427,200,110.84461491554976,qwen15b-npu5,
1782497948.4284987,200,143.66691606119275,qwen15b-npu7,
1782497948.4300294,200,118.34562569856644,qwen15b-npu4,
1782497948.441089,200,154.82308994978666,qwen15b-npu6,
1782497948.4477255,200,138.01253773272038,qwen15b-npu3,
1782497948.4480162,200,132.87530280649662,qwen15b-npu5,
1782497948.4540758,200,115.60448678210378,qwen15b-npu4,
1782497948.454892,200,131.1814719811082,qwen15b-npu7,
1782497948.4683685,200,153.7248743698001,qwen15b-npu6,
1782497948.4751267,200,141.0689982585609,qwen15b-npu3,
1782497948.4754996,200,132.06974836066365,qwen15b-npu3,
1782497948.4796045,200,105.68939987570047,qwen15b-npu4,
1782497948.4799697,200,113.95614594221115,qwen15b-npu4,
1782497948.4851556,200,134.93920816108584,qwen15b-npu7,
1782497948.4855263,200,146.7828070744872,qwen15b-npu7,
1782497948.4858763,200,145.15749597921968,qwen15b-npu7,
1782497948.496808,200,157.09214564412832,qwen15b-npu6,
1782497948.497792,200,128.89397703111172,qwen15b-npu5,
1782497948.4980571,200,114.47898903861642,qwen15b-npu5,
1782497948.5022926,200,133.06976528838277,qwen15b-npu3,
1782497948.5101788,200,138.22722900658846,qwen15b-npu7,
1782497948.5215063,200,115.10498402640224,qwen15b-npu5,
1782497948.52218,200,122.22684174776077,qwen15b-npu5,
1782497948.5258553,200,126.48398010060191,qwen15b-npu4,
1782497948.52672,200,161.07451310381293,qwen15b-npu6,
1782497948.5270135,200,143.11745204031467,qwen15b-npu6,
1782497948.5280633,200,136.15524535998702,qwen15b-npu6,
1782497948.537614,200,123.51839011535048,qwen15b-npu7,
1782497948.551476,200,122.88726679980755,qwen15b-npu4,
1782497948.5518343,200,128.9156968705356,qwen15b-npu4,
1782497948.5549035,200,133.00958508625627,qwen15b-npu6,
1782497948.5572155,200,134.58426482975483,qwen15b-npu3,
1782497948.5574596,200,143.6808160506189,qwen15b-npu3,
1782497948.557803,200,143.3900543488562,qwen15b-npu3,
1782497948.5653253,200,135.224848985672,qwen15b-npu7,
1782497948.5701418,200,128.9867372252047,qwen15b-npu5,
1782497948.57079,200,122.68313392996788,qwen15b-npu5,
1782497948.5742035,200,119.22750109806657,qwen15b-npu4,
1782497948.5831895,200,135.38395008072257,qwen15b-npu3,
1782497948.5837872,200,129.65002190321684,qwen15b-npu6,
1782497948.594259,200,114.53037010505795,qwen15b-npu5,
1782497948.5986485,200,113.37879206985235,qwen15b-npu4,
1782497948.59897,200,118.92996029928327,qwen15b-npu4,
1782497948.6035986,200,135.15528896823525,qwen15b-npu7,
1782497948.610287,200,134.72321582958102,qwen15b-npu3,
1782497948.6182947,200,121.39986595138907,qwen15b-npu5,
1782497948.6216636,200,111.41327023506165,qwen15b-npu4,
1782497948.6226609,200,137.03999109566212,qwen15b-npu6,
1782497948.6229296,200,136.95844123139977,qwen15b-npu6,
1782497948.6360395,200,160.77542072162032,qwen15b-npu7,
1782497948.6364667,200,138.32061970606446,qwen15b-npu7,
1782497948.6389735,200,136.58256782218814,qwen15b-npu3,
1782497948.63949,200,141.6220022365451,qwen15b-npu3,
1782497948.6433961,200,115.25589507073164,qwen15b-npu5,
1782497948.6463835,200,124.80921857059002,qwen15b-npu4,
1782497948.647073,200,109.37991505488753,qwen15b-npu4,
1782497948.6600223,200,137.76785600930452,qwen15b-npu7,
1782497948.6657994,200,138.6900618672371,qwen15b-npu3,
1782497948.6661503,200,139.3500566482544,qwen15b-npu3,
1782497948.6794436,200,153.5188420675695,qwen15b-npu6,
1782497948.6866717,200,134.7733666189015,qwen15b-npu7,
1782497948.6930118,200,122.13742127642035,qwen15b-npu5,
1782497948.6936893,200,119.42069325596094,qwen15b-npu5,
1782497948.6944287,200,124.22662507742643,qwen15b-npu3,
1782497948.6947372,200,111.47432029247284,qwen15b-npu5,
1782497948.6950214,200,137.46672496199608,qwen15b-npu3,
1782497948.709804,200,152.52361493185163,qwen15b-npu6,
1782497948.710125,200,155.15752276405692,qwen15b-npu6,
1782497948.7106118,200,159.03236996382475,qwen15b-npu6,
1782497948.7166238,200,122.30204185470939,qwen15b-npu7,
1782497948.7169693,200,151.58241940662265,qwen15b-npu7,
1782497948.7177534,200,159.8561853170395,qwen15b-npu7,
1782497948.7180486,200,119.32683316990733,qwen15b-npu4,
1782497948.7188468,200,119.7820152156055,qwen15b-npu4,
1782497948.7371123,200,153.2593108713627,qwen15b-npu6,
1782497948.7374861,200,127.11673369631171,qwen15b-npu6,
1782497948.741858,200,123.50009102374315,qwen15b-npu5,
1782497948.7457848,200,109.1884640045464,qwen15b-npu4,
1782497948.7462528,200,124.526206869632,qwen15b-npu4,
1782497948.7557456,200,152.05869218334556,qwen15b-npu3,
1782497948.7648892,200,125.25187199935317,qwen15b-npu4,
1782497948.7664735,200,130.29306614771485,qwen15b-npu5,
1782497948.7724254,200,133.3453464321792,qwen15b-npu7,
1782497948.773047,200,125.87520619854331,qwen15b-npu7,
1782497948.773346,200,150.34417994320393,qwen15b-npu7,
1782497948.7826226,200,136.17218611761928,qwen15b-npu3,
1782497948.7832642,200,160.5284591205418,qwen15b-npu3,
1782497948.7922642,200,112.69927676767111,qwen15b-npu5,
1782497948.796089,200,135.99267369136214,qwen15b-npu6,
1782497948.7963488,200,152.86764781922102,qwen15b-npu6,
1782497948.7971034,200,130.88611979037523,qwen15b-npu6,
1782497948.8088372,200,142.94149074703455,qwen15b-npu3,
1782497948.8154325,200,122.31071200221777,qwen15b-npu4,
1782497948.8191411,200,124.00117283686996,qwen15b-npu5,
1782497948.8193922,200,124.59413800388575,qwen15b-npu5,
1782497948.823322,200,136.56930811703205,qwen15b-npu7,
1782497948.8236089,200,129.08626813441515,qwen15b-npu6,
1782497948.8360052,200,142.1986659988761,qwen15b-npu3,
1782497948.8420577,200,132.16634839773178,qwen15b-npu4,
1782497948.8425307,200,125.47523295506835,qwen15b-npu4,
1782497948.8436117,200,124.65734779834747,qwen15b-npu5,
1782497948.8440151,200,133.29251622781157,qwen15b-npu5,
1782497948.8526924,200,134.8473271355033,qwen15b-npu7,
1782497948.8530827,200,142.82523980364203,qwen15b-npu7,
1782497948.8535197,200,136.79500902071595,qwen15b-npu6,
1782497948.862863,200,144.7532530874014,qwen15b-npu3,
1782497948.8658886,200,128.29077197238803,qwen15b-npu4,
1782497948.8668482,200,120.97717262804508,qwen15b-npu5,
1782497948.8809357,200,138.99494521319866,qwen15b-npu6,
1782497948.8814983,200,144.28529981523752,qwen15b-npu6,
1782497948.893252,200,120.69035088643432,qwen15b-npu3,
1782497948.8935962,200,120.4579402692616,qwen15b-npu4,
1782497948.8938596,200,147.51924201846123,qwen15b-npu3,
1782497948.894204,200,138.3448396809399,qwen15b-npu3,
1782497948.894497,200,121.08793389052153,qwen15b-npu4,
1782497948.9057398,200,139.19297512620687,qwen15b-npu7,
1782497948.9064813,200,141.45824126899242,qwen15b-npu7,
1782497948.9077852,200,124.94831997901201,qwen15b-npu6,
1782497948.9181163,200,125.73535600677133,qwen15b-npu5,
1782497948.9185214,200,122.35952215269208,qwen15b-npu5,
1782497948.918788,200,135.4228099808097,qwen15b-npu3,
1782497948.9338353,200,136.66127808392048,qwen15b-npu7,
1782497948.9341648,200,137.74331705644727,qwen15b-npu7,
1782497948.9407623,200,125.25594187900424,qwen15b-npu5,
1782497948.9427073,200,133.7993899360299,qwen15b-npu4,
1782497948.9433134,200,124.10091375932097,qwen15b-npu4,
1782497948.9449449,200,121.54937675222754,qwen15b-npu3,
1782497948.9458628,200,122.18340113759041,qwen15b-npu3,
1782497948.961008,200,141.5471718646586,qwen15b-npu7,
1782497948.9681115,200,115.30522489920259,qwen15b-npu5,
1782497948.968455,200,126.25829875469208,qwen15b-npu5,
1782497948.9687603,200,115.52511714398861,qwen15b-npu5,
1782497948.9696465,200,133.57395818457007,qwen15b-npu5,
1782497948.9700556,200,127.45258677750826,qwen15b-npu4,
1782497948.9879944,200,134.37338266521692,qwen15b-npu7,
1782497948.9891403,200,126.19756814092398,qwen15b-npu5,
1782497948.9943101,200,150.58411192148924,qwen15b-npu6,
1782497948.994546,200,127.62949801981449,qwen15b-npu6,
1782497948.9948113,200,150.69639310240746,qwen15b-npu6,
1782497949.0001903,200,134.21243196353316,qwen15b-npu3,
1782497949.0004952,200,118.93247906118631,qwen15b-npu3,
1782497949.015265,200,121.89410999417305,qwen15b-npu7,
1782497949.0156178,200,121.67144799605012,qwen15b-npu7,
1782497949.0190384,200,111.18695698678493,qwen15b-npu4,
1782497949.0194309,200,125.75947586447,qwen15b-npu4,
1782497949.0204427,200,114.62459107860923,qwen15b-npu4,
1782497949.0208232,200,139.80492996051908,qwen15b-npu6,
1782497949.021163,200,126.59855093806982,qwen15b-npu6,
1782497949.026777,200,132.4881510809064,qwen15b-npu3,
1782497949.0415664,200,135.00824803486466,qwen15b-npu7,
1782497949.0462482,200,127.38857604563236,qwen15b-npu6,
1782497949.04674,200,128.12958098948002,qwen15b-npu6,
1782497949.0540311,200,135.7932328246534,qwen15b-npu3,
1782497949.0602777,200,119.44048292934895,qwen15b-npu5,
1782497949.0675712,200,133.29865597188473,qwen15b-npu4,
1782497949.067837,200,122.81875591725111,qwen15b-npu4,
1782497949.0693164,200,125.92981616035104,qwen15b-npu7,
1782497949.0696397,200,135.70908224210143,qwen15b-npu7,
1782497949.0822434,200,139.47429787367582,qwen15b-npu3,
1782497949.0826347,200,136.6880889981985,qwen15b-npu3,
1782497949.0849876,200,123.90878424048424,qwen15b-npu5,
1782497949.0853045,200,117.07657715305686,qwen15b-npu5,
1782497949.092074,200,121.93214986473322,qwen15b-npu4,
1782497949.0958364,200,126.93980289623141,qwen15b-npu7,
1782497949.1021826,200,132.4352202937007,qwen15b-npu6,
1782497949.1024604,200,133.93008010461926,qwen15b-npu6,
1782497949.1183794,200,129.17472794651985,qwen15b-npu4,
1782497949.119129,200,124.75235899910331,qwen15b-npu4,
1782497949.1222525,200,121.99467001482844,qwen15b-npu7,
1782497949.1292818,200,141.1996390670538,qwen15b-npu6,
1782497949.1296654,200,129.07176790758967,qwen15b-npu6,
1782497949.1412883,200,146.67496597394347,qwen15b-npu3,
1782497949.141623,200,146.72039588913321,qwen15b-npu3,
1782497949.1420438,200,126.3277386315167,qwen15b-npu3,
1782497949.1432986,200,124.13905514404178,qwen15b-npu4,
1782497949.1500864,200,134.73219610750675,qwen15b-npu7,
1782497949.150395,200,123.55586979538202,qwen15b-npu7,
1782497949.1507628,200,130.20864594727755,qwen15b-npu7,
1782497949.1565802,200,135.6495418585837,qwen15b-npu6,
1782497949.1568596,200,137.3411542735994,qwen15b-npu6,
1782497949.1575232,200,110.72328360751271,qwen15b-npu5,
1782497949.1675978,200,121.29080574959517,qwen15b-npu3,
1782497949.1678634,200,146.63257589563727,qwen15b-npu3,
1782497949.1695654,200,115.47404574230313,qwen15b-npu4,
1782497949.169853,200,128.2236920669675,qwen15b-npu4,
1782497949.1753392,200,115.00365333631635,qwen15b-npu7,
1782497949.1822157,200,112.49425588175654,qwen15b-npu5,
1782497949.1932266,200,123.82478220388293,qwen15b-npu3,
1782497949.1941593,200,126.52410101145506,qwen15b-npu4,
1782497949.2014892,200,119.12643071264029,qwen15b-npu7,
1782497949.2065039,200,114.36980916187167,qwen15b-npu5,
1782497949.2122474,200,129.50341124087572,qwen15b-npu6,
1782497949.2125878,200,127.2192751057446,qwen15b-npu6,
1782497949.2128406,200,144.94135370478034,qwen15b-npu6,
1782497949.2186716,200,116.41549179330468,qwen15b-npu4,
1782497949.2220283,200,126.13625777885318,qwen15b-npu3,
1782497949.2222936,200,137.2207230888307,qwen15b-npu3,
1782497949.2335706,200,111.22989701107144,qwen15b-npu5,
1782497949.2338316,200,131.30962289869785,qwen15b-npu5,
1782497949.2340367,200,114.80114189907908,qwen15b-npu5,
1782497949.2390077,200,120.56362070143223,qwen15b-npu6,
1782497949.242875,200,113.48450277000666,qwen15b-npu4,
1782497949.2560873,200,126.33205857127905,qwen15b-npu5,
1782497949.2656183,200,123.88025317341089,qwen15b-npu6,
1782497949.2664685,200,116.00814014673233,qwen15b-npu4,
1782497949.27603,200,132.6462416909635,qwen15b-npu3,
1782497949.2770877,200,135.7075017876923,qwen15b-npu3,
1782497949.2776172,200,135.4778311215341,qwen15b-npu3,
1782497949.2816725,200,124.08998375758529,qwen15b-npu5,
1782497949.28319,200,126.52254104614258,qwen15b-npu7,
1782497949.2834544,200,126.53591111302376,qwen15b-npu7,
1782497949.2836897,200,132.8147118911147,qwen15b-npu5,
1782497949.2840114,200,133.83392989635468,qwen15b-npu7,
1782497949.291472,200,123.80746332928538,qwen15b-npu4,
1782497949.2922466,200,122.30709195137024,qwen15b-npu4,
1782497949.2939851,200,126.05736777186394,qwen15b-npu6,
1782497949.305563,200,130.14425477012992,qwen15b-npu5,
1782497949.3089411,200,139.30746586993337,qwen15b-npu7,
1782497949.3092442,200,115.95715908333659,qwen15b-npu7,
1782497949.3218298,200,127.61241802945733,qwen15b-npu6,
1782497949.3220716,200,139.7996600717306,qwen15b-npu6,
1782497949.33151,200,109.15151424705982,qwen15b-npu5,
1782497949.3324008,200,125.82534598186612,qwen15b-npu5,
1782497949.332802,200,114.05514692887664,qwen15b-npu5,
1782497949.3333373,200,120.42937893420458,qwen15b-npu5,
1782497949.335344,200,122.69402481615543,qwen15b-npu7,
1782497949.3361673,200,134.5571638084948,qwen15b-npu7,
1782497949.3401783,200,106.08073323965073,qwen15b-npu4,
1782497949.3486185,200,136.25900587067008,qwen15b-npu6,
1782497949.357976,200,135.88220393285155,qwen15b-npu3,
1782497949.3583639,200,119.29441289976239,qwen15b-npu3,
1782497949.3640816,200,107.93365631252527,qwen15b-npu4,
1782497949.3766797,200,143.0313023738563,qwen15b-npu6,
1782497949.3773828,200,143.4879838488996,qwen15b-npu6,
1782497949.3853135,200,142.3772880807519,qwen15b-npu3,
1782497949.387688,200,121.15990463644266,qwen15b-npu4,
1782497949.388859,200,123.17961920052767,qwen15b-npu7,
1782497949.403002,200,118.92585968598723,qwen15b-npu5,
1782497949.4038658,200,120.59656996279955,qwen15b-npu5,
1782497949.4054546,200,128.22597194463015,qwen15b-npu6,
1782497949.4059901,200,128.2639829441905,qwen15b-npu6,
1782497949.4140265,200,130.27174584567547,qwen15b-npu4,
1782497949.414363,200,108.68629114702344,qwen15b-npu4,
1782497949.415754,200,132.2349989786744,qwen15b-npu3,
1782497949.4164581,200,134.7250659018755,qwen15b-npu4,
1782497949.4167323,200,124.39605593681335,qwen15b-npu3,
1782497949.4169953,200,140.90860774740577,qwen15b-npu7,
1782497949.4179668,200,126.37969898059964,qwen15b-npu7,
1782497949.4281192,200,119.08601969480515,qwen15b-npu5,
1782497949.4315155,200,122.20827070996165,qwen15b-npu6,
1782497949.4367583,200,114.85852301120758,qwen15b-npu4,
1782497949.4419482,200,147.85355376079679,qwen15b-npu3,
1782497949.4530318,200,121.45078694447875,qwen15b-npu5,
1782497949.4533277,200,119.87564573064446,qwen15b-npu5,
1782497949.4621942,200,125.92115718871355,qwen15b-npu4,
1782497949.462529,200,130.04384376108646,qwen15b-npu4,
1782497949.4691753,200,128.89082683250308,qwen15b-npu7,
1782497949.4703844,200,137.42193393409252,qwen15b-npu7,
1782497949.4707065,200,148.56870891526341,qwen15b-npu3,
1782497949.4716518,200,136.20421616360545,qwen15b-npu3,
1782497949.4759276,200,127.21192510798573,qwen15b-npu5,
1782497949.4866202,200,122.47965391725302,qwen15b-npu6,
1782497949.4873862,200,128.9242273196578,qwen15b-npu6,
1782497949.494567,200,136.48750679567456,qwen15b-npu7,
1782497949.5005515,200,111.62665020674467,qwen15b-npu5,
1782497949.5094976,200,106.42178636044264,qwen15b-npu4,
1782497949.5218198,200,134.06317122280598,qwen15b-npu7,
1782497949.5225434,200,137.12010206654668,qwen15b-npu7,
1782497949.5262487,200,112.11839411407709,qwen15b-npu5,
1782497949.526583,200,121.01220292970538,qwen15b-npu5,
1782497949.527995,200,150.5313622765243,qwen15b-npu3,
1782497949.528829,200,152.0595229230821,qwen15b-npu3,
1782497949.5356038,200,129.49704099446535,qwen15b-npu4,
1782497949.5360024,200,107.81407542526722,qwen15b-npu4,
1782497949.5364537,200,119.3949831649661,qwen15b-npu4,
1782497949.5418544,200,127.42853723466396,qwen15b-npu6,
1782497949.5427105,200,138.73716304078698,qwen15b-npu6,
1782497949.5429766,200,124.9073101207614,qwen15b-npu6,
1782497949.5481641,200,131.62896502763033,qwen15b-npu7,
1782497949.5496743,200,133.81872978061438,qwen15b-npu5,
1782497949.5585308,200,141.7299429886043,qwen15b-npu3,
1782497949.5588577,200,127.27680476382375,qwen15b-npu3,
1782497949.559859,200,117.82113229855895,qwen15b-npu4,
1782497949.5758843,200,122.49887362122536,qwen15b-npu7,
1782497949.5762322,200,139.40675696358085,qwen15b-npu7,
1782497949.5838737,200,107.85552486777306,qwen15b-npu4,
1782497949.5846796,200,112.9272491671145,qwen15b-npu4,
1782497949.5972908,200,144.15491884574294,qwen15b-npu6,
1782497949.5976138,200,135.30757976695895,qwen15b-npu6,
1782497949.5979707,200,127.14404379948974,qwen15b-npu6,
1782497949.5995374,200,129.06456785276532,qwen15b-npu5,
1782497949.6137643,200,144.47648217901587,qwen15b-npu3,
1782497949.61415,200,127.46711727231741,qwen15b-npu3,
1782497949.6144228,200,151.82150108739734,qwen15b-npu3,
1782497949.633827,200,146.34419279173017,qwen15b-npu7,
1782497949.634174,200,124.57110779359937,qwen15b-npu5,
1782497949.6345963,200,139.947101008147,qwen15b-npu7,
1782497949.6404355,200,139.8228695616126,qwen15b-npu3,
1782497949.650028,200,121.9389489851892,qwen15b-npu5,
1782497949.6508355,200,121.90776970237494,qwen15b-npu5,
1782497949.651882,200,125.18263189122081,qwen15b-npu6,
1782497949.6558628,200,129.52063092961907,qwen15b-npu7,
1782497949.6567771,200,134.8830470815301,qwen15b-npu7,
1782497949.658714,200,122.98621702939272,qwen15b-npu4,
1782497949.659473,200,123.35916887968779,qwen15b-npu4,
1782497949.668821,200,146.20597288012505,qwen15b-npu3,
1782497949.6694303,200,126.35591998696327,qwen15b-npu3,
1782497949.6751184,200,116.14853097125888,qwen15b-npu5,
1782497949.682032,200,145.45980794355273,qwen15b-npu6,
1782497949.6823432,200,132.56748160347342,qwen15b-npu6,
1782497949.6827147,200,139.93200100958347,qwen15b-npu6,
1782497949.68371,200,123.77227190881968,qwen15b-npu7,
1782497949.6840587,200,142.12500490248203,qwen15b-npu7,
1782497949.6967516,200,148.493689019233,qwen15b-npu3,
1782497949.6975093,200,138.8862240128219,qwen15b-npu3,
1782497949.700933,200,116.14499101415277,qwen15b-npu5,
1782497949.701279,200,124.92389976978302,qwen15b-npu5,
1782497949.7090476,200,111.33968830108643,qwen15b-npu4,
1782497949.7093492,200,125.40356302633882,qwen15b-npu4,
1782497949.7097366,200,111.65577126666903,qwen15b-npu4,
1782497949.710017,200,134.034750983119,qwen15b-npu6,
1782497949.7250142,200,125.37397304549813,qwen15b-npu3,
1782497949.726004,200,111.52106011286378,qwen15b-npu5,
1782497949.7399354,200,142.54365768283606,qwen15b-npu7,
1782497949.7407796,200,126.89057365059853,qwen15b-npu7,
1782497949.7607718,200,126.48248998448253,qwen15b-npu5,
1782497949.7660487,200,131.3129523769021,qwen15b-npu4,
1782497949.7679112,200,153.664693236351,qwen15b-npu3,
1782497949.770581,200,136.65431877598166,qwen15b-npu6,
1782497949.7910569,200,140.9677378833294,qwen15b-npu4,
1782497949.7962046,200,155.6807062588632,qwen15b-npu3,
1782497949.800297,200,141.4377111941576,qwen15b-npu7,
1782497949.8006034,200,143.7250366434455,qwen15b-npu7,
1782497949.8012729,200,145.33313689753413,qwen15b-npu7,
1782497949.8016007,200,132.10525829344988,qwen15b-npu6,
1782497949.8025427,200,151.60369873046875,qwen15b-npu6,
1782497949.803474,200,143.9268379472196,qwen15b-npu6,
1782497949.8038287,200,151.87979117035866,qwen15b-npu6,
1782497949.8186388,200,121.80468905717134,qwen15b-npu4,
1782497949.819013,200,134.8806070163846,qwen15b-npu4,
1782497949.8194582,200,137.0191122405231,qwen15b-npu4,
1782497949.8258631,200,156.93662595003843,qwen15b-npu3,
1782497949.8263059,200,142.52992905676365,qwen15b-npu7,
1782497949.8267756,200,143.96818820387125,qwen15b-npu3,
1782497949.8284225,200,146.30341390147805,qwen15b-npu6,
1782497949.828702,200,153.48314167931676,qwen15b-npu6,
1782497949.8393729,200,129.9034827388823,qwen15b-npu5,
1782497949.8421943,200,132.0758182555437,qwen15b-npu4,
1782497949.8517158,200,142.58600817993283,qwen15b-npu7,
1782497949.8540006,200,144.18654004111886,qwen15b-npu3,
1782497949.854281,200,156.6719738766551,qwen15b-npu3,
1782497949.85466,200,153.64367282018065,qwen15b-npu3,
1782497949.855934,200,154.5353690162301,qwen15b-npu6,
1782497949.8672473,200,142.13727600872517,qwen15b-npu5,
1782497949.8679538,200,141.88378397375345,qwen15b-npu5,
1782497949.876357,200,135.28454909101129,qwen15b-npu7,
1782497949.8804598,200,140.27464296668768,qwen15b-npu3,
1782497949.890474,200,124.29799605160952,qwen15b-npu4,
1782497949.895514,200,134.6519449725747,qwen15b-npu5,
1782497949.896315,200,128.287342377007,qwen15b-npu5,
1782497949.910289,200,139.62372858077288,qwen15b-npu6,
1782497949.916142,200,114.7898118942976,qwen15b-npu4,
1782497949.9165127,200,115.82720931619406,qwen15b-npu4,
1782497949.9217002,200,125.3712228499353,qwen15b-npu5,
1782497949.9281816,200,137.02875189483166,qwen15b-npu7,
1782497949.9367406,200,133.19499464705586,qwen15b-npu3,
1782497949.937079,200,134.46457404643297,qwen15b-npu3,
1782497949.938175,200,137.78988691046834,qwen15b-npu6,
1782497949.9404864,200,114.48680888861418,qwen15b-npu4,
1782497949.9407585,200,121.62135820835829,qwen15b-npu4,
1782497949.948659,200,146.9935579225421,qwen15b-npu5,
1782497949.9490025,200,145.09750483557582,qwen15b-npu5,
1782497949.949382,200,120.87407335639,qwen15b-npu5,
1782497949.9571981,200,138.4474108926952,qwen15b-npu7,
1782497949.9575043,200,131.09049201011658,qwen15b-npu7,
1782497949.957963,200,115.6649379990995,qwen15b-npu7,
1782497949.9583278,200,138.76948272809386,qwen15b-npu7,
1782497949.9628513,200,108.77774190157652,qwen15b-npu4,
1782497949.9637575,200,136.8829607963562,qwen15b-npu3,
1782497949.967384,200,127.89718015119433,qwen15b-npu6,
1782497949.9680917,200,139.32606671005487,qwen15b-npu6,
1782497949.9730508,200,118.66068793460727,qwen15b-npu5,
1782497949.9810004,200,113.6727249249816,qwen15b-npu7,
1782497949.98744,200,119.39533287659287,qwen15b-npu4,
1782497949.992737,200,140.92633780092,qwen15b-npu3,
1782497949.9930675,200,138.33140023052692,qwen15b-npu3,
1782497949.9944167,200,138.41808075085282,qwen15b-npu6,
1782497949.998714,200,118.18986525759101,qwen15b-npu5,
1782497950.0202222,200,129.68650180846453,qwen15b-npu3,
1782497950.0244815,200,148.06245500221848,qwen15b-npu6,
1782497950.026593,200,131.017810665071,qwen15b-npu5,
1782497950.0342302,200,137.79375702142715,qwen15b-npu7,
1782497950.0355833,200,125.20902184769511,qwen15b-npu4,
1782497950.0361092,200,114.32390799745917,qwen15b-npu4,
1782497950.052756,200,136.50920800864697,qwen15b-npu5,
1782497950.0561252,200,139.4890476949513,qwen15b-npu6,
1782497950.0568862,200,128.6429949104786,qwen15b-npu6,
1782497950.0616086,200,124.78259904310107,qwen15b-npu7,
1782497950.0619893,200,124.84909873455763,qwen15b-npu7,
1782497950.0749886,200,134.14413202553988,qwen15b-npu3,
1782497950.0754445,200,137.17249315232038,qwen15b-npu3,
1782497950.0786908,200,114.86527184024453,qwen15b-npu5,
1782497950.0793939,200,138.8278529047966,qwen15b-npu5,
1782497950.0802257,200,122.94111680239439,qwen15b-npu5,
1782497950.0842168,200,121.27453600987792,qwen15b-npu4,
1782497950.085452,200,136.68857887387276,qwen15b-npu6,
1782497950.0859222,200,136.8306800723076,qwen15b-npu6,
1782497950.0892534,200,139.77733859792352,qwen15b-npu7,
1782497950.0894914,200,131.0285609215498,qwen15b-npu7,
1782497950.0898576,200,132.25815910845995,qwen15b-npu7,
1782497950.1039448,200,135.760763194412,qwen15b-npu3,
1782497950.1042619,200,146.1903229355812,qwen15b-npu3,
1782497950.1045136,200,131.38941302895546,qwen15b-npu5,
1782497950.1073487,200,119.82207512483001,qwen15b-npu4,
1782497950.107663,200,126.60364108160138,qwen15b-npu4,
1782497950.1141026,200,146.65354508906603,qwen15b-npu6,
1782497950.1148758,200,120.37855992093682,qwen15b-npu7,
1782497950.131159,200,104.50201202183962,qwen15b-npu4,
1782497950.1314635,200,138.30576976761222,qwen15b-npu5,
1782497950.1320996,200,139.2748667858541,qwen15b-npu3,
1782497950.1431394,200,118.58938820660114,qwen15b-npu7,
1782497950.1434572,200,144.67742294073105,qwen15b-npu6,
1782497950.1576762,200,122.02358013018966,qwen15b-npu5,
1782497950.1617577,200,141.47336082533002,qwen15b-npu3,
1782497950.1620142,200,127.70099891349673,qwen15b-npu3,
1782497950.1719456,200,135.77339239418507,qwen15b-npu6,
1782497950.1783304,200,116.62411410361528,qwen15b-npu4,
1782497950.1844926,200,128.29210283234715,qwen15b-npu5,
1782497950.19776,200,122.23868211731315,qwen15b-npu7,
1782497950.1980577,200,135.96628373488784,qwen15b-npu7,
1782497950.201479,200,144.51119164004922,qwen15b-npu6,
1782497950.2017336,200,148.86041125282645,qwen15b-npu6,
1782497950.2025826,200,123.71998094022274,qwen15b-npu4,
1782497950.213284,200,123.94752306863666,qwen15b-npu5,
1782497950.2138596,200,134.3605131842196,qwen15b-npu5,
1782497950.2142189,200,128.65362502634525,qwen15b-npu5,
1782497950.2197883,200,139.49799817055464,qwen15b-npu3,
1782497950.2200875,200,145.00312507152557,qwen15b-npu3,
1782497950.2203696,200,130.8074090629816,qwen15b-npu3,
1782497950.2285593,200,124.52377704903483,qwen15b-npu7,
1782497950.2288253,200,138.88936396688223,qwen15b-npu7,
1782497950.2315295,200,145.51288820803165,qwen15b-npu6,
1782497950.2317607,200,147.44330197572708,qwen15b-npu6,
1782497950.232408,200,128.0645513907075,qwen15b-npu6,
1782497950.2379546,200,123.74880211427808,qwen15b-npu5,
1782497950.2477376,200,143.15958321094513,qwen15b-npu3,
1782497950.2481225,200,133.17549601197243,qwen15b-npu3,
1782497950.2484026,200,140.9814371727407,qwen15b-npu3,
1782497950.2612035,200,153.4705711528659,qwen15b-npu7,
1782497950.2616985,200,130.17405476421118,qwen15b-npu7,
1782497950.2625916,200,119.3708828650415,qwen15b-npu4,
1782497950.266512,200,134.3481931835413,qwen15b-npu5,
1782497950.2667596,200,135.50143083557487,qwen15b-npu5,
1782497950.2817402,200,119.66238496825099,qwen15b-npu4,
1782497950.2820394,200,124.30262612178922,qwen15b-npu4,
1782497950.2835045,200,121.67459819465876,qwen15b-npu7,
1782497950.28862,200,145.09356580674648,qwen15b-npu6,
1782497950.3059554,200,133.94912984222174,qwen15b-npu4,
1782497950.306308,200,127.91985040530562,qwen15b-npu3,
1782497950.3173244,200,132.7256029471755,qwen15b-npu6,
1782497950.3339334,200,132.13187782093883,qwen15b-npu4,
1782497950.3342957,200,136.4576481282711,qwen15b-npu4,
1782497950.3345923,200,136.4712379872799,qwen15b-npu4,
1782497950.3349514,200,114.80390187352896,qwen15b-npu4,
1782497950.3355415,200,115.66880717873573,qwen15b-npu4,
1782497950.3366942,200,134.0475408360362,qwen15b-npu7,
1782497950.3446157,200,131.0802111402154,qwen15b-npu5,
1782497950.3449721,200,124.50552685186267,qwen15b-npu5,
1782497950.346376,200,132.43192015215755,qwen15b-npu6,
1782497950.3467233,200,145.1826961711049,qwen15b-npu6,
1782497950.354641,200,123.04693832993507,qwen15b-npu4,
1782497950.3624637,200,133.55873804539442,qwen15b-npu3,
1782497950.3628223,200,148.49311904981732,qwen15b-npu3,
1782497950.3631208,200,130.64798898994923,qwen15b-npu3,
1782497950.3646853,200,136.0603547655046,qwen15b-npu7,
1782497950.364927,200,133.10544472187757,qwen15b-npu7,
1782497950.3694704,200,121.61020701751113,qwen15b-npu5,
1782497950.3697085,200,121.22141476720572,qwen15b-npu5,
1782497950.374036,200,136.0230538994074,qwen15b-npu6,
1782497950.3746035,200,126.41281029209495,qwen15b-npu6,
1782497950.3800437,200,118.68824809789658,qwen15b-npu4,
1782497950.390501,200,123.6751819960773,qwen15b-npu3,
1782497950.3908737,200,128.17273056134582,qwen15b-npu3,
1782497950.3918583,200,130.07738487794995,qwen15b-npu7,
1782497950.3957658,200,129.1812378913164,qwen15b-npu5,
1782497950.4034245,200,121.31665600463748,qwen15b-npu4,
1782497950.427577,200,121.51464726775885,qwen15b-npu4,
1782497950.4305162,200,148.69975997135043,qwen15b-npu7,
1782497950.4428675,200,136.49260811507702,qwen15b-npu3,
1782497950.4444904,200,160.9098520129919,qwen15b-npu6,
1782497950.4451735,200,156.40739118680358,qwen15b-npu6,
1782497950.4518235,200,117.78026167303324,qwen15b-npu4,
1782497950.4527748,200,118.39650617912412,qwen15b-npu4,
1782497950.4698153,200,133.0189141444862,qwen15b-npu3,
1782497950.4715319,200,136.48555800318718,qwen15b-npu5,
1782497950.4717798,200,125.31125219538808,qwen15b-npu5,
1782497950.4726098,200,155.17360297963023,qwen15b-npu6,
1782497950.4729688,200,137.33785320073366,qwen15b-npu5,
1782497950.476547,200,113.33534214645624,qwen15b-npu4,
1782497950.4769125,200,107.37302200868726,qwen15b-npu4,
1782497950.48566,200,138.87049397453666,qwen15b-npu7,
1782497950.4866,200,151.88930090516806,qwen15b-npu7,
1782497950.4869246,200,142.2105161473155,qwen15b-npu7,
1782497950.4947183,200,120.05286663770676,qwen15b-npu5,
1782497950.4991336,200,144.40355077385902,qwen15b-npu3,
1782497950.499483,200,134.72919585183263,qwen15b-npu3,
1782497950.4997232,200,134.7241559997201,qwen15b-npu3,
1782497950.5016863,200,139.1059448942542,qwen15b-npu6,
1782497950.501997,200,156.96260519325733,qwen15b-npu6,
1782497950.5129728,200,138.87439295649529,qwen15b-npu7,
1782497950.5132086,200,150.31580114737153,qwen15b-npu7,
1782497950.5135522,200,143.77616718411446,qwen15b-npu7,
1782497950.5219936,200,131.03234069421887,qwen15b-npu5,
1782497950.5225651,200,131.94171665236354,qwen15b-npu5,
1782497950.52296,200,119.46006305515766,qwen15b-npu4,
1782497950.5311673,200,139.18436598032713,qwen15b-npu6,
1782497950.5318904,200,151.7293401993811,qwen15b-npu6,
1782497950.5525312,200,124.87562885507941,qwen15b-npu3,
1782497950.5607326,200,164.89468794316053,qwen15b-npu6,
1782497950.5640845,200,133.49834783002734,qwen15b-npu7,
1782497950.5643442,200,119.10110106691718,qwen15b-npu7,
1782497950.5695927,200,126.6537718474865,qwen15b-npu5,
1782497950.5723178,200,127.76178866624832,qwen15b-npu4,
1782497950.5729537,200,120.06504693999887,qwen15b-npu4,
1782497950.5892222,200,137.3333130031824,qwen15b-npu6,
1782497950.5900471,200,118.18294413387775,qwen15b-npu7,
1782497950.5954316,200,125.54592406377196,qwen15b-npu5,
1782497950.5957282,200,124.1280953399837,qwen15b-npu5,
1782497950.5966134,200,119.62579470127821,qwen15b-npu4,
1782497950.6085973,200,121.90756015479565,qwen15b-npu3,
1782497950.6088862,200,123.13542794436216,qwen15b-npu3,
1782497950.6092231,200,136.51682808995247,qwen15b-npu3,
1782497950.6169546,200,129.94042318314314,qwen15b-npu7,
1782497950.619261,200,146.15694293752313,qwen15b-npu6,
1782497950.6196594,200,142.98136113211513,qwen15b-npu6,
1782497950.620828,200,107.79041424393654,qwen15b-npu4,
1782497950.622933,200,120.84864173084497,qwen15b-npu5,
1782497950.62339,200,128.59771493822336,qwen15b-npu5,
1782497950.6243858,200,125.17095124348998,qwen15b-npu5,
1782497950.6371548,200,123.87418281286955,qwen15b-npu3,
1782497950.6374834,200,137.69357511773705,qwen15b-npu3,
1782497950.6383886,200,138.82713299244642,qwen15b-npu3,
1782497950.6459486,200,122.90235562250018,qwen15b-npu4,
1782497950.6463654,200,124.28692588582635,qwen15b-npu4,
1782497950.6496148,200,135.97712386399508,qwen15b-npu6,
1782497950.6499557,200,148.1780163012445,qwen15b-npu6,
1782497950.6688528,200,108.05819602683187,qwen15b-npu4,
1782497950.6725125,200,119.90731582045555,qwen15b-npu7,
1782497950.672807,200,141.57534204423428,qwen15b-npu7,
1782497950.6732495,200,141.26161998137832,qwen15b-npu7,
1782497950.6779635,200,155.31217399984598,qwen15b-npu6,
1782497950.6891234,200,124.97717142105103,qwen15b-npu3,
1782497950.6926954,200,123.04483819752932,qwen15b-npu4,
1782497950.6942713,200,121.89521873369813,qwen15b-npu5,
1782497950.6973126,200,132.89676420390606,qwen15b-npu7,
1782497950.7080162,200,134.98261757194996,qwen15b-npu6,
1782497950.7165008,200,120.98781391978264,qwen15b-npu3,
1782497950.717348,200,120.65882096067071,qwen15b-npu4,
1782497950.720331,200,111.35080782696605,qwen15b-npu5,
1782497950.7206533,200,131.35670311748981,qwen15b-npu5,
1782497950.721029,200,130.88444992899895,qwen15b-npu5,
1782497950.7247272,200,115.41893612593412,qwen15b-npu7,
1782497950.737453,200,141.63174200803041,qwen15b-npu6,
1782497950.7412853,200,121.53732683509588,qwen15b-npu4,
1782497950.743544,200,122.62880383059382,qwen15b-npu5,
1782497950.744889,200,136.2122753635049,qwen15b-npu3,
1782497950.7510703,200,127.60803801938891,qwen15b-npu7,
1782497950.7669277,200,128.42558417469263,qwen15b-npu4,
1782497950.7673712,200,121.31390580907464,qwen15b-npu4,
1782497950.768864,200,149.4665052741766,qwen15b-npu6,
1782497950.7691743,200,131.9268369115889,qwen15b-npu6,
1782497950.7701821,200,120.49015006050467,qwen15b-npu5,
1782497950.7707198,200,153.68365263566375,qwen15b-npu6,
1782497950.7724495,200,134.86408675089478,qwen15b-npu3,
1782497950.7727888,200,148.29613687470555,qwen15b-npu3,
1782497950.7736409,200,150.5642831325531,qwen15b-npu3,
1782497950.7789848,200,132.50292092561722,qwen15b-npu7,
1782497950.7796485,200,129.5822709798813,qwen15b-npu7,
1782497950.7946708,200,116.64227396249771,qwen15b-npu5,
1782497950.7949278,200,122.01636983081698,qwen15b-npu5,
1782497950.796539,200,127.5841980241239,qwen15b-npu6,
1782497950.7994542,200,126.09906774014235,qwen15b-npu3,
1782497950.8059645,200,133.37261695414782,qwen15b-npu7,
1782497950.8136604,200,124.46917686611414,qwen15b-npu4,
1782497950.8251646,200,132.4047902598977,qwen15b-npu6,
1782497950.8257644,200,128.38891334831715,qwen15b-npu6,
1782497950.8266845,200,132.35274935141206,qwen15b-npu3,
1782497950.8339903,200,125.90741598978639,qwen15b-npu7,
1782497950.8394783,200,118.719597812742,qwen15b-npu4,
1782497950.8401124,200,122.63629492372274,qwen15b-npu4,
1782497950.8450856,200,123.9446229301393,qwen15b-npu5,
1782497950.845478,200,120.6636717543006,qwen15b-npu5,
1782497950.861096,200,140.6703763641417,qwen15b-npu7,
1782497950.8614116,200,144.84636392444372,qwen15b-npu7,
1782497950.8629975,200,119.35249296948314,qwen15b-npu4,
1782497950.8632374,200,118.28300496563315,qwen15b-npu4,
1782497950.8687408,200,117.57519980892539,qwen15b-npu5,
1782497950.8815567,200,140.21305227652192,qwen15b-npu3,
1782497950.882313,200,144.79810278862715,qwen15b-npu3,
1782497950.8875673,200,115.01944391056895,qwen15b-npu4,
1782497950.8878143,200,114.1054667532444,qwen15b-npu4,
1782497950.894808,200,125.87019614875317,qwen15b-npu5,
1782497950.8950517,200,127.9722098261118,qwen15b-npu5,
1782497950.8955743,200,115.86339864879847,qwen15b-npu5,
1782497950.9115443,200,140.71015594527125,qwen15b-npu6,
1782497950.911881,200,132.8042927198112,qwen15b-npu3,
1782497950.9121726,200,139.31290712207556,qwen15b-npu3,
1782497950.9124284,200,144.98014468699694,qwen15b-npu6,
1782497950.912878,200,142.57166907191277,qwen15b-npu3,
1782497950.9145823,200,117.98354284837842,qwen15b-npu7,
1782497950.9148805,200,145.60058899223804,qwen15b-npu7,
1782497950.9154096,200,120.67571096122265,qwen15b-npu4,
1782497950.9189744,200,112.951900344342,qwen15b-npu5,
1782497950.9357998,200,140.81377675756812,qwen15b-npu3,
1782497950.9367208,200,122.97864723950624,qwen15b-npu4,
1782497950.9405746,200,141.0634578205645,qwen15b-npu7,
1782497950.9632437,200,136.49997720494866,qwen15b-npu3,
1782497950.9672015,200,133.100054692477,qwen15b-npu6,
1782497950.9677536,200,128.19570209831,qwen15b-npu5,
1782497950.9686425,200,123.06994805112481,qwen15b-npu5,
1782497950.9707866,200,144.95775429531932,qwen15b-npu7,
1782497950.9711416,200,130.87724009528756,qwen15b-npu7,
1782497950.9715097,200,146.28344308584929,qwen15b-npu7,
1782497950.9864032,200,123.34072915837169,qwen15b-npu4,
1782497950.9867313,200,125.25473209097981,qwen15b-npu4,
1782497950.9922178,200,123.41883918270469,qwen15b-npu3,
1782497950.9925306,200,131.34697312489152,qwen15b-npu3,
1782497950.9950604,200,149.87775683403015,qwen15b-npu6,
1782497950.9961987,200,132.8974631614983,qwen15b-npu7,
1782497951.0104678,200,115.33073475584388,qwen15b-npu4,
1782497951.017066,200,122.18717113137245,qwen15b-npu5,
1782497951.0182786,200,136.66207809001207,qwen15b-npu3,
1782497951.022279,200,134.40382294356823,qwen15b-npu7,
1782497951.0271218,200,139.47190809994936,qwen15b-npu6,
1782497951.0273955,200,144.9935850687325,qwen15b-npu6,
1782497951.0277421,200,132.10797775536776,qwen15b-npu6,
1782497951.0375423,200,125.88531617075205,qwen15b-npu4,
1782497951.0378485,200,123.1878180988133,qwen15b-npu4,
1782497951.0419497,200,129.38516028225422,qwen15b-npu5,
1782497951.0501077,200,131.04984117671847,qwen15b-npu7,
1782497951.0510375,200,139.07206524163485,qwen15b-npu7,
1782497951.05143,200,138.47731100395322,qwen15b-npu7,
1782497951.055805,200,143.57114490121603,qwen15b-npu6,
1782497951.0561244,200,140.61479503288865,qwen15b-npu6,
1782497951.0564568,200,141.51679072529078,qwen15b-npu6,
1782497951.0603268,200,119.68455463647842,qwen15b-npu4,
1782497951.0661721,200,129.37081884592772,qwen15b-npu5,
1782497951.0829034,200,147.038368973881,qwen15b-npu6,
1782497951.0912168,200,122.51629400998354,qwen15b-npu5,
1782497951.0915651,200,124.2826352827251,qwen15b-npu5,
1782497951.1028242,200,131.59955525770783,qwen15b-npu3,
1782497951.1031215,200,135.30556997284293,qwen15b-npu3,
1782497951.1035357,200,132.64462212100625,qwen15b-npu7,
1782497951.1104975,200,124.00987325236201,qwen15b-npu4,
1782497951.1107352,200,114.47444977238774,qwen15b-npu4,
1782497951.1109302,200,118.63508680835366,qwen15b-npu4,
1782497951.1130931,200,141.51701191440225,qwen15b-npu6,
1782497951.11332,200,150.01382818445563,qwen15b-npu6,
1782497951.1135347,200,126.71609176322818,qwen15b-npu6,
1782497951.116178,200,121.0162341594696,qwen15b-npu5,
1782497951.13358,200,140.97045781090856,qwen15b-npu7,
1782497951.1338408,200,123.29416908323765,qwen15b-npu7,
1782497951.134603,200,107.4026133865118,qwen15b-npu4,
1782497951.1401489,200,112.29889467358589,qwen15b-npu5,
1782497951.157887,200,130.4257670417428,qwen15b-npu3,
1782497951.1581511,200,120.20963802933693,qwen15b-npu3,
1782497951.1590211,200,117.00498731806874,qwen15b-npu4,
1782497951.165083,200,127.46309628710151,qwen15b-npu5,
1782497951.1705215,200,153.32753071561456,qwen15b-npu6,
1782497951.1707525,200,148.38570775464177,qwen15b-npu6,
1782497951.171014,200,152.66987588256598,qwen15b-npu6,
1782497951.1861546,200,130.25769591331482,qwen15b-npu7,
1782497951.187121,200,130.91091997921467,qwen15b-npu7,
1782497951.1875942,200,136.0727846622467,qwen15b-npu3,
1782497951.1880178,200,137.84434692934155,qwen15b-npu3,
1782497951.1883774,200,137.23476277664304,qwen15b-npu3,
1782497951.1898563,200,129.43744007498026,qwen15b-npu5,
1782497951.1981688,200,141.62899181246758,qwen15b-npu6,
1782497951.207164,200,124.17142372578382,qwen15b-npu4,
1782497951.2118285,200,120.16128795221448,qwen15b-npu7,
1782497951.2138295,200,122.5337740033865,qwen15b-npu3,
1782497951.214084,200,147.82893424853683,qwen15b-npu3,
1782497951.2150838,200,111.48227006196976,qwen15b-npu5,
1782497951.2261977,200,123.2898491434753,qwen15b-npu6,
1782497951.232351,200,121.55438680201769,qwen15b-npu4,
1782497951.2399848,200,126.38750998303294,qwen15b-npu7,
1782497951.240208,200,129.22193901613355,qwen15b-npu7,
1782497951.2404277,200,137.24501291289926,qwen15b-npu7,
1782497951.241943,200,125.70487475022674,qwen15b-npu3,
1782497951.2422342,200,131.66834507137537,qwen15b-npu3,
1782497951.2552235,200,142.0702557079494,qwen15b-npu6,
1782497951.2557166,200,142.3283568583429,qwen15b-npu6,
1782497951.258544,200,118.33489593118429,qwen15b-npu4,
1782497951.263543,200,128.86451603844762,qwen15b-npu5,
1782497951.2646413,200,130.71141904219985,qwen15b-npu7,
1782497951.28321,200,149.56260565668344,qwen15b-npu6,
1782497951.2834888,200,118.33324609324336,qwen15b-npu4,
1782497951.287907,200,129.9498430453241,qwen15b-npu5,
1782497951.291131,200,120.31392892822623,qwen15b-npu7,
1782497951.2965074,200,125.42814295738935,qwen15b-npu3,
1782497951.2967312,200,137.6185961998999,qwen15b-npu3,
1782497951.2974808,200,139.24379693344235,qwen15b-npu3,
1782497951.3072805,200,117.3649299889803,qwen15b-npu4,
1782497951.3143158,200,126.22668920084834,qwen15b-npu5,
1782497951.3145497,200,128.33186239004135,qwen15b-npu5,
1782497951.3149557,200,116.72838497906923,qwen15b-npu5,
1782497951.3157477,200,145.1634461991489,qwen15b-npu6,
1782497951.3164933,200,128.83357610553503,qwen15b-npu6,
1782497951.3167942,200,128.35426209494472,qwen15b-npu6,
1782497951.319881,200,132.6960320584476,qwen15b-npu7,
1782497951.3345747,200,120.6816709600389,qwen15b-npu4,
1782497951.3349342,200,119.77371480315924,qwen15b-npu4,
1782497951.3354952,200,128.27262189239264,qwen15b-npu4,
1782497951.3390803,200,127.18170508742332,qwen15b-npu5,
1782497951.3463626,200,132.2129094041884,qwen15b-npu7,
1782497951.3504121,200,124.15646389126778,qwen15b-npu3,
1782497951.3631587,200,130.75037859380245,qwen15b-npu5,
1782497951.3723502,200,131.86007691547275,qwen15b-npu6,
1782497951.3726425,200,132.36091984435916,qwen15b-npu6,
1782497951.3748372,200,132.81365297734737,qwen15b-npu7,
1782497951.3751752,200,119.39859297126532,qwen15b-npu7,
1782497951.3793952,200,137.07832107320428,qwen15b-npu3,
1782497951.379673,200,139.62810905650258,qwen15b-npu3,
1782497951.3842864,200,129.00474714115262,qwen15b-npu4,
1782497951.384516,200,120.89833291247487,qwen15b-npu4,
1782497951.3888323,200,124.13183506578207,qwen15b-npu5,
1782497951.400856,200,117.29206889867783,qwen15b-npu7,
1782497951.4019432,200,143.3158740401268,qwen15b-npu6,
1782497951.4091024,200,111.55604990199208,qwen15b-npu4,
1782497951.4093814,200,121.41431588679552,qwen15b-npu4,
1782497951.4140842,200,122.8915168903768,qwen15b-npu5,
1782497951.427157,200,119.81872515752912,qwen15b-npu7,
1782497951.43065,200,147.37555105239153,qwen15b-npu6,
1782497951.43129,200,134.49265388771892,qwen15b-npu6,
1782497951.431814,200,135.2445799857378,qwen15b-npu3,
1782497951.4328525,200,117.8336120210588,qwen15b-npu4,
1782497951.4409106,200,120.91538263484836,qwen15b-npu5,
1782497951.441252,200,124.67314768582582,qwen15b-npu5,
1782497951.4419246,200,126.11384829506278,qwen15b-npu5,
1782497951.4550643,200,140.45097399502993,qwen15b-npu7,
1782497951.4554644,200,120.77519204467535,qwen15b-npu7,
1782497951.4582553,200,143.87462800368667,qwen15b-npu6,
1782497951.4601126,200,124.55122685059905,qwen15b-npu4,
1782497951.460406,200,113.94576588645577,qwen15b-npu4,
1782497951.4610457,200,144.16701905429363,qwen15b-npu3,
1782497951.481263,200,118.02737275138497,qwen15b-npu7,
1782497951.4816577,200,142.4195277504623,qwen15b-npu7,
1782497951.4855776,200,150.57657193392515,qwen15b-npu6,
1782497951.488862,200,138.38300993666053,qwen15b-npu3,
1782497951.4928327,200,113.0987498909235,qwen15b-npu5,
1782497951.4931042,200,117.84366238862276,qwen15b-npu5,
1782497951.5111413,200,131.67782500386238,qwen15b-npu4,
1782497951.5164,200,127.50879721716046,qwen15b-npu6,
1782497951.516753,200,144.32547986507416,qwen15b-npu6,
1782497951.5183442,200,145.63632989302278,qwen15b-npu3,
1782497951.518663,200,143.71681679040194,qwen15b-npu3,
1782497951.519234,200,134.64650604873896,qwen15b-npu3,
1782497951.5195708,200,135.22082893177867,qwen15b-npu3,
1782497951.5330102,200,131.00740080699325,qwen15b-npu7,
1782497951.5333369,200,123.88483295217156,qwen15b-npu7,
1782497951.537622,200,123.47730994224548,qwen15b-npu4,
1782497951.5379171,200,128.74965509399772,qwen15b-npu4,
1782497951.5412338,200,114.01762627065182,qwen15b-npu5,
1782497951.5432866,200,142.3524273559451,qwen15b-npu3,
1782497951.558618,200,116.62367358803749,qwen15b-npu7,
1782497951.561291,200,120.28187792748213,qwen15b-npu4,
1782497951.5680695,200,137.34668400138617,qwen15b-npu5,
1782497951.5684183,200,112.87852935492992,qwen15b-npu5,
1782497951.5687473,200,137.33267271891236,qwen15b-npu5,
1782497951.5709307,200,138.0132376216352,qwen15b-npu6,
1782497951.5715253,200,139.61319904774427,qwen15b-npu6,
1782497951.5730805,200,131.75690593197942,qwen15b-npu3,
1782497951.5853071,200,130.09659526869655,qwen15b-npu7,
1782497951.5864506,200,125.34605199471116,qwen15b-npu4,
1782497951.592718,200,111.34468903765082,qwen15b-npu5,
1782497951.5930593,200,134.73784597590566,qwen15b-npu5,
1782497951.5974493,200,136.97599107399583,qwen15b-npu6,
1782497951.5986142,200,138.402349781245,qwen15b-npu3,
1782497951.611396,200,118.23004484176636,qwen15b-npu7,
1782497951.61641,200,127.44670687243342,qwen15b-npu5,
1782497951.6325417,200,146.87240682542324,qwen15b-npu6,
1782497951.633449,200,151.68657898902893,qwen15b-npu3,
1782497951.6337507,200,140.85384737700224,qwen15b-npu6,
1782497951.6368468,200,117.20407800748944,qwen15b-npu7,
1782497951.6372836,200,120.78562192618847,qwen15b-npu4,
1782497951.637655,200,118.35451610386372,qwen15b-npu4,
1782497951.642749,200,124.3039257824421,qwen15b-npu5,
1782497951.655209,200,143.96480796858668,qwen15b-npu6,
1782497951.6565828,200,139.75892029702663,qwen15b-npu3,
1782497951.6575353,200,138.80010321736336,qwen15b-npu3,
1782497951.6578531,200,124.75415831431746,qwen15b-npu3,
1782497951.6597383,200,126.31937908008695,qwen15b-npu4,
1782497951.664144,200,126.16372806951404,qwen15b-npu7,
1782497951.6648364,200,127.13957391679287,qwen15b-npu7,
1782497951.6670709,200,125.76736509799957,qwen15b-npu5,
1782497951.684099,200,140.7486260868609,qwen15b-npu6,
1782497951.6845496,200,123.19238809868693,qwen15b-npu4,
1782497951.69167,200,120.07609708234668,qwen15b-npu5,
1782497951.7096093,200,124.20928478240967,qwen15b-npu4,
1782497951.7116303,200,138.4530607610941,qwen15b-npu3,
1782497951.712663,200,144.17941868305206,qwen15b-npu3,
1782497951.7130039,200,144.8244429193437,qwen15b-npu3,
1782497951.7147043,200,156.01604897528887,qwen15b-npu6,
1782497951.7149856,200,143.98364815860987,qwen15b-npu6,
1782497951.7153475,200,146.52438508346677,qwen15b-npu6,
1782497951.7202613,200,133.74053919687867,qwen15b-npu7,
1782497951.720629,200,123.08119842782617,qwen15b-npu7,
1782497951.7209978,200,128.18642193451524,qwen15b-npu7,
1782497951.7212775,200,128.14254174008965,qwen15b-npu7,
1782497951.7406049,200,129.143247846514,qwen15b-npu6,
1782497951.74098,200,142.29439571499825,qwen15b-npu6,
1782497951.7418947,200,125.4146141000092,qwen15b-npu5,
1782497951.7596288,200,125.81138592213392,qwen15b-npu4,
1782497951.7604465,200,123.45479987561703,qwen15b-npu4,
1782497951.7710018,200,133.58422834426165,qwen15b-npu5,
1782497951.7714145,200,137.8939370624721,qwen15b-npu5,
1782497951.7721782,200,139.54128790646791,qwen15b-npu7,
1782497951.7733166,200,135.57248190045357,qwen15b-npu7,
1782497951.7737002,200,130.85757894441485,qwen15b-npu5,
1782497951.7740104,200,116.09537014737725,qwen15b-npu5,
1782497951.7845743,200,126.94111280143261,qwen15b-npu4,
1782497951.785221,200,120.97161402925849,qwen15b-npu4,
1782497951.785465,200,130.18239475786686,qwen15b-npu4,
1782497951.795008,200,135.2016287855804,qwen15b-npu6,
1782497951.8044043,200,137.22197292372584,qwen15b-npu3,
1782497951.8051517,200,148.45707779750228,qwen15b-npu3,
1782497951.805671,200,140.76128602027893,qwen15b-npu3,
1782497951.8184464,200,133.83188983425498,qwen15b-npu5,
1782497951.8222637,200,130.531988106668,qwen15b-npu7,
1782497951.82929,200,145.08600533008575,qwen15b-npu3,
1782497951.8333166,200,112.24597413092852,qwen15b-npu4,
1782497951.8336797,200,118.2331652380526,qwen15b-npu4,
1782497951.8445716,200,131.50456408038735,qwen15b-npu5,
1782497951.8449814,200,133.24963580816984,qwen15b-npu5,
1782497951.8510885,200,136.01495465263724,qwen15b-npu7,
1782497951.851876,200,139.1061251051724,qwen15b-npu7,
1782497951.8525,200,131.75469636917114,qwen15b-npu6,
1782497951.852893,200,131.49760430678725,qwen15b-npu6,
1782497951.8543231,200,144.65110236778855,qwen15b-npu6,
1782497951.858188,200,143.4091841802001,qwen15b-npu3,
1782497951.8584645,200,117.7487806417048,qwen15b-npu4,
1782497951.858817,200,138.44408094882965,qwen15b-npu3,
1782497951.8692753,200,127.28806585073471,qwen15b-npu5,
1782497951.8803697,200,139.26585670560598,qwen15b-npu6,
1782497951.8844483,200,124.72057901322842,qwen15b-npu3,
1782497951.8945963,200,134.07778088003397,qwen15b-npu5,
1782497951.9045112,200,132.98308430239558,qwen15b-npu7,
1782497951.906305,200,132.8905439004302,qwen15b-npu4,
1782497951.907322,200,133.23477609083056,qwen15b-npu4,
1782497951.9076595,200,122.95029731467366,qwen15b-npu4,
1782497951.9095643,200,124.28121594712138,qwen15b-npu6,
1782497951.9098785,200,138.73824290931225,qwen15b-npu6,
1782497951.9103653,200,136.55957812443376,qwen15b-npu6,
1782497951.9125519,200,140.28043299913406,qwen15b-npu3,
1782497951.9128714,200,127.33375607058406,qwen15b-npu3,
1782497951.91995,200,114.16609771549702,qwen15b-npu5,
1782497951.9294083,200,107.07582021132112,qwen15b-npu4,
1782497951.931588,200,126.27388909459114,qwen15b-npu7,
1782497951.935808,200,131.27268198877573,qwen15b-npu6,
1782497951.9394999,200,144.3407000042498,qwen15b-npu3,
1782497951.9447389,200,111.30503797903657,qwen15b-npu5,
1782497951.9603689,200,141.84848312288523,qwen15b-npu7,
1782497951.9610453,200,127.30429600924253,qwen15b-npu7,
1782497951.9613721,200,132.01171718537807,qwen15b-npu7,
1782497951.9694123,200,124.30720590054989,qwen15b-npu3,
1782497951.9713943,200,118.39560698717833,qwen15b-npu5,
1782497951.9717143,200,112.76569915935397,qwen15b-npu5,
1782497951.9725916,200,127.90393037721515,qwen15b-npu5,
1782497951.9783752,200,120.1133169233799,qwen15b-npu4,
1782497951.979521,200,126.9068131223321,qwen15b-npu4,
1782497951.986305,200,134.3502840027213,qwen15b-npu7,
1782497951.9926887,200,138.25240032747388,qwen15b-npu6,
1782497951.9930046,200,123.65062208846211,qwen15b-npu6,
1782497951.9950764,200,136.5151279605925,qwen15b-npu3,
1782497951.9954362,200,144.22112982720137,qwen15b-npu3,
1782497952.0026903,200,118.14609402790666,qwen15b-npu4,
1782497952.0140676,200,119.40294178202748,qwen15b-npu7,
1782497952.0192816,200,138.82207311689854,qwen15b-npu6,
1782497952.0200655,200,113.66538377478719,qwen15b-npu5,
1782497952.0269425,200,106.90512880682945,qwen15b-npu4,
1782497952.0438905,200,130.91124966740608,qwen15b-npu7,
1782497952.04427,200,136.84553001075983,qwen15b-npu7,
1782497952.045029,200,132.38498102873564,qwen15b-npu5,
1782497952.048104,200,138.4550309740007,qwen15b-npu6,
1782497952.0484471,200,140.7073764130473,qwen15b-npu6,
1782497952.048844,200,138.36955977603793,qwen15b-npu6,
1782497952.0523052,200,142.3118058592081,qwen15b-npu3,
1782497952.0527368,200,148.10418523848057,qwen15b-npu3,
1782497952.053749,200,122.0940612256527,qwen15b-npu4,
1782497952.0546381,200,118.76439768821001,qwen15b-npu4,
1782497952.0725977,200,127.79525900259614,qwen15b-npu5,
1782497952.0732286,200,112.08567302674055,qwen15b-npu5,
1782497952.0736105,200,134.01279132813215,qwen15b-npu5,
1782497952.0751758,200,145.70486918091774,qwen15b-npu6,
1782497952.0952568,200,115.6389070674777,qwen15b-npu5,
1782497952.101586,200,141.0999489016831,qwen15b-npu7,
1782497952.1020463,200,132.55118113011122,qwen15b-npu7,
1782497952.1036334,200,110.86301598697901,qwen15b-npu4,
1782497952.1039248,200,117.51445103436708,qwen15b-npu4,
1782497952.1043518,200,131.65478501468897,qwen15b-npu4,
1782497952.106833,200,145.35977691411972,qwen15b-npu3,
1782497952.1075132,200,136.02067483589053,qwen15b-npu3,
1782497952.107825,200,136.0483248718083,qwen15b-npu3,
1782497952.1203363,200,124.83156938105822,qwen15b-npu5,
1782497952.1255872,200,122.81510606408119,qwen15b-npu4,
1782497952.1289783,200,133.77136876806617,qwen15b-npu7,
1782497952.129873,200,151.42701799049973,qwen15b-npu7,
1782497952.1306899,200,137.62318529188633,qwen15b-npu6,
1782497952.1501687,200,123.15308768302202,qwen15b-npu4,
1782497952.1561682,200,136.02836476638913,qwen15b-npu7,
1782497952.1573315,200,143.17676285281777,qwen15b-npu6,
1782497952.1576073,200,138.24248919263482,qwen15b-npu3,
1782497952.1713657,200,127.0283437334001,qwen15b-npu5,
1782497952.1719599,200,126.81111320853233,qwen15b-npu5,
1782497952.1741946,200,125.24303188547492,qwen15b-npu4,
1782497952.1841507,200,129.41151997074485,qwen15b-npu7,
1782497952.184512,200,140.51225408911705,qwen15b-npu7,
1782497952.1868942,200,134.48704360052943,qwen15b-npu3,
1782497952.1872313,200,133.3332071080804,qwen15b-npu6,
1782497952.1877122,200,139.14822600781918,qwen15b-npu3,
1782497952.1881304,200,139.92558093741536,qwen15b-npu6,
1782497952.1886384,200,135.83075301721692,qwen15b-npu3,
1782497952.1970623,200,123.39426996186376,qwen15b-npu5,
1782497952.198437,200,125.08955085650086,qwen15b-npu4,
1782497952.2104096,200,135.14277804642916,qwen15b-npu7,
1782497952.211431,200,138.72648216784,qwen15b-npu3,
1782497952.2230384,200,121.32220482453704,qwen15b-npu5,
1782497952.2242036,200,116.60157423466444,qwen15b-npu4,
1782497952.224519,200,120.45984994620085,qwen15b-npu4,
1782497952.2412496,200,120.81723194569349,qwen15b-npu7,
1782497952.2439895,200,137.04044092446566,qwen15b-npu6,
1782497952.2442744,200,139.80280002579093,qwen15b-npu6,
1782497952.2445242,200,140.8223072066903,qwen15b-npu7,
1782497952.2452812,200,149.95143795385957,qwen15b-npu6,
1782497952.2538884,200,123.12998808920383,qwen15b-npu4,
1782497952.255373,200,147.41294085979462,qwen15b-npu3,
1782497952.2559648,200,153.81068410351872,qwen15b-npu3,
1782497952.2569127,200,126.91094307228923,qwen15b-npu5,
1782497952.2758484,200,118.11497388407588,qwen15b-npu4,
1782497952.2765014,200,119.10193087533116,qwen15b-npu4,
1782497952.2767613,200,151.10740577802062,qwen15b-npu6,
1782497952.2821631,200,153.11856009066105,qwen15b-npu3,
1782497952.2998686,200,111.116087064147,qwen15b-npu4,
1782497952.3023016,200,128.04131070151925,qwen15b-npu5,
1782497952.3025591,200,117.92528303340077,qwen15b-npu5,
1782497952.3036535,200,116.27446115016937,qwen15b-npu5,
1782497952.3045115,200,148.2722470536828,qwen15b-npu6,
1782497952.3056839,200,134.21411160379648,qwen15b-npu7,
1782497952.3060462,200,155.77677730470896,qwen15b-npu7,
1782497952.3089266,200,136.9025306776166,qwen15b-npu3,
1782497952.3264875,200,129.32490976527333,qwen15b-npu5,
1782497952.3329177,200,148.68181012570858,qwen15b-npu6,
1782497952.3338478,200,146.01890090852976,qwen15b-npu6,
1782497952.3349292,200,146.6757166199386,qwen15b-npu7,
1782497952.338615,200,140.1113122701645,qwen15b-npu3,
1782497952.3389826,200,152.0055322907865,qwen15b-npu3,
1782497952.3490312,200,124.3875059299171,qwen15b-npu4,
1782497952.3514307,200,127.14106496423483,qwen15b-npu5,
1782497952.362152,200,150.60588298365474,qwen15b-npu6,
1782497952.3629909,200,152.51151472330093,qwen15b-npu7,
1782497952.3641808,200,141.00512815639377,qwen15b-npu3,
1782497952.3773394,200,133.2705058157444,qwen15b-npu5,
1782497952.3777196,200,133.37638601660728,qwen15b-npu5,
1782497952.3900506,200,133.96708015352488,qwen15b-npu6,
1782497952.3903396,200,144.97037511318922,qwen15b-npu6,
1782497952.3927362,200,138.76944314688444,qwen15b-npu7,
1782497952.3937724,200,136.7876990698278,qwen15b-npu3,
1782497952.3940265,200,138.53820133954287,qwen15b-npu3,
1782497952.3945792,200,153.2232202589512,qwen15b-npu7,
1782497952.3948529,200,150.2529801800847,qwen15b-npu7,
1782497952.3999867,200,123.40959021821618,qwen15b-npu4,
1782497952.4007025,200,124.76125918328762,qwen15b-npu4,
1782497952.4034798,200,121.24921567738056,qwen15b-npu5,
1782497952.4208112,200,143.9776080660522,qwen15b-npu3,
1782497952.421627,200,119.252341799438,qwen15b-npu4,
1782497952.421927,200,115.80746900290251,qwen15b-npu4,
1782497952.4270031,200,122.3930031992495,qwen15b-npu5,
1782497952.44446,200,141.8326641432941,qwen15b-npu6,
1782497952.4448242,200,141.0408979281783,qwen15b-npu6,
1782497952.4477127,200,138.7207629159093,qwen15b-npu3,
1782497952.4483914,200,142.6399191841483,qwen15b-npu7,
1782497952.4487345,200,148.7850910052657,qwen15b-npu7,
1782497952.4520714,200,125.50410395488143,qwen15b-npu5,
1782497952.4763904,200,137.31971383094788,qwen15b-npu6,
1782497952.4767582,200,142.81173003837466,qwen15b-npu7,
1782497952.4770775,200,125.53533399477601,qwen15b-npu3,
1782497952.4774146,200,128.27966315671802,qwen15b-npu6,
1782497952.4780312,200,145.0377949513495,qwen15b-npu3,
1782497952.4789124,200,143.90296814963222,qwen15b-npu3,
1782497952.4792128,200,116.12841114401817,qwen15b-npu5,
1782497952.479545,200,140.8015969209373,qwen15b-npu7,
1782497952.5006473,200,122.83320631831884,qwen15b-npu3,
1782497952.5028725,200,125.43151387944818,qwen15b-npu6,
1782497952.5031433,200,138.90381390228868,qwen15b-npu7,
1782497952.503843,200,141.58729184418917,qwen15b-npu6,
1782497952.5045066,200,114.35882886871696,qwen15b-npu5,
1782497952.5163398,200,122.24813224747777,qwen15b-npu4,
1782497952.5170116,200,122.08363087847829,qwen15b-npu4,
1782497952.5175617,200,124.75879769772291,qwen15b-npu4,
1782497952.5177798,200,123.93599329516292,qwen15b-npu4,
1782497952.5184581,200,128.04659083485603,qwen15b-npu4,
1782497952.528777,200,134.13513218984008,qwen15b-npu5,
1782497952.5297737,200,129.69701178371906,qwen15b-npu3,
1782497952.5300117,200,129.2284489609301,qwen15b-npu3,
1782497952.530947,200,127.4013458751142,qwen15b-npu7,
1782497952.5384648,200,111.3760587759316,qwen15b-npu4,
1782497952.5391433,200,118.26242599636316,qwen15b-npu4,
1782497952.555687,200,133.98648099973798,qwen15b-npu3,
1782497952.558619,200,136.60218939185143,qwen15b-npu7,
1782497952.5621936,200,110.0508701056242,qwen15b-npu4,
1782497952.5801182,200,135.1661686785519,qwen15b-npu5,
1782497952.5805228,200,132.70949199795723,qwen15b-npu5,
1782497952.5866735,200,138.21206893771887,qwen15b-npu6,
1782497952.5869193,200,138.11560906469822,qwen15b-npu6,
1782497952.5872,200,109.07755419611931,qwen15b-npu4,
1782497952.5874429,200,142.9072800092399,qwen15b-npu6,
1782497952.6061707,200,126.54366064816713,qwen15b-npu5,
1782497952.606726,200,127.43749702349305,qwen15b-npu5,
1782497952.6069534,200,130.444698035717,qwen15b-npu5,
1782497952.6090393,200,132.1956291794777,qwen15b-npu3,
1782497952.6098623,200,130.87838981300592,qwen15b-npu3,
1782497952.6101227,200,105.51870986819267,qwen15b-npu4,
1782497952.614995,200,137.4865947291255,qwen15b-npu7,
1782497952.6156,200,138.42093059793115,qwen15b-npu7,
1782497952.6344268,200,131.48002419620752,qwen15b-npu5,
1782497952.6354818,200,105.63787026330829,qwen15b-npu4,
1782497952.6366858,200,119.59880404174328,qwen15b-npu3,
1782497952.6369445,200,133.73111933469772,qwen15b-npu3,
1782497952.643196,200,139.2758758738637,qwen15b-npu7,
1782497952.6436071,200,125.75487606227398,qwen15b-npu7,
1782497952.6440136,200,126.38480961322784,qwen15b-npu7,
1782497952.6453135,200,128.8898759521544,qwen15b-npu6,
1782497952.6456587,200,144.9417951516807,qwen15b-npu6,
1782497952.6459825,200,127.45561730116606,qwen15b-npu6,
1782497952.6560168,200,117.48556979000568,qwen15b-npu5,
1782497952.6564991,200,117.26855905726552,qwen15b-npu5,
1782497952.6685088,200,137.50166399404407,qwen15b-npu7,
1782497952.6724236,200,142.34333718195558,qwen15b-npu6,
1782497952.6727803,200,143.91562761738896,qwen15b-npu6,
1782497952.6811664,200,118.90645930543542,qwen15b-npu5,
1782497952.6900666,200,134.30614303797483,qwen15b-npu3,
1782497952.6956155,200,136.93780126050115,qwen15b-npu7,
1782497952.705651,200,118.65152791142464,qwen15b-npu5,
1782497952.7064307,200,118.91765892505646,qwen15b-npu4,
1782497952.7185187,200,131.25140313059092,qwen15b-npu3,
1782497952.718835,200,138.6008420959115,qwen15b-npu3,
1782497952.7228057,200,142.19528576359153,qwen15b-npu7,
1782497952.7268279,200,140.08618099614978,qwen15b-npu6,
1782497952.7303832,200,120.45089900493622,qwen15b-npu4,
1782497952.7320275,200,122.9145061224699,qwen15b-npu5,
1782497952.7327278,200,125.69968495517969,qwen15b-npu5,
1782497952.7456753,200,139.4096571020782,qwen15b-npu3,
1782497952.7460415,200,130.3711966611445,qwen15b-npu3,
1782497952.7512763,200,141.07321901246905,qwen15b-npu7,
1782497952.7517006,200,144.91444500163198,qwen15b-npu7,
1782497952.755782,200,110.02493975684047,qwen15b-npu4,
1782497952.756344,200,119.58580417558551,qwen15b-npu4,
1782497952.756616,200,141.5450619533658,qwen15b-npu6,
1782497952.7572944,200,113.54092275723815,qwen15b-npu4,
1782497952.7725685,200,136.97019079700112,qwen15b-npu3,
1782497952.7775426,200,105.02164624631405,qwen15b-npu4,
1782497952.7791703,200,135.0729581899941,qwen15b-npu7,
1782497952.7800126,200,143.0004807189107,qwen15b-npu7,
1782497952.7837484,200,137.66966527327895,qwen15b-npu5,
1782497952.784537,200,139.13826504722238,qwen15b-npu5,
1782497952.7869701,200,143.6728062108159,qwen15b-npu6,
1782497952.7872918,200,131.13870192319155,qwen15b-npu6,
1782497952.7875724,200,131.00703107193112,qwen15b-npu6,
1782497952.7878327,200,153.30810099840164,qwen15b-npu6,
1782497952.8016045,200,133.0265337601304,qwen15b-npu3,
1782497952.8019476,200,111.82234110310674,qwen15b-npu4,
1782497952.8072383,200,134.3896030448377,qwen15b-npu5,
1782497952.8133774,200,132.1460478939116,qwen15b-npu6,
1782497952.8290222,200,133.34750663489103,qwen15b-npu3,
1782497952.833348,200,126.81750301271677,qwen15b-npu7,
1782497952.8340454,200,128.33555275574327,qwen15b-npu7,
1782497952.8351085,200,116.47143308073282,qwen15b-npu5,
1782497952.8482332,200,115.42459577322006,qwen15b-npu4,
1782497952.8485491,200,121.63613829761744,qwen15b-npu4,
1782497952.8572946,200,125.1927618868649,qwen15b-npu3,
1782497952.8575747,200,138.68024200201035,qwen15b-npu3,
1782497952.8589218,200,128.45404399558902,qwen15b-npu7,
1782497952.8613744,200,115.20154494792223,qwen15b-npu5,
1782497952.8694482,200,123.68072057142854,qwen15b-npu6,
1782497952.8698094,200,146.93916821852326,qwen15b-npu6,
1782497952.8842597,200,132.46549107134342,qwen15b-npu3,
1782497952.8869262,200,131.04813126847148,qwen15b-npu5,
1782497952.8878396,200,131.423553917557,qwen15b-npu5,
1782497952.88813,200,136.7122191004455,qwen15b-npu7,
1782497952.8884556,200,131.08663074672222,qwen15b-npu7,
1782497952.898006,200,110.64450442790985,qwen15b-npu4,
1782497952.898323,200,111.25785810872912,qwen15b-npu4,
1782497952.8986707,200,118.5905677266419,qwen15b-npu4,
1782497952.9000113,200,115.36838579922915,qwen15b-npu4,
1782497952.900561,200,143.88154679909348,qwen15b-npu6,
1782497952.9009318,200,128.27572226524353,qwen15b-npu6,
1782497952.9110641,200,131.77004596218467,qwen15b-npu5,
1782497952.9126863,200,135.0525775924325,qwen15b-npu3,
1782497952.913016,200,125.36761304363608,qwen15b-npu3,
1782497952.9247642,200,136.8625401519239,qwen15b-npu6,
1782497952.925114,200,141.26119995489717,qwen15b-npu6,
1782497952.936877,200,123.44036996364594,qwen15b-npu5,
1782497952.9371562,200,135.43404079973698,qwen15b-npu5,
1782497952.9389348,200,136.9273802265525,qwen15b-npu3,
1782497952.9505882,200,143.28914368525147,qwen15b-npu6,
1782497952.966036,200,132.6195620931685,qwen15b-npu3,
1782497952.9680445,200,133.90298979356885,qwen15b-npu7,
1782497952.9683886,200,139.25043726339936,qwen15b-npu7,
1782497952.9687634,200,120.45839987695217,qwen15b-npu4,
1782497952.9691293,200,120.5131602473557,qwen15b-npu4,
1782497952.977549,200,142.36807683482766,qwen15b-npu6,
1782497952.986333,200,128.6938050761819,qwen15b-npu5,
1782497952.9904337,200,120.51927112042904,qwen15b-npu4,
1782497952.9939992,200,135.01614797860384,qwen15b-npu3,
1782497952.9953115,200,137.9460683092475,qwen15b-npu7,
1782497952.9958382,200,126.2965090572834,qwen15b-npu7,
1782497953.0044055,200,142.9301812313497,qwen15b-npu6,
1782497953.0131733,200,124.6269578114152,qwen15b-npu5,
1782497953.0134876,200,113.34247188642621,qwen15b-npu5,
1782497953.0137591,200,125.83603570237756,qwen15b-npu5,
1782497953.0158038,200,128.77116492018104,qwen15b-npu4,
1782497953.0161521,200,117.38563003018498,qwen15b-npu4,
1782497953.0210316,200,136.6912191733718,qwen15b-npu7,
1782497953.0213768,200,133.1767258234322,qwen15b-npu7,
1782497953.023251,200,125.14639087021351,qwen15b-npu3,
1782497953.0235882,200,122.5461340509355,qwen15b-npu3,
1782497953.0239978,200,123.36122896522284,qwen15b-npu3,
1782497953.0323632,200,121.21155485510826,qwen15b-npu6,
1782497953.0326838,200,134.2552429996431,qwen15b-npu6,
1782497953.0386155,200,125.51121367141604,qwen15b-npu4,
1782497953.047914,200,122.71378515288234,qwen15b-npu7,
1782497953.0481517,200,135.38007996976376,qwen15b-npu7,
1782497953.0595737,200,134.70088597387075,qwen15b-npu6,
1782497953.0606053,200,123.65960096940398,qwen15b-npu5,
1782497953.0630012,200,123.98701393976808,qwen15b-npu4,
1782497953.073531,200,122.88260599598289,qwen15b-npu3,
1782497953.074602,200,137.37743394449353,qwen15b-npu7,
1782497953.0871363,200,121.03986367583275,qwen15b-npu5,
1782497953.087478,200,118.9779401756823,qwen15b-npu5,
1782497953.0886638,200,119.78261498734355,qwen15b-npu6,
1782497953.1002038,200,132.059708237648,qwen15b-npu3,
1782497953.1011899,200,131.97059696540236,qwen15b-npu7,
1782497953.1118672,200,117.77224205434322,qwen15b-npu5,
1782497953.1124072,200,107.91765619069338,qwen15b-npu4,
1782497953.1126685,200,126.26433931291103,qwen15b-npu4,
1782497953.1129513,200,117.03737592324615,qwen15b-npu4,
1782497953.118392,200,140.75917610898614,qwen15b-npu6,
1782497953.1298134,200,134.3788136728108,qwen15b-npu7,
1782497953.130109,200,139.57189908251166,qwen15b-npu7,
1782497953.1378725,200,124.32093592360616,qwen15b-npu5,
1782497953.1381671,200,117.03135725110769,qwen15b-npu5,
1782497953.147148,200,130.92473009601235,qwen15b-npu6,
1782497953.1478522,200,126.37967010959983,qwen15b-npu6,
1782497953.1537905,200,121.34288577362895,qwen15b-npu3,
1782497953.154041,200,140.18485276028514,qwen15b-npu3,
1782497953.1542785,200,138.37306015193462,qwen15b-npu3,
1782497953.1545432,200,141.27252995967865,qwen15b-npu3,
1782497953.1571236,200,133.4488270804286,qwen15b-npu7,
1782497953.1573806,200,133.28698556870222,qwen15b-npu7,
1782497953.157676,200,124.89959970116615,qwen15b-npu7,
1782497953.1784234,200,139.73861979320645,qwen15b-npu6,
1782497953.1787105,200,155.3591350093484,qwen15b-npu6,
1782497953.1790304,200,130.8092400431633,qwen15b-npu3,
1782497953.1793494,200,131.3668331131339,qwen15b-npu3,
1782497953.1827052,200,122.01493978500366,qwen15b-npu7,
1782497953.1834419,200,123.79837222397327,qwen15b-npu4,
1782497953.1838045,200,109.14025362581015,qwen15b-npu4,
1782497953.188141,200,114.5490100607276,qwen15b-npu5,
1782497953.188414,200,125.34438306465745,qwen15b-npu5,
1782497953.2073605,200,118.63731732591987,qwen15b-npu4,
1782497953.2079818,200,120.76423177495599,qwen15b-npu4,
1782497953.2118819,200,111.61944083869457,qwen15b-npu5,
1782497953.2284508,200,127.19670496881008,qwen15b-npu3,
1782497953.2304668,200,118.5275069437921,qwen15b-npu4,
1782497953.2322583,200,144.70483269542456,qwen15b-npu6,
1782497953.2366107,200,123.58599109575152,qwen15b-npu7,
1782497953.2368703,200,118.41154703870416,qwen15b-npu7,
1782497953.2374878,200,125.01710094511509,qwen15b-npu5,
1782497953.254035,200,116.09232099726796,qwen15b-npu4,
1782497953.254775,200,116.50086333975196,qwen15b-npu3,
1782497953.2602506,200,147.50699186697602,qwen15b-npu6,
1782497953.260767,200,130.8750701136887,qwen15b-npu6,
1782497953.2631152,200,132.92543403804302,qwen15b-npu5,
1782497953.2791905,200,125.08588097989559,qwen15b-npu4,
1782497953.2794318,200,125.57290541008115,qwen15b-npu4,
1782497953.2810035,200,123.25089797377586,qwen15b-npu4,
1782497953.2812634,200,126.65275065228343,qwen15b-npu3,
1782497953.281565,200,134.34164272621274,qwen15b-npu3,
1782497953.2873297,200,139.3986870534718,qwen15b-npu6,
1782497953.2879257,200,130.72097906842828,qwen15b-npu5,
1782497953.290272,200,132.82837299630046,qwen15b-npu7,
1782497953.2905493,200,136.19632506743073,qwen15b-npu7,
1782497953.3014777,200,113.27284201979637,qwen15b-npu4,
1782497953.3062735,200,127.17742472887039,qwen15b-npu3,
1782497953.3154216,200,126.93197373300791,qwen15b-npu5,
1782497953.3158636,200,132.34506966546178,qwen15b-npu5,
1782497953.3162057,200,137.41166377440095,qwen15b-npu5,
1782497953.317573,200,134.7390660084784,qwen15b-npu7,
1782497953.318447,200,139.93953121826053,qwen15b-npu6,
1782497953.318885,200,134.99189773574471,qwen15b-npu6,
1782497953.319357,200,139.92739096283913,qwen15b-npu6,
1782497953.3251982,200,117.76012135669589,qwen15b-npu4,
1782497953.332475,200,124.41799603402615,qwen15b-npu3,
1782497953.3405092,200,128.56190418824553,qwen15b-npu5,
1782497953.3591642,200,128.6323252134025,qwen15b-npu3,
1782497953.3595624,200,122.88000574335456,qwen15b-npu3,
1782497953.3661287,200,128.57511499896646,qwen15b-npu5,
1782497953.3712003,200,138.88313388451934,qwen15b-npu7,
1782497953.3714538,200,134.5055941492319,qwen15b-npu7,
1782497953.3717282,200,143.21609307080507,qwen15b-npu6,
1782497953.3734634,200,112.6284571364522,qwen15b-npu4,
1782497953.3738232,200,119.72704529762268,qwen15b-npu4,
1782497953.3840992,200,120.9120131097734,qwen15b-npu3,
1782497953.3957179,200,116.4615429006517,qwen15b-npu4,
1782497953.3982275,200,118.72879788279533,qwen15b-npu7,
1782497953.3984907,200,143.6375160701573,qwen15b-npu6,
1782497953.3987973,200,138.46425106748939,qwen15b-npu7,
1782497953.410468,200,123.06886818259954,qwen15b-npu3,
1782497953.4107804,200,129.4465297833085,qwen15b-npu3,
1782497953.4163108,200,128.31995310261846,qwen15b-npu5,
1782497953.4197896,200,103.85291837155819,qwen15b-npu4,
1782497953.4239748,200,142.3402070067823,qwen15b-npu7,
1782497953.427029,200,136.40637695789337,qwen15b-npu6,
1782497953.4273396,200,146.2639532983303,qwen15b-npu6,
1782497953.4276357,200,137.29855278506875,qwen15b-npu6,
1782497953.4364684,200,134.92982788011432,qwen15b-npu3,
1782497953.4367235,200,111.44883884117007,qwen15b-npu3,
1782497953.4423673,200,136.01942406967282,qwen15b-npu5,
1782497953.4426777,200,123.23058815672994,qwen15b-npu5,
1782497953.4436724,200,126.0119373910129,qwen15b-npu4,
1782497953.452341,200,136.78701873868704,qwen15b-npu7,
1782497953.4526887,200,133.73890006914735,qwen15b-npu7,
1782497953.453637,200,121.05491384863853,qwen15b-npu7,
1782497953.454055,200,135.53125131875277,qwen15b-npu6,
1782497953.4547884,200,138.49223079159856,qwen15b-npu6,
1782497953.4664392,200,125.8685658685863,qwen15b-npu5,
1782497953.4680352,200,108.77020237967372,qwen15b-npu4,
1782497953.4862485,200,126.57799106091261,qwen15b-npu3,
1782497953.4939764,200,127.77476897463202,qwen15b-npu5,
1782497953.4943173,200,120.38976885378361,qwen15b-npu4,
1782497953.4946134,200,122.80951533466578,qwen15b-npu5,
1782497953.4949684,200,123.45085991546512,qwen15b-npu4,
1782497953.4956245,200,122.06729967147112,qwen15b-npu5,
1782497953.504881,200,120.6873613409698,qwen15b-npu7,
1782497953.5055976,200,134.32523282244802,qwen15b-npu7,
1782497953.5176642,200,106.81779775768518,qwen15b-npu4,
1782497953.5183094,200,122.5191936828196,qwen15b-npu4,
1782497953.518674,200,120.11702684685588,qwen15b-npu5,
1782497953.531635,200,132.76609173044562,qwen15b-npu7,
1782497953.5369556,200,138.65013187751174,qwen15b-npu6,
1782497953.5372922,200,120.88994216173887,qwen15b-npu6,
1782497953.5392292,200,112.09630314260721,qwen15b-npu3,
1782497953.5398965,200,129.34071011841297,qwen15b-npu3,
1782497953.5450137,200,125.15699118375778,qwen15b-npu5,
1782497953.559577,200,131.8677058443427,qwen15b-npu7,
1782497953.5601773,200,136.11277472227812,qwen15b-npu7,
1782497953.5647686,200,128.23843164369464,qwen15b-npu6,
1782497953.5659053,200,129.10136813297868,qwen15b-npu4,
1782497953.5666587,200,139.24687588587403,qwen15b-npu6,
1782497953.5669703,200,123.23862919583917,qwen15b-npu4,
1782497953.5712028,200,128.43829300254583,qwen15b-npu5,
1782497953.571532,200,129.08765813335776,qwen15b-npu5,
1782497953.585525,200,130.66779915243387,qwen15b-npu7,
1782497953.5937135,200,139.98454110696912,qwen15b-npu6,
1782497953.5943942,200,141.94162422791123,qwen15b-npu6,
1782497953.5951278,200,141.01174799725413,qwen15b-npu6,
1782497953.5954242,200,142.67058856785297,qwen15b-npu6,
1782497953.5973473,200,130.84217999130487,qwen15b-npu5,
1782497953.5977032,200,129.60185203701258,qwen15b-npu5,
1782497953.6125093,200,118.42792574316263,qwen15b-npu7,
1782497953.6139867,200,109.03701325878501,qwen15b-npu4,
1782497953.6142933,200,118.5796270146966,qwen15b-npu4,
1782497953.6146138,200,119.91585604846478,qwen15b-npu4,
1782497953.618765,200,124.36309596523643,qwen15b-npu3,
1782497953.6193724,200,133.0587938427925,qwen15b-npu3,
1782497953.62032,200,125.2493723295629,qwen15b-npu6,
1782497953.6396308,200,121.21534533798695,qwen15b-npu7,
1782497953.645588,200,127.83935898914933,qwen15b-npu3,
1782497953.64655,200,127.77378875762224,qwen15b-npu3,
1782497953.646846,200,141.16429910063744,qwen15b-npu3,
1782497953.6599355,200,122.89002630859613,qwen15b-npu4,
1782497953.66778,200,136.06745516881347,qwen15b-npu7,
1782497953.6682816,200,130.8549102395773,qwen15b-npu7,
1782497953.6734302,200,134.12353163585067,qwen15b-npu3,
1782497953.6738315,200,128.73661518096924,qwen15b-npu3,
1782497953.6749184,200,115.25838496163487,qwen15b-npu5,
1782497953.6751657,200,135.19077887758613,qwen15b-npu5,
1782497953.6840093,200,112.72105807438493,qwen15b-npu4,
1782497953.6941295,200,129.2832689359784,qwen15b-npu7,
1782497953.6987207,200,131.68592611327767,qwen15b-npu3,
1782497953.6990879,200,138.8469128869474,qwen15b-npu3,
1782497953.6997771,200,114.18873770162463,qwen15b-npu5,
1782497953.7055144,200,133.92111007124186,qwen15b-npu6,
1782497953.7063231,200,140.29370294883847,qwen15b-npu6,
1782497953.7066047,200,139.8464608937502,qwen15b-npu6,
1782497953.707978,200,113.4824133478105,qwen15b-npu4,
1782497953.7212362,200,127.41594668477774,qwen15b-npu7,
1782497953.7245908,200,127.15249508619308,qwen15b-npu3,
1782497953.7248328,200,129.62546106427908,qwen15b-npu3,
1782497953.7265615,200,113.9773060567677,qwen15b-npu5,
1782497953.7321758,200,113.32209222018719,qwen15b-npu4,
1782497953.7326555,200,118.58427710831165,qwen15b-npu4,
1782497953.7339497,200,136.13673578947783,qwen15b-npu6,
1782497953.734244,200,138.7438429519534,qwen15b-npu6,
1782497953.7486348,200,129.18576830998063,qwen15b-npu7,
1782497953.7492306,200,134.55419382080436,qwen15b-npu7,
1782497953.7500365,200,129.65062214061618,qwen15b-npu3,
1782497953.7539964,200,139.61259834468365,qwen15b-npu5,
1782497953.7542887,200,114.57525985315442,qwen15b-npu5,
1782497953.7759106,200,130.2609257400036,qwen15b-npu7,
1782497953.7777245,200,130.78212924301624,qwen15b-npu3,
1782497953.7781377,200,131.50576502084732,qwen15b-npu3,
1782497953.7802114,200,106.67586792260408,qwen15b-npu4,
1782497953.7805333,200,105.29060801491141,qwen15b-npu4,
1782497953.7885242,200,128.51219438016415,qwen15b-npu6,
1782497953.8035145,200,135.67542238160968,qwen15b-npu3,
1782497953.803814,200,128.83357610553503,qwen15b-npu7,
1782497953.8048093,200,105.97977321594954,qwen15b-npu4,
1782497953.8053634,200,137.02201237902045,qwen15b-npu5,
1782497953.8056571,200,121.57217785716057,qwen15b-npu4,
1782497953.8182557,200,124.03177423402667,qwen15b-npu6,
1782497953.8185713,200,144.64730210602283,qwen15b-npu6,
1782497953.8308852,200,124.48500702157617,qwen15b-npu7,
1782497953.8314526,200,131.60762516781688,qwen15b-npu7,
1782497953.832004,200,132.8105628490448,qwen15b-npu5,
1782497953.832564,200,124.51394787058234,qwen15b-npu5,
1782497953.8329837,200,127.40839598700404,qwen15b-npu5,
1782497953.8464575,200,139.77607991546392,qwen15b-npu6,
1782497953.8467257,200,125.42706402018666,qwen15b-npu6,
1782497953.855064,200,122.82504606992006,qwen15b-npu3,
1782497953.855757,200,131.10096100717783,qwen15b-npu3,
1782497953.8566656,200,123.95207397639751,qwen15b-npu5,
1782497953.85695,200,130.30826719477773,qwen15b-npu5,
1782497953.8579993,200,123.98339388892055,qwen15b-npu7,
1782497953.858414,200,124.09643409773707,qwen15b-npu7,
1782497953.8746703,200,149.75463692098856,qwen15b-npu6,
1782497953.8749297,200,125.63343392685056,qwen15b-npu6,
1782497953.8774493,200,123.0807569809258,qwen15b-npu4,
1782497953.8777428,200,129.03962703421712,qwen15b-npu4,
1782497953.8827214,200,132.62015208601952,qwen15b-npu5,
1782497953.8840194,200,129.93763433769345,qwen15b-npu7,
1782497953.9012616,200,123.05879686027765,qwen15b-npu4,
1782497953.9066887,200,126.39403017237782,qwen15b-npu3,
1782497953.9069614,200,130.98075101152062,qwen15b-npu3,
1782497953.9081962,200,127.58778827264905,qwen15b-npu5,
1782497953.9108424,200,132.99144431948662,qwen15b-npu7,
1782497953.9265778,200,120.85445318371058,qwen15b-npu4,
1782497953.9272497,200,121.80759897455573,qwen15b-npu4,
1782497953.9305453,200,126.94057310000062,qwen15b-npu6,
1782497953.930819,200,142.20498641952872,qwen15b-npu6,
1782497953.9329777,200,114.64054090902209,qwen15b-npu3,
1782497953.9332812,200,129.37287986278534,qwen15b-npu3,
1782497953.9350483,200,130.17623592168093,qwen15b-npu5,
1782497953.9375298,200,118.88369871303439,qwen15b-npu7,
1782497953.9503992,200,118.32427605986595,qwen15b-npu4,
1782497953.9586227,200,125.98939705640078,qwen15b-npu6,
1782497953.9589415,200,127.97428015619516,qwen15b-npu6,
1782497953.96093,200,127.87717022001743,qwen15b-npu5,
1782497953.9652169,200,118.69201762601733,qwen15b-npu7,
1782497953.9654686,200,133.9409500360489,qwen15b-npu7,
1782497953.975434,200,116.94023618474603,qwen15b-npu4,
1782497953.9759545,200,120.81861309707165,qwen15b-npu4,
1782497953.9771883,200,130.38743706420064,qwen15b-npu4,
1782497953.9863172,200,129.58408100530505,qwen15b-npu6,
1782497953.9884055,200,131.38817343860865,qwen15b-npu5,
1782497953.9887824,200,132.94376386329532,qwen15b-npu5,
1782497953.9924262,200,134.36141284182668,qwen15b-npu7,
1782497953.9984536,200,114.37567928805947,qwen15b-npu4,
1782497954.014191,200,139.45481833070517,qwen15b-npu3,
1782497954.0152812,200,137.46361434459686,qwen15b-npu3,
1782497954.0156045,200,138.08669801801443,qwen15b-npu3,
1782497954.0159576,200,133.17676587030292,qwen15b-npu5,
1782497954.0162833,200,141.28750981763005,qwen15b-npu6,
1782497954.019885,200,118.56290698051453,qwen15b-npu7,
1782497954.0226479,200,111.73688201233745,qwen15b-npu4,
1782497954.039547,200,131.23459182679653,qwen15b-npu5,
1782497954.04076,200,133.72831884771585,qwen15b-npu3,
1782497954.0411644,200,134.40402410924435,qwen15b-npu3,
1782497954.0474608,200,120.13631733134389,qwen15b-npu7,
1782497954.0478082,200,116.92597577348351,qwen15b-npu4,
1782497954.0480895,200,121.43847718834877,qwen15b-npu7,
1782497954.0483887,200,110.79744482412934,qwen15b-npu4,
1782497954.0644062,200,133.7942685931921,qwen15b-npu5,
1782497954.0692687,200,134.13312193006277,qwen15b-npu6,
1782497954.0695972,200,136.21394615620375,qwen15b-npu3,
1782497954.0703819,200,111.3532381132245,qwen15b-npu4,
1782497954.0740438,200,140.9938777796924,qwen15b-npu7,
1782497954.074416,200,123.92678391188383,qwen15b-npu7,
1782497954.090147,200,129.15706820786,qwen15b-npu5,
1782497954.0946352,200,129.10117814317346,qwen15b-npu3,
1782497954.0987628,200,123.26980894431472,qwen15b-npu7,
1782497954.1002665,200,134.98668698593974,qwen15b-npu6,
1782497954.1005437,200,124.52472699806094,qwen15b-npu6,
1782497954.101388,200,142.6870790310204,qwen15b-npu6,
1782497954.1174471,200,131.05089124292135,qwen15b-npu5,
1782497954.1178112,200,128.91888618469238,qwen15b-npu5,
1782497954.1189547,200,120.44148985296488,qwen15b-npu4,
1782497954.121653,200,133.1452652812004,qwen15b-npu3,
1782497954.1259937,200,133.50501703098416,qwen15b-npu7,
1782497954.1266367,200,149.29382409900427,qwen15b-npu6,
1782497954.14326,200,127.89045879617333,qwen15b-npu4,
1782497954.1440353,200,121.30821589380503,qwen15b-npu5,
1782497954.14496,200,128.93257709220052,qwen15b-npu5,
1782497954.148792,200,132.44160125032067,qwen15b-npu3,
1782497954.15334,200,139.0570648945868,qwen15b-npu7,
1782497954.1546452,200,134.6698752604425,qwen15b-npu6,
1782497954.1549454,200,139.2350858077407,qwen15b-npu6,
1782497954.1683261,200,120.77739229425788,qwen15b-npu4,
1782497954.1690898,200,121.20088515803218,qwen15b-npu4,
1782497954.1703346,200,122.16272111982107,qwen15b-npu5,
1782497954.1755743,200,134.6864658407867,qwen15b-npu3,
1782497954.1760724,200,134.83900716528296,qwen15b-npu3,
1782497954.1805735,200,132.11607793346047,qwen15b-npu7,
1782497954.1822903,200,142.6799693144858,qwen15b-npu6,
1782497954.192687,200,122.23640223965049,qwen15b-npu4,
1782497954.193609,200,119.07970067113638,qwen15b-npu4,
1782497954.2012095,200,136.73766888678074,qwen15b-npu3,
1782497954.207755,200,138.3909098803997,qwen15b-npu7,
1782497954.2096536,200,139.96302103623748,qwen15b-npu6,
1782497954.2100158,200,135.8725130558014,qwen15b-npu6,
1782497954.222431,200,121.79207894951105,qwen15b-npu5,
1782497954.222717,200,132.50542106106877,qwen15b-npu5,
1782497954.2234743,200,123.12782788649201,qwen15b-npu5,
1782497954.2274702,200,132.7384328469634,qwen15b-npu3,
1782497954.2348173,200,117.27912910282612,qwen15b-npu7,
1782497954.2382073,200,136.7108291015029,qwen15b-npu6,
1782497954.2385821,200,139.7494189441204,qwen15b-npu6,
1782497954.239861,200,120.81487197428942,qwen15b-npu4,
1782497954.2460072,200,128.0944813042879,qwen15b-npu5,
1782497954.2567396,200,130.65192801877856,qwen15b-npu3,
1782497954.2571394,200,130.43379690498114,qwen15b-npu3,
1782497954.268095,200,124.73436910659075,qwen15b-npu4,
1782497954.269328,200,114.3184588290751,qwen15b-npu4,
1782497954.2697349,200,147.98625512048602,qwen15b-npu7,
1782497954.2737446,200,120.31668936833739,qwen15b-npu5,
1782497954.2840621,200,139.92965128272772,qwen15b-npu3,
1782497954.2881155,200,107.46257193386555,qwen15b-npu4,
1782497954.2991595,200,150.2980012446642,qwen15b-npu7,
1782497954.2995381,200,129.11355821415782,qwen15b-npu7,
1782497954.299909,200,117.53761116415262,qwen15b-npu5,
1782497954.3002048,200,155.1631740294397,qwen15b-npu7,
1782497954.300579,200,145.85750084370375,qwen15b-npu6,
1782497954.3008938,200,125.25095231831074,qwen15b-npu5,
1782497954.3117778,200,118.06709319353104,qwen15b-npu4,
1782497954.312967,200,144.54990066587925,qwen15b-npu3,
1782497954.3133245,200,144.14036879315972,qwen15b-npu3,
1782497954.3230479,200,121.7629979364574,qwen15b-npu5,
1782497954.3247857,200,132.03029800206423,qwen15b-npu7,
1782497954.3275628,200,151.42545895650983,qwen15b-npu6,
1782497954.336708,200,109.15366373956203,qwen15b-npu4,
1782497954.3369875,200,114.47096010670066,qwen15b-npu4,
1782497954.338254,200,130.40837598964572,qwen15b-npu3,
1782497954.351991,200,129.19380934908986,qwen15b-npu7,
1782497954.3541422,200,144.0292475745082,qwen15b-npu6,
1782497954.3544757,200,144.72750294953585,qwen15b-npu6,
1782497954.3659203,200,119.83014503493905,qwen15b-npu3,
1782497954.3661954,200,127.88419984281063,qwen15b-npu3,
1782497954.367451,200,143.87950813397765,qwen15b-npu3,
1782497954.3735206,200,134.8436758853495,qwen15b-npu5,
1782497954.3794382,200,144.558722153306,qwen15b-npu7,
1782497954.3812773,200,124.07303508371115,qwen15b-npu6,
1782497954.3816655,200,141.7144532315433,qwen15b-npu6,
1782497954.3848062,200,127.95874988660216,qwen15b-npu4,
1782497954.3991327,200,129.68386197462678,qwen15b-npu5,
1782497954.39944,200,115.30328541994095,qwen15b-npu5,
1782497954.40744,200,133.59480910003185,qwen15b-npu7,
1782497954.4088304,200,138.93405394628644,qwen15b-npu6,
1782497954.4092307,200,140.98979765549302,qwen15b-npu6,
1782497954.410791,200,110.48946296796203,qwen15b-npu4,
1782497954.4110823,200,111.81464232504368,qwen15b-npu4,
1782497954.4193406,200,131.14813202992082,qwen15b-npu3,
1782497954.4202585,200,119.25601214170456,qwen15b-npu3,
1782497954.4253027,200,125.6418046541512,qwen15b-npu5,
1782497954.4257238,200,112.65164706856012,qwen15b-npu5,
1782497954.435563,200,110.67398358136415,qwen15b-npu4,
1782497954.4373322,200,125.46546431258321,qwen15b-npu6,
1782497954.437732,200,137.06620130687952,qwen15b-npu6,
1782497954.4381392,200,124.70454815775156,qwen15b-npu4,
1782497954.4384916,200,138.51037109270692,qwen15b-npu7,
1782497954.4501002,200,113.01889922469854,qwen15b-npu5,
1782497954.4618788,200,123.52474126964808,qwen15b-npu4,
1782497954.463154,200,139.9617907591164,qwen15b-npu6,
1782497954.4638054,200,136.12628588452935,qwen15b-npu7,
1782497954.4718657,200,135.08008839562535,qwen15b-npu3,
1782497954.475866,200,121.6358682140708,qwen15b-npu5,
1782497954.484598,200,110.93280604109168,qwen15b-npu4,
1782497954.4926035,200,126.61065068095922,qwen15b-npu7,
1782497954.4928877,200,138.32152029499412,qwen15b-npu7,
1782497954.4937363,200,141.642102971673,qwen15b-npu7,
1782497954.5002801,200,118.89284010976553,qwen15b-npu3,
1782497954.5006645,200,121.15114415064454,qwen15b-npu3,
1782497954.5011346,200,133.5528870113194,qwen15b-npu3,
1782497954.5016177,200,135.33682003617287,qwen15b-npu5,
1782497954.5090775,200,109.8593887872994,qwen15b-npu4,
1782497954.5099,200,125.02339016646147,qwen15b-npu4,
1782497954.518108,200,118.57715807855129,qwen15b-npu6,
1782497954.5189395,200,137.199932243675,qwen15b-npu7,
1782497954.526058,200,116.71008495613933,qwen15b-npu5,
1782497954.5473363,200,136.15739531815052,qwen15b-npu6,
1782497954.5480843,200,122.2484321333468,qwen15b-npu6,
1782497954.5484493,200,140.93367801979184,qwen15b-npu6,
1782497954.5500846,200,139.22810601070523,qwen15b-npu7,
1782497954.5504446,200,141.49229088798165,qwen15b-npu7,
1782497954.5509415,200,125.52243424579501,qwen15b-npu7,
1782497954.553059,200,133.59461911022663,qwen15b-npu5,
1782497954.5535944,200,116.15516105666757,qwen15b-npu5,
1782497954.5547042,200,116.46193312481046,qwen15b-npu5,
1782497954.555465,200,135.10153908282518,qwen15b-npu3,
1782497954.557,200,118.40259609743953,qwen15b-npu4,
1782497954.5746672,200,124.48281701654196,qwen15b-npu7,
1782497954.582324,200,146.6884659603238,qwen15b-npu3,
1782497954.5827038,200,120.71608193218708,qwen15b-npu3,
1782497954.5834732,200,145.67823940888047,qwen15b-npu3,
1782497954.600896,200,137.0185213163495,qwen15b-npu6,
1782497954.601218,200,137.99560721963644,qwen15b-npu6,
1782497954.6014993,200,129.52678091824055,qwen15b-npu5,
1782497954.6067288,200,130.7831690646708,qwen15b-npu4,
1782497954.607036,200,114.36220817267895,qwen15b-npu4,
1782497954.6338534,200,132.1720788255334,qwen15b-npu4,
1782497954.6341836,200,125.03508059307933,qwen15b-npu6,
1782497954.6344168,200,124.39800705760717,qwen15b-npu4,
1782497954.6347585,200,134.01586096733809,qwen15b-npu7,
1782497954.6356468,200,141.8347042053938,qwen15b-npu6,
1782497954.6362479,200,151.58001892268658,qwen15b-npu7,
1782497954.637576,200,119.37178298830986,qwen15b-npu5,
1782497954.6378691,200,144.8590741492808,qwen15b-npu5,
1782497954.6385643,200,138.17935902625322,qwen15b-npu3,
1782497954.6390057,200,137.80619576573372,qwen15b-npu3,
1782497954.6566467,200,130.48124685883522,qwen15b-npu7,
1782497954.6633692,200,144.3630401045084,qwen15b-npu3,
1782497954.6786895,200,128.49680380895734,qwen15b-npu5,
1782497954.679087,200,125.93529699370265,qwen15b-npu5,
1782497954.6794293,200,128.3721630461514,qwen15b-npu4,
1782497954.680219,200,126.49908103048801,qwen15b-npu5,
1782497954.6806405,200,125.10663084685802,qwen15b-npu4,
1782497954.68408,200,133.52429727092385,qwen15b-npu6,
1782497954.6844282,200,136.2560959532857,qwen15b-npu6,
1782497954.685028,200,137.60018488392234,qwen15b-npu7,
1782497954.6861207,200,137.54600519314408,qwen15b-npu7,
1782497954.6912103,200,136.4055466838181,qwen15b-npu3,
1782497954.6918557,200,134.75617580115795,qwen15b-npu3,
1782497954.701683,200,118.09801403433084,qwen15b-npu4,
1782497954.7087734,200,126.34132988750935,qwen15b-npu6,
1782497954.7113216,200,136.5587478503585,qwen15b-npu7,
1782497954.7177444,200,134.897586889565,qwen15b-npu3,
1782497954.7254906,200,118.31372603774071,qwen15b-npu5,
1782497954.726449,200,125.44976267963648,qwen15b-npu5,
1782497954.7373042,200,135.72987215593457,qwen15b-npu6,
1782497954.738676,200,131.86565693467855,qwen15b-npu7,
1782497954.7472925,200,146.00365096703172,qwen15b-npu3,
1782497954.7532172,200,114.54364005476236,qwen15b-npu4,
1782497954.753616,200,115.96369976177812,qwen15b-npu4,
1782497954.753947,200,119.4308833219111,qwen15b-npu4,
1782497954.7542722,200,118.52732626721263,qwen15b-npu5,
1782497954.7663994,200,132.15734902769327,qwen15b-npu6,
1782497954.766723,200,130.39414677768946,qwen15b-npu6,
1782497954.768327,200,130.373097024858,qwen15b-npu7,
1782497954.769005,200,135.05229819566011,qwen15b-npu7,
1782497954.7753031,200,140.4079543426633,qwen15b-npu3,
1782497954.7756147,200,136.49203814566135,qwen15b-npu3,
1782497954.776396,200,119.64157409965992,qwen15b-npu5,
1782497954.7999082,200,119.17818104848266,qwen15b-npu4,
1782497954.8004248,200,115.9170400351286,qwen15b-npu4,
1782497954.8016422,200,138.19231884554029,qwen15b-npu3,
1782497954.803,200,118.8286286778748,qwen15b-npu5,
1782497954.803406,200,117.17086797580123,qwen15b-npu5,
1782497954.8220124,200,142.81427999958396,qwen15b-npu6,
1782497954.822295,200,142.76917977258563,qwen15b-npu6,
1782497954.8229086,200,144.0988890826702,qwen15b-npu6,
1782497954.8255475,200,134.26203280687332,qwen15b-npu7,
1782497954.8259387,200,117.09403712302446,qwen15b-npu4,
1782497954.8263068,200,114.89056283608079,qwen15b-npu4,
1782497954.8265345,200,146.19253296405077,qwen15b-npu7,
1782497954.8269367,200,141.84488402679563,qwen15b-npu7,
1782497954.828851,200,127.09706509485841,qwen15b-npu3,
1782497954.8291461,200,137.2231929562986,qwen15b-npu3,
1782497954.8477933,200,121.23932503163815,qwen15b-npu6,
1782497954.8507328,200,125.1280209980905,qwen15b-npu7,
1782497954.851904,200,134.06299194321036,qwen15b-npu5,
1782497954.8549314,200,117.5541402772069,qwen15b-npu3,
1782497954.8710134,200,104.22606999054551,qwen15b-npu4,
1782497954.874773,200,136.02905487641692,qwen15b-npu6,
1782497954.8778744,200,124.52757684513927,qwen15b-npu5,
1782497954.8791687,200,125.16392068937421,qwen15b-npu7,
1782497954.8794558,200,125.11549098417163,qwen15b-npu7,
1782497954.8799727,200,126.24363880604506,qwen15b-npu7,
1782497954.8855832,200,138.19464901462197,qwen15b-npu3,
1782497954.896054,200,127.65005929395556,qwen15b-npu4,
1782497954.896316,200,120.62546098604798,qwen15b-npu4,
1782497954.9018655,200,132.79581302776933,qwen15b-npu5,
1782497954.9037554,200,137.26757233962417,qwen15b-npu6,
1782497954.9040582,200,127.60020699352026,qwen15b-npu6,
1782497954.9148118,200,139.42443812265992,qwen15b-npu3,
1782497954.9198608,200,116.73976527526975,qwen15b-npu4,
1782497954.9272633,200,125.5366737022996,qwen15b-npu5,
1782497954.929452,200,125.88125606998801,qwen15b-npu7,
1782497954.9303436,200,130.3376262076199,qwen15b-npu6,
1782497954.941767,200,141.19275892153382,qwen15b-npu3,
1782497954.9462402,200,124.14335506036878,qwen15b-npu4,
1782497954.9465642,200,120.90764287859201,qwen15b-npu4,
1782497954.9549153,200,127.88565875962377,qwen15b-npu5,
1782497954.9553995,200,133.03986517712474,qwen15b-npu5,
1782497954.9562802,200,133.30050697550178,qwen15b-npu7,
1782497954.9568856,200,130.83078991621733,qwen15b-npu7,
1782497954.9586458,200,132.27726891636848,qwen15b-npu6,
1782497954.9591773,200,132.55997095257044,qwen15b-npu6,
1782497954.9690444,200,118.1847439147532,qwen15b-npu4,
1782497954.9705782,200,141.36625081300735,qwen15b-npu3,
1782497954.9708345,200,141.89314376562834,qwen15b-npu3,
1782497954.9798841,200,131.9975070655346,qwen15b-npu5,
1782497954.9802547,200,125.25521218776703,qwen15b-npu5,
1782497954.9861622,200,134.16299177333713,qwen15b-npu6,
1782497954.9929345,200,112.88147885352373,qwen15b-npu4,
1782497955.0047662,200,126.78312323987484,qwen15b-npu5,
1782497955.0108526,200,131.33529294282198,qwen15b-npu7,
1782497955.0119085,200,140.79085690900683,qwen15b-npu7,
1782497955.015903,200,141.0368480719626,qwen15b-npu6,
1782497955.017116,200,120.72966201230884,qwen15b-npu4,
1782497955.0270774,200,147.82000379636884,qwen15b-npu3,
1782497955.0278065,200,123.65168100222945,qwen15b-npu3,
1782497955.0286484,200,142.99382083117962,qwen15b-npu3,
1782497955.0291834,200,127.2594858892262,qwen15b-npu3,
1782497955.0374544,200,133.61357804387808,qwen15b-npu7,
1782497955.042978,200,146.86541678383946,qwen15b-npu6,
1782497955.0544972,200,134.56999510526657,qwen15b-npu3,
1782497955.0549326,200,140.05359215661883,qwen15b-npu3,
1782497955.0570874,200,129.74644219502807,qwen15b-npu5,
1782497955.05796,200,128.40582290664315,qwen15b-npu5,
1782497955.0658565,200,108.90151187777519,qwen15b-npu4,
1782497955.0669293,200,125.04978012293577,qwen15b-npu4,
1782497955.0672562,200,112.27948497980833,qwen15b-npu4,
1782497955.07253,200,125.89306570589542,qwen15b-npu6,
1782497955.0729074,200,142.47383829206228,qwen15b-npu6,
1782497955.0831695,200,126.83028262108564,qwen15b-npu5,
1782497955.0835674,200,137.24077213555574,qwen15b-npu5,
1782497955.088973,200,119.85553568229079,qwen15b-npu4,
1782497955.0897527,200,118.834279011935,qwen15b-npu4,
1782497955.0914886,200,132.7656926587224,qwen15b-npu7,
1782497955.0918593,200,136.39345718547702,qwen15b-npu7,
1782497955.0923357,200,133.09093518182635,qwen15b-npu7,
1782497955.1066048,200,135.96559409052134,qwen15b-npu3,
1782497955.1076465,200,127.30547599494457,qwen15b-npu5,
1782497955.1129591,200,119.9411959387362,qwen15b-npu4,
1782497955.1169791,200,130.7291490957141,qwen15b-npu7,
1782497955.1328876,200,152.89609786123037,qwen15b-npu6,
1782497955.1342783,200,118.24819492176175,qwen15b-npu5,
1782497955.1353428,200,130.4714665748179,qwen15b-npu3,
1782497955.1429024,200,130.89954992756248,qwen15b-npu7,
1782497955.158817,200,130.85073977708817,qwen15b-npu5,
1782497955.1599982,200,122.44564294815063,qwen15b-npu4,
1782497955.1623118,200,133.03624466061592,qwen15b-npu3,
1782497955.1632745,200,152.33350405469537,qwen15b-npu6,
1782497955.1642547,200,137.09961203858256,qwen15b-npu6,
1782497955.1645,200,147.3231501877308,qwen15b-npu6,
1782497955.170839,200,142.0827847905457,qwen15b-npu7,
1782497955.1717677,200,128.7133153527975,qwen15b-npu7,
1782497955.1850386,200,112.01221402734518,qwen15b-npu5,
1782497955.1853604,200,119.35238307341933,qwen15b-npu4,
1782497955.1856055,200,118.56525717303157,qwen15b-npu5,
1782497955.185843,200,113.22088073939085,qwen15b-npu4,
1782497955.190467,200,135.84723277017474,qwen15b-npu6,
1782497955.1909623,200,133.80642887204885,qwen15b-npu6,
1782497955.1919472,200,133.88276984915137,qwen15b-npu3,
1782497955.1924436,200,137.39344291388988,qwen15b-npu3,
1782497955.208668,200,125.00817980617285,qwen15b-npu5,
1782497955.2089937,200,117.01537715271115,qwen15b-npu4,
1782497955.209332,200,117.72977188229561,qwen15b-npu5,
1782497955.2191172,200,135.84250397980213,qwen15b-npu6,
1782497955.2198153,200,127.37742578610778,qwen15b-npu6,
1782497955.2201037,200,152.7851172722876,qwen15b-npu6,
1782497955.2242777,200,135.2225886657834,qwen15b-npu3,
1782497955.2246017,200,134.74192610010505,qwen15b-npu3,
1782497955.2329583,200,119.89526590332389,qwen15b-npu4,
1782497955.2332942,200,126.6087512485683,qwen15b-npu5,
1782497955.24719,200,139.44549672305584,qwen15b-npu3,
1782497955.2520325,200,134.92578733712435,qwen15b-npu7,
1782497955.2740285,200,138.57815181836486,qwen15b-npu6,
1782497955.274406,200,131.4396928064525,qwen15b-npu6,
1782497955.279383,200,145.00019513070583,qwen15b-npu7,
1782497955.27969,200,146.7233970761299,qwen15b-npu7,
1782497955.2813396,200,117.96586262062192,qwen15b-npu5,
1782497955.2817016,200,109.85004808753729,qwen15b-npu4,
1782497955.2821748,200,122.10852093994617,qwen15b-npu5,
1782497955.2832034,200,118.62809816375375,qwen15b-npu4,
1782497955.3007429,200,141.82326290756464,qwen15b-npu6,
1782497955.304736,200,112.72066785022616,qwen15b-npu4,
1782497955.3052607,200,114.23486797139049,qwen15b-npu4,
1782497955.3082447,200,122.57354380562901,qwen15b-npu7,
1782497955.309008,200,146.60224597901106,qwen15b-npu7,
1782497955.309349,200,138.44224018976092,qwen15b-npu7,
1782497955.309692,200,145.36804798990488,qwen15b-npu7,
1782497955.3106952,200,125.55915396660566,qwen15b-npu7,
1782497955.328565,200,119.80281490832567,qwen15b-npu4,
1782497955.328877,200,119.46776416152716,qwen15b-npu4,
1782497955.3296874,200,110.48090318217874,qwen15b-npu5,
1782497955.331055,200,145.62454912811518,qwen15b-npu3,
1782497955.3313544,200,138.8447629287839,qwen15b-npu3,
1782497955.331857,200,141.32065093144774,qwen15b-npu3,
1782497955.3322952,200,146.3874652981758,qwen15b-npu3,
1782497955.332852,200,123.74303210526705,qwen15b-npu7,
1782497955.3538966,200,120.84066309034824,qwen15b-npu5,
1782497955.356408,200,132.05822836607695,qwen15b-npu3,
1782497955.3590596,200,134.38336411491036,qwen15b-npu6,
1782497955.359331,200,139.42912686616182,qwen15b-npu6,
1782497955.3601775,200,139.99907113611698,qwen15b-npu6,
1782497955.3610158,200,127.61539779603481,qwen15b-npu7,
1782497955.375548,200,123.39210882782936,qwen15b-npu4,
1782497955.3840363,200,136.77379908040166,qwen15b-npu3,
1782497955.4046981,200,130.56319672614336,qwen15b-npu5,
1782497955.4050152,200,123.56447987258434,qwen15b-npu5,
1782497955.4062917,200,124.02231432497501,qwen15b-npu5,
1782497955.4068153,200,127.0010438747704,qwen15b-npu5,
1782497955.4129267,200,131.12555211409926,qwen15b-npu3,
1782497955.4144838,200,131.20375201106071,qwen15b-npu6,
1782497955.4148426,200,140.3659638017416,qwen15b-npu6,
1782497955.4174693,200,138.003617990762,qwen15b-npu7,
1782497955.423669,200,114.22266811132431,qwen15b-npu4,
1782497955.4243488,200,123.53642983362079,qwen15b-npu4,
1782497955.4273238,200,118.22189390659332,qwen15b-npu5,
1782497955.440727,200,135.9229339286685,qwen15b-npu3,
1782497955.443331,200,132.56565108895302,qwen15b-npu7,
1782497955.4438577,200,135.53709210827947,qwen15b-npu7,
1782497955.4446607,200,134.89109696820378,qwen15b-npu6,
1782497955.4451737,200,139.84738988801837,qwen15b-npu6,
1782497955.4468012,200,117.04828683286905,qwen15b-npu4,
1782497955.453068,200,121.92773027345538,qwen15b-npu5,
1782497955.4533608,200,124.38902724534273,qwen15b-npu5,
1782497955.4698806,200,137.9488380625844,qwen15b-npu3,
1782497955.4701312,200,138.7060317210853,qwen15b-npu3,
1782497955.4717288,200,110.64150417223573,qwen15b-npu4,
1782497955.4721637,200,139.24411637708545,qwen15b-npu7,
1782497955.4725413,200,143.8866169191897,qwen15b-npu7,
1782497955.4733844,200,141.02104771882296,qwen15b-npu6,
1782497955.4762297,200,117.08607710897923,qwen15b-npu5,
1782497955.476863,200,122.88704700767994,qwen15b-npu5,
1782497955.4954166,200,119.72732516005635,qwen15b-npu4,
1782497955.4957507,200,111.641941126436,qwen15b-npu4,
1782497955.4970758,200,140.5702750198543,qwen15b-npu7,
1782497955.4973645,200,137.96168705448508,qwen15b-npu3,
1782497955.4997385,200,139.48769681155682,qwen15b-npu6,
1782497955.5184493,200,112.06824332475662,qwen15b-npu4,
1782497955.5236518,200,118.51314688101411,qwen15b-npu7,
1782497955.524412,200,119.62633393704891,qwen15b-npu5,
1782497955.5420115,200,124.47602720931172,qwen15b-npu4,
1782497955.5476928,200,123.95549425855279,qwen15b-npu5,
1782497955.5509999,200,137.9894078709185,qwen15b-npu7,
1782497955.5522277,200,145.28003707528114,qwen15b-npu3,
1782497955.5528872,200,137.9737281240523,qwen15b-npu7,
1782497955.5556605,200,131.24505197629333,qwen15b-npu6,
1782497955.5565622,200,129.1566677391529,qwen15b-npu6,
1782497955.5570185,200,142.43889693170786,qwen15b-npu6,
1782497955.5656333,200,112.20801388844848,qwen15b-npu4,
1782497955.572688,200,119.55331405624747,qwen15b-npu5,
1782497955.5793705,200,132.50534096732736,qwen15b-npu7,
1782497955.5801368,200,136.73839904367924,qwen15b-npu7,
1782497955.58037,200,135.1318578235805,qwen15b-npu3,
1782497955.5812485,200,137.32161279767752,qwen15b-npu3,
1782497955.5831246,200,142.31223706156015,qwen15b-npu6,
1782497955.5835633,200,138.83587392047048,qwen15b-npu6,
1782497955.5911117,200,118.47499711439013,qwen15b-npu4,
1782497955.5917616,200,119.48949284851551,qwen15b-npu4,
1782497955.5969744,200,126.77505239844322,qwen15b-npu5,
1782497955.6082807,200,136.41785690560937,qwen15b-npu3,
1782497955.6085274,200,132.23472936078906,qwen15b-npu3,
1782497955.6088605,200,138.9082041569054,qwen15b-npu3,
1782497955.6115456,200,138.0773880518973,qwen15b-npu6,
1782497955.6121936,200,135.2512687444687,qwen15b-npu6,
1782497955.6216493,200,124.48609713464975,qwen15b-npu5,
1782497955.6326044,200,136.76560996100307,qwen15b-npu7,
1782497955.6329393,200,137.43700366467237,qwen15b-npu7,
1782497955.6349525,200,135.14601811766624,qwen15b-npu3,
1782497955.6353889,200,137.95231701806188,qwen15b-npu3,
1782497955.638666,200,120.1043170876801,qwen15b-npu4,
1782497955.6390274,200,114.51290035620332,qwen15b-npu4,
1782497955.659371,200,117.29266867041588,qwen15b-npu3,
1782497955.6677148,200,143.98938789963722,qwen15b-npu6,
1782497955.670868,200,117.86327324807644,qwen15b-npu5,
1782497955.6711786,200,120.0451971963048,qwen15b-npu5,
1782497955.672262,200,119.9078056961298,qwen15b-npu5,
1782497955.685626,200,119.92797628045082,qwen15b-npu3,
1782497955.6889994,200,132.34533974900842,qwen15b-npu7,
1782497955.689374,200,132.25743873044848,qwen15b-npu7,
1782497955.6897817,200,134.05485078692436,qwen15b-npu7,
1782497955.693599,200,114.15535816922784,qwen15b-npu5,
1782497955.697564,200,149.80769716203213,qwen15b-npu6,
1782497955.7074084,200,124.20709570869803,qwen15b-npu4,
1782497955.7081103,200,127.6825675740838,qwen15b-npu4,
1782497955.7147915,200,134.58970515057445,qwen15b-npu3,
1782497955.7157319,200,134.3771438114345,qwen15b-npu7,
1782497955.7161014,200,143.33882369101048,qwen15b-npu3,
1782497955.7163677,200,125.17375173047185,qwen15b-npu3,
1782497955.7167,200,133.03730404004455,qwen15b-npu3,
1782497955.7170668,200,120.02475559711456,qwen15b-npu7,
1782497955.7180674,200,109.13355415686965,qwen15b-npu5,
1782497955.7260675,200,134.2191118746996,qwen15b-npu6,
1782497955.7403438,200,128.06723127141595,qwen15b-npu7,
1782497955.7419379,200,133.5834083147347,qwen15b-npu3,
1782497955.7505906,200,117.88270296528935,qwen15b-npu5,
1782497955.7567594,200,145.1430250890553,qwen15b-npu6,
1782497955.757081,200,148.49245874211192,qwen15b-npu6,
1782497955.7608044,200,127.7749203145504,qwen15b-npu4,
1782497955.761034,200,122.25279211997986,qwen15b-npu4,
1782497955.772712,200,137.2475130483508,qwen15b-npu7,
1782497955.7734468,200,138.3951110765338,qwen15b-npu7,
1782497955.7767556,200,155.01254238188267,qwen15b-npu3,
1782497955.7777872,200,118.34077630192041,qwen15b-npu5,
1782497955.7845564,200,113.60652418807149,qwen15b-npu4,
1782497955.7847915,200,112.44093580171466,qwen15b-npu4,
1782497955.7857141,200,146.55021531507373,qwen15b-npu6,
1782497955.801634,200,130.35392621532083,qwen15b-npu5,
1782497955.80961,200,120.49894966185093,qwen15b-npu4,
1782497955.8099427,200,120.06649700924754,qwen15b-npu4,
1782497955.8140745,200,146.25599421560764,qwen15b-npu6,
1782497955.8335495,200,126.072958111763,qwen15b-npu4,
1782497955.8388143,200,153.1220292672515,qwen15b-npu7,
1782497955.851498,200,135.3241102769971,qwen15b-npu5,
1782497955.85643,200,162.76472434401512,qwen15b-npu6,
1782497955.8567953,200,159.1683798469603,qwen15b-npu6,
1782497955.85711,200,167.63311717659235,qwen15b-npu6,
1782497955.863224,200,137.06899108365178,qwen15b-npu3,
1782497955.8635561,200,155.35882394760847,qwen15b-npu3,
1782497955.8638752,200,146.73022599890828,qwen15b-npu3,
1782497955.8689198,200,154.04085535556078,qwen15b-npu7,
1782497955.8701162,200,151.98480105027556,qwen15b-npu7,
1782497955.8705559,200,154.72566988319159,qwen15b-npu7,
1782497955.8787394,200,117.87132173776627,qwen15b-npu5,
1782497955.8791208,200,138.62958177924156,qwen15b-npu5,
1782497955.8796103,200,122.74305522441864,qwen15b-npu5,
1782497955.8857598,200,168.98281639441848,qwen15b-npu6,
1782497955.8861506,200,169.70520094037056,qwen15b-npu6,
1782497955.889552,200,128.44018312171102,qwen15b-npu3,
1782497955.8898938,200,147.79440313577652,qwen15b-npu3,
1782497955.9027536,200,129.19559888541698,qwen15b-npu5,
1782497955.9030042,200,130.22702559828758,qwen15b-npu5,
1782497955.908793,200,123.94588394090533,qwen15b-npu4,
1782497955.9090319,200,124.41029632464051,qwen15b-npu4,
1782497955.9093342,200,123.49844025447965,qwen15b-npu4,
1782497955.910902,200,153.75860407948494,qwen15b-npu6,
1782497955.9114954,200,160.80390103161335,qwen15b-npu6,
1782497955.9165273,200,139.67648986727,qwen15b-npu3,
1782497955.9221766,200,144.32968012988567,qwen15b-npu7,
1782497955.9273534,200,125.63350377604365,qwen15b-npu5,
1782497955.9314747,200,121.43261637538671,qwen15b-npu4,
1782497955.9486718,200,134.4744353555143,qwen15b-npu7,
1782497955.954106,200,115.2249751612544,qwen15b-npu4,
1782497955.9656827,200,155.9858089312911,qwen15b-npu6,
1782497955.9717214,200,138.08533921837807,qwen15b-npu3,
1782497955.976031,200,119.48552401736379,qwen15b-npu7,
1782497955.9777536,200,120.88897312059999,qwen15b-npu4,
1782497955.9948702,200,131.54574390500784,qwen15b-npu6,
1782497955.9955869,200,143.98621814325452,qwen15b-npu6,
1782497956.0021725,200,144.99127492308617,qwen15b-npu3,
1782497956.0025685,200,132.341839838773,qwen15b-npu3,
1782497956.0029254,200,138.95424408838153,qwen15b-npu3,
1782497956.003311,200,117.04731686040759,qwen15b-npu4,
1782497956.0045166,200,135.52773091942072,qwen15b-npu7,
1782497956.0053108,200,141.67162217199802,qwen15b-npu7,
1782497956.006773,200,136.0932751558721,qwen15b-npu5,
1782497956.0070453,200,117.39404918625951,qwen15b-npu5,
1782497956.0074353,200,121.56932801008224,qwen15b-npu5,
1782497956.0232985,200,143.5996750369668,qwen15b-npu6,
1782497956.023678,200,144.44394130259752,qwen15b-npu6,
1782497956.023996,200,145.1473762281239,qwen15b-npu6,
1782497956.0296497,200,120.79025199636817,qwen15b-npu4,
1782497956.0299997,200,118.4036759659648,qwen15b-npu4,
1782497956.03039,200,113.79867512732744,qwen15b-npu4,
1782497956.03075,200,127.93694995343685,qwen15b-npu3,
1782497956.0310557,200,141.10010815784335,qwen15b-npu3,
1782497956.0321074,200,129.02170792222023,qwen15b-npu4,
1782497956.0328865,200,123.43882024288177,qwen15b-npu5,
1782497956.0331616,200,122.17942206189036,qwen15b-npu7,
1782497956.0494382,200,140.34552313387394,qwen15b-npu6,
1782497956.0512245,200,123.78570204600692,qwen15b-npu4,
1782497956.0575051,200,135.26937877759337,qwen15b-npu5,
1782497956.0578308,200,126.27878878265619,qwen15b-npu5,
1782497956.0829782,200,128.80562618374825,qwen15b-npu5,
1782497956.083288,200,134.5257549546659,qwen15b-npu3,
1782497956.0836465,200,117.8740719333291,qwen15b-npu5,
1782497956.1061811,200,128.34116304293275,qwen15b-npu6,
1782497956.1064754,200,134.66053595766425,qwen15b-npu6,
1782497956.1108735,200,134.7558661364019,qwen15b-npu7,
1782497956.1241517,200,117.30056814849377,qwen15b-npu4,
1782497956.1244845,200,119.88220596686006,qwen15b-npu4,
1782497956.1326082,200,129.1888477280736,qwen15b-npu5,
1782497956.1329882,200,125.84262620657682,qwen15b-npu5,
1782497956.133299,200,125.74818590655923,qwen15b-npu6,
1782497956.1390054,200,136.72083895653486,qwen15b-npu3,
1782497956.1394482,200,143.7634858302772,qwen15b-npu3,
1782497956.1411943,200,146.24289283528924,qwen15b-npu7,
1782497956.1415503,200,136.13990508019924,qwen15b-npu7,
1782497956.1417727,200,139.09794529899955,qwen15b-npu7,
1782497956.1422222,200,139.20240616425872,qwen15b-npu7,
1782497956.1483486,200,117.86330211907625,qwen15b-npu4,
1782497956.148647,200,118.90273913741112,qwen15b-npu4,
1782497956.157424,200,124.19560505077243,qwen15b-npu5,
1782497956.1580324,200,125.07714098319411,qwen15b-npu5,
1782497956.1623564,200,138.9735541306436,qwen15b-npu6,
1782497956.1630645,200,130.8828298933804,qwen15b-npu6,
1782497956.1659582,200,135.8381430618465,qwen15b-npu3,
1782497956.1666956,200,135.86112298071384,qwen15b-npu3,
1782497956.170458,200,146.69491676613688,qwen15b-npu7,
1782497956.170757,200,146.6976567171514,qwen15b-npu7,
1782497956.1711438,200,139.96902108192444,qwen15b-npu7,
1782497956.1721592,200,114.57731993868947,qwen15b-npu4,
1782497956.1845863,200,133.29608598724008,qwen15b-npu5,
1782497956.1940117,200,136.07106497511268,qwen15b-npu3,
1782497956.1943533,200,144.8455830104649,qwen15b-npu3,
1782497956.217193,200,134.12153208628297,qwen15b-npu6,
1782497956.2234137,200,140.06392192095518,qwen15b-npu7,
1782497956.2243352,200,140.58352494612336,qwen15b-npu7,
1782497956.234403,200,128.12077207490802,qwen15b-npu5,
1782497956.245892,200,139.335076790303,qwen15b-npu6,
1782497956.2465267,200,121.97769014164805,qwen15b-npu4,
1782497956.246894,200,135.9469136223197,qwen15b-npu6,
1782497956.2472396,200,114.5273600704968,qwen15b-npu4,
1782497956.2486346,200,124.39546640962362,qwen15b-npu3,
1782497956.2598639,200,111.13031674176455,qwen15b-npu5,
1782497956.2601933,200,118.91757883131504,qwen15b-npu5,
1782497956.2704706,200,108.04268578067422,qwen15b-npu4,
1782497956.2707837,200,112.68157698214054,qwen15b-npu4,
1782497956.2715254,200,108.37932815775275,qwen15b-npu4,
1782497956.2731416,200,134.03056096285582,qwen15b-npu6,
1782497956.273435,200,131.14271173253655,qwen15b-npu6,
1782497956.2742639,200,140.89845772832632,qwen15b-npu6,
1782497956.2777565,200,144.66983266174793,qwen15b-npu3,
1782497956.2794385,200,131.0195098631084,qwen15b-npu7,
1782497956.2796936,200,137.85895705223083,qwen15b-npu7,
1782497956.2808118,200,141.28558989614248,qwen15b-npu7,
1782497956.281136,200,139.5149976015091,qwen15b-npu7,
1782497956.2946963,200,110.04520999267697,qwen15b-npu4,
1782497956.2952418,200,124.02515392750502,qwen15b-npu4,
1782497956.295809,200,123.58151096850634,qwen15b-npu4,
1782497956.299806,200,129.2574992403388,qwen15b-npu6,
1782497956.3003068,200,134.28254332393408,qwen15b-npu6,
1782497956.3059413,200,135.1131391711533,qwen15b-npu7,
1782497956.3062317,200,139.44364804774523,qwen15b-npu3,
1782497956.3070824,200,149.5613851584494,qwen15b-npu3,
1782497956.3097026,200,115.25027500465512,qwen15b-npu5,
1782497956.330974,200,136.8814599700272,qwen15b-npu7,
1782497956.356393,200,131.94508664309978,qwen15b-npu6,
1782497956.357152,200,133.6592989973724,qwen15b-npu6,
1782497956.3609164,200,143.644985742867,qwen15b-npu3,
1782497956.3627684,200,114.0461671166122,qwen15b-npu5,
1782497956.3634112,200,128.90981696546078,qwen15b-npu5,
1782497956.3652396,200,118.24316484853625,qwen15b-npu4,
1782497956.3835635,200,136.91429002210498,qwen15b-npu6,
1782497956.384925,200,137.60610576719046,qwen15b-npu7,
1782497956.3889723,200,118.39764611795545,qwen15b-npu5,
1782497956.3892834,200,129.33193985372782,qwen15b-npu5,
1782497956.3902075,200,129.9512037076056,qwen15b-npu3,
1782497956.3914957,200,117.96781327575445,qwen15b-npu4,
1782497956.3917506,200,112.24431497976184,qwen15b-npu4,
1782497956.392227,200,120.63004123046994,qwen15b-npu5,
1782497956.3925726,200,146.59206615760922,qwen15b-npu3,
1782497956.4085283,200,134.18081169947982,qwen15b-npu6,
1782497956.4129891,200,113.11472998932004,qwen15b-npu5,
1782497956.413843,200,118.52791719138622,qwen15b-npu4,
1782497956.4141085,200,108.09012688696384,qwen15b-npu4,
1782497956.4151042,200,133.87050991877913,qwen15b-npu7,
1782497956.4154627,200,119.57770399749279,qwen15b-npu7,
1782497956.416642,200,136.8857598863542,qwen15b-npu7,
1782497956.4172308,200,139.4096971489489,qwen15b-npu7,
1782497956.4200075,200,139.088646043092,qwen15b-npu3,
1782497956.4203238,200,149.46699514985085,qwen15b-npu3,
1782497956.420556,200,147.33497006818652,qwen15b-npu3,
1782497956.4398751,200,133.5364179685712,qwen15b-npu6,
1782497956.441586,200,131.81922724470496,qwen15b-npu7,
1782497956.44225,200,135.0674177519977,qwen15b-npu7,
1782497956.4477801,200,147.41063117980957,qwen15b-npu3,
1782497956.4482636,200,153.47927063703537,qwen15b-npu3,
1782497956.4633417,200,132.28393997997046,qwen15b-npu5,
1782497956.4868708,200,125.88509591296315,qwen15b-npu5,
1782497956.4932146,200,135.96331421285868,qwen15b-npu6,
1782497956.493915,200,131.04625092819333,qwen15b-npu6,
1782497956.494271,200,137.78915721923113,qwen15b-npu6,
1782497956.4945817,200,129.27561905235052,qwen15b-npu6,
1782497956.503945,200,140.43127419427037,qwen15b-npu3,
1782497956.5103576,200,118.02090425044298,qwen15b-npu4,
1782497956.5106409,200,121.24888505786657,qwen15b-npu4,
1782497956.511108,200,126.08797801658511,qwen15b-npu4,
1782497956.5129123,200,129.26101917400956,qwen15b-npu5,
1782497956.5132558,200,120.60438981279731,qwen15b-npu5,
1782497956.5136666,200,124.62163809686899,qwen15b-npu5,
1782497956.5225089,200,130.675348918885,qwen15b-npu7,
1782497956.522843,200,131.27785269171,qwen15b-npu7,
1782497956.5326567,200,142.3824168741703,qwen15b-npu3,
1782497956.533803,200,125.19571185112,qwen15b-npu4,
1782497956.5345354,200,120.61803042888641,qwen15b-npu4,
1782497956.5390081,200,121.70171877369285,qwen15b-npu5,
1782497956.5395956,200,125.41788397356868,qwen15b-npu5,
1782497956.5473373,200,127.23598629236221,qwen15b-npu6,
1782497956.5481644,200,127.764408942312,qwen15b-npu6,
1782497956.548629,200,133.43203673139215,qwen15b-npu6,
1782497956.549255,200,132.51250982284546,qwen15b-npu7,
1782497956.5579166,200,115.60003831982613,qwen15b-npu4,
1782497956.5624118,200,141.78962307050824,qwen15b-npu3,
1782497956.5631611,200,147.5937021896243,qwen15b-npu3,
1782497956.5635533,200,150.45697195455432,qwen15b-npu3,
1782497956.564615,200,124.62839810177684,qwen15b-npu5,
1782497956.5766068,200,128.28065175563097,qwen15b-npu7,
1782497956.5906162,200,127.13501462712884,qwen15b-npu5,
1782497956.5918567,200,144.0057479776442,qwen15b-npu3,
1782497956.592411,200,150.7376437075436,qwen15b-npu3,
1782497956.6043806,200,117.42625897750258,qwen15b-npu7,
1782497956.6058035,200,111.77208181470633,qwen15b-npu4,
1782497956.6333492,200,120.33357890322804,qwen15b-npu7,
1782497956.6336627,200,138.97946383804083,qwen15b-npu7,
1782497956.6342,200,120.84155296906829,qwen15b-npu4,
1782497956.635631,200,125.19413186237216,qwen15b-npu4,
1782497956.636051,200,142.71767996251583,qwen15b-npu6,
1782497956.6365147,200,142.15718628838658,qwen15b-npu6,
1782497956.6427565,200,138.73829320073128,qwen15b-npu5,
1782497956.6434276,200,132.6805716380477,qwen15b-npu5,
1782497956.6478238,200,125.22194208577275,qwen15b-npu3,
1782497956.6481366,200,134.40055260434747,qwen15b-npu3,
1782497956.6556082,200,121.7214590869844,qwen15b-npu4,
1782497956.6559577,200,144.7499729692936,qwen15b-npu6,
1782497956.6562903,200,107.55510302260518,qwen15b-npu4,
1782497956.656611,200,109.207384288311,qwen15b-npu4,
1782497956.6611838,200,138.2648702710867,qwen15b-npu7,
1782497956.6615145,200,122.3869426175952,qwen15b-npu7,
1782497956.6672032,200,117.88520216941833,qwen15b-npu5,
1782497956.6675544,200,119.30983234196901,qwen15b-npu5,
1782497956.6680887,200,133.4617966786027,qwen15b-npu5,
1782497956.6755629,200,142.84243108704686,qwen15b-npu3,
1782497956.6769595,200,114.47471007704735,qwen15b-npu4,
1782497956.6835034,200,143.80856696516275,qwen15b-npu6,
1782497956.6914225,200,126.7223721370101,qwen15b-npu5,
1782497956.6917326,200,133.7283388711512,qwen15b-npu5,
1782497956.705745,200,142.51453941687942,qwen15b-npu3,
1782497956.7061265,200,142.50583807006478,qwen15b-npu3,
1782497956.7141325,200,137.43303390219808,qwen15b-npu7,
1782497956.7145114,200,122.55653413012624,qwen15b-npu7,
1782497956.7344573,200,141.98250509798527,qwen15b-npu3,
1782497956.7348318,200,144.1331789828837,qwen15b-npu3,
1782497956.7382033,200,132.31178000569344,qwen15b-npu6,
1782497956.740444,200,135.98415395244956,qwen15b-npu7,
1782497956.748836,200,105.29336798936129,qwen15b-npu4,
1782497956.7491348,200,106.25621397048235,qwen15b-npu4,
1782497956.7671971,200,132.87444412708282,qwen15b-npu6,
1782497956.7693398,200,112.9519292153418,qwen15b-npu5,
1782497956.7696931,200,133.08252533897758,qwen15b-npu7,
1782497956.7703068,200,134.15669184178114,qwen15b-npu6,
1782497956.770666,200,134.91758704185486,qwen15b-npu5,
1782497956.7715228,200,138.08674877509475,qwen15b-npu6,
1782497956.7719688,200,138.2051589898765,qwen15b-npu5,
1782497956.7736406,200,105.47725902870297,qwen15b-npu4,
1782497956.7740335,200,112.76294803246856,qwen15b-npu4,
1782497956.7902248,200,133.5243578068912,qwen15b-npu3,
1782497956.7905731,200,142.34912674874067,qwen15b-npu3,
1782497956.7951496,200,118.09530388563871,qwen15b-npu5,
1782497956.7953782,200,128.07792099192739,qwen15b-npu5,
1782497956.7971065,200,105.59188993647695,qwen15b-npu4,
1782497956.7974234,200,121.77207879722118,qwen15b-npu4,
1782497956.7976797,200,129.9989242106676,qwen15b-npu7,
1782497956.7990322,200,143.31964403390884,qwen15b-npu6,
1782497956.7996519,200,138.0636882968247,qwen15b-npu6,
1782497956.800328,200,144.26810899749398,qwen15b-npu7,
1782497956.8008735,200,152.95864781364799,qwen15b-npu6,
1782497956.8185263,200,126.70157197862864,qwen15b-npu5,
1782497956.819168,200,112.91582928970456,qwen15b-npu4,
1782497956.8229988,200,139.4296381622553,qwen15b-npu7,
1782497956.842082,200,127.83193914219737,qwen15b-npu5,
1782497956.851028,200,145.16753610223532,qwen15b-npu7,
1782497956.851848,200,137.2297229245305,qwen15b-npu7,
1782497956.8680623,200,129.78199310600758,qwen15b-npu5,
1782497956.8707893,200,135.865013115108,qwen15b-npu3,
1782497956.877409,200,128.19809233769774,qwen15b-npu6,
1782497956.8786237,200,144.0669489093125,qwen15b-npu7,
1782497956.8788745,200,129.95643401518464,qwen15b-npu7,
1782497956.87914,200,138.6383417993784,qwen15b-npu6,
1782497956.891228,200,120.4491201788187,qwen15b-npu4,
1782497956.891535,200,121.78283929824829,qwen15b-npu4,
1782497956.8924167,200,125.08502090349793,qwen15b-npu4,
1782497956.8934984,200,124.0370636805892,qwen15b-npu5,
1782497956.8978355,200,124.12278400734067,qwen15b-npu3,
1782497956.904865,200,133.23489483445883,qwen15b-npu7,
1782497956.9063191,200,135.9074041247368,qwen15b-npu6,
1782497956.906555,200,134.47822397574782,qwen15b-npu6,
1782497956.9068413,200,132.72733287885785,qwen15b-npu6,
1782497956.9150934,200,119.8782860301435,qwen15b-npu4,
1782497956.9153976,200,114.41935924813151,qwen15b-npu4,
1782497956.9178312,200,120.34687865525484,qwen15b-npu5,
1782497956.9271197,200,127.39198701456189,qwen15b-npu3,
1782497956.9273815,200,130.1811160519719,qwen15b-npu3,
1782497956.9278219,200,130.03518478944898,qwen15b-npu3,
1782497956.9335616,200,134.41734295338392,qwen15b-npu7,
1782497956.9338062,200,138.36163002997637,qwen15b-npu7,
1782497956.9350915,200,144.76362382993102,qwen15b-npu6,
1782497956.9356802,200,145.03800496459007,qwen15b-npu6,
1782497956.9360065,200,135.5622815899551,qwen15b-npu6,
1782497956.9553502,200,136.71645894646645,qwen15b-npu3,
1782497956.9556835,200,136.44852675497532,qwen15b-npu3,
1782497956.956527,200,133.46407795324922,qwen15b-npu3,
1782497956.967831,200,116.71338509768248,qwen15b-npu5,
1782497956.9684272,200,116.50955397635698,qwen15b-npu5,
1782497956.9855082,200,106.5591867081821,qwen15b-npu4,
1782497956.9881728,200,120.04258669912815,qwen15b-npu7,
1782497956.9894493,200,147.30611024424434,qwen15b-npu6,
1782497957.0090787,200,131.60396507009864,qwen15b-npu3,
1782497957.010202,200,139.34625685214996,qwen15b-npu3,
1782497957.010503,200,131.80361688137054,qwen15b-npu3,
1782497957.0112932,200,119.98152686282992,qwen15b-npu4,
1782497957.015008,200,122.50478379428387,qwen15b-npu7,
1782497957.0169127,200,123.32821963354945,qwen15b-npu5,
1782497957.017242,200,125.58950483798981,qwen15b-npu5,
1782497957.018091,200,138.88376392424107,qwen15b-npu6,
1782497957.0354218,200,128.7972256541252,qwen15b-npu4,
1782497957.0356996,200,107.80504485592246,qwen15b-npu4,
1782497957.0362465,200,129.86271316185594,qwen15b-npu4,
1782497957.036487,200,138.56655126437545,qwen15b-npu3,
1782497957.0416932,200,123.79818176850677,qwen15b-npu5,
1782497957.0432374,200,128.05370101705194,qwen15b-npu7,
1782497957.0434823,200,138.53280106559396,qwen15b-npu7,
1782497957.0467262,200,139.81408020481467,qwen15b-npu6,
1782497957.0472312,200,131.76831509917974,qwen15b-npu6,
1782497957.0639563,200,130.08073484525084,qwen15b-npu3,
1782497957.0645127,200,128.75832617282867,qwen15b-npu3,
1782497957.0682654,200,134.63312480598688,qwen15b-npu5,
1782497957.06878,200,132.7028116211295,qwen15b-npu5,
1782497957.0693939,200,113.58657293021679,qwen15b-npu5,
1782497957.07056,200,143.3666842058301,qwen15b-npu7,
1782497957.0708373,200,135.66852221265435,qwen15b-npu7,
1782497957.0733528,200,145.90309094637632,qwen15b-npu6,
1782497957.0821435,200,126.70206185430288,qwen15b-npu4,
1782497957.098676,200,142.04707508906722,qwen15b-npu7,
1782497957.099111,200,130.61371818184853,qwen15b-npu7,
1782497957.1002164,200,132.31677981093526,qwen15b-npu6,
1782497957.1058507,200,116.33852310478687,qwen15b-npu4,
1782497957.120703,200,132.46145006269217,qwen15b-npu3,
1782497957.1271865,200,141.6094619780779,qwen15b-npu6,
1782497957.1298609,200,119.24240225926042,qwen15b-npu4,
1782497957.1392872,200,122.26538173854351,qwen15b-npu5,
1782497957.1398458,200,129.55977115780115,qwen15b-npu5,
1782497957.1493149,200,140.16972295939922,qwen15b-npu3,
1782497957.149586,200,134.5117948949337,qwen15b-npu3,
1782497957.1504862,200,133.1825261004269,qwen15b-npu7,
1782497957.1541023,200,118.60253708437085,qwen15b-npu4,
1782497957.154751,200,118.43849625438452,qwen15b-npu4,
1782497957.155659,200,137.47993391007185,qwen15b-npu6,
1782497957.1562204,200,144.83217429369688,qwen15b-npu6,
1782497957.1636045,200,127.04633409157395,qwen15b-npu5,
1782497957.1787305,200,136.96921104565263,qwen15b-npu3,
1782497957.1790106,200,135.45972993597388,qwen15b-npu7,
1782497957.179276,200,131.97948737069964,qwen15b-npu3,
1782497957.1801546,200,144.3810611963272,qwen15b-npu7,
1782497957.1804004,200,133.6084082722664,qwen15b-npu3,
1782497957.1806908,200,116.65499489754438,qwen15b-npu4,
1782497957.1824694,200,139.16404638439417,qwen15b-npu6,
1782497957.188887,200,118.26241482049227,qwen15b-npu5,
1782497957.189123,200,124.5438870973885,qwen15b-npu5,
1782497957.1901686,200,121.8307288363576,qwen15b-npu5,
1782497957.2046008,200,135.75658202171326,qwen15b-npu3,
1782497957.2054782,200,134.57158440724015,qwen15b-npu7,
1782497957.2057052,200,123.488400131464,qwen15b-npu7,
1782497957.210469,200,137.01590104028583,qwen15b-npu6,
1782497957.2117856,200,142.31708692386746,qwen15b-npu6,
1782497957.2125337,200,113.73981460928917,qwen15b-npu5,
1782497957.2128491,200,112.5681372359395,qwen15b-npu5,
1782497957.224983,200,119.06787101179361,qwen15b-npu4,
1782497957.2377307,200,138.553811237216,qwen15b-npu6,
1782497957.2482145,200,108.85161207988858,qwen15b-npu4,
1782497957.2573688,200,130.11440495029092,qwen15b-npu7,
1782497957.2601013,200,110.71847518905997,qwen15b-npu5,
1782497957.2605171,200,130.55350678041577,qwen15b-npu3,
1782497957.2610645,200,140.27887303382158,qwen15b-npu3,
1782497957.2614639,200,111.81601183488965,qwen15b-npu5,
1782497957.2650025,200,125.09489106014371,qwen15b-npu6,
1782497957.2732935,200,119.13299094885588,qwen15b-npu4,
1782497957.2736166,200,118.7697988934815,qwen15b-npu4,
1782497957.2844813,200,120.78634276986122,qwen15b-npu7,
1782497957.2892737,200,138.72621301561594,qwen15b-npu3,
1782497957.2897205,200,133.43306723982096,qwen15b-npu3,
1782497957.2928956,200,137.16208189725876,qwen15b-npu6,
1782497957.2955523,200,114.75399183109403,qwen15b-npu4,
1782497957.308344,200,128.94019717350602,qwen15b-npu5,
1782497957.3088205,200,118.54115687310696,qwen15b-npu5,
1782497957.3144407,200,135.36217994987965,qwen15b-npu7,
1782497957.3147662,200,125.81446580588818,qwen15b-npu7,
1782497957.3150582,200,136.24907610937953,qwen15b-npu7,
1782497957.3153434,200,126.15985795855522,qwen15b-npu7,
1782497957.3160083,200,135.52783196792006,qwen15b-npu3,
1782497957.3208716,200,116.17623129859567,qwen15b-npu4,
1782497957.3219607,200,141.74206322059035,qwen15b-npu6,
1782497957.3222713,200,139.73547983914614,qwen15b-npu6,
1782497957.333098,200,120.47100020572543,qwen15b-npu5,
1782497957.3333995,200,127.85686925053596,qwen15b-npu5,
1782497957.337909,200,127.37865699455142,qwen15b-npu7,
1782497957.3429112,200,130.9928302653134,qwen15b-npu3,
1782497957.3500316,200,144.26699001342058,qwen15b-npu6,
1782497957.350329,200,137.414603959769,qwen15b-npu6,
1782497957.356127,200,118.32569492980838,qwen15b-npu5,
1782497957.3649423,200,139.89043096080422,qwen15b-npu7,
1782497957.369895,200,121.61743780598044,qwen15b-npu4,
1782497957.3701549,200,112.72618779912591,qwen15b-npu4,
1782497957.3704343,200,108.8889422826469,qwen15b-npu4,
1782497957.392979,200,127.91047990322113,qwen15b-npu4,
1782497957.397869,200,136.69105945155025,qwen15b-npu3,
1782497957.398115,200,137.4902748502791,qwen15b-npu3,
1782497957.3983545,200,124.96735015884042,qwen15b-npu3,
1782497957.4044592,200,111.49689927697182,qwen15b-npu5,
1782497957.4056547,200,145.42531734332442,qwen15b-npu6,
1782497957.406106,200,132.42271961644292,qwen15b-npu6,
1782497957.416787,200,126.98910431936383,qwen15b-npu4,
1782497957.4192104,200,134.66045493260026,qwen15b-npu7,
1782497957.4195642,200,123.947624117136,qwen15b-npu7,
1782497957.4240823,200,134.70699591562152,qwen15b-npu3,
1782497957.4296803,200,114.52936008572578,qwen15b-npu5,
1782497957.430009,200,121.5641270391643,qwen15b-npu5,
1782497957.4417377,200,125.65258471295238,qwen15b-npu4,
1782497957.4423501,200,121.3526357896626,qwen15b-npu4,
1782497957.4427161,200,127.31319619342685,qwen15b-npu4,
1782497957.4450576,200,130.512367002666,qwen15b-npu7,
1782497957.4506397,200,128.58699541538954,qwen15b-npu3,
1782497957.4509366,200,142.02137477695942,qwen15b-npu3,
1782497957.452753,200,119.28080208599567,qwen15b-npu5,
1782497957.4610913,200,146.24454313889146,qwen15b-npu6,
1782497957.4613621,200,123.39521991088986,qwen15b-npu6,
1782497957.46158,200,139.22468619421124,qwen15b-npu6,
1782497957.47314,200,123.02944669499993,qwen15b-npu7,
1782497957.4734085,200,140.2272628620267,qwen15b-npu7,
1782497957.473663,200,130.6948778219521,qwen15b-npu7,
1782497957.476802,200,106.30210535600781,qwen15b-npu5,
1782497957.4889762,200,119.00686006993055,qwen15b-npu4,
1782497957.4892333,200,133.04650411009789,qwen15b-npu6,
1782497957.4894946,200,139.09812504425645,qwen15b-npu6,
1782497957.5050325,200,134.80621622875333,qwen15b-npu3,
1782497957.5053015,200,140.28994273394346,qwen15b-npu3,
1782497957.513421,200,107.70450392737985,qwen15b-npu4,
1782497957.5136757,200,109.15421321988106,qwen15b-npu4,
1782497957.5172257,200,124.1597943007946,qwen15b-npu6,
1782497957.5243075,200,118.13205434009433,qwen15b-npu7,
1782497957.5269063,200,128.970917314291,qwen15b-npu5,
1782497957.5271466,200,107.51444287598133,qwen15b-npu5,
1782497957.527466,200,129.04237676411867,qwen15b-npu5,
1782497957.5318694,200,133.67911893874407,qwen15b-npu3,
1782497957.5364735,200,112.3012350872159,qwen15b-npu4,
1782497957.5493052,200,104.17931992560625,qwen15b-npu5,
1782497957.551365,200,134.46703413501382,qwen15b-npu7,
1782497957.560217,200,130.1473150961101,qwen15b-npu3,
1782497957.5604692,200,141.14057924598455,qwen15b-npu3,
1782497957.5609531,200,109.953248873353,qwen15b-npu4,
1782497957.5615082,200,118.69420763105154,qwen15b-npu4,
1782497957.5758226,200,133.36132606491446,qwen15b-npu6,
1782497957.5760593,200,134.22930287197232,qwen15b-npu6,
1782497957.5763652,200,146.59692626446486,qwen15b-npu6,
1782497957.5786335,200,127.91946018114686,qwen15b-npu7,
1782497957.5788798,200,117.44891991838813,qwen15b-npu7,
1782497957.5845687,200,111.35135870426893,qwen15b-npu4,
1782497957.5848339,200,111.10598687082529,qwen15b-npu4,
1782497957.5871446,200,134.32714296504855,qwen15b-npu3,
1782497957.5969641,200,107.4033621698618,qwen15b-npu5,
1782497957.6021342,200,128.66329494863749,qwen15b-npu6,
1782497957.6023686,200,140.7254463993013,qwen15b-npu6,
1782497957.6029348,200,141.76504407078028,qwen15b-npu6,
1782497957.6054947,200,116.19824077934027,qwen15b-npu7,
1782497957.6070812,200,118.03288292139769,qwen15b-npu4,
1782497957.6148047,200,137.9429972730577,qwen15b-npu3,
1782497957.6224227,200,108.6834711022675,qwen15b-npu5,
1782497957.622686,200,117.31857806444168,qwen15b-npu5,
1782497957.6324964,200,119.01044007390738,qwen15b-npu7,
1782497957.6433213,200,126.03440694510937,qwen15b-npu3,
1782497957.643932,200,138.83141288533807,qwen15b-npu3,
1782497957.6577597,200,133.39059706777334,qwen15b-npu6,
1782497957.6581132,200,126.18178874254227,qwen15b-npu6,
1782497957.6584744,200,130.93766989186406,qwen15b-npu6,
1782497957.6604576,200,123.92252311110497,qwen15b-npu7,
1782497957.6608136,200,133.6032492108643,qwen15b-npu7,
1782497957.6700435,200,108.46207896247506,qwen15b-npu5,
1782497957.6704285,200,121.06076395139098,qwen15b-npu5,
1782497957.6719189,200,120.49197033047676,qwen15b-npu3,
1782497957.6721935,200,145.2242061495781,qwen15b-npu3,
1782497957.6787274,200,117.71684093400836,qwen15b-npu4,
1782497957.6790242,200,118.4793459251523,qwen15b-npu4,
1782497957.6931748,200,108.5399491712451,qwen15b-npu5,
1782497957.6934903,200,117.3671088181436,qwen15b-npu5,
1782497957.7004964,200,124.06052462756634,qwen15b-npu3,
1782497957.7008011,200,140.51995519548655,qwen15b-npu3,
1782497957.7019992,200,123.30740876495838,qwen15b-npu4,
1782497957.7102637,200,134.3742827884853,qwen15b-npu6,
1782497957.710823,200,125.92954700812697,qwen15b-npu6,
1782497957.7127502,200,125.54198410362005,qwen15b-npu7,
1782497957.7133892,200,134.44689381867647,qwen15b-npu7,
1782497957.7180314,200,121.00700289011002,qwen15b-npu5,
1782497957.7279074,200,125.70282490924001,qwen15b-npu4,
1782497957.7285564,200,113.69325406849384,qwen15b-npu4,
1782497957.7291346,200,126.70369166880846,qwen15b-npu4,
1782497957.729565,200,122.41544295102358,qwen15b-npu3,
1782497957.7406554,200,137.64934614300728,qwen15b-npu7,
1782497957.740992,200,135.43512066826224,qwen15b-npu7,
1782497957.7418182,200,109.22370385378599,qwen15b-npu5,
1782497957.7568126,200,134.32612316682935,qwen15b-npu3,
1782497957.7651439,200,142.39633735269308,qwen15b-npu6,
1782497957.765384,200,121.37934612110257,qwen15b-npu6,
1782497957.7664044,200,123.00063669681549,qwen15b-npu7,
1782497957.774101,200,113.15088998526335,qwen15b-npu4,
1782497957.7744937,200,115.92627922073007,qwen15b-npu4,
1782497957.7916863,200,133.81039025261998,qwen15b-npu5,
1782497957.792568,200,132.02816806733608,qwen15b-npu7,
1782497957.7945724,200,122.57799413055182,qwen15b-npu6,
1782497957.7949166,200,136.708059348166,qwen15b-npu6,
1782497957.7954586,200,124.91117976605892,qwen15b-npu6,
1782497957.7966816,200,124.39961638301611,qwen15b-npu4,
1782497957.8140235,200,135.2150891907513,qwen15b-npu3,
1782497957.8143134,200,144.16765980422497,qwen15b-npu3,
1782497957.817634,200,124.37267601490021,qwen15b-npu5,
1782497957.8179548,200,124.38778579235077,qwen15b-npu5,
1782497957.8189821,200,139.88779997453094,qwen15b-npu7,
1782497957.8212948,200,103.19160390645266,qwen15b-npu4,
1782497957.8215787,200,120.68921187892556,qwen15b-npu4,
1782497957.841716,200,128.26633220538497,qwen15b-npu5,
1782497957.841967,200,112.753267865628,qwen15b-npu5,
1782497957.8422296,200,129.41798008978367,qwen15b-npu5,
1782497957.8435044,200,133.16408498212695,qwen15b-npu3,
1782497957.8437805,200,143.2163929566741,qwen15b-npu3,
1782497957.8447921,200,133.9053907431662,qwen15b-npu3,
1782497957.8452098,200,104.4636219739914,qwen15b-npu4,
1782497957.8480353,200,145.97228122875094,qwen15b-npu6,
1782497957.8645184,200,122.63744417577982,qwen15b-npu5,
1782497957.8690493,200,127.99251079559326,qwen15b-npu3,
1782497957.8739529,200,144.29824007675052,qwen15b-npu7,
1782497957.8744285,200,145.81052027642727,qwen15b-npu7,
1782497957.8746765,200,117.79097188264132,qwen15b-npu7,
1782497957.8754816,200,147.4490910768509,qwen15b-npu7,
1782497957.8918786,200,117.27736797183752,qwen15b-npu4,
1782497957.892222,200,125.73295598849654,qwen15b-npu4,
1782497957.9038117,200,138.36796954274178,qwen15b-npu6,
1782497957.904123,200,129.89039439707994,qwen15b-npu6,
1782497957.9044595,200,139.2467562109232,qwen15b-npu6,
1782497957.9135406,200,121.78251892328262,qwen15b-npu5,
1782497957.91388,200,118.35276614874601,qwen15b-npu5,
1782497957.9245112,200,129.49661072343588,qwen15b-npu3,
1782497957.9247756,200,132.09677767008543,qwen15b-npu3,
1782497957.9254904,200,130.82448905333877,qwen15b-npu7,
1782497957.9301195,200,133.35515558719635,qwen15b-npu6,
1782497957.939179,200,117.82103218138218,qwen15b-npu4,
1782497957.9395032,200,125.38528302684426,qwen15b-npu4,
1782497957.9521644,200,130.50290802493691,qwen15b-npu3,
1782497957.9524987,200,134.77808609604836,qwen15b-npu3,
1782497957.953504,200,134.433853905648,qwen15b-npu7,
1782497957.9538465,200,139.45773802697659,qwen15b-npu7,
1782497957.9573452,200,139.3225360661745,qwen15b-npu6,
1782497957.9626856,200,117.80644208192825,qwen15b-npu4,
1782497957.9629695,200,117.68575105816126,qwen15b-npu5,
1782497957.9638605,200,122.07236094400287,qwen15b-npu5,
1782497957.978489,200,134.6144056878984,qwen15b-npu3,
1782497957.9805012,200,138.19441897794604,qwen15b-npu7,
1782497957.9808476,200,132.74892186746,qwen15b-npu7,
1782497957.9856179,200,143.58291495591402,qwen15b-npu6,
1782497957.985867,200,142.28955702856183,qwen15b-npu6,
1782497957.986926,200,122.35080217942595,qwen15b-npu6,
1782497957.9874353,200,118.32477571442723,qwen15b-npu5,
1782497957.9876869,200,113.19356085732579,qwen15b-npu4,
1782497957.987909,200,112.33916506171227,qwen15b-npu5,
1782497958.0053818,200,131.36609317734838,qwen15b-npu3,
1782497958.0061023,200,131.34965300559998,qwen15b-npu7,
1782497958.0108993,200,118.94131917506456,qwen15b-npu4,
1782497958.0113277,200,107.1106898598373,qwen15b-npu4,
1782497958.0128489,200,120.54649088531733,qwen15b-npu6,
1782497958.032955,200,129.05417755246162,qwen15b-npu3,
1782497958.0334013,200,108.82525192573667,qwen15b-npu4,
1782497958.0347009,200,130.16270520165563,qwen15b-npu7,
1782497958.0365932,200,122.62632418423891,qwen15b-npu5,
1782497958.0368726,200,111.29111796617508,qwen15b-npu5,
1782497958.0373173,200,123.68541210889816,qwen15b-npu7,
1782497958.0604246,200,130.21970493718982,qwen15b-npu3,
1782497958.0617542,200,136.90418004989624,qwen15b-npu3,
1782497958.0620098,200,122.74983478710055,qwen15b-npu7,
1782497958.062502,200,122.90624622255564,qwen15b-npu7,
1782497958.0847569,200,131.18207221850753,qwen15b-npu5,
1782497958.0856607,200,133.085445035249,qwen15b-npu5,
1782497958.0861232,200,123.08352719992399,qwen15b-npu5,
1782497958.0877392,200,123.79184179008007,qwen15b-npu3,
1782497958.0885472,200,131.1228210106492,qwen15b-npu7,
1782497958.0889237,200,135.00458793714643,qwen15b-npu3,
1782497958.0933259,200,130.55546768009663,qwen15b-npu6,
1782497958.0938728,200,141.62150211632252,qwen15b-npu6,
1782497958.1053405,200,119.65283378958702,qwen15b-npu4,
1782497958.1056077,200,118.61556675285101,qwen15b-npu4,
1782497958.105906,200,117.92758293449879,qwen15b-npu4,
1782497958.106324,200,125.38504274562001,qwen15b-npu4,
1782497958.1080973,200,120.34794921055436,qwen15b-npu5,
1782497958.1146016,200,127.10529519245028,qwen15b-npu3,
1782497958.1149633,200,136.39941671863198,qwen15b-npu3,
1782497958.1159568,200,135.36670012399554,qwen15b-npu7,
1782497958.1200361,200,134.10335080698133,qwen15b-npu6,
1782497958.1264582,200,113.51770302280784,qwen15b-npu4,
1782497958.132107,200,121.14346399903297,qwen15b-npu5,
1782497958.1423461,200,130.95509028062224,qwen15b-npu7,
1782497958.148565,200,142.39081693813205,qwen15b-npu6,
1782497958.1488478,200,143.40119436383247,qwen15b-npu6,
1782497958.1561615,200,121.32047628983855,qwen15b-npu5,
1782497958.1691031,200,132.42765003815293,qwen15b-npu7,
1782497958.172793,200,135.39566984400153,qwen15b-npu3,
1782497958.1737614,200,113.26700076460838,qwen15b-npu4,
1782497958.174064,200,137.11748085916042,qwen15b-npu3,
1782497958.1763666,200,142.86651089787483,qwen15b-npu6,
1782497958.1770835,200,143.99384800344706,qwen15b-npu6,
1782497958.180695,200,118.85651899501681,qwen15b-npu5,
1782497958.1960223,200,133.44963733106852,qwen15b-npu7,
1782497958.1983685,200,109.71249779686332,qwen15b-npu4,
1782497958.1987793,200,112.55302699282765,qwen15b-npu4,
1782497958.2012882,200,139.21001460403204,qwen15b-npu3,
1782497958.2045407,200,118.7885976396501,qwen15b-npu5,
1782497958.220714,200,115.29734497889876,qwen15b-npu4,
1782497958.2237468,200,135.87970286607742,qwen15b-npu7,
1782497958.2297914,200,123.76015214249492,qwen15b-npu5,
1782497958.2309785,200,124.54936699941754,qwen15b-npu5,
1782497958.231372,200,142.28869741782546,qwen15b-npu3,
1782497958.2341201,200,140.70042595267296,qwen15b-npu6,
1782497958.2344599,200,149.63886607438326,qwen15b-npu6,
1782497958.2348077,200,140.87684685364366,qwen15b-npu6,
1782497958.256217,200,136.12005533650517,qwen15b-npu4,
1782497958.2564955,200,150.82484390586615,qwen15b-npu7,
1782497958.256734,200,142.02620508149266,qwen15b-npu7,
1782497958.2570329,200,124.866409227252,qwen15b-npu4,
1782497958.2582586,200,131.74290489405394,qwen15b-npu5,
1782497958.2587118,200,150.5144708789885,qwen15b-npu7,
1782497958.2638113,200,147.760143969208,qwen15b-npu3,
1782497958.2648916,200,149.79752711951733,qwen15b-npu3,
1782497958.279142,200,109.93018886074424,qwen15b-npu5,
1782497958.2898507,200,141.21349016204476,qwen15b-npu3,
1782497958.2917628,200,149.35705391690135,qwen15b-npu6,
1782497958.2926133,200,143.6367048881948,qwen15b-npu6,
1782497958.2934625,200,119.61150402203202,qwen15b-npu4,
1782497958.293858,200,137.62445515021682,qwen15b-npu6,
1782497958.303686,200,107.58855286985636,qwen15b-npu5,
1782497958.3060975,200,133.23437608778477,qwen15b-npu7,
1782497958.3164208,200,117.49829025939107,qwen15b-npu4,
1782497958.3197305,200,145.58772882446647,qwen15b-npu3,
1782497958.3201177,200,143.69112579151988,qwen15b-npu6,
1782497958.3207629,200,139.97153099626303,qwen15b-npu6,
1782497958.3211887,200,144.01773922145367,qwen15b-npu3,
1782497958.3338478,200,132.47152091935277,qwen15b-npu7,
1782497958.3341298,200,135.65989211201668,qwen15b-npu7,
1782497958.34081,200,109.72117679193616,qwen15b-npu4,
1782497958.3462825,200,141.68244181200862,qwen15b-npu3,
1782497958.3472173,200,123.36386973038316,qwen15b-npu6,
1782497958.3531802,200,121.70107895508409,qwen15b-npu5,
1782497958.3535726,200,132.80008314177394,qwen15b-npu5,
1782497958.3540175,200,119.13718096911907,qwen15b-npu5,
1782497958.3620272,200,132.16613791882992,qwen15b-npu7,
1782497958.3624258,200,127.86414008587599,qwen15b-npu7,
1782497958.3651028,200,130.8822799474001,qwen15b-npu4,
1782497958.375981,200,110.95957597717643,qwen15b-npu5,
1782497958.3878543,200,131.29828264936805,qwen15b-npu7,
1782497958.3896832,200,110.43601203709841,qwen15b-npu4,
1782497958.3900476,200,126.13991880789399,qwen15b-npu4,
1782497958.4000218,200,110.07929081097245,qwen15b-npu5,
1782497958.4029896,200,146.1806232109666,qwen15b-npu3,
1782497958.403341,200,146.18916297331452,qwen15b-npu3,
1782497958.4047751,200,148.4654489904642,qwen15b-npu6,
1782497958.4054472,200,146.60125598311424,qwen15b-npu6,
1782497958.4059367,200,147.5848718546331,qwen15b-npu6,
1782497958.4138916,200,119.90544619038701,qwen15b-npu4,
1782497958.4148693,200,122.15717090293765,qwen15b-npu7,
1782497958.424639,200,108.13996708020568,qwen15b-npu5,
1782497958.4328995,200,141.03125920519233,qwen15b-npu3,
1782497958.4332762,200,139.7310490719974,qwen15b-npu6,
1782497958.4341695,200,130.38149615749717,qwen15b-npu3,
1782497958.4387977,200,118.60493710264564,qwen15b-npu4,
1782497958.4431634,200,121.86850002035499,qwen15b-npu7,
1782497958.4440935,200,137.91140727698803,qwen15b-npu7,
1782497958.44889,200,114.97770296409726,qwen15b-npu5,
1782497958.4601521,200,140.3105929493904,qwen15b-npu3,
1782497958.4613807,200,140.54754516109824,qwen15b-npu6,
1782497958.4637613,200,129.5698513276875,qwen15b-npu4,
1782497958.464075,200,116.73943512141705,qwen15b-npu4,
1782497958.468514,200,127.61157797649503,qwen15b-npu7,
1782497958.4734533,200,110.90329475700855,qwen15b-npu5,
1782497958.4737313,200,127.36625596880913,qwen15b-npu5,
1782497958.4876378,200,122.41026293486357,qwen15b-npu4,
1782497958.488095,200,125.95305684953928,qwen15b-npu3,
1782497958.4889476,200,135.28015883639455,qwen15b-npu3,
1782497958.4967456,200,142.64358906075358,qwen15b-npu7,
1782497958.4974492,200,144.14899004623294,qwen15b-npu7,
1782497958.4977882,200,121.74353888258338,qwen15b-npu5,
1782497958.5110857,200,120.94183312729001,qwen15b-npu4,
1782497958.5155437,200,125.76206494122744,qwen15b-npu3,
1782497958.5161092,200,128.1657419167459,qwen15b-npu3,
1782497958.5220954,200,121.99465977028012,qwen15b-npu5,
1782497958.5228074,200,116.76006531342864,qwen15b-npu7,
1782497958.5368009,200,131.92762713879347,qwen15b-npu4,
1782497958.5371828,200,122.21668194979429,qwen15b-npu4,
1782497958.5375252,200,134.0276813134551,qwen15b-npu4,
1782497958.5457892,200,112.40471573546529,qwen15b-npu5,
1782497958.5498457,200,135.8452131971717,qwen15b-npu6,
1782497958.5502098,200,144.64746229350567,qwen15b-npu6,
1782497958.5510106,200,147.94563502073288,qwen15b-npu6,
1782497958.5513973,200,126.64552079513669,qwen15b-npu7,
1782497958.5586877,200,124.42015623673797,qwen15b-npu4,
1782497958.570337,200,127.08455510437489,qwen15b-npu3,
1782497958.5707572,200,109.2788940295577,qwen15b-npu5,
1782497958.577875,200,144.85908392816782,qwen15b-npu6,
1782497958.5782938,200,129.3073589913547,qwen15b-npu6,
1782497958.5790584,200,140.1825719512999,qwen15b-npu7,
1782497958.5796213,200,135.40961034595966,qwen15b-npu7,
1782497958.583093,200,109.2748842202127,qwen15b-npu4,
1782497958.5950797,200,107.3294822126627,qwen15b-npu5,
1782497958.595413,200,121.88314879313111,qwen15b-npu5,
1782497958.5979333,200,134.0795811265707,qwen15b-npu3,
1782497958.5984604,200,138.209308963269,qwen15b-npu3,
1782497958.6036825,200,139.51805792748928,qwen15b-npu7,
1782497958.605845,200,108.28626807779074,qwen15b-npu4,
1782497958.6072958,200,138.69785191491246,qwen15b-npu6,
1782497958.618777,200,121.94824032485485,qwen15b-npu5,
1782497958.6324062,200,143.3633635751903,qwen15b-npu7,
1782497958.632771,200,134.92046715691686,qwen15b-npu3,
1782497958.6338298,200,117.6556209102273,qwen15b-npu4,
1782497958.6400378,200,151.8301609903574,qwen15b-npu6,
1782497958.6429844,200,127.37936619669199,qwen15b-npu5,
1782497958.6576068,200,146.4367536827922,qwen15b-npu3,
1782497958.6588027,200,136.6485678590834,qwen15b-npu7,
1782497958.6591642,200,121.55294697731733,qwen15b-npu7,
1782497958.666352,200,143.45494378358126,qwen15b-npu6,
1782497958.6672263,200,116.90008593723178,qwen15b-npu5,
1782497958.6848018,200,134.85069619491696,qwen15b-npu7,
1782497958.6866453,200,135.51611127331853,qwen15b-npu3,
1782497958.686937,200,149.68110667541623,qwen15b-npu3,
1782497958.6874025,200,150.47907223924994,qwen15b-npu3,
1782497958.6913831,200,112.24548378959298,qwen15b-npu5,
1782497958.697124,200,151.26070706173778,qwen15b-npu6,
1782497958.6973796,200,138.58959171921015,qwen15b-npu6,
1782497958.6979692,200,146.46172476932406,qwen15b-npu6,
1782497958.7009766,200,122.57449375465512,qwen15b-npu4,
1782497958.7012496,200,105.76913086697459,qwen15b-npu4,
1782497958.7119207,200,141.44159108400345,qwen15b-npu7,
1782497958.7129042,200,134.91097697988153,qwen15b-npu3,
1782497958.713139,200,129.9481838941574,qwen15b-npu7,
1782497958.7174435,200,111.52494000270963,qwen15b-npu5,
1782497958.7177064,200,119.18580112978816,qwen15b-npu5,
1782497958.7247334,200,129.54038102179766,qwen15b-npu6,
1782497958.724979,200,145.23820579051971,qwen15b-npu6,
1782497958.725302,200,154.43525929003954,qwen15b-npu6,
1782497958.7411928,200,137.43014400824904,qwen15b-npu3,
1782497958.741458,200,134.06869117170572,qwen15b-npu3,
1782497958.7479856,200,129.138408228755,qwen15b-npu4,
1782497958.7482564,200,108.12436696141958,qwen15b-npu4,
1782497958.7520704,200,154.05471483245492,qwen15b-npu6,
1782497958.7644908,200,131.97584729641676,qwen15b-npu7,
1782497958.767552,200,124.48045704513788,qwen15b-npu5,
1782497958.770653,200,111.77844135090709,qwen15b-npu4,
1782497958.781306,200,147.35620096325874,qwen15b-npu6,
1782497958.781564,200,148.73307012021542,qwen15b-npu6,
1782497958.7923489,200,125.94078574329615,qwen15b-npu5,
1782497958.7925847,200,125.26176171377301,qwen15b-npu7,
1782497958.7929127,200,135.2203292772174,qwen15b-npu7,
1782497958.8086467,200,149.40988505259156,qwen15b-npu6,
1782497958.8179042,200,104.6910141594708,qwen15b-npu4,
1782497958.8190432,200,107.06524970009923,qwen15b-npu4,
1782497958.8195763,200,121.54596718028188,qwen15b-npu5,
1782497958.820147,200,122.95383587479591,qwen15b-npu7,
1782497958.8205082,200,129.05021803453565,qwen15b-npu7,
1782497958.8207726,200,123.29840892925858,qwen15b-npu5,
1782497958.8210719,200,136.17701502516866,qwen15b-npu5,
1782497958.8237896,200,122.48031422495842,qwen15b-npu3,
1782497958.824171,200,137.10500206798315,qwen15b-npu3,
1782497958.8246417,200,137.92233727872372,qwen15b-npu3,
1782497958.8382626,200,150.79546393826604,qwen15b-npu6,
1782497958.8386264,200,137.5836245715618,qwen15b-npu6,
1782497958.8437896,200,126.01430714130402,qwen15b-npu5,
1782497958.845151,200,119.77779492735863,qwen15b-npu7,
1782497958.845425,200,120.62289100140333,qwen15b-npu7,
1782497958.8509746,200,125.93254633247852,qwen15b-npu3,
1782497958.8514025,200,133.8819400407374,qwen15b-npu3,
1782497958.8517222,200,138.7533419765532,qwen15b-npu3,
1782497958.8650334,200,123.4933896921575,qwen15b-npu4,
1782497958.8657577,200,117.70344199612737,qwen15b-npu4,
1782497958.8665037,200,125.24733180180192,qwen15b-npu6,
1782497958.8709643,200,122.64789501205087,qwen15b-npu7,
1782497958.8932986,200,128.7347860634327,qwen15b-npu5,
1782497958.8944008,200,142.2663857229054,qwen15b-npu6,
1782497958.9021757,200,120.80524303019047,qwen15b-npu3,
1782497958.9030776,200,135.4646012187004,qwen15b-npu3,
1782497958.9034867,200,132.7732317149639,qwen15b-npu3,
1782497958.9184484,200,109.73983816802502,qwen15b-npu5,
1782497958.9229486,200,130.2982158958912,qwen15b-npu7,
1782497958.924566,200,132.1533783338964,qwen15b-npu6,
1782497958.9248133,200,131.83551700785756,qwen15b-npu6,
1782497958.925043,200,143.4150841087103,qwen15b-npu6,
1782497958.9380453,200,113.74048516154289,qwen15b-npu4,
1782497958.9384184,200,120.44750899076462,qwen15b-npu4,
1782497958.9458566,200,121.94169918075204,qwen15b-npu5,
1782497958.9461164,200,127.00101407244802,qwen15b-npu5,
1782497958.9469302,200,122.18799209222198,qwen15b-npu5,
1782497958.9505558,200,129.96868370100856,qwen15b-npu7,
1782497958.951266,200,131.0248109512031,qwen15b-npu7,
1782497958.951593,200,130.45934727415442,qwen15b-npu6,
1782497958.9556873,200,136.03696413338184,qwen15b-npu3,
1782497958.9560153,200,135.16184873878956,qwen15b-npu3,
1782497958.961801,200,110.001549590379,qwen15b-npu4,
1782497958.9621263,200,116.6149340569973,qwen15b-npu4,
1782497958.969381,200,117.89056332781911,qwen15b-npu5,
1782497958.9696562,200,125.78600505366921,qwen15b-npu5,
1782497958.978246,200,139.87992983311415,qwen15b-npu7,
1782497958.9786096,200,127.4822480045259,qwen15b-npu7,
1782497958.9797957,200,141.10521879047155,qwen15b-npu6,
1782497958.9819603,200,136.74626918509603,qwen15b-npu3,
1782497958.986649,200,115.61855813488364,qwen15b-npu4,
1782497958.9870238,200,120.4480598680675,qwen15b-npu4,
1782497958.9874535,200,122.35286319628358,qwen15b-npu4,
1782497959.0086918,200,142.83460099250078,qwen15b-npu6,
1782497959.01008,200,116.70348374173045,qwen15b-npu4,
1782497959.0103416,200,107.17132082208991,qwen15b-npu4,
1782497959.0313134,200,127.74540856480598,qwen15b-npu7,
1782497959.0368416,200,134.5750750042498,qwen15b-npu6,
1782497959.0379803,200,143.51097540929914,qwen15b-npu3,
1782497959.0460877,200,123.07633692398667,qwen15b-npu5,
1782497959.0463595,200,121.4731871150434,qwen15b-npu5,
1782497959.0466394,200,122.00789991766214,qwen15b-npu5,
1782497959.059134,200,140.61560528352857,qwen15b-npu7,
1782497959.0595312,200,134.43128392100334,qwen15b-npu7,
1782497959.068043,200,129.88188304007053,qwen15b-npu3,
1782497959.0700667,200,131.5506538376212,qwen15b-npu6,
1782497959.0737326,200,126.70871196314692,qwen15b-npu5,
1782497959.0843825,200,114.92995312437415,qwen15b-npu4,
1782497959.085526,200,123.63901128992438,qwen15b-npu4,
1782497959.085949,200,116.22660094872117,qwen15b-npu4,
1782497959.0867202,200,136.05317380279303,qwen15b-npu7,
1782497959.0876873,200,136.01609505712986,qwen15b-npu7,
1782497959.0944571,200,138.3373597636819,qwen15b-npu6,
1782497959.0948582,200,143.49002484232187,qwen15b-npu6,
1782497959.0970263,200,134.82201704755425,qwen15b-npu5,
1782497959.097387,200,117.50940000638366,qwen15b-npu5,
1782497959.1003397,200,154.16057594120502,qwen15b-npu3,
1782497959.1006927,200,144.93008377030492,qwen15b-npu3,
1782497959.101113,200,155.18160304054618,qwen15b-npu3,
1782497959.1136672,200,126.54064130038023,qwen15b-npu7,
1782497959.1140738,200,132.03164702281356,qwen15b-npu7,
1782497959.1223302,200,143.63557612523437,qwen15b-npu6,
1782497959.1226761,200,135.9179336577654,qwen15b-npu6,
1782497959.126376,200,148.0265948921442,qwen15b-npu3,
1782497959.1267374,200,139.2138758674264,qwen15b-npu3,
1782497959.131068,200,122.30234313756227,qwen15b-npu4,
1782497959.1459403,200,135.78936317935586,qwen15b-npu5,
1782497959.1496203,200,139.1828148625791,qwen15b-npu6,
1782497959.157026,200,125.6265346892178,qwen15b-npu4,
1782497959.157325,200,111.15583684295416,qwen15b-npu4,
1782497959.166966,200,120.2532290481031,qwen15b-npu7,
1782497959.1677861,200,121.36162631213665,qwen15b-npu7,
1782497959.1794462,200,141.37905137613416,qwen15b-npu3,
1782497959.179964,200,143.01111083477736,qwen15b-npu3,
1782497959.1812816,200,122.00279999524355,qwen15b-npu4,
1782497959.1980903,200,113.59316436573863,qwen15b-npu5,
1782497959.1984918,200,112.84393863752484,qwen15b-npu5,
1782497959.199543,200,131.2882429920137,qwen15b-npu5,
1782497959.2051888,200,119.16044121608138,qwen15b-npu3,
1782497959.2071114,200,120.2871692366898,qwen15b-npu4,
1782497959.2074935,200,133.61418806016445,qwen15b-npu6,
1782497959.2080064,200,148.40684784576297,qwen15b-npu6,
1782497959.2083392,200,138.0032580345869,qwen15b-npu4,
1782497959.2204306,200,125.46428292989731,qwen15b-npu7,
1782497959.2207837,200,126.21731869876385,qwen15b-npu7,
1782497959.222893,200,122.44699336588383,qwen15b-npu5,
1782497959.2234268,200,126.31131988018751,qwen15b-npu5,
1782497959.2317107,200,130.50513714551926,qwen15b-npu4,
1782497959.232074,200,109.3195746652782,qwen15b-npu4,
1782497959.2325184,200,131.7317159846425,qwen15b-npu4,
1782497959.2332287,200,119.05850004404783,qwen15b-npu3,
1782497959.234546,200,146.7497763223946,qwen15b-npu6,
1782497959.2349212,200,137.42572395130992,qwen15b-npu6,
1782497959.2478662,200,121.37820618227124,qwen15b-npu7,
1782497959.2489681,200,135.18262887373567,qwen15b-npu7,
1782497959.2493804,200,122.56367411464453,qwen15b-npu7,
1782497959.2594495,200,128.29124322161078,qwen15b-npu3,
1782497959.2629452,200,140.52146486938,qwen15b-npu6,
1782497959.2731586,200,127.14257463812828,qwen15b-npu5,
1782497959.2777147,200,110.68212427198887,qwen15b-npu4,
1782497959.286008,200,128.90663603320718,qwen15b-npu3,
1782497959.2865934,200,129.19702799990773,qwen15b-npu3,
1782497959.2915342,200,123.68521140888333,qwen15b-npu6,
1782497959.2920895,200,142.37598702311516,qwen15b-npu6,
1782497959.2993305,200,119.80880610644817,qwen15b-npu5,
1782497959.2996655,200,119.57235401496291,qwen15b-npu5,
1782497959.3027894,200,121.40291603282094,qwen15b-npu4,
1782497959.3238328,200,115.73242908343673,qwen15b-npu5,
1782497959.326116,200,118.89808857813478,qwen15b-npu4,
1782497959.3293023,200,120.86059199646115,qwen15b-npu7,
1782497959.329616,200,131.40770327299833,qwen15b-npu7,
1782497959.340466,200,135.1995887234807,qwen15b-npu3,
1782497959.340835,200,119.91926608607173,qwen15b-npu3,
1782497959.3411522,200,141.51901099830866,qwen15b-npu3,
1782497959.3493075,200,150.68783331662416,qwen15b-npu6,
1782497959.3496208,200,141.9848152436316,qwen15b-npu6,
1782497959.350541,200,127.54260702058673,qwen15b-npu5,
1782497959.35191,200,128.3836429938674,qwen15b-npu4,
1782497959.3523188,200,117.6725709810853,qwen15b-npu4,
1782497959.3562536,200,135.73166308924556,qwen15b-npu7,
1782497959.3566177,200,124.80979925021529,qwen15b-npu7,
1782497959.3660128,200,130.96762029454112,qwen15b-npu3,
1782497959.3663528,200,116.85588490217924,qwen15b-npu3,
1782497959.3775308,200,114.48336998000741,qwen15b-npu4,
1782497959.3779056,200,128.81715642288327,qwen15b-npu4,
1782497959.3796964,200,147.49448094516993,qwen15b-npu6,
1782497959.3803434,200,147.72389316931367,qwen15b-npu6,
1782497959.380719,200,147.42537075653672,qwen15b-npu6,
1782497959.3837109,200,135.7689229771495,qwen15b-npu7,
1782497959.4009967,200,114.92582224309444,qwen15b-npu5,
1782497959.4013543,200,128.0954610556364,qwen15b-npu5,
1782497959.4017947,200,115.12847431004047,qwen15b-npu5,
1782497959.4062564,200,146.70360693708062,qwen15b-npu6,
1782497959.4203842,200,120.5992610193789,qwen15b-npu3,
1782497959.4206536,200,129.05302830040455,qwen15b-npu3,
1782497959.4208665,200,143.06772220879793,qwen15b-npu3,
1782497959.4244967,200,125.09178090840578,qwen15b-npu4,
1782497959.425156,200,132.99355376511812,qwen15b-npu5,
1782497959.434481,200,131.58581405878067,qwen15b-npu6,
1782497959.4624608,200,132.72380316630006,qwen15b-npu6,
1782497959.467233,200,141.02455833926797,qwen15b-npu7,
1782497959.467504,200,143.59102537855506,qwen15b-npu7,
1782497959.4678197,200,126.90302403643727,qwen15b-npu7,
1782497959.4757996,200,126.05745671316981,qwen15b-npu4,
1782497959.4763875,200,109.95011916384101,qwen15b-npu4,
1782497959.4767888,200,124.78990899398923,qwen15b-npu4,
1782497959.4770706,200,135.85094409063458,qwen15b-npu5,
1782497959.478996,200,138.4117309935391,qwen15b-npu5,
1782497959.4793851,200,122.6613037288189,qwen15b-npu5,
1782497959.4797492,200,130.35674672573805,qwen15b-npu3,
1782497959.4800491,200,150.66073322668672,qwen15b-npu3,
1782497959.491026,200,138.6107220314443,qwen15b-npu6,
1782497959.4924161,200,136.05246460065246,qwen15b-npu7,
1782497959.4928946,200,142.2585160471499,qwen15b-npu7,
1782497959.4979239,200,117.1013368293643,qwen15b-npu4,
1782497959.500145,200,116.34061206132174,qwen15b-npu5,
1782497959.5040972,200,123.64361202344298,qwen15b-npu3,
1782497959.5043533,200,138.23298877105117,qwen15b-npu3,
1782497959.5191712,200,141.18324918672442,qwen15b-npu7,
1782497959.521056,200,143.40268541127443,qwen15b-npu6,
1782497959.5213065,200,141.53305115178227,qwen15b-npu6,
1782497959.524106,200,122.17240128666162,qwen15b-npu4,
1782497959.5310912,200,129.6383421868086,qwen15b-npu3,
1782497959.5466948,200,145.5886489711702,qwen15b-npu7,
1782497959.5479891,200,127.06497497856617,qwen15b-npu4,
1782497959.5493724,200,143.03090190514922,qwen15b-npu6,
1782497959.5499003,200,129.43657021969557,qwen15b-npu6,
1782497959.5521877,200,127.62828776612878,qwen15b-npu5,
1782497959.5525033,200,117.96008329838514,qwen15b-npu5,
1782497959.553189,200,132.4682109989226,qwen15b-npu5,
1782497959.5587134,200,133.47949786111712,qwen15b-npu3,
1782497959.600085,200,123.20921896025538,qwen15b-npu4,
1782497959.6006851,200,133.38360702618957,qwen15b-npu4,
1782497959.6013396,200,122.19964107498527,qwen15b-npu4,
1782497959.6027565,200,126.8824627622962,qwen15b-npu5,
1782497959.6042387,200,127.09830468520522,qwen15b-npu7,
1782497959.6054769,200,128.97877674549818,qwen15b-npu7,
1782497959.6061401,200,143.60350603237748,qwen15b-npu7,
1782497959.6109152,200,130.76310977339745,qwen15b-npu6,
1782497959.6118839,200,144.30881990119815,qwen15b-npu6,
1782497959.6122196,200,132.38622015342116,qwen15b-npu6,
1782497959.624092,200,156.20595030486584,qwen15b-npu3,
1782497959.624524,200,145.03011479973793,qwen15b-npu3,
1782497959.6250365,200,132.56169157102704,qwen15b-npu3,
1782497959.633156,200,128.98868741467595,qwen15b-npu5,
1782497959.633548,200,135.565971955657,qwen15b-npu4,
1782497959.6356087,200,142.64918910339475,qwen15b-npu6,
1782497959.641713,200,141.50523208081722,qwen15b-npu7,
1782497959.6420918,200,137.63980520889163,qwen15b-npu7,
1782497959.6424618,200,151.35091776028275,qwen15b-npu7,
1782497959.6439655,200,124.72219904884696,qwen15b-npu3,
1782497959.650601,200,129.4864397495985,qwen15b-npu4,
1782497959.6520295,200,127.83930916339159,qwen15b-npu5,
1782497959.6562371,200,134.86253609880805,qwen15b-npu7,
1782497959.6712637,200,140.08668111637235,qwen15b-npu3,
1782497959.6766818,200,129.8790229484439,qwen15b-npu4,
1782497959.6778328,200,119.0386707894504,qwen15b-npu4,
1782497959.678247,200,128.80766624584794,qwen15b-npu5,
1782497959.6785562,200,125.30122185125947,qwen15b-npu4,
1782497959.6942573,200,141.65917225182056,qwen15b-npu6,
1782497959.6945534,200,146.49565517902374,qwen15b-npu6,
1782497959.694788,200,144.82469391077757,qwen15b-npu6,
1782497959.6998763,200,147.59564260020852,qwen15b-npu3,
1782497959.7245383,200,120.18549768254161,qwen15b-npu4,
1782497959.7248976,200,124.02650434523821,qwen15b-npu4,
1782497959.7255714,200,119.14703110232949,qwen15b-npu5,
1782497959.7361028,200,130.54004730656743,qwen15b-npu7,
1782497959.748864,200,136.57429814338684,qwen15b-npu6,
1782497959.7491727,200,148.9039408043027,qwen15b-npu6,
1782497959.7493644,200,124.76013926789165,qwen15b-npu4,
1782497959.755127,200,121.83498870581388,qwen15b-npu5,
1782497959.755373,200,130.26459561660886,qwen15b-npu5,
1782497959.7556293,200,113.45967324450612,qwen15b-npu5,
1782497959.7558775,200,111.83773167431355,qwen15b-npu5,
1782497959.7590046,200,156.15200996398926,qwen15b-npu3,
1782497959.7592974,200,157.78810111805797,qwen15b-npu3,
1782497959.7596993,200,147.7266331203282,qwen15b-npu3,
1782497959.7605433,200,149.35892401263118,qwen15b-npu3,
1782497959.7677984,200,134.1744321398437,qwen15b-npu7,
1782497959.7681098,200,126.27814896404743,qwen15b-npu7,
1782497959.7684574,200,144.2463700659573,qwen15b-npu7,
1782497959.7764428,200,133.86951014399529,qwen15b-npu6,
1782497959.7767444,200,141.01186813786626,qwen15b-npu6,
1782497959.7849216,200,132.83243402838707,qwen15b-npu3,
1782497959.7914646,200,140.77838696539402,qwen15b-npu7,
1782497959.7990386,200,121.09858402982354,qwen15b-npu4,
1782497959.7994442,200,120.80956203863025,qwen15b-npu4,
1782497959.8050199,200,148.72253965586424,qwen15b-npu6,
1782497959.8054006,200,134.0751713141799,qwen15b-npu6,
1782497959.8147655,200,136.42201712355018,qwen15b-npu3,
1782497959.8150666,200,138.26782908290625,qwen15b-npu3,
1782497959.8228216,200,128.4783431328833,qwen15b-npu4,
1782497959.8273919,200,132.54752103239298,qwen15b-npu5,
1782497959.8279405,200,133.31112591549754,qwen15b-npu5,
1782497959.8281698,200,128.20575200021267,qwen15b-npu5,
1782497959.8434887,200,118.86395886540413,qwen15b-npu7,
1782497959.850776,200,125.13677077367902,qwen15b-npu5,
1782497959.8605597,200,135.58657094836235,qwen15b-npu6,
1782497959.8702083,200,120.78621191903949,qwen15b-npu7,
1782497959.870477,200,121.24379491433501,qwen15b-npu7,
1782497959.8710375,200,134.85798705369234,qwen15b-npu7,
1782497959.8724043,200,117.20834812149405,qwen15b-npu4,
1782497959.8727047,200,117.25664883852005,qwen15b-npu4,
1782497959.8766177,200,127.66024796292186,qwen15b-npu5,
1782497959.876871,200,120.935482904315,qwen15b-npu5,
1782497959.8772542,200,118.1758139282465,qwen15b-npu5,
1782497959.8874147,200,126.7945128493011,qwen15b-npu6,
1782497959.895147,200,127.2616758942604,qwen15b-npu3,
1782497959.8954465,200,135.66738180816174,qwen15b-npu3,
1782497959.8962498,200,136.81147014722228,qwen15b-npu7,
1782497959.8965707,200,140.86915692314506,qwen15b-npu7,
1782497959.9011602,200,116.17269087582827,qwen15b-npu5,
1782497959.9185445,200,150.36657080054283,qwen15b-npu6,
1782497959.9188173,200,127.2222762927413,qwen15b-npu6,
1782497959.9192202,200,150.65090218558908,qwen15b-npu6,
1782497959.923182,200,123.58836084604263,qwen15b-npu4,
1782497959.9234507,200,108.59353002160788,qwen15b-npu4,
1782497959.9237127,200,118.59412817284465,qwen15b-npu4,
1782497959.9240444,200,147.23302982747555,qwen15b-npu3,
1782497959.92476,200,148.23588682338595,qwen15b-npu3,
1782497959.9259768,200,126.8460531719029,qwen15b-npu5,
1782497959.9442644,200,138.7517428956926,qwen15b-npu6,
1782497959.946347,200,123.45607997849584,qwen15b-npu7,
1782497959.946627,200,118.37735585868359,qwen15b-npu4,
1782497959.9483058,200,120.8416917361319,qwen15b-npu5,
1782497959.9488895,200,133.73895874246955,qwen15b-npu3,
1782497959.9707384,200,110.10327003896236,qwen15b-npu4,
1782497959.9721282,200,144.12638917565346,qwen15b-npu6,
1782497959.9736705,200,130.07490476593375,qwen15b-npu5,
1782497959.975424,200,124.57169685512781,qwen15b-npu3,
1782497959.9946105,200,124.0568240173161,qwen15b-npu4,
1782497959.9976192,200,110.12012138962746,qwen15b-npu5,
1782497960.0017748,200,124.8104702681303,qwen15b-npu7,
1782497960.0020585,200,129.2755790054798,qwen15b-npu7,
1782497960.003424,200,133.13439628109336,qwen15b-npu6,
1782497960.0038388,200,127.1516541019082,qwen15b-npu7,
1782497960.0054743,200,128.13575100153685,qwen15b-npu7,
1782497960.0058012,200,133.31138715147972,qwen15b-npu3,
1782497960.0063093,200,135.1892394013703,qwen15b-npu3,
1782497960.0188468,200,122.20492074266076,qwen15b-npu4,
1782497960.0219276,200,125.61081489548087,qwen15b-npu5,
1782497960.0275526,200,132.33175035566092,qwen15b-npu7,
1782497960.0319006,200,136.37904729694128,qwen15b-npu6,
1782497960.0323088,200,131.0788313858211,qwen15b-npu6,
1782497960.0430272,200,119.2432721145451,qwen15b-npu4,
1782497960.0461998,200,127.57740775123239,qwen15b-npu5,
1782497960.0474267,200,124.16800390928984,qwen15b-npu5,
1782497960.053375,200,134.07691102474928,qwen15b-npu7,
1782497960.0537376,200,130.2093262784183,qwen15b-npu7,
1782497960.0552778,200,129.2378888465464,qwen15b-npu3,
1782497960.0556223,200,130.78849017620087,qwen15b-npu3,
1782497960.0564194,200,137.53103464841843,qwen15b-npu3,
1782497960.0599997,200,135.8844842761755,qwen15b-npu6,
1782497960.0684767,200,122.05326091498137,qwen15b-npu4,
1782497960.0691085,200,122.38288298249245,qwen15b-npu4,
1782497960.0713594,200,122.40417301654816,qwen15b-npu5,
1782497960.0721712,200,123.77086188644171,qwen15b-npu5,
1782497960.0792484,200,134.87285608425736,qwen15b-npu7,
1782497960.0943792,200,120.65181089565158,qwen15b-npu5,
1782497960.1163146,200,114.46824995800853,qwen15b-npu4,
1782497960.1186018,200,146.41374396160245,qwen15b-npu6,
1782497960.1188552,200,148.0525159277022,qwen15b-npu6,
1782497960.119173,200,143.68604589253664,qwen15b-npu6,
1782497960.1199505,200,114.39077882096171,qwen15b-npu5,
1782497960.1327403,200,130.5376379750669,qwen15b-npu7,
1782497960.1331139,200,138.43311090022326,qwen15b-npu7,
1782497960.1366494,200,132.69397197291255,qwen15b-npu3,
1782497960.136935,200,139.24814574420452,qwen15b-npu3,
1782497960.1373563,200,133.81130993366241,qwen15b-npu3,
1782497960.1378603,200,131.42923265695572,qwen15b-npu3,
1782497960.142268,200,136.30399573594332,qwen15b-npu6,
1782497960.1432083,200,115.55871739983559,qwen15b-npu5,
1782497960.1438642,200,124.8949496075511,qwen15b-npu4,
1782497960.144538,200,122.47745273634791,qwen15b-npu4,
1782497960.1576674,200,114.57403097301722,qwen15b-npu7,
1782497960.159863,200,127.4572666734457,qwen15b-npu3,
1782497960.1657398,200,111.89713189378381,qwen15b-npu4,
1782497960.1677563,200,120.19330821931362,qwen15b-npu5,
1782497960.168446,200,108.38031908497214,qwen15b-npu5,
1782497960.169176,200,137.1694621630013,qwen15b-npu6,
1782497960.1694918,200,123.22562793269753,qwen15b-npu6,
1782497960.1850846,200,113.63614397123456,qwen15b-npu3,
1782497960.1857045,200,129.19604824855924,qwen15b-npu3,
1782497960.1860394,200,116.86369497328997,qwen15b-npu7,
1782497960.1870472,200,133.5649979300797,qwen15b-npu7,
1782497960.187518,200,118.97085001692176,qwen15b-npu3,
1782497960.1886723,200,133.29502614215016,qwen15b-npu7,
1782497960.1896937,200,117.43351025506854,qwen15b-npu4,
1782497960.1950307,200,139.30375687777996,qwen15b-npu6,
1782497960.211161,200,116.7118139564991,qwen15b-npu7,
1782497960.2252142,200,145.89985087513924,qwen15b-npu6,
1782497960.2365484,200,116.51212302967906,qwen15b-npu4,
1782497960.2371554,200,118.22707485407591,qwen15b-npu4,
1782497960.2380698,200,118.78917785361409,qwen15b-npu7,
1782497960.2435553,200,110.3433920070529,qwen15b-npu5,
1782497960.2438803,200,127.49169673770666,qwen15b-npu5,
1782497960.2443035,200,125.63186511397362,qwen15b-npu5,
1782497960.2619848,200,117.38006910309196,qwen15b-npu4,
1782497960.262282,200,118.97254968062043,qwen15b-npu4,
1782497960.2635126,200,126.48465018719435,qwen15b-npu4,
1782497960.2641826,200,126.72001169994473,qwen15b-npu4,
1782497960.2644773,200,131.63330499082804,qwen15b-npu3,
1782497960.2649941,200,122.58415389806032,qwen15b-npu3,
1782497960.265226,200,121.29510566592216,qwen15b-npu3,
1782497960.2654805,200,127.5488268584013,qwen15b-npu3,
1782497960.281741,200,124.01080410927534,qwen15b-npu6,
1782497960.2826326,200,145.90181084349751,qwen15b-npu6,
1782497960.2866294,200,118.76182910054922,qwen15b-npu3,
1782497960.2912726,200,122.0065401867032,qwen15b-npu5,
1782497960.291658,200,123.11309715732932,qwen15b-npu5,
1782497960.2920668,200,126.23043823987246,qwen15b-npu7,
1782497960.2924907,200,122.90737591683865,qwen15b-npu7,
1782497960.3065498,200,119.39546326175332,qwen15b-npu4,
1782497960.307508,200,147.57933234795928,qwen15b-npu6,
1782497960.3121738,200,117.04739695414901,qwen15b-npu3,
1782497960.313538,200,123.76235285773873,qwen15b-npu5,
1782497960.3178406,200,132.6659913174808,qwen15b-npu7,
1782497960.3183498,200,129.61190100759268,qwen15b-npu7,
1782497960.3186266,200,132.51415081322193,qwen15b-npu7,
1782497960.3337848,200,146.18808310478926,qwen15b-npu6,
1782497960.3348367,200,149.04156234115362,qwen15b-npu6,
1782497960.338629,200,113.33847232162952,qwen15b-npu5,
1782497960.3432343,200,131.9775772280991,qwen15b-npu7,
1782497960.3551664,200,111.51894927024841,qwen15b-npu4,
1782497960.3557699,200,118.54460695758462,qwen15b-npu4,
1782497960.3617065,200,117.72234132513404,qwen15b-npu6,
1782497960.3621807,200,125.55586500093341,qwen15b-npu6,
1782497960.3626175,200,118.23775479570031,qwen15b-npu6,
1782497960.3639307,200,125.76484493911266,qwen15b-npu5,
1782497960.3789878,200,113.45330299809575,qwen15b-npu4,
1782497960.3861115,200,121.55328691005707,qwen15b-npu6,
1782497960.3875613,200,122.26930167526007,qwen15b-npu5,
1782497960.3882585,200,123.98516433313489,qwen15b-npu5,
1782497960.3911097,200,127.48400680720806,qwen15b-npu3,
1782497960.3914464,200,129.3758088722825,qwen15b-npu3,
1782497960.3963513,200,131.29440182819963,qwen15b-npu7,
1782497960.3966956,200,134.31639317423105,qwen15b-npu7,
1782497960.4024162,200,120.6063013523817,qwen15b-npu4,
1782497960.4114068,200,120.01048680394888,qwen15b-npu6,
1782497960.4124644,200,120.3054990619421,qwen15b-npu5,
1782497960.4129512,200,126.25959934666753,qwen15b-npu5,
1782497960.4165618,200,133.80417879670858,qwen15b-npu3,
1782497960.422872,200,130.26868598535657,qwen15b-npu7,
1782497960.4234288,200,131.67607504874468,qwen15b-npu7,
1782497960.4272802,200,108.59153000637889,qwen15b-npu4,
1782497960.4279282,200,115.68800825625658,qwen15b-npu4,
1782497960.4286573,200,115.0314835831523,qwen15b-npu4,
1782497960.435192,200,116.75904504954815,qwen15b-npu5,
1782497960.4379988,200,120.0738069601357,qwen15b-npu6,
1782497960.438286,200,131.666274741292,qwen15b-npu6,
1782497960.4425204,200,134.93805704638362,qwen15b-npu3,
1782497960.4691265,200,125.82314573228359,qwen15b-npu3,
1782497960.4694803,200,135.6082120910287,qwen15b-npu3,
1782497960.4731543,200,109.15616387501359,qwen15b-npu4,
1782497960.4735212,200,118.28858498483896,qwen15b-npu4,
1782497960.475379,200,140.459175221622,qwen15b-npu7,
1782497960.4761298,200,137.41934392601252,qwen15b-npu7,
1782497960.4879498,200,132.11594801396132,qwen15b-npu5,
1782497960.4890006,200,126.72531185671687,qwen15b-npu6,
1782497960.4894116,200,126.68620189651847,qwen15b-npu6,
1782497960.4955215,200,133.66518914699554,qwen15b-npu3,
1782497960.4959633,200,116.8843456543982,qwen15b-npu3,
1782497960.501555,200,115.3411460109055,qwen15b-npu7,
1782497960.5137777,200,125.43175276368856,qwen15b-npu6,
1782497960.5141468,200,126.50290038436651,qwen15b-npu5,
1782497960.514885,200,118.44024620950222,qwen15b-npu6,
1782497960.5197132,200,117.23533784970641,qwen15b-npu4,
1782497960.5199957,200,123.23752883821726,qwen15b-npu4,
1782497960.521017,200,129.80943219736218,qwen15b-npu3,
1782497960.5291262,200,137.57763477042317,qwen15b-npu7,
1782497960.5294487,200,116.42077285796404,qwen15b-npu7,
1782497960.5401912,200,123.56978980824351,qwen15b-npu5,
1782497960.5404706,200,128.91534622758627,qwen15b-npu5,
1782497960.5407019,200,128.14218178391457,qwen15b-npu5,
1782497960.54175,200,118.7529587186873,qwen15b-npu6,
1782497960.5422013,200,114.84393198043108,qwen15b-npu6,
1782497960.5437446,200,108.47131907939911,qwen15b-npu4,
1782497960.5478055,200,119.08391071483493,qwen15b-npu3,
1782497960.5560803,200,118.00218326970935,qwen15b-npu7,
1782497960.5563219,200,132.7785928733647,qwen15b-npu7,
1782497960.5647092,200,136.69659895822406,qwen15b-npu5,
1782497960.5650513,200,126.6698818653822,qwen15b-npu5,
1782497960.573184,200,130.5603077635169,qwen15b-npu3,
1782497960.5889058,200,113.40034194290638,qwen15b-npu4,
1782497960.59025,200,116.63306411355734,qwen15b-npu6,
1782497960.5906157,200,117.36805876716971,qwen15b-npu6,
1782497960.5993793,200,129.82921302318573,qwen15b-npu3,
1782497960.609042,200,139.82214033603668,qwen15b-npu7,
1782497960.6097097,200,121.69700814411044,qwen15b-npu7,
1782497960.6144724,200,118.82756883278489,qwen15b-npu5,
1782497960.6152623,200,139.0509051270783,qwen15b-npu6,
1782497960.6370673,200,148.0041448958218,qwen15b-npu3,
1782497960.6381056,200,142.04600546509027,qwen15b-npu3,
1782497960.6387286,200,117.6283610984683,qwen15b-npu4,
1782497960.6390562,200,137.405124027282,qwen15b-npu7,
1782497960.6394463,200,119.65869460254908,qwen15b-npu4,
1782497960.6397302,200,150.220210198313,qwen15b-npu3,
1782497960.6403716,200,125.40269270539284,qwen15b-npu7,
1782497960.6406484,200,111.09311738982797,qwen15b-npu4,
1782497960.643304,200,129.41640010103583,qwen15b-npu6,
1782497960.643712,200,114.50334917753935,qwen15b-npu6,
1782497960.6534429,200,139.2047661356628,qwen15b-npu3,
1782497960.6538002,200,133.73674917966127,qwen15b-npu3,
1782497960.6588843,200,118.09133412316442,qwen15b-npu4,
1782497960.6629066,200,120.6197701394558,qwen15b-npu7,
1782497960.663808,200,123.53467103093863,qwen15b-npu7,
1782497960.6667109,200,126.18002807721496,qwen15b-npu5,
1782497960.6675625,200,111.17573780938983,qwen15b-npu5,
1782497960.6689365,200,112.78539802879095,qwen15b-npu6,
1782497960.669764,200,127.88193998858333,qwen15b-npu6,
1782497960.6788554,200,135.03116834908724,qwen15b-npu3,
1782497960.6889706,200,141.07615919783711,qwen15b-npu7,
1782497960.691252,200,126.10910786315799,qwen15b-npu5,
1782497960.6923773,200,127.56616808474064,qwen15b-npu5,
1782497960.692732,200,119.46333292871714,qwen15b-npu5,
1782497960.7075007,200,116.77163513377309,qwen15b-npu4,
1782497960.7084515,200,119.46923425421119,qwen15b-npu4,
1782497960.7087982,200,118.44754591584206,qwen15b-npu4,
1782497960.7198348,200,120.35910878330469,qwen15b-npu6,
1782497960.7313108,200,115.94696901738644,qwen15b-npu3,
1782497960.74425,200,134.45121375843883,qwen15b-npu5,
1782497960.7452774,200,136.16914488375187,qwen15b-npu7,
1782497960.7486215,200,134.062091819942,qwen15b-npu6,
1782497960.7566216,200,119.45960391312838,qwen15b-npu4,
1782497960.757486,200,114.03826624155045,qwen15b-npu4,
1782497960.7579036,200,118.37856564670801,qwen15b-npu4,
1782497960.7683477,200,127.60116811841726,qwen15b-npu5,
1782497960.7687104,200,124.90613991394639,qwen15b-npu5,
1782497960.7695777,200,130.76091976836324,qwen15b-npu7,
1782497960.770157,200,130.9892414137721,qwen15b-npu7,
1782497960.772863,200,134.67041589319706,qwen15b-npu3,
1782497960.7731595,200,132.71023333072662,qwen15b-npu3,
1782497960.774542,200,134.71462624147534,qwen15b-npu6,
1782497960.774867,200,121.33285636082292,qwen15b-npu6,
1782497960.7788093,200,119.86796604469419,qwen15b-npu4,
1782497960.7942054,200,130.31719578430057,qwen15b-npu5,
1782497960.797649,200,128.6248341202736,qwen15b-npu7,
1782497960.7979069,200,131.13173190504313,qwen15b-npu7,
1782497960.8001063,200,130.2458760328591,qwen15b-npu3,
1782497960.8005269,200,132.85711407661438,qwen15b-npu6,
1782497960.800815,200,146.9205478206277,qwen15b-npu3,
1782497960.8011832,200,138.19394912570715,qwen15b-npu3,
1782497960.8027618,200,123.82150301709771,qwen15b-npu4,
1782497960.8034053,200,110.92414613813162,qwen15b-npu4,
1782497960.8195398,200,128.21757281199098,qwen15b-npu5,
1782497960.8235111,200,134.44877415895462,qwen15b-npu7,
1782497960.8255258,200,116.65470479056239,qwen15b-npu4,
1782497960.8261619,200,133.33569606766105,qwen15b-npu6,
1782497960.8450408,200,113.66780428215861,qwen15b-npu5,
1782497960.8503344,200,130.43065695092082,qwen15b-npu3,
1782497960.8515797,200,143.03194219246507,qwen15b-npu7,
1782497960.8519106,200,144.3218500353396,qwen15b-npu7,
1782497960.870186,200,124.81684889644384,qwen15b-npu5,
1782497960.8705194,200,113.79974475130439,qwen15b-npu5,
1782497960.8752859,200,106.83907801285386,qwen15b-npu4,
1782497960.8756661,200,105.43960891664028,qwen15b-npu4,
1782497960.8777845,200,129.0824981406331,qwen15b-npu3,
1782497960.88139,200,123.36163921281695,qwen15b-npu6,
1782497960.8817286,200,124.13113517686725,qwen15b-npu6,
1782497960.8827074,200,138.35956016555429,qwen15b-npu6,
1782497960.8936162,200,120.39371021091938,qwen15b-npu5,
1782497960.8960738,200,101.78293380886316,qwen15b-npu4,
1782497960.905181,200,132.2455587796867,qwen15b-npu7,
1782497960.9054885,200,135.82574296742678,qwen15b-npu7,
1782497960.9057689,200,136.99590088799596,qwen15b-npu3,
1782497960.9060528,200,127.15257471427321,qwen15b-npu3,
1782497960.9088829,200,133.8926600292325,qwen15b-npu6,
1782497960.9092805,200,134.6641150303185,qwen15b-npu6,
1782497960.9197037,200,118.77574911341071,qwen15b-npu5,
1782497960.9200358,200,122.3101019859314,qwen15b-npu5,
1782497960.9210227,200,120.80752197653055,qwen15b-npu4,
1782497960.9216142,200,118.14154405146837,qwen15b-npu5,
1782497960.9219766,200,124.00762317702174,qwen15b-npu4,
1782497960.9312737,200,128.43343429267406,qwen15b-npu7,
1782497960.9316018,200,131.00802106782794,qwen15b-npu7,
1782497960.9343905,200,133.10275506228209,qwen15b-npu6,
1782497960.9462776,200,120.05158793181181,qwen15b-npu5,
1782497960.957208,200,137.57891487330198,qwen15b-npu3,
1782497960.9579434,200,134.32407332584262,qwen15b-npu7,
1782497960.9606693,200,135.081488173455,qwen15b-npu6,
1782497960.9709117,200,120.51602033898234,qwen15b-npu5,
1782497960.9849691,200,132.9549136571586,qwen15b-npu3,
1782497960.9853475,200,140.21722227334976,qwen15b-npu3,
1782497960.9878883,200,136.21120480820537,qwen15b-npu6,
1782497960.9917433,200,116.38379190117121,qwen15b-npu4,
1782497960.992013,200,109.20369392260909,qwen15b-npu4,
1782497960.9928834,200,122.61419370770454,qwen15b-npu4,
1782497961.0115867,200,129.7330129891634,qwen15b-npu7,
1782497961.0122075,200,141.52821199968457,qwen15b-npu3,
1782497961.012483,200,116.35006265714765,qwen15b-npu7,
1782497961.012716,200,134.85804619267583,qwen15b-npu3,
1782497961.014422,200,105.0503570586443,qwen15b-npu4,
1782497961.0146682,200,138.91330361366272,qwen15b-npu6,
1782497961.0153494,200,133.8639399036765,qwen15b-npu6,
1782497961.0198894,200,126.19310896843672,qwen15b-npu5,
1782497961.0201764,200,114.60515996441245,qwen15b-npu5,
1782497961.0381095,200,118.31823503598571,qwen15b-npu4,
1782497961.0387182,200,132.87466298788786,qwen15b-npu7,
1782497961.03959,200,118.4726171195507,qwen15b-npu7,
1782497961.0401363,200,118.09167405590415,qwen15b-npu3,
1782497961.0404568,200,134.3110529705882,qwen15b-npu3,
1782497961.0408175,200,135.54776087403297,qwen15b-npu3,
1782497961.0429823,200,121.27989577129483,qwen15b-npu6,
1782497961.0433936,200,134.39885387197137,qwen15b-npu6,
1782497961.0444696,200,124.34259615838528,qwen15b-npu5,
1782497961.0447564,200,113.41313272714615,qwen15b-npu5,
1782497961.0612676,200,103.99374924600124,qwen15b-npu4,
1782497961.0647306,200,130.25901606306434,qwen15b-npu3,
1782497961.065099,200,133.3960760384798,qwen15b-npu7,
1782497961.069366,200,123.0003573000431,qwen15b-npu6,
1782497961.0859566,200,125.22816192358732,qwen15b-npu4,
1782497961.086206,200,115.23614404723048,qwen15b-npu4,
1782497961.091435,200,133.40753689408302,qwen15b-npu7,
1782497961.092676,200,107.24011110141873,qwen15b-npu5,
1782497961.108894,200,116.78487481549382,qwen15b-npu4,
1782497961.1167002,200,123.73377103358507,qwen15b-npu3,
1782497961.1182036,200,130.2339257672429,qwen15b-npu7,
1782497961.1189728,200,127.15415516868234,qwen15b-npu5,
1782497961.1235077,200,138.43821082264185,qwen15b-npu6,
1782497961.1435926,200,131.29205303266644,qwen15b-npu5,
1782497961.1438513,200,131.06564106419683,qwen15b-npu5,
1782497961.1451042,200,132.56011111661792,qwen15b-npu3,
1782497961.1453567,200,125.10660104453564,qwen15b-npu5,
1782497961.1456428,200,131.1547220684588,qwen15b-npu3,
1782497961.1465745,200,131.83241616934538,qwen15b-npu3,
1782497961.1471329,200,127.15710513293743,qwen15b-npu7,
1782497961.153136,200,137.70190486684442,qwen15b-npu6,
1782497961.1534154,200,141.73101261258125,qwen15b-npu6,
1782497961.1578004,200,119.0053797326982,qwen15b-npu4,
1782497961.1580927,200,117.55771096795797,qwen15b-npu4,
1782497961.158916,200,120.72150129824877,qwen15b-npu4,
1782497961.1665676,200,123.50722122937441,qwen15b-npu5,
1782497961.169815,200,124.98722085729241,qwen15b-npu3,
1782497961.1747777,200,133.88982973992825,qwen15b-npu7,
1782497961.1751585,200,130.60275791212916,qwen15b-npu7,
1782497961.1755247,200,135.30900981277227,qwen15b-npu7,
1782497961.1772258,200,137.5612849369645,qwen15b-npu6,
1782497961.177597,200,134.104881901294,qwen15b-npu6,
1782497961.179671,200,118.3087257668376,qwen15b-npu4,
1782497961.1910622,200,121.61559704691172,qwen15b-npu5,
1782497961.1962662,200,131.06807135045528,qwen15b-npu3,
1782497961.2046523,200,118.36926592513919,qwen15b-npu6,
1782497961.2049985,200,140.17183193936944,qwen15b-npu6,
1782497961.2151742,200,122.43019323796034,qwen15b-npu5,
1782497961.2215488,200,130.04924356937408,qwen15b-npu3,
1782497961.2265203,200,117.5382100045681,qwen15b-npu4,
1782497961.2268107,200,103.2239836640656,qwen15b-npu4,
1782497961.227586,200,141.5601121261716,qwen15b-npu7,
1782497961.248445,200,129.39056986942887,qwen15b-npu3,
1782497961.249606,200,102.9572719708085,qwen15b-npu4,
1782497961.2499585,200,106.0252720490098,qwen15b-npu4,
1782497961.2547321,200,137.93480722233653,qwen15b-npu7,
1782497961.2563891,200,138.101939111948,qwen15b-npu6,
1782497961.2651494,200,119.71400398761034,qwen15b-npu5,
1782497961.2654564,200,107.56739368662238,qwen15b-npu5,
1782497961.272022,200,118.54152707383037,qwen15b-npu4,
1782497961.274027,200,126.83091312646866,qwen15b-npu3,
1782497961.2818508,200,128.63055523484945,qwen15b-npu7,
1782497961.2821894,200,136.47519797086716,qwen15b-npu7,
1782497961.2860708,200,140.89376665651798,qwen15b-npu6,
1782497961.2866392,200,142.97955064103007,qwen15b-npu6,
1782497961.2898064,200,112.49893577769399,qwen15b-npu5,
1782497961.2903419,200,123.68583213537931,qwen15b-npu5,
1782497961.2955518,200,117.89052281528711,qwen15b-npu4,
1782497961.3034227,200,128.17160226404667,qwen15b-npu3,
1782497961.3036633,200,123.86954203248024,qwen15b-npu3,
1782497961.303894,200,144.86456383019686,qwen15b-npu3,
1782497961.304251,200,146.0991920903325,qwen15b-npu3,
1782497961.3074782,200,116.32086196914315,qwen15b-npu7,
1782497961.3082445,200,138.347540050745,qwen15b-npu7,
1782497961.3086212,200,133.7257088162005,qwen15b-npu7,
1782497961.311234,200,135.63458202406764,qwen15b-npu6,
1782497961.319259,200,122.89268616586924,qwen15b-npu4,
1782497961.319569,200,114.83812192454934,qwen15b-npu4,
1782497961.3277462,200,122.66051396727562,qwen15b-npu3,
1782497961.3365686,200,114.95064292103052,qwen15b-npu5,
1782497961.33686,200,109.98702002689242,qwen15b-npu5,
1782497961.3539665,200,138.72571336105466,qwen15b-npu3,
1782497961.3678954,200,140.23271296173334,qwen15b-npu6,
1782497961.3682513,200,141.64174301549792,qwen15b-npu6,
1782497961.383693,200,109.5866858959198,qwen15b-npu5,
1782497961.383993,200,118.46551625058055,qwen15b-npu5,
1782497961.38801,200,115.90468883514404,qwen15b-npu4,
1782497961.389393,200,134.593625087291,qwen15b-npu7,
1782497961.389731,200,141.2129090167582,qwen15b-npu7,
1782497961.3900023,200,139.96789138764143,qwen15b-npu7,
1782497961.3902814,200,140.60932584106922,qwen15b-npu7,
1782497961.3905132,200,103.80835784599185,qwen15b-npu4,
1782497961.3950117,200,138.55713233351707,qwen15b-npu6,
1782497961.3953242,200,130.09462505578995,qwen15b-npu6,
1782497961.4069815,200,124.69287775456905,qwen15b-npu3,
1782497961.4073606,200,117.4024697393179,qwen15b-npu3,
1782497961.4109843,200,120.50719978287816,qwen15b-npu4,
1782497961.4141486,200,118.51251684129238,qwen15b-npu7,
1782497961.4226885,200,140.75616700574756,qwen15b-npu6,
1782497961.4230437,200,136.91148022189736,qwen15b-npu6,
1782497961.4349403,200,131.45035365596414,qwen15b-npu3,
1782497961.435279,200,131.5536042675376,qwen15b-npu5,
1782497961.435725,200,131.37928303331137,qwen15b-npu3,
1782497961.4361362,200,128.58815398067236,qwen15b-npu5,
1782497961.4366333,200,128.32045182585716,qwen15b-npu3,
1782497961.4410963,200,121.46524572744966,qwen15b-npu7,
1782497961.44139,200,132.69903231412172,qwen15b-npu7,
1782497961.4505434,200,131.19523180648685,qwen15b-npu6,
1782497961.4509995,200,147.0012180507183,qwen15b-npu6,
1782497961.451411,200,140.0888222269714,qwen15b-npu6,
1782497961.4582956,200,121.371956076473,qwen15b-npu4,
1782497961.4600866,200,132.27612897753716,qwen15b-npu5,
1782497961.4604008,200,123.75009199604392,qwen15b-npu5,
1782497961.4822316,200,113.87248616665602,qwen15b-npu4,
1782497961.483246,200,129.22148918733,qwen15b-npu5,
1782497961.493004,200,124.99323999509215,qwen15b-npu7,
1782497961.5085735,200,117.99533292651176,qwen15b-npu4,
1782497961.5090227,200,118.67364775389433,qwen15b-npu4,
1782497961.5094,200,113.99933695793152,qwen15b-npu4,
1782497961.5104253,200,120.62270101159811,qwen15b-npu4,
1782497961.511021,200,127.25555617362261,qwen15b-npu3,
1782497961.5113251,200,123.21893917396665,qwen15b-npu5,
1782497961.5120177,200,121.9395101070404,qwen15b-npu5,
1782497961.5123873,200,128.3210627734661,qwen15b-npu5,
1782497961.5198877,200,130.4062670096755,qwen15b-npu7,
1782497961.5297494,200,118.68633795529604,qwen15b-npu6,
1782497961.5300374,200,134.9612670019269,qwen15b-npu6,
1782497961.5356598,200,128.62037494778633,qwen15b-npu3,
1782497961.5474534,200,139.956871047616,qwen15b-npu7,
1782497961.554038,200,118.2145751081407,qwen15b-npu4,
1782497961.5564055,200,115.2285449206829,qwen15b-npu5,
1782497961.557358,200,143.1530020199716,qwen15b-npu6,
1782497961.5576386,200,120.91056257486343,qwen15b-npu6,
1782497961.5652661,200,129.04102681204677,qwen15b-npu3,
1782497961.5656343,200,130.2143856883049,qwen15b-npu3,
1782497961.565929,200,143.15351285040379,qwen15b-npu3,
1782497961.5662405,200,143.0952320806682,qwen15b-npu3,
1782497961.5761225,200,141.09361777082086,qwen15b-npu7,
1782497961.576387,200,118.00623312592506,qwen15b-npu7,
1782497961.5771468,200,135.66063158214092,qwen15b-npu7,
1782497961.5789332,200,127.39462591707706,qwen15b-npu4,
1782497961.5793858,200,119.22923102974892,qwen15b-npu4,
1782497961.580938,200,130.2449661307037,qwen15b-npu5,
1782497961.5872374,200,126.72494212165475,qwen15b-npu6,
1782497961.58757,200,136.4947878755629,qwen15b-npu6,
1782497961.6042783,200,121.96987075731158,qwen15b-npu5,
1782497961.6143153,200,131.0042110271752,qwen15b-npu3,
1782497961.634756,200,114.79029105976224,qwen15b-npu5,
1782497961.6351893,200,124.07309375703335,qwen15b-npu5,
1782497961.6356397,200,126.50635000318289,qwen15b-npu4,
1782497961.6359725,200,142.8821007721126,qwen15b-npu7,
1782497961.6364522,200,123.99828433990479,qwen15b-npu4,
1782497961.6373363,200,126.82067323476076,qwen15b-npu5,
1782497961.6377645,200,126.35013973340392,qwen15b-npu4,
1782497961.64423,200,134.72398603335023,qwen15b-npu6,
1782497961.653455,200,105.87746230885386,qwen15b-npu5,
1782497961.6585507,200,146.46178390830755,qwen15b-npu7,
1782497961.6588717,200,129.05396800488234,qwen15b-npu7,
1782497961.6591206,200,150.44556092470884,qwen15b-npu7,
1782497961.6740394,200,108.31988928839564,qwen15b-npu4,
1782497961.674389,200,120.2610288746655,qwen15b-npu4,
1782497961.6748152,200,109.43686589598656,qwen15b-npu4,
1782497961.6766052,200,140.86423674598336,qwen15b-npu6,
1782497961.6769311,200,146.80210733786225,qwen15b-npu6,
1782497961.6781092,200,120.67160103470087,qwen15b-npu5,
1782497961.6861408,200,119.81953587383032,qwen15b-npu7,
1782497961.6865072,200,130.03334403038025,qwen15b-npu7,
1782497961.6945717,200,115.52102724090219,qwen15b-npu3,
1782497961.6952908,200,137.5613841228187,qwen15b-npu3,
1782497961.6956823,200,116.202921140939,qwen15b-npu3,
1782497961.7015517,200,125.35748165100813,qwen15b-npu5,
1782497961.7050428,200,139.02662508189678,qwen15b-npu6,
1782497961.7118294,200,134.59993479773402,qwen15b-npu7,
1782497961.720595,200,133.2640158943832,qwen15b-npu3,
1782497961.72097,200,116.63136398419738,qwen15b-npu4,
1782497961.7213938,200,133.75662872567773,qwen15b-npu3,
1782497961.734897,200,158.42307498678565,qwen15b-npu6,
1782497961.7351785,200,154.15256703272462,qwen15b-npu6,
1782497961.7391546,200,124.78214921429753,qwen15b-npu7,
1782497961.744447,200,107.88032505661249,qwen15b-npu4,
1782497961.752051,200,107.74879390373826,qwen15b-npu5,
1782497961.7529166,200,115.47897709533572,qwen15b-npu5,
1782497961.774549,200,138.4881311096251,qwen15b-npu3,
1782497961.774947,200,140.07339207455516,qwen15b-npu3,
1782497961.7781105,200,124.58745716139674,qwen15b-npu5,
1782497961.7785037,200,119.55728381872177,qwen15b-npu5,
1782497961.7897491,200,151.88012085855007,qwen15b-npu6,
1782497961.790923,200,155.18291294574738,qwen15b-npu6,
1782497961.7913663,200,156.033119186759,qwen15b-npu6,
1782497961.7931077,200,118.631178047508,qwen15b-npu4,
1782497961.7933505,200,118.43230715021491,qwen15b-npu4,
1782497961.7949195,200,135.72697201743722,qwen15b-npu7,
1782497961.7958822,200,121.74155889078975,qwen15b-npu7,
1782497961.8028886,200,144.24009015783668,qwen15b-npu3,
1782497961.8033447,200,126.65270175784826,qwen15b-npu3,
1782497961.816609,200,138.41405091807246,qwen15b-npu6,
1782497961.8224216,200,145.36788687109947,qwen15b-npu7,
1782497961.8233795,200,136.7638404481113,qwen15b-npu7,
1782497961.827116,200,131.34431326761842,qwen15b-npu5,
1782497961.827396,200,122.29707324877381,qwen15b-npu5,
1782497961.8277564,200,132.3420898988843,qwen15b-npu5,
1782497961.8295462,200,143.31621397286654,qwen15b-npu3,
1782497961.8425424,200,121.08496390283108,qwen15b-npu4,
1782497961.8432095,200,122.14773101732135,qwen15b-npu4,
1782497961.843931,200,108.96434308961034,qwen15b-npu4,
1782497961.8483264,200,153.6315530538559,qwen15b-npu6,
1782497961.848729,200,128.01887094974518,qwen15b-npu6,
1782497961.849056,200,147.4427911452949,qwen15b-npu6,
1782497961.849797,200,137.90951715782285,qwen15b-npu7,
1782497961.8561878,200,120.88779313489795,qwen15b-npu3,
1782497961.8755977,200,122.57189396768808,qwen15b-npu5,
1782497961.8838866,200,131.70606503263116,qwen15b-npu3,
1782497961.8842587,200,145.0287252664566,qwen15b-npu3,
1782497961.884724,200,140.17001166939735,qwen15b-npu3,
1782497961.8891416,200,110.5632740072906,qwen15b-npu4,
1782497961.889705,200,114.6423202008009,qwen15b-npu4,
1782497961.889992,200,115.33750500530005,qwen15b-npu4,
1782497961.8994012,200,109.5098271034658,qwen15b-npu5,
1782497961.9097714,200,118.73821821063757,qwen15b-npu3,
1782497961.910125,200,131.9025568664074,qwen15b-npu3,
1782497961.9111812,200,115.19779497757554,qwen15b-npu4,
1782497961.924883,200,121.43871607258916,qwen15b-npu5,
1782497961.9252653,200,131.8398267030716,qwen15b-npu5,
1782497961.9306152,200,135.62856195494533,qwen15b-npu7,
1782497961.9309192,200,139.4760482944548,qwen15b-npu7,
1782497961.9322133,200,139.0399751253426,qwen15b-npu6,
1782497961.9325368,200,129.53481962904334,qwen15b-npu6,
1782497961.9352024,200,107.75037435814738,qwen15b-npu4,
1782497961.9367406,200,120.02511695027351,qwen15b-npu3,
1782497961.95744,200,133.95009096711874,qwen15b-npu6,
1782497961.9578068,200,130.6075779721141,qwen15b-npu7,
1782497961.9589567,200,129.33220900595188,qwen15b-npu7,
1782497961.9592764,200,136.78016886115074,qwen15b-npu6,
1782497961.959922,200,132.06220790743828,qwen15b-npu6,
1782497961.9602606,200,117.52240965142846,qwen15b-npu4,
1782497961.9646587,200,121.3672156445682,qwen15b-npu3,
1782497961.9738896,200,124.76054765284061,qwen15b-npu5,
1782497961.9741852,200,125.3405618481338,qwen15b-npu5,
1782497961.9840367,200,134.1606518253684,qwen15b-npu7,
1782497961.9850407,200,141.03217795491219,qwen15b-npu6,
1782497961.9853325,200,129.05523693189025,qwen15b-npu6,
1782497961.991403,200,142.95730087906122,qwen15b-npu3,
1782497961.9981065,200,108.02816599607468,qwen15b-npu5,
1782497961.9984245,200,114.07535709440708,qwen15b-npu5,
1782497962.0127335,200,128.7346063181758,qwen15b-npu7,
1782497962.0130804,200,123.29218909144402,qwen15b-npu6,
1782497962.0135357,200,137.81811716035008,qwen15b-npu7,
1782497962.0139952,200,129.15802793577313,qwen15b-npu7,
1782497962.0183382,200,129.12204768508673,qwen15b-npu3,
1782497962.0294778,200,118.19491442292929,qwen15b-npu4,
1782497962.029808,200,119.92479581385851,qwen15b-npu4,
1782497962.0372372,200,137.69116532057524,qwen15b-npu7,
1782497962.0461257,200,121.11542420461774,qwen15b-npu3,
1782497962.0465405,200,136.31385704502463,qwen15b-npu3,
1782497962.0475335,200,115.22884480655193,qwen15b-npu5,
1782497962.048512,200,117.80644208192825,qwen15b-npu5,
1782497962.0531611,200,120.49435032531619,qwen15b-npu4,
1782497962.06547,200,128.62713495269418,qwen15b-npu7,
1782497962.0659876,200,130.70498872548342,qwen15b-npu7,
1782497962.0680091,200,142.6415489986539,qwen15b-npu6,
1782497962.0687335,200,137.71808613091707,qwen15b-npu6,
1782497962.0748641,200,116.98610568419099,qwen15b-npu5,
1782497962.0781765,200,118.17858507856727,qwen15b-npu4,
1782497962.07841,200,113.67498384788632,qwen15b-npu4,
1782497962.0789819,200,121.43800593912601,qwen15b-npu4,
1782497962.092602,200,118.3198462240398,qwen15b-npu7,
1782497962.0929177,200,132.58000230416656,qwen15b-npu7,
1782497962.0955372,200,136.17000496014953,qwen15b-npu6,
1782497962.0967073,200,111.58848972991109,qwen15b-npu5,
1782497962.099276,200,125.31903199851513,qwen15b-npu3,
1782497962.0998597,200,140.8211956731975,qwen15b-npu3,
1782497962.1010811,200,109.60543667897582,qwen15b-npu4,
1782497962.1241014,200,138.64846201613545,qwen15b-npu6,
1782497962.124405,200,140.29691275209188,qwen15b-npu6,
1782497962.1270244,200,128.82684636861086,qwen15b-npu3,
1782497962.1274328,200,128.9509767666459,qwen15b-npu3,
1782497962.1456144,200,127.20756465569139,qwen15b-npu5,
1782497962.1463087,200,132.64498207718134,qwen15b-npu7,
1782497962.1466835,200,133.8466196320951,qwen15b-npu5,
1782497962.148023,200,133.93718982115388,qwen15b-npu5,
1782497962.1491778,200,119.61201392114162,qwen15b-npu4,
1782497962.1494684,200,119.5969539694488,qwen15b-npu4,
1782497962.1511977,200,138.00742803141475,qwen15b-npu6,
1782497962.1705606,200,122.93507670983672,qwen15b-npu4,
1782497962.1729887,200,135.64979191869497,qwen15b-npu7,
1782497962.1733458,200,124.73573768511415,qwen15b-npu7,
1782497962.1787708,200,132.53830093890429,qwen15b-npu3,
1782497962.1791117,200,125.87418593466282,qwen15b-npu6,
1782497962.1801703,200,133.5129770450294,qwen15b-npu6,
1782497962.1925504,200,123.71665192767978,qwen15b-npu5,
1782497962.1929255,200,117.94163333252072,qwen15b-npu5,
1782497962.1947386,200,115.69056799635291,qwen15b-npu4,
1782497962.1954312,200,117.18793818727136,qwen15b-npu4,
1782497962.1988957,200,120.42379891499877,qwen15b-npu7,
1782497962.2052536,200,137.18276238068938,qwen15b-npu6,
1782497962.2063084,200,140.7029964029789,qwen15b-npu3,
1782497962.2066998,200,140.59883588925004,qwen15b-npu3,
1782497962.216656,200,121.02962378412485,qwen15b-npu5,
1782497962.2273247,200,134.63446497917175,qwen15b-npu7,
1782497962.2278755,200,127.93398043140769,qwen15b-npu7,
1782497962.2334347,200,132.24407890811563,qwen15b-npu3,
1782497962.2336876,200,140.70564601570368,qwen15b-npu3,
1782497962.2350297,200,138.24143912643194,qwen15b-npu6,
1782497962.235396,200,136.05232536792755,qwen15b-npu3,
1782497962.2419686,200,117.46968002989888,qwen15b-npu4,
1782497962.24333,200,119.13729086518288,qwen15b-npu5,
1782497962.2546527,200,127.14893510565162,qwen15b-npu7,
1782497962.2627192,200,135.58617094531655,qwen15b-npu6,
1782497962.265899,200,114.57787081599236,qwen15b-npu4,
1782497962.266553,200,120.14881800860167,qwen15b-npu4,
1782497962.267732,200,122.02568026259542,qwen15b-npu5,
1782497962.2680147,200,118.7583482824266,qwen15b-npu5,
1782497962.2816117,200,133.48142663016915,qwen15b-npu7,
1782497962.291802,200,145.0078352354467,qwen15b-npu6,
1782497962.2922785,200,118.84235916659236,qwen15b-npu5,
1782497962.292591,200,143.011090811342,qwen15b-npu6,
1782497962.309635,200,129.3697697110474,qwen15b-npu7,
1782497962.310292,200,131.42813323065639,qwen15b-npu7,
1782497962.3140948,200,119.29049203172326,qwen15b-npu4,
1782497962.3149405,200,122.27575201541185,qwen15b-npu4,
1782497962.3157327,200,142.6374390721321,qwen15b-npu3,
1782497962.3161223,200,120.60657981783152,qwen15b-npu3,
1782497962.3164623,200,137.2269932180643,qwen15b-npu3,
1782497962.3177936,200,112.47396701946855,qwen15b-npu5,
1782497962.3189075,200,125.86124613881111,qwen15b-npu5,
1782497962.3193493,200,148.70961988344789,qwen15b-npu6,
1782497962.3357103,200,128.89726739376783,qwen15b-npu7,
1782497962.3368971,200,109.49458600953221,qwen15b-npu4,
1782497962.3391242,200,122.37021327018738,qwen15b-npu3,
1782497962.3430123,200,115.07136281579733,qwen15b-npu5,
1782497962.3470035,200,148.0257548391819,qwen15b-npu6,
1782497962.3479557,200,141.52886113151908,qwen15b-npu6,
1782497962.3605006,200,125.00324100255966,qwen15b-npu4,
1782497962.3639033,200,128.77599615603685,qwen15b-npu7,
1782497962.3647761,200,131.2666218727827,qwen15b-npu7,
1782497962.3658836,200,122.45972268283367,qwen15b-npu3,
1782497962.37395,200,131.9062067195773,qwen15b-npu6,
1782497962.3744864,200,140.73672611266375,qwen15b-npu6,
1782497962.3845105,200,116.43306305631995,qwen15b-npu4,
1782497962.3901627,200,122.36419320106506,qwen15b-npu7,
1782497962.3938055,200,131.0212006792426,qwen15b-npu5,
1782497962.394036,200,127.40115588530898,qwen15b-npu5,
1782497962.3956485,200,129.68666199594736,qwen15b-npu3,
1782497962.395888,200,141.1560890264809,qwen15b-npu3,
1782497962.4082587,200,116.31020158529282,qwen15b-npu4,
1782497962.4168932,200,135.22147899493575,qwen15b-npu7,
1782497962.4176588,200,125.00506965443492,qwen15b-npu7,
1782497962.4287426,200,136.35523710399866,qwen15b-npu6,
1782497962.4338477,200,117.30793910101056,qwen15b-npu4,
1782497962.4347057,200,120.5326709896326,qwen15b-npu4,
1782497962.43531,200,119.08571096137166,qwen15b-npu4,
1782497962.4419916,200,126.91964395344257,qwen15b-npu5,
1782497962.4431164,200,124.13573358207941,qwen15b-npu7,
1782497962.4435136,200,124.09657379612327,qwen15b-npu7,
1782497962.4498353,200,140.10936208069324,qwen15b-npu3,
1782497962.450119,200,134.26943169906735,qwen15b-npu3,
1782497962.4548671,200,106.8102978169918,qwen15b-npu4,
1782497962.4568462,200,146.47601498290896,qwen15b-npu6,
1782497962.4571776,200,139.2977866344154,qwen15b-npu6,
1782497962.4663882,200,123.31272894516587,qwen15b-npu5,
1782497962.4769087,200,129.84365317970514,qwen15b-npu3,
1782497962.477588,200,138.40194093063474,qwen15b-npu3,
1782497962.4781666,200,104.13744999095798,qwen15b-npu4,
1782497962.4841528,200,147.19582023099065,qwen15b-npu6,
1782497962.4848082,200,149.03239207342267,qwen15b-npu6,
1782497962.4912758,200,127.3089456371963,qwen15b-npu5,
1782497962.492313,200,131.7250458523631,qwen15b-npu7,
1782497962.5013022,200,105.33958813175559,qwen15b-npu4,
1782497962.5043616,200,119.78522501885891,qwen15b-npu3,
1782497962.504699,200,139.8060698993504,qwen15b-npu3,
1782497962.5106103,200,136.06114499270916,qwen15b-npu6,
1782497962.5115368,200,145.56671772152185,qwen15b-npu6,
1782497962.5164793,200,126.23596796765924,qwen15b-npu5,
1782497962.517034,200,121.31649535149336,qwen15b-npu5,
1782497962.5186918,200,124.82443870976567,qwen15b-npu7,
1782497962.5251806,200,116.78826482966542,qwen15b-npu4,
1782497962.5308142,200,136.69509906321764,qwen15b-npu3,
1782497962.5410259,200,124.04769426211715,qwen15b-npu5,
1782497962.551128,200,122.32606206089258,qwen15b-npu4,
1782497962.5573163,200,139.56783805042505,qwen15b-npu3,
1782497962.5635967,200,129.66580223292112,qwen15b-npu6,
1782497962.56705,200,132.27055920287967,qwen15b-npu5,
1782497962.5673182,200,123.73342225328088,qwen15b-npu5,
1782497962.5676792,200,117.76598216965795,qwen15b-npu5,
1782497962.5749557,200,124.71974920481443,qwen15b-npu7,
1782497962.5753894,200,140.00122109428048,qwen15b-npu7,
1782497962.5757034,200,118.76950925216079,qwen15b-npu7,
1782497962.5760021,200,133.89612082391977,qwen15b-npu7,
1782497962.5869594,200,129.7008516266942,qwen15b-npu3,
1782497962.5872688,200,144.06284783035517,qwen15b-npu3,
1782497962.5881114,200,133.13467521220446,qwen15b-npu3,
1782497962.5900838,200,113.1070302799344,qwen15b-npu5,
1782497962.5939913,200,127.53290822729468,qwen15b-npu6,
1782497962.5958166,200,111.59696988761425,qwen15b-npu4,
1782497962.6155567,200,130.68148866295815,qwen15b-npu5,
1782497962.615861,200,111.4256801083684,qwen15b-npu5,
1782497962.620772,200,110.08318001404405,qwen15b-npu4,
1782497962.6210084,200,109.4014048576355,qwen15b-npu4,
1782497962.6212595,200,104.16116984561086,qwen15b-npu4,
1782497962.6236014,200,145.9481120109558,qwen15b-npu6,
1782497962.6238475,200,131.4688241109252,qwen15b-npu6,
1782497962.624253,200,146.01826202124357,qwen15b-npu6,
1782497962.637204,200,132.37365009263158,qwen15b-npu7,
1782497962.637558,200,136.19337510317564,qwen15b-npu7,
1782497962.637912,200,146.55613526701927,qwen15b-npu7,
1782497962.6416018,200,125.03975117579103,qwen15b-npu3,
1782497962.6419673,200,123.21541784331203,qwen15b-npu3,
1782497962.653274,200,127.99366004765034,qwen15b-npu4,
1782497962.6537042,200,112.60909680277109,qwen15b-npu4,
1782497962.660432,200,129.53953072428703,qwen15b-npu7,
1782497962.6799006,200,128.68562527000904,qwen15b-npu6,
1782497962.6830227,200,125.64826523885131,qwen15b-npu7,
1782497962.6935585,200,126.42073025926948,qwen15b-npu5,
1782497962.6938586,200,118.08004369959235,qwen15b-npu5,
1782497962.6941588,200,126.77822215482593,qwen15b-npu5,
1782497962.6944678,200,118.32670494914055,qwen15b-npu5,
1782497962.7067516,200,138.99387512356043,qwen15b-npu6,
1782497962.7131124,200,149.43024376407266,qwen15b-npu3,
1782497962.7164028,200,129.35381988063455,qwen15b-npu4,
1782497962.7166512,200,129.3117292225361,qwen15b-npu4,
1782497962.7168941,200,122.84497590735555,qwen15b-npu5,
1782497962.7352614,200,145.0984450057149,qwen15b-npu6,
1782497962.735555,200,147.34619995579123,qwen15b-npu6,
1782497962.7392597,200,115.59076700359583,qwen15b-npu4,
1782497962.7406554,200,119.81823574751616,qwen15b-npu5,
1782497962.743708,200,147.83281413838267,qwen15b-npu3,
1782497962.7439418,200,168.4557031840086,qwen15b-npu3,
1782497962.7449756,200,169.88447308540344,qwen15b-npu3,
1782497962.7630453,200,125.42254291474819,qwen15b-npu4,
1782497962.7633803,200,126.05338683351874,qwen15b-npu4,
1782497962.7659857,200,112.16836422681808,qwen15b-npu5,
1782497962.7663167,200,150.68819327279925,qwen15b-npu6,
1782497962.766585,200,150.64008301123977,qwen15b-npu6,
1782497962.7668755,200,128.84632591158152,qwen15b-npu6,
1782497962.7681074,200,126.05920666828752,qwen15b-npu7,
1782497962.768376,200,147.30062009766698,qwen15b-npu7,
1782497962.7693944,200,148.0646561831236,qwen15b-npu7,
1782497962.7696764,200,145.34203708171844,qwen15b-npu7,
1782497962.7702677,200,146.32809394970536,qwen15b-npu3,
1782497962.7858844,200,102.80075063928962,qwen15b-npu4,
1782497962.7901783,200,110.18322082236409,qwen15b-npu5,
1782497962.7927134,200,139.3101867288351,qwen15b-npu7,
1782497962.794515,200,134.00718104094267,qwen15b-npu6,
1782497962.7989106,200,157.21681667491794,qwen15b-npu3,
1782497962.8190365,200,125.09157136082649,qwen15b-npu7,
1782497962.8207312,200,126.12061807885766,qwen15b-npu6,
1782497962.8270364,200,132.7936821617186,qwen15b-npu3,
1782497962.8276079,200,133.9485701173544,qwen15b-npu3,
1782497962.8325756,200,115.84689887240529,qwen15b-npu4,
1782497962.839548,200,122.57927469909191,qwen15b-npu5,
1782497962.8448055,200,137.96175783500075,qwen15b-npu7,
1782497962.8484015,200,135.2081587538123,qwen15b-npu6,
1782497962.853818,200,137.34447304159403,qwen15b-npu3,
1782497962.856383,200,120.70168182253838,qwen15b-npu4,
1782497962.8657656,200,121.99198035523295,qwen15b-npu5,
1782497962.866091,200,125.37657283246517,qwen15b-npu5,
1782497962.8707118,200,135.3743001818657,qwen15b-npu7,
1782497962.875111,200,129.99499402940273,qwen15b-npu6,
1782497962.875507,200,131.493354216218,qwen15b-npu6,
1782497962.8808029,200,114.41117897629738,qwen15b-npu4,
1782497962.8813756,200,114.42701006308198,qwen15b-npu4,
1782497962.8847597,200,145.41770704090595,qwen15b-npu3,
1782497962.8909824,200,124.89618873223662,qwen15b-npu5,
1782497962.891871,200,128.42498300597072,qwen15b-npu5,
1782497962.8990088,200,130.8322991244495,qwen15b-npu7,
1782497962.899445,200,132.7752321958542,qwen15b-npu7,
1782497962.8997564,200,136.58948801457882,qwen15b-npu7,
1782497962.9025874,200,132.8395432792604,qwen15b-npu6,
1782497962.902864,200,133.39992705732584,qwen15b-npu6,
1782497962.9037833,200,135.32875897362828,qwen15b-npu6,
1782497962.9042773,200,105.29079800471663,qwen15b-npu4,
1782497962.9133074,200,142.9749708622694,qwen15b-npu3,
1782497962.9135823,200,127.60964781045914,qwen15b-npu3,
1782497962.9150493,200,122.21140181645751,qwen15b-npu5,
1782497962.928309,200,138.0696278065443,qwen15b-npu6,
1782497962.928687,200,109.56488689407706,qwen15b-npu4,
1782497962.9390068,200,111.32778786122799,qwen15b-npu5,
1782497962.9401245,200,145.52400913089514,qwen15b-npu3,
1782497962.96434,200,131.7006852477789,qwen15b-npu5,
1782497962.9695988,200,142.46022794395685,qwen15b-npu3,
1782497962.9699352,200,149.08231189474463,qwen15b-npu3,
1782497962.9758596,200,119.36551332473755,qwen15b-npu4,
1782497962.9766107,200,110.45437306165695,qwen15b-npu4,
1782497962.977134,200,137.5249046832323,qwen15b-npu7,
1782497962.9773989,200,128.9277570322156,qwen15b-npu7,
1782497962.9779806,200,124.09618403762579,qwen15b-npu7,
1782497962.9828148,200,137.93924823403358,qwen15b-npu6,
1782497962.9890556,200,123.21146903559566,qwen15b-npu5,
1782497962.9959216,200,125.15042163431644,qwen15b-npu3,
1782497962.998821,200,123.21977829560637,qwen15b-npu4,
1782497963.001252,200,120.38227962329984,qwen15b-npu7,
1782497963.0112247,200,120.16853783279657,qwen15b-npu6,
1782497963.0115693,200,136.33375708013773,qwen15b-npu6,
1782497963.0161319,200,131.3085430301726,qwen15b-npu5,
1782497963.0166373,200,112.28646524250507,qwen15b-npu5,
1782497963.0169127,200,117.8213320672512,qwen15b-npu5,
1782497963.0171707,200,117.63858096674085,qwen15b-npu5,
1782497963.0250783,200,121.21637491509318,qwen15b-npu4,
1782497963.0253718,200,110.21368112415075,qwen15b-npu4,
1782497963.025832,200,112.44982620701194,qwen15b-npu4,
1782497963.0267284,200,134.75989596918225,qwen15b-npu3,
1782497963.0274389,200,124.5185169391334,qwen15b-npu4,
1782497963.0277548,200,146.32015395909548,qwen15b-npu3,
1782497963.0280282,200,128.16299172118306,qwen15b-npu3,
1782497963.0288768,200,126.20482826605439,qwen15b-npu7,
1782497963.0302424,200,116.56112410128117,qwen15b-npu7,
1782497963.0386155,200,109.82963861897588,qwen15b-npu5,
1782497963.065419,200,137.01029121875763,qwen15b-npu6,
1782497963.0658002,200,126.7209816724062,qwen15b-npu6,
1782497963.0696046,200,105.19556701183319,qwen15b-npu4,
1782497963.0793114,200,139.12434503436089,qwen15b-npu3,
1782497963.0856462,200,108.95206173881888,qwen15b-npu5,
1782497963.0917869,200,121.70429807156324,qwen15b-npu6,
1782497963.0926168,200,103.49853616207838,qwen15b-npu4,
1782497963.1081061,200,138.43475095927715,qwen15b-npu7,
1782497963.1083508,200,125.46893395483494,qwen15b-npu7,
1782497963.1086357,200,132.6783918775618,qwen15b-npu7,
1782497963.1117055,200,134.2408419586718,qwen15b-npu3,
1782497963.1160927,200,104.78408494964242,qwen15b-npu4,
1782497963.1311095,200,153.05281896144152,qwen15b-npu6,
1782497963.1313949,200,154.20282678678632,qwen15b-npu6,
1782497963.1320086,200,136.0304350964725,qwen15b-npu6,
1782497963.1369128,200,120.71262206882238,qwen15b-npu5,
1782497963.1371439,200,125.46836258843541,qwen15b-npu5,
1782497963.1374383,200,108.48239902406931,qwen15b-npu5,
1782497963.1376953,200,109.87628903239965,qwen15b-npu5,
1782497963.140439,200,115.28397491201758,qwen15b-npu4,
1782497963.1407588,200,113.2235317490995,qwen15b-npu4,
1782497963.1415076,200,142.62326899915934,qwen15b-npu3,
1782497963.145151,200,127.89937993511558,qwen15b-npu7,
1782497963.1459343,200,144.62343184277415,qwen15b-npu7,
1782497963.1570454,200,140.06125181913376,qwen15b-npu6,
1782497963.1709259,200,132.22170900553465,qwen15b-npu3,
1782497963.171444,200,145.5441489815712,qwen15b-npu3,
1782497963.1717486,200,155.03553207963705,qwen15b-npu3,
1782497963.1720214,200,146.58616622909904,qwen15b-npu7,
1782497963.17343,200,145.3009368851781,qwen15b-npu7,
1782497963.184991,200,154.65509006753564,qwen15b-npu6,
1782497963.185753,200,158.9019875973463,qwen15b-npu6,
1782497963.1866033,200,121.08390405774117,qwen15b-npu4,
1782497963.196401,200,126.73037219792604,qwen15b-npu7,
1782497963.197466,200,131.5694348886609,qwen15b-npu3,
1782497963.2120852,200,132.7116321772337,qwen15b-npu6,
1782497963.2229238,200,131.05195108801126,qwen15b-npu7,
1782497963.2261574,200,140.44884406030178,qwen15b-npu3,
1782497963.2264848,200,133.80570989102125,qwen15b-npu3,
1782497963.232539,200,124.11330500617623,qwen15b-npu5,
1782497963.2343106,200,103.12187392264605,qwen15b-npu4,
1782497963.234622,200,122.85128608345985,qwen15b-npu4,
1782497963.234997,200,126.29925878718495,qwen15b-npu4,
1782497963.2404535,200,132.28122889995575,qwen15b-npu6,
1782497963.2488918,200,132.73046258836985,qwen15b-npu7,
1782497963.2491515,200,117.68006067723036,qwen15b-npu7,
1782497963.2561667,200,110.15198100358248,qwen15b-npu4,
1782497963.260092,200,128.01875080913305,qwen15b-npu5,
1782497963.2603195,200,123.34424862638116,qwen15b-npu5,
1782497963.2606523,200,123.13614785671234,qwen15b-npu5,
1782497963.2690692,200,131.85707619413733,qwen15b-npu6,
1782497963.2693858,200,124.16830379515886,qwen15b-npu6,
1782497963.2741218,200,133.26997635886073,qwen15b-npu7,
1782497963.282632,200,142.10094511508942,qwen15b-npu3,
1782497963.2829003,200,145.14353638514876,qwen15b-npu3,
1782497963.283384,200,141.80990308523178,qwen15b-npu3,
1782497963.3001204,200,143.00675131380558,qwen15b-npu6,
1782497963.3005505,200,128.44903441146016,qwen15b-npu6,
1782497963.301604,200,130.48486690968275,qwen15b-npu7,
1782497963.3041604,200,117.46206972748041,qwen15b-npu4,
1782497963.310312,200,125.23155193775892,qwen15b-npu5,
1782497963.31222,200,138.69678182527423,qwen15b-npu5,
1782497963.3125596,200,126.70596176758409,qwen15b-npu3,
1782497963.3128638,200,141.32231986150146,qwen15b-npu3,
1782497963.3133066,200,141.4800719358027,qwen15b-npu5,
1782497963.3283887,200,131.90927729010582,qwen15b-npu6,
1782497963.3334558,200,121.31194537505507,qwen15b-npu5,
1782497963.3386323,200,141.09717914834619,qwen15b-npu3,
1782497963.3520384,200,125.48633385449648,qwen15b-npu4,
1782497963.352981,200,112.47071577236056,qwen15b-npu4,
1782497963.3532982,200,118.60933806747198,qwen15b-npu4,
1782497963.3558285,200,121.42082676291466,qwen15b-npu7,
1782497963.3568642,200,133.80773970857263,qwen15b-npu6,
1782497963.3654063,200,139.16665595024824,qwen15b-npu3,
1782497963.365741,200,130.6704580783844,qwen15b-npu3,
1782497963.375135,200,105.67747987806797,qwen15b-npu4,
1782497963.3757105,200,115.55788666009903,qwen15b-npu4,
1782497963.381953,200,132.99802411347628,qwen15b-npu7,
1782497963.3830721,200,122.68159538507462,qwen15b-npu5,
1782497963.3838704,200,123.1460883282125,qwen15b-npu5,
1782497963.3842442,200,128.01100127398968,qwen15b-npu5,
1782497963.385945,200,153.32474140450358,qwen15b-npu6,
1782497963.3862824,200,137.07135105505586,qwen15b-npu6,
1782497963.4104776,200,127.76945903897285,qwen15b-npu7,
1782497963.4107506,200,136.56364800408483,qwen15b-npu7,
1782497963.4110837,200,141.93764422088861,qwen15b-npu7,
1782497963.4159026,200,132.44492001831532,qwen15b-npu6,
1782497963.4164104,200,133.4408069960773,qwen15b-npu6,
1782497963.4224436,200,118.19129390642047,qwen15b-npu4,
1782497963.4226918,200,109.28097506985068,qwen15b-npu4,
1782497963.4239643,200,111.63876065984368,qwen15b-npu4,
1782497963.4313128,200,130.64312795177102,qwen15b-npu5,
1782497963.4316306,200,121.25455494970083,qwen15b-npu5,
1782497963.4521992,200,152.01433235779405,qwen15b-npu3,
1782497963.4524937,200,150.8165244013071,qwen15b-npu3,
1782497963.4532828,200,140.6497759744525,qwen15b-npu3,
1782497963.4537072,200,140.68386610597372,qwen15b-npu3,
1782497963.4549274,200,121.39992602169514,qwen15b-npu5,
1782497963.4626,200,123.90445312485099,qwen15b-npu7,
1782497963.463456,200,134.9838669411838,qwen15b-npu7,
1782497963.4672556,200,114.20461814850569,qwen15b-npu4,
1782497963.4793227,200,113.83478529751301,qwen15b-npu5,
1782497963.489683,200,123.85321175679564,qwen15b-npu7,
1782497963.490512,200,138.40799033641815,qwen15b-npu7,
1782497963.4921014,200,106.06615291908383,qwen15b-npu4,
1782497963.4924185,200,108.47222898155451,qwen15b-npu4,
1782497963.493156,200,117.3829990439117,qwen15b-npu4,
1782497963.5007634,200,147.38850109279156,qwen15b-npu6,
1782497963.5011082,200,144.1747690550983,qwen15b-npu6,
1782497963.504047,200,122.0189998857677,qwen15b-npu5,
1782497963.50438,200,121.23961513862014,qwen15b-npu5,
1782497963.5061398,200,150.2111000008881,qwen15b-npu3,
1782497963.5063984,200,131.1860322020948,qwen15b-npu3,
1782497963.5158722,200,129.51551098376513,qwen15b-npu7,
1782497963.5287554,200,144.43499082699418,qwen15b-npu6,
1782497963.5291405,200,112.66561830416322,qwen15b-npu5,
1782497963.5366943,200,112.61260788887739,qwen15b-npu4,
1782497963.5430377,200,120.26447802782059,qwen15b-npu7,
1782497963.5433986,200,132.84945394843817,qwen15b-npu7,
1782497963.5585237,200,147.3506297916174,qwen15b-npu6,
1782497963.5588133,200,147.97638496384025,qwen15b-npu6,
1782497963.5601802,200,128.78472497686744,qwen15b-npu6,
1782497963.5680008,200,136.2808458507061,qwen15b-npu3,
1782497963.5682988,200,152.32679387554526,qwen15b-npu3,
1782497963.5685813,200,146.07012178748846,qwen15b-npu3,
1782497963.578894,200,125.53740432485938,qwen15b-npu5,
1782497963.5792239,200,126.62635184824467,qwen15b-npu5,
1782497963.5794988,200,112.17599408701062,qwen15b-npu5,
1782497963.5836806,200,104.27578119561076,qwen15b-npu4,
1782497963.586936,200,134.6572651527822,qwen15b-npu6,
1782497963.5874388,200,132.42967100813985,qwen15b-npu6,
1782497963.5951202,200,132.4606598354876,qwen15b-npu7,
1782497963.596473,200,132.9314331524074,qwen15b-npu3,
1782497963.5967696,200,142.91983982548118,qwen15b-npu3,
1782497963.6020796,200,111.46507877856493,qwen15b-npu5,
1782497963.607838,200,103.38155506178737,qwen15b-npu4,
1782497963.6081982,200,114.96024299412966,qwen15b-npu4,
1782497963.6145904,200,124.84332919120789,qwen15b-npu6,
1782497963.6240091,200,117.53639113157988,qwen15b-npu7,
1782497963.6243162,200,123.46578016877174,qwen15b-npu7,
1782497963.63244,200,128.2991818152368,qwen15b-npu5,
1782497963.6334891,200,140.97996801137924,qwen15b-npu3,
1782497963.6338108,200,141.61506155505776,qwen15b-npu3,
1782497963.644633,200,143.4165737591684,qwen15b-npu6,
1782497963.645004,200,138.78818321973085,qwen15b-npu6,
1782497963.649045,200,119.80975605547428,qwen15b-npu7,
1782497963.653198,200,109.70784816890955,qwen15b-npu5,
1782497963.653962,200,125.10574096813798,qwen15b-npu5,
1782497963.6542745,200,117.5106898881495,qwen15b-npu4,
1782497963.6553118,200,139.34498699381948,qwen15b-npu3,
1782497963.6764646,200,133.3270757459104,qwen15b-npu7,
1782497963.6779714,200,119.36064204201102,qwen15b-npu4,
1782497963.6782742,200,110.18283013254404,qwen15b-npu4,
1782497963.700377,200,112.83589946106076,qwen15b-npu5,
1782497963.7006693,200,113.65649430081248,qwen15b-npu5,
1782497963.701863,200,142.98012107610703,qwen15b-npu6,
1782497963.702137,200,141.8393342755735,qwen15b-npu6,
1782497963.7036295,200,119.87501615658402,qwen15b-npu4,
1782497963.7038653,200,124.23910479992628,qwen15b-npu4,
1782497963.7041223,200,107.27817099541426,qwen15b-npu4,
1782497963.7043529,200,107.79043519869447,qwen15b-npu4,
1782497963.7056746,200,126.38403987511992,qwen15b-npu7,
1782497963.7060318,200,137.66404474154115,qwen15b-npu7,
1782497963.7108662,200,131.87669683247805,qwen15b-npu3,
1782497963.7117438,200,143.09303229674697,qwen15b-npu3,
1782497963.72395,200,115.68826762959361,qwen15b-npu5,
1782497963.7298462,200,121.90162902697921,qwen15b-npu7,
1782497963.7400756,200,137.91648671030998,qwen15b-npu3,
1782497963.7406924,200,145.4981379210949,qwen15b-npu3,
1782497963.7499876,200,117.45424009859562,qwen15b-npu5,
1782497963.7502584,200,126.17419799789786,qwen15b-npu4,
1782497963.750599,200,116.7016252875328,qwen15b-npu5,
1782497963.757814,200,143.13897211104631,qwen15b-npu7,
1782497963.7581694,200,124.59968822076917,qwen15b-npu7,
1782497963.768681,200,144.2969897761941,qwen15b-npu3,
1782497963.7745864,200,129.47959080338478,qwen15b-npu4,
1782497963.7748854,200,125.77495584264398,qwen15b-npu4,
1782497963.782085,200,137.35730294138193,qwen15b-npu6,
1782497963.7824783,200,128.10853123664856,qwen15b-npu6,
1782497963.7851903,200,129.74223168566823,qwen15b-npu7,
1782497963.785651,200,132.36804958432913,qwen15b-npu7,
1782497963.7984045,200,144.3576100282371,qwen15b-npu3,
1782497963.8089037,200,132.34250014647841,qwen15b-npu6,
1782497963.811886,200,133.52697808295488,qwen15b-npu7,
1782497963.8222232,200,111.26888822764158,qwen15b-npu4,
1782497963.825063,200,113.23425080627203,qwen15b-npu5,
1782497963.8254569,200,124.70883782953024,qwen15b-npu5,
1782497963.825731,200,121.30088591948152,qwen15b-npu5,
1782497963.8303394,200,152.2893439978361,qwen15b-npu3,
1782497963.838954,200,134.763116016984,qwen15b-npu7,
1782497963.8400185,200,139.57566861063242,qwen15b-npu7,
1782497963.840466,200,138.52136116474867,qwen15b-npu6,
1782497963.8408105,200,137.11254205554724,qwen15b-npu6,
1782497963.84123,200,137.2966030612588,qwen15b-npu6,
1782497963.8421302,200,136.0132242552936,qwen15b-npu6,
1782497963.8473723,200,106.60969605669379,qwen15b-npu4,
1782497963.8477914,200,117.8284720517695,qwen15b-npu4,
1782497963.8599634,200,135.94857370480895,qwen15b-npu3,
1782497963.8602715,200,154.477559030056,qwen15b-npu3,
1782497963.8605611,200,158.3644449710846,qwen15b-npu3,
1782497963.8647664,200,124.61046781390905,qwen15b-npu7,
1782497963.8713095,200,120.64069090411067,qwen15b-npu4,
1782497963.8731115,200,114.80156099423766,qwen15b-npu5,
1782497963.8735342,200,115.62943691387773,qwen15b-npu5,
1782497963.892092,200,141.7597127147019,qwen15b-npu7,
1782497963.8923926,200,117.44120996445417,qwen15b-npu7,
1782497963.893413,200,143.34664400666952,qwen15b-npu6,
1782497963.8947735,200,112.19136416912079,qwen15b-npu4,
1782497963.9163349,200,131.0220710001886,qwen15b-npu3,
1782497963.9167726,200,148.01280479878187,qwen15b-npu3,
1782497963.918324,200,132.56069086492062,qwen15b-npu7,
1782497963.920615,200,122.08931101486087,qwen15b-npu4,
1782497963.9214025,200,109.41628599539399,qwen15b-npu5,
1782497963.9229383,200,148.28115701675415,qwen15b-npu6,
1782497963.9233432,200,141.14784868434072,qwen15b-npu6,
1782497963.9447646,200,135.77034324407578,qwen15b-npu7,
1782497963.9458468,200,120.0407869182527,qwen15b-npu5,
1782497963.9494798,200,127.11902521550655,qwen15b-npu6,
1782497963.971488,200,130.14295510947704,qwen15b-npu4,
1782497963.9719148,200,111.57909128814936,qwen15b-npu4,
1782497963.9727252,200,125.2391217276454,qwen15b-npu4,
1782497963.973684,200,125.78629609197378,qwen15b-npu5,
1782497963.9740057,200,113.34767192602158,qwen15b-npu4,
1782497963.9743445,200,149.15715297684073,qwen15b-npu3,
1782497963.9760249,200,136.95490127429366,qwen15b-npu5,
1782497963.976341,200,135.7856933027506,qwen15b-npu5,
1782497963.9769795,200,134.7477757371962,qwen15b-npu7,
1782497963.9775574,200,136.63859898224473,qwen15b-npu3,
1782497963.977907,200,152.3597640916705,qwen15b-npu3,
1782497963.9781845,200,138.05841794237494,qwen15b-npu7,
1782497963.9802947,200,149.86799797043204,qwen15b-npu6,
1782497963.99496,200,121.31923576816916,qwen15b-npu5,
1782497963.999568,200,128.18822218105197,qwen15b-npu3,
1782497964.0070658,200,142.2370858490467,qwen15b-npu6,
1782497964.007429,200,147.3703901283443,qwen15b-npu6,
1782497964.0079362,200,134.70686599612236,qwen15b-npu6,
1782497964.0190823,200,124.24136605113745,qwen15b-npu5,
1782497964.0244915,200,130.9663699939847,qwen15b-npu7,
1782497964.0251317,200,132.96746416017413,qwen15b-npu7,
1782497964.031749,200,139.28709691390395,qwen15b-npu6,
1782497964.043278,200,126.41337933018804,qwen15b-npu4,
1782497964.0441678,200,121.13618431612849,qwen15b-npu4,
1782497964.0446196,200,123.14030714333057,qwen15b-npu5,
1782497964.0513608,200,127.90740979835391,qwen15b-npu7,
1782497964.0517075,200,133.3011258393526,qwen15b-npu7,
1782497964.0622516,200,145.79593995586038,qwen15b-npu6,
1782497964.0625854,200,141.86766371130943,qwen15b-npu6,
1782497964.066704,200,121.83605879545212,qwen15b-npu4,
1782497964.0832705,200,133.68066819384694,qwen15b-npu3,
1782497964.089908,200,143.99762824177742,qwen15b-npu6,
1782497964.0909657,200,118.1554039940238,qwen15b-npu4,
1782497964.0917072,200,117.28720925748348,qwen15b-npu4,
1782497964.0935462,200,115.56343734264374,qwen15b-npu5,
1782497964.094053,200,119.96038677170873,qwen15b-npu5,
1782497964.1020513,200,124.93901001289487,qwen15b-npu7,
1782497964.115563,200,115.85126770660281,qwen15b-npu4,
1782497964.116939,200,139.26638662815094,qwen15b-npu3,
1782497964.1172512,200,141.12945878878236,qwen15b-npu3,
1782497964.1176078,200,145.58015903458,qwen15b-npu3,
1782497964.1186304,200,111.45478906109929,qwen15b-npu5,
1782497964.118944,200,147.32827013358474,qwen15b-npu3,
1782497964.1201813,200,112.63757664710283,qwen15b-npu5,
1782497964.1206052,200,146.8279268592596,qwen15b-npu6,
1782497964.121034,200,144.61840176954865,qwen15b-npu6,
1782497964.1220012,200,143.71593669056892,qwen15b-npu3,
1782497964.1226451,200,127.60910810902715,qwen15b-npu5,
1782497964.1229184,200,142.54405815154314,qwen15b-npu3,
1782497964.1291597,200,121.09773373231292,qwen15b-npu7,
1782497964.1409178,200,109.0888837352395,qwen15b-npu4,
1782497964.141277,200,116.7244240641594,qwen15b-npu4,
1782497964.1551838,200,129.96884435415268,qwen15b-npu7,
1782497964.1662526,200,114.82519237324595,qwen15b-npu5,
1782497964.1668258,200,122.12628126144409,qwen15b-npu5,
1782497964.1693265,200,150.1464401371777,qwen15b-npu3,
1782497964.1728146,200,128.57477366924286,qwen15b-npu6,
1782497964.1730897,200,129.7331121750176,qwen15b-npu6,
1782497964.1815717,200,129.76924190297723,qwen15b-npu7,
1782497964.1975853,200,135.2417692542076,qwen15b-npu3,
1782497964.1979039,200,135.24641888216138,qwen15b-npu3,
1782497964.2012053,200,134.42589389160275,qwen15b-npu6,
1782497964.208295,200,117.26030800491571,qwen15b-npu7,
1782497964.2087865,200,118.79470804706216,qwen15b-npu7,
1782497964.2133248,200,119.20673213899136,qwen15b-npu4,
1782497964.2136056,200,121.83882994577289,qwen15b-npu4,
1782497964.2248197,200,131.2077222391963,qwen15b-npu3,
1782497964.2290225,200,145.65109880641103,qwen15b-npu6,
1782497964.2343407,200,132.1854987181723,qwen15b-npu7,
1782497964.2383723,200,122.71500518545508,qwen15b-npu4,
1782497964.2386587,200,121.29961512982845,qwen15b-npu4,
1782497964.2412453,200,111.98824318125844,qwen15b-npu5,
1782497964.2416728,200,121.39608617872,qwen15b-npu5,
1782497964.2635195,200,145.83411999046803,qwen15b-npu3,
1782497964.2665167,200,125.50274282693863,qwen15b-npu4,
1782497964.2669253,200,143.91519781202078,qwen15b-npu6,
1782497964.2676456,200,146.51694521307945,qwen15b-npu6,
1782497964.2684464,200,149.40513391047716,qwen15b-npu3,
1782497964.2688017,200,150.08440893143415,qwen15b-npu6,
1782497964.2691727,200,127.82521918416023,qwen15b-npu5,
1782497964.269438,200,148.7312000244856,qwen15b-npu6,
1782497964.2707987,200,148.08610593900084,qwen15b-npu7,
1782497964.2711623,200,149.08086322247982,qwen15b-npu7,
1782497964.2714548,200,154.4291488826275,qwen15b-npu7,
1782497964.2717757,200,116.5174744091928,qwen15b-npu5,
1782497964.2906299,200,117.45316907763481,qwen15b-npu5,
1782497964.2938886,200,126.99216324836016,qwen15b-npu7,
1782497964.3137336,200,115.76040927320719,qwen15b-npu4,
1782497964.3184965,200,145.61748877167702,qwen15b-npu6,
1782497964.3201246,200,153.80762377753854,qwen15b-npu3,
1782497964.3203766,200,150.96916537731886,qwen15b-npu3,
1782497964.321359,200,139.7038889117539,qwen15b-npu3,
1782497964.3388784,200,125.48689404502511,qwen15b-npu4,
1782497964.3396108,200,114.73363172262907,qwen15b-npu5,
1782497964.346934,200,138.5767520405352,qwen15b-npu6,
1782497964.347454,200,149.78346694260836,qwen15b-npu6,
1782497964.3484657,200,147.1796790137887,qwen15b-npu7,
1782497964.3487098,200,135.03710832446814,qwen15b-npu7,
1782497964.3489377,200,140.08639100939035,qwen15b-npu7,
1782497964.364164,200,122.36349331215024,qwen15b-npu4,
1782497964.3654206,200,124.06074441969395,qwen15b-npu4,
1782497964.3669078,200,128.45629313960671,qwen15b-npu5,
1782497964.3674264,200,138.28672003000975,qwen15b-npu5,
1782497964.3761783,200,137.4206435866654,qwen15b-npu3,
1782497964.3771453,200,142.6870790310204,qwen15b-npu3,
1782497964.390476,200,123.83171264082193,qwen15b-npu4,
1782497964.3919415,200,128.30230314284563,qwen15b-npu4,
1782497964.3925962,200,124.0634243004024,qwen15b-npu5,
1782497964.393086,200,122.19391111284494,qwen15b-npu5,
1782497964.393447,200,121.59607838839293,qwen15b-npu4,
1782497964.4009352,200,132.0239077322185,qwen15b-npu7,
1782497964.4082994,200,141.26343000680208,qwen15b-npu6,
1782497964.4099278,200,142.1598051674664,qwen15b-npu3,
1782497964.4111438,200,141.88221376389265,qwen15b-npu6,
1782497964.4115555,200,139.99970071017742,qwen15b-npu3,
1782497964.4119358,200,140.6977861188352,qwen15b-npu3,
1782497964.4130797,200,143.56971578672528,qwen15b-npu6,
1782497964.4147005,200,123.98536363616586,qwen15b-npu4,
1782497964.4159732,200,122.00560001656413,qwen15b-npu5,
1782497964.4392405,200,118.79739910364151,qwen15b-npu5,
1782497964.4555025,200,141.70355303213,qwen15b-npu7,
1782497964.460451,200,141.88860403373837,qwen15b-npu6,
1782497964.463311,200,124.33787621557713,qwen15b-npu4,
1782497964.4650543,200,143.5760548338294,qwen15b-npu3,
1782497964.4654405,200,145.24242701008916,qwen15b-npu3,
1782497964.465781,200,117.00714658945799,qwen15b-npu5,
1782497964.4665802,200,117.58041009306908,qwen15b-npu5,
1782497964.4830263,200,143.34786403924227,qwen15b-npu7,
1782497964.488689,200,141.6836129501462,qwen15b-npu6,
1782497964.48894,200,140.40589379146695,qwen15b-npu6,
1782497964.4895084,200,141.99113473296165,qwen15b-npu6,
1782497964.4897654,200,113.5030030272901,qwen15b-npu5,
1782497964.491031,200,126.75412185490131,qwen15b-npu4,
1782497964.5127454,200,145.68539010360837,qwen15b-npu7,
1782497964.5131404,200,147.57410204038024,qwen15b-npu7,
1782497964.5135334,200,136.28484588116407,qwen15b-npu7,
1782497964.51432,200,113.23225079104304,qwen15b-npu5,
1782497964.5163057,200,148.76483008265495,qwen15b-npu6,
1782497964.516624,200,126.03143695741892,qwen15b-npu4,
1782497964.5170078,200,123.48476983606815,qwen15b-npu4,
1782497964.5183072,200,126.26112857833505,qwen15b-npu3,
1782497964.540473,200,147.77199272066355,qwen15b-npu7,
1782497964.5408025,200,129.13347827270627,qwen15b-npu7,
1782497964.541127,200,147.9726447723806,qwen15b-npu7,
1782497964.5414402,200,130.1904758438468,qwen15b-npu4,
1782497964.5440898,200,135.61184192076325,qwen15b-npu6,
1782497964.544458,200,128.36255319416523,qwen15b-npu6,
1782497964.549685,200,134.89545695483685,qwen15b-npu3,
1782497964.5500019,200,137.9624968394637,qwen15b-npu3,
1782497964.5503647,200,140.27073327451944,qwen15b-npu3,
1782497964.5506687,200,137.4582340940833,qwen15b-npu3,
1782497964.564697,200,109.13231410086155,qwen15b-npu4,
1782497964.571045,200,131.72277621924877,qwen15b-npu6,
1782497964.5872204,200,122.04178981482983,qwen15b-npu5,
1782497964.587861,200,127.35101580619812,qwen15b-npu5,
1782497964.5894563,200,126.06279784813523,qwen15b-npu4,
1782497964.5945263,200,127.87694996222854,qwen15b-npu7,
1782497964.5948205,200,129.2739398777485,qwen15b-npu7,
1782497964.5995762,200,133.71928920969367,qwen15b-npu6,
1782497964.6112728,200,121.44214566797018,qwen15b-npu5,
1782497964.6144378,200,125.67887362092733,qwen15b-npu4,
1782497964.6329463,200,143.93265824764967,qwen15b-npu3,
1782497964.6357288,200,146.14336285740137,qwen15b-npu7,
1782497964.6361372,200,144.94173415005207,qwen15b-npu7,
1782497964.6380932,200,121.69069889932871,qwen15b-npu5,
1782497964.6384733,200,124.05442399904132,qwen15b-npu5,
1782497964.638842,200,125.56427530944347,qwen15b-npu4,
1782497964.6404192,200,157.32770785689354,qwen15b-npu6,
1782497964.6536067,200,139.98370105400681,qwen15b-npu3,
1782497964.653956,200,135.56655077263713,qwen15b-npu3,
1782497964.6615043,200,116.93925596773624,qwen15b-npu5,
1782497964.6618435,200,120.94464292749763,qwen15b-npu5,
1782497964.662833,200,145.7492900080979,qwen15b-npu7,
1782497964.6636736,200,113.22864098474383,qwen15b-npu5,
1782497964.663979,200,122.75783577933908,qwen15b-npu4,
1782497964.6647365,200,114.6249808371067,qwen15b-npu4,
1782497964.669181,200,156.32456075400114,qwen15b-npu6,
1782497964.6695004,200,152.80073834583163,qwen15b-npu6,
1782497964.6818655,200,141.29697997123003,qwen15b-npu3,
1782497964.6821983,200,140.6860863789916,qwen15b-npu3,
1782497964.6826468,200,131.84308586642146,qwen15b-npu3,
1782497964.6866834,200,115.56133721023798,qwen15b-npu4,
1782497964.691095,200,146.91111771389842,qwen15b-npu7,
1782497964.6914592,200,141.68066205456853,qwen15b-npu7,
1782497964.7110271,200,111.38510890305042,qwen15b-npu4,
1782497964.7248976,200,136.9544006884098,qwen15b-npu6,
1782497964.7252448,200,160.46149795874953,qwen15b-npu6,
1782497964.733018,200,118.51359670981765,qwen15b-npu5,
1782497964.7345195,200,144.98400501906872,qwen15b-npu3,
1782497964.7359767,200,124.64057793840766,qwen15b-npu4,
1782497964.7450278,200,150.43354080989957,qwen15b-npu7,
1782497964.7454166,200,158.10696268454194,qwen15b-npu7,
1782497964.7533128,200,158.41017523780465,qwen15b-npu6,
1782497964.7585409,200,119.93607599288225,qwen15b-npu5,
1782497964.7589524,200,125.90750586241484,qwen15b-npu5,
1782497964.7643394,200,128.0483310110867,qwen15b-npu3,
1782497964.7648735,200,125.95356674864888,qwen15b-npu3,
1782497964.7720652,200,131.5647941082716,qwen15b-npu7,
1782497964.7825232,200,144.33208107948303,qwen15b-npu6,
1782497964.7840579,200,148.23764702305198,qwen15b-npu6,
1782497964.7844121,200,120.65740115940571,qwen15b-npu5,
1782497964.7848744,200,121.91209895536304,qwen15b-npu5,
1782497964.7851343,200,115.87475938722491,qwen15b-npu5,
1782497964.7863684,200,132.66146229580045,qwen15b-npu4,
1782497964.7870796,200,125.46602310612798,qwen15b-npu4,
1782497964.7884643,200,134.41776297986507,qwen15b-npu3,
1782497964.8009727,200,136.9208707474172,qwen15b-npu7,
1782497964.8013391,200,131.74900598824024,qwen15b-npu7,
1782497964.810157,200,118.59830701723695,qwen15b-npu4,
1782497964.8104022,200,127.66468804329634,qwen15b-npu4,
1782497964.8128884,200,148.04527629166842,qwen15b-npu6,
1782497964.8132646,200,126.49720022454858,qwen15b-npu6,
1782497964.8136892,200,151.7637800425291,qwen15b-npu6,
1782497964.8157976,200,133.83996998891234,qwen15b-npu3,
1782497964.816163,200,133.84683011099696,qwen15b-npu3,
1782497964.827365,200,136.16765523329377,qwen15b-npu7,
1782497964.8416753,200,116.68710364028811,qwen15b-npu3,
1782497964.8506556,200,139.54418897628784,qwen15b-npu6,
1782497964.8586762,200,122.61773506179452,qwen15b-npu4,
1782497964.8590233,200,124.35457576066256,qwen15b-npu4,
1782497964.867774,200,134.64774610474706,qwen15b-npu7,
1782497964.868311,200,143.003951292485,qwen15b-npu7,
1782497964.8828933,200,124.20989526435733,qwen15b-npu5,
1782497964.8832223,200,118.81074868142605,qwen15b-npu5,
1782497964.8835993,200,111.4422190003097,qwen15b-npu5,
1782497964.8954146,200,150.31092101708055,qwen15b-npu7,
1782497964.8956838,200,142.2896757721901,qwen15b-npu3,
1782497964.8960154,200,136.98133127763867,qwen15b-npu3,
1782497964.90556,200,116.9863366521895,qwen15b-npu5,
1782497964.9061558,200,121.63374805822968,qwen15b-npu5,
1782497964.9069538,200,124.31993568316102,qwen15b-npu4,
1782497964.907886,200,122.93742597103119,qwen15b-npu4,
1782497964.9097464,200,144.8062937706709,qwen15b-npu6,
1782497964.9106572,200,165.1289500296116,qwen15b-npu6,
1782497964.9217815,200,137.62819534167647,qwen15b-npu3,
1782497964.9233115,200,138.10296775773168,qwen15b-npu7,
1782497964.9241679,200,137.65923585742712,qwen15b-npu7,
1782497964.9304972,200,120.02461683005095,qwen15b-npu5,
1782497964.9309123,200,117.1146766282618,qwen15b-npu5,
1782497964.9321713,200,121.94334995001554,qwen15b-npu4,
1782497964.9326308,200,131.5630148164928,qwen15b-npu4,
1782497964.9379468,200,150.76914429664612,qwen15b-npu6,
1782497964.9489336,200,133.0340844579041,qwen15b-npu3,
1782497964.9493725,200,136.35783595964313,qwen15b-npu3,
1782497964.9507418,200,137.3601839877665,qwen15b-npu7,
1782497964.9673038,200,151.06339612975717,qwen15b-npu6,
1782497964.9679096,200,166.497808881104,qwen15b-npu6,
1782497964.974794,200,115.66384695470333,qwen15b-npu3,
1782497964.9754496,200,133.69393907487392,qwen15b-npu3,
1782497964.9791708,200,151.7122802324593,qwen15b-npu7,
1782497964.9798393,200,121.06906389817595,qwen15b-npu4,
1782497964.9960923,200,145.354846958071,qwen15b-npu6,
1782497964.9971035,200,129.2008082382381,qwen15b-npu6,
1782497965.0002282,200,116.53080303221941,qwen15b-npu3,
1782497965.001695,200,118.69191797450185,qwen15b-npu5,
1782497965.0050378,200,121.74081895500422,qwen15b-npu4,
1782497965.008336,200,139.9316913448274,qwen15b-npu7,
1782497965.0239103,200,128.42048285529017,qwen15b-npu6,
1782497965.0273325,200,120.3011479228735,qwen15b-npu5,
1782497965.0279002,200,121.67389784008265,qwen15b-npu5,
1782497965.0281448,200,132.0103476755321,qwen15b-npu3,
1782497965.0284045,200,118.56095679104328,qwen15b-npu3,
1782497965.0373423,200,141.58035209402442,qwen15b-npu7,
1782497965.0380292,200,130.04875415936112,qwen15b-npu7,
1782497965.0383575,200,132.71724293008447,qwen15b-npu7,
1782497965.0506754,200,126.40933925285935,qwen15b-npu5,
1782497965.0549495,200,144.18542897328734,qwen15b-npu6,
1782497965.0552676,200,133.4245167672634,qwen15b-npu6,
1782497965.0555413,200,117.50266002491117,qwen15b-npu4,
1782497965.0564272,200,133.0018942244351,qwen15b-npu4,
1782497965.0568151,200,126.1946689337492,qwen15b-npu3,
1782497965.0631304,200,130.8553800918162,qwen15b-npu7,
1782497965.0634675,200,130.76623901724815,qwen15b-npu7,
1782497965.0754106,200,108.02353685721755,qwen15b-npu5,
1782497965.079954,200,130.41296740993857,qwen15b-npu3,
1782497965.0802677,200,131.19475170969963,qwen15b-npu4,
1782497965.080668,200,112.68718773499131,qwen15b-npu4,
1782497965.0934734,200,162.4466022476554,qwen15b-npu6,
1782497965.101224,200,126.34259881451726,qwen15b-npu5,
1782497965.101945,200,126.42752984538674,qwen15b-npu5,
1782497965.1022515,200,151.40887815505266,qwen15b-npu7,
1782497965.1034808,200,106.24342365190387,qwen15b-npu4,
1782497965.1232944,200,143.37757416069508,qwen15b-npu6,
1782497965.1236594,200,144.41491104662418,qwen15b-npu6,
1782497965.1275635,200,119.14619104936719,qwen15b-npu5,
1782497965.1283994,200,126.61191076040268,qwen15b-npu4,
1782497965.1335049,200,137.32564309611917,qwen15b-npu3,
1782497965.1339328,200,133.62306775525212,qwen15b-npu3,
1782497965.1517696,200,123.54827066883445,qwen15b-npu5,
1782497965.1543586,200,149.24927288666368,qwen15b-npu7,
1782497965.15513,200,116.66956497356296,qwen15b-npu4,
1782497965.1607842,200,123.32785874605179,qwen15b-npu3,
1782497965.1610637,200,133.1005753017962,qwen15b-npu3,
1782497965.1619058,200,123.78178210929036,qwen15b-npu3,
1782497965.1773074,200,121.67485803365707,qwen15b-npu5,
1782497965.1776476,200,122.60832404717803,qwen15b-npu5,
1782497965.1789534,200,154.9741616472602,qwen15b-npu6,
1782497965.1794014,200,150.92367492616177,qwen15b-npu6,
1782497965.1804895,200,123.93426289781928,qwen15b-npu4,
1782497965.1813033,200,153.86999491602182,qwen15b-npu7,
1782497965.1882174,200,132.87786301225424,qwen15b-npu3,
1782497965.188584,200,137.76786718517542,qwen15b-npu3,
1782497965.200853,200,120.81160163506866,qwen15b-npu5,
1782497965.2052288,200,129.73619205877185,qwen15b-npu4,
1782497965.2056677,200,124.91742894053459,qwen15b-npu4,
1782497965.2091577,200,128.80085594952106,qwen15b-npu6,
1782497965.2094557,200,152.56084594875574,qwen15b-npu6,
1782497965.2106147,200,147.39728067070246,qwen15b-npu7,
1782497965.2109184,200,147.35136087983847,qwen15b-npu7,
1782497965.2260723,200,122.51443415880203,qwen15b-npu5,
1782497965.2337363,200,131.71826489269733,qwen15b-npu4,
1782497965.2342887,200,133.0005140043795,qwen15b-npu4,
1782497965.237267,200,134.90013731643558,qwen15b-npu6,
1782497965.2388942,200,145.35879716277122,qwen15b-npu7,
1782497965.2530177,200,129.59618167951703,qwen15b-npu5,
1782497965.2532878,200,119.25725219771266,qwen15b-npu5,
1782497965.2603645,200,131.8634059280157,qwen15b-npu4,
1782497965.26475,200,141.0052478313446,qwen15b-npu7,
1782497965.2664948,200,132.87124317139387,qwen15b-npu3,
1782497965.2673562,200,139.7142792120576,qwen15b-npu6,
1782497965.2780657,200,116.89809616655111,qwen15b-npu5,
1782497965.2857425,200,130.5131884291768,qwen15b-npu4,
1782497965.2866552,200,134.77765629068017,qwen15b-npu4,
1782497965.2920842,200,130.08451415225863,qwen15b-npu7,
1782497965.2935593,200,115.81848794594407,qwen15b-npu3,
1782497965.296994,200,136.1355446279049,qwen15b-npu6,
1782497965.297903,200,143.46935506910086,qwen15b-npu6,
1782497965.3103263,200,129.75597195327282,qwen15b-npu4,
1782497965.320599,200,139.22487571835518,qwen15b-npu7,
1782497965.3209355,200,132.61695113033056,qwen15b-npu7,
1782497965.3219914,200,142.95576233416796,qwen15b-npu3,
1782497965.3224175,200,142.90117006748915,qwen15b-npu3,
1782497965.328088,200,150.7039638236165,qwen15b-npu6,
1782497965.3294759,200,140.83044696599245,qwen15b-npu6,
1782497965.3297472,200,128.83619684726,qwen15b-npu5,
1782497965.33,200,120.43586932122707,qwen15b-npu5,
1782497965.3306851,200,125.331643037498,qwen15b-npu5,
1782497965.3473623,200,136.34392665699124,qwen15b-npu7,
1782497965.3480842,200,121.93592032417655,qwen15b-npu7,
1782497965.3493812,200,138.68178287521005,qwen15b-npu3,
1782497965.3496037,200,140.3836039826274,qwen15b-npu3,
1782497965.3523993,200,146.6382360085845,qwen15b-npu6,
1782497965.360857,200,121.90575012937188,qwen15b-npu4,
1782497965.3611774,200,123.85319266468287,qwen15b-npu4,
1782497965.3749354,200,121.56723719090223,qwen15b-npu3,
1782497965.3752337,200,141.43387973308563,qwen15b-npu7,
1782497965.3755786,200,141.2255303002894,qwen15b-npu7,
1782497965.3771505,200,116.66744388639927,qwen15b-npu5,
1782497965.3775826,200,112.75232769548893,qwen15b-npu5,
1782497965.3874984,200,134.40304435789585,qwen15b-npu4,
1782497965.3879473,200,120.52597012370825,qwen15b-npu4,
1782497965.4016945,200,135.11354802176356,qwen15b-npu7,
1782497965.4100184,200,124.1886648349464,qwen15b-npu6,
1782497965.4117637,200,133.58599785715342,qwen15b-npu4,
1782497965.4246707,200,114.26075827330351,qwen15b-npu5,
1782497965.4289567,200,135.31807018443942,qwen15b-npu3,
1782497965.429243,200,137.06743204966187,qwen15b-npu7,
1782497965.4295685,200,142.81036984175444,qwen15b-npu3,
1782497965.4401896,200,142.16897590085864,qwen15b-npu6,
1782497965.440569,200,143.51680455729365,qwen15b-npu6,
1782497965.4502268,200,122.04073090106249,qwen15b-npu5,
1782497965.4505446,200,128.02724121138453,qwen15b-npu5,
1782497965.4548008,200,125.25803176686168,qwen15b-npu3,
1782497965.456136,200,125.36769220605493,qwen15b-npu7,
1782497965.4563963,200,134.31165320798755,qwen15b-npu7,
1782497965.4636168,200,113.94676612690091,qwen15b-npu4,
1782497965.46409,200,133.9681907556951,qwen15b-npu4,
1782497965.4643784,200,134.57298511639237,qwen15b-npu4,
1782497965.4694636,200,148.41853780671954,qwen15b-npu6,
1782497965.4702961,200,149.6070260182023,qwen15b-npu6,
1782497965.4747477,200,113.50675392895937,qwen15b-npu5,
1782497965.475042,200,126.87239283695817,qwen15b-npu5,
1782497965.483167,200,133.7258191779256,qwen15b-npu7,
1782497965.4835758,200,122.63330491259694,qwen15b-npu3,
1782497965.486138,200,111.1201667226851,qwen15b-npu4,
1782497965.497322,200,149.8884567990899,qwen15b-npu6,
1782497965.4977102,200,145.25010716170073,qwen15b-npu6,
1782497965.5097115,200,132.03293830156326,qwen15b-npu7,
1782497965.51066,200,122.61307379230857,qwen15b-npu3,
1782497965.5116775,200,134.4066341407597,qwen15b-npu3,
1782497965.512071,200,136.41348714008927,qwen15b-npu3,
1782497965.5236812,200,113.58428420498967,qwen15b-npu5,
1782497965.5239584,200,122.16447107493877,qwen15b-npu5,
1782497965.5246599,200,112.79640765860677,qwen15b-npu5,
1782497965.5260346,200,138.4717309847474,qwen15b-npu6,
1782497965.526332,200,151.02626476436853,qwen15b-npu6,
1782497965.5350187,200,110.27228180319071,qwen15b-npu4,
1782497965.559482,200,119.16316067799926,qwen15b-npu4,
1782497965.562769,200,133.4504270926118,qwen15b-npu3,
1782497965.5638993,200,134.86286718398333,qwen15b-npu7,
1782497965.5641985,200,134.55820502713323,qwen15b-npu7,
1782497965.5821939,200,125.99086668342352,qwen15b-npu6,
1782497965.5826294,200,126.16296811029315,qwen15b-npu6,
1782497965.583025,200,142.3852271400392,qwen15b-npu6,
1782497965.5865018,200,131.62470515817404,qwen15b-npu4,
1782497965.5873795,200,112.54280712455511,qwen15b-npu4,
1782497965.593073,200,129.29757917299867,qwen15b-npu7,
1782497965.5934532,200,142.81413098797202,qwen15b-npu3,
1782497965.5938406,200,129.38671000301838,qwen15b-npu3,
1782497965.594198,200,130.03046484664083,qwen15b-npu3,
1782497965.5945156,200,144.20783007517457,qwen15b-npu7,
1782497965.5947878,200,124.38771687448025,qwen15b-npu7,
1782497965.5960157,200,120.90564332902431,qwen15b-npu5,
1782497965.5963233,200,126.7615919932723,qwen15b-npu5,
1782497965.6102643,200,124.05368406325579,qwen15b-npu4,
1782497965.616357,200,132.69380293786526,qwen15b-npu7,
1782497965.6173406,200,134.10160085186362,qwen15b-npu3,
1782497965.619498,200,122.07063101232052,qwen15b-npu5,
1782497965.6367357,200,138.92887393012643,qwen15b-npu6,
1782497965.6374424,200,125.65866392105818,qwen15b-npu6,
1782497965.6379225,200,128.1423019245267,qwen15b-npu4,
1782497965.6388688,200,114.83477195724845,qwen15b-npu4,
1782497965.6398454,200,129.1244593448937,qwen15b-npu4,
1782497965.6437683,200,117.33177909627557,qwen15b-npu7,
1782497965.6445603,200,132.38123012706637,qwen15b-npu3,
1782497965.6458337,200,110.71302462369204,qwen15b-npu5,
1782497965.646062,200,121.33613508194685,qwen15b-npu5,
1782497965.6463099,200,122.55171360448003,qwen15b-npu5,
1782497965.6634166,200,137.3066226951778,qwen15b-npu6,
1782497965.691215,200,128.37601313367486,qwen15b-npu6,
1782497965.6980534,200,138.50855082273483,qwen15b-npu7,
1782497965.6992886,200,135.01548767089844,qwen15b-npu3,
1782497965.6999881,200,136.02010486647487,qwen15b-npu3,
1782497965.7115555,200,118.37763618677855,qwen15b-npu4,
1782497965.7124546,200,130.12784533202648,qwen15b-npu4,
1782497965.7186613,200,125.08740089833736,qwen15b-npu5,
1782497965.7190073,200,108.64579072222114,qwen15b-npu5,
1782497965.7195656,200,125.6124540232122,qwen15b-npu5,
1782497965.7220151,200,127.13109515607357,qwen15b-npu6,
1782497965.722344,200,134.87899722531438,qwen15b-npu6,
1782497965.72262,200,139.89460095763206,qwen15b-npu6,
1782497965.7264888,200,143.37635366246104,qwen15b-npu3,
1782497965.7267327,200,132.14367860928178,qwen15b-npu3,
1782497965.72874,200,132.32365902513266,qwen15b-npu7,
1782497965.7290123,200,134.72500583156943,qwen15b-npu7,
1782497965.7293177,200,142.72374007850885,qwen15b-npu7,
1782497965.7296681,200,133.5726478137076,qwen15b-npu7,
1782497965.7362587,200,118.8553087413311,qwen15b-npu4,
1782497965.751397,200,134.97326662763953,qwen15b-npu3,
1782497965.7632089,200,117.07410728558898,qwen15b-npu4,
1782497965.7639282,200,125.89155696332455,qwen15b-npu4,
1782497965.7642581,200,125.3007622435689,qwen15b-npu4,
1782497965.7668536,200,120.95030304044485,qwen15b-npu5,
1782497965.774842,200,138.0071579478681,qwen15b-npu6,
1782497965.7759745,200,156.39260224997997,qwen15b-npu6,
1782497965.779215,200,141.63118321448565,qwen15b-npu3,
1782497965.7795894,200,135.7237519696355,qwen15b-npu3,
1782497965.7832687,200,143.32851395010948,qwen15b-npu7,
1782497965.783589,200,137.21389323472977,qwen15b-npu7,
1782497965.7844684,200,139.83566034585238,qwen15b-npu7,
1782497965.8030453,200,139.5534691400826,qwen15b-npu6,
1782497965.8145185,200,115.13971397653222,qwen15b-npu4,
1782497965.8328366,200,141.5413822978735,qwen15b-npu3,
1782497965.833753,200,135.63446188345551,qwen15b-npu6,
1782497965.8374403,200,118.30670479685068,qwen15b-npu4,
1782497965.843966,200,131.3833729363978,qwen15b-npu5,
1782497965.8449757,200,115.55550713092089,qwen15b-npu5,
1782497965.8452559,200,122.56436375901103,qwen15b-npu5,
1782497965.845507,200,133.8816499337554,qwen15b-npu5,
1782497965.8457527,200,126.0814880952239,qwen15b-npu5,
1782497965.845984,200,145.90885071083903,qwen15b-npu7,
1782497965.860866,200,138.7569820508361,qwen15b-npu3,
1782497965.861183,200,142.4199678003788,qwen15b-npu3,
1782497965.8625169,200,133.41884687542915,qwen15b-npu4,
1782497965.8634002,200,140.96270827576518,qwen15b-npu6,
1782497965.8637896,200,134.03889071196318,qwen15b-npu4,
1782497965.864079,200,137.5207551755011,qwen15b-npu6,
1782497965.8736885,200,144.87301371991634,qwen15b-npu7,
1782497965.8740113,200,147.21101988106966,qwen15b-npu7,
1782497965.8743286,200,137.98438804224133,qwen15b-npu7,
1782497965.8840268,200,109.1072834096849,qwen15b-npu4,
1782497965.8880365,200,124.01560414582491,qwen15b-npu3,
1782497965.8885536,200,137.07829173654318,qwen15b-npu3,
1782497965.8924952,200,128.14400112256408,qwen15b-npu5,
1782497965.8928425,200,113.13886987045407,qwen15b-npu5,
1782497965.9077015,200,128.37408296763897,qwen15b-npu4,
1782497965.9134963,200,129.83254296705127,qwen15b-npu3,
1782497965.9146583,200,130.1094051450491,qwen15b-npu5,
1782497965.9190457,200,152.10674330592155,qwen15b-npu6,
1782497965.9193547,200,156.06482001021504,qwen15b-npu6,
1782497965.9196956,200,136.326237116009,qwen15b-npu6,
1782497965.9274268,200,151.33162681013346,qwen15b-npu7,
1782497965.955511,200,140.90547803789377,qwen15b-npu7,
1782497965.9557753,200,152.60816598311067,qwen15b-npu7,
1782497965.9565072,200,111.18183704093099,qwen15b-npu4,
1782497965.9650233,200,118.96556010469794,qwen15b-npu5,
1782497965.9687026,200,134.88843571394682,qwen15b-npu3,
1782497965.9692369,200,136.32697565481067,qwen15b-npu3,
1782497965.9720683,200,134.5208641141653,qwen15b-npu6,
1782497965.9723022,200,126.48502085357904,qwen15b-npu6,
1782497965.9728827,200,128.83778708055615,qwen15b-npu6,
1782497965.9812608,200,117.0919369906187,qwen15b-npu4,
1782497965.9816282,200,107.53350285813212,qwen15b-npu4,
1782497965.9832568,200,138.2071189582348,qwen15b-npu7,
1782497965.9845576,200,138.9869237318635,qwen15b-npu7,
1782497965.9971132,200,123.33247996866703,qwen15b-npu3,
1782497965.9973724,200,133.50759679451585,qwen15b-npu3,
1782497965.9984958,200,135.91549405828118,qwen15b-npu3,
1782497965.9989493,200,137.67117587849498,qwen15b-npu3,
1782497966.0031588,200,110.25325069203973,qwen15b-npu4,
1782497966.0109677,200,147.4792817607522,qwen15b-npu6,
1782497966.011541,200,150.59318207204342,qwen15b-npu6,
1782497966.0144374,200,126.32894888520241,qwen15b-npu5,
1782497966.0148108,200,126.19128776714206,qwen15b-npu5,
1782497966.0208886,200,146.4658440090716,qwen15b-npu7,
1782497966.023249,200,139.15553502738476,qwen15b-npu3,
1782497966.0236235,200,131.03642128407955,qwen15b-npu3,
1782497966.0268512,200,119.08863019198179,qwen15b-npu4,
1782497966.0395174,200,119.74734487012029,qwen15b-npu5,
1782497966.0406024,200,121.45886709913611,qwen15b-npu5,
1782497966.0410237,200,127.43579689413309,qwen15b-npu5,
1782497966.0503693,200,130.9227109886706,qwen15b-npu7,
1782497966.0510724,200,136.34923612698913,qwen15b-npu7,
1782497966.0517955,200,124.2921557277441,qwen15b-npu4,
1782497966.0741062,200,117.52585042268038,qwen15b-npu3,
1782497966.0758102,200,106.50500608608127,qwen15b-npu4,
1782497966.0762334,200,111.14255664870143,qwen15b-npu4,
1782497966.0869462,200,131.06819102540612,qwen15b-npu5,
1782497966.0875766,200,114.626401104033,qwen15b-npu5,
1782497966.0906837,200,135.10265899822116,qwen15b-npu6,
1782497966.0985663,200,126.20173906907439,qwen15b-npu4,
1782497966.10175,200,117.09606694057584,qwen15b-npu3,
1782497966.102061,200,118.67360817268491,qwen15b-npu3,
1782497966.1064718,200,137.70134607329965,qwen15b-npu7,
1782497966.1067903,200,134.65603487566113,qwen15b-npu7,
1782497966.1113043,200,114.12428691983223,qwen15b-npu5,
1782497966.1118977,200,130.18185505643487,qwen15b-npu5,
1782497966.1195104,200,120.90889224782586,qwen15b-npu6,
1782497966.1227598,200,119.53019304201007,qwen15b-npu4,
1782497966.1350102,200,153.634212911129,qwen15b-npu7,
1782497966.135366,200,136.3362269476056,qwen15b-npu7,
1782497966.1357632,200,138.30601004883647,qwen15b-npu7,
1782497966.1364236,200,115.47492630779743,qwen15b-npu5,
1782497966.146481,200,119.56208385527134,qwen15b-npu4,
1782497966.1508827,200,139.77509876713157,qwen15b-npu6,
1782497966.1520002,200,137.46086414903402,qwen15b-npu6,
1782497966.1522965,200,140.58970473706722,qwen15b-npu6,
1782497966.1527724,200,137.86650728434324,qwen15b-npu6,
1782497966.1531487,200,129.44316072389483,qwen15b-npu6,
1782497966.1549273,200,131.5783648751676,qwen15b-npu3,
1782497966.1602826,200,119.15328213945031,qwen15b-npu5,
1782497966.1614425,200,121.85509921982884,qwen15b-npu7,
1782497966.1709638,200,120.48402009531856,qwen15b-npu4,
1782497966.1717434,200,119.85095590353012,qwen15b-npu4,
1782497966.1751082,200,134.36779286712408,qwen15b-npu6,
1782497966.1846523,200,108.72781090438366,qwen15b-npu5,
1782497966.1897087,200,138.52828135713935,qwen15b-npu7,
1782497966.1941988,200,107.15383104979992,qwen15b-npu4,
1782497966.2083795,200,106.21320409700274,qwen15b-npu5,
1782497966.210359,200,136.17071509361267,qwen15b-npu3,
1782497966.210675,200,119.91179641336203,qwen15b-npu3,
1782497966.2110226,200,134.69896605238318,qwen15b-npu3,
1782497966.2170303,200,129.38102008774877,qwen15b-npu7,
1782497966.218974,200,107.01323905959725,qwen15b-npu4,
1782497966.2193673,200,120.70544203743339,qwen15b-npu4,
1782497966.2271762,200,120.29353762045503,qwen15b-npu6,
1782497966.233493,200,122.12361069396138,qwen15b-npu5,
1782497966.235952,200,134.1127511113882,qwen15b-npu3,
1782497966.2418416,200,105.98236275836825,qwen15b-npu4,
1782497966.2449431,200,125.34449296072125,qwen15b-npu7,
1782497966.245525,200,138.98035511374474,qwen15b-npu7,
1782497966.2569907,200,120.50160998478532,qwen15b-npu5,
1782497966.2639792,200,141.151858959347,qwen15b-npu3,
1782497966.267119,200,114.25120756030083,qwen15b-npu4,
1782497966.2675982,200,116.60996405407786,qwen15b-npu4,
1782497966.2817912,200,129.3483590707183,qwen15b-npu5,
1782497966.2853937,200,125.02226140350103,qwen15b-npu6,
1782497966.2860475,200,150.5750622600317,qwen15b-npu6,
1782497966.2864017,200,131.38776272535324,qwen15b-npu6,
1782497966.286758,200,133.49458761513233,qwen15b-npu6,
1782497966.287002,200,125.42757298797369,qwen15b-npu6,
1782497966.287273,200,152.14738296344876,qwen15b-npu6,
1782497966.2902966,200,118.46132669597864,qwen15b-npu4,
1782497966.2925918,200,146.02120220661163,qwen15b-npu3,
1782497966.3008132,200,129.7660619020462,qwen15b-npu7,
1782497966.3011324,200,149.05973197892308,qwen15b-npu7,
1782497966.3144295,200,105.97795294597745,qwen15b-npu4,
1782497966.3202262,200,130.41609665378928,qwen15b-npu3,
1782497966.3205373,200,145.31543664634228,qwen15b-npu3,
1782497966.3281314,200,143.36889376863837,qwen15b-npu7,
1782497966.328466,200,134.17476182803512,qwen15b-npu7,
1782497966.332363,200,121.59675685688853,qwen15b-npu5,
1782497966.332704,200,122.25592182949185,qwen15b-npu5,
1782497966.3375216,200,103.9611492305994,qwen15b-npu4,
1782497966.3465729,200,127.103625331074,qwen15b-npu3,
1782497966.3559058,200,144.82063381001353,qwen15b-npu7,
1782497966.3561761,200,120.16438832506537,qwen15b-npu7,
1782497966.3569808,200,129.72762202844024,qwen15b-npu5,
1782497966.357217,200,112.1812448836863,qwen15b-npu5,
1782497966.3610048,200,115.41239591315389,qwen15b-npu4,
1782497966.3654184,200,146.35250391438603,qwen15b-npu6,
1782497966.3656785,200,148.56058778241277,qwen15b-npu6,
1782497966.3742218,200,132.30383023619652,qwen15b-npu3,
1782497966.379016,200,111.3108079880476,qwen15b-npu5,
1782497966.3921015,200,128.03416093811393,qwen15b-npu6,
1782497966.402227,200,145.1564859598875,qwen15b-npu3,
1782497966.404645,200,118.17303393036127,qwen15b-npu5,
1782497966.4049082,200,118.08202415704727,qwen15b-npu5,
1782497966.4081378,200,106.92067863419652,qwen15b-npu4,
1782497966.4084034,200,118.0281937122345,qwen15b-npu4,
1782497966.4100075,200,122.93715588748455,qwen15b-npu7,
1782497966.4102347,200,142.96718128025532,qwen15b-npu7,
1782497966.4220452,200,136.5475277416408,qwen15b-npu6,
1782497966.422891,200,140.98930777981877,qwen15b-npu6,
1782497966.4283123,200,127.39406665787101,qwen15b-npu5,
1782497966.4321036,200,139.41489718854427,qwen15b-npu3,
1782497966.4323657,200,146.199612878263,qwen15b-npu3,
1782497966.432794,200,145.40751790627837,qwen15b-npu3,
1782497966.433155,200,118.5978171415627,qwen15b-npu4,
1782497966.4553425,200,122.89643567055464,qwen15b-npu5,
1782497966.455684,200,127.14405497536063,qwen15b-npu5,
1782497966.4565809,200,118.99132002145052,qwen15b-npu4,
1782497966.4589362,200,138.33309011533856,qwen15b-npu3,
1782497966.4674387,200,120.8050032146275,qwen15b-npu7,
1782497966.467781,200,135.00703824684024,qwen15b-npu7,
1782497966.4681504,200,147.83799415454268,qwen15b-npu7,
1782497966.4763541,200,148.1447760015726,qwen15b-npu6,
1782497966.4798057,200,123.55255102738738,qwen15b-npu4,
1782497966.4871175,200,121.63624772801995,qwen15b-npu3,
1782497966.4874768,200,126.40240928158164,qwen15b-npu3,
1782497966.4936554,200,136.60940900444984,qwen15b-npu7,
1782497966.4942133,200,128.47141409292817,qwen15b-npu7,
1782497966.503736,200,129.45495080202818,qwen15b-npu5,
1782497966.504534,200,112.37010499462485,qwen15b-npu5,
1782497966.5056942,200,148.4048878774047,qwen15b-npu6,
1782497966.5059803,200,150.0034388154745,qwen15b-npu6,
1782497966.5065067,200,127.42793606594205,qwen15b-npu6,
1782497966.527581,200,122.87278613075614,qwen15b-npu5,
1782497966.5289614,200,118.8890291377902,qwen15b-npu4,
1782497966.5292137,200,107.11066983640194,qwen15b-npu4,
1782497966.5294619,200,120.9963639266789,qwen15b-npu4,
1782497966.543424,200,135.22012904286385,qwen15b-npu3,
1782497966.5442047,200,141.9115043245256,qwen15b-npu3,
1782497966.5445256,200,139.5486481487751,qwen15b-npu3,
1782497966.5474358,200,137.1387718245387,qwen15b-npu7,
1782497966.551075,200,122.6855549030006,qwen15b-npu4,
1782497966.5518155,200,118.91523003578186,qwen15b-npu5,
1782497966.5617468,200,129.5768222771585,qwen15b-npu6,
1782497966.5619822,200,138.98325385525823,qwen15b-npu6,
1782497966.5631258,200,130.62601815909147,qwen15b-npu6,
1782497966.5745316,200,117.87675274536014,qwen15b-npu4,
1782497966.5765493,200,143.3231933042407,qwen15b-npu7,
1782497966.577079,200,121.64418818429112,qwen15b-npu7,
1782497966.5773287,200,109.09477295354009,qwen15b-npu5,
1782497966.5778687,200,122.06474132835865,qwen15b-npu5,
1782497966.599089,200,122.65902478247881,qwen15b-npu4,
1782497966.599451,200,105.71246081963181,qwen15b-npu4,
1782497966.603113,200,144.08254902809858,qwen15b-npu7,
1782497966.6191707,200,151.31400804966688,qwen15b-npu6,
1782497966.6195924,200,152.04557310789824,qwen15b-npu6,
1782497966.6203833,200,140.5133451335132,qwen15b-npu6,
1782497966.622036,200,118.23260504752398,qwen15b-npu4,
1782497966.6318877,200,125.32010208815336,qwen15b-npu5,
1782497966.634676,200,147.12807908654213,qwen15b-npu7,
1782497966.6354394,200,148.23102578520775,qwen15b-npu7,
1782497966.6378155,200,143.54034466668963,qwen15b-npu3,
1782497966.638199,200,133.5846376605332,qwen15b-npu3,
1782497966.645208,200,116.17608088999987,qwen15b-npu4,
1782497966.64647,200,140.41350409388542,qwen15b-npu6,
1782497966.6535559,200,124.0256642922759,qwen15b-npu3,
1782497966.6541386,200,148.3585680834949,qwen15b-npu3,
1782497966.6760526,200,124.16777480393648,qwen15b-npu5,
1782497966.6764188,200,128.92094720155,qwen15b-npu5,
1782497966.6767268,200,114.68050116673112,qwen15b-npu5,
1782497966.676962,200,149.31773394346237,qwen15b-npu6,
1782497966.6778493,200,148.57385912910104,qwen15b-npu6,
1782497966.6823194,200,137.72717583924532,qwen15b-npu3,
1782497966.6825845,200,139.09695530310273,qwen15b-npu3,
1782497966.683557,200,139.2747270874679,qwen15b-npu3,
1782497966.6868184,200,125.00457093119621,qwen15b-npu7,
1782497966.687196,200,123.93962312489748,qwen15b-npu7,
1782497966.6879425,200,136.78810000419617,qwen15b-npu7,
1782497966.6929607,200,115.02492381259799,qwen15b-npu4,
1782497966.6932762,200,115.88012892752886,qwen15b-npu4,
1782497966.705151,200,128.00418073311448,qwen15b-npu6,
1782497966.7054372,200,130.8152498677373,qwen15b-npu6,
1782497966.7121165,200,135.49023075029254,qwen15b-npu7,
1782497966.715876,200,112.69722832366824,qwen15b-npu4,
1782497966.7240372,200,124.48610737919807,qwen15b-npu5,
1782497966.7244089,200,125.2260017208755,qwen15b-npu5,
1782497966.7401867,200,104.58780312910676,qwen15b-npu4,
1782497966.7488809,200,110.58836430311203,qwen15b-npu5,
1782497966.7492404,200,114.4878095947206,qwen15b-npu5,
1782497966.7622092,200,142.9575509391725,qwen15b-npu6,
1782497966.762564,200,142.8843908943236,qwen15b-npu6,
1782497966.7643526,200,143.88041803613305,qwen15b-npu3,
1782497966.7647753,200,142.6772098056972,qwen15b-npu3,
1782497966.7677617,200,122.47063405811787,qwen15b-npu4,
1782497966.7706075,200,138.65521177649498,qwen15b-npu7,
1782497966.7710207,200,133.1021348014474,qwen15b-npu7,
1782497966.7907963,200,137.14011199772358,qwen15b-npu6,
1782497966.792828,200,115.76905800029635,qwen15b-npu4,
1782497966.7931886,200,110.50941282883286,qwen15b-npu4,
1782497966.7953568,200,148.82697025313973,qwen15b-npu3,
1782497966.7970526,200,142.85016059875488,qwen15b-npu7,
1782497966.8020594,200,125.27151219546795,qwen15b-npu5,
1782497966.802308,200,124.39065612852573,qwen15b-npu5,
1782497966.8035414,200,116.1935911513865,qwen15b-npu5,
1782497966.8163266,200,128.31640196964145,qwen15b-npu4,
1782497966.8193247,200,126.27161899581552,qwen15b-npu6,
1782497966.819579,200,137.1895419433713,qwen15b-npu6,
1782497966.8240082,200,130.66381914541125,qwen15b-npu3,
1782497966.8253953,200,141.73720311373472,qwen15b-npu3,
1782497966.8257575,200,149.24389403313398,qwen15b-npu3,
1782497966.826013,200,149.85326677560806,qwen15b-npu7,
1782497966.8271725,200,121.92454002797604,qwen15b-npu5,
1782497966.8276863,200,140.7642071135342,qwen15b-npu7,
1782497966.8401241,200,115.97492918372154,qwen15b-npu4,
1782497966.8468387,200,134.64626483619213,qwen15b-npu6,
1782497966.85027,200,134.33396304026246,qwen15b-npu3,
1782497966.852901,200,128.42356320470572,qwen15b-npu7,
1782497966.853561,200,148.06769602000713,qwen15b-npu7,
1782497966.8638923,200,114.90677297115326,qwen15b-npu4,
1782497966.8769996,200,114.66825101524591,qwen15b-npu5,
1782497966.877349,200,127.98705091699958,qwen15b-npu5,
1782497966.878071,200,137.79572630301118,qwen15b-npu3,
1782497966.8873913,200,116.66262382641435,qwen15b-npu4,
1782497966.9032505,200,132.10645876824856,qwen15b-npu6,
1782497966.9036064,200,135.7717728242278,qwen15b-npu6,
1782497966.9045146,200,139.6581889130175,qwen15b-npu3,
1782497966.907535,200,144.8924341239035,qwen15b-npu7,
1782497966.9081726,200,143.6880356632173,qwen15b-npu7,
1782497966.9117723,200,116.33785208687186,qwen15b-npu4,
1782497966.9121468,200,110.01693923026323,qwen15b-npu4,
1782497966.926121,200,109.67157734557986,qwen15b-npu5,
1782497966.9265063,200,129.3892003595829,qwen15b-npu5,
1782497966.9311075,200,138.1836486980319,qwen15b-npu6,
1782497966.9316263,200,129.24092775210738,qwen15b-npu6,
1782497966.9337351,200,130.05325524136424,qwen15b-npu3,
1782497966.9341576,200,143.21691216900945,qwen15b-npu3,
1782497966.9350846,200,141.8066737242043,qwen15b-npu7,
1782497966.9362535,200,110.42753281071782,qwen15b-npu4,
1782497966.9367282,200,111.22238775715232,qwen15b-npu4,
1782497966.9509952,200,126.88043294474483,qwen15b-npu5,
1782497966.9514337,200,132.03317811712623,qwen15b-npu5,
1782497966.9579597,200,104.3330212123692,qwen15b-npu4,
1782497966.9584703,200,138.81835294887424,qwen15b-npu6,
1782497966.9621263,200,136.007493827492,qwen15b-npu3,
1782497966.9632924,200,135.5386609211564,qwen15b-npu7,
1782497966.963875,200,136.61016803234816,qwen15b-npu7,
1782497966.9815547,200,117.56249982863665,qwen15b-npu4,
1782497966.98588,200,145.68588929250836,qwen15b-npu6,
1782497966.9895353,200,136.54350768774748,qwen15b-npu7,
1782497966.9915392,200,141.20690897107124,qwen15b-npu3,
1782497966.9922924,200,145.38639690726995,qwen15b-npu3,
1782497966.9995863,200,112.10126290097833,qwen15b-npu5,
1782497966.9998693,200,122.77498515322804,qwen15b-npu5,
1782497967.0168633,200,138.72828288003802,qwen15b-npu6,
1782497967.0176525,200,140.23533323779702,qwen15b-npu7,
1782497967.0250123,200,116.77640490233898,qwen15b-npu5,
1782497967.02535,200,113.46861300989985,qwen15b-npu5,
1782497967.0298216,200,117.60185100138187,qwen15b-npu4,
1782497967.0300608,200,103.4609149210155,qwen15b-npu4,
1782497967.0445955,200,141.24955981969833,qwen15b-npu7,
1782497967.045129,200,141.44435105845332,qwen15b-npu6,
1782497967.0482664,200,140.64814569428563,qwen15b-npu3,
1782497967.0485392,200,143.962686881423,qwen15b-npu3,
1782497967.048922,200,117.75395227596164,qwen15b-npu5,
1782497967.0533457,200,118.16555494442582,qwen15b-npu4,
1782497967.0736973,200,141.98793517425656,qwen15b-npu6,
1782497967.0759642,200,142.0972659252584,qwen15b-npu7,
1782497967.0763981,200,139.55435808748007,qwen15b-npu7,
1782497967.0767772,200,125.66814478486776,qwen15b-npu7,
1782497967.077231,200,125.70179486647248,qwen15b-npu7,
1782497967.078931,200,115.5727170407772,qwen15b-npu4,
1782497967.0793521,200,142.99533190205693,qwen15b-npu3,
1782497967.0798016,200,145.53133910521865,qwen15b-npu3,
1782497967.0805638,200,154.3375481851399,qwen15b-npu3,
1782497967.1006556,200,114.71575079485774,qwen15b-npu4,
1782497967.1014397,200,139.22679610550404,qwen15b-npu7,
1782497967.1037612,200,122.11956083774567,qwen15b-npu3,
1782497967.1040883,200,140.15043200924993,qwen15b-npu6,
1782497967.1043267,200,145.79648105427623,qwen15b-npu6,
1782497967.1045744,200,146.55365515500307,qwen15b-npu6,
1782497967.1217263,200,122.07230133935809,qwen15b-npu5,
1782497967.1248462,200,107.89688490331173,qwen15b-npu4,
1782497967.1289902,200,136.61146815866232,qwen15b-npu7,
1782497967.1297863,200,138.18756910040975,qwen15b-npu3,
1782497967.1308124,200,130.88071020320058,qwen15b-npu6,
1782497967.1316772,200,142.082205042243,qwen15b-npu6,
1782497967.1485999,200,130.86239015683532,qwen15b-npu5,
1782497967.149604,200,124.50318690389395,qwen15b-npu5,
1782497967.150192,200,124.75912924855947,qwen15b-npu5,
1782497967.1505687,200,120.45196909457445,qwen15b-npu4,
1782497967.1568592,200,126.96712417528033,qwen15b-npu3,
1782497967.1737094,200,128.51107399910688,qwen15b-npu4,
1782497967.1838694,200,130.43872686102986,qwen15b-npu7,
1782497967.1847336,200,136.12667471170425,qwen15b-npu7,
1782497967.185006,200,136.01968483999372,qwen15b-npu3,
1782497967.186452,200,141.79473416879773,qwen15b-npu6,
1782497967.1867774,200,138.43162078410387,qwen15b-npu6,
1782497967.199094,200,119.66673517599702,qwen15b-npu4,
1782497967.199645,200,122.8028847835958,qwen15b-npu4,
1782497967.1998966,200,126.11560802906752,qwen15b-npu5,
1782497967.200256,200,121.22269487008452,qwen15b-npu4,
1782497967.200796,200,120.1509078964591,qwen15b-npu5,
1782497967.2108126,200,133.47465684637427,qwen15b-npu7,
1782497967.212069,200,135.9579637646675,qwen15b-npu3,
1782497967.2153845,200,135.4885413311422,qwen15b-npu6,
1782497967.2162108,200,139.6936192177236,qwen15b-npu6,
1782497967.2215202,200,119.99280611053109,qwen15b-npu4,
1782497967.2227788,200,118.90817992389202,qwen15b-npu5,
1782497967.2391667,200,138.42334132641554,qwen15b-npu7,
1782497967.2397537,200,135.11799788102508,qwen15b-npu7,
1782497967.2429574,200,138.55822198092937,qwen15b-npu6,
1782497967.2434292,200,139.27948661148548,qwen15b-npu6,
1782497967.2488146,200,119.7435250505805,qwen15b-npu5,
1782497967.2491493,200,117.39264894276857,qwen15b-npu5,
1782497967.2499053,200,128.09216091409326,qwen15b-npu5,
1782497967.2674744,200,136.58015802502632,qwen15b-npu3,
1782497967.2677448,200,137.87390710785985,qwen15b-npu3,
1782497967.2680461,200,143.11059238389134,qwen15b-npu3,
1782497967.270245,200,119.61023369804025,qwen15b-npu4,
1782497967.2731185,200,116.18690099567175,qwen15b-npu5,
1782497967.2940178,200,120.24096911773086,qwen15b-npu3,
1782497967.2947705,200,146.08955197036266,qwen15b-npu3,
1782497967.2950828,200,145.3846269287169,qwen15b-npu7,
1782497967.2960048,200,109.14521384984255,qwen15b-npu4,
1782497967.2963378,200,146.05846162885427,qwen15b-npu6,
1782497967.2974553,200,112.39245580509305,qwen15b-npu5,
1782497967.3199852,200,120.2763682231307,qwen15b-npu3,
1782497967.3216472,200,121.64348782971501,qwen15b-npu5,
1782497967.3230941,200,136.5603981539607,qwen15b-npu7,
1782497967.3233774,200,139.4120273180306,qwen15b-npu7,
1782497967.3236847,200,122.82644538208842,qwen15b-npu7,
1782497967.3248904,200,124.54131711274385,qwen15b-npu6,
1782497967.32556,200,126.36794010177255,qwen15b-npu6,
1782497967.3260415,200,141.22451888397336,qwen15b-npu6,
1782497967.3434143,200,127.11978470906615,qwen15b-npu4,
1782497967.3440225,200,128.5553341731429,qwen15b-npu4,
1782497967.3481855,200,126.60194095224142,qwen15b-npu5,
1782497967.3485396,200,136.3418558612466,qwen15b-npu3,
1782497967.3493326,200,138.43201100826263,qwen15b-npu7,
1782497967.350476,200,127.58660688996315,qwen15b-npu6,
1782497967.3682203,200,128.39464284479618,qwen15b-npu4,
1782497967.368565,200,119.3266618065536,qwen15b-npu4,
1782497967.3769748,200,133.42780712991953,qwen15b-npu3,
1782497967.3773496,200,138.09871766716242,qwen15b-npu3,
1782497967.3780718,200,135.044168215245,qwen15b-npu7,
1782497967.3803182,200,130.3235860541463,qwen15b-npu6,
1782497967.38069,200,131.7767258733511,qwen15b-npu6,
1782497967.3919866,200,118.786018807441,qwen15b-npu4,
1782497967.3973384,200,127.02826503664255,qwen15b-npu5,
1782497967.3977325,200,129.92678303271532,qwen15b-npu5,
1782497967.4067924,200,139.23021592199802,qwen15b-npu7,
1782497967.4075348,200,139.42420715466142,qwen15b-npu7,
1782497967.4224033,200,127.53314664587379,qwen15b-npu5,
1782497967.4228244,200,126.39713985845447,qwen15b-npu5,
1782497967.4291697,200,131.6438759677112,qwen15b-npu3,
1782497967.4298456,200,134.69286495819688,qwen15b-npu3,
1782497967.4311202,200,137.0100718922913,qwen15b-npu6,
1782497967.4326265,200,136.5624782629311,qwen15b-npu7,
1782497967.4429634,200,117.98767279833555,qwen15b-npu4,
1782497967.4432945,200,119.84293488785625,qwen15b-npu4,
1782497967.4437268,200,120.54591998457909,qwen15b-npu4,
1782497967.4476926,200,122.04588996246457,qwen15b-npu5,
1782497967.4564893,200,132.7464720234275,qwen15b-npu3,
1782497967.4568064,200,135.08074823766947,qwen15b-npu3,
1782497967.4590461,200,138.99296429008245,qwen15b-npu6,
1782497967.4594402,200,133.30847630277276,qwen15b-npu6,
1782497967.4658818,200,117.20345774665475,qwen15b-npu4,
1782497967.4722826,200,128.79794603213668,qwen15b-npu5,
1782497967.4729247,200,124.64012810960412,qwen15b-npu5,
1782497967.4850307,200,135.6231621466577,qwen15b-npu3,
1782497967.485573,200,141.47019106894732,qwen15b-npu3,
1782497967.490067,200,121.42474576830864,qwen15b-npu7,
1782497967.4904702,200,122.15729197487235,qwen15b-npu6,
1782497967.4909143,200,140.3525536879897,qwen15b-npu6,
1782497967.491835,200,111.07614682987332,qwen15b-npu4,
1782497967.4968743,200,118.73519886285067,qwen15b-npu5,
1782497967.5149734,200,122.92489595711231,qwen15b-npu6,
1782497967.5162566,200,108.62537985667586,qwen15b-npu4,
1782497967.5167384,200,119.30213216692209,qwen15b-npu4,
1782497967.5184987,200,138.08142812922597,qwen15b-npu7,
1782497967.51891,200,141.8102541938424,qwen15b-npu7,
1782497967.5192761,200,141.8306827545166,qwen15b-npu7,
1782497967.5196488,200,121.79587874561548,qwen15b-npu7,
1782497967.5217235,200,114.85177231952548,qwen15b-npu5,
1782497967.539914,200,110.67550396546721,qwen15b-npu4,
1782497967.5465631,200,123.63167107105255,qwen15b-npu5,
1782497967.564821,200,117.03036678954959,qwen15b-npu4,
1782497967.5688102,200,125.41939318180084,qwen15b-npu7,
1782497967.5700212,200,126.18871917948127,qwen15b-npu7,
1782497967.5704,200,147.88132440298796,qwen15b-npu6,
1782497967.570767,200,138.04996898397803,qwen15b-npu7,
1782497967.572217,200,129.15856763720512,qwen15b-npu5,
1782497967.5729406,200,143.01025122404099,qwen15b-npu3,
1782497967.573912,200,142.71096978336573,qwen15b-npu3,
1782497967.5894535,200,116.45456310361624,qwen15b-npu4,
1782497967.5959482,200,139.36825701966882,qwen15b-npu6,
1782497967.597016,200,137.50312384217978,qwen15b-npu6,
1782497967.5976758,200,111.94447195157409,qwen15b-npu5,
1782497967.5979598,200,132.01553700491786,qwen15b-npu5,
1782497967.6022553,200,129.8867529258132,qwen15b-npu3,
1782497967.6025858,200,143.41506408527493,qwen15b-npu3,
1782497967.6033893,200,146.47801499813795,qwen15b-npu3,
1782497967.614325,200,123.33925860002637,qwen15b-npu4,
1782497967.6209936,200,123.98111307993531,qwen15b-npu7,
1782497967.6293254,200,144.2075790837407,qwen15b-npu6,
1782497967.6300206,200,139.8410596884787,qwen15b-npu6,
1782497967.6326902,200,140.75775677338243,qwen15b-npu3,
1782497967.6330507,200,142.43874698877335,qwen15b-npu3,
1782497967.6391823,200,124.11487381905317,qwen15b-npu4,
1782497967.6447077,200,122.89837701246142,qwen15b-npu5,
1782497967.6491327,200,129.39917016774416,qwen15b-npu7,
1782497967.6494093,200,132.57794082164764,qwen15b-npu7,
1782497967.6496983,200,130.35239558666945,qwen15b-npu7,
1782497967.65087,200,131.84895599260926,qwen15b-npu6,
1782497967.6514425,200,135.0738280452788,qwen15b-npu6,
1782497967.6574051,200,138.80632305517793,qwen15b-npu3,
1782497967.6649072,200,118.28654492273927,qwen15b-npu4,
1782497967.6651814,200,125.20703114569187,qwen15b-npu4,
1782497967.6894276,200,118.89663897454739,qwen15b-npu4,
1782497967.6941166,200,129.1751191020012,qwen15b-npu5,
1782497967.6995313,200,129.39996970817447,qwen15b-npu7,
1782497967.705171,200,136.25298580154777,qwen15b-npu6,
1782497967.7060382,200,132.04055791720748,qwen15b-npu6,
1782497967.7166843,200,143.66061612963676,qwen15b-npu3,
1782497967.7170486,200,144.737983122468,qwen15b-npu3,
1782497967.7173629,200,146.5166751295328,qwen15b-npu3,
1782497967.7225513,200,124.79958916082978,qwen15b-npu5,
1782497967.722891,200,120.20604824647307,qwen15b-npu5,
1782497967.7231998,200,125.170371029526,qwen15b-npu5,
1782497967.7235274,200,127.49721808359027,qwen15b-npu5,
1782497967.7320821,200,142.5470281392336,qwen15b-npu6,
1782497967.7330248,200,129.53746085986495,qwen15b-npu6,
1782497967.7338617,200,136.72829885035753,qwen15b-npu7,
1782497967.7394016,200,109.29342499002814,qwen15b-npu4,
1782497967.7397652,200,125.33120298758149,qwen15b-npu4,
1782497967.7428935,200,140.54148504510522,qwen15b-npu3,
1782497967.7456472,200,116.25490104779601,qwen15b-npu5,
1782497967.746327,200,113.15521085634828,qwen15b-npu5,
1782497967.7550182,200,133.9225801639259,qwen15b-npu7,
1782497967.7591946,200,126.39898899942636,qwen15b-npu6,
1782497967.770398,200,119.46446308866143,qwen15b-npu5,
1782497967.7832677,200,143.95962795242667,qwen15b-npu7,
1782497967.7835915,200,138.8113829307258,qwen15b-npu7,
1782497967.7838893,200,132.37964967265725,qwen15b-npu7,
1782497967.7850623,200,135.57623093947768,qwen15b-npu6,
1782497967.7896914,200,132.2179390117526,qwen15b-npu4,
1782497967.7899845,200,124.73388807848096,qwen15b-npu4,
1782497967.8047585,200,139.779610093683,qwen15b-npu3,
1782497967.8051345,200,155.92651814222336,qwen15b-npu3,
1782497967.8053818,200,155.62058612704277,qwen15b-npu3,
1782497967.8145697,200,124.99438133090734,qwen15b-npu4,
1782497967.8228207,200,116.69193394482136,qwen15b-npu5,
1782497967.8231654,200,117.88837192580104,qwen15b-npu5,
1782497967.83416,200,139.95932135730982,qwen15b-npu3,
1782497967.8361113,200,136.4913871511817,qwen15b-npu7,
1782497967.8364155,200,119.62642520666122,qwen15b-npu7,
1782497967.8391213,200,122.00462119653821,qwen15b-npu6,
1782497967.8400402,200,122.55277391523123,qwen15b-npu6,
1782497967.8475163,200,115.3663950972259,qwen15b-npu5,
1782497967.847884,200,124.249876011163,qwen15b-npu5,
1782497967.8635883,200,130.4711471311748,qwen15b-npu7,
1782497967.8639252,200,140.95152681693435,qwen15b-npu7,
1782497967.864286,200,141.61823224276304,qwen15b-npu7,
1782497967.8655455,200,119.82232518494129,qwen15b-npu4,
1782497967.8660214,200,132.08427792415023,qwen15b-npu4,
1782497967.867881,200,124.92110999301076,qwen15b-npu6,
1782497967.8681426,200,128.306922968477,qwen15b-npu6,
1782497967.8684063,200,128.89820663258433,qwen15b-npu6,
1782497967.8686366,200,145.34217678010464,qwen15b-npu6,
1782497967.8880837,200,128.80161590874195,qwen15b-npu4,
1782497967.8919516,200,136.85770984739065,qwen15b-npu3,
1782497967.8930278,200,146.61566587164998,qwen15b-npu3,
1782497967.893497,200,123.02385689690709,qwen15b-npu6,
1782497967.8968992,200,113.23091108351946,qwen15b-npu5,
1782497967.8974447,200,114.07648678869009,qwen15b-npu5,
1782497967.9135313,200,128.38020315393806,qwen15b-npu4,
1782497967.913857,200,124.0896638482809,qwen15b-npu4,
1782497967.9145086,200,124.46505669504404,qwen15b-npu7,
1782497967.9188128,200,134.85718704760075,qwen15b-npu3,
1782497967.937387,200,132.17503810301423,qwen15b-npu4,
1782497967.9411025,200,126.3886489905417,qwen15b-npu7,
1782497967.9451468,200,122.21250170841813,qwen15b-npu6,
1782497967.9489324,200,125.70591503754258,qwen15b-npu3,
1782497967.9491768,200,143.71361676603556,qwen15b-npu3,
1782497967.9500754,200,145.1862659305334,qwen15b-npu3,
1782497967.9622023,200,127.9505998827517,qwen15b-npu4,
1782497967.9674425,200,130.94028970226645,qwen15b-npu7,
1782497967.9699817,200,130.79541036859155,qwen15b-npu5,
1782497967.970683,200,134.48471389710903,qwen15b-npu5,
1782497967.970905,200,130.76882902532816,qwen15b-npu5,
1782497967.9725573,200,124.93747007101774,qwen15b-npu6,
1782497967.9736447,200,125.61507429927588,qwen15b-npu3,
1782497967.9882252,200,122.61463422328234,qwen15b-npu4,
1782497967.988449,200,124.0322538651526,qwen15b-npu4,
1782497967.9930637,200,124.59472799673676,qwen15b-npu5,
1782497967.994898,200,131.2151220627129,qwen15b-npu7,
1782497967.9951308,200,126.4288299717009,qwen15b-npu7,
1782497967.995438,200,129.32631000876427,qwen15b-npu7,
1782497967.9995944,200,131.3762441277504,qwen15b-npu6,
1782497967.9998832,200,131.92673726007342,qwen15b-npu6,
1782497968.0013547,200,137.3268929310143,qwen15b-npu3,
1782497968.0125778,200,124.42120723426342,qwen15b-npu4,
1782497968.0186477,200,126.63005199283361,qwen15b-npu5,
1782497968.0189638,200,121.99671007692814,qwen15b-npu5,
1782497968.0200877,200,126.49906007573009,qwen15b-npu7,
1782497968.02645,200,133.3185755647719,qwen15b-npu6,
1782497968.0298254,200,132.31961010023952,qwen15b-npu3,
1782497968.0374098,200,123.48626973107457,qwen15b-npu4,
1782497968.046056,200,132.4596512131393,qwen15b-npu7,
1782497968.057687,200,143.11412209644914,qwen15b-npu3,
1782497968.057944,200,139.0349748544395,qwen15b-npu3,
1782497968.063385,200,122.22216185182333,qwen15b-npu4,
1782497968.063668,200,126.20123801752925,qwen15b-npu4,
1782497968.0736716,200,124.66893903911114,qwen15b-npu7,
1782497968.0800927,200,130.85498986765742,qwen15b-npu6,
1782497968.0855954,200,140.3877940028906,qwen15b-npu3,
1782497968.0858579,200,135.66821301355958,qwen15b-npu3,
1782497968.0884812,200,126.20811816304922,qwen15b-npu4,
1782497968.0887077,200,117.7377519197762,qwen15b-npu4,
1782497968.089576,200,122.06474132835865,qwen15b-npu4,
1782497968.0938118,200,120.10761722922325,qwen15b-npu5,
1782497968.0999265,200,129.18410822749138,qwen15b-npu7,
1782497968.108628,200,136.0065545886755,qwen15b-npu6,
1782497968.1090305,200,138.9903943054378,qwen15b-npu6,
1782497968.1093981,200,121.10911402851343,qwen15b-npu6,
1782497968.112138,200,112.18624422326684,qwen15b-npu4,
1782497968.112901,200,113.2355211302638,qwen15b-npu4,
1782497968.1131773,200,124.66276809573174,qwen15b-npu3,
1782497968.1184242,200,123.23153857141733,qwen15b-npu5,
1782497968.1276984,200,126.28369871526957,qwen15b-npu7,
1782497968.1284282,200,132.91938416659832,qwen15b-npu7,
1782497968.128806,200,116.1645413376391,qwen15b-npu7,
1782497968.134738,200,141.6114424355328,qwen15b-npu6,
1782497968.1349995,200,140.04048239439726,qwen15b-npu6,
1782497968.1448047,200,125.72434497997165,qwen15b-npu5,
1782497968.1450462,200,115.16024498268962,qwen15b-npu5,
1782497968.1453087,200,126.59204099327326,qwen15b-npu5,
1782497968.1590643,200,121.5982181020081,qwen15b-npu4,
1782497968.1600032,200,139.83793975785375,qwen15b-npu6,
1782497968.1686943,200,142.18151615932584,qwen15b-npu3,
1782497968.1800406,200,116.58294405788183,qwen15b-npu7,
1782497968.1802793,200,122.5287327542901,qwen15b-npu7,
1782497968.180485,200,134.3688638880849,qwen15b-npu7,
1782497968.1836512,200,125.64044538885355,qwen15b-npu4,
1782497968.193083,200,129.29388880729675,qwen15b-npu5,
1782497968.197041,200,123.29373927786946,qwen15b-npu3,
1782497968.2198846,200,119.8965860530734,qwen15b-npu5,
1782497968.2201297,200,110.6348829343915,qwen15b-npu5,
1782497968.2203941,200,134.46981413289905,qwen15b-npu5,
1782497968.220604,200,134.94469784200191,qwen15b-npu5,
1782497968.2208438,200,131.16931216791272,qwen15b-npu5,
1782497968.2277968,200,133.91463970765471,qwen15b-npu3,
1782497968.2281964,200,139.42505791783333,qwen15b-npu3,
1782497968.2285023,200,148.34429789334536,qwen15b-npu3,
1782497968.2288191,200,140.27606323361397,qwen15b-npu3,
1782497968.2327592,200,119.52004302293062,qwen15b-npu4,
1782497968.2330065,200,120.7816619426012,qwen15b-npu7,
1782497968.2335045,200,115.01979315653443,qwen15b-npu7,
1782497968.2337604,200,120.77248189598322,qwen15b-npu7,
1782497968.240687,200,131.5747550688684,qwen15b-npu6,
1782497968.2419682,200,114.20864844694734,qwen15b-npu5,
1782497968.2537673,200,124.89110883325338,qwen15b-npu3,
1782497968.2540383,200,145.28651582077146,qwen15b-npu3,
1782497968.2570055,200,128.5118442028761,qwen15b-npu7,
1782497968.2579818,200,113.09898132458329,qwen15b-npu4,
1782497968.2583148,200,123.2534390874207,qwen15b-npu4,
1782497968.2688208,200,123.71040182188153,qwen15b-npu6,
1782497968.2816033,200,136.21478574350476,qwen15b-npu3,
1782497968.2819874,200,147.18432910740376,qwen15b-npu3,
1782497968.2833843,200,124.23364585265517,qwen15b-npu4,
1782497968.2837238,200,123.6595418304205,qwen15b-npu4,
1782497968.284098,200,115.3410947881639,qwen15b-npu4,
1782497968.291342,200,111.23660812154412,qwen15b-npu5,
1782497968.3251731,200,144.62874317541718,qwen15b-npu6,
1782497968.3254323,200,141.71862183138728,qwen15b-npu6,
1782497968.3257513,200,145.4067570157349,qwen15b-npu6,
1782497968.335638,200,138.53446068242192,qwen15b-npu7,
1782497968.336197,200,115.5261667445302,qwen15b-npu7,
1782497968.3364966,200,143.35597399622202,qwen15b-npu3,
1782497968.3416684,200,121.21060397475958,qwen15b-npu5,
1782497968.3419418,200,121.98868999257684,qwen15b-npu5,
1782497968.34278,200,114.18896820396185,qwen15b-npu5,
1782497968.3529236,200,132.01705692335963,qwen15b-npu6,
1782497968.3532338,200,133.02925415337086,qwen15b-npu6,
1782497968.353458,200,125.16946205869317,qwen15b-npu6,
1782497968.3537111,200,124.80231886729598,qwen15b-npu4,
1782497968.3627038,200,134.76918591186404,qwen15b-npu7,
1782497968.3629665,200,130.13631477952003,qwen15b-npu7,
1782497968.365368,200,131.80122571066022,qwen15b-npu3,
1782497968.3655925,200,123.56332037597895,qwen15b-npu3,
1782497968.3658268,200,132.75474263355136,qwen15b-npu3,
1782497968.3702178,200,129.46725031360984,qwen15b-npu5,
1782497968.3704822,200,116.38028174638748,qwen15b-npu5,
1782497968.3773396,200,120.2706079930067,qwen15b-npu4,
1782497968.377598,200,108.69889101013541,qwen15b-npu4,
1782497968.3807945,200,146.96725877001882,qwen15b-npu6,
1782497968.3810468,200,122.64999421313405,qwen15b-npu6,
1782497968.3815858,200,127.75114877149463,qwen15b-npu6,
1782497968.3887708,200,130.69049874320626,qwen15b-npu7,
1782497968.4015253,200,118.04954381659627,qwen15b-npu4,
1782497968.4019005,200,110.49274215474725,qwen15b-npu4,
1782497968.415066,200,132.96877406537533,qwen15b-npu7,
1782497968.4170783,200,133.25560512021184,qwen15b-npu5,
1782497968.4186776,200,134.4796339981258,qwen15b-npu3,
1782497968.419252,200,137.54125498235226,qwen15b-npu3,
1782497968.4417918,200,115.93974009156227,qwen15b-npu7,
1782497968.4421027,200,116.85681575909257,qwen15b-npu5,
1782497968.4484527,200,112.72958805784583,qwen15b-npu4,
1782497968.4491546,200,106.2768641859293,qwen15b-npu4,
1782497968.4624314,200,120.68104092031717,qwen15b-npu6,
1782497968.4627526,200,137.25320296362042,qwen15b-npu6,
1782497968.466309,200,130.02773420885205,qwen15b-npu5,
1782497968.4694943,200,115.96660036593676,qwen15b-npu7,
1782497968.4698849,200,127.87822866812348,qwen15b-npu7,
1782497968.4730647,200,119.25326194614172,qwen15b-npu4,
1782497968.4734101,200,107.74419363588095,qwen15b-npu4,
1782497968.4770305,200,140.47396508976817,qwen15b-npu3,
1782497968.4911067,200,137.80995598062873,qwen15b-npu6,
1782497968.4913952,200,138.37727019563317,qwen15b-npu6,
1782497968.4933188,200,112.21430404111743,qwen15b-npu5,
1782497968.4935775,200,127.68167862668633,qwen15b-npu5,
1782497968.494132,200,128.70458560064435,qwen15b-npu5,
1782497968.4958856,200,125.60094427317381,qwen15b-npu7,
1782497968.496195,200,125.64702378585935,qwen15b-npu7,
1782497968.5053368,200,127.92757013812661,qwen15b-npu3,
1782497968.5056105,200,127.92304996401072,qwen15b-npu3,
1782497968.5062463,200,143.21214286610484,qwen15b-npu3,
1782497968.5066416,200,143.85749772191048,qwen15b-npu3,
1782497968.5160236,200,114.03503688052297,qwen15b-npu5,
1782497968.5174494,200,136.57986791804433,qwen15b-npu6,
1782497968.5183606,200,129.49104979634285,qwen15b-npu6,
1782497968.5211754,200,119.54293306916952,qwen15b-npu4,
1782497968.5222726,200,140.61951590701938,qwen15b-npu7,
1782497968.5432324,200,128.0590509995818,qwen15b-npu6,
1782497968.5441563,200,124.78029867634177,qwen15b-npu6,
1782497968.5445678,200,125.72319572791457,qwen15b-npu4,
1782497968.557999,200,140.81601705402136,qwen15b-npu3,
1782497968.5650527,200,123.18002805113792,qwen15b-npu5,
1782497968.5676143,200,119.08840108662844,qwen15b-npu4,
1782497968.5762436,200,134.0711321681738,qwen15b-npu7,
1782497968.5856466,200,136.40527706593275,qwen15b-npu3,
1782497968.5903287,200,116.8504050001502,qwen15b-npu5,
1782497968.590932,200,113.84260514751077,qwen15b-npu5,
1782497968.5921798,200,125.79467613250017,qwen15b-npu4,
1782497968.59643,200,133.58997832983732,qwen15b-npu6,
1782497968.6039402,200,141.42520120367408,qwen15b-npu7,
1782497968.6049244,200,134.9091469310224,qwen15b-npu7,
1782497968.613347,200,143.73677596449852,qwen15b-npu3,
1782497968.6137674,200,140.6129663810134,qwen15b-npu3,
1782497968.6148245,200,109.41654583439231,qwen15b-npu5,
1782497968.6154406,200,119.46618324145675,qwen15b-npu5,
1782497968.616823,200,120.53989991545677,qwen15b-npu4,
1782497968.6174982,200,124.10541391000152,qwen15b-npu4,
1782497968.6343462,200,142.88952015340328,qwen15b-npu7,
1782497968.6346705,200,143.4942139312625,qwen15b-npu6,
1782497968.635753,200,141.55514212325215,qwen15b-npu6,
1782497968.6362512,200,130.54909789934754,qwen15b-npu7,
1782497968.6371143,200,143.47045496106148,qwen15b-npu6,
1782497968.6375809,200,130.8326800353825,qwen15b-npu6,
1782497968.6402588,200,118.98529017344117,qwen15b-npu5,
1782497968.6405122,200,134.14859166368842,qwen15b-npu3,
1782497968.6410403,200,123.5271799378097,qwen15b-npu4,
1782497968.6412513,200,125.12885220348835,qwen15b-npu3,
1782497968.6547883,200,132.4426308274269,qwen15b-npu6,
1782497968.6601157,200,141.6366221383214,qwen15b-npu7,
1782497968.6649203,200,121.58023798838258,qwen15b-npu4,
1782497968.6653306,200,121.05331383645535,qwen15b-npu4,
1782497968.6662676,200,121.55743688344955,qwen15b-npu3,
1782497968.6821105,200,124.00740291923285,qwen15b-npu6,
1782497968.687871,200,120.19077828153968,qwen15b-npu4,
1782497968.6885467,200,123.42358008027077,qwen15b-npu5,
1782497968.710124,200,133.7807602249086,qwen15b-npu6,
1782497968.7127025,200,121.70575791969895,qwen15b-npu5,
1782497968.7206492,200,134.90690710023046,qwen15b-npu3,
1782497968.7210283,200,130.61986817047,qwen15b-npu3,
1782497968.7214475,200,129.20727906748652,qwen15b-npu3,
1782497968.7345881,200,119.0650500357151,qwen15b-npu4,
1782497968.7370784,200,123.6177310347557,qwen15b-npu5,
1782497968.737733,200,122.84366600215435,qwen15b-npu5,
1782497968.7388568,200,133.8149500079453,qwen15b-npu6,
1782497968.7447314,200,148.23681581765413,qwen15b-npu7,
1782497968.7451048,200,141.06823923066258,qwen15b-npu7,
1782497968.745583,200,131.71944487839937,qwen15b-npu7,
1782497968.7466226,200,129.0398072451353,qwen15b-npu3,
1782497968.7600713,200,119.48609258979559,qwen15b-npu4,
1782497968.7604282,200,120.09533774107695,qwen15b-npu4,
1782497968.7610037,200,119.89973578602076,qwen15b-npu4,
1782497968.7630453,200,108.14871685579419,qwen15b-npu5,
1782497968.763365,200,122.04796075820923,qwen15b-npu5,
1782497968.7642531,200,128.34966322407126,qwen15b-npu5,
1782497968.7675266,200,132.77215277776122,qwen15b-npu6,
1782497968.7679572,200,130.29759703204036,qwen15b-npu6,
1782497968.7728646,200,135.6429411098361,qwen15b-npu3,
1782497968.7742896,200,137.92285695672035,qwen15b-npu7,
1782497968.7747355,200,157.84474089741707,qwen15b-npu7,
1782497968.775182,200,140.73981624096632,qwen15b-npu7,
1782497968.782722,200,117.26561887189746,qwen15b-npu4,
1782497968.7929375,200,132.72834196686745,qwen15b-npu6,
1782497968.80012,200,117.9064828902483,qwen15b-npu3,
1782497968.8004165,200,134.03692096471786,qwen15b-npu7,
1782497968.800769,200,135.75247302651405,qwen15b-npu3,
1782497968.8113017,200,122.66666488721967,qwen15b-npu5,
1782497968.8209064,200,132.95882334932685,qwen15b-npu6,
1782497968.8258188,200,115.60642765834928,qwen15b-npu3,
1782497968.8292277,200,108.078985940665,qwen15b-npu4,
1782497968.83583,200,114.28607907146215,qwen15b-npu5,
1782497968.8482854,200,135.49965107813478,qwen15b-npu6,
1782497968.8520706,200,117.39128921180964,qwen15b-npu3,
1782497968.852799,200,107.57072316482663,qwen15b-npu4,
1782497968.8557487,200,134.98943764716387,qwen15b-npu7,
1782497968.8605742,200,122.7623950690031,qwen15b-npu5,
1782497968.8612607,200,124.11344517022371,qwen15b-npu5,
1782497968.8752642,200,129.57793101668358,qwen15b-npu6,
1782497968.8772256,200,116.16106098517776,qwen15b-npu4,
1782497968.8775105,200,116.98448611423373,qwen15b-npu4,
1782497968.8787708,200,132.08796875551343,qwen15b-npu3,
1782497968.8836222,200,115.97841000184417,qwen15b-npu5,
1782497968.8847792,200,145.8190600387752,qwen15b-npu7,
1782497968.8850777,200,140.23506315425038,qwen15b-npu7,
1782497968.900861,200,126.46949989721179,qwen15b-npu4,
1782497968.9015892,200,118.78012912347913,qwen15b-npu4,
1782497968.904498,200,144.32161999866366,qwen15b-npu6,
1782497968.9047751,200,141.62443205714226,qwen15b-npu6,
1782497968.9054704,200,130.1935352385044,qwen15b-npu6,
1782497968.9058175,200,142.37700728699565,qwen15b-npu3,
1782497968.9064853,200,131.62539480254054,qwen15b-npu3,
1782497968.9087057,200,115.67765800282359,qwen15b-npu5,
1782497968.9137292,200,145.6544199027121,qwen15b-npu7,
1782497968.9148474,200,150.47896187752485,qwen15b-npu7,
1782497968.9152508,200,142.28897681459785,qwen15b-npu7,
1782497968.924506,200,113.08520007878542,qwen15b-npu4,
1782497968.9324706,200,131.6050747409463,qwen15b-npu3,
1782497968.932831,200,132.6222619973123,qwen15b-npu3,
1782497968.9407063,200,140.22943284362555,qwen15b-npu7,
1782497968.9564338,200,127.12659500539303,qwen15b-npu5,
1782497968.9571288,200,136.1398552544415,qwen15b-npu6,
1782497968.9578795,200,131.99134729802608,qwen15b-npu6,
1782497968.9688592,200,132.95059418305755,qwen15b-npu7,
1782497968.9720368,200,119.16027218103409,qwen15b-npu4,
1782497968.9724534,200,124.08739421516657,qwen15b-npu4,
1782497968.9848928,200,123.54105105623603,qwen15b-npu6,
1782497968.9858973,200,133.71677929535508,qwen15b-npu3,
1782497968.9951508,200,109.98135898262262,qwen15b-npu4,
1782497968.9958603,200,118.55709692463279,qwen15b-npu4,
1782497968.9973888,200,141.58375188708305,qwen15b-npu7,
1782497968.9976218,200,136.99219096451998,qwen15b-npu7,
1782497969.012892,200,128.027040977031,qwen15b-npu6,
1782497969.0132158,200,129.50296979397535,qwen15b-npu6,
1782497969.0138683,200,136.2571157515049,qwen15b-npu3,
1782497969.01472,200,139.38246807083488,qwen15b-npu3,
1782497969.0188394,200,112.2803152538836,qwen15b-npu4,
1782497969.019447,200,114.59371028468013,qwen15b-npu4,
1782497969.0243742,200,145.5144681967795,qwen15b-npu7,
1782497969.030573,200,115.60274660587311,qwen15b-npu5,
1782497969.0309281,200,117.14364821091294,qwen15b-npu5,
1782497969.0402184,200,139.29264666512609,qwen15b-npu3,
1782497969.0415263,200,139.8254302330315,qwen15b-npu6,
1782497969.0418952,200,137.31966307386756,qwen15b-npu3,
1782497969.0421865,200,133.40518670156598,qwen15b-npu6,
1782497969.042511,200,127.16125510632992,qwen15b-npu6,
1782497969.0534885,200,147.5690919905901,qwen15b-npu7,
1782497969.0538166,200,120.90146215632558,qwen15b-npu7,
1782497969.0541668,200,148.60488893464208,qwen15b-npu7,
1782497969.0556474,200,114.85895281657577,qwen15b-npu5,
1782497969.0672681,200,142.66758924350142,qwen15b-npu6,
1782497969.0677238,200,135.15201909467578,qwen15b-npu6,
1782497969.0792747,200,107.12191089987755,qwen15b-npu5,
1782497969.0796902,200,110.7521541416645,qwen15b-npu5,
1782497969.0820813,200,124.8700488358736,qwen15b-npu7,
1782497969.082439,200,124.47389680892229,qwen15b-npu7,
1782497969.0892806,200,103.31748519092798,qwen15b-npu4,
1782497969.0896893,200,117.13499808683991,qwen15b-npu4,
1782497969.0929925,200,136.50103798136115,qwen15b-npu6,
1782497969.1118467,200,116.61434406414628,qwen15b-npu4,
1782497969.1183856,200,120.93293387442827,qwen15b-npu3,
1782497969.119123,200,134.1341808438301,qwen15b-npu3,
1782497969.1225748,200,126.64460204541683,qwen15b-npu6,
1782497969.1295362,200,115.59317680075765,qwen15b-npu5,
1782497969.130773,200,117.78392177075148,qwen15b-npu5,
1782497969.1311316,200,133.44092713668942,qwen15b-npu5,
1782497969.1314352,200,111.91693181172013,qwen15b-npu5,
1782497969.1350262,200,120.22979790344834,qwen15b-npu4,
1782497969.144688,200,125.7595750503242,qwen15b-npu3,
1782497969.1454794,200,132.1886987425387,qwen15b-npu3,
1782497969.1540306,200,111.44543904811144,qwen15b-npu5,
1782497969.1543145,200,129.8526730388403,qwen15b-npu5,
1782497969.1547549,200,124.07033424824476,qwen15b-npu5,
1782497969.1594183,200,105.15883704647422,qwen15b-npu4,
1782497969.1600678,200,119.74016483873129,qwen15b-npu4,
1782497969.1662054,200,135.2033489383757,qwen15b-npu7,
1782497969.1665902,200,124.95136959478259,qwen15b-npu7,
1782497969.170175,200,128.19874193519354,qwen15b-npu3,
1782497969.1748176,200,120.92377291992307,qwen15b-npu6,
1782497969.1751308,200,132.84929329529405,qwen15b-npu6,
1782497969.1825607,200,126.82004319503903,qwen15b-npu4,
1782497969.1927965,200,125.40278257802129,qwen15b-npu7,
1782497969.1930988,200,139.51574778184295,qwen15b-npu7,
1782497969.1975372,200,115.0073641911149,qwen15b-npu3,
1782497969.197875,200,130.04030380398035,qwen15b-npu3,
1782497969.2014499,200,121.66945775970817,qwen15b-npu5,
1782497969.2021415,200,122.75109626352787,qwen15b-npu5,
1782497969.2062297,200,116.43706308677793,qwen15b-npu4,
1782497969.2190351,200,136.86362002044916,qwen15b-npu7,
1782497969.2242734,200,134.88010596483946,qwen15b-npu3,
1782497969.227969,200,134.89548675715923,qwen15b-npu6,
1782497969.2463522,200,127.91008967906237,qwen15b-npu7,
1782497969.2487645,200,136.83835975825787,qwen15b-npu3,
1782497969.2496645,200,127.01141415163875,qwen15b-npu5,
1782497969.254421,200,119.33452216908336,qwen15b-npu4,
1782497969.2548437,200,123.3066488057375,qwen15b-npu4,
1782497969.2571173,200,127.5199968367815,qwen15b-npu6,
1782497969.257393,200,126.52259133756161,qwen15b-npu6,
1782497969.2578733,200,138.6516522616148,qwen15b-npu6,
1782497969.2800648,200,148.83980993181467,qwen15b-npu7,
1782497969.2804534,200,126.06239737942815,qwen15b-npu5,
1782497969.2811117,200,136.36069698259234,qwen15b-npu7,
1782497969.2819068,200,136.32713677361608,qwen15b-npu5,
1782497969.2832725,200,116.61435384303331,qwen15b-npu5,
1782497969.2836626,200,124.16562531143427,qwen15b-npu4,
1782497969.2840292,200,129.91414312273264,qwen15b-npu4,
1782497969.286026,200,131.15281192585826,qwen15b-npu6,
1782497969.303042,200,120.39902899414301,qwen15b-npu5,
1782497969.30744,200,132.53818219527602,qwen15b-npu7,
1782497969.3080904,200,147.94289506971836,qwen15b-npu7,
1782497969.3092706,200,134.04443114995956,qwen15b-npu6,
1782497969.3096607,200,143.344652839005,qwen15b-npu6,
1782497969.326138,200,155.8615081012249,qwen15b-npu3,
1782497969.3279345,200,129.96582267805934,qwen15b-npu5,
1782497969.3283477,200,109.23654399812222,qwen15b-npu4,
1782497969.3351505,200,128.8292263634503,qwen15b-npu6,
1782497969.3354416,200,142.55262911319733,qwen15b-npu7,
1782497969.352227,200,124.16741531342268,qwen15b-npu4,
1782497969.3568952,200,159.2746009118855,qwen15b-npu3,
1782497969.3571756,200,164.00051303207874,qwen15b-npu3,
1782497969.3575995,200,155.35639505833387,qwen15b-npu3,
1782497969.3579376,200,156.42382204532623,qwen15b-npu3,
1782497969.3644621,200,140.09191188961267,qwen15b-npu7,
1782497969.3783526,200,131.92433724179864,qwen15b-npu4,
1782497969.390228,200,141.40387065708637,qwen15b-npu6,
1782497969.3913403,200,136.40235690400004,qwen15b-npu7,
1782497969.4050608,200,118.89608902856708,qwen15b-npu5,
1782497969.4066935,200,149.18937301263213,qwen15b-npu5,
1782497969.4089124,200,128.39792296290398,qwen15b-npu4,
1782497969.4095635,200,125.42474269866943,qwen15b-npu5,
1782497969.4108388,200,152.86736795678735,qwen15b-npu5,
1782497969.4152424,200,133.9950510300696,qwen15b-npu4,
1782497969.4158773,200,132.4996310286224,qwen15b-npu4,
1782497969.417473,200,167.74897696450353,qwen15b-npu3,
1782497969.417837,200,163.30495802685618,qwen15b-npu3,
1782497969.4182444,200,161.05083283036947,qwen15b-npu3,
1782497969.4292152,200,119.4404331035912,qwen15b-npu5,
1782497969.4307847,200,148.7560602836311,qwen15b-npu7,
1782497969.4312103,200,151.0067661292851,qwen15b-npu7,
1782497969.4315732,200,147.7845241315663,qwen15b-npu7,
1782497969.4423003,200,134.13038244470954,qwen15b-npu3,
1782497969.4431784,200,140.04658069461584,qwen15b-npu3,
1782497969.4437044,200,136.20147621259093,qwen15b-npu3,
1782497969.4535544,200,144.16768914088607,qwen15b-npu6,
1782497969.453929,200,127.71000806242228,qwen15b-npu6,
1782497969.4548094,200,126.37385912239552,qwen15b-npu5,
1782497969.470279,200,135.04555821418762,qwen15b-npu3,
1782497969.4783967,200,120.69296184927225,qwen15b-npu5,
1782497969.481602,200,129.2879399843514,qwen15b-npu6,
1782497969.4827666,200,125.45368308201432,qwen15b-npu4,
1782497969.483384,200,118.86021867394447,qwen15b-npu4,
1782497969.4837234,200,148.19727698341012,qwen15b-npu6,
1782497969.4846764,200,156.62092296406627,qwen15b-npu7,
1782497969.503709,200,112.29906510561705,qwen15b-npu5,
1782497969.508268,200,150.23921011015773,qwen15b-npu6,
1782497969.5121427,200,155.1758530549705,qwen15b-npu7,
1782497969.528661,200,150.24654986336827,qwen15b-npu3,
1782497969.5347784,200,129.55309124663472,qwen15b-npu4,
1782497969.5351193,200,117.21275793388486,qwen15b-npu4,
1782497969.5360188,200,129.04828693717718,qwen15b-npu4,
1782497969.5370412,200,146.72449557110667,qwen15b-npu6,
1782497969.542332,200,132.51659087836742,qwen15b-npu7,
1782497969.5426974,200,126.68276065960526,qwen15b-npu7,
1782497969.5544982,200,139.12362605333328,qwen15b-npu5,
1782497969.554847,200,143.71808618307114,qwen15b-npu5,
1782497969.556355,200,137.99196807667613,qwen15b-npu5,
1782497969.5583794,200,149.37088498845696,qwen15b-npu3,
1782497969.5588024,200,127.4835579097271,qwen15b-npu3,
1782497969.559164,200,128.25455190613866,qwen15b-npu4,
1782497969.5650883,200,133.45038704574108,qwen15b-npu6,
1782497969.565393,200,123.00772685557604,qwen15b-npu6,
1782497969.5657365,200,148.14657578244805,qwen15b-npu6,
1782497969.5712035,200,127.95856967568398,qwen15b-npu7,
1782497969.5715191,200,142.1901760622859,qwen15b-npu7,
1782497969.5718253,200,128.04701132699847,qwen15b-npu7,
1782497969.5778604,200,123.81463311612606,qwen15b-npu5,
1782497969.5822139,200,127.30438588187099,qwen15b-npu4,
1782497969.5894244,200,135.75855176895857,qwen15b-npu6,
1782497969.6072457,200,123.75792209059,qwen15b-npu4,
1782497969.6077473,200,126.07321795076132,qwen15b-npu4,
1782497969.616045,200,133.1568849273026,qwen15b-npu3,
1782497969.6164672,200,146.0954020731151,qwen15b-npu3,
1782497969.6167834,200,138.31470999866724,qwen15b-npu3,
1782497969.6177456,200,133.9280209504068,qwen15b-npu6,
1782497969.630907,200,146.1661821231246,qwen15b-npu7,
1782497969.6328578,200,124.49111696332693,qwen15b-npu4,
1782497969.634071,200,121.86012975871563,qwen15b-npu5,
1782497969.6457357,200,141.8922641314566,qwen15b-npu6,
1782497969.6515553,200,114.424929022789,qwen15b-npu5,
1782497969.6527653,200,123.99316299706697,qwen15b-npu7,
1782497969.6720037,200,135.90386416763067,qwen15b-npu3,
1782497969.6723332,200,137.0935421437025,qwen15b-npu3,
1782497969.6734545,200,138.58092110604048,qwen15b-npu6,
1782497969.6739287,200,131.144801620394,qwen15b-npu6,
1782497969.6790493,200,124.13243483752012,qwen15b-npu5,
1782497969.6797223,200,125.1132320612669,qwen15b-npu5,
1782497969.6800036,200,114.51331013813615,qwen15b-npu5,
1782497969.680842,200,115.67075783386827,qwen15b-npu5,
1782497969.68126,200,124.76666923612356,qwen15b-npu4,
1782497969.6817687,200,109.87245803698897,qwen15b-npu4,
1782497969.6827173,200,123.82713286206126,qwen15b-npu4,
1782497969.692783,200,134.2550916597247,qwen15b-npu7,
1782497969.6931503,200,150.71760397404432,qwen15b-npu7,
1782497969.701052,200,141.79790299385786,qwen15b-npu3,
1782497969.7015355,200,130.23772509768605,qwen15b-npu3,
1782497969.7018054,200,130.20729506388307,qwen15b-npu3,
1782497969.7208695,200,142.94383069500327,qwen15b-npu7,
1782497969.721282,200,155.45654529705644,qwen15b-npu7,
1782497969.728276,200,146.0010721348226,qwen15b-npu3,
1782497969.7367487,200,129.4001000933349,qwen15b-npu6,
1782497969.737007,200,147.51692162826657,qwen15b-npu6,
1782497969.7476368,200,139.78393003344536,qwen15b-npu7,
1782497969.7513137,200,135.13836916536093,qwen15b-npu5,
1782497969.7521186,200,119.18183090165257,qwen15b-npu5,
1782497969.7528408,200,135.98483428359032,qwen15b-npu4,
1782497969.7530944,200,122.07021098583937,qwen15b-npu4,
1782497969.7540054,200,137.4515537172556,qwen15b-npu4,
1782497969.758275,200,140.44403517618775,qwen15b-npu3,
1782497969.7753513,200,141.20416902005672,qwen15b-npu7,
1782497969.7942727,200,142.61600887402892,qwen15b-npu3,
1782497969.799011,200,153.14282895997167,qwen15b-npu6,
1782497969.8024304,200,130.01945428550243,qwen15b-npu4,
1782497969.8034148,200,124.29207609966397,qwen15b-npu4,
1782497969.8041303,200,124.3271161802113,qwen15b-npu5,
1782497969.8046014,200,122.70183488726616,qwen15b-npu4,
1782497969.806126,200,123.30630933865905,qwen15b-npu5,
1782497969.8065562,200,125.16471091657877,qwen15b-npu5,
1782497969.8068392,200,126.74302188679576,qwen15b-npu5,
1782497969.8133383,200,160.50962917506695,qwen15b-npu7,
1782497969.8219094,200,140.97550697624683,qwen15b-npu3,
1782497969.8247116,200,122.83957563340664,qwen15b-npu4,
1782497969.8307748,200,137.89339689537883,qwen15b-npu6,
1782497969.8314178,200,157.4011379852891,qwen15b-npu6,
1782497969.8317268,200,138.43289017677307,qwen15b-npu6,
1782497969.8321788,200,158.64369692280889,qwen15b-npu6,
1782497969.8325338,200,160.42648907750845,qwen15b-npu6,
1782497969.8500867,200,148.95577216520905,qwen15b-npu3,
1782497969.8508146,200,149.19954258948565,qwen15b-npu3,
1782497969.8519905,200,130.5939480662346,qwen15b-npu5,
1782497969.8672993,200,130.4838377982378,qwen15b-npu7,
1782497969.8680336,200,130.9317611157894,qwen15b-npu7,
1782497969.868872,200,140.5350947752595,qwen15b-npu7,
1782497969.8728433,200,118.76438930630684,qwen15b-npu4,
1782497969.8773603,200,156.38198098167777,qwen15b-npu3,
1782497969.8830495,200,131.60944497212768,qwen15b-npu6,
1782497969.8921607,200,139.9266109801829,qwen15b-npu7,
1782497969.8932662,200,140.34735318273306,qwen15b-npu7,
1782497969.8936436,200,145.93537105247378,qwen15b-npu7,
1782497969.9070404,200,153.88276521116495,qwen15b-npu3,
1782497969.9076324,200,132.2058690711856,qwen15b-npu3,
1782497969.9102607,200,151.875801384449,qwen15b-npu6,
1782497969.9205298,200,113.88430511578918,qwen15b-npu4,
1782497969.9209423,200,114.03026571497321,qwen15b-npu4,
1782497969.9269226,200,122.6287242025137,qwen15b-npu5,
1782497969.9273782,200,113.93754603341222,qwen15b-npu5,
1782497969.934077,200,129.36493009328842,qwen15b-npu3,
1782497969.9346142,200,135.4642710648477,qwen15b-npu3,
1782497969.9392037,200,136.69596891850233,qwen15b-npu6,
1782497969.939995,200,145.60988917946815,qwen15b-npu6,
1782497969.9448564,200,141.35398995131254,qwen15b-npu7,
1782497969.945168,200,138.90100363641977,qwen15b-npu7,
1782497969.9458373,200,121.02401396259665,qwen15b-npu7,
1782497969.9519253,200,120.06670795381069,qwen15b-npu5,
1782497969.952235,200,119.96389692649245,qwen15b-npu5,
1782497969.9530969,200,131.12112134695053,qwen15b-npu5,
1782497969.960669,200,128.0158502049744,qwen15b-npu3,
1782497969.9665968,200,135.7096121646464,qwen15b-npu6,
1782497969.9669664,200,135.4673206806183,qwen15b-npu6,
1782497969.9698975,200,119.00570010766387,qwen15b-npu7,
1782497969.9908795,200,138.80663318559527,qwen15b-npu3,
1782497969.992061,200,141.89417427405715,qwen15b-npu3,
1782497969.9924421,200,124.30741591379046,qwen15b-npu4,
1782497969.9927409,200,125.36956323310733,qwen15b-npu4,
1782497969.993048,200,109.92636904120445,qwen15b-npu4,
1782497969.995235,200,126.28413876518607,qwen15b-npu6,
1782497969.9955995,200,122.68310459330678,qwen15b-npu6,
1782497970.0187595,200,141.33341005071998,qwen15b-npu3,
1782497970.0190759,200,126.85563322156668,qwen15b-npu3,
1782497970.0231624,200,115.38941599428654,qwen15b-npu7,
1782497970.0235314,200,129.79757320135832,qwen15b-npu7,
1782497970.026215,200,132.82776298001409,qwen15b-npu5,
1782497970.026541,200,119.35723200440407,qwen15b-npu5,
1782497970.0366092,200,109.162004198879,qwen15b-npu4,
1782497970.0454454,200,124.79643896222115,qwen15b-npu3,
1782497970.0484385,200,138.11626797541976,qwen15b-npu7,
1782497970.0492673,200,128.2495423220098,qwen15b-npu6,
1782497970.053479,200,126.47214019671082,qwen15b-npu5,
1782497970.0541801,200,119.98921679332852,qwen15b-npu5,
1782497970.0628264,200,117.55931982770562,qwen15b-npu4,
1782497970.0630834,200,118.14322369173169,qwen15b-npu4,
1782497970.0635169,200,110.33640196546912,qwen15b-npu4,
1782497970.0639405,200,124.63029799982905,qwen15b-npu4,
1782497970.0731225,200,121.10533425584435,qwen15b-npu3,
1782497970.0761762,200,130.27118612080812,qwen15b-npu7,
1782497970.0774467,200,110.74753431603312,qwen15b-npu5,
1782497970.07818,200,125.87180593982339,qwen15b-npu5,
1782497970.0789876,200,138.90821393579245,qwen15b-npu6,
1782497970.0800261,200,145.27570735663176,qwen15b-npu6,
1782497970.084755,200,124.01586398482323,qwen15b-npu4,
1782497970.1017454,200,134.68029582872987,qwen15b-npu3,
1782497970.104898,200,134.90475714206696,qwen15b-npu6,
1782497970.1093543,200,116.52399320155382,qwen15b-npu4,
1782497970.1254487,200,134.45092365145683,qwen15b-npu5,
1782497970.1310494,200,137.90236739441752,qwen15b-npu7,
1782497970.1318626,200,136.5390783175826,qwen15b-npu7,
1782497970.1327004,200,136.99968066066504,qwen15b-npu3,
1782497970.1331377,200,140.96067799255252,qwen15b-npu3,
1782497970.1340296,200,110.77626515179873,qwen15b-npu4,
1782497970.1349075,200,142.38778688013554,qwen15b-npu6,
1782497970.1524863,200,133.30092607066035,qwen15b-npu5,
1782497970.152965,200,116.29030201584101,qwen15b-npu5,
1782497970.1576257,200,112.07681382074952,qwen15b-npu4,
1782497970.158322,200,134.6995853818953,qwen15b-npu7,
1782497970.1586227,200,139.7825600579381,qwen15b-npu7,
1782497970.1630692,200,136.43810711801052,qwen15b-npu6,
1782497970.163484,200,137.17247219756246,qwen15b-npu6,
1782497970.1777036,200,113.664744887501,qwen15b-npu5,
1782497970.178074,200,128.72334523126483,qwen15b-npu5,
1782497970.183465,200,119.82616502791643,qwen15b-npu4,
1782497970.1838257,200,130.2835359238088,qwen15b-npu4,
1782497970.1841996,200,121.02476274594665,qwen15b-npu4,
1782497970.1852283,200,136.711738537997,qwen15b-npu3,
1782497970.1887403,200,134.4633437693119,qwen15b-npu6,
1782497970.1890268,200,126.12961791455746,qwen15b-npu6,
1782497970.2027333,200,123.65160183981061,qwen15b-npu5,
1782497970.212152,200,138.9594441279769,qwen15b-npu7,
1782497970.2130384,200,132.87758314982057,qwen15b-npu7,
1782497970.2136798,200,136.1257149837911,qwen15b-npu3,
1782497970.2145667,200,136.2900659441948,qwen15b-npu3,
1782497970.2161894,200,131.3407332636416,qwen15b-npu6,
1782497970.216584,200,140.34308400005102,qwen15b-npu6,
1782497970.227543,200,122.54347372800112,qwen15b-npu4,
1782497970.2393546,200,137.53575505688787,qwen15b-npu7,
1782497970.2400355,200,130.58000802993774,qwen15b-npu7,
1782497970.2531497,200,119.9004459194839,qwen15b-npu4,
1782497970.255969,200,121.85032898560166,qwen15b-npu5,
1782497970.2673244,200,134.4986641779542,qwen15b-npu3,
1782497970.2683954,200,137.2238020412624,qwen15b-npu3,
1782497970.269094,200,134.10876179113984,qwen15b-npu3,
1782497970.2693517,200,143.83051684126258,qwen15b-npu7,
1782497970.270499,200,138.49869091063738,qwen15b-npu6,
1782497970.2813604,200,128.7398850545287,qwen15b-npu5,
1782497970.2934358,200,140.37506375461817,qwen15b-npu3,
1782497970.295253,200,137.52917479723692,qwen15b-npu7,
1782497970.3014877,200,142.76350010186434,qwen15b-npu6,
1782497970.3017824,200,138.17834900692105,qwen15b-npu6,
1782497970.302056,200,124.25375590100884,qwen15b-npu4,
1782497970.3027704,200,144.36606969684362,qwen15b-npu6,
1782497970.3030953,200,114.28767861798406,qwen15b-npu4,
1782497970.303373,200,140.16990223899484,qwen15b-npu6,
1782497970.3074214,200,118.33081627264619,qwen15b-npu5,
1782497970.3076453,200,129.46264958009124,qwen15b-npu5,
1782497970.3211215,200,137.20248313620687,qwen15b-npu3,
1782497970.3236923,200,109.02685299515724,qwen15b-npu4,
1782497970.3239205,200,121.10476521775126,qwen15b-npu4,
1782497970.3255703,200,141.25344017520547,qwen15b-npu7,
1782497970.325873,200,142.30172708630562,qwen15b-npu7,
1782497970.3261611,200,140.8639969304204,qwen15b-npu7,
1782497970.3335822,200,116.88291607424617,qwen15b-npu5,
1782497970.334038,200,120.24070927873254,qwen15b-npu5,
1782497970.3465726,200,106.4438158646226,qwen15b-npu4,
1782497970.3487577,200,135.5928722769022,qwen15b-npu3,
1782497970.3494234,200,137.15665228664875,qwen15b-npu3,
1782497970.352764,200,136.469597928226,qwen15b-npu6,
1782497970.3579254,200,130.31067606061697,qwen15b-npu5,
1782497970.3767185,200,137.2409826144576,qwen15b-npu3,
1782497970.3775673,200,124.32060576975346,qwen15b-npu7,
1782497970.3809657,200,124.93521021679044,qwen15b-npu6,
1782497970.3821986,200,113.70603367686272,qwen15b-npu5,
1782497970.3929346,200,122.3671929910779,qwen15b-npu4,
1782497970.4037838,200,134.34923393651843,qwen15b-npu3,
1782497970.4044628,200,137.05576118081808,qwen15b-npu7,
1782497970.4084501,200,114.95020287111402,qwen15b-npu5,
1782497970.4097428,200,128.30948270857334,qwen15b-npu6,
1782497970.4100597,200,140.8979082480073,qwen15b-npu6,
1782497970.4180937,200,122.77938611805439,qwen15b-npu4,
1782497970.4184132,200,116.22419208288193,qwen15b-npu4,
1782497970.4329298,200,129.73095197230577,qwen15b-npu7,
1782497970.433685,200,132.1228090673685,qwen15b-npu3,
1782497970.4343219,200,126.83682283386588,qwen15b-npu3,
1782497970.4345994,200,131.15582196041942,qwen15b-npu3,
1782497970.4348688,200,133.0168447457254,qwen15b-npu7,
1782497970.435329,200,127.62134801596403,qwen15b-npu7,
1782497970.4378211,200,134.9728568457067,qwen15b-npu6,
1782497970.4406924,200,115.0238742120564,qwen15b-npu4,
1782497970.458993,200,137.80112704262137,qwen15b-npu7,
1782497970.4594991,200,125.7648947648704,qwen15b-npu7,
1782497970.462376,200,136.13578490912914,qwen15b-npu5,
1782497970.4626317,200,128.51998396217823,qwen15b-npu5,
1782497970.4628522,200,136.9058210402727,qwen15b-npu5,
1782497970.4631639,200,116.51194421574473,qwen15b-npu5,
1782497970.4649882,200,141.23094035312533,qwen15b-npu6,
1782497970.4653094,200,141.3228497840464,qwen15b-npu6,
1782497970.466868,200,108.84199198335409,qwen15b-npu4,
1782497970.4858902,200,133.0311452038586,qwen15b-npu3,
1782497970.486272,200,136.7517989128828,qwen15b-npu3,
1782497970.492181,200,143.36396427825093,qwen15b-npu6,
1782497970.513131,200,132.10397819057107,qwen15b-npu5,
1782497970.513476,200,120.48005033284426,qwen15b-npu5,
1782497970.514077,200,109.53793581575155,qwen15b-npu4,
1782497970.5144093,200,104.57932343706489,qwen15b-npu4,
1782497970.5150492,200,138.18972883746028,qwen15b-npu3,
1782497970.515458,200,106.93750903010368,qwen15b-npu4,
1782497970.515987,200,133.72215908020735,qwen15b-npu5,
1782497970.5173984,200,139.74395906552672,qwen15b-npu6,
1782497970.536199,200,118.01363388076425,qwen15b-npu5,
1782497970.5384328,200,119.95375715196133,qwen15b-npu3,
1782497970.5396535,200,135.77223289757967,qwen15b-npu7,
1782497970.5442452,200,134.12112183868885,qwen15b-npu6,
1782497970.5588427,200,124.18147502467036,qwen15b-npu4,
1782497970.5594077,200,118.62061824649572,qwen15b-npu4,
1782497970.559716,200,125.93610677868128,qwen15b-npu4,
1782497970.5622265,200,126.83112313970923,qwen15b-npu5,
1782497970.565691,200,131.28950307145715,qwen15b-npu3,
1782497970.5678082,200,129.9276831559837,qwen15b-npu7,
1782497970.5680707,200,135.06378792226315,qwen15b-npu7,
1782497970.5688818,200,133.94401082769036,qwen15b-npu7,
1782497970.5880356,200,125.34222239628434,qwen15b-npu5,
1782497970.592782,200,129.8646330833435,qwen15b-npu3,
1782497970.5931115,200,129.83296206220984,qwen15b-npu3,
1782497970.5948567,200,135.7444920577109,qwen15b-npu7,
1782497970.5952697,200,128.31368297338486,qwen15b-npu7,
1782497970.6004183,200,137.969178147614,qwen15b-npu6,
1782497970.6010666,200,135.69498201832175,qwen15b-npu6,
1782497970.6014738,200,136.3918068818748,qwen15b-npu6,
1782497970.6018455,200,142.2239961102605,qwen15b-npu6,
1782497970.6050224,200,119.02919970452785,qwen15b-npu4,
1782497970.6135807,200,121.3341960683465,qwen15b-npu5,
1782497970.6203566,200,133.99310084059834,qwen15b-npu3,
1782497970.6350615,200,119.54045295715332,qwen15b-npu4,
1782497970.6392007,200,125.05700020119548,qwen15b-npu5,
1782497970.6465302,200,130.45219704508781,qwen15b-npu3,
1782497970.6503787,200,132.88359297439456,qwen15b-npu7,
1782497970.6514747,200,138.2438102737069,qwen15b-npu7,
1782497970.652038,200,137.53308542072773,qwen15b-npu7,
1782497970.6538272,200,138.66329286247492,qwen15b-npu6,
1782497970.6546493,200,141.08345797285438,qwen15b-npu6,
1782497970.6662772,200,121.93090934306383,qwen15b-npu5,
1782497970.6666086,200,130.33689698204398,qwen15b-npu5,
1782497970.6675003,200,127.76409927755594,qwen15b-npu5,
1782497970.6736214,200,135.10264921933413,qwen15b-npu3,
1782497970.6753955,200,116.4708030410111,qwen15b-npu4,
1782497970.6757393,200,116.24319199472666,qwen15b-npu4,
1782497970.6898544,200,121.97821028530598,qwen15b-npu5,
1782497970.6989727,200,106.10111290588975,qwen15b-npu4,
1782497970.6993952,200,111.27857770770788,qwen15b-npu4,
1782497970.7007182,200,140.90838702395558,qwen15b-npu3,
1782497970.7011428,200,138.82308406755328,qwen15b-npu3,
1782497970.7020295,200,133.06279480457306,qwen15b-npu7,
1782497970.7076244,200,141.87500393018126,qwen15b-npu6,
1782497970.7079139,200,139.74961871281266,qwen15b-npu6,
1782497970.7157094,200,113.77017479389906,qwen15b-npu5,
1782497970.7215464,200,119.95985731482506,qwen15b-npu4,
1782497970.7274022,200,134.17404191568494,qwen15b-npu3,
1782497970.7277608,200,126.58828124403954,qwen15b-npu3,
1782497970.7299042,200,134.54077392816544,qwen15b-npu7,
1782497970.7306697,200,117.02754721045494,qwen15b-npu7,
1782497970.7351403,200,140.21411165595055,qwen15b-npu6,
1782497970.736227,200,131.1275721527636,qwen15b-npu6,
1782497970.7366335,200,136.11035514622927,qwen15b-npu6,
1782497970.7452948,200,124.83399966731668,qwen15b-npu4,
1782497970.7673829,200,115.78318802639842,qwen15b-npu5,
1782497970.7678225,200,132.59978126734495,qwen15b-npu5,
1782497970.7687564,200,116.60489393398166,qwen15b-npu4,
1782497970.7822247,200,128.3299932256341,qwen15b-npu3,
1782497970.7830606,200,143.7811660580337,qwen15b-npu3,
1782497970.7846897,200,138.08758789673448,qwen15b-npu7,
1782497970.7850835,200,134.63758490979671,qwen15b-npu7,
1782497970.7853494,200,130.59917790815234,qwen15b-npu7,
1782497970.788072,200,120.47716975212097,qwen15b-npu6,
1782497970.7927473,200,126.06565793976188,qwen15b-npu4,
1782497970.8085294,200,142.15086586773396,qwen15b-npu3,
1782497970.8108256,200,134.964806959033,qwen15b-npu7,
1782497970.8115273,200,121.57941795885563,qwen15b-npu7,
1782497970.8151572,200,139.67541931197047,qwen15b-npu6,
1782497970.8157744,200,142.05116499215364,qwen15b-npu6,
1782497970.8167994,200,115.96821900457144,qwen15b-npu5,
1782497970.8178384,200,118.3673357591033,qwen15b-npu4,
1782497970.8185785,200,116.44863337278366,qwen15b-npu4,
1782497970.8188813,200,117.63242073357105,qwen15b-npu5,
1782497970.8353057,200,136.22966594994068,qwen15b-npu3,
1782497970.837334,200,129.34433855116367,qwen15b-npu7,
1782497970.8415024,200,113.67420433089137,qwen15b-npu4,
1782497970.841884,200,126.06273824349046,qwen15b-npu4,
1782497970.842494,200,111.73125077039003,qwen15b-npu5,
1782497970.8437274,200,136.03313406929374,qwen15b-npu6,
1782497970.863182,200,133.17342521622777,qwen15b-npu3,
1782497970.8638756,200,142.23087579011917,qwen15b-npu3,
1782497970.8646133,200,137.1121322736144,qwen15b-npu3,
1782497970.8654242,200,120.02837704494596,qwen15b-npu4,
1782497970.8678327,200,131.08442118391395,qwen15b-npu5,
1782497970.8683624,200,133.12005484476686,qwen15b-npu5,
1782497970.8692296,200,132.89994420483708,qwen15b-npu6,
1782497970.8886743,200,119.84218610450625,qwen15b-npu4,
1782497970.8893468,200,121.83782877400517,qwen15b-npu3,
1782497970.890079,200,122.13167082518339,qwen15b-npu7,
1782497970.9138103,200,105.20693799480796,qwen15b-npu4,
1782497970.9142568,200,129.10234788432717,qwen15b-npu4,
1782497970.9157603,200,130.95418130978942,qwen15b-npu3,
1782497970.9165475,200,134.24852304160595,qwen15b-npu3,
1782497970.9180963,200,125.2499520778656,qwen15b-npu7,
1782497970.9184704,200,130.33174630254507,qwen15b-npu7,
1782497970.919137,200,133.67132795974612,qwen15b-npu5,
1782497970.9238653,200,140.68038575351238,qwen15b-npu6,
1782497970.9362757,200,117.60545102879405,qwen15b-npu4,
1782497970.9446385,200,129.36790008097887,qwen15b-npu5,
1782497970.9450352,200,127.08032410591841,qwen15b-npu5,
1782497970.9461641,200,134.52808372676373,qwen15b-npu5,
1782497970.9465566,200,130.7124886661768,qwen15b-npu7,
1782497970.9474432,200,130.57946832850575,qwen15b-npu7,
1782497970.952104,200,141.15036884322762,qwen15b-npu6,
1782497970.9527414,200,133.79960879683495,qwen15b-npu6,
1782497970.9597263,200,115.94065884128213,qwen15b-npu4,
1782497970.9678147,200,125.23215170949697,qwen15b-npu5,
1782497970.9705858,200,128.63903492689133,qwen15b-npu3,
1782497970.9802265,200,142.7987702190876,qwen15b-npu6,
1782497970.980705,200,139.08708514645696,qwen15b-npu6,
1782497970.9814277,200,146.01881196722388,qwen15b-npu6,
1782497970.9851441,200,119.61826402693987,qwen15b-npu4,
1782497970.9854999,200,121.55872769653797,qwen15b-npu4,
1782497970.9932587,200,124.82958007603884,qwen15b-npu5,
1782497970.9958763,200,132.5769009999931,qwen15b-npu3,
1782497971.0008433,200,131.5181045792997,qwen15b-npu7,
1782497971.0012622,200,136.5427877753973,qwen15b-npu7,
1782497971.0071158,200,139.20695567503572,qwen15b-npu6,
1782497971.0223489,200,132.93364271521568,qwen15b-npu3,
1782497971.0226965,200,132.54725188016891,qwen15b-npu3,
1782497971.0352473,200,120.88610325008631,qwen15b-npu6,
1782497971.0355363,200,146.7535370029509,qwen15b-npu6,
1782497971.0424125,200,128.4858239814639,qwen15b-npu5,
1782497971.0427783,200,124.195815064013,qwen15b-npu5,
1782497971.0500422,200,130.79811912029982,qwen15b-npu3,
1782497971.050374,200,134.5174848102033,qwen15b-npu3,
1782497971.0548782,200,118.51293686777353,qwen15b-npu4,
1782497971.05524,200,110.48443196341395,qwen15b-npu4,
1782497971.0562592,200,139.60696756839752,qwen15b-npu7,
1782497971.0565233,200,138.31668999046087,qwen15b-npu7,
1782497971.057444,200,133.4787867963314,qwen15b-npu7,
1782497971.0668778,200,120.61364110559225,qwen15b-npu5,
1782497971.0678551,200,115.68120820447803,qwen15b-npu5,
1782497971.0751455,200,129.98246401548386,qwen15b-npu3,
1782497971.0815008,200,128.66939511150122,qwen15b-npu7,
1782497971.0818346,200,122.04989977180958,qwen15b-npu7,
1782497971.0903792,200,122.49999400228262,qwen15b-npu6,
1782497971.0911508,200,143.60243594273925,qwen15b-npu6,
1782497971.0915277,200,144.8496631346643,qwen15b-npu6,
1782497971.092016,200,110.48517329618335,qwen15b-npu5,
1782497971.101366,200,105.41253862902522,qwen15b-npu4,
1782497971.1020927,200,121.80514866486192,qwen15b-npu4,
1782497971.1034195,200,122.65601428225636,qwen15b-npu3,
1782497971.103968,200,133.32552602514625,qwen15b-npu3,
1782497971.1082551,200,122.68146499991417,qwen15b-npu7,
1782497971.1156716,200,130.44589711353183,qwen15b-npu5,
1782497971.1202707,200,126.93297397345304,qwen15b-npu6,
1782497971.1262496,200,124.82107896357775,qwen15b-npu4,
1782497971.1267734,200,104.32936111465096,qwen15b-npu4,
1782497971.1361616,200,135.21178904920816,qwen15b-npu7,
1782497971.1444626,200,137.24346226081252,qwen15b-npu6,
1782497971.1545746,200,131.81573618203402,qwen15b-npu3,
1782497971.1637437,200,121.22497474774718,qwen15b-npu7,
1782497971.1682277,200,113.25871106237173,qwen15b-npu5,
1782497971.1689348,200,111.40745924785733,qwen15b-npu5,
1782497971.1693115,200,119.15553081780672,qwen15b-npu5,
1782497971.169573,200,133.97309090942144,qwen15b-npu5,
1782497971.1733,200,117.94170271605253,qwen15b-npu4,
1782497971.1736548,200,138.3432811126113,qwen15b-npu6,
1782497971.1740596,200,106.09783278778195,qwen15b-npu4,
1782497971.18202,200,139.16688598692417,qwen15b-npu3,
1782497971.1921885,200,141.75233291462064,qwen15b-npu7,
1782497971.1925888,200,136.2525261938572,qwen15b-npu7,
1782497971.1963005,200,104.16756104677916,qwen15b-npu4,
1782497971.1997705,200,143.1804522871971,qwen15b-npu6,
1782497971.200618,200,133.66303918883204,qwen15b-npu6,
1782497971.2088742,200,133.59938794746995,qwen15b-npu3,
1782497971.209365,200,117.73004196584225,qwen15b-npu3,
1782497971.2153134,200,124.83718013390899,qwen15b-npu5,
1782497971.2155895,200,112.0710326358676,qwen15b-npu5,
1782497971.2195885,200,137.66077486798167,qwen15b-npu7,
1782497971.220242,200,118.08279389515519,qwen15b-npu4,
1782497971.2209911,200,105.24965776130557,qwen15b-npu4,
1782497971.2282693,200,146.66835591197014,qwen15b-npu6,
1782497971.2290401,200,120.68771198391914,qwen15b-npu6,
1782497971.2356713,200,144.407179672271,qwen15b-npu3,
1782497971.23603,200,132.00363796204329,qwen15b-npu3,
1782497971.2399309,200,113.05062985047698,qwen15b-npu5,
1782497971.2484915,200,128.15275182947516,qwen15b-npu7,
1782497971.2487986,200,147.35583122819662,qwen15b-npu7,
1782497971.268345,200,123.81662195548415,qwen15b-npu4,
1782497971.2688048,200,142.39745680242777,qwen15b-npu3,
1782497971.2918282,200,155.577986035496,qwen15b-npu6,
1782497971.2922845,200,118.87323902919888,qwen15b-npu5,
1782497971.292662,200,128.8138758391142,qwen15b-npu5,
1782497971.2937486,200,111.66168097406626,qwen15b-npu4,
1782497971.294052,200,120.28799904510379,qwen15b-npu4,
1782497971.2956598,200,141.02415833622217,qwen15b-npu3,
1782497971.310173,200,141.85089292004704,qwen15b-npu7,
1782497971.310534,200,140.8532066270709,qwen15b-npu7,
1782497971.3161356,200,123.42716893181205,qwen15b-npu4,
1782497971.3165483,200,124.25631517544389,qwen15b-npu5,
1782497971.3170438,200,120.66487222909927,qwen15b-npu4,
1782497971.3209374,200,151.88905084505677,qwen15b-npu6,
1782497971.3214214,200,147.2498900257051,qwen15b-npu3,
1782497971.3216727,200,152.29588421061635,qwen15b-npu6,
1782497971.3384585,200,129.43697068840265,qwen15b-npu7,
1782497971.3387754,200,138.06151878088713,qwen15b-npu7,
1782497971.3426044,200,133.1271049566567,qwen15b-npu5,
1782497971.3429554,200,122.64792528003454,qwen15b-npu5,
1782497971.3435633,200,114.42636884748936,qwen15b-npu5,
1782497971.3471954,200,127.50839721411467,qwen15b-npu3,
1782497971.3476918,200,132.04087829217315,qwen15b-npu3,
1782497971.349265,200,149.4256742298603,qwen15b-npu6,
1782497971.362507,200,126.75024196505547,qwen15b-npu4,
1782497971.3675923,200,131.45457301288843,qwen15b-npu7,
1782497971.368053,200,152.67833694815636,qwen15b-npu7,
1782497971.37635,200,136.35714631527662,qwen15b-npu3,
1782497971.3767447,200,127.87987990304828,qwen15b-npu3,
1782497971.377075,200,148.71239010244608,qwen15b-npu3,
1782497971.378451,200,157.39313792437315,qwen15b-npu6,
1782497971.386777,200,117.88984201848507,qwen15b-npu4,
1782497971.4084566,200,159.85496528446674,qwen15b-npu6,
1782497971.4088402,200,140.36182407289743,qwen15b-npu6,
1782497971.4101675,200,115.99178984761238,qwen15b-npu4,
1782497971.4157386,200,123.78683220595121,qwen15b-npu5,
1782497971.4207625,200,128.02973110228777,qwen15b-npu7,
1782497971.428035,200,117.76291159912944,qwen15b-npu3,
1782497971.4289446,200,135.11449936777353,qwen15b-npu3,
1782497971.4335968,200,111.86178168281913,qwen15b-npu4,
1782497971.4341831,200,117.02247709035873,qwen15b-npu4,
1782497971.4374046,200,141.62443159148097,qwen15b-npu6,
1782497971.4378984,200,145.48121811822057,qwen15b-npu6,
1782497971.44281,200,126.15192774683237,qwen15b-npu5,
1782497971.4434345,200,121.93993013352156,qwen15b-npu5,
1782497971.4438586,200,122.84840596839786,qwen15b-npu5,
1782497971.4481394,200,137.53278506919742,qwen15b-npu7,
1782497971.4555993,200,139.3392370082438,qwen15b-npu3,
1782497971.4590473,200,115.38471514359117,qwen15b-npu4,
1782497971.4594717,200,120.63660100102425,qwen15b-npu4,
1782497971.4667783,200,119.51953265815973,qwen15b-npu5,
1782497971.4767058,200,133.6853690445423,qwen15b-npu7,
1782497971.4769897,200,134.27944295108318,qwen15b-npu7,
1782497971.4773662,200,138.80112301558256,qwen15b-npu7,
1782497971.4823742,200,133.01038416102529,qwen15b-npu3,
1782497971.4951813,200,127.43968702852726,qwen15b-npu6,
1782497971.4959304,200,148.1809257529676,qwen15b-npu6,
1782497971.5013022,200,138.70488200336695,qwen15b-npu7,
1782497971.5051367,200,128.29971173778176,qwen15b-npu4,
1782497971.5094528,200,141.3337802514434,qwen15b-npu3,
1782497971.509722,200,131.19688211008906,qwen15b-npu3,
1782497971.516485,200,129.5941611751914,qwen15b-npu5,
1782497971.5236568,200,147.16983027756214,qwen15b-npu6,
1782497971.5240016,200,146.8576267361641,qwen15b-npu6,
1782497971.5280468,200,119.48101315647364,qwen15b-npu7,
1782497971.5361738,200,125.90315705165267,qwen15b-npu3,
1782497971.552121,200,114.1060572117567,qwen15b-npu4,
1782497971.5525317,200,124.40623715519905,qwen15b-npu4,
1782497971.5533133,200,124.2613848298788,qwen15b-npu4,
1782497971.5540414,200,145.05473477765918,qwen15b-npu6,
1782497971.554422,200,133.587168995291,qwen15b-npu6,
1782497971.556504,200,118.95684991031885,qwen15b-npu7,
1782497971.5569081,200,141.0671779885888,qwen15b-npu7,
1782497971.5679908,200,134.32434294372797,qwen15b-npu5,
1782497971.568276,200,134.02686081826687,qwen15b-npu5,
1782497971.5686274,200,125.07307110354304,qwen15b-npu5,
1782497971.5818012,200,138.88247357681394,qwen15b-npu6,
1782497971.5823014,200,138.3629199117422,qwen15b-npu6,
1782497971.5829182,200,127.20329500734806,qwen15b-npu7,
1782497971.5907488,200,131.19316194206476,qwen15b-npu3,
1782497971.5909984,200,142.75600900873542,qwen15b-npu3,
1782497971.5922346,200,109.76058803498745,qwen15b-npu5,
1782497971.5925415,200,125.65675470978022,qwen15b-npu5,
1782497971.5975761,200,102.30885772034526,qwen15b-npu4,
1782497971.6094642,200,132.67712201923132,qwen15b-npu7,
1782497971.6097696,200,150.5602728575468,qwen15b-npu6,
1782497971.6102002,200,132.72001268342137,qwen15b-npu7,
1782497971.6174293,200,140.37138409912586,qwen15b-npu3,
1782497971.6177943,200,121.7731493525207,qwen15b-npu3,
1782497971.62327,200,121.85451900586486,qwen15b-npu4,
1782497971.623633,200,118.39403584599495,qwen15b-npu4,
1782497971.6429324,200,133.1457458436489,qwen15b-npu5,
1782497971.6434665,200,126.85728305950761,qwen15b-npu5,
1782497971.6447477,200,135.2287493646145,qwen15b-npu3,
1782497971.6452389,200,121.49107689037919,qwen15b-npu3,
1782497971.6673543,200,110.75669527053833,qwen15b-npu4,
1782497971.669312,200,141.15636935457587,qwen15b-npu6,
1782497971.669873,200,145.8031409420073,qwen15b-npu6,
1782497971.6708097,200,134.54454485327005,qwen15b-npu3,
1782497971.690769,200,138.5357710532844,qwen15b-npu7,
1782497971.691148,200,123.07064794003963,qwen15b-npu7,
1782497971.6915262,200,134.5557039603591,qwen15b-npu7,
1782497971.6918647,200,139.20515589416027,qwen15b-npu7,
1782497971.6935768,200,125.23310165852308,qwen15b-npu5,
1782497971.6940143,200,111.0329064540565,qwen15b-npu4,
1782497971.6946445,200,125.9115757420659,qwen15b-npu4,
1782497971.6949728,200,113.06035984307528,qwen15b-npu4,
1782497971.700371,200,146.9447179697454,qwen15b-npu6,
1782497971.7006812,200,146.5355446562171,qwen15b-npu6,
1782497971.7010307,200,146.50204498320818,qwen15b-npu6,
1782497971.717867,200,127.04408401623368,qwen15b-npu5,
1782497971.7181776,200,125.52093295380473,qwen15b-npu5,
1782497971.7189317,200,126.62382191047072,qwen15b-npu5,
1782497971.7242846,200,126.63576193153858,qwen15b-npu3,
1782497971.7253225,200,142.91062066331506,qwen15b-npu3,
1782497971.7257047,200,134.64708486571908,qwen15b-npu3,
1782497971.7391233,200,115.75721809640527,qwen15b-npu4,
1782497971.7394097,200,129.11774776875973,qwen15b-npu4,
1782497971.7415524,200,117.83070303499699,qwen15b-npu5,
1782497971.7557678,200,145.90044086799026,qwen15b-npu6,
1782497971.756306,200,146.7530271038413,qwen15b-npu6,
1782497971.7671328,200,122.28220328688622,qwen15b-npu5,
1782497971.774363,200,129.05460689216852,qwen15b-npu7,
1782497971.774672,200,157.12874568998814,qwen15b-npu7,
1782497971.775411,200,157.5254090130329,qwen15b-npu7,
1782497971.7758582,200,132.82457273453474,qwen15b-npu7,
1782497971.7843554,200,140.73790609836578,qwen15b-npu6,
1782497971.7921383,200,124.71944885328412,qwen15b-npu5,
1782497971.807117,200,137.66573509201407,qwen15b-npu3,
1782497971.8076632,200,137.6761458814144,qwen15b-npu3,
1782497971.8106492,200,109.87474862486124,qwen15b-npu4,
1782497971.8109326,200,116.84492463245988,qwen15b-npu4,
1782497971.8119705,200,118.3028849773109,qwen15b-npu4,
1782497971.8161037,200,145.22704714909196,qwen15b-npu6,
1782497971.8175216,200,126.64404092356563,qwen15b-npu5,
1782497971.829393,200,134.66352503746748,qwen15b-npu7,
1782497971.8302255,200,129.1307182982564,qwen15b-npu7,
1782497971.8305078,200,138.53095192462206,qwen15b-npu7,
1782497971.8332822,200,142.00456393882632,qwen15b-npu3,
1782497971.8336484,200,133.19107564166188,qwen15b-npu3,
1782497971.8348544,200,116.58861394971609,qwen15b-npu4,
1782497971.8354554,200,110.04045000299811,qwen15b-npu4,
1782497971.8433108,200,118.94686985760927,qwen15b-npu5,
1782497971.8435552,200,124.53725701197982,qwen15b-npu5,
1782497971.8448424,200,153.215569909662,qwen15b-npu6,
1782497971.8458045,200,150.7283840328455,qwen15b-npu6,
1782497971.8565698,200,117.35953902825713,qwen15b-npu4,
1782497971.8589952,200,141.03849790990353,qwen15b-npu3,
1782497971.8670897,200,111.17082787677646,qwen15b-npu5,
1782497971.8728805,200,147.054148837924,qwen15b-npu6,
1782497971.8735154,200,134.04097082093358,qwen15b-npu6,
1782497971.8797212,200,104.94415601715446,qwen15b-npu4,
1782497971.8817806,200,140.1194017380476,qwen15b-npu7,
1782497971.8855798,200,118.34414582699537,qwen15b-npu3,
1782497971.892561,200,116.59173388034105,qwen15b-npu5,
1782497971.9016237,200,145.19961597397923,qwen15b-npu6,
1782497971.9036777,200,119.24451217055321,qwen15b-npu4,
1782497971.9093654,200,134.9230669438839,qwen15b-npu7,
1782497971.9096346,200,117.41707986220717,qwen15b-npu7,
1782497971.9127345,200,137.20472296699882,qwen15b-npu3,
1782497971.9358494,200,123.78445221111178,qwen15b-npu7,
1782497971.9405031,200,124.31369628757238,qwen15b-npu3,
1782497971.940825,200,130.09129418060184,qwen15b-npu3,
1782497971.9455721,200,134.58422478288412,qwen15b-npu5,
1782497971.945898,200,112.5064860098064,qwen15b-npu5,
1782497971.9469607,200,129.33347979560494,qwen15b-npu5,
1782497971.9516597,200,106.73950659111142,qwen15b-npu4,
1782497971.951975,200,118.23261482641101,qwen15b-npu4,
1782497971.952362,200,122.05837108194828,qwen15b-npu4,
1782497971.9612603,200,153.48550165072083,qwen15b-npu6,
1782497971.9616232,200,131.05347100645304,qwen15b-npu6,
1782497971.9623632,200,155.06067173555493,qwen15b-npu6,
1782497971.9627085,200,127.16217478737235,qwen15b-npu6,
1782497971.9649467,200,135.47138078138232,qwen15b-npu7,
1782497971.9656527,200,122.03840026631951,qwen15b-npu7,
1782497971.969332,200,125.94344699755311,qwen15b-npu3,
1782497971.9696321,200,134.71182575449347,qwen15b-npu3,
1782497971.9706101,200,124.71212912350893,qwen15b-npu3,
1782497971.97407,200,117.40849912166595,qwen15b-npu4,
1782497971.9881656,200,129.09584818407893,qwen15b-npu6,
1782497971.99475,200,114.96986262500286,qwen15b-npu5,
1782497971.9949636,200,121.38588586822152,qwen15b-npu5,
1782497971.997094,200,124.12578519433737,qwen15b-npu4,
1782497972.0180907,200,150.89533478021622,qwen15b-npu6,
1782497972.0186265,200,126.00626703351736,qwen15b-npu6,
1782497972.0202765,200,118.5547080822289,qwen15b-npu3,
1782497972.021276,200,139.43766709417105,qwen15b-npu3,
1782497972.021955,200,136.31155714392662,qwen15b-npu5,
1782497972.0222468,200,118.48985683172941,qwen15b-npu5,
1782497972.0225072,200,109.66578824445605,qwen15b-npu4,
1782497972.0459902,200,136.56076835468411,qwen15b-npu7,
1782497972.046849,200,137.1518219821155,qwen15b-npu6,
1782497972.0686402,200,102.90747182443738,qwen15b-npu4,
1782497972.0699093,200,129.0208469145,qwen15b-npu5,
1782497972.0704548,200,124.47568727657199,qwen15b-npu4,
1782497972.0720482,200,136.10115507617593,qwen15b-npu3,
1782497972.0723767,200,120.29711902141571,qwen15b-npu3,
1782497972.078705,200,133.03370401263237,qwen15b-npu7,
1782497972.0790503,200,138.4626911021769,qwen15b-npu7,
1782497972.0794199,200,126.9966741092503,qwen15b-npu7,
1782497972.079884,200,128.13499057665467,qwen15b-npu7,
1782497972.0810533,200,133.98658111691475,qwen15b-npu7,
1782497972.0923738,200,122.95092595741153,qwen15b-npu4,
1782497972.092759,200,118.5851669870317,qwen15b-npu4,
1782497972.0965486,200,133.74691922217607,qwen15b-npu5,
1782497972.0972552,200,135.9287640079856,qwen15b-npu5,
1782497972.0995224,200,137.83631613478065,qwen15b-npu3,
1782497972.1039052,200,141.43047109246254,qwen15b-npu6,
1782497972.1042845,200,134.58472397178411,qwen15b-npu7,
1782497972.104696,200,139.60325764492154,qwen15b-npu6,
1782497972.1057382,200,135.01436822116375,qwen15b-npu6,
1782497972.1147912,200,117.64096096158028,qwen15b-npu4,
1782497972.1204054,200,125.37682289257646,qwen15b-npu5,
1782497972.125304,200,137.0498319156468,qwen15b-npu3,
1782497972.129037,200,134.2296632938087,qwen15b-npu7,
1782497972.1456213,200,126.88825279474258,qwen15b-npu5,
1782497972.1458943,200,124.53842721879482,qwen15b-npu5,
1782497972.1533666,200,131.325822789222,qwen15b-npu3,
1782497972.1537962,200,131.16790214553475,qwen15b-npu3,
1782497972.1570673,200,138.84941302239895,qwen15b-npu7,
1782497972.1598315,200,137.51773489639163,qwen15b-npu6,
1782497972.160633,200,140.24036284536123,qwen15b-npu6,
1782497972.162505,200,115.56423688307405,qwen15b-npu4,
1782497972.1786184,200,132.5094411149621,qwen15b-npu3,
1782497972.1861618,200,117.40084877237678,qwen15b-npu4,
1782497972.186769,200,106.7695477977395,qwen15b-npu4,
1782497972.1956127,200,123.47244005650282,qwen15b-npu5,
1782497972.1959984,200,114.86576171591878,qwen15b-npu5,
1782497972.2043061,200,124.7776891104877,qwen15b-npu3,
1782497972.2095165,200,105.12096714228392,qwen15b-npu4,
1782497972.209928,200,112.60743672028184,qwen15b-npu4,
1782497972.217358,200,124.48743684217334,qwen15b-npu6,
1782497972.2181282,200,145.65109880641103,qwen15b-npu6,
1782497972.2187705,200,139.5991980098188,qwen15b-npu6,
1782497972.2191892,200,140.38373390212655,qwen15b-npu7,
1782497972.2200341,200,150.02026921138167,qwen15b-npu7,
1782497972.2208474,200,115.99826021119952,qwen15b-npu5,
1782497972.2217867,200,151.20241604745388,qwen15b-npu7,
1782497972.2228956,200,126.25428894534707,qwen15b-npu5,
1782497972.2333512,200,104.25428114831448,qwen15b-npu4,
1782497972.233754,200,127.91712023317814,qwen15b-npu3,
1782497972.2341323,200,141.65585208684206,qwen15b-npu3,
1782497972.2441812,200,118.81746910512447,qwen15b-npu5,
1782497972.244813,200,129.93247341364622,qwen15b-npu6,
1782497972.246034,200,142.01033394783735,qwen15b-npu7,
1782497972.2464726,200,146.86062699183822,qwen15b-npu7,
1782497972.2585068,200,138.03488807752728,qwen15b-npu3,
1782497972.2691317,200,115.21114502102137,qwen15b-npu5,
1782497972.2727253,200,127.040334045887,qwen15b-npu7,
1782497972.2797334,200,119.0277598798275,qwen15b-npu4,
1782497972.285346,200,122.74070596322417,qwen15b-npu3,
1782497972.2857833,200,139.8260099813342,qwen15b-npu3,
1782497972.2999983,200,140.07496228441596,qwen15b-npu7,
1782497972.303421,200,149.93365807458758,qwen15b-npu6,
1782497972.3038442,200,117.00446717441082,qwen15b-npu4,
1782497972.3042724,200,125.5549038760364,qwen15b-npu6,
1782497972.3047166,200,147.57483173161745,qwen15b-npu6,
1782497972.317731,200,122.02743999660015,qwen15b-npu5,
1782497972.327687,200,105.79883120954037,qwen15b-npu4,
1782497972.3280067,200,123.62216087058187,qwen15b-npu4,
1782497972.3293443,200,111.11059738323092,qwen15b-npu4,
1782497972.3299105,200,143.65589572116733,qwen15b-npu7,
1782497972.3310864,200,134.95322689414024,qwen15b-npu6,
1782497972.336617,200,126.98252266272902,qwen15b-npu3,
1782497972.3433423,200,109.1317837126553,qwen15b-npu5,
1782497972.3444686,200,125.16448134556413,qwen15b-npu5,
1782497972.3451347,200,111.28886882215738,qwen15b-npu5,
1782497972.3561602,200,122.69092490896583,qwen15b-npu7,
1782497972.3564372,200,133.44372808933258,qwen15b-npu7,
1782497972.3567865,200,139.31162655353546,qwen15b-npu7,
1782497972.3596876,200,138.72461300343275,qwen15b-npu6,
1782497972.3602257,200,150.2331900410354,qwen15b-npu6,
1782497972.3644814,200,144.35132080689073,qwen15b-npu3,
1782497972.3649075,200,146.01212181150913,qwen15b-npu3,
1782497972.3671877,200,121.0266537964344,qwen15b-npu5,
1782497972.3676436,200,122.76697531342506,qwen15b-npu5,
1782497972.372921,200,114.30231807753444,qwen15b-npu4,
1782497972.3847575,200,138.179418630898,qwen15b-npu7,
1782497972.3851717,200,140.90346731245518,qwen15b-npu7,
1782497972.3936965,200,120.88104290887713,qwen15b-npu3,
1782497972.3967707,200,111.30434786900878,qwen15b-npu4,
1782497972.416811,200,116.75337515771389,qwen15b-npu5,
1782497972.4183362,200,132.4479808099568,qwen15b-npu6,
1782497972.4187195,200,149.4676349684596,qwen15b-npu6,
1782497972.4207098,200,140.86610730737448,qwen15b-npu3,
1782497972.421112,200,117.5803099758923,qwen15b-npu4,
1782497972.4222066,200,104.37220195308328,qwen15b-npu4,
1782497972.4415865,200,111.55113019049168,qwen15b-npu5,
1782497972.4420278,200,113.86148491874337,qwen15b-npu5,
1782497972.447483,200,142.65130879357457,qwen15b-npu6,
1782497972.4478695,200,143.4937440790236,qwen15b-npu6,
1782497972.4487,200,144.73384339362383,qwen15b-npu3,
1782497972.4648852,200,108.02634712308645,qwen15b-npu5,
1782497972.4674182,200,122.84138612449169,qwen15b-npu7,
1782497972.469029,200,112.78960900381207,qwen15b-npu4,
1782497972.4693778,200,109.088942874223,qwen15b-npu4,
1782497972.4696684,200,126.22572900727391,qwen15b-npu4,
1782497972.470052,200,133.33693612366915,qwen15b-npu7,
1782497972.4765763,200,145.37265663966537,qwen15b-npu3,
1782497972.4769976,200,147.54812233150005,qwen15b-npu3,
1782497972.4777665,200,149.99300800263882,qwen15b-npu6,
1782497972.4782019,200,132.9580140300095,qwen15b-npu3,
1782497972.4902341,200,125.19550183787942,qwen15b-npu4,
1782497972.502374,200,137.79055699706078,qwen15b-npu3,
1782497972.503457,200,135.67712204530835,qwen15b-npu3,
1782497972.503885,200,147.37753104418516,qwen15b-npu3,
1782497972.5058093,200,138.5353608056903,qwen15b-npu7,
1782497972.5112846,200,138.2531295530498,qwen15b-npu6,
1782497972.512008,200,152.25011436268687,qwen15b-npu6,
1782497972.5137675,200,128.90345603227615,qwen15b-npu5,
1782497972.5329635,200,136.07267383486032,qwen15b-npu7,
1782497972.5333965,200,148.16327579319477,qwen15b-npu7,
1782497972.5375454,200,119.12158085033298,qwen15b-npu4,
1782497972.537832,200,116.61654431372881,qwen15b-npu4,
1782497972.538829,200,145.06315486505628,qwen15b-npu6,
1782497972.5401251,200,121.28634564578533,qwen15b-npu5,
1782497972.5534418,200,131.1314506456256,qwen15b-npu3,
1782497972.5570128,200,140.10840188711882,qwen15b-npu7,
1782497972.5577233,200,136.89729990437627,qwen15b-npu7,
1782497972.560818,200,112.84280894324183,qwen15b-npu4,
1782497972.5639627,200,116.36027181521058,qwen15b-npu5,
1782497972.5643947,200,122.66927491873503,qwen15b-npu5,
1782497972.5818038,200,133.01081396639347,qwen15b-npu3,
1782497972.5821369,200,117.177858017385,qwen15b-npu3,
1782497972.583429,200,106.72151809558272,qwen15b-npu4,
1782497972.5891705,200,120.04071706905961,qwen15b-npu5,
1782497972.589543,200,111.6693913936615,qwen15b-npu5,
1782497972.59431,200,152.21571270376444,qwen15b-npu6,
1782497972.6064487,200,116.13495089113712,qwen15b-npu4,
1782497972.607871,200,138.08572804555297,qwen15b-npu3,
1782497972.6102638,200,131.98969699442387,qwen15b-npu7,
1782497972.634812,200,165.36336205899715,qwen15b-npu6,
1782497972.6356895,200,158.584825694561,qwen15b-npu6,
1782497972.6366959,200,166.52362002059817,qwen15b-npu6,
1782497972.6371005,200,169.56932982429862,qwen15b-npu6,
1782497972.6379628,200,132.08796782419086,qwen15b-npu5,
1782497972.63979,200,136.2259960733354,qwen15b-npu5,
1782497972.6415021,200,127.64147808775306,qwen15b-npu7,
1782497972.6418693,200,139.39943816512823,qwen15b-npu7,
1782497972.6422637,200,130.1643350161612,qwen15b-npu7,
1782497972.6428351,200,138.84788332507014,qwen15b-npu7,
1782497972.6538107,200,142.44010811671615,qwen15b-npu6,
1782497972.6620448,200,124.42163564264774,qwen15b-npu3,
1782497972.6628108,200,123.85540222749114,qwen15b-npu3,
1782497972.6631858,200,122.95819725841284,qwen15b-npu5,
1782497972.664084,200,131.00074091926217,qwen15b-npu7,
1782497972.677482,200,116.59136367961764,qwen15b-npu4,
1782497972.6784794,200,114.40703924745321,qwen15b-npu4,
1782497972.6789246,200,121.10854405909777,qwen15b-npu4,
1782497972.6833348,200,145.38522716611624,qwen15b-npu6,
1782497972.6842122,200,150.71110287681222,qwen15b-npu6,
1782497972.6877491,200,134.21439193189144,qwen15b-npu3,
1782497972.6904435,200,133.37298622354865,qwen15b-npu7,
1782497972.7006533,200,118.4422760270536,qwen15b-npu4,
1782497972.7111812,200,129.27224906161427,qwen15b-npu5,
1782497972.7125785,200,148.04607490077615,qwen15b-npu6,
1782497972.7130084,200,123.39168973267078,qwen15b-npu5,
1782497972.7185073,200,134.96719673275948,qwen15b-npu7,
1782497972.7189255,200,124.50964702293277,qwen15b-npu7,
1782497972.7349193,200,126.93591276183724,qwen15b-npu5,
1782497972.7423222,200,153.04641891270876,qwen15b-npu6,
1782497972.7426925,200,136.13936584442854,qwen15b-npu3,
1782497972.7430236,200,132.6635917648673,qwen15b-npu3,
1782497972.7488065,200,113.89348609372973,qwen15b-npu4,
1782497972.7491686,200,109.27200503647327,qwen15b-npu4,
1782497972.7503483,200,107.43680177256465,qwen15b-npu4,
1782497972.7595358,200,117.9271531291306,qwen15b-npu5,
1782497972.7689588,200,133.15118523314595,qwen15b-npu3,
1782497972.7692623,200,126.88102293759584,qwen15b-npu3,
1782497972.7705047,200,107.59549401700497,qwen15b-npu4,
1782497972.7737126,200,131.72411639243364,qwen15b-npu6,
1782497972.7740965,200,136.05017494410276,qwen15b-npu6,
1782497972.7750664,200,138.25211860239506,qwen15b-npu7,
1782497972.775375,200,138.13973776996136,qwen15b-npu7,
1782497972.7845964,200,130.7035987265408,qwen15b-npu5,
1782497972.7958436,200,108.02934598177671,qwen15b-npu4,
1782497972.7962015,200,118.63121716305614,qwen15b-npu4,
1782497972.7966685,200,133.3589255809784,qwen15b-npu3,
1782497972.8039563,200,124.93617972359061,qwen15b-npu7,
1782497972.8042786,200,140.12370305135846,qwen15b-npu7,
1782497972.8048043,200,142.6268988288939,qwen15b-npu6,
1782497972.8102496,200,119.74641494452953,qwen15b-npu5,
1782497972.8106782,200,132.09175784140825,qwen15b-npu5,
1782497972.818134,200,105.01264594495296,qwen15b-npu4,
1782497972.8223686,200,138.05441837757826,qwen15b-npu3,
1782497972.8336906,200,132.93140335008502,qwen15b-npu6,
1782497972.8340287,200,150.60082310810685,qwen15b-npu6,
1782497972.8491316,200,130.0896853208542,qwen15b-npu3,
1782497972.849574,200,138.28568998724222,qwen15b-npu3,
1782497972.8577251,200,122.71102517843246,qwen15b-npu7,
1782497972.8594546,200,116.35860288515687,qwen15b-npu5,
1782497972.8623402,200,149.63138615712523,qwen15b-npu6,
1782497972.8627832,200,144.16757877916098,qwen15b-npu6,
1782497972.8651488,200,115.85889896377921,qwen15b-npu4,
1782497972.8660762,200,123.62806079909205,qwen15b-npu4,
1782497972.8751636,200,126.25275878235698,qwen15b-npu3,
1782497972.8845239,200,115.13689393177629,qwen15b-npu5,
1782497972.8860142,200,135.56508114561439,qwen15b-npu7,
1782497972.8893287,200,118.73112805187702,qwen15b-npu4,
1782497972.8897579,200,114.2568881623447,qwen15b-npu4,
1782497972.890848,200,148.0707861483097,qwen15b-npu6,
1782497972.891752,200,132.12525891140103,qwen15b-npu6,
1782497972.902774,200,118.07715380564332,qwen15b-npu3,
1782497972.9112294,200,114.9246427230537,qwen15b-npu4,
1782497972.914735,200,145.6954488530755,qwen15b-npu7,
1782497972.9155574,200,140.4021941125393,qwen15b-npu7,
1782497972.919389,200,145.56214911863208,qwen15b-npu6,
1782497972.9197142,200,145.5423287115991,qwen15b-npu6,
1782497972.9302561,200,119.45617385208607,qwen15b-npu3,
1782497972.9311357,200,127.08632368594408,qwen15b-npu3,
1782497972.9347532,200,129.81399334967136,qwen15b-npu5,
1782497972.935162,200,116.95508705452085,qwen15b-npu5,
1782497972.9359934,200,113.53123281151056,qwen15b-npu5,
1782497972.936385,200,126.02454796433449,qwen15b-npu4,
1782497972.942074,200,145.28587693348527,qwen15b-npu7,
1782497972.9453435,200,140.94694796949625,qwen15b-npu6,
1782497972.9460955,200,150.1493388786912,qwen15b-npu6,
1782497972.9585736,200,108.8854419067502,qwen15b-npu5,
1782497972.9589174,200,124.81530895456672,qwen15b-npu5,
1782497972.9691308,200,135.33640000969172,qwen15b-npu7,
1782497972.981426,200,121.86928978189826,qwen15b-npu4,
1782497972.9845521,200,135.29128022491932,qwen15b-npu3,
1782497972.984996,200,122.10337119176984,qwen15b-npu5,
1782497972.9854085,200,127.59356712922454,qwen15b-npu5,
1782497972.986443,200,123.9816527813673,qwen15b-npu3,
1782497972.9967818,200,131.52917427942157,qwen15b-npu7,
1782497973.0048356,200,113.87558607384562,qwen15b-npu4,
1782497973.0114415,200,125.35998178645968,qwen15b-npu3,
1782497973.0124128,200,146.2225429713726,qwen15b-npu3,
1782497973.012868,200,137.60517491027713,qwen15b-npu3,
1782497973.0267138,200,136.8793798610568,qwen15b-npu7,
1782497973.0271232,200,137.63577584177256,qwen15b-npu7,
1782497973.0275872,200,142.9636711254716,qwen15b-npu7,
1782497973.0290544,200,126.1803088709712,qwen15b-npu6,
1782497973.029398,200,137.53921538591385,qwen15b-npu6,
1782497973.030668,200,119.36573311686516,qwen15b-npu4,
1782497973.0313663,200,111.58009991049767,qwen15b-npu4,
1782497973.0370095,200,122.20713123679161,qwen15b-npu3,
1782497973.0538127,200,123.45791002735496,qwen15b-npu7,
1782497973.054129,200,122.88861628621817,qwen15b-npu4,
1782497973.054409,200,108.22050692513585,qwen15b-npu4,
1782497973.0560129,200,119.90716587752104,qwen15b-npu5,
1782497973.0562937,200,119.79949474334717,qwen15b-npu4,
1782497973.0565562,200,137.0952920988202,qwen15b-npu7,
1782497973.0569406,200,114.76394115015864,qwen15b-npu5,
1782497973.058654,200,142.99399219453335,qwen15b-npu6,
1782497973.0594995,200,124.2210753262043,qwen15b-npu6,
1782497973.0639088,200,118.4712159447372,qwen15b-npu3,
1782497973.064707,200,129.83202189207077,qwen15b-npu3,
1782497973.0756152,200,106.41550598666072,qwen15b-npu4,
1782497973.0795105,200,120.52886001765728,qwen15b-npu5,
1782497973.0903437,200,131.66993530467153,qwen15b-npu3,
1782497973.1098876,200,124.36624616384506,qwen15b-npu7,
1782497973.1101782,200,125.5034040659666,qwen15b-npu7,
1782497973.1105971,200,129.10043774172664,qwen15b-npu7,
1782497973.1127527,200,126.17991911247373,qwen15b-npu6,
1782497973.113561,200,128.4202029928565,qwen15b-npu6,
1782497973.1290622,200,116.51915311813354,qwen15b-npu5,
1782497973.1294992,200,124.60129801183939,qwen15b-npu5,
1782497973.1356263,200,138.78051284700632,qwen15b-npu7,
1782497973.1432416,200,130.2810157649219,qwen15b-npu3,
1782497973.143628,200,132.06984801217914,qwen15b-npu3,
1782497973.1462524,200,115.47872703522444,qwen15b-npu4,
1782497973.1466389,200,117.47406888753176,qwen15b-npu4,
1782497973.1537092,200,116.60320404917002,qwen15b-npu5,
1782497973.154506,200,127.27876519784331,qwen15b-npu5,
1782497973.163599,200,132.1286577731371,qwen15b-npu7,
1782497973.1708734,200,143.21805303916335,qwen15b-npu6,
1782497973.1711967,200,116.69026408344507,qwen15b-npu4,
1782497973.1715477,200,142.0847848057747,qwen15b-npu6,
1782497973.171852,200,145.01972496509552,qwen15b-npu6,
1782497973.1722724,200,107.46098309755325,qwen15b-npu4,
1782497973.1792088,200,122.53280309960246,qwen15b-npu5,
1782497973.1795876,200,123.50131990388036,qwen15b-npu5,
1782497973.179974,200,126.06925657019019,qwen15b-npu5,
1782497973.191366,200,132.6033608056605,qwen15b-npu7,
1782497973.192184,200,101.7777849920094,qwen15b-npu4,
1782497973.195841,200,136.20449556037784,qwen15b-npu6,
1782497973.1962755,200,142.06799492239952,qwen15b-npu6,
1782497973.1977165,200,141.35542092844844,qwen15b-npu3,
1782497973.1979976,200,133.9957406744361,qwen15b-npu3,
1782497973.1987224,200,123.020407743752,qwen15b-npu3,
1782497973.1990697,200,142.02336501330137,qwen15b-npu3,
1782497973.2152336,200,105.27143813669682,qwen15b-npu4,
1782497973.218897,200,139.30301601067185,qwen15b-npu7,
1782497973.2264369,200,112.77815792709589,qwen15b-npu5,
1782497973.2268128,200,116.51149298995733,qwen15b-npu5,
1782497973.2499127,200,120.2906989492476,qwen15b-npu6,
1782497973.2539692,200,143.3040238916874,qwen15b-npu3,
1782497973.2542703,200,125.0864309258759,qwen15b-npu3,
1782497973.2552571,200,142.41155795753002,qwen15b-npu3,
1782497973.2613614,200,106.7520179785788,qwen15b-npu4,
1782497973.275191,200,128.45621397718787,qwen15b-npu7,
1782497973.2755456,200,132.19029922038317,qwen15b-npu7,
1782497973.2759542,200,129.59850206971169,qwen15b-npu5,
1782497973.2762897,200,140.5778848566115,qwen15b-npu7,
1782497973.2777703,200,124.00068435817957,qwen15b-npu6,
1782497973.278553,200,134.85042611137033,qwen15b-npu6,
1782497973.2858284,200,106.5036659128964,qwen15b-npu4,
1782497973.286517,200,114.5520699210465,qwen15b-npu4,
1782497973.29833,200,106.87705827876925,qwen15b-npu5,
1782497973.302676,200,130.28899626806378,qwen15b-npu7,
1782497973.3030713,200,123.37696924805641,qwen15b-npu7,
1782497973.3035092,200,131.89626671373844,qwen15b-npu7,
1782497973.3069806,200,126.91081268712878,qwen15b-npu6,
1782497973.3073354,200,136.37794693931937,qwen15b-npu6,
1782497973.308367,200,144.6972331032157,qwen15b-npu6,
1782497973.3088057,200,137.49792519956827,qwen15b-npu3,
1782497973.3096683,200,117.39030899479985,qwen15b-npu4,
1782497973.3293138,200,130.13878464698792,qwen15b-npu7,
1782497973.329625,200,133.24370607733727,qwen15b-npu7,
1782497973.3338914,200,135.07931819185615,qwen15b-npu6,
1782497973.3341973,200,136.39788702130318,qwen15b-npu6,
1782497973.3347108,200,107.78979491442442,qwen15b-npu4,
1782497973.3356285,200,120.3334191814065,qwen15b-npu4,
1782497973.3369167,200,140.9593177959323,qwen15b-npu3,
1782497973.3373578,200,139.29689722135663,qwen15b-npu3,
1782497973.3486905,200,129.734312184155,qwen15b-npu5,
1782497973.3636913,200,137.15931307524443,qwen15b-npu3,
1782497973.3725903,200,118.54033684358001,qwen15b-npu5,
1782497973.379366,200,117.89955291897058,qwen15b-npu4,
1782497973.3798811,200,103.82331814616919,qwen15b-npu4,
1782497973.382515,200,132.52521120011806,qwen15b-npu7,
1782497973.3889349,200,134.5399240963161,qwen15b-npu6,
1782497973.3934624,200,138.11387913301587,qwen15b-npu3,
1782497973.400657,200,114.75856089964509,qwen15b-npu5,
1782497973.4032054,200,125.35458197817206,qwen15b-npu4,
1782497973.4151423,200,139.46957793086767,qwen15b-npu7,
1782497973.4158118,200,137.15467182919383,qwen15b-npu7,
1782497973.4198673,200,144.57846200093627,qwen15b-npu6,
1782497973.4204414,200,133.84091015905142,qwen15b-npu6,
1782497973.4221017,200,145.72532894089818,qwen15b-npu3,
1782497973.426532,200,117.62337107211351,qwen15b-npu5,
1782497973.426824,200,119.37916278839111,qwen15b-npu5,
1782497973.4274375,200,123.86661302298307,qwen15b-npu4,
1782497973.4280734,200,125.2798130735755,qwen15b-npu5,
1782497973.4428685,200,139.67802887782454,qwen15b-npu7,
1782497973.4474452,200,149.02410190552473,qwen15b-npu6,
1782497973.4496865,200,139.95499070733786,qwen15b-npu3,
1782497973.4500465,200,142.96795101836324,qwen15b-npu3,
1782497973.4503148,200,141.86096377670765,qwen15b-npu3,
1782497973.451348,200,113.88404620811343,qwen15b-npu5,
1782497973.4516091,200,116.77005467936397,qwen15b-npu5,
1782497973.4530413,200,123.32434905692935,qwen15b-npu5,
1782497973.4535437,200,116.51478428393602,qwen15b-npu4,
1782497973.4538193,200,124.43609675392509,qwen15b-npu4,
1782497973.4745035,200,140.2115230448544,qwen15b-npu3,
1782497973.4772642,200,141.54419116675854,qwen15b-npu6,
1782497973.4776409,200,143.66320613771677,qwen15b-npu6,
1782497973.49771,200,117.73505201563239,qwen15b-npu4,
1782497973.4989421,200,150.1889298669994,qwen15b-npu7,
1782497973.4992852,200,126.59317068755627,qwen15b-npu5,
1782497973.499673,200,120.16410799697042,qwen15b-npu5,
1782497973.501246,200,137.43241364136338,qwen15b-npu3,
1782497973.5212057,200,105.31850811094046,qwen15b-npu4,
1782497973.525878,200,143.26985273510218,qwen15b-npu5,
1782497973.5261872,200,137.14036159217358,qwen15b-npu7,
1782497973.5264535,200,111.23973783105612,qwen15b-npu5,
1782497973.5284898,200,134.94245801120996,qwen15b-npu3,
1782497973.5342128,200,130.92978997156024,qwen15b-npu6,
1782497973.5345168,200,133.78761941567063,qwen15b-npu6,
1782497973.5450232,200,125.08990103378892,qwen15b-npu4,
1782497973.5484025,200,121.78832804784179,qwen15b-npu5,
1782497973.5543652,200,126.86512339860201,qwen15b-npu7,
1782497973.5546775,200,127.777308691293,qwen15b-npu7,
1782497973.555001,200,134.49792377650738,qwen15b-npu7,
1782497973.5618577,200,139.65726923197508,qwen15b-npu6,
1782497973.5621526,200,134.00065107271075,qwen15b-npu6,
1782497973.5694516,200,117.77291214093566,qwen15b-npu4,
1782497973.5697615,200,122.1684510819614,qwen15b-npu4,
1782497973.5723338,200,121.95768021047115,qwen15b-npu5,
1782497973.5807533,200,126.86411337926984,qwen15b-npu3,
1782497973.5813394,200,131.54396368190646,qwen15b-npu3,
1782497973.5818172,200,138.83752329275012,qwen15b-npu7,
1782497973.5820541,200,131.91827712580562,qwen15b-npu7,
1782497973.591039,200,137.41047400981188,qwen15b-npu6,
1782497973.5914075,200,139.98616160824895,qwen15b-npu6,
1782497973.591655,200,138.52594094350934,qwen15b-npu6,
1782497973.592804,200,115.05714431405067,qwen15b-npu4,
1782497973.6076634,200,133.07467475533485,qwen15b-npu3,
1782497973.6079514,200,130.59271778911352,qwen15b-npu3,
1782497973.6165662,200,115.233204793185,qwen15b-npu4,
1782497973.6221216,200,123.0839267373085,qwen15b-npu5,
1782497973.633105,200,133.72842874377966,qwen15b-npu3,
1782497973.635337,200,135.59716194868088,qwen15b-npu7,
1782497973.6406667,200,112.1148937381804,qwen15b-npu4,
1782497973.6464345,200,148.65492982789874,qwen15b-npu6,
1782497973.6485853,200,114.2740179784596,qwen15b-npu5,
1782497973.6495206,200,114.94175205007195,qwen15b-npu5,
1782497973.650134,200,128.85706592351198,qwen15b-npu5,
1782497973.6638224,200,137.84981612116098,qwen15b-npu7,
1782497973.6641786,200,137.9320570267737,qwen15b-npu7,
1782497973.6651344,200,116.65332363918424,qwen15b-npu4,
1782497973.6721108,200,109.86789781600237,qwen15b-npu5,
1782497973.672477,200,127.38859700039029,qwen15b-npu5,
1782497973.6765437,200,149.98055808246136,qwen15b-npu6,
1782497973.6853068,200,130.24747604504228,qwen15b-npu3,
1782497973.6858232,200,131.37117307633162,qwen15b-npu3,
1782497973.6900237,200,107.90520627051592,qwen15b-npu4,
1782497973.6903164,200,120.4674900509417,qwen15b-npu4,
1782497973.6915672,200,119.174730964005,qwen15b-npu7,
1782497973.691864,200,137.09582202136517,qwen15b-npu7,
1782497973.7053704,200,143.44286499544978,qwen15b-npu6,
1782497973.7057428,200,136.2109649926424,qwen15b-npu6,
1782497973.712246,200,131.40588300302625,qwen15b-npu3,
1782497973.7125356,200,121.06119375675917,qwen15b-npu3,
1782497973.7132933,200,120.40924886241555,qwen15b-npu4,
1782497973.7178507,200,136.4454277791083,qwen15b-npu7,
1782497973.7220626,200,130.31747564673424,qwen15b-npu5,
1782497973.722392,200,131.27842219546437,qwen15b-npu5,
1782497973.7336113,200,125.60006463900208,qwen15b-npu6,
1782497973.7339096,200,152.03496208414435,qwen15b-npu6,
1782497973.737487,200,129.74591320380569,qwen15b-npu3,
1782497973.7469726,200,113.78071503713727,qwen15b-npu5,
1782497973.7609916,200,110.69458397105336,qwen15b-npu4,
1782497973.761395,200,111.779211089015,qwen15b-npu4,
1782497973.7635899,200,146.9655679538846,qwen15b-npu3,
1782497973.7724578,200,125.96331676468253,qwen15b-npu5,
1782497973.7739363,200,151.75274992361665,qwen15b-npu7,
1782497973.7742894,200,138.8888736255467,qwen15b-npu7,
1782497973.783317,200,119.39751263707876,qwen15b-npu4,
1782497973.7894268,200,125.18570199608803,qwen15b-npu6,
1782497973.7897675,200,149.00905219838023,qwen15b-npu6,
1782497973.7902508,200,141.5477516129613,qwen15b-npu6,
1782497973.7992573,200,126.67040200904012,qwen15b-npu5,
1782497973.79967,200,134.39426431432366,qwen15b-npu5,
1782497973.801873,200,129.66934172436595,qwen15b-npu7,
1782497973.8022459,200,125.60516409575939,qwen15b-npu7,
1782497973.8069112,200,121.52150832116604,qwen15b-npu4,
1782497973.818252,200,127.81650992110372,qwen15b-npu3,
1782497973.8185105,200,126.86234200373292,qwen15b-npu3,
1782497973.818873,200,132.9893940128386,qwen15b-npu3,
1782497973.824094,200,111.46006919443607,qwen15b-npu5,
1782497973.8298886,200,137.93021719902754,qwen15b-npu7,
1782497973.8301423,200,140.04415227100253,qwen15b-npu7,
1782497973.8303525,200,124.50538715347648,qwen15b-npu7,
1782497973.83098,200,113.05283010005951,qwen15b-npu4,
1782497973.8436391,200,130.24413492530584,qwen15b-npu3,
1782497973.8448496,200,132.5244209729135,qwen15b-npu3,
1782497973.8451083,200,122.96059587970376,qwen15b-npu6,
1782497973.8454423,200,139.9679509922862,qwen15b-npu6,
1782497973.8498342,200,127.33917590230703,qwen15b-npu5,
1782497973.8552668,200,121.2667659856379,qwen15b-npu7,
1782497973.8562,200,118.6269880272448,qwen15b-npu4,
1782497973.8564968,200,122.80506594106555,qwen15b-npu4,
1782497973.8701458,200,123.10062814503908,qwen15b-npu6,
1782497973.8755524,200,114.09505689516664,qwen15b-npu5,
1782497973.8958762,200,132.21966894343495,qwen15b-npu3,
1782497973.8965774,200,124.05210407450795,qwen15b-npu3,
1782497973.896893,200,122.50633304938674,qwen15b-npu3,
1782497973.8977304,200,136.62356790155172,qwen15b-npu6,
1782497973.9016109,200,112.0879128575325,qwen15b-npu5,
1782497973.9018862,200,127.84516904503107,qwen15b-npu5,
1782497973.9028745,200,119.4631028920412,qwen15b-npu4,
1782497973.9217007,200,119.73161483183503,qwen15b-npu3,
1782497973.922398,200,132.07353791221976,qwen15b-npu3,
1782497973.9262474,200,123.90451272949576,qwen15b-npu6,
1782497973.927115,200,137.25269306451082,qwen15b-npu6,
1782497973.9279964,200,109.39413588494062,qwen15b-npu4,
1782497973.9286025,200,129.24991874024272,qwen15b-npu4,
1782497973.9289153,200,121.91902985796332,qwen15b-npu4,
1782497973.9295957,200,129.83234273269773,qwen15b-npu6,
1782497973.9349706,200,116.65127379819751,qwen15b-npu7,
1782497973.9524353,200,121.37121614068747,qwen15b-npu6,
1782497973.9542897,200,130.13272499665618,qwen15b-npu5,
1782497973.9546149,200,135.65001171082258,qwen15b-npu5,
1782497973.9637358,200,120.0285772792995,qwen15b-npu7,
1782497973.964105,200,134.14459163323045,qwen15b-npu7,
1782497973.9652987,200,134.8838359117508,qwen15b-npu7,
1782497973.965555,200,120.35809876397252,qwen15b-npu7,
1782497973.9660509,200,135.84424322471023,qwen15b-npu7,
1782497973.9742131,200,124.32044604793191,qwen15b-npu4,
1782497973.974488,200,119.15646120905876,qwen15b-npu4,
1782497973.9752374,200,118.6799081042409,qwen15b-npu4,
1782497973.9791818,200,133.66967905312777,qwen15b-npu5,
1782497973.9797785,200,134.86213702708483,qwen15b-npu5,
1782497973.9875946,200,131.30611320957541,qwen15b-npu7,
1782497974.0073125,200,131.68073492124677,qwen15b-npu6,
1782497974.0081306,200,137.8994369879365,qwen15b-npu6,
1782497974.0143,200,117.34488932415843,qwen15b-npu7,
1782497974.0258257,200,129.8890127800405,qwen15b-npu3,
1782497974.0265553,200,124.57474693655968,qwen15b-npu3,
1782497974.0293834,200,127.70110834389925,qwen15b-npu5,
1782497974.029928,200,133.28582560643554,qwen15b-npu5,
1782497974.0345826,200,136.78183918818831,qwen15b-npu6,
1782497974.0349088,200,131.94922683760524,qwen15b-npu6,
1782497974.0410528,200,118.57314733788371,qwen15b-npu7,
1782497974.044777,200,122.99550697207451,qwen15b-npu4,
1782497974.045083,200,117.89326323196292,qwen15b-npu4,
1782497974.0454206,200,119.10307081416249,qwen15b-npu4,
1782497974.051909,200,116.85874592512846,qwen15b-npu3,
1782497974.0543547,200,126.2837490066886,qwen15b-npu5,
1782497974.0605931,200,131.90411683171988,qwen15b-npu6,
1782497974.0680501,200,139.07258491963148,qwen15b-npu7,
1782497974.0686686,200,138.98373395204544,qwen15b-npu7,
1782497974.078899,200,124.22196520492435,qwen15b-npu3,
1782497974.0795124,200,125.13587111607194,qwen15b-npu3,
1782497974.0806234,200,116.42286321148276,qwen15b-npu5,
1782497974.0896766,200,124.30887622758746,qwen15b-npu6,
1782497974.0903616,200,124.21847507357597,qwen15b-npu6,
1782497974.0906944,200,138.1693878211081,qwen15b-npu6,
1782497974.0913572,200,103.68268704041839,qwen15b-npu4,
1782497974.0948179,200,119.49786311015487,qwen15b-npu7,
1782497974.1047764,200,130.21287508308887,qwen15b-npu5,
1782497974.10512,200,125.27578184381127,qwen15b-npu5,
1782497974.106471,200,132.17636896297336,qwen15b-npu3,
1782497974.1067555,200,142.92969135567546,qwen15b-npu3,
1782497974.1073382,200,141.67513186112046,qwen15b-npu3,
1782497974.1156428,200,136.38222683221102,qwen15b-npu6,
1782497974.1299129,200,115.53409742191434,qwen15b-npu5,
1782497974.1305265,200,123.1565079651773,qwen15b-npu3,
1782497974.1381173,200,103.11801312491298,qwen15b-npu4,
1782497974.1488361,200,122.95275600627065,qwen15b-npu7,
1782497974.1497962,200,141.57293224707246,qwen15b-npu7,
1782497974.1502335,200,120.76950212940574,qwen15b-npu7,
1782497974.155808,200,129.16849786415696,qwen15b-npu5,
1782497974.1562455,200,111.38237919658422,qwen15b-npu5,
1782497974.1583526,200,123.65960096940398,qwen15b-npu3,
1782497974.158839,200,117.71226208657026,qwen15b-npu3,
1782497974.1626186,200,117.12426692247391,qwen15b-npu4,
1782497974.1717865,200,119.81764575466514,qwen15b-npu6,
1782497974.172495,200,142.5046380609274,qwen15b-npu6,
1782497974.1753652,200,120.95245299860835,qwen15b-npu7,
1782497974.18361,200,138.42961098998785,qwen15b-npu3,
1782497974.186431,200,117.68970126286149,qwen15b-npu4,
1782497974.186743,200,126.09179830178618,qwen15b-npu4,
1782497974.2031815,200,122.46529385447502,qwen15b-npu7,
1782497974.2035291,200,135.42015990242362,qwen15b-npu7,
1782497974.205634,200,114.20745821669698,qwen15b-npu5,
1782497974.206188,200,126.49318110197783,qwen15b-npu5,
1782497974.20945,200,119.63797407224774,qwen15b-npu3,
1782497974.2115788,200,121.12156394869089,qwen15b-npu4,
1782497974.2124467,200,105.02630611881614,qwen15b-npu4,
1782497974.227177,200,148.193946108222,qwen15b-npu6,
1782497974.227453,200,132.5408210977912,qwen15b-npu6,
1782497974.2292483,200,138.47879087552428,qwen15b-npu7,
1782497974.2317746,200,125.21852226927876,qwen15b-npu5,
1782497974.2321303,200,127.25990498438478,qwen15b-npu5,
1782497974.2328405,200,117.13773710653186,qwen15b-npu5,
1782497974.254295,200,147.47243095189333,qwen15b-npu6,
1782497974.2548964,200,149.70447635278106,qwen15b-npu6,
1782497974.2559974,200,125.40564313530922,qwen15b-npu7,
1782497974.2578642,200,107.97143587842584,qwen15b-npu4,
1782497974.2581923,200,109.27437525242567,qwen15b-npu4,
1782497974.2631838,200,124.97399980202317,qwen15b-npu3,
1782497974.263878,200,133.8829197920859,qwen15b-npu3,
1782497974.2806528,200,124.3143561296165,qwen15b-npu6,
1782497974.2818677,200,119.14428090676665,qwen15b-npu4,
1782497974.282284,200,126.38713978230953,qwen15b-npu4,
1782497974.283954,200,125.4397239536047,qwen15b-npu7,
1782497974.2843444,200,134.0164910070598,qwen15b-npu7,
1782497974.2937691,200,134.75468568503857,qwen15b-npu3,
1782497974.2942584,200,121.66116805747151,qwen15b-npu3,
1782497974.3043432,200,120.64636126160622,qwen15b-npu5,
1782497974.3046377,200,118.1343337520957,qwen15b-npu5,
1782497974.3048882,200,129.42323088645935,qwen15b-npu5,
1782497974.3099823,200,138.1252589635551,qwen15b-npu6,
1782497974.3103826,200,123.54246014729142,qwen15b-npu7,
1782497974.3294961,200,123.24889888986945,qwen15b-npu4,
1782497974.3297389,200,124.02239395305514,qwen15b-npu4,
1782497974.3300188,200,126.76222203299403,qwen15b-npu4,
1782497974.335058,200,131.4353127963841,qwen15b-npu6,
1782497974.3369782,200,127.46855709701777,qwen15b-npu7,
1782497974.3429816,200,115.46644708141685,qwen15b-npu3,
1782497974.3432767,200,131.58443477004766,qwen15b-npu3,
1782497974.343795,200,131.24861242249608,qwen15b-npu3,
1782497974.3513565,200,118.44692612066865,qwen15b-npu4,
1782497974.363376,200,134.0264012105763,qwen15b-npu7,
1782497974.3646147,200,137.35399302095175,qwen15b-npu6,
1782497974.364987,200,132.75679294019938,qwen15b-npu6,
1782497974.3672328,200,135.3568402118981,qwen15b-npu3,
1782497974.3752327,200,117.27301822975278,qwen15b-npu4,
1782497974.3762357,200,121.87441904097795,qwen15b-npu5,
1782497974.376463,200,113.1905410438776,qwen15b-npu5,
1782497974.3905036,200,132.22007919102907,qwen15b-npu7,
1782497974.390785,200,134.707136079669,qwen15b-npu7,
1782497974.3941278,200,139.15995508432388,qwen15b-npu3,
1782497974.394441,200,130.48021821305156,qwen15b-npu3,
1782497974.400405,200,115.9534896723926,qwen15b-npu5,
1782497974.4007077,200,118.3311459608376,qwen15b-npu4,
1782497974.4015021,200,120.78889226540923,qwen15b-npu4,
1782497974.4172404,200,135.24298928678036,qwen15b-npu7,
1782497974.4187403,200,124.82652859762311,qwen15b-npu6,
1782497974.4191568,200,124.78895904496312,qwen15b-npu6,
1782497974.4204493,200,136.39262691140175,qwen15b-npu3,
1782497974.4262128,200,121.5102868154645,qwen15b-npu5,
1782497974.4265893,200,122.15526215732098,qwen15b-npu5,
1782497974.4438107,200,133.31818720325828,qwen15b-npu7,
1782497974.4454138,200,140.42163407430053,qwen15b-npu6,
1782497974.4458127,200,115.72436802089214,qwen15b-npu3,
1782497974.446768,200,136.6925691254437,qwen15b-npu6,
1782497974.4483342,200,111.27419816330075,qwen15b-npu4,
1782497974.4714792,200,127.58836802095175,qwen15b-npu3,
1782497974.4728203,200,143.01797188818455,qwen15b-npu7,
1782497974.473446,200,106.13845381885767,qwen15b-npu4,
1782497974.4742846,200,122.85826588049531,qwen15b-npu4,
1782497974.474614,200,145.04902577027678,qwen15b-npu7,
1782497974.475026,200,131.62132492288947,qwen15b-npu6,
1782497974.4762337,200,141.08420861884952,qwen15b-npu6,
1782497974.476528,200,111.43926903605461,qwen15b-npu5,
1782497974.477886,200,113.17714117467403,qwen15b-npu5,
1782497974.4782305,200,135.17677877098322,qwen15b-npu5,
1782497974.4965887,200,106.00004205480218,qwen15b-npu4,
1782497974.4969018,200,120.3708192333579,qwen15b-npu4,
1782497974.4982378,200,134.76666621863842,qwen15b-npu3,
1782497974.5025485,200,126.25072803348303,qwen15b-npu6,
1782497974.502883,200,127.5805477052927,qwen15b-npu6,
1782497974.5195394,200,119.0525209531188,qwen15b-npu4,
1782497974.5253239,200,130.79595984891057,qwen15b-npu7,
1782497974.5260432,200,131.82441610842943,qwen15b-npu7,
1782497974.5266397,200,135.79978281632066,qwen15b-npu7,
1782497974.5285633,200,126.97218265384436,qwen15b-npu3,
1782497974.5288873,200,128.08549217879772,qwen15b-npu3,
1782497974.5470643,200,120.74530217796564,qwen15b-npu5,
1782497974.547769,200,130.38989575579762,qwen15b-npu5,
1782497974.5481932,200,121.54002720490098,qwen15b-npu5,
1782497974.55464,200,135.76558278873563,qwen15b-npu3,
1782497974.5564415,200,135.8857536688447,qwen15b-npu6,
1782497974.5567708,200,137.4904839321971,qwen15b-npu6,
1782497974.5667472,200,118.31489531323314,qwen15b-npu4,
1782497974.579457,200,133.91837989911437,qwen15b-npu7,
1782497974.579939,200,133.06763488799334,qwen15b-npu7,
1782497974.5813098,200,135.38012001663446,qwen15b-npu3,
1782497974.5826545,200,138.75154312700033,qwen15b-npu6,
1782497974.5912302,200,116.85337591916323,qwen15b-npu4,
1782497974.5918798,200,118.32397477701306,qwen15b-npu4,
1782497974.5964787,200,124.90497017279267,qwen15b-npu5,
1782497974.5968044,200,122.0873910933733,qwen15b-npu5,
1782497974.59716,200,120.54516095668077,qwen15b-npu5,
1782497974.6051717,200,126.8839230760932,qwen15b-npu7,
1782497974.6096656,200,134.49729466810822,qwen15b-npu3,
1782497974.6100812,200,137.17035204172134,qwen15b-npu3,
1782497974.6103718,200,132.4016898870468,qwen15b-npu3,
1782497974.6110404,200,134.71618620678782,qwen15b-npu6,
1782497974.6150594,200,118.06157417595387,qwen15b-npu4,
1782497974.6191611,200,116.19419138878584,qwen15b-npu5,
1782497974.6324027,200,135.7445023022592,qwen15b-npu7,
1782497974.633711,200,131.07672100886703,qwen15b-npu3,
1782497974.6373773,200,139.04382474720478,qwen15b-npu6,
1782497974.6389334,200,109.95096899569035,qwen15b-npu4,
1782497974.6393883,200,119.76217478513718,qwen15b-npu4,
1782497974.6599727,200,134.57983499392867,qwen15b-npu3,
1782497974.6602678,200,133.53534787893295,qwen15b-npu7,
1782497974.6608913,200,134.76551603525877,qwen15b-npu7,
1782497974.6648016,200,136.1628849990666,qwen15b-npu6,
1782497974.6684742,200,121.30387593060732,qwen15b-npu5,
1782497974.6688364,200,111.91116226837039,qwen15b-npu5,
1782497974.6692371,200,114.47707004845142,qwen15b-npu5,
1782497974.684491,200,117.65022110193968,qwen15b-npu4,
1782497974.686017,200,137.7319060266018,qwen15b-npu3,
1782497974.6867158,200,138.80392396822572,qwen15b-npu7,
1782497974.693981,200,137.4534941278398,qwen15b-npu6,
1782497974.7092466,200,111.98072321712971,qwen15b-npu4,
1782497974.7095692,200,117.61141009628773,qwen15b-npu4,
1782497974.7130566,200,133.00225418061018,qwen15b-npu7,
1782497974.7133632,200,116.7934350669384,qwen15b-npu3,
1782497974.7145574,200,134.95253818109632,qwen15b-npu3,
1782497974.7163296,200,119.40970318391919,qwen15b-npu5,
1782497974.7169693,200,111.70381074771285,qwen15b-npu5,
1782497974.723624,200,140.8579871058464,qwen15b-npu6,
1782497974.7239437,200,142.52850785851479,qwen15b-npu6,
1782497974.724244,200,132.9091340303421,qwen15b-npu6,
1782497974.7335434,200,122.39590240642428,qwen15b-npu4,
1782497974.7339303,200,114.67807134613395,qwen15b-npu4,
1782497974.7409887,200,130.50844799727201,qwen15b-npu7,
1782497974.7412632,200,126.1117784306407,qwen15b-npu5,
1782497974.7419386,200,131.7909061908722,qwen15b-npu7,
1782497974.7484548,200,138.66665260866284,qwen15b-npu6,
1782497974.764536,200,132.03439814969897,qwen15b-npu3,
1782497974.7654223,200,127.95052025467157,qwen15b-npu5,
1782497974.7667127,200,132.91034288704395,qwen15b-npu7,
1782497974.7674792,200,127.99046095460653,qwen15b-npu7,
1782497974.77616,200,137.13249191641808,qwen15b-npu6,
1782497974.7796915,200,111.11428728327155,qwen15b-npu4,
1782497974.7897143,200,120.7627416588366,qwen15b-npu5,
1782497974.7917192,200,126.85363320633769,qwen15b-npu3,
1782497974.7920525,200,122.72218521684408,qwen15b-npu3,
1782497974.7924993,200,132.43627082556486,qwen15b-npu3,
1782497974.7934372,200,133.1122349947691,qwen15b-npu7,
1782497974.804647,200,143.68329709395766,qwen15b-npu6,
1782497974.8150475,200,128.9394460618496,qwen15b-npu5,
1782497974.8162982,200,122.2375319339335,qwen15b-npu3,
1782497974.819579,200,132.7782031148672,qwen15b-npu7,
1782497974.8294141,200,114.72285073250532,qwen15b-npu4,
1782497974.829835,200,116.68093502521515,qwen15b-npu4,
1782497974.8302865,200,105.9417319484055,qwen15b-npu4,
1782497974.8323123,200,147.73519383743405,qwen15b-npu6,
1782497974.8411767,200,131.8355561234057,qwen15b-npu5,
1782497974.8415124,200,131.84709567576647,qwen15b-npu5,
1782497974.841925,200,117.91940312832594,qwen15b-npu5,
1782497974.846433,200,129.34005912393332,qwen15b-npu7,
1782497974.8518884,200,103.31419529393315,qwen15b-npu4,
1782497974.8522556,200,118.60018782317638,qwen15b-npu4,
1782497974.8614573,200,144.9118540622294,qwen15b-npu6,
1782497974.861898,200,148.47383787855506,qwen15b-npu6,
1782497974.8624055,200,138.68408324196935,qwen15b-npu6,
1782497974.8737035,200,139.69227904453874,qwen15b-npu7,
1782497974.874064,200,132.98373389989138,qwen15b-npu3,
1782497974.874364,200,133.0444640479982,qwen15b-npu3,
1782497974.8751147,200,108.32147812470794,qwen15b-npu4,
1782497974.8866427,200,144.63987294584513,qwen15b-npu6,
1782497974.8874843,200,121.96183996275067,qwen15b-npu5,
1782497974.8980258,200,118.27167496085167,qwen15b-npu4,
1782497974.8993914,200,134.75510478019714,qwen15b-npu7,
1782497974.9130418,200,108.31784829497337,qwen15b-npu5,
1782497974.9158823,200,139.6409380249679,qwen15b-npu6,
1782497974.9161446,200,148.57811899855733,qwen15b-npu6,
1782497974.9164708,200,126.66984088718891,qwen15b-npu6,
1782497974.9219534,200,130.1402049139142,qwen15b-npu4,
1782497974.9230015,200,130.84419909864664,qwen15b-npu4,
1782497974.923337,200,130.74687914922833,qwen15b-npu4,
1782497974.9259484,200,132.41790002211928,qwen15b-npu7,
1782497974.9390156,200,108.6607608012855,qwen15b-npu5,
1782497974.9394972,200,123.13910806551576,qwen15b-npu5,
1782497974.9503598,200,135.23459900170565,qwen15b-npu3,
1782497974.9506655,200,131.02672109380364,qwen15b-npu3,
1782497974.9548233,200,125.26443228125572,qwen15b-npu7,
1782497974.955265,200,122.85546585917473,qwen15b-npu7,
1782497974.9556775,200,125.72178477421403,qwen15b-npu7,
1782497974.9619703,200,115.44719617813826,qwen15b-npu5,
1782497974.968122,200,126.51505088433623,qwen15b-npu6,
1782497974.9798496,200,137.83103600144386,qwen15b-npu3,
1782497974.9801574,200,118.15250432118773,qwen15b-npu3,
1782497974.9804728,200,128.11408191919327,qwen15b-npu3,
1782497974.9808333,200,139.5581280812621,qwen15b-npu3,
1782497974.9815547,200,129.55606123432517,qwen15b-npu7,
1782497974.9819882,200,119.51003409922123,qwen15b-npu3,
1782497974.9883091,200,113.87605499476194,qwen15b-npu5,
1782497974.9886627,200,127.06506485119462,qwen15b-npu5,
1782497974.990597,200,116.44083308055997,qwen15b-npu4,
1782497974.9956455,200,120.44747965410352,qwen15b-npu6,
1782497975.0023088,200,128.50110372528434,qwen15b-npu3,
1782497975.0061831,200,118.58758702874184,qwen15b-npu7,
1782497975.0105143,200,123.78889275714755,qwen15b-npu5,
1782497975.0227911,200,123.338108882308,qwen15b-npu6,
1782497975.0327706,200,134.6597052179277,qwen15b-npu7,
1782497975.0333295,200,117.37675918266177,qwen15b-npu7,
1782497975.0358794,200,113.84585499763489,qwen15b-npu5,
1782497975.0380569,200,112.0408340357244,qwen15b-npu4,
1782497975.038764,200,122.2228822298348,qwen15b-npu4,
1782497975.051782,200,135.54530125111341,qwen15b-npu6,
1782497975.0525062,200,139.24189610406756,qwen15b-npu6,
1782497975.0540755,200,130.96107030287385,qwen15b-npu3,
1782497975.0547752,200,131.35792315006256,qwen15b-npu3,
1782497975.0586572,200,119.06735971570015,qwen15b-npu7,
1782497975.0603242,200,121.20862398296595,qwen15b-npu4,
1782497975.060602,200,104.82883406803012,qwen15b-npu4,
1782497975.0786245,200,127.8859400190413,qwen15b-npu6,
1782497975.0793269,200,128.89455631375313,qwen15b-npu6,
1782497975.0803792,200,125.42224302887917,qwen15b-npu3,
1782497975.0833187,200,121.26688472926617,qwen15b-npu5,
1782497975.0836456,200,115.45670591294765,qwen15b-npu4,
1782497975.085324,200,129.96940407902002,qwen15b-npu7,
1782497975.105273,200,123.63465176895261,qwen15b-npu6,
1782497975.1067853,200,126.53710087761283,qwen15b-npu3,
1782497975.1070702,200,127.13271519169211,qwen15b-npu3,
1782497975.1126068,200,132.02939787879586,qwen15b-npu5,
1782497975.1130495,200,122.35919293016195,qwen15b-npu5,
1782497975.1146982,200,133.77607893198729,qwen15b-npu7,
1782497975.1149507,200,132.88560369983315,qwen15b-npu7,
1782497975.1161597,200,127.75171920657158,qwen15b-npu7,
1782497975.1306198,200,124.3347660638392,qwen15b-npu4,
1782497975.132162,200,109.29029388353229,qwen15b-npu5,
1782497975.1339378,200,138.21048894897103,qwen15b-npu3,
1782497975.1374114,200,148.59882928431034,qwen15b-npu6,
1782497975.1376548,200,127.04968359321356,qwen15b-npu6,
1782497975.1379013,200,135.5171911418438,qwen15b-npu6,
1782497975.1537306,200,120.3365889377892,qwen15b-npu4,
1782497975.1588233,200,125.99101709201932,qwen15b-npu5,
1782497975.1634185,200,127.48130690306425,qwen15b-npu6,
1782497975.1636622,200,124.81359904631972,qwen15b-npu6,
1782497975.1678624,200,129.72700176760554,qwen15b-npu7,
1782497975.1783626,200,119.6489641442895,qwen15b-npu4,
1782497975.1786153,200,117.95658292248845,qwen15b-npu4,
1782497975.1788445,200,126.25541910529137,qwen15b-npu4,
1782497975.1870217,200,132.1641276590526,qwen15b-npu3,
1782497975.1874063,200,133.2722557708621,qwen15b-npu3,
1782497975.1974478,200,145.60522884130478,qwen15b-npu7,
1782497975.1982877,200,137.87670712918043,qwen15b-npu7,
1782497975.2001987,200,121.49786716327071,qwen15b-npu4,
1782497975.2096248,200,125.9085857309401,qwen15b-npu5,
1782497975.2099288,200,124.54262701794505,qwen15b-npu5,
1782497975.2124865,200,129.08526789397,qwen15b-npu3,
1782497975.2161937,200,135.6991920620203,qwen15b-npu6,
1782497975.2233803,200,107.10634011775255,qwen15b-npu4,
1782497975.2241883,200,144.77741299197078,qwen15b-npu7,
1782497975.2400398,200,134.7009758464992,qwen15b-npu5,
1782497975.2409608,200,133.7795304134488,qwen15b-npu5,
1782497975.2427626,200,130.01136388629675,qwen15b-npu3,
1782497975.2438774,200,129.10940824076533,qwen15b-npu3,
1782497975.2446725,200,129.64201206341386,qwen15b-npu5,
1782497975.2528698,200,139.7521300241351,qwen15b-npu6,
1782497975.2550724,200,121.06169434264302,qwen15b-npu4,
1782497975.264816,200,157.9483919776976,qwen15b-npu7,
1782497975.265468,200,133.23541590943933,qwen15b-npu7,
1782497975.2677348,200,129.7657615505159,qwen15b-npu5,
1782497975.2777846,200,140.06800204515457,qwen15b-npu3,
1782497975.2827961,200,152.07421220839024,qwen15b-npu6,
1782497975.283752,200,146.2650839239359,qwen15b-npu6,
1782497975.2918386,200,128.10059124603868,qwen15b-npu5,
1782497975.2922363,200,138.42754065990448,qwen15b-npu7,
1782497975.3011055,200,122.19288107007742,qwen15b-npu4,
1782497975.306994,200,139.06405493617058,qwen15b-npu3,
1782497975.3074572,200,148.54370895773172,qwen15b-npu3,
1782497975.3124347,200,148.94337113946676,qwen15b-npu6,
1782497975.3152604,200,116.87399493530393,qwen15b-npu5,
1782497975.3159556,200,137.27019308134913,qwen15b-npu5,
1782497975.319288,200,140.8543768338859,qwen15b-npu7,
1782497975.325914,200,116.20665108785033,qwen15b-npu4,
1782497975.326279,200,116.28152197226882,qwen15b-npu4,
1782497975.334622,200,134.32623306289315,qwen15b-npu3,
1782497975.334893,200,147.39729091525078,qwen15b-npu3,
1782497975.3390834,200,126.5308209694922,qwen15b-npu5,
1782497975.3407872,200,153.64618320018053,qwen15b-npu6,
1782497975.3477242,200,150.1763598062098,qwen15b-npu7,
1782497975.3633666,200,110.3878621943295,qwen15b-npu5,
1782497975.3637764,200,108.58297999948263,qwen15b-npu5,
1782497975.369541,200,153.2787000760436,qwen15b-npu6,
1782497975.3727412,200,128.76225635409355,qwen15b-npu4,
1782497975.3730423,200,132.8247031196952,qwen15b-npu4,
1782497975.3757606,200,152.28667436167598,qwen15b-npu7,
1782497975.3760445,200,131.1478717252612,qwen15b-npu7,
1782497975.3768196,200,152.53765508532524,qwen15b-npu7,
1782497975.385865,200,108.01955591887236,qwen15b-npu5,
1782497975.386827,200,119.0292309038341,qwen15b-npu3,
1782497975.3873835,200,146.24909311532974,qwen15b-npu3,
1782497975.399912,200,157.0479362271726,qwen15b-npu6,
1782497975.4002352,200,135.33373968675733,qwen15b-npu6,
1782497975.4031253,200,137.5888749025762,qwen15b-npu7,
1782497975.413529,200,121.19005480781198,qwen15b-npu3,
1782497975.4138927,200,129.99382428824902,qwen15b-npu3,
1782497975.4212773,200,113.72376373037696,qwen15b-npu4,
1782497975.4216008,200,105.56174907833338,qwen15b-npu4,
1782497975.421944,200,114.85902313143015,qwen15b-npu4,
1782497975.429019,200,146.16200188174844,qwen15b-npu6,
1782497975.4305463,200,138.6118116788566,qwen15b-npu7,
1782497975.4429653,200,123.61123086884618,qwen15b-npu4,
1782497975.4599197,200,125.22694189101458,qwen15b-npu5,
1782497975.4601903,200,159.02478899806738,qwen15b-npu6,
1782497975.4604342,200,134.42578399553895,qwen15b-npu7,
1782497975.4607167,200,145.39454691112041,qwen15b-npu6,
1782497975.461031,200,120.15310814604163,qwen15b-npu5,
1782497975.4613025,200,148.78563024103642,qwen15b-npu7,
1782497975.4672801,200,103.76760782673955,qwen15b-npu4,
1782497975.4677386,200,141.3621911779046,qwen15b-npu3,
1782497975.4837108,200,110.59985402971506,qwen15b-npu5,
1782497975.4839766,200,108.1361467950046,qwen15b-npu5,
1782497975.484627,200,115.00315275043249,qwen15b-npu5,
1782497975.4861474,200,146.9709980301559,qwen15b-npu7,
1782497975.4892812,200,141.47111074998975,qwen15b-npu6,
1782497975.4896898,200,154.70304992049932,qwen15b-npu6,
1782497975.492239,200,116.11970001831651,qwen15b-npu4,
1782497975.4931498,200,105.70240020751953,qwen15b-npu4,
1782497975.4935434,200,120.72821194306016,qwen15b-npu4,
1782497975.4967322,200,119.81766577810049,qwen15b-npu3,
1782497975.4970431,200,133.19172617048025,qwen15b-npu3,
1782497975.506548,200,106.25215526670218,qwen15b-npu5,
1782497975.5135193,200,126.60438101738691,qwen15b-npu7,
1782497975.5168688,200,130.88924018666148,qwen15b-npu6,
1782497975.5312934,200,109.25564495846629,qwen15b-npu5,
1782497975.5374105,200,115.7353576272726,qwen15b-npu4,
1782497975.5424943,200,139.24633571878076,qwen15b-npu7,
1782497975.54297,200,142.98805128782988,qwen15b-npu7,
1782497975.545942,200,132.28318886831403,qwen15b-npu6,
1782497975.5465305,200,132.55341118201613,qwen15b-npu6,
1782497975.551379,200,120.77368190512061,qwen15b-npu3,
1782497975.5516725,200,130.3019463084638,qwen15b-npu3,
1782497975.551974,200,122.87500640377402,qwen15b-npu3,
1782497975.5615456,200,118.52325685322285,qwen15b-npu4,
1782497975.5808704,200,120.62216084450483,qwen15b-npu5,
1782497975.5811682,200,120.35869900137186,qwen15b-npu5,
1782497975.5850568,200,117.68058128654957,qwen15b-npu4,
1782497975.5974164,200,136.3152558915317,qwen15b-npu7,
1782497975.597705,200,137.7072250470519,qwen15b-npu7,
1782497975.6016824,200,133.85156961157918,qwen15b-npu6,
1782497975.6053922,200,144.88434419035912,qwen15b-npu3,
1782497975.6056433,200,144.2542802542448,qwen15b-npu3,
1782497975.6063366,200,113.97588578984141,qwen15b-npu5,
1782497975.6067007,200,113.4633831679821,qwen15b-npu5,
1782497975.610738,200,113.63176396116614,qwen15b-npu4,
1782497975.6110406,200,124.81713900342584,qwen15b-npu4,
1782497975.6119664,200,105.3384281694889,qwen15b-npu4,
1782497975.632598,200,142.82381022349,qwen15b-npu3,
1782497975.6339657,200,144.56651220098138,qwen15b-npu7,
1782497975.634332,200,150.265671312809,qwen15b-npu7,
1782497975.635337,200,150.63178213313222,qwen15b-npu6,
1782497975.6357374,200,138.90723371878266,qwen15b-npu7,
1782497975.636647,200,152.86506805568933,qwen15b-npu6,
1782497975.6374815,200,143.86768732219934,qwen15b-npu6,
1782497975.6539066,200,122.52203281968832,qwen15b-npu5,
1782497975.6542103,200,111.56876990571618,qwen15b-npu5,
1782497975.657941,200,144.3610000424087,qwen15b-npu6,
1782497975.6592665,200,107.80862485989928,qwen15b-npu4,
1782497975.659584,200,112.93648881837726,qwen15b-npu4,
1782497975.6600454,200,143.11382314190269,qwen15b-npu3,
1782497975.6781597,200,140.6713747419417,qwen15b-npu7,
1782497975.6868963,200,134.84879676252604,qwen15b-npu3,
1782497975.6875808,200,135.80611301586032,qwen15b-npu6,
1782497975.6883857,200,145.30405728146434,qwen15b-npu3,
1782497975.6898608,200,143.7540971674025,qwen15b-npu6,
1782497975.7068946,200,125.95011666417122,qwen15b-npu7,
1782497975.7074752,200,145.84907004609704,qwen15b-npu7,
1782497975.7148905,200,129.77491226047277,qwen15b-npu3,
1782497975.7153485,200,134.11940122023225,qwen15b-npu3,
1782497975.7258077,200,120.10232824832201,qwen15b-npu5,
1782497975.7261055,200,120.63864106312394,qwen15b-npu5,
1782497975.726625,200,119.8350959457457,qwen15b-npu5,
1782497975.7308545,200,129.09621791914105,qwen15b-npu4,
1782497975.7318652,200,119.81564480811357,qwen15b-npu4,
1782497975.7321706,200,125.73488475754857,qwen15b-npu4,
1782497975.734645,200,123.81732184439898,qwen15b-npu7,
1782497975.7350364,200,137.54820497706532,qwen15b-npu7,
1782497975.741301,200,143.49861536175013,qwen15b-npu3,
1782497975.7468436,200,135.72072237730026,qwen15b-npu6,
1782497975.752373,200,116.52889288961887,qwen15b-npu5,
1782497975.753217,200,115.62581732869148,qwen15b-npu5,
1782497975.7548633,200,120.46365020796657,qwen15b-npu5,
1782497975.7584763,200,123.06568678468466,qwen15b-npu4,
1782497975.7588463,200,126.15754781290889,qwen15b-npu4,
1782497975.7722886,200,138.24137905612588,qwen15b-npu3,
1782497975.7829494,200,123.27106902375817,qwen15b-npu4,
1782497975.7833707,200,146.634625736624,qwen15b-npu6,
1782497975.8001952,200,146.20070299133658,qwen15b-npu3,
1782497975.805256,200,145.90057078748941,qwen15b-npu7,
1782497975.805619,200,147.5839619524777,qwen15b-npu7,
1782497975.8134503,200,153.29129109159112,qwen15b-npu6,
1782497975.8138127,200,159.5028219744563,qwen15b-npu6,
1782497975.8244882,200,116.91987607628107,qwen15b-npu5,
1782497975.830299,200,140.29365312308073,qwen15b-npu3,
1782497975.830823,200,152.58161630481482,qwen15b-npu3,
1782497975.831378,200,144.41047003492713,qwen15b-npu3,
1782497975.8423867,200,153.89492409303784,qwen15b-npu6,
1782497975.842752,200,155.0825429148972,qwen15b-npu6,
1782497975.8494458,200,117.13431822136045,qwen15b-npu5,
1782497975.8498704,200,114.65994082391262,qwen15b-npu5,
1782497975.8571317,200,126.2191291898489,qwen15b-npu4,
1782497975.8574393,200,131.22875289991498,qwen15b-npu4,
1782497975.861558,200,146.58272499218583,qwen15b-npu7,
1782497975.8619814,200,154.99632200226188,qwen15b-npu7,
1782497975.8724546,200,119.90226712077856,qwen15b-npu5,
1782497975.8735461,200,146.8507470563054,qwen15b-npu6,
1782497975.8742793,200,158.81351800635457,qwen15b-npu6,
1782497975.874857,200,142.9140609689057,qwen15b-npu6,
1782497975.8825853,200,135.5174109339714,qwen15b-npu4,
1782497975.8828876,200,123.9241030998528,qwen15b-npu4,
1782497975.8864222,200,144.98074492439628,qwen15b-npu3,
1782497975.8867266,200,133.1367460079491,qwen15b-npu3,
1782497975.8879147,200,162.02834993600845,qwen15b-npu7,
1782497975.8885841,200,153.83643377572298,qwen15b-npu7,
1782497975.8891184,200,134.1687422245741,qwen15b-npu7,
1782497975.8960764,200,113.05666016414762,qwen15b-npu5,
1782497975.901937,200,143.3518840931356,qwen15b-npu6,
1782497975.9123476,200,128.9033768698573,qwen15b-npu7,
1782497975.9131858,200,140.82244597375393,qwen15b-npu3,
1782497975.9206574,200,115.3210261836648,qwen15b-npu5,
1782497975.9274592,200,127.19505513086915,qwen15b-npu6,
1782497975.930595,200,116.66660523042083,qwen15b-npu4,
1782497975.9394045,200,125.86953723803163,qwen15b-npu7,
1782497975.9396877,200,115.10654399171472,qwen15b-npu7,
1782497975.9414785,200,135.72531286627054,qwen15b-npu3,
1782497975.9563422,200,125.87751727551222,qwen15b-npu4,
1782497975.9567983,200,114.32331893593073,qwen15b-npu4,
1782497975.9583514,200,126.865372993052,qwen15b-npu6,
1782497975.9586372,200,127.69403820857406,qwen15b-npu6,
1782497975.9652905,200,115.30899489298463,qwen15b-npu7,
1782497975.9696257,200,126.76053214818239,qwen15b-npu3,
1782497975.9808564,200,119.18306117877364,qwen15b-npu4,
1782497975.9812253,200,123.7170621752739,qwen15b-npu4,
1782497975.992425,200,135.19909931346774,qwen15b-npu7,
1782497975.9938161,200,119.45607420057058,qwen15b-npu5,
1782497975.9940906,200,121.5654369443655,qwen15b-npu5,
1782497975.9984422,200,136.35296700522304,qwen15b-npu3,
1782497975.9992175,200,149.65322613716125,qwen15b-npu3,
1782497976.0045118,200,130.86064904928207,qwen15b-npu4,
1782497976.0174541,200,130.93572994694114,qwen15b-npu6,
1782497976.0178607,200,142.9285411722958,qwen15b-npu6,
1782497976.0181987,200,135.22162940353155,qwen15b-npu6,
1782497976.018445,200,129.74479189142585,qwen15b-npu6,
1782497976.020636,200,124.4923872873187,qwen15b-npu7,
1782497976.020967,200,131.73731602728367,qwen15b-npu5,
1782497976.0212326,200,133.24992591515183,qwen15b-npu5,
1782497976.0215294,200,108.2672979682684,qwen15b-npu5,
1782497976.0218048,200,135.00903779640794,qwen15b-npu7,
1782497976.0271268,200,144.4693123921752,qwen15b-npu3,
1782497976.027492,200,125.46275416389108,qwen15b-npu3,
1782497976.0291753,200,108.45149913802743,qwen15b-npu4,
1782497976.0452304,200,117.70625086501241,qwen15b-npu7,
1782497976.0533803,200,111.84168187901378,qwen15b-npu4,
1782497976.0543485,200,123.68862191215158,qwen15b-npu3,
1782497976.0546877,200,142.23732613027096,qwen15b-npu3,
1782497976.0678,200,110.8834259212017,qwen15b-npu5,
1782497976.0680854,200,109.66229671612382,qwen15b-npu5,
1782497976.072236,200,132.4881510809064,qwen15b-npu6,
1782497976.07309,200,133.5916891694069,qwen15b-npu6,
1782497976.077989,200,121.50190584361553,qwen15b-npu4,
1782497976.081484,200,122.72221501916647,qwen15b-npu3,
1782497976.1004465,200,135.0754676386714,qwen15b-npu7,
1782497976.1022584,200,121.29733618348837,qwen15b-npu4,
1782497976.109681,200,128.33488313481212,qwen15b-npu3,
1782497976.1100557,200,140.3718739748001,qwen15b-npu3,
1782497976.1157799,200,123.29248897731304,qwen15b-npu5,
1782497976.1164198,200,122.2618417814374,qwen15b-npu5,
1782497976.125928,200,126.59562099725008,qwen15b-npu4,
1782497976.127677,200,123.07470804080367,qwen15b-npu7,
1782497976.1302764,200,136.40089705586433,qwen15b-npu6,
1782497976.1305444,200,132.04254815354943,qwen15b-npu6,
1782497976.141316,200,119.44116279482841,qwen15b-npu5,
1782497976.141669,200,120.07021810859442,qwen15b-npu5,
1782497976.1426973,200,121.39534670859575,qwen15b-npu5,
1782497976.1503522,200,129.31589875370264,qwen15b-npu4,
1782497976.1638603,200,143.12261203303933,qwen15b-npu3,
1782497976.1641774,200,136.95635087788105,qwen15b-npu3,
1782497976.1650593,200,110.6108040548861,qwen15b-npu5,
1782497976.1679094,200,140.35256393253803,qwen15b-npu7,
1782497976.1682122,200,149.9459082260728,qwen15b-npu7,
1782497976.168731,200,150.7643642835319,qwen15b-npu7,
1782497976.1706517,200,141.37642038986087,qwen15b-npu6,
1782497976.1710122,200,152.50084502622485,qwen15b-npu6,
1782497976.1713207,200,153.74242421239614,qwen15b-npu6,
1782497976.1917129,200,123.56158066540956,qwen15b-npu3,
1782497976.1920068,200,138.56307184323668,qwen15b-npu3,
1782497976.1946247,200,149.31328408420086,qwen15b-npu7,
1782497976.194881,200,140.10576205328107,qwen15b-npu7,
1782497976.198687,200,117.09817685186863,qwen15b-npu4,
1782497976.217994,200,117.47344024479389,qwen15b-npu3,
1782497976.2222383,200,149.08625185489655,qwen15b-npu7,
1782497976.223954,200,121.62972800433636,qwen15b-npu4,
1782497976.2242632,200,108.4185391664505,qwen15b-npu4,
1782497976.2246614,200,146.5432159602642,qwen15b-npu7,
1782497976.226293,200,153.98512594401836,qwen15b-npu6,
1782497976.2265701,200,158.6842960678041,qwen15b-npu6,
1782497976.2371647,200,111.11942678689957,qwen15b-npu5,
1782497976.2374327,200,127.30899499729276,qwen15b-npu5,
1782497976.245436,200,128.95489716902375,qwen15b-npu3,
1782497976.2472305,200,119.46293292567134,qwen15b-npu4,
1782497976.247977,200,117.3694389872253,qwen15b-npu4,
1782497976.2537801,200,143.99751834571362,qwen15b-npu6,
1782497976.2607944,200,119.36987331137061,qwen15b-npu5,
1782497976.2701728,200,119.75386599078774,qwen15b-npu4,
1782497976.275713,200,145.3747283667326,qwen15b-npu7,
1782497976.2761402,200,133.36920691654086,qwen15b-npu7,
1782497976.2837336,200,141.99244510382414,qwen15b-npu6,
1782497976.285949,200,117.9465432651341,qwen15b-npu5,
1782497976.2870011,200,118.19792492315173,qwen15b-npu5,
1782497976.2873654,200,122.20420129597187,qwen15b-npu5,
1782497976.2939723,200,125.69023529067636,qwen15b-npu4,
1782497976.3023224,200,130.94040099531412,qwen15b-npu7,
1782497976.3036208,200,132.86434300243855,qwen15b-npu3,
1782497976.3044965,200,133.37049633264542,qwen15b-npu3,
1782497976.3052151,200,140.93069732189178,qwen15b-npu3,
1782497976.3096511,200,114.71138102933764,qwen15b-npu5,
1782497976.3142161,200,150.26599075645208,qwen15b-npu6,
1782497976.317884,200,125.78740483149886,qwen15b-npu4,
1782497976.328706,200,134.00341104716063,qwen15b-npu3,
1782497976.3433,200,119.263821747154,qwen15b-npu4,
1782497976.34357,200,144.81477392837405,qwen15b-npu6,
1782497976.3437977,200,152.00358210131526,qwen15b-npu6,
1782497976.3441246,200,119.31983195245266,qwen15b-npu4,
1782497976.356308,200,131.94993697106838,qwen15b-npu3,
1782497976.357019,200,138.96410400047898,qwen15b-npu7,
1782497976.3572555,200,130.87945990264416,qwen15b-npu7,
1782497976.3575532,200,130.90997003018856,qwen15b-npu7,
1782497976.3595152,200,121.98900990188122,qwen15b-npu5,
1782497976.360132,200,112.82373825088143,qwen15b-npu5,
1782497976.3657606,200,120.26319792494178,qwen15b-npu4,
1782497976.372702,200,135.46327082440257,qwen15b-npu6,
1782497976.373723,200,151.42019791528583,qwen15b-npu6,
1782497976.3840878,200,130.2305650897324,qwen15b-npu3,
1782497976.3898551,200,106.04815278202295,qwen15b-npu4,
1782497976.3919563,200,143.8991567119956,qwen15b-npu7,
1782497976.4052615,200,144.40980087965727,qwen15b-npu6,
1782497976.408119,200,120.62014127150178,qwen15b-npu5,
1782497976.4085321,200,114.46689022704959,qwen15b-npu5,
1782497976.4090018,200,122.99328669905663,qwen15b-npu5,
1782497976.4115744,200,135.70402190089226,qwen15b-npu3,
1782497976.4120271,200,124.92860993370414,qwen15b-npu3,
1782497976.4158344,200,111.23381787911057,qwen15b-npu4,
1782497976.417277,200,147.04704890027642,qwen15b-npu7,
1782497976.435171,200,158.9363687671721,qwen15b-npu6,
1782497976.436179,200,133.7878298945725,qwen15b-npu6,
1782497976.4382472,200,109.47124613448977,qwen15b-npu4,
1782497976.4405427,200,122.59083380922675,qwen15b-npu3,
1782497976.4408054,200,135.50886092707515,qwen15b-npu3,
1782497976.4413838,200,127.08657467737794,qwen15b-npu3,
1782497976.4459572,200,142.25870557129383,qwen15b-npu7,
1782497976.4581373,200,113.92976623028517,qwen15b-npu5,
1782497976.4584117,200,114.78276224806905,qwen15b-npu5,
1782497976.463216,200,119.32725226506591,qwen15b-npu4,
1782497976.4637764,200,120.3981889411807,qwen15b-npu4,
1782497976.4651642,200,155.42222512885928,qwen15b-npu6,
1782497976.485788,200,128.45177296549082,qwen15b-npu4,
1782497976.4922535,200,126.42909027636051,qwen15b-npu3,
1782497976.4938853,200,136.799989733845,qwen15b-npu6,
1782497976.499949,200,142.2925260849297,qwen15b-npu7,
1782497976.5003119,200,140.70968609303236,qwen15b-npu7,
1782497976.500551,200,144.1553793847561,qwen15b-npu7,
1782497976.5008945,200,140.69811580702662,qwen15b-npu7,
1782497976.5061817,200,114.16347697377205,qwen15b-npu5,
1782497976.5199635,200,146.1116219870746,qwen15b-npu3,
1782497976.520269,200,147.48323196545243,qwen15b-npu3,
1782497976.5221245,200,132.20375822857022,qwen15b-npu6,
1782497976.5228283,200,138.6156720109284,qwen15b-npu6,
1782497976.5318456,200,119.71023492515087,qwen15b-npu5,
1782497976.5322099,200,123.13699768856168,qwen15b-npu5,
1782497976.534338,200,129.01543825864792,qwen15b-npu4,
1782497976.5351477,200,126.90512277185917,qwen15b-npu4,
1782497976.5356393,200,123.91104316338897,qwen15b-npu4,
1782497976.550448,200,133.1034549511969,qwen15b-npu6,
1782497976.5523748,200,143.72543571516871,qwen15b-npu7,
1782497976.552672,200,136.73206930980086,qwen15b-npu7,
1782497976.5562184,200,119.93923736736178,qwen15b-npu5,
1782497976.5567763,200,115.32530467957258,qwen15b-npu5,
1782497976.5733998,200,138.1314881145954,qwen15b-npu3,
1782497976.5737128,200,132.84327276051044,qwen15b-npu3,
1782497976.5780368,200,132.00940703973174,qwen15b-npu6,
1782497976.5783381,200,140.01634111627936,qwen15b-npu6,
1782497976.5792677,200,121.05936370790005,qwen15b-npu5,
1782497976.5801063,200,139.48157709091902,qwen15b-npu7,
1782497976.5820208,200,123.54806996881962,qwen15b-npu4,
1782497976.5995333,200,134.3098827637732,qwen15b-npu3,
1782497976.6063704,200,142.53319799900055,qwen15b-npu6,
1782497976.6088407,200,122.99380730837584,qwen15b-npu7,
1782497976.609595,200,146.31522400304675,qwen15b-npu7,
1782497976.6318576,200,111.81299202144146,qwen15b-npu5,
1782497976.6343277,200,133.6720292456448,qwen15b-npu4,
1782497976.6346955,200,134.6290553919971,qwen15b-npu4,
1782497976.6350865,200,142.73164002224803,qwen15b-npu3,
1782497976.6354222,200,129.1399677284062,qwen15b-npu3,
1782497976.6356843,200,134.70467599108815,qwen15b-npu4,
1782497976.6363618,200,142.41791795939207,qwen15b-npu6,
1782497976.6375241,200,137.15369207784534,qwen15b-npu7,
1782497976.6547778,200,122.81725509092212,qwen15b-npu3,
1782497976.6550825,200,122.74674512445927,qwen15b-npu4,
1782497976.665512,200,143.30477267503738,qwen15b-npu7,
1782497976.6670046,200,131.2928730621934,qwen15b-npu6,
1782497976.667258,200,144.35607008635998,qwen15b-npu6,
1782497976.6675262,200,132.3037790134549,qwen15b-npu6,
1782497976.667763,200,133.34966730326414,qwen15b-npu7,
1782497976.6681252,200,147.79490418732166,qwen15b-npu6,
1782497976.677532,200,125.08383113890886,qwen15b-npu5,
1782497976.6778176,200,121.53344741091132,qwen15b-npu5,
1782497976.679395,200,128.87852685526013,qwen15b-npu4,
1782497976.6831417,200,130.40228700265288,qwen15b-npu3,
1782497976.693302,200,136.45760668441653,qwen15b-npu7,
1782497976.7027452,200,128.96272726356983,qwen15b-npu5,
1782497976.7033346,200,121.25011533498764,qwen15b-npu5,
1782497976.7040691,200,125.96059683710337,qwen15b-npu5,
1782497976.7043874,200,125.9837569668889,qwen15b-npu4,
1782497976.709937,200,130.60209807008505,qwen15b-npu3,
1782497976.7187533,200,138.58325127512217,qwen15b-npu6,
1782497976.7213333,200,147.8595738299191,qwen15b-npu7,
1782497976.7276099,200,121.16941483691335,qwen15b-npu5,
1782497976.7282422,200,128.63892503082752,qwen15b-npu4,
1782497976.7286887,200,119.77928457781672,qwen15b-npu4,
1782497976.7497041,200,140.00881230458617,qwen15b-npu7,
1782497976.7519047,200,115.46780588105321,qwen15b-npu4,
1782497976.7529125,200,117.71399108693004,qwen15b-npu4,
1782497976.765316,200,133.36933683604002,qwen15b-npu3,
1782497976.7656198,200,131.18740217760205,qwen15b-npu3,
1782497976.7660224,200,128.41556314378977,qwen15b-npu3,
1782497976.7763758,200,109.04190316796303,qwen15b-npu4,
1782497976.776972,200,121.80435890331864,qwen15b-npu4,
1782497976.7775009,200,122.64255387708545,qwen15b-npu5,
1782497976.7782617,200,142.76612037792802,qwen15b-npu6,
1782497976.7796464,200,112.05122293904424,qwen15b-npu5,
1782497976.781205,200,145.4181671142578,qwen15b-npu7,
1782497976.7819383,200,147.13488891720772,qwen15b-npu7,
1782497976.799607,200,106.23299423605204,qwen15b-npu4,
1782497976.8091686,200,140.95383696258068,qwen15b-npu7,
1782497976.8096967,200,141.86733402311802,qwen15b-npu7,
1782497976.8103704,200,132.47849978506565,qwen15b-npu6,
1782497976.8108544,200,145.21515695378184,qwen15b-npu6,
1782497976.8112547,200,128.02635971456766,qwen15b-npu6,
1782497976.811589,200,144.51887225732207,qwen15b-npu6,
1782497976.8194957,200,140.03957156091928,qwen15b-npu3,
1782497976.8201358,200,142.51902792602777,qwen15b-npu3,
1782497976.8298147,200,119.79611497372389,qwen15b-npu5,
1782497976.8301284,200,125.96501689404249,qwen15b-npu5,
1782497976.8341782,200,129.70506213605404,qwen15b-npu7,
1782497976.8474026,200,144.57313204184175,qwen15b-npu3,
1782497976.8477678,200,144.33245081454515,qwen15b-npu3,
1782497976.85437,200,135.55073086172342,qwen15b-npu5,
1782497976.8555102,200,134.10077197477221,qwen15b-npu5,
1782497976.8628106,200,134.03340056538582,qwen15b-npu6,
1782497976.8631124,200,135.43767062947154,qwen15b-npu6,
1782497976.871231,200,119.22653205692768,qwen15b-npu4,
1782497976.8749118,200,125.10282127186656,qwen15b-npu3,
1782497976.875512,200,147.1801893785596,qwen15b-npu3,
1782497976.8787909,200,113.08772023767233,qwen15b-npu5,
1782497976.8884554,200,122.34714208170772,qwen15b-npu7,
1782497976.8888216,200,135.80742292106152,qwen15b-npu7,
1782497976.8978522,200,132.43596069514751,qwen15b-npu4,
1782497976.8981407,200,116.81230599060655,qwen15b-npu4,
1782497976.8988502,200,120.48469018191099,qwen15b-npu4,
1782497976.8993309,200,122.27614317089319,qwen15b-npu4,
1782497976.901404,200,124.93399018421769,qwen15b-npu3,
1782497976.9025867,200,120.54736958816648,qwen15b-npu5,
1782497976.9146004,200,134.85444616526365,qwen15b-npu7,
1782497976.917205,200,139.64504888281226,qwen15b-npu6,
1782497976.9281828,200,116.82232609018683,qwen15b-npu5,
1782497976.928483,200,128.7832260131836,qwen15b-npu5,
1782497976.942388,200,131.41380390152335,qwen15b-npu7,
1782497976.9435413,200,132.99818383529782,qwen15b-npu7,
1782497976.9443364,200,114.1406069509685,qwen15b-npu4,
1782497976.9470942,200,127.52512795850635,qwen15b-npu6,
1782497976.9474757,200,135.81356313079596,qwen15b-npu6,
1782497976.9477582,200,138.4350908920169,qwen15b-npu6,
1782497976.9562697,200,136.06197386980057,qwen15b-npu3,
1782497976.956698,200,146.88552683219314,qwen15b-npu3,
1782497976.9686415,200,120.73382176458836,qwen15b-npu4,
1782497976.9694955,200,139.60773823782802,qwen15b-npu7,
1782497976.9759142,200,112.67687706276774,qwen15b-npu5,
1782497976.9766734,200,129.17898874729872,qwen15b-npu6,
1782497976.9769433,200,142.69787911325693,qwen15b-npu6,
1782497976.9824388,200,119.54732285812497,qwen15b-npu3,
1782497976.9827347,200,128.26829217374325,qwen15b-npu3,
1782497976.9924555,200,113.5671641677618,qwen15b-npu4,
1782497976.9972916,200,122.27728217840195,qwen15b-npu7,
1782497976.997614,200,142.02777482569218,qwen15b-npu7,
1782497977.0003886,200,129.05437825247645,qwen15b-npu6,
1782497977.0024636,200,126.8403329886496,qwen15b-npu5,
1782497977.0032291,200,114.67646062374115,qwen15b-npu5,
1782497977.018348,200,115.67681794986129,qwen15b-npu4,
1782497977.0186362,200,120.42937008664012,qwen15b-npu4,
1782497977.0189466,200,119.49458392336965,qwen15b-npu4,
1782497977.0233212,200,125.38372306153178,qwen15b-npu7,
1782497977.0262446,200,137.3387142084539,qwen15b-npu6,
1782497977.0370245,200,135.48947079107165,qwen15b-npu3,
1782497977.0374777,200,138.52582080289721,qwen15b-npu3,
1782497977.040948,200,112.39303601905704,qwen15b-npu4,
1782497977.0514615,200,123.20933816954494,qwen15b-npu7,
1782497977.052069,200,137.37319316715002,qwen15b-npu7,
1782497977.0545533,200,137.2810429893434,qwen15b-npu6,
1782497977.0661325,200,109.31212501600385,qwen15b-npu4,
1782497977.066563,200,119.01590973138809,qwen15b-npu4,
1782497977.0673578,200,123.70643066242337,qwen15b-npu4,
1782497977.073841,200,126.65357207879424,qwen15b-npu5,
1782497977.0789053,200,134.49853379279375,qwen15b-npu7,
1782497977.083902,200,141.39048010110855,qwen15b-npu6,
1782497977.0922437,200,135.8592538163066,qwen15b-npu3,
1782497977.0926135,200,144.72744334489107,qwen15b-npu3,
1782497977.0981135,200,121.08918419107795,qwen15b-npu5,
1782497977.1071758,200,130.43419737368822,qwen15b-npu7,
1782497977.1078274,200,131.84376573190093,qwen15b-npu7,
1782497977.1132123,200,130.41171664372087,qwen15b-npu6,
1782497977.1134667,200,144.71193309873343,qwen15b-npu6,
1782497977.1140249,200,144.4308809004724,qwen15b-npu6,
1782497977.1143763,200,131.86342595145106,qwen15b-npu6,
1782497977.1192741,200,118.7868881970644,qwen15b-npu3,
1782497977.119679,200,127.10549542680383,qwen15b-npu3,
1782497977.1242983,200,126.93504290655255,qwen15b-npu5,
1782497977.1252098,200,127.4744370020926,qwen15b-npu5,
1782497977.125547,200,122.99687694758177,qwen15b-npu5,
1782497977.1352546,200,131.93268701434135,qwen15b-npu7,
1782497977.146546,200,127.49877804890275,qwen15b-npu3,
1782497977.1473196,200,128.8866070099175,qwen15b-npu3,
1782497977.1490645,200,130.35677699372172,qwen15b-npu5,
1782497977.1500003,200,112.40250617265701,qwen15b-npu5,
1782497977.1505053,200,127.10189400240779,qwen15b-npu5,
1782497977.159535,200,118.51443722844124,qwen15b-npu4,
1782497977.1599047,200,122.75490490719676,qwen15b-npu4,
1782497977.160442,200,105.82578089088202,qwen15b-npu4,
1782497977.1722004,200,120.67403085529804,qwen15b-npu3,
1782497977.1733868,200,147.06932939589024,qwen15b-npu7,
1782497977.199968,200,126.05441780760884,qwen15b-npu3,
1782497977.2043858,200,152.24891295656562,qwen15b-npu7,
1782497977.204727,200,138.4722013026476,qwen15b-npu7,
1782497977.210065,200,142.63200899586082,qwen15b-npu6,
1782497977.2105196,200,143.836357165128,qwen15b-npu6,
1782497977.2231653,200,130.42763667181134,qwen15b-npu5,
1782497977.2235343,200,109.44484593346715,qwen15b-npu5,
1782497977.2237935,200,131.44539389759302,qwen15b-npu5,
1782497977.2275748,200,143.55821534991264,qwen15b-npu3,
1782497977.2316043,200,123.70735127478838,qwen15b-npu4,
1782497977.2322352,200,118.69559762999415,qwen15b-npu4,
1782497977.232596,200,106.98081878945231,qwen15b-npu4,
1782497977.2328613,200,119.57482388243079,qwen15b-npu4,
1782497977.2334366,200,135.225139092654,qwen15b-npu7,
1782497977.2412658,200,162.29597060009837,qwen15b-npu6,
1782497977.2458951,200,110.54354393854737,qwen15b-npu5,
1782497977.2761269,200,150.81405406817794,qwen15b-npu6,
1782497977.2764678,200,162.01857896521688,qwen15b-npu3,
1782497977.2767391,200,157.34768798574805,qwen15b-npu3,
1782497977.2771587,200,169.91437319666147,qwen15b-npu6,
1782497977.2779205,200,153.54409208521247,qwen15b-npu3,
1782497977.278256,200,158.45933463424444,qwen15b-npu6,
1782497977.2913592,200,143.94001802429557,qwen15b-npu5,
1782497977.2926152,200,145.97678184509277,qwen15b-npu5,
1782497977.2930791,200,133.0399950966239,qwen15b-npu7,
1782497977.2934499,200,132.89448339492083,qwen15b-npu7,
1782497977.294629,200,134.9868169054389,qwen15b-npu4,
1782497977.295435,200,121.95680988952518,qwen15b-npu4,
1782497977.2994175,200,150.28654038906097,qwen15b-npu6,
1782497977.2996452,200,149.04565177857876,qwen15b-npu6,
1782497977.3008177,200,150.70976316928864,qwen15b-npu3,
1782497977.328993,200,156.7240827716887,qwen15b-npu3,
1782497977.3414686,200,130.87859004735947,qwen15b-npu4,
1782497977.34254,200,132.3273191228509,qwen15b-npu5,
1782497977.3468206,200,142.02358480542898,qwen15b-npu7,
1782497977.3474221,200,147.3522912710905,qwen15b-npu7,
1782497977.354731,200,150.2327397465706,qwen15b-npu6,
1782497977.3664973,200,120.51244964823127,qwen15b-npu4,
1782497977.3669019,200,135.18614880740643,qwen15b-npu4,
1782497977.3696926,200,145.78302018344402,qwen15b-npu5,
1782497977.370039,200,136.5240579470992,qwen15b-npu5,
1782497977.3748198,200,147.11787924170494,qwen15b-npu7,
1782497977.3752475,200,151.96217084303498,qwen15b-npu7,
1782497977.3844814,200,152.1390825510025,qwen15b-npu3,
1782497977.3853076,200,143.92317784950137,qwen15b-npu3,
1782497977.386558,200,153.8988440297544,qwen15b-npu6,
1782497977.3868673,200,163.27166697010398,qwen15b-npu3,
1782497977.387131,200,154.1573558934033,qwen15b-npu6,
1782497977.3958313,200,117.84354317933321,qwen15b-npu5,
1782497977.3961594,200,118.90179989859462,qwen15b-npu5,
1782497977.4013705,200,125.12672087177634,qwen15b-npu7,
1782497977.401669,200,123.34082880988717,qwen15b-npu7,
1782497977.4116058,200,134.73829627037048,qwen15b-npu3,
1782497977.4131913,200,136.65476813912392,qwen15b-npu6,
1782497977.4151793,200,114.25737803801894,qwen15b-npu4,
1782497977.4160693,200,120.56659068912268,qwen15b-npu4,
1782497977.4164782,200,123.31872899085283,qwen15b-npu4,
1782497977.4206533,200,127.12787417694926,qwen15b-npu5,
1782497977.4283319,200,136.84517005458474,qwen15b-npu7,
1782497977.4397216,200,145.01539524644613,qwen15b-npu3,
1782497977.4405308,200,141.04731800034642,qwen15b-npu3,
1782497977.4443302,200,144.61517333984375,qwen15b-npu6,
1782497977.4451907,200,152.43053389713168,qwen15b-npu6,
1782497977.4557726,200,126.67330214753747,qwen15b-npu7,
1782497977.466475,200,118.98105032742023,qwen15b-npu3,
1782497977.4713817,200,116.5892742574215,qwen15b-npu5,
1782497977.471664,200,130.12629421427846,qwen15b-npu5,
1782497977.482527,200,139.86273016780615,qwen15b-npu7,
1782497977.4869776,200,120.3727088868618,qwen15b-npu4,
1782497977.4874516,200,112.48372728005052,qwen15b-npu4,
1782497977.4935703,200,126.55237084254622,qwen15b-npu3,
1782497977.494882,200,124.74405858665705,qwen15b-npu5,
1782497977.500022,200,153.13713904470205,qwen15b-npu6,
1782497977.5004003,200,130.5947583168745,qwen15b-npu6,
1782497977.509527,200,134.19880205765367,qwen15b-npu7,
1782497977.5105839,200,123.31542884930968,qwen15b-npu4,
1782497977.5113971,200,124.46791678667068,qwen15b-npu4,
1782497977.5199835,200,133.36327578872442,qwen15b-npu5,
1782497977.52037,200,118.63473802804947,qwen15b-npu5,
1782497977.5221672,200,125.93765696510673,qwen15b-npu3,
1782497977.5225492,200,126.63672212511301,qwen15b-npu3,
1782497977.528421,200,143.83736671879888,qwen15b-npu6,
1782497977.5289903,200,143.548465333879,qwen15b-npu6,
1782497977.5338666,200,113.11346106231213,qwen15b-npu4,
1782497977.537386,200,125.66946493461728,qwen15b-npu7,
1782497977.5377374,200,121.58796796575189,qwen15b-npu7,
1782497977.5383985,200,136.95879094302654,qwen15b-npu7,
1782497977.5432737,200,128.02179111167789,qwen15b-npu5,
1782497977.557233,200,140.6422359868884,qwen15b-npu6,
1782497977.5580144,200,144.73125291988254,qwen15b-npu6,
1782497977.564651,200,136.1945359967649,qwen15b-npu7,
1782497977.5650582,200,119.7650651447475,qwen15b-npu7,
1782497977.568801,200,112.92914999648929,qwen15b-npu5,
1782497977.56919,200,128.56246391311288,qwen15b-npu5,
1782497977.5766008,200,132.17163924127817,qwen15b-npu3,
1782497977.5853388,200,145.514409057796,qwen15b-npu6,
1782497977.6051457,200,133.6889690719545,qwen15b-npu3,
1782497977.6065238,200,139.9504211731255,qwen15b-npu3,
1782497977.6069834,200,119.4186033681035,qwen15b-npu4,
1782497977.6076338,200,120.5503810197115,qwen15b-npu4,
1782497977.608681,200,114.99727424234152,qwen15b-npu4,
1782497977.6132944,200,141.509881708771,qwen15b-npu6,
1782497977.6159039,200,115.7817579805851,qwen15b-npu5,
1782497977.6172113,200,134.59346489980817,qwen15b-npu7,
1782497977.6354141,200,125.81879599019885,qwen15b-npu3,
1782497977.6361513,200,116.06252007186413,qwen15b-npu4,
1782497977.636469,200,124.96646959334612,qwen15b-npu3,
1782497977.6368077,200,141.78525423631072,qwen15b-npu3,
1782497977.6378021,200,115.18826382234693,qwen15b-npu4,
1782497977.6425622,200,131.91227614879608,qwen15b-npu6,
1782497977.6429424,200,142.42599811404943,qwen15b-npu6,
1782497977.644526,200,110.5611938983202,qwen15b-npu5,
1782497977.6448855,200,115.82665937021375,qwen15b-npu5,
1782497977.6526377,200,114.82760217040777,qwen15b-npu4,
1782497977.6613889,200,139.1153447329998,qwen15b-npu3,
1782497977.6617033,200,141.22027903795242,qwen15b-npu3,
1782497977.6654975,200,127.02990369871259,qwen15b-npu5,
1782497977.6713467,200,133.85094981640577,qwen15b-npu7,
1782497977.672285,200,128.94315691664815,qwen15b-npu6,
1782497977.6727116,200,144.21425899490714,qwen15b-npu6,
1782497977.6896515,200,120.38734927773476,qwen15b-npu5,
1782497977.700467,200,143.14154302701354,qwen15b-npu7,
1782497977.7008824,200,136.11852517351508,qwen15b-npu7,
1782497977.70199,200,143.8709869980812,qwen15b-npu6,
1782497977.7029026,200,137.72991625592113,qwen15b-npu6,
1782497977.7148368,200,108.23801718652248,qwen15b-npu5,
1782497977.719623,200,150.718763936311,qwen15b-npu3,
1782497977.7199697,200,143.26070295646787,qwen15b-npu3,
1782497977.7203255,200,134.9193467758596,qwen15b-npu3,
1782497977.7240567,200,108.09014644473791,qwen15b-npu4,
1782497977.7273088,200,122.06831015646458,qwen15b-npu7,
1782497977.7438295,200,136.72146946191788,qwen15b-npu3,
1782497977.7499177,200,106.8742680363357,qwen15b-npu4,
1782497977.750204,200,132.93157378211617,qwen15b-npu4,
1782497977.7507424,200,115.24506518617272,qwen15b-npu4,
1782497977.7559664,200,148.20829732343554,qwen15b-npu7,
1782497977.7562025,200,147.44875067844987,qwen15b-npu7,
1782497977.7571225,200,143.73083738610148,qwen15b-npu6,
1782497977.7662606,200,129.70842188224196,qwen15b-npu5,
1782497977.7666066,200,129.69069182872772,qwen15b-npu5,
1782497977.7673733,200,129.49306098744273,qwen15b-npu5,
1782497977.767727,200,115.00047286972404,qwen15b-npu5,
1782497977.772347,200,127.37516593188047,qwen15b-npu4,
1782497977.7730646,200,107.50689264386892,qwen15b-npu4,
1782497977.7850971,200,148.84093077853322,qwen15b-npu7,
1782497977.785398,200,140.77100716531277,qwen15b-npu7,
1782497977.7857237,200,124.25326509401202,qwen15b-npu7,
1782497977.7865944,200,143.916558008641,qwen15b-npu6,
1782497977.7979705,200,125.60547422617674,qwen15b-npu3,
1782497977.798265,200,126.83520186692476,qwen15b-npu3,
1782497977.810824,200,121.0961639881134,qwen15b-npu7,
1782497977.815639,200,153.84521428495646,qwen15b-npu6,
1782497977.8163817,200,143.574264831841,qwen15b-npu6,
1782497977.8200142,200,118.96346881985664,qwen15b-npu4,
1782497977.824314,200,121.31350487470627,qwen15b-npu3,
1782497977.8376336,200,122.71116487681866,qwen15b-npu5,
1782497977.8385847,200,118.86324873194098,qwen15b-npu5,
1782497977.8389187,200,136.81770954281092,qwen15b-npu7,
1782497977.8440132,200,143.43763468787074,qwen15b-npu6,
1782497977.844301,200,116.92832596600056,qwen15b-npu4,
1782497977.862417,200,111.56439129263163,qwen15b-npu5,
1782497977.8627038,200,112.69959714263678,qwen15b-npu5,
1782497977.8662753,200,146.18523232638836,qwen15b-npu7,
1782497977.867659,200,123.76573216170073,qwen15b-npu4,
1782497977.872909,200,152.4988953024149,qwen15b-npu6,
1782497977.8735833,200,149.43361515179276,qwen15b-npu6,
1782497977.8799994,200,123.72576212510467,qwen15b-npu3,
1782497977.8807695,200,123.58131119981408,qwen15b-npu3,
1782497977.8810792,200,130.77610870823264,qwen15b-npu3,
1782497977.8871262,200,119.32570300996304,qwen15b-npu5,
1782497977.893135,200,126.42869027331471,qwen15b-npu4,
1782497977.8934028,200,106.70289816334844,qwen15b-npu4,
1782497977.8938422,200,120.69107173010707,qwen15b-npu4,
1782497977.8949046,200,128.54659417644143,qwen15b-npu7,
1782497977.8962133,200,128.74288577586412,qwen15b-npu7,
1782497977.8966072,200,124.17341396212578,qwen15b-npu7,
1782497977.902136,200,146.10285311937332,qwen15b-npu6,
1782497977.9035764,200,118.11256408691406,qwen15b-npu3,
1782497977.911042,200,125.21486124023795,qwen15b-npu5,
1782497977.9150796,200,104.19505089521408,qwen15b-npu4,
1782497977.9298441,200,131.51881424710155,qwen15b-npu3,
1782497977.9305892,200,132.53872096538544,qwen15b-npu6,
1782497977.9314303,200,146.24381437897682,qwen15b-npu6,
1782497977.9369822,200,120.5058298073709,qwen15b-npu5,
1782497977.9404676,200,120.37836899980903,qwen15b-npu4,
1782497977.9564838,200,132.11332820355892,qwen15b-npu3,
1782497977.9589798,200,143.28283397480845,qwen15b-npu6,
1782497977.96172,200,122.71472485736012,qwen15b-npu5,
1782497977.9642465,200,120.17703801393509,qwen15b-npu4,
1782497977.9771826,200,132.77233205735683,qwen15b-npu7,
1782497977.9775126,200,138.82812298834324,qwen15b-npu7,
1782497977.9828198,200,120.32740889117122,qwen15b-npu3,
1782497977.9872,200,114.21599797904491,qwen15b-npu5,
1782497977.988171,200,150.47810226678848,qwen15b-npu6,
1782497978.0053823,200,124.51933696866035,qwen15b-npu7,
1782497978.005731,200,139.36477713286877,qwen15b-npu7,
1782497978.0061111,200,143.34833389148116,qwen15b-npu7,
1782497978.0107765,200,130.63492812216282,qwen15b-npu3,
1782497978.0120816,200,138.41707119718194,qwen15b-npu3,
1782497978.0124655,200,118.93915897235274,qwen15b-npu3,
1782497978.0146198,200,121.41494592651725,qwen15b-npu4,
1782497978.0149841,200,133.8421399705112,qwen15b-npu5,
1782497978.0156438,200,113.40191308408976,qwen15b-npu4,
1782497978.016034,200,128.83883574977517,qwen15b-npu4,
1782497978.0171282,200,123.17080795764923,qwen15b-npu5,
1782497978.0174897,200,122.50852305442095,qwen15b-npu5,
1782497978.0180333,200,150.2846609801054,qwen15b-npu6,
1782497978.0305538,200,134.21946205198765,qwen15b-npu7,
1782497978.0386677,200,123.50522121414542,qwen15b-npu5,
1782497978.0470827,200,135.94922376796603,qwen15b-npu6,
1782497978.047439,200,143.79030605778098,qwen15b-npu6,
1782497978.0483515,200,151.65091026574373,qwen15b-npu6,
1782497978.0587869,200,128.14103160053492,qwen15b-npu7,
1782497978.0593634,200,122.26628186181188,qwen15b-npu7,
1782497978.0602493,200,119.7081352584064,qwen15b-npu3,
1782497978.062286,200,130.769238807261,qwen15b-npu4,
1782497978.0739367,200,144.03580874204636,qwen15b-npu6,
1782497978.08611,200,124.28619572892785,qwen15b-npu7,
1782497978.086402,200,122.0930702984333,qwen15b-npu7,
1782497978.0874271,200,109.7965082153678,qwen15b-npu4,
1782497978.0909412,200,134.3837329186499,qwen15b-npu5,
1782497978.091853,200,114.59658993408084,qwen15b-npu5,
1782497978.1025093,200,143.4659748338163,qwen15b-npu6,
1782497978.1117954,200,128.88205610215664,qwen15b-npu4,
1782497978.1157432,200,127.47135665267706,qwen15b-npu5,
1782497978.1321735,200,144.90539394319057,qwen15b-npu6,
1782497978.132585,200,126.3558198697865,qwen15b-npu6,
1782497978.1380773,200,132.26244878023863,qwen15b-npu4,
1782497978.1384125,200,122.6626350544393,qwen15b-npu4,
1782497978.1387742,200,126.14875892177224,qwen15b-npu4,
1782497978.1400983,200,129.2529092170298,qwen15b-npu7,
1782497978.141491,200,123.39242966845632,qwen15b-npu5,
1782497978.1417959,200,124.23659488558769,qwen15b-npu5,
1782497978.1452048,200,133.0145439133048,qwen15b-npu3,
1782497978.1454554,200,139.96797194704413,qwen15b-npu3,
1782497978.1457818,200,131.05132104828954,qwen15b-npu3,
1782497978.146109,200,128.88520676642656,qwen15b-npu3,
1782497978.1463706,200,130.25711569935083,qwen15b-npu3,
1782497978.1608884,200,145.81118011847138,qwen15b-npu6,
1782497978.1616058,200,130.94754982739687,qwen15b-npu6,
1782497978.1619825,200,114.79247221723199,qwen15b-npu4,
1782497978.1628158,200,114.38134871423244,qwen15b-npu4,
1782497978.1667998,200,119.24896202981472,qwen15b-npu7,
1782497978.1673963,200,128.61739518120885,qwen15b-npu7,
1782497978.1921144,200,131.79606571793556,qwen15b-npu7,
1782497978.192762,200,130.38500677794218,qwen15b-npu7,
1782497978.1931098,200,119.11250092089176,qwen15b-npu5,
1782497978.1934614,200,134.02537116780877,qwen15b-npu5,
1782497978.194417,200,135.5297821573913,qwen15b-npu3,
1782497978.208562,200,122.0960607752204,qwen15b-npu4,
1782497978.2149556,200,123.9494439214468,qwen15b-npu6,
1782497978.2172227,200,131.04592124000192,qwen15b-npu5,
1782497978.2210088,200,118.4040461666882,qwen15b-npu3,
1782497978.2220464,200,130.09811425581574,qwen15b-npu3,
1782497978.2225487,200,135.0150783546269,qwen15b-npu3,
1782497978.2413387,200,129.45196963846684,qwen15b-npu5,
1782497978.2429137,200,127.06502480432391,qwen15b-npu6,
1782497978.257232,200,110.73365528136492,qwen15b-npu4,
1782497978.2578568,200,125.1582708209753,qwen15b-npu4,
1782497978.266549,200,120.67096214741468,qwen15b-npu5,
1782497978.2740192,200,133.81886016577482,qwen15b-npu7,
1782497978.2747219,200,133.13270593062043,qwen15b-npu7,
1782497978.2763648,200,144.07414896413684,qwen15b-npu6,
1782497978.2771182,200,131.56694499775767,qwen15b-npu3,
1782497978.277431,200,132.16180866584182,qwen15b-npu6,
1782497978.278096,200,139.25927598029375,qwen15b-npu6,
1782497978.2783685,200,132.19419913366437,qwen15b-npu6,
1782497978.2787225,200,140.18365181982517,qwen15b-npu7,
1782497978.2790096,200,140.8392358571291,qwen15b-npu3,
1782497978.2792728,200,137.41250382736325,qwen15b-npu7,
1782497978.2832062,200,115.69430772215128,qwen15b-npu4,
1782497978.2835844,200,122.60564416646957,qwen15b-npu4,
1782497978.293929,200,131.82444730773568,qwen15b-npu5,
1782497978.29437,200,127.47721699997783,qwen15b-npu5,
1782497978.302263,200,139.36207676306367,qwen15b-npu3,
1782497978.3026545,200,140.94016700983047,qwen15b-npu3,
1782497978.3054454,200,110.96205562353134,qwen15b-npu4,
1782497978.3248458,200,132.61771202087402,qwen15b-npu7,
1782497978.327809,200,134.94602777063847,qwen15b-npu3,
1782497978.3288102,200,107.69992414861917,qwen15b-npu4,
1782497978.3297188,200,136.14119496196508,qwen15b-npu6,
1782497978.3304985,200,137.32484402135015,qwen15b-npu6,
1782497978.3445203,200,135.8682638965547,qwen15b-npu5,
1782497978.3452249,200,130.16994576901197,qwen15b-npu5,
1782497978.3529332,200,135.61716070398688,qwen15b-npu7,
1782497978.3532898,200,110.27338169515133,qwen15b-npu4,
1782497978.3542175,200,131.55194418504834,qwen15b-npu3,
1782497978.357388,200,135.23361878469586,qwen15b-npu6,
1782497978.3696184,200,128.18809179589152,qwen15b-npu5,
1782497978.3771982,200,119.2233320325613,qwen15b-npu4,
1782497978.3865778,200,129.2096092365682,qwen15b-npu6,
1782497978.3965313,200,117.71345185115933,qwen15b-npu5,
1782497978.3978517,200,119.67051401734352,qwen15b-npu5,
1782497978.398286,200,124.17632527649403,qwen15b-npu5,
1782497978.402813,200,123.4797602519393,qwen15b-npu4,
1782497978.408698,200,133.83604865521193,qwen15b-npu7,
1782497978.4090145,200,142.3647371120751,qwen15b-npu7,
1782497978.4108346,200,134.36987390741706,qwen15b-npu7,
1782497978.411607,200,134.4098038971424,qwen15b-npu3,
1782497978.4120157,200,128.70481610298157,qwen15b-npu3,
1782497978.4123087,200,134.7792474552989,qwen15b-npu7,
1782497978.4202032,200,141.12522918730974,qwen15b-npu6,
1782497978.4205296,200,142.09697488695383,qwen15b-npu6,
1782497978.4213557,200,137.70132511854172,qwen15b-npu6,
1782497978.4223719,200,120.0147271156311,qwen15b-npu5,
1782497978.423372,200,117.8578119724989,qwen15b-npu5,
1782497978.4344335,200,139.955990947783,qwen15b-npu3,
1782497978.4352942,200,141.24073926359415,qwen15b-npu3,
1782497978.435658,200,132.89064401760697,qwen15b-npu7,
1782497978.4500685,200,121.14819372072816,qwen15b-npu4,
1782497978.4604564,200,130.67065784707665,qwen15b-npu3,
1782497978.460758,200,132.88128282874823,qwen15b-npu3,
1782497978.46171,200,131.11775228753686,qwen15b-npu7,
1782497978.4702744,200,145.35544719547033,qwen15b-npu6,
1782497978.471334,200,126.04292714968324,qwen15b-npu5,
1782497978.4740903,200,121.04007415473461,qwen15b-npu4,
1782497978.4868767,200,132.57431099191308,qwen15b-npu3,
1782497978.489978,200,120.28713896870613,qwen15b-npu7,
1782497978.4903362,200,145.75044019147754,qwen15b-npu7,
1782497978.4988096,200,121.54248682782054,qwen15b-npu4,
1782497978.5004964,200,113.85251581668854,qwen15b-npu4,
1782497978.5009143,200,147.56021229550242,qwen15b-npu6,
1782497978.5013306,200,143.8404070213437,qwen15b-npu6,
1782497978.5189314,200,110.14852998778224,qwen15b-npu5,
1782497978.5232253,200,125.22426201030612,qwen15b-npu4,
1782497978.524074,200,127.4627773091197,qwen15b-npu4,
1782497978.541061,200,142.6533591002226,qwen15b-npu3,
1782497978.5413628,200,138.44582112506032,qwen15b-npu3,
1782497978.542269,200,120.81103213131428,qwen15b-npu3,
1782497978.5452087,200,122.76329472661018,qwen15b-npu7,
1782497978.5462346,200,125.57494407519698,qwen15b-npu7,
1782497978.5477037,200,124.24097489565611,qwen15b-npu7,
1782497978.54853,200,136.43148727715015,qwen15b-npu5,
1782497978.549152,200,136.72649022191763,qwen15b-npu5,
1782497978.549546,200,114.1410069540143,qwen15b-npu5,
1782497978.5502436,200,129.94586396962404,qwen15b-npu4,
1782497978.5506504,200,116.10729107633233,qwen15b-npu5,
1782497978.5586982,200,146.98204770684242,qwen15b-npu6,
1782497978.5590596,200,148.10815593227744,qwen15b-npu6,
1782497978.5595632,200,150.4336316138506,qwen15b-npu6,
1782497978.5705674,200,120.40818016976118,qwen15b-npu4,
1782497978.582442,200,146.68765617534518,qwen15b-npu6,
1782497978.5915484,200,121.16488488391042,qwen15b-npu3,
1782497978.5925748,200,118.38398594409227,qwen15b-npu5,
1782497978.5929086,200,132.3803998529911,qwen15b-npu3,
1782497978.5959632,200,109.01924269273877,qwen15b-npu4,
1782497978.600633,200,139.80758003890514,qwen15b-npu7,
1782497978.6014266,200,139.62219888344407,qwen15b-npu7,
1782497978.612583,200,141.14797906950116,qwen15b-npu6,
1782497978.6130245,200,122.58052406832576,qwen15b-npu6,
1782497978.6168575,200,116.2324920296669,qwen15b-npu5,
1782497978.6186416,200,119.7349950671196,qwen15b-npu3,
1782497978.6209013,200,119.87210623919964,qwen15b-npu4,
1782497978.6212873,200,131.22713286429644,qwen15b-npu4,
1782497978.6322782,200,130.87461004033685,qwen15b-npu7,
1782497978.640943,200,121.90282996743917,qwen15b-npu5,
1782497978.6536746,200,130.33629581332207,qwen15b-npu7,
1782497978.6541238,200,129.9444930627942,qwen15b-npu7,
1782497978.666666,200,107.46848303824663,qwen15b-npu4,
1782497978.6670632,200,124.69361815601587,qwen15b-npu5,
1782497978.6674752,200,125.99453702569008,qwen15b-npu5,
1782497978.6684816,200,127.34100641682744,qwen15b-npu6,
1782497978.6743033,200,125.03604125231504,qwen15b-npu3,
1782497978.674937,200,126.32721895352006,qwen15b-npu3,
1782497978.6753569,200,125.69101480767131,qwen15b-npu3,
1782497978.6756866,200,127.87805870175362,qwen15b-npu3,
1782497978.6810553,200,130.28619484975934,qwen15b-npu7,
1782497978.6813762,200,122.5691637955606,qwen15b-npu7,
1782497978.6913085,200,120.67319080233574,qwen15b-npu4,
1782497978.6984699,200,148.11388589441776,qwen15b-npu6,
1782497978.6987503,200,153.46905076876283,qwen15b-npu6,
1782497978.6990914,200,152.74402685463428,qwen15b-npu6,
1782497978.700187,200,140.50581492483616,qwen15b-npu3,
1782497978.715147,200,113.61927399411798,qwen15b-npu5,
1782497978.715527,200,122.84704577177763,qwen15b-npu5,
1782497978.7244105,200,141.88915397971869,qwen15b-npu6,
1782497978.7247245,200,128.69302509352565,qwen15b-npu6,
1782497978.725656,200,124.95682993903756,qwen15b-npu3,
1782497978.736764,200,123.65163117647171,qwen15b-npu7,
1782497978.7371051,200,144.12598870694637,qwen15b-npu7,
1782497978.7374299,200,145.77730977907777,qwen15b-npu7,
1782497978.737846,200,125.15487102791667,qwen15b-npu7,
1782497978.73881,200,117.45253996923566,qwen15b-npu5,
1782497978.7413745,200,124.42823685705662,qwen15b-npu4,
1782497978.741722,200,120.70345133543015,qwen15b-npu4,
1782497978.7426891,200,123.96204378455877,qwen15b-npu4,
1782497978.752825,200,120.46102993190289,qwen15b-npu3,
1782497978.762881,200,121.86911003664136,qwen15b-npu5,
1782497978.7803447,200,126.54304085299373,qwen15b-npu6,
1782497978.7884212,200,134.17721167206764,qwen15b-npu7,
1782497978.7901514,200,122.95680725947022,qwen15b-npu4,
1782497978.7910485,200,109.91021897643805,qwen15b-npu4,
1782497978.7914379,200,109.96506968513131,qwen15b-npu4,
1782497978.8069541,200,139.39928682520986,qwen15b-npu3,
1782497978.807389,200,131.93870661780238,qwen15b-npu3,
1782497978.813144,200,138.73442308977246,qwen15b-npu6,
1782497978.814275,200,147.48851116746664,qwen15b-npu6,
1782497978.8146265,200,146.0688323713839,qwen15b-npu6,
1782497978.815428,200,124.0453040227294,qwen15b-npu5,
1782497978.8158207,200,117.2736189328134,qwen15b-npu4,
1782497978.8163996,200,116.11620988696814,qwen15b-npu5,
1782497978.8170087,200,141.19519898667932,qwen15b-npu6,
1782497978.8173385,200,142.3157569952309,qwen15b-npu7,
1782497978.833408,200,134.5639149658382,qwen15b-npu3,
1782497978.8337438,200,134.56855528056622,qwen15b-npu3,
1782497978.8368123,200,112.01850371435285,qwen15b-npu4,
1782497978.8384948,200,123.23956890031695,qwen15b-npu5,
1782497978.8418658,200,117.37065901979804,qwen15b-npu7,
1782497978.8426743,200,127.05829413607717,qwen15b-npu7,
1782497978.8595672,200,133.8467998430133,qwen15b-npu3,
1782497978.8598268,200,122.62939382344484,qwen15b-npu3,
1782497978.8608007,200,123.93846269696951,qwen15b-npu5,
1782497978.8623893,200,124.42613672465086,qwen15b-npu4,
1782497978.8627515,200,119.97064715251327,qwen15b-npu4,
1782497978.8638031,200,124.89399965852499,qwen15b-npu4,
1782497978.8675687,200,126.09722698107362,qwen15b-npu6,
1782497978.8688655,200,131.30934303626418,qwen15b-npu6,
1782497978.8693945,200,127.56620813161135,qwen15b-npu7,
1782497978.8852966,200,132.36148981377482,qwen15b-npu3,
1782497978.8945825,200,131.6376249305904,qwen15b-npu6,
1782497978.909767,200,121.24060513451695,qwen15b-npu4,
1782497978.910178,200,118.99941973388195,qwen15b-npu4,
1782497978.9115593,200,120.00729702413082,qwen15b-npu3,
1782497978.9125407,200,132.06974789500237,qwen15b-npu5,
1782497978.9229624,200,132.69890239462256,qwen15b-npu6,
1782497978.9325843,200,115.15086516737938,qwen15b-npu4,
1782497978.9366636,200,129.1975392960012,qwen15b-npu5,
1782497978.9374292,200,121.87750870361924,qwen15b-npu5,
1782497978.9382915,200,125.03604125231504,qwen15b-npu3,
1782497978.938787,200,124.3994259275496,qwen15b-npu3,
1782497978.9526782,200,136.1811961978674,qwen15b-npu6,
1782497978.9530427,200,138.29889008775353,qwen15b-npu6,
1782497978.954561,200,147.49897085130215,qwen15b-npu6,
1782497978.954845,200,137.7387661486864,qwen15b-npu7,
1782497978.955181,200,139.27572593092918,qwen15b-npu7,
1782497978.9579952,200,115.2102742344141,qwen15b-npu4,
1782497978.9637187,200,130.22372592240572,qwen15b-npu5,
1782497978.964023,200,130.20568480715156,qwen15b-npu5,
1782497978.964403,200,125.8386461995542,qwen15b-npu5,
1782497978.9826505,200,140.71307564154267,qwen15b-npu7,
1782497978.9831123,200,119.21305069699883,qwen15b-npu4,
1782497978.983472,200,115.83852907642722,qwen15b-npu4,
1782497978.983851,200,146.9178879633546,qwen15b-npu7,
1782497978.9864197,200,123.92444303259254,qwen15b-npu5,
1782497978.986773,200,117.78048193082213,qwen15b-npu5,
1782497978.9873118,200,127.66815815120935,qwen15b-npu5,
1782497979.0062625,200,143.39236402884126,qwen15b-npu6,
1782497979.007065,200,147.17583870515227,qwen15b-npu6,
1782497979.009134,200,139.62892908602953,qwen15b-npu7,
1782497979.0094988,200,148.58560916036367,qwen15b-npu7,
1782497979.010655,200,125.22555096074939,qwen15b-npu5,
1782497979.0287626,200,117.11668688803911,qwen15b-npu4,
1782497979.0336869,200,139.01800429448485,qwen15b-npu6,
1782497979.033996,200,121.3321853429079,qwen15b-npu6,
1782497979.0350618,200,125.16705226153135,qwen15b-npu7,
1782497979.0420065,200,131.72205490991473,qwen15b-npu3,
1782497979.0529737,200,120.30015885829926,qwen15b-npu4,
1782497979.0580485,200,120.48052996397018,qwen15b-npu5,
1782497979.0603418,200,137.28459319099784,qwen15b-npu6,
1782497979.0625849,200,124.17765520513058,qwen15b-npu7,
1782497979.063479,200,124.57365822046995,qwen15b-npu7,
1782497979.0674715,200,130.68607775494456,qwen15b-npu3,
1782497979.0771117,200,122.19665106385946,qwen15b-npu4,
1782497979.0829773,200,130.19340578466654,qwen15b-npu5,
1782497979.0837474,200,125.68201497197151,qwen15b-npu5,
1782497979.086913,200,123.10246797278523,qwen15b-npu6,
1782497979.0912263,200,135.92642406001687,qwen15b-npu7,
1782497979.0915973,200,138.4368510916829,qwen15b-npu7,
1782497979.0920281,200,127.52190791070461,qwen15b-npu7,
1782497979.096168,200,132.07108806818724,qwen15b-npu3,
1782497979.0969236,200,142.28729577735066,qwen15b-npu3,
1782497979.1020725,200,118.14080411568284,qwen15b-npu4,
1782497979.1072917,200,119.86059602349997,qwen15b-npu5,
1782497979.1146011,200,127.69088800996542,qwen15b-npu6,
1782497979.1159449,200,132.35348975285888,qwen15b-npu7,
1782497979.1226373,200,139.8460497148335,qwen15b-npu3,
1782497979.1230323,200,139.8157300427556,qwen15b-npu3,
1782497979.1234436,200,136.92254107445478,qwen15b-npu3,
1782497979.1268108,200,117.2142680734396,qwen15b-npu4,
1782497979.1274278,200,121.09115533530712,qwen15b-npu4,
1782497979.131512,200,122.28369200602174,qwen15b-npu5,
1782497979.1322987,200,125.11523114517331,qwen15b-npu5,
1782497979.143812,200,133.07712506502867,qwen15b-npu6,
1782497979.147779,200,118.93678922206163,qwen15b-npu3,
1782497979.150868,200,115.71751767769456,qwen15b-npu4,
1782497979.1510928,200,116.97937734425068,qwen15b-npu4,
1782497979.1698375,200,127.73803900927305,qwen15b-npu7,
1782497979.1705418,200,136.7823788896203,qwen15b-npu7,
1782497979.1747193,200,116.53811298310757,qwen15b-npu4,
1782497979.1793447,200,111.77494190633297,qwen15b-npu5,
1782497979.180231,200,116.64099479094148,qwen15b-npu5,
1782497979.1974986,200,120.3158488497138,qwen15b-npu7,
1782497979.1978831,200,144.82548320665956,qwen15b-npu6,
1782497979.1983562,200,135.6725823134184,qwen15b-npu7,
1782497979.1998625,200,116.77374597638845,qwen15b-npu4,
1782497979.2003906,200,108.2875682041049,qwen15b-npu4,
1782497979.201171,200,140.7367060892284,qwen15b-npu3,
1782497979.2019794,200,118.16705530509353,qwen15b-npu3,
1782497979.2034044,200,107.14703984558582,qwen15b-npu5,
1782497979.2040691,200,117.07010678946972,qwen15b-npu5,
1782497979.22303,200,106.98910895735025,qwen15b-npu4,
1782497979.2263722,200,134.6481256186962,qwen15b-npu6,
1782497979.2267392,200,129.7225821763277,qwen15b-npu6,
1782497979.2284598,200,126.29726901650429,qwen15b-npu3,
1782497979.2288237,200,137.48725410550833,qwen15b-npu3,
1782497979.2507346,200,127.58121779188514,qwen15b-npu5,
1782497979.2513697,200,107.48255299404263,qwen15b-npu5,
1782497979.251626,200,128.86993726715446,qwen15b-npu7,
1782497979.252575,200,137.86571705713868,qwen15b-npu7,
1782497979.2557793,200,124.18034393340349,qwen15b-npu3,
1782497979.2561438,200,128.64870484918356,qwen15b-npu3,
1782497979.25697,200,130.0576739013195,qwen15b-npu6,
1782497979.258308,200,134.80432564392686,qwen15b-npu6,
1782497979.2586331,200,151.2468969449401,qwen15b-npu6,
1782497979.258965,200,126.56169105321169,qwen15b-npu6,
1782497979.2708397,200,119.66950492933393,qwen15b-npu4,
1782497979.2779987,200,127.06791423261166,qwen15b-npu7,
1782497979.280855,200,132.99268437549472,qwen15b-npu3,
1782497979.2948282,200,124.20522514730692,qwen15b-npu4,
1782497979.304539,200,124.2013149894774,qwen15b-npu7,
1782497979.307667,200,128.21384239941835,qwen15b-npu3,
1782497979.3079116,200,137.98327837139368,qwen15b-npu3,
1782497979.3088737,200,134.0235909447074,qwen15b-npu6,
1782497979.3196797,200,121.21013505384326,qwen15b-npu4,
1782497979.3203633,200,122.3729532212019,qwen15b-npu4,
1782497979.3224146,200,124.80180896818638,qwen15b-npu5,
1782497979.3227475,200,121.48322677239776,qwen15b-npu5,
1782497979.332895,200,130.82636008039117,qwen15b-npu7,
1782497979.3332775,200,132.7666318975389,qwen15b-npu7,
1782497979.334477,200,130.33667672425508,qwen15b-npu3,
1782497979.3347785,200,134.79616679251194,qwen15b-npu3,
1782497979.338638,200,135.15219883993268,qwen15b-npu6,
1782497979.3432963,200,114.74994197487831,qwen15b-npu4,
1782497979.3490064,200,125.87230606004596,qwen15b-npu5,
1782497979.361782,200,135.3090899065137,qwen15b-npu7,
1782497979.3669937,200,138.05735809728503,qwen15b-npu6,
1782497979.3695767,200,118.12979495152831,qwen15b-npu4,
1782497979.3699543,200,114.07715687528253,qwen15b-npu4,
1782497979.3729782,200,114.24543801695108,qwen15b-npu5,
1782497979.3737187,200,146.87764691188931,qwen15b-npu3,
1782497979.3870595,200,130.84993977099657,qwen15b-npu7,
1782497979.3925972,200,111.67363077402115,qwen15b-npu4,
1782497979.396721,200,125.8154958486557,qwen15b-npu5,
1782497979.3986337,200,147.7972841821611,qwen15b-npu6,
1782497979.398928,200,146.28070406615734,qwen15b-npu6,
1782497979.3992515,200,140.21751284599304,qwen15b-npu6,
1782497979.399514,200,141.1031587049365,qwen15b-npu6,
1782497979.4027264,200,151.03027503937483,qwen15b-npu3,
1782497979.4030156,200,145.95268107950687,qwen15b-npu3,
1782497979.4150825,200,137.0203709229827,qwen15b-npu7,
1782497979.4178598,200,108.86110179126263,qwen15b-npu4,
1782497979.4225028,200,127.58936686441302,qwen15b-npu5,
1782497979.4228685,200,118.25372511520982,qwen15b-npu5,
1782497979.4418416,200,119.00795996189117,qwen15b-npu4,
1782497979.4431205,200,122.67282512038946,qwen15b-npu7,
1782497979.4437695,200,136.0343941487372,qwen15b-npu7,
1782497979.4466143,200,113.24818106368184,qwen15b-npu5,
1782497979.4560099,200,133.51350789889693,qwen15b-npu6,
1782497979.4565675,200,136.80862914770842,qwen15b-npu6,
1782497979.4746928,200,166.71065101400018,qwen15b-npu3,
1782497979.4750073,200,136.30623603239655,qwen15b-npu4,
1782497979.477792,200,115.90715916827321,qwen15b-npu5,
1782497979.4781837,200,134.7816758789122,qwen15b-npu5,
1782497979.4795232,200,144.97337490320206,qwen15b-npu7,
1782497979.4824972,200,147.64508279040456,qwen15b-npu6,
1782497979.4994946,200,129.43356996402144,qwen15b-npu4,
1782497979.5020072,200,152.9247579164803,qwen15b-npu3,
1782497979.5023022,200,169.30365795269608,qwen15b-npu3,
1782497979.5081255,200,140.99021814763546,qwen15b-npu7,
1782497979.5111482,200,138.09785805642605,qwen15b-npu6,
1782497979.5245357,200,125.80454489216208,qwen15b-npu5,
1782497979.525744,200,122.66655405983329,qwen15b-npu5,
1782497979.5264146,200,127.39359587430954,qwen15b-npu4,
1782497979.5267491,200,127.42997612804174,qwen15b-npu4,
1782497979.5270526,200,127.46701715514064,qwen15b-npu4,
1782497979.5305152,200,143.37603421881795,qwen15b-npu3,
1782497979.5307786,200,161.0806630924344,qwen15b-npu3,
1782497979.5309913,200,157.19691710546613,qwen15b-npu3,
1782497979.5406637,200,143.87152716517448,qwen15b-npu6,
1782497979.5415015,200,148.8103000447154,qwen15b-npu6,
1782497979.5561976,200,153.3843008801341,qwen15b-npu3,
1782497979.5631666,200,147.9966351762414,qwen15b-npu7,
1782497979.5636551,200,145.6671990454197,qwen15b-npu7,
1782497979.5688593,200,145.92625107616186,qwen15b-npu6,
1782497979.57176,200,125.07944088429213,qwen15b-npu4,
1782497979.5731475,200,129.9205427058041,qwen15b-npu5,
1782497979.5740266,200,117.94314300641418,qwen15b-npu5,
1782497979.5837824,200,161.16316430270672,qwen15b-npu3,
1782497979.5843666,200,127.73354910314083,qwen15b-npu3,
1782497979.5899892,200,148.04589515551925,qwen15b-npu7,
1782497979.5909312,200,147.0927787013352,qwen15b-npu7,
1782497979.597783,200,122.71480541676283,qwen15b-npu4,
1782497979.598065,200,115.48485700041056,qwen15b-npu4,
1782497979.6114888,200,131.8689868785441,qwen15b-npu3,
1782497979.6118608,200,133.52176686748862,qwen15b-npu3,
1782497979.616513,200,138.62855220213532,qwen15b-npu7,
1782497979.6235998,200,121.51004699990153,qwen15b-npu4,
1782497979.6240404,200,124.46425575762987,qwen15b-npu5,
1782497979.6243896,200,116.13401072099805,qwen15b-npu5,
1782497979.6344073,200,132.04240798950195,qwen15b-npu6,
1782497979.634785,200,159.9852261133492,qwen15b-npu6,
1782497979.6433134,200,132.05608818680048,qwen15b-npu7,
1782497979.654026,200,126.88739318400621,qwen15b-npu6,
1782497979.6543787,200,129.7502820380032,qwen15b-npu6,
1782497979.654755,200,127.92389001697302,qwen15b-npu6,
1782497979.6654959,200,134.65050514787436,qwen15b-npu3,
1782497979.6661668,200,135.57449216023088,qwen15b-npu3,
1782497979.672201,200,145.6986991688609,qwen15b-npu7,
1782497979.672583,200,108.8111917488277,qwen15b-npu4,
1782497979.6730688,200,147.21096027642488,qwen15b-npu7,
1782497979.6734536,200,142.40179769694805,qwen15b-npu7,
1782497979.6748881,200,118.60676668584347,qwen15b-npu5,
1782497979.6752088,200,134.48085403069854,qwen15b-npu5,
1782497979.679288,200,137.66774581745267,qwen15b-npu6,
1782497979.691631,200,117.51447012647986,qwen15b-npu3,
1782497979.6920056,200,118.77260822802782,qwen15b-npu3,
1782497979.6946816,200,125.72844512760639,qwen15b-npu5,
1782497979.6956975,200,123.88062290847301,qwen15b-npu4,
1782497979.6974814,200,134.23757208511233,qwen15b-npu7,
1782497979.7078981,200,124.05611388385296,qwen15b-npu6,
1782497979.7193792,200,129.30778926238418,qwen15b-npu3,
1782497979.7203238,200,129.30975994095206,qwen15b-npu5,
1782497979.7210846,200,122.95877700671554,qwen15b-npu4,
1782497979.721784,200,110.21514190360904,qwen15b-npu4,
1782497979.7260766,200,141.64794189855456,qwen15b-npu7,
1782497979.7263718,200,128.5154139623046,qwen15b-npu7,
1782497979.7373614,200,125.38487324491143,qwen15b-npu6,
1782497979.7446775,200,128.08764073997736,qwen15b-npu4,
1782497979.746272,200,122.16406082734466,qwen15b-npu5,
1782497979.7466161,200,122.87744600325823,qwen15b-npu3,
1782497979.747535,200,123.01012733951211,qwen15b-npu5,
1782497979.7516868,200,117.16406792402267,qwen15b-npu7,
1782497979.769173,200,114.31462783366442,qwen15b-npu4,
1782497979.7743556,200,120.21426809951663,qwen15b-npu3,
1782497979.7747135,200,139.8604498244822,qwen15b-npu3,
1782497979.7913482,200,136.86863984912634,qwen15b-npu6,
1782497979.7917573,200,148.36945803835988,qwen15b-npu6,
1782497979.7935553,200,114.19926770031452,qwen15b-npu4,
1782497979.7985249,200,126.21745793148875,qwen15b-npu5,
1782497979.7987862,200,133.1995753571391,qwen15b-npu5,
1782497979.7992368,200,132.98722403123975,qwen15b-npu5,
1782497979.8005826,200,125.30839210376143,qwen15b-npu5,
1782497979.8010592,200,126.07710715383291,qwen15b-npu3,
1782497979.8059406,200,132.76296202093363,qwen15b-npu7,
1782497979.8065858,200,133.84755980223417,qwen15b-npu7,
1782497979.8190382,200,145.47562785446644,qwen15b-npu6,
1782497979.819537,200,121.95983016863465,qwen15b-npu6,
1782497979.8208587,200,125.06746081635356,qwen15b-npu4,
1782497979.8212242,200,129.5025311410427,qwen15b-npu4,
1782497979.8280869,200,133.30160593613982,qwen15b-npu3,
1782497979.8330655,200,140.98792802542448,qwen15b-npu7,
1782497979.8335528,200,125.57183392345905,qwen15b-npu7,
1782497979.8517208,200,130.570727866143,qwen15b-npu4,
1782497979.8552833,200,129.11793822422624,qwen15b-npu5,
1782497979.8555233,200,135.07925812155008,qwen15b-npu5,
1782497979.8607244,200,141.24657027423382,qwen15b-npu6,
1782497979.8725219,200,150.6533632054925,qwen15b-npu7,
1782497979.876913,200,139.436487108469,qwen15b-npu4,
1782497979.8774729,200,125.70452503859997,qwen15b-npu4,
1782497979.8888133,200,162.37849136814475,qwen15b-npu6,
1782497979.8892865,200,142.90999108925462,qwen15b-npu6,
1782497979.8904822,200,145.70430992171168,qwen15b-npu3,
1782497979.8909922,200,143.35664361715317,qwen15b-npu3,
1782497979.9005485,200,153.66609301418066,qwen15b-npu7,
1782497979.906807,200,137.5504839234054,qwen15b-npu5,
1782497979.907147,200,132.37072993069887,qwen15b-npu5,
1782497979.9269924,200,120.34382903948426,qwen15b-npu4,
1782497979.9282272,200,136.75042893737555,qwen15b-npu4,
1782497979.9285934,200,127.46322713792324,qwen15b-npu4,
1782497979.9294615,200,154.98308185487986,qwen15b-npu7,
1782497979.9303484,200,129.66821156442165,qwen15b-npu5,
1782497979.9452038,200,139.17044596746564,qwen15b-npu3,
1782497979.9455638,200,146.9727880321443,qwen15b-npu3,
1782497979.9457963,200,146.44693536683917,qwen15b-npu3,
1782497979.950337,200,129.35951026156545,qwen15b-npu4,
1782497979.951406,200,157.79107110574841,qwen15b-npu6,
1782497979.9516554,200,159.78802368044853,qwen15b-npu6,
1782497979.9546728,200,126.48242013528943,qwen15b-npu5,
1782497979.955751,200,122.52385402098298,qwen15b-npu5,
1782497979.9561133,200,122.47367296367884,qwen15b-npu5,
1782497979.9578004,200,158.8930282741785,qwen15b-npu7,
1782497979.9712894,200,151.62436896935105,qwen15b-npu3,
1782497979.9720175,200,120.22684793919325,qwen15b-npu3,
1782497979.975006,200,119.40900282934308,qwen15b-npu4,
1782497979.9794903,200,158.1587828695774,qwen15b-npu6,
1782497979.979858,200,160.66877078264952,qwen15b-npu6,
1782497979.9987414,200,121.76843918859959,qwen15b-npu3,
1782497979.9990625,200,121.52587668970227,qwen15b-npu3,
1782497979.9999459,200,127.35828664153814,qwen15b-npu4,
1782497980.00622,200,115.65722804516554,qwen15b-npu5,
1782497980.0104828,200,155.1355430856347,qwen15b-npu6,
1782497980.0115788,200,150.7920939475298,qwen15b-npu6,
1782497980.012389,200,123.44417022541165,qwen15b-npu7,
1782497980.013247,200,122.12383095175028,qwen15b-npu7,
1782497980.0252156,200,117.99828382208943,qwen15b-npu4,
1782497980.0278766,200,120.95784302800894,qwen15b-npu5,
1782497980.0380304,200,148.63360999152064,qwen15b-npu6,
1782497980.0396361,200,139.00631433352828,qwen15b-npu7,
1782497980.0509892,200,120.52750121802092,qwen15b-npu3,
1782497980.0520587,200,123.71753202751279,qwen15b-npu5,
1782497980.068882,200,139.35342710465193,qwen15b-npu7,
1782497980.06919,200,140.45473420992494,qwen15b-npu6,
1782497980.0695531,200,142.48279808089137,qwen15b-npu7,
1782497980.0764341,200,124.66770829632878,qwen15b-npu4,
1782497980.0767868,200,126.37165933847427,qwen15b-npu4,
1782497980.0772214,200,131.58482359722257,qwen15b-npu4,
1782497980.078545,200,123.80063207820058,qwen15b-npu5,
1782497980.0787764,200,127.30584619566798,qwen15b-npu3,
1782497980.0790083,200,133.14863480627537,qwen15b-npu3,
1782497980.0968237,200,140.59766475111246,qwen15b-npu7,
1782497980.0971217,200,141.26768009737134,qwen15b-npu7,
1782497980.0974474,200,139.5822181366384,qwen15b-npu7,
1782497980.0983202,200,153.00572896376252,qwen15b-npu6,
1782497980.0993729,200,119.40927291288972,qwen15b-npu4,
1782497980.1033373,200,131.94867689162493,qwen15b-npu5,
1782497980.104399,200,129.33493964374065,qwen15b-npu3,
1782497980.1236231,200,124.48670668527484,qwen15b-npu7,
1782497980.1249282,200,114.36934908851981,qwen15b-npu4,
1782497980.12725,200,127.21969606354833,qwen15b-npu5,
1782497980.1279838,200,115.4967462643981,qwen15b-npu5,
1782497980.1287296,200,156.63379291072488,qwen15b-npu6,
1782497980.129722,200,150.13966895639896,qwen15b-npu6,
1782497980.1321611,200,133.31834692507982,qwen15b-npu3,
1782497980.1325016,200,119.16989088058472,qwen15b-npu3,
1782497980.1488266,200,110.68274499848485,qwen15b-npu4,
1782497980.1519997,200,140.29922289773822,qwen15b-npu7,
1782497980.1523054,200,124.35141624882817,qwen15b-npu7,
1782497980.1580462,200,151.71092003583908,qwen15b-npu6,
1782497980.1591337,200,119.39882300794125,qwen15b-npu3,
1782497980.1595645,200,134.2575130984187,qwen15b-npu6,
1782497980.1730719,200,121.98209017515182,qwen15b-npu4,
1782497980.1867712,200,134.6291950903833,qwen15b-npu6,
1782497980.1981857,200,119.57581341266632,qwen15b-npu4,
1782497980.1985962,200,121.28403503447771,qwen15b-npu4,
1782497980.1997824,200,130.8056591078639,qwen15b-npu5,
1782497980.2007914,200,131.1257015913725,qwen15b-npu5,
1782497980.2052655,200,128.7264651618898,qwen15b-npu7,
1782497980.2055984,200,136.34420605376363,qwen15b-npu7,
1782497980.2131057,200,134.02561144903302,qwen15b-npu3,
1782497980.2135444,200,134.70770604908466,qwen15b-npu3,
1782497980.2193904,200,142.5081379711628,qwen15b-npu6,
1782497980.221602,200,117.1058970503509,qwen15b-npu4,
1782497980.2239158,200,124.46524621918797,qwen15b-npu5,
1782497980.2247913,200,126.39350909739733,qwen15b-npu5,
1782497980.23256,200,129.16441913694143,qwen15b-npu7,
1782497980.2332795,200,136.07216393575072,qwen15b-npu7,
1782497980.2459106,200,148.37887696921825,qwen15b-npu6,
1782497980.246233,200,149.32266296818852,qwen15b-npu6,
1782497980.2470508,200,117.2449178993702,qwen15b-npu4,
1782497980.2484992,200,121.14065466448665,qwen15b-npu5,
1782497980.2488568,200,120.782352052629,qwen15b-npu5,
1782497980.2600453,200,131.21525198221207,qwen15b-npu7,
1782497980.2604532,200,128.19331185892224,qwen15b-npu7,
1782497980.2664528,200,117.51883011311293,qwen15b-npu3,
1782497980.266813,200,141.74927305430174,qwen15b-npu3,
1782497980.2726133,200,113.36840176954865,qwen15b-npu5,
1782497980.272966,200,120.88539311662316,qwen15b-npu5,
1782497980.2738676,200,121.43667601048946,qwen15b-npu4,
1782497980.275286,200,151.59490937367082,qwen15b-npu6,
1782497980.2759478,200,143.331213388592,qwen15b-npu6,
1782497980.2869334,200,127.24897498264909,qwen15b-npu7,
1782497980.292319,200,119.15937112644315,qwen15b-npu3,
1782497980.3034863,200,145.34367714077234,qwen15b-npu6,
1782497980.3188047,200,105.57669913396239,qwen15b-npu4,
1782497980.3192017,200,118.33917628973722,qwen15b-npu4,
1782497980.3201995,200,120.30913913622499,qwen15b-npu5,
1782497980.3204935,200,133.6593790911138,qwen15b-npu3,
1782497980.321829,200,123.12149768695235,qwen15b-npu3,
1782497980.3326318,200,134.35835344716907,qwen15b-npu6,
1782497980.3401005,200,134.73798613995314,qwen15b-npu7,
1782497980.3431294,200,119.11224108189344,qwen15b-npu4,
1782497980.344119,200,119.21976180747151,qwen15b-npu4,
1782497980.3445015,200,125.03950111567974,qwen15b-npu5,
1782497980.346293,200,140.6316151842475,qwen15b-npu3,
1782497980.3470142,200,125.31538214534521,qwen15b-npu3,
1782497980.3630724,200,149.4079139083624,qwen15b-npu6,
1782497980.3635314,200,130.87745988741517,qwen15b-npu6,
1782497980.3664021,200,117.43710888549685,qwen15b-npu4,
1782497980.367455,200,107.29430103674531,qwen15b-npu4,
1782497980.3695557,200,109.00252312421799,qwen15b-npu5,
1782497980.3699143,200,123.91273304820061,qwen15b-npu5,
1782497980.3701992,200,121.59346835687757,qwen15b-npu5,
1782497980.3740816,200,140.701896045357,qwen15b-npu3,
1782497980.3744195,200,127.26098531857133,qwen15b-npu3,
1782497980.389852,200,123.2945891097188,qwen15b-npu4,
1782497980.390684,200,144.34319082647562,qwen15b-npu6,
1782497980.3918438,200,119.12431009113789,qwen15b-npu5,
1782497980.3968606,200,121.49438681080937,qwen15b-npu7,
1782497980.3972564,200,121.22233491390944,qwen15b-npu7,
1782497980.4000368,200,133.10740515589714,qwen15b-npu3,
1782497980.4203215,200,147.26276975125074,qwen15b-npu6,
1782497980.4206371,200,146.67888591066003,qwen15b-npu6,
1782497980.4258795,200,122.33211239799857,qwen15b-npu7,
1782497980.4261715,200,133.7659489363432,qwen15b-npu7,
1782497980.426523,200,139.5201780833304,qwen15b-npu7,
1782497980.4394324,200,119.14903111755848,qwen15b-npu5,
1782497980.4480329,200,127.44329683482647,qwen15b-npu6,
1782497980.45762,200,138.34702037274837,qwen15b-npu3,
1782497980.458735,200,136.8111097253859,qwen15b-npu3,
1782497980.4596505,200,140.73038613423705,qwen15b-npu3,
1782497980.4622087,200,122.01908091083169,qwen15b-npu4,
1782497980.4632902,200,118.66415804252028,qwen15b-npu5,
1782497980.4785185,200,134.31365322321653,qwen15b-npu7,
1782497980.4788764,200,135.67152293398976,qwen15b-npu7,
1782497980.4795086,200,146.79586701095104,qwen15b-npu7,
1782497980.4812214,200,134.85231576487422,qwen15b-npu3,
1782497980.4819837,200,134.859305806458,qwen15b-npu3,
1782497980.487185,200,119.62654395028949,qwen15b-npu4,
1782497980.4874983,200,120.98861392587423,qwen15b-npu4,
1782497980.4887445,200,118.46497701480985,qwen15b-npu5,
1782497980.4895573,200,115.37823500111699,qwen15b-npu4,
1782497980.4901268,200,126.47080002352595,qwen15b-npu5,
1782497980.5049996,200,141.79758308455348,qwen15b-npu7,
1782497980.5064492,200,136.78498985245824,qwen15b-npu6,
1782497980.50673,200,136.71954860910773,qwen15b-npu6,
1782497980.507075,200,132.55779072642326,qwen15b-npu6,
1782497980.5116043,200,121.65986793115735,qwen15b-npu4,
1782497980.5119672,200,111.86479171738029,qwen15b-npu5,
1782497980.512376,200,120.46749982982874,qwen15b-npu5,
1782497980.533055,200,136.08439499512315,qwen15b-npu7,
1782497980.5334466,200,136.11978478729725,qwen15b-npu7,
1782497980.534224,200,143.47617514431477,qwen15b-npu6,
1782497980.5352268,200,108.98445220664144,qwen15b-npu4,
1782497980.5601785,200,139.46863682940602,qwen15b-npu7,
1782497980.560543,200,121.00454373285174,qwen15b-npu3,
1782497980.5608459,200,140.44739492237568,qwen15b-npu3,
1782497980.5634296,200,136.8015599437058,qwen15b-npu6,
1782497980.5637968,200,137.82877707853913,qwen15b-npu6,
1782497980.5825324,200,124.80509001761675,qwen15b-npu5,
1782497980.582944,200,123.18349815905094,qwen15b-npu4,
1782497980.586204,200,127.35469592735171,qwen15b-npu7,
1782497980.5873055,200,139.17103596031666,qwen15b-npu3,
1782497980.5880694,200,125.79605588689446,qwen15b-npu3,
1782497980.5884185,200,125.0304109416902,qwen15b-npu3,
1782497980.6080382,200,120.4224401153624,qwen15b-npu5,
1782497980.6083446,200,129.39456989988685,qwen15b-npu5,
1782497980.6086981,200,119.86036505550146,qwen15b-npu4,
1782497980.6090453,200,127.73091904819012,qwen15b-npu4,
1782497980.6125135,200,122.84719571471214,qwen15b-npu3,
1782497980.6141853,200,132.09754833951592,qwen15b-npu7,
1782497980.614563,200,124.3282058276236,qwen15b-npu7,
1782497980.6225917,200,135.32262993976474,qwen15b-npu6,
1782497980.6228871,200,143.28380394726992,qwen15b-npu6,
1782497980.6232636,200,144.63729225099087,qwen15b-npu6,
1782497980.6337929,200,122.0828308723867,qwen15b-npu4,
1782497980.6357691,200,129.23773797228932,qwen15b-npu5,
1782497980.6361988,200,123.70949098840356,qwen15b-npu5,
1782497980.6405284,200,128.44606302678585,qwen15b-npu3,
1782497980.641565,200,134.73942503333092,qwen15b-npu7,
1782497980.651216,200,144.05995840206742,qwen15b-npu6,
1782497980.6519926,200,146.8936470337212,qwen15b-npu6,
1782497980.6552255,200,120.89644279330969,qwen15b-npu4,
1782497980.658079,200,124.56475663930178,qwen15b-npu5,
1782497980.668996,200,135.838293004781,qwen15b-npu7,
1782497980.6788683,200,118.584587238729,qwen15b-npu4,
1782497980.6799982,200,144.6861531585455,qwen15b-npu6,
1782497980.682142,200,121.21442519128323,qwen15b-npu5,
1782497980.692487,200,131.84224674478173,qwen15b-npu3,
1782497980.6959748,200,132.4504497461021,qwen15b-npu7,
1782497980.6963453,200,132.4560707435012,qwen15b-npu7,
1782497980.7041435,200,117.85757169127464,qwen15b-npu4,
1782497980.704547,200,121.52889696881175,qwen15b-npu4,
1782497980.7064095,200,123.78412205725908,qwen15b-npu5,
1782497980.7185977,200,130.42978709563613,qwen15b-npu3,
1782497980.7221658,200,134.784366004169,qwen15b-npu7,
1782497980.7278855,200,113.58831403777003,qwen15b-npu4,
1782497980.7281065,200,118.96307021379471,qwen15b-npu4,
1782497980.7304742,200,115.81711797043681,qwen15b-npu5,
1782497980.739047,200,130.24947606027126,qwen15b-npu6,
1782497980.7395272,200,131.07829075306654,qwen15b-npu6,
1782497980.7398508,200,151.3171368278563,qwen15b-npu6,
1782497980.746416,200,138.29133892431855,qwen15b-npu3,
1782497980.7466524,200,123.70415218174458,qwen15b-npu3,
1782497980.7476192,200,135.03499701619148,qwen15b-npu3,
1782497980.7562156,200,115.58925686404109,qwen15b-npu5,
1782497980.75647,200,133.14123498275876,qwen15b-npu5,
1782497980.7568486,200,134.16749192401767,qwen15b-npu5,
1782497980.7677166,200,126.06445793062449,qwen15b-npu6,
1782497980.768022,200,132.11236894130707,qwen15b-npu6,
1782497980.7728963,200,136.6262179799378,qwen15b-npu3,
1782497980.7731562,200,139.2704457975924,qwen15b-npu3,
1782497980.7779243,200,125.84648607298732,qwen15b-npu7,
1782497980.7781518,200,126.87099305912852,qwen15b-npu7,
1782497980.779813,200,124.46787720546126,qwen15b-npu7,
1782497980.7803087,200,111.2441080622375,qwen15b-npu5,
1782497980.7958229,200,137.6435561105609,qwen15b-npu6,
1782497980.7992675,200,119.18355198577046,qwen15b-npu4,
1782497980.7995,200,120.56468008086085,qwen15b-npu4,
1782497980.800269,200,118.05211286991835,qwen15b-npu4,
1782497980.8231642,200,104.5040120370686,qwen15b-npu4,
1782497980.823501,200,127.41532688960433,qwen15b-npu4,
1782497980.8254018,200,132.80018186196685,qwen15b-npu6,
1782497980.8256822,200,121.05170404538512,qwen15b-npu3,
1782497980.8270717,200,120.60137093067169,qwen15b-npu5,
1782497980.8318605,200,135.4092312976718,qwen15b-npu7,
1782497980.8326504,200,128.3957427367568,qwen15b-npu7,
1782497980.8514712,200,111.87809333205223,qwen15b-npu5,
1782497980.85186,200,121.31588533520699,qwen15b-npu5,
1782497980.8526402,200,130.4061459377408,qwen15b-npu3,
1782497980.8535836,200,125.42000319808722,qwen15b-npu6,
1782497980.8580885,200,130.14023518189788,qwen15b-npu7,
1782497980.8750613,200,118.52036695927382,qwen15b-npu5,
1782497980.879156,200,140.02977218478918,qwen15b-npu3,
1782497980.8800275,200,140.10433200746775,qwen15b-npu3,
1782497980.8803163,200,123.40184999629855,qwen15b-npu3,
1782497980.8845313,200,128.24572203680873,qwen15b-npu6,
1782497980.8848777,200,137.15745182707906,qwen15b-npu6,
1782497980.8855581,200,138.82863381877542,qwen15b-npu7,
1782497980.886416,200,139.9373011663556,qwen15b-npu7,
1782497980.8954713,200,115.52119581028819,qwen15b-npu4,
1782497980.8957675,200,127.6844977401197,qwen15b-npu4,
1782497980.896048,200,122.82996531575918,qwen15b-npu4,
1782497980.8995423,200,126.58540112897754,qwen15b-npu5,
1782497980.906628,200,138.8295330107212,qwen15b-npu3,
1782497980.906921,200,126.49526027962565,qwen15b-npu3,
1782497980.910844,200,132.6234620064497,qwen15b-npu6,
1782497980.9117868,200,133.802839089185,qwen15b-npu7,
1782497980.917858,200,117.49470001086593,qwen15b-npu4,
1782497980.93287,200,133.30975593999028,qwen15b-npu3,
1782497980.9379244,200,142.02615479007363,qwen15b-npu6,
1782497980.9381466,200,138.81694292649627,qwen15b-npu6,
1782497980.942651,200,117.17778816819191,qwen15b-npu4,
1782497980.94291,200,119.63391397148371,qwen15b-npu4,
1782497980.9479156,200,124.35281602665782,qwen15b-npu5,
1782497980.9481835,200,121.03394418954849,qwen15b-npu5,
1782497980.9603806,200,134.63817490264773,qwen15b-npu3,
1782497980.9658487,200,133.90603102743626,qwen15b-npu7,
1782497980.966072,200,112.42363601922989,qwen15b-npu4,
1782497980.966606,200,133.8727599941194,qwen15b-npu6,
1782497980.9718668,200,119.94626559317112,qwen15b-npu5,
1782497980.9721296,200,120.59584120288491,qwen15b-npu5,
1782497980.9893622,200,103.71990781277418,qwen15b-npu4,
1782497980.9930737,200,140.34633431583643,qwen15b-npu7,
1782497980.9935477,200,135.37578005343676,qwen15b-npu7,
1782497980.995024,200,114.6495109423995,qwen15b-npu5,
1782497981.0139422,200,118.38402645662427,qwen15b-npu4,
1782497981.0142086,200,107.50077292323112,qwen15b-npu4,
1782497981.0153787,200,128.88003699481487,qwen15b-npu3,
1782497981.0156407,200,119.79788495227695,qwen15b-npu3,
1782497981.0201828,200,109.27563486620784,qwen15b-npu5,
1782497981.0204291,200,124.30423591285944,qwen15b-npu5,
1782497981.0213795,200,136.42478687688708,qwen15b-npu7,
1782497981.0217695,200,141.6550031863153,qwen15b-npu7,
1782497981.02756,200,152.3801749572158,qwen15b-npu6,
1782497981.0278537,200,143.25486309826374,qwen15b-npu6,
1782497981.0281777,200,148.94465170800686,qwen15b-npu6,
1782497981.02843,200,128.82446590811014,qwen15b-npu6,
1782497981.0434394,200,125.51985401660204,qwen15b-npu3,
1782497981.0438354,200,136.8525200523436,qwen15b-npu3,
1782497981.04775,200,109.76017825305462,qwen15b-npu5,
1782497981.0484784,200,136.63093792274594,qwen15b-npu7,
1782497981.0615575,200,113.30930236726999,qwen15b-npu4,
1782497981.0701044,200,127.13242508471012,qwen15b-npu3,
1782497981.0717206,200,111.27832811325788,qwen15b-npu5,
1782497981.0765276,200,143.5943660326302,qwen15b-npu7,
1782497981.0768847,200,134.16808238252997,qwen15b-npu7,
1782497981.081815,200,133.83194897323847,qwen15b-npu6,
1782497981.0820863,200,143.8801772892475,qwen15b-npu6,
1782497981.0971024,200,130.96605008468032,qwen15b-npu3,
1782497981.0976765,200,131.01076101884246,qwen15b-npu5,
1782497981.1028757,200,130.68903889507055,qwen15b-npu7,
1782497981.109415,200,143.50320491939783,qwen15b-npu6,
1782497981.1097083,200,137.77482602745295,qwen15b-npu6,
1782497981.110248,200,117.11648711934686,qwen15b-npu4,
1782497981.1108646,200,117.25521879270673,qwen15b-npu4,
1782497981.1207016,200,125.62093511223793,qwen15b-npu5,
1782497981.1338246,200,105.31320795416832,qwen15b-npu4,
1782497981.134628,200,113.16483980044723,qwen15b-npu4,
1782497981.1375484,200,148.12725596129894,qwen15b-npu6,
1782497981.138431,200,124.15383476763964,qwen15b-npu6,
1782497981.1465635,200,132.55830202251673,qwen15b-npu5,
1782497981.146897,200,118.64924803376198,qwen15b-npu5,
1782497981.1549108,200,134.4193136319518,qwen15b-npu3,
1782497981.1552148,200,139.7778303362429,qwen15b-npu3,
1782497981.155604,200,135.35937014967203,qwen15b-npu3,
1782497981.159376,200,143.66934588178992,qwen15b-npu7,
1782497981.1596825,200,111.13781714811921,qwen15b-npu4,
1782497981.1599905,200,138.09204893186688,qwen15b-npu7,
1782497981.1603844,200,132.42500135675073,qwen15b-npu4,
1782497981.1637814,200,136.14421524107456,qwen15b-npu6,
1782497981.1811042,200,137.17713160440326,qwen15b-npu3,
1782497981.1818385,200,138.30563006922603,qwen15b-npu3,
1782497981.1828873,200,135.0114680826664,qwen15b-npu7,
1782497981.1899276,200,119.70624513924122,qwen15b-npu6,
1782497981.1950479,200,133.3977268077433,qwen15b-npu5,
1782497981.1953983,200,118.42440580949187,qwen15b-npu5,
1782497981.2056043,200,108.44434006139636,qwen15b-npu4,
1782497981.2061913,200,124.04411425814033,qwen15b-npu4,
1782497981.2117765,200,135.13378892093897,qwen15b-npu7,
1782497981.2121928,200,140.37414407357574,qwen15b-npu7,
1782497981.218231,200,107.2756708599627,qwen15b-npu5,
1782497981.2190132,200,137.12832191959023,qwen15b-npu6,
1782497981.219448,200,121.70979892835021,qwen15b-npu6,
1782497981.2340102,200,124.22316614538431,qwen15b-npu4,
1782497981.2343857,200,124.07320365309715,qwen15b-npu4,
1782497981.2368643,200,127.37078685313463,qwen15b-npu3,
1782497981.237139,200,134.18401312083006,qwen15b-npu3,
1782497981.240827,200,120.06545718759298,qwen15b-npu7,
1782497981.2528942,200,114.36151806265116,qwen15b-npu4,
1782497981.2675614,200,132.84892309457064,qwen15b-npu5,
1782497981.2684484,200,134.53893410041928,qwen15b-npu5,
1782497981.2687938,200,131.16607069969177,qwen15b-npu5,
1782497981.2779722,200,122.69166484475136,qwen15b-npu4,
1782497981.2784586,200,118.3453151024878,qwen15b-npu4,
1782497981.290346,200,126.4772298745811,qwen15b-npu5,
1782497981.2917423,200,131.97321770712733,qwen15b-npu3,
1782497981.2921052,200,131.62584509700537,qwen15b-npu3,
1782497981.2963753,200,149.40882474184036,qwen15b-npu7,
1782497981.2972157,200,137.75171618908644,qwen15b-npu7,
1782497981.2974875,200,150.83403419703245,qwen15b-npu7,
1782497981.3010275,200,105.87587207555771,qwen15b-npu4,
1782497981.3028326,200,147.84010406583548,qwen15b-npu6,
1782497981.3037083,200,148.02366495132446,qwen15b-npu6,
1782497981.3205209,200,138.59633216634393,qwen15b-npu3,
1782497981.3211339,200,138.16697895526886,qwen15b-npu3,
1782497981.3217454,200,140.56219486519694,qwen15b-npu3,
1782497981.3219655,200,126.47526990622282,qwen15b-npu5,
1782497981.3221838,200,132.18637788668275,qwen15b-npu5,
1782497981.339315,200,121.00808368995786,qwen15b-npu5,
1782497981.3453188,200,125.76633598655462,qwen15b-npu3,
1782497981.3514748,200,132.31839938089252,qwen15b-npu7,
1782497981.3519025,200,146.23556332662702,qwen15b-npu7,
1782497981.352636,200,140.72557585313916,qwen15b-npu7,
1782497981.353286,200,147.03260827809572,qwen15b-npu7,
1782497981.356081,200,121.57187703996897,qwen15b-npu6,
1782497981.356887,200,122.78013583272696,qwen15b-npu6,
1782497981.3571835,200,144.87840421497822,qwen15b-npu6,
1782497981.3719952,200,119.00678975507617,qwen15b-npu4,
1782497981.3733883,200,136.18255592882633,qwen15b-npu3,
1782497981.376389,200,135.5025707744062,qwen15b-npu7,
1782497981.3827686,200,145.82299115136266,qwen15b-npu6,
1782497981.3875165,200,118.9814698882401,qwen15b-npu5,
1782497981.3958976,200,117.30588879436255,qwen15b-npu4,
1782497981.4007032,200,131.8322462029755,qwen15b-npu3,
1782497981.411577,200,119.39867213368416,qwen15b-npu5,
1782497981.4122064,200,144.56249214708805,qwen15b-npu6,
1782497981.4132698,200,135.1569788530469,qwen15b-npu6,
1782497981.421275,200,123.97813377901912,qwen15b-npu4,
1782497981.4216177,200,117.84206191077828,qwen15b-npu4,
1782497981.429116,200,132.67492223531008,qwen15b-npu3,
1782497981.4294486,200,139.02960484847426,qwen15b-npu3,
1782497981.4338992,200,142.05892477184534,qwen15b-npu7,
1782497981.4346204,200,133.50690715014935,qwen15b-npu7,
1782497981.4383976,200,135.48207096755505,qwen15b-npu5,
1782497981.4387121,200,116.68679490685463,qwen15b-npu5,
1782497981.4399462,200,142.39168679341674,qwen15b-npu6,
1782497981.4456341,200,123.82671236991882,qwen15b-npu4,
1782497981.4597998,200,138.57827195897698,qwen15b-npu7,
1782497981.4617097,200,116.30961205810308,qwen15b-npu5,
1782497981.4668777,200,144.61440220475197,qwen15b-npu6,
1782497981.4673405,200,146.72445598989725,qwen15b-npu6,
1782497981.4696777,200,118.05501393973827,qwen15b-npu4,
1782497981.4863987,200,129.4252099469304,qwen15b-npu3,
1782497981.486751,200,133.38673673570156,qwen15b-npu3,
1782497981.4870348,200,114.95577311143279,qwen15b-npu5,
1782497981.4901805,200,150.78416420146823,qwen15b-npu7,
1782497981.4915702,200,139.56937799230218,qwen15b-npu7,
1782497981.4919193,200,139.1887259669602,qwen15b-npu7,
1782497981.4923658,200,135.12128870934248,qwen15b-npu7,
1782497981.4942336,200,111.40882922336459,qwen15b-npu4,
1782497981.4944632,200,118.01639385521412,qwen15b-npu4,
1782497981.4979818,200,141.82818261906505,qwen15b-npu6,
1782497981.5101626,200,122.56383383646607,qwen15b-npu5,
1782497981.5119696,200,138.50022107362747,qwen15b-npu3,
1782497981.5227656,200,126.75912166014314,qwen15b-npu6,
1782497981.5234377,200,122.64734413474798,qwen15b-npu6,
1782497981.5357718,200,114.09174697473645,qwen15b-npu5,
1782497981.5411131,200,127.72083794698119,qwen15b-npu3,
1782497981.5415752,200,112.01237281784415,qwen15b-npu4,
1782497981.5420167,200,129.7307820059359,qwen15b-npu3,
1782497981.5430052,200,131.35920278728008,qwen15b-npu7,
1782497981.5435429,200,122.17129208147526,qwen15b-npu7,
1782497981.56013,200,126.14789791405201,qwen15b-npu5,
1782497981.564633,200,118.91444865614176,qwen15b-npu4,
1782497981.5653028,200,126.49524118751287,qwen15b-npu4,
1782497981.5682201,200,129.73123276606202,qwen15b-npu3,
1782497981.5685475,200,133.84303962811828,qwen15b-npu3,
1782497981.5696735,200,140.48183429986238,qwen15b-npu7,
1782497981.570013,200,129.98027401044965,qwen15b-npu7,
1782497981.5846994,200,117.74197081103921,qwen15b-npu5,
1782497981.5938718,200,134.00400104001164,qwen15b-npu3,
1782497981.606952,200,145.16167622059584,qwen15b-npu6,
1782497981.6077101,200,120.86728308349848,qwen15b-npu6,
1782497981.6083221,200,138.52293090894818,qwen15b-npu6,
1782497981.6089087,200,141.46721083670855,qwen15b-npu6,
1782497981.610125,200,122.99340683966875,qwen15b-npu5,
1782497981.6104941,200,123.99001372978091,qwen15b-npu5,
1782497981.6116936,200,117.1746882610023,qwen15b-npu5,
1782497981.6132283,200,121.56445672735572,qwen15b-npu4,
1782497981.613709,200,121.67412787675858,qwen15b-npu4,
1782497981.6219275,200,131.66900631040335,qwen15b-npu3,
1782497981.6232245,200,125.14816084876657,qwen15b-npu7,
1782497981.6235454,200,131.06795074418187,qwen15b-npu7,
1782497981.6347537,200,111.83452187106013,qwen15b-npu5,
1782497981.6351602,200,140.8637478016317,qwen15b-npu6,
1782497981.6358697,200,125.63582416623831,qwen15b-npu6,
1782497981.6367965,200,113.26296208426356,qwen15b-npu4,
1782497981.6371717,200,125.12052105739713,qwen15b-npu4,
1782497981.6587026,200,115.6122270040214,qwen15b-npu5,
1782497981.6597757,200,118.54162719100714,qwen15b-npu5,
1782497981.674428,200,132.73192290216684,qwen15b-npu3,
1782497981.6757412,200,133.61563812941313,qwen15b-npu7,
1782497981.6760962,200,140.25575341656804,qwen15b-npu3,
1782497981.6764057,200,132.79053289443254,qwen15b-npu7,
1782497981.6818624,200,111.779002007097,qwen15b-npu5,
1782497981.6839573,200,115.66292820498347,qwen15b-npu4,
1782497981.6848145,200,124.60229685530066,qwen15b-npu4,
1782497981.6851017,200,115.33944495022297,qwen15b-npu4,
1782497981.6900942,200,125.39541302248836,qwen15b-npu6,
1782497981.7002616,200,131.6185249015689,qwen15b-npu3,
1782497981.7045333,200,139.16307594627142,qwen15b-npu7,
1782497981.7200093,200,135.2393887937069,qwen15b-npu6,
1782497981.727316,200,119.53062331303954,qwen15b-npu3,
1782497981.727947,200,134.0129910968244,qwen15b-npu3,
1782497981.730393,200,119.80361584573984,qwen15b-npu4,
1782497981.7308278,200,122.37968295812607,qwen15b-npu5,
1782497981.7322268,200,123.20996774360538,qwen15b-npu7,
1782497981.7487605,200,141.73870300874114,qwen15b-npu6,
1782497981.7491243,200,138.907833956182,qwen15b-npu6,
1782497981.7537713,200,139.94884071871638,qwen15b-npu3,
1782497981.7564585,200,134.44026419892907,qwen15b-npu5,
1782497981.756796,200,133.14006477594376,qwen15b-npu5,
1782497981.757064,200,121.79771903902292,qwen15b-npu4,
1782497981.7573242,200,122.44944320991635,qwen15b-npu4,
1782497981.761395,200,149.64040601626039,qwen15b-npu7,
1782497981.7617848,200,124.91284031420946,qwen15b-npu7,
1782497981.780263,200,156.94867493584752,qwen15b-npu6,
1782497981.7805653,200,143.29385291785002,qwen15b-npu6,
1782497981.7809227,200,121.02028401568532,qwen15b-npu4,
1782497981.7813704,200,145.39556810632348,qwen15b-npu6,
1782497981.7822099,200,168.89590490609407,qwen15b-npu6,
1782497981.782506,200,123.71576204895973,qwen15b-npu4,
1782497981.8036098,200,121.68257823213935,qwen15b-npu5,
1782497981.804201,200,119.3027519620955,qwen15b-npu5,
1782497981.8109038,200,134.43627394735813,qwen15b-npu3,
1782497981.8111627,200,127.12691491469741,qwen15b-npu3,
1782497981.8114681,200,135.27660025283694,qwen15b-npu3,
1782497981.8158693,200,140.02331160008907,qwen15b-npu7,
1782497981.8162208,200,141.68330328539014,qwen15b-npu7,
1782497981.8167667,200,131.59566512331367,qwen15b-npu7,
1782497981.8266916,200,122.0725099556148,qwen15b-npu4,
1782497981.8273487,200,107.2791120968759,qwen15b-npu5,
1782497981.8329854,200,142.8329711779952,qwen15b-npu6,
1782497981.8355026,200,135.15783892944455,qwen15b-npu3,
1782497981.852704,200,121.72797787934542,qwen15b-npu5,
1782497981.8622258,200,134.8380260169506,qwen15b-npu6,
1782497981.8627656,200,132.2653591632843,qwen15b-npu3,
1782497981.867741,200,118.52962709963322,qwen15b-npu7,
1782497981.8680565,200,140.03827096894383,qwen15b-npu7,
1782497981.8687315,200,136.40675693750381,qwen15b-npu7,
1782497981.876126,200,127.27822596207261,qwen15b-npu4,
1782497981.8772805,200,119.78847486898303,qwen15b-npu5,
1782497981.8776448,200,115.73396809399128,qwen15b-npu5,
1782497981.8784754,200,121.34888488799334,qwen15b-npu4,
1782497981.8887482,200,134.88180609419942,qwen15b-npu3,
1782497981.8932865,200,136.41621684655547,qwen15b-npu6,
1782497981.8936427,200,137.06984091550112,qwen15b-npu6,
1782497981.893896,200,132.40172993391752,qwen15b-npu7,
1782497981.8994374,200,118.77803783863783,qwen15b-npu4,
1782497981.9024487,200,120.97504362463951,qwen15b-npu5,
1782497981.9169972,200,134.70055535435677,qwen15b-npu3,
1782497981.9172754,200,134.70425503328443,qwen15b-npu3,
1782497981.9176717,200,136.5901678800583,qwen15b-npu3,
1782497981.9189086,200,138.56345089152455,qwen15b-npu6,
1782497981.9245162,200,113.28220181167126,qwen15b-npu4,
1782497981.9248548,200,108.48278878256679,qwen15b-npu4,
1782497981.9425423,200,138.25996918603778,qwen15b-npu3,
1782497981.9431367,200,131.59816479310393,qwen15b-npu3,
1782497981.9467797,200,129.92462422698736,qwen15b-npu7,
1782497981.9476032,200,120.83517201244831,qwen15b-npu7,
1782497981.9483519,200,120.93263305723667,qwen15b-npu7,
1782497981.948627,200,144.94974398985505,qwen15b-npu6,
1782497981.9492528,200,133.2900458946824,qwen15b-npu6,
1782497981.9502249,200,114.62919088080525,qwen15b-npu4,
1782497981.950543,200,139.56964807584882,qwen15b-npu6,
1782497981.9509473,200,117.89487302303314,qwen15b-npu4,
1782497981.9952826,200,132.97545397654176,qwen15b-npu3,
1782497981.995915,200,118.52729693055153,qwen15b-npu3,
1782497981.9970527,200,129.2133890092373,qwen15b-npu4,
1782497981.998076,200,135.20545000210404,qwen15b-npu7,
1782497982.0005493,200,147.701783105731,qwen15b-npu6,
1782497982.0073085,200,131.09830161556602,qwen15b-npu5,
1782497982.0076303,200,129.07254789024591,qwen15b-npu5,
1782497982.008199,200,140.07484167814255,qwen15b-npu5,
1782497982.008869,200,131.1309919692576,qwen15b-npu5,
1782497982.0091796,200,140.36551397293806,qwen15b-npu5,
1782497982.0211785,200,127.46418686583638,qwen15b-npu4,
1782497982.0218778,200,122.38323269411922,qwen15b-npu3,
1782497982.022104,200,128.14547074958682,qwen15b-npu3,
1782497982.0251827,200,131.80156610906124,qwen15b-npu7,
1782497982.0258346,200,123.30427905544639,qwen15b-npu7,
1782497982.0270116,200,138.1595190614462,qwen15b-npu6,
1782497982.0274298,200,110.35070195794106,qwen15b-npu5,
1782497982.0463898,200,121.42217578366399,qwen15b-npu4,
1782497982.0467732,200,122.17785185202956,qwen15b-npu4,
1782497982.0505943,200,132.79683329164982,qwen15b-npu5,
1782497982.053794,200,136.44733699038625,qwen15b-npu6,
1782497982.0541222,200,135.1354280486703,qwen15b-npu6,
1782497982.0711877,200,120.8865731023252,qwen15b-npu4,
1782497982.0715308,200,122.18550126999617,qwen15b-npu4,
1782497982.0719452,200,120.92861300334334,qwen15b-npu4,
1782497982.0755184,200,132.31156906113029,qwen15b-npu5,
1782497982.076493,200,133.85542016476393,qwen15b-npu3,
1782497982.0767899,200,128.36437299847603,qwen15b-npu3,
1782497982.077482,200,126.84701196849346,qwen15b-npu7,
1782497982.078159,200,129.45906026288867,qwen15b-npu7,
1782497982.0823104,200,134.64198494330049,qwen15b-npu6,
1782497982.0828285,200,135.9753138385713,qwen15b-npu6,
1782497982.1171193,200,109.7148978151381,qwen15b-npu4,
1782497982.1267946,200,117.52147041261196,qwen15b-npu5,
1782497982.1273022,200,129.13882825523615,qwen15b-npu5,
1782497982.1275682,200,119.84311603009701,qwen15b-npu5,
1782497982.1292162,200,120.92108326032758,qwen15b-npu3,
1782497982.1295695,200,128.91143700107932,qwen15b-npu3,
1782497982.1308894,200,134.83446603640914,qwen15b-npu7,
1782497982.131181,200,122.24650057032704,qwen15b-npu7,
1782497982.13143,200,134.28606279194355,qwen15b-npu7,
1782497982.134713,200,139.1433048993349,qwen15b-npu6,
1782497982.14135,200,113.83090587332845,qwen15b-npu4,
1782497982.1503403,200,125.09909132495522,qwen15b-npu5,
1782497982.155039,200,133.10016505420208,qwen15b-npu7,
1782497982.1563213,200,129.17709816247225,qwen15b-npu7,
1782497982.1568234,200,135.5796316638589,qwen15b-npu3,
1782497982.162033,200,136.11817499622703,qwen15b-npu6,
1782497982.1626713,200,140.51208505406976,qwen15b-npu6,
1782497982.1661048,200,119.61224395781755,qwen15b-npu4,
1782497982.174359,200,127.49637709930539,qwen15b-npu5,
1782497982.181278,200,130.57325780391693,qwen15b-npu7,
1782497982.1825774,200,128.70151503011584,qwen15b-npu3,
1782497982.189132,200,134.94809716939926,qwen15b-npu6,
1782497982.189589,200,106.69582709670067,qwen15b-npu4,
1782497982.200153,200,123.27189883217216,qwen15b-npu5,
1782497982.2004664,200,123.88779269531369,qwen15b-npu5,
1782497982.2083406,200,132.76396179571748,qwen15b-npu7,
1782497982.2086282,200,126.2514591217041,qwen15b-npu7,
1782497982.2102132,200,138.17673875018954,qwen15b-npu3,
1782497982.2104495,200,132.90703296661377,qwen15b-npu3,
1782497982.2112265,200,139.93859104812145,qwen15b-npu3,
1782497982.2198503,200,148.25305715203285,qwen15b-npu6,
1782497982.2205822,200,142.3657168634236,qwen15b-npu6,
1782497982.2333343,200,116.14776076748967,qwen15b-npu7,
1782497982.2378771,200,108.18725824356079,qwen15b-npu4,
1782497982.2382998,200,110.6679541990161,qwen15b-npu4,
1782497982.2386863,200,111.30877770483494,qwen15b-npu4,
1782497982.2491813,200,117.67331091687083,qwen15b-npu5,
1782497982.2494936,200,118.52443730458617,qwen15b-npu5,
1782497982.249867,200,122.98502586781979,qwen15b-npu5,
1782497982.2598078,200,102.86937141790986,qwen15b-npu4,
1782497982.2662241,200,134.97596699744463,qwen15b-npu3,
1782497982.2665827,200,131.77503598853946,qwen15b-npu3,
1782497982.271856,200,109.10267336294055,qwen15b-npu5,
1782497982.2782924,200,136.8645802140236,qwen15b-npu6,
1782497982.2785819,200,149.27209308370948,qwen15b-npu6,
1782497982.2788472,200,128.42437298968434,qwen15b-npu6,
1782497982.2842665,200,122.15484213083982,qwen15b-npu4,
1782497982.285022,200,103.64315705373883,qwen15b-npu4,
1782497982.2899778,200,133.4971678443253,qwen15b-npu3,
1782497982.3032074,200,148.08620605617762,qwen15b-npu6,
1782497982.3036318,200,137.42449413985014,qwen15b-npu6,
1782497982.312588,200,129.93068294599652,qwen15b-npu7,
1782497982.3129065,200,138.47150094807148,qwen15b-npu7,
1782497982.3160295,200,126.83511292561889,qwen15b-npu3,
1782497982.3198109,200,111.40269879251719,qwen15b-npu5,
1782497982.3302872,200,140.64042596146464,qwen15b-npu6,
1782497982.3349369,200,115.0259030982852,qwen15b-npu4,
1782497982.3359187,200,127.2217552177608,qwen15b-npu4,
1782497982.3398237,200,139.58908803761005,qwen15b-npu7,
1782497982.3401506,200,139.6058378741145,qwen15b-npu7,
1782497982.343864,200,132.54599086940289,qwen15b-npu3,
1782497982.3441834,200,133.90492973849177,qwen15b-npu3,
1782497982.3453457,200,124.6816678903997,qwen15b-npu5,
1782497982.3463817,200,108.37629763409495,qwen15b-npu5,
1782497982.3469863,200,113.58287278562784,qwen15b-npu5,
1782497982.3594742,200,120.72072084993124,qwen15b-npu4,
1782497982.3608513,200,150.33792098984122,qwen15b-npu6,
1782497982.3696375,200,131.22834311798215,qwen15b-npu3,
1782497982.3847268,200,118.01160266622901,qwen15b-npu4,
1782497982.3947628,200,144.7999239899218,qwen15b-npu7,
1782497982.39518,200,145.61702869832516,qwen15b-npu7,
1782497982.3958628,200,146.5831957757473,qwen15b-npu7,
1782497982.3968198,200,117.88091203197837,qwen15b-npu5,
1782497982.397166,200,130.85502991452813,qwen15b-npu7,
1782497982.3979454,200,138.07369768619537,qwen15b-npu3,
1782497982.4099488,200,131.3052629120648,qwen15b-npu4,
1782497982.4102666,200,125.14050211757421,qwen15b-npu4,
1782497982.4183514,200,139.9669609963894,qwen15b-npu6,
1782497982.4190278,200,128.93230700865388,qwen15b-npu6,
1782497982.4195058,200,147.55956176668406,qwen15b-npu6,
1782497982.4206934,200,116.94548605009913,qwen15b-npu7,
1782497982.426239,200,141.89022406935692,qwen15b-npu3,
1782497982.4334304,200,120.45840034261346,qwen15b-npu4,
1782497982.4436429,200,130.97247015684843,qwen15b-npu6,
1782497982.444697,200,128.60874366015196,qwen15b-npu5,
1782497982.4450972,200,141.78561279550195,qwen15b-npu6,
1782497982.4460685,200,126.18558807298541,qwen15b-npu7,
1782497982.4503136,200,119.96854702010751,qwen15b-npu3,
1782497982.4574714,200,113.18950122222304,qwen15b-npu4,
1782497982.469721,200,124.31505508720875,qwen15b-npu5,
1782497982.4700541,200,129.83624311164021,qwen15b-npu5,
1782497982.4704096,200,126.45666999742389,qwen15b-npu5,
1782497982.4723701,200,125.8651060052216,qwen15b-npu6,
1782497982.473235,200,138.2138687185943,qwen15b-npu6,
1782497982.4735844,200,133.67475802078843,qwen15b-npu7,
1782497982.4783602,200,142.3461870290339,qwen15b-npu3,
1782497982.479029,200,131.95705693215132,qwen15b-npu3,
1782497982.485061,200,115.33199576660991,qwen15b-npu4,
1782497982.4853954,200,124.41714713349938,qwen15b-npu4,
1782497982.4990423,200,139.47656797245145,qwen15b-npu7,
1782497982.518031,200,122.72620480507612,qwen15b-npu5,
1782497982.5182953,200,121.02453410625458,qwen15b-npu5,
1782497982.51865,200,123.77180205658078,qwen15b-npu5,
1782497982.5258095,200,140.9652577713132,qwen15b-npu7,
1782497982.529047,200,119.0152601338923,qwen15b-npu4,
1782497982.5302107,200,133.28969618305564,qwen15b-npu6,
1782497982.5313494,200,133.33629677072167,qwen15b-npu3,
1782497982.5317435,200,135.76933229342103,qwen15b-npu6,
1782497982.5407457,200,114.41659927368164,qwen15b-npu5,
1782497982.5523074,200,132.7306628227234,qwen15b-npu7,
1782497982.5535326,200,108.340198174119,qwen15b-npu4,
1782497982.5538654,200,120.35284889861941,qwen15b-npu4,
1782497982.5550056,200,144.67081287875772,qwen15b-npu6,
1782497982.5606747,200,139.8555999621749,qwen15b-npu3,
1782497982.5609756,200,142.46985781937838,qwen15b-npu3,
1782497982.561978,200,142.86812068894506,qwen15b-npu3,
1782497982.5647368,200,119.94448583573103,qwen15b-npu5,
1782497982.579226,200,135.5186509899795,qwen15b-npu7,
1782497982.5801277,200,133.97368090227246,qwen15b-npu6,
1782497982.5845077,200,134.13041224703193,qwen15b-npu3,
1782497982.5848012,200,127.25620483979583,qwen15b-npu3,
1782497982.5904033,200,117.88084264844656,qwen15b-npu5,
1782497982.5907292,200,120.21711841225624,qwen15b-npu5,
1782497982.5989232,200,119.80062490329146,qwen15b-npu4,
1782497982.6064665,200,128.03538097068667,qwen15b-npu7,
1782497982.6067338,200,133.39370721951127,qwen15b-npu7,
1782497982.6070921,200,133.41276673600078,qwen15b-npu7,
1782497982.611334,200,141.1926602013409,qwen15b-npu3,
1782497982.613179,200,143.35514372214675,qwen15b-npu6,
1782497982.6134317,200,128.27283330261707,qwen15b-npu6,
1782497982.6139536,200,128.4325933083892,qwen15b-npu6,
1782497982.6318498,200,113.46340272575617,qwen15b-npu4,
1782497982.6325552,200,133.40630661696196,qwen15b-npu4,
1782497982.6388419,200,106.99710017070174,qwen15b-npu5,
1782497982.6391191,200,121.01839296519756,qwen15b-npu5,
1782497982.639509,200,110.38399208337069,qwen15b-npu5,
1782497982.6574457,200,138.70437303557992,qwen15b-npu7,
1782497982.6639552,200,132.47056026011705,qwen15b-npu3,
1782497982.6709626,200,140.65747475251555,qwen15b-npu6,
1782497982.6716235,200,130.78313879668713,qwen15b-npu6,
1782497982.6719368,200,109.85701903700829,qwen15b-npu4,
1782497982.6722493,200,111.49108922109008,qwen15b-npu4,
1782497982.6726818,200,146.7672069557011,qwen15b-npu6,
1782497982.6883054,200,134.68085508793592,qwen15b-npu7,
1782497982.689806,200,124.98909002169967,qwen15b-npu7,
1782497982.690492,200,138.06592905893922,qwen15b-npu7,
1782497982.6908987,200,129.8048929311335,qwen15b-npu7,
1782497982.6912117,200,111.88600305467844,qwen15b-npu5,
1782497982.6917355,200,136.6574689745903,qwen15b-npu7,
1782497982.69337,200,139.38602712005377,qwen15b-npu3,
1782497982.6954398,200,110.57376302778721,qwen15b-npu4,
1782497982.7206738,200,140.46633476391435,qwen15b-npu3,
1782497982.7210202,200,130.22676622495055,qwen15b-npu3,
1782497982.7278814,200,143.30174261704087,qwen15b-npu6,
1782497982.728212,200,137.72573601454496,qwen15b-npu6,
1782497982.740907,200,127.66140885651112,qwen15b-npu5,
1782497982.741586,200,134.75719559937716,qwen15b-npu7,
1782497982.7419446,200,142.95164123177528,qwen15b-npu7,
1782497982.7425666,200,129.04013833031058,qwen15b-npu5,
1782497982.7428699,200,128.81501577794552,qwen15b-npu4,
1782497982.7500205,200,138.6014218442142,qwen15b-npu3,
1782497982.7503216,200,143.12035217881203,qwen15b-npu3,
1782497982.7552443,200,148.70530972257257,qwen15b-npu6,
1782497982.7648768,200,125.96028717234731,qwen15b-npu5,
1782497982.7652225,200,133.30018613487482,qwen15b-npu5,
1782497982.7668319,200,109.3079149723053,qwen15b-npu4,
1782497982.767374,200,127.76927882805467,qwen15b-npu4,
1782497982.7841547,200,151.5151890926063,qwen15b-npu6,
1782497982.7848377,200,145.65675938501954,qwen15b-npu6,
1782497982.7882352,200,124.16963465511799,qwen15b-npu5,
1782497982.790841,200,119.77068474516273,qwen15b-npu4,
1782497982.7912357,200,119.20853098854423,qwen15b-npu4,
1782497982.793996,200,121.65693799033761,qwen15b-npu7,
1782497982.8024685,200,129.6979021281004,qwen15b-npu3,
1782497982.8139124,200,118.38762601837516,qwen15b-npu5,
1782497982.8142805,200,122.90482595562935,qwen15b-npu5,
1782497982.8145375,200,142.81890029087663,qwen15b-npu6,
1782497982.814843,200,123.86871315538883,qwen15b-npu4,
1782497982.8224268,200,131.79164612665772,qwen15b-npu7,
1782497982.8227334,200,129.25770925357938,qwen15b-npu7,
1782497982.8325734,200,140.73873637244105,qwen15b-npu3,
1782497982.8329077,200,144.5024013519287,qwen15b-npu3,
1782497982.833318,200,143.41259375214577,qwen15b-npu3,
1782497982.8370311,200,108.71323104947805,qwen15b-npu5,
1782497982.837995,200,116.86391476541758,qwen15b-npu4,
1782497982.8491313,200,121.1474440060556,qwen15b-npu7,
1782497982.8619843,200,119.04520075768232,qwen15b-npu5,
1782497982.8632689,200,113.16023021936417,qwen15b-npu4,
1782497982.863673,200,113.26479120180011,qwen15b-npu4,
1782497982.8724601,200,151.70746995136142,qwen15b-npu6,
1782497982.873193,200,130.54564781486988,qwen15b-npu6,
1782497982.8754358,200,133.75618867576122,qwen15b-npu7,
1782497982.889518,200,147.47007191181183,qwen15b-npu3,
1782497982.889823,200,148.81637133657932,qwen15b-npu3,
1782497982.8903801,200,122.91187699884176,qwen15b-npu3,
1782497982.8905907,200,125.26935199275613,qwen15b-npu3,
1782497982.9016733,200,136.71205006539822,qwen15b-npu6,
1782497982.902038,200,146.71042608097196,qwen15b-npu6,
1782497982.9033108,200,136.3887470215559,qwen15b-npu7,
1782497982.9039154,200,118.9998397603631,qwen15b-npu7,
1782497982.9105718,200,116.50209315121174,qwen15b-npu4,
1782497982.911032,200,126.80113315582275,qwen15b-npu4,
1782497982.912957,200,124.64417796581984,qwen15b-npu5,
1782497982.9137077,200,122.39311309531331,qwen15b-npu5,
1782497982.9156153,200,124.64246805757284,qwen15b-npu3,
1782497982.9374912,200,114.98068273067474,qwen15b-npu5,
1782497982.937841,200,122.90391698479652,qwen15b-npu5,
1782497982.9444695,200,141.92512398585677,qwen15b-npu3,
1782497982.9448576,200,130.81425009295344,qwen15b-npu3,
1782497982.9577305,200,134.8613458685577,qwen15b-npu7,
1782497982.9581165,200,120.0097668915987,qwen15b-npu4,
1782497982.958597,200,125.92743616551161,qwen15b-npu4,
1782497982.961709,200,112.5091458670795,qwen15b-npu5,
1782497982.9645348,200,131.5331240184605,qwen15b-npu6,
1782497982.964902,200,150.55410284548998,qwen15b-npu6,
1782497982.9653244,200,150.697804056108,qwen15b-npu6,
1782497982.9656894,200,132.2793890722096,qwen15b-npu6,
1782497982.9710677,200,133.93884990364313,qwen15b-npu3,
1782497982.9819221,200,108.64731017500162,qwen15b-npu4,
1782497982.9822736,200,118.90307907015085,qwen15b-npu4,
1782497982.9865658,200,124.51258720830083,qwen15b-npu7,
1782497982.9869742,200,111.45546892657876,qwen15b-npu5,
1782497982.9977975,200,125.25768205523491,qwen15b-npu3,
1782497983.0046246,200,113.96000580862164,qwen15b-npu4,
1782497983.010703,200,108.57312986627221,qwen15b-npu5,
1782497983.0152264,200,125.61707478016615,qwen15b-npu7,
1782497983.0155241,200,125.62940502539277,qwen15b-npu7,
1782497983.0203102,200,156.52525192126632,qwen15b-npu6,
1782497983.0253983,200,134.95534704998136,qwen15b-npu3,
1782497983.0294428,200,113.7572550214827,qwen15b-npu4,
1782497983.0302234,200,119.07062120735645,qwen15b-npu4,
1782497983.0445685,200,131.55107386410236,qwen15b-npu7,
1782497983.0448306,200,140.85487695410848,qwen15b-npu7,
1782497983.045134,200,131.32104324176908,qwen15b-npu7,
1782497983.0492675,200,145.87688073515892,qwen15b-npu6,
1782497983.049588,200,147.82281406223774,qwen15b-npu6,
1782497983.0536427,200,142.936741001904,qwen15b-npu3,
1782497983.0592551,200,114.66853087767959,qwen15b-npu5,
1782497983.0595787,200,121.67067779228091,qwen15b-npu5,
1782497983.0759757,200,117.27878823876381,qwen15b-npu4,
1782497983.0784538,200,133.47628712654114,qwen15b-npu6,
1782497983.0792136,200,120.9796629846096,qwen15b-npu3,
1782497983.079779,200,142.1726057305932,qwen15b-npu3,
1782497983.0832825,200,121.49056699126959,qwen15b-npu5,
1782497983.0984418,200,133.04353458806872,qwen15b-npu7,
1782497983.0991702,200,134.5293940976262,qwen15b-npu7,
1782497983.1003292,200,118.31173487007618,qwen15b-npu4,
1782497983.107521,200,142.502348870039,qwen15b-npu3,
1782497983.1078875,200,120.80668192356825,qwen15b-npu3,
1782497983.1082897,200,125.92855701223016,qwen15b-npu3,
1782497983.109241,200,122.56651418283582,qwen15b-npu5,
1782497983.1101775,200,139.00724425911903,qwen15b-npu6,
1782497983.1119258,200,146.14485204219818,qwen15b-npu6,
1782497983.112329,200,154.47929874062538,qwen15b-npu6,
1782497983.124408,200,119.71440492197871,qwen15b-npu4,
1782497983.1255472,200,127.66408920288086,qwen15b-npu7,
1782497983.1357045,200,124.93539974093437,qwen15b-npu5,
1782497983.150882,200,125.40436303243041,qwen15b-npu4,
1782497983.1513827,200,121.06273276731372,qwen15b-npu4,
1782497983.1548138,200,125.27767289429903,qwen15b-npu7,
1782497983.1551723,200,134.75847616791725,qwen15b-npu7,
1782497983.16153,200,111.8800020776689,qwen15b-npu5,
1782497983.1618338,200,116.94195587188005,qwen15b-npu5,
1782497983.1654263,200,149.82551662251353,qwen15b-npu6,
1782497983.1657739,200,150.47765104100108,qwen15b-npu6,
1782497983.1726472,200,118.90631867572665,qwen15b-npu4,
1782497983.1823993,200,137.7533758059144,qwen15b-npu7,
1782497983.1827593,200,123.0490067973733,qwen15b-npu7,
1782497983.187863,200,138.50647071376443,qwen15b-npu3,
1782497983.1882608,200,143.00458086654544,qwen15b-npu3,
1782497983.1940672,200,134.72417509183288,qwen15b-npu6,
1782497983.196218,200,117.6680913195014,qwen15b-npu4,
1782497983.209161,200,129.88029280677438,qwen15b-npu7,
1782497983.2113655,200,110.94444617629051,qwen15b-npu5,
1782497983.212092,200,132.2464495897293,qwen15b-npu5,
1782497983.2124472,200,113.18237101659179,qwen15b-npu5,
1782497983.2148361,200,131.48740399628878,qwen15b-npu3,
1782497983.2203002,200,144.23601003363729,qwen15b-npu6,
1782497983.222475,200,112.18561371788383,qwen15b-npu4,
1782497983.2228158,200,110.3895022533834,qwen15b-npu4,
1782497983.2231524,200,113.81953489035368,qwen15b-npu4,
1782497983.2389984,200,131.0065509751439,qwen15b-npu7,
1782497983.240313,200,131.9074770435691,qwen15b-npu5,
1782497983.2510872,200,143.45630491152406,qwen15b-npu6,
1782497983.2515159,200,139.49770806357265,qwen15b-npu6,
1782497983.252802,200,154.29025702178478,qwen15b-npu3,
1782497983.253163,200,128.66951478645205,qwen15b-npu3,
1782497983.2653267,200,139.7130200639367,qwen15b-npu7,
1782497983.2803407,200,125.41488325223327,qwen15b-npu4,
1782497983.2807295,200,144.9470240622759,qwen15b-npu3,
1782497983.2810583,200,119.15866099298,qwen15b-npu4,
1782497983.286779,200,135.29937015846372,qwen15b-npu5,
1782497983.2870212,200,125.39802305400372,qwen15b-npu5,
1782497983.2936373,200,142.67791900783777,qwen15b-npu7,
1782497983.3092012,200,143.34269287064672,qwen15b-npu6,
1782497983.3095288,200,126.64034217596054,qwen15b-npu6,
1782497983.3099809,200,137.2410929761827,qwen15b-npu6,
1782497983.3111985,200,128.6958148702979,qwen15b-npu6,
1782497983.311896,200,146.37594437226653,qwen15b-npu3,
1782497983.3124454,200,157.2097367607057,qwen15b-npu3,
1782497983.321572,200,133.1950961612165,qwen15b-npu7,
1782497983.3218765,200,127.74046929553151,qwen15b-npu7,
1782497983.3262928,200,129.96835261583328,qwen15b-npu4,
1782497983.3348927,200,123.42750001698732,qwen15b-npu5,
1782497983.3370917,200,149.12598300725222,qwen15b-npu3,
1782497983.3498518,200,140.61763603240252,qwen15b-npu7,
1782497983.3502953,200,137.74062599986792,qwen15b-npu7,
1782497983.35181,200,131.42436416819692,qwen15b-npu4,
1782497983.3521755,200,137.24296214058995,qwen15b-npu4,
1782497983.3619428,200,139.05707513913512,qwen15b-npu5,
1782497983.362363,200,123.26656887307763,qwen15b-npu5,
1782497983.3628252,200,139.55051777884364,qwen15b-npu5,
1782497983.3658636,200,143.28197296708822,qwen15b-npu3,
1782497983.3666787,200,154.5006288215518,qwen15b-npu6,
1782497983.3753002,200,122.03168123960495,qwen15b-npu4,
1782497983.375646,200,110.2473707869649,qwen15b-npu4,
1782497983.3773644,200,124.472226947546,qwen15b-npu7,
1782497983.3776653,200,126.44093995913863,qwen15b-npu7,
1782497983.3951814,200,143.55037594214082,qwen15b-npu3,
1782497983.3957984,200,155.36962496116757,qwen15b-npu3,
1782497983.4098904,200,129.08394681289792,qwen15b-npu5,
1782497983.410319,200,123.223717790097,qwen15b-npu5,
1782497983.422409,200,109.86045887693763,qwen15b-npu4,
1782497983.4227939,200,113.50004328414798,qwen15b-npu4,
1782497983.4233997,200,112.1008531190455,qwen15b-npu4,
1782497983.4249473,200,138.10112932696939,qwen15b-npu3,
1782497983.4252899,200,144.8131436482072,qwen15b-npu3,
1782497983.4264336,200,145.26829682290554,qwen15b-npu6,
1782497983.4268458,200,133.12188489362597,qwen15b-npu6,
1782497983.4336703,200,124.02331409975886,qwen15b-npu5,
1782497983.444376,200,109.39994500949979,qwen15b-npu4,
1782497983.4554257,200,143.42189487069845,qwen15b-npu6,
1782497983.456185,200,134.537935256958,qwen15b-npu6,
1782497983.4592881,200,132.88842421025038,qwen15b-npu5,
1782497983.4603214,200,110.35084212198853,qwen15b-npu5,
1782497983.4606535,200,150.53869178518653,qwen15b-npu7,
1782497983.4610488,200,139.10177489742637,qwen15b-npu7,
1782497983.4815269,200,144.35577997937799,qwen15b-npu3,
1782497983.4818678,200,131.47078407928348,qwen15b-npu3,
1782497983.4826562,200,120.18700782209635,qwen15b-npu5,
1782497983.4845028,200,132.59901106357574,qwen15b-npu6,
1782497983.4891434,200,127.06732423976064,qwen15b-npu7,
1782497983.4895213,200,137.2443027794361,qwen15b-npu7,
1782497983.5084147,200,141.637422144413,qwen15b-npu3,
1782497983.508808,200,142.83913001418114,qwen15b-npu3,
1782497983.5160527,200,153.10953883454204,qwen15b-npu6,
1782497983.51639,200,138.65051232278347,qwen15b-npu6,
1782497983.5166733,200,141.28474984318018,qwen15b-npu7,
1782497983.517115,200,139.65979916974902,qwen15b-npu6,
1782497983.5181725,200,142.45205698534846,qwen15b-npu7,
1782497983.5317829,200,121.75832875072956,qwen15b-npu5,
1782497983.5363557,200,141.09329879283905,qwen15b-npu3,
1782497983.5366757,200,140.79701714217663,qwen15b-npu3,
1782497983.542374,200,119.84388623386621,qwen15b-npu4,
1782497983.5427523,200,119.85436594113708,qwen15b-npu4,
1782497983.5439963,200,133.56683775782585,qwen15b-npu6,
1782497983.5574489,200,130.92493079602718,qwen15b-npu5,
1782497983.5577395,200,132.33557902276516,qwen15b-npu5,
1782497983.5584989,200,135.0067276507616,qwen15b-npu5,
1782497983.5635798,200,136.64141902700067,qwen15b-npu3,
1782497983.5660782,200,109.79346930980682,qwen15b-npu4,
1782497983.57135,200,137.57087523117661,qwen15b-npu7,
1782497983.5718014,200,146.77703706547618,qwen15b-npu7,
1782497983.5804281,200,119.30468212813139,qwen15b-npu5,
1782497983.5913553,200,131.94727711379528,qwen15b-npu4,
1782497983.5921288,200,131.71677570790052,qwen15b-npu4,
1782497983.5924282,200,147.9562851600349,qwen15b-npu3,
1782497983.6033137,200,142.5459678284824,qwen15b-npu6,
1782497983.6040382,200,148.54860911145806,qwen15b-npu6,
1782497983.605103,200,123.48251976072788,qwen15b-npu5,
1782497983.6157641,200,126.50862103328109,qwen15b-npu4,
1782497983.6324522,200,142.8023800253868,qwen15b-npu6,
1782497983.6361015,200,154.1704060509801,qwen15b-npu7,
1782497983.6365912,200,153.87772489339113,qwen15b-npu7,
1782497983.6370084,200,152.4189137853682,qwen15b-npu7,
1782497983.6413882,200,124.9234201386571,qwen15b-npu4,
1782497983.650792,200,133.5758580826223,qwen15b-npu3,
1782497983.6510928,200,132.8346231020987,qwen15b-npu3,
1782497983.6514935,200,142.98057090491056,qwen15b-npu3,
1782497983.6530023,200,136.2295658327639,qwen15b-npu7,
1782497983.654321,200,110.2387709543109,qwen15b-npu5,
1782497983.6546519,200,122.75931518524885,qwen15b-npu5,
1782497983.6624653,200,146.30983397364616,qwen15b-npu6,
1782497983.6628897,200,153.94839504733682,qwen15b-npu6,
1782497983.6642218,200,127.78531899675727,qwen15b-npu4,
1782497983.6780071,200,135.14925865456462,qwen15b-npu3,
1782497983.6783044,200,106.83057783171535,qwen15b-npu5,
1782497983.6794121,200,121.55760824680328,qwen15b-npu5,
1782497983.6805258,200,138.0534078925848,qwen15b-npu7,
1782497983.681203,200,123.67888214066625,qwen15b-npu7,
1782497983.6895642,200,152.80242823064327,qwen15b-npu6,
1782497983.701875,200,109.66476798057556,qwen15b-npu5,
1782497983.7021985,200,110.72376510128379,qwen15b-npu5,
1782497983.7076082,200,149.01675190776587,qwen15b-npu3,
1782497983.7079496,200,144.2859503440559,qwen15b-npu7,
1782497983.7087321,200,136.82173006236553,qwen15b-npu3,
1782497983.7127757,200,120.24371884763241,qwen15b-npu4,
1782497983.7204776,200,154.30823806673288,qwen15b-npu6,
1782497983.7211854,200,140.6529750674963,qwen15b-npu6,
1782497983.7256067,200,122.20040103420615,qwen15b-npu5,
1782497983.7362893,200,131.1016222462058,qwen15b-npu3,
1782497983.73664,200,120.76875194907188,qwen15b-npu7,
1782497983.7488332,200,144.70939291641116,qwen15b-npu6,
1782497983.7608728,200,123.7464020960033,qwen15b-npu4,
1782497983.7611868,200,128.62348416820168,qwen15b-npu4,
1782497983.7615912,200,108.49986923858523,qwen15b-npu4,
1782497983.7659175,200,129.66664182022214,qwen15b-npu7,
1782497983.766263,200,129.56614093855023,qwen15b-npu7,
1782497983.773595,200,118.79812926054001,qwen15b-npu5,
1782497983.7783039,200,136.8167190812528,qwen15b-npu6,
1782497983.7786796,200,127.48087663203478,qwen15b-npu6,
1782497983.7844467,200,121.4396171271801,qwen15b-npu4,
1782497983.7847695,200,106.39382526278496,qwen15b-npu4,
1782497983.7855954,200,123.01515694707632,qwen15b-npu4,
1782497983.7948682,200,143.9922279678285,qwen15b-npu3,
1782497983.7951615,200,143.56557605788112,qwen15b-npu3,
1782497983.7956727,200,141.26126002520323,qwen15b-npu3,
1782497983.805358,200,141.05362817645073,qwen15b-npu6,
1782497983.8226278,200,120.67637126892805,qwen15b-npu5,
1782497983.8230803,200,141.7838530614972,qwen15b-npu7,
1782497983.823492,200,145.39762679487467,qwen15b-npu7,
1782497983.8238044,200,144.2924402654171,qwen15b-npu3,
1782497983.8309321,200,110.33827159553766,qwen15b-npu4,
1782497983.8313446,200,122.54221411421895,qwen15b-npu4,
1782497983.8337705,200,144.10100923851132,qwen15b-npu6,
1782497983.8341155,200,153.52284302935004,qwen15b-npu6,
1782497983.8466878,200,121.00642267614603,qwen15b-npu5,
1782497983.8470094,200,110.61860295012593,qwen15b-npu5,
1782497983.8504953,200,148.19093700498343,qwen15b-npu7,
1782497983.8508072,200,129.54695103690028,qwen15b-npu7,
1782497983.8519042,200,144.19640880078077,qwen15b-npu3,
1782497983.852243,200,144.19731870293617,qwen15b-npu7,
1782497983.8526397,200,139.78217029944062,qwen15b-npu3,
1782497983.8542833,200,117.52041010186076,qwen15b-npu4,
1782497983.871015,200,122.07712139934301,qwen15b-npu5,
1782497983.8713822,200,109.69195701181889,qwen15b-npu5,
1782497983.8778431,200,111.48138018324971,qwen15b-npu4,
1782497983.8881395,200,126.8404433503747,qwen15b-npu6,
1782497983.894736,200,116.32899194955826,qwen15b-npu5,
1782497983.9033225,200,129.5996611006558,qwen15b-npu7,
1782497983.903636,200,124.86494891345501,qwen15b-npu7,
1782497983.9040184,200,108.76860190182924,qwen15b-npu4,
1782497983.9043922,200,119.85252611339092,qwen15b-npu4,
1782497983.905819,200,144.85988393425941,qwen15b-npu3,
1782497983.9061787,200,140.17530204728246,qwen15b-npu3,
1782497983.9139702,200,129.09974809736013,qwen15b-npu6,
1782497983.929376,200,123.92238294705749,qwen15b-npu7,
1782497983.9297044,200,133.92732990905643,qwen15b-npu7,
1782497983.9317477,200,146.06038201600313,qwen15b-npu3,
1782497983.9323673,200,137.4236736446619,qwen15b-npu3,
1782497983.9441621,200,121.40897614881396,qwen15b-npu5,
1782497983.944565,200,110.72775395587087,qwen15b-npu5,
1782497983.9489536,200,117.94341308996081,qwen15b-npu4,
1782497983.9572153,200,123.0235667899251,qwen15b-npu7,
1782497983.9574916,200,126.0696267709136,qwen15b-npu7,
1782497983.9586926,200,134.7870258614421,qwen15b-npu3,
1782497983.9688146,200,118.23280481621623,qwen15b-npu5,
1782497983.9691825,200,122.08352098241448,qwen15b-npu5,
1782497983.970749,200,147.5517419166863,qwen15b-npu6,
1782497983.971664,200,148.0835247784853,qwen15b-npu6,
1782497983.9752963,200,122.94784700497985,qwen15b-npu4,
1782497983.9763026,200,125.39941444993019,qwen15b-npu4,
1782497983.9768295,200,130.0636837258935,qwen15b-npu4,
1782497983.985547,200,131.1685717664659,qwen15b-npu3,
1782497983.9968789,200,108.6287098005414,qwen15b-npu4,
1782497984.0018804,200,149.87560780718923,qwen15b-npu6,
1782497984.0021174,200,131.00224127992988,qwen15b-npu6,
1782497984.0024958,200,149.77158699184656,qwen15b-npu6,
1782497984.0027716,200,131.30813278257847,qwen15b-npu6,
1782497984.0161455,200,111.65857966989279,qwen15b-npu5,
1782497984.0167847,200,112.65731789171696,qwen15b-npu5,
1782497984.0215013,200,115.2235041372478,qwen15b-npu4,
1782497984.0295072,200,151.57723892480135,qwen15b-npu6,
1782497984.0385447,200,143.73575616627932,qwen15b-npu7,
1782497984.0397618,200,109.96492905542254,qwen15b-npu5,
1782497984.0410616,200,135.1655088365078,qwen15b-npu3,
1782497984.0420074,200,138.59586091712117,qwen15b-npu3,
1782497984.0424979,200,128.45751410350204,qwen15b-npu3,
1782497984.0593464,200,155.61003610491753,qwen15b-npu6,
1782497984.0648203,200,107.24664106965065,qwen15b-npu5,
1782497984.065141,200,120.48624968156219,qwen15b-npu5,
1782497984.0658376,200,121.5552780777216,qwen15b-npu3,
1782497984.0669127,200,134.48147382587194,qwen15b-npu7,
1782497984.067315,200,137.86004576832056,qwen15b-npu7,
1782497984.0698054,200,112.51281620934606,qwen15b-npu4,
1782497984.0936468,200,116.72573490068316,qwen15b-npu4,
1782497984.0942478,200,125.33092312514782,qwen15b-npu3,
1782497984.0944867,200,118.08348400518298,qwen15b-npu3,
1782497984.0947104,200,122.9359470307827,qwen15b-npu4,
1782497984.103438,200,144.67468205839396,qwen15b-npu6,
1782497984.1037211,200,154.68196012079716,qwen15b-npu7,
1782497984.1040468,200,172.18556720763445,qwen15b-npu6,
1782497984.1043346,200,135.0540779531002,qwen15b-npu7,
1782497984.1123998,200,115.46340677887201,qwen15b-npu5,
1782497984.112754,200,127.14693509042263,qwen15b-npu5,
1782497984.117612,200,115.03800423815846,qwen15b-npu4,
1782497984.1180062,200,115.17220409587026,qwen15b-npu4,
1782497984.129799,200,154.40558874979615,qwen15b-npu7,
1782497984.130686,200,159.86490482464433,qwen15b-npu6,
1782497984.141132,200,119.55578392371535,qwen15b-npu4,
1782497984.1594965,200,143.2878328487277,qwen15b-npu7,
1782497984.159859,200,142.99545204266906,qwen15b-npu7,
1782497984.1604521,200,130.88240008801222,qwen15b-npu7,
1782497984.1607387,200,158.5349957458675,qwen15b-npu6,
1782497984.1615994,200,159.65645294636488,qwen15b-npu6,
1782497984.1632528,200,124.60186704993248,qwen15b-npu5,
1782497984.163642,200,121.03665387257934,qwen15b-npu5,
1782497984.172399,200,132.54092074930668,qwen15b-npu3,
1782497984.1727293,200,131.55403407290578,qwen15b-npu3,
1782497984.1838715,200,124.4239960797131,qwen15b-npu5,
1782497984.1885183,200,123.6200612038374,qwen15b-npu4,
1782497984.2000241,200,132.59534211829305,qwen15b-npu3,
1782497984.2003365,200,133.30802600830793,qwen15b-npu3,
1782497984.2012124,200,159.05859973281622,qwen15b-npu6,
1782497984.2018652,200,135.95471438020468,qwen15b-npu3,
1782497984.2143626,200,109.96950883418322,qwen15b-npu4,
1782497984.2146513,200,119.87549578770995,qwen15b-npu4,
1782497984.2153766,200,111.8610817939043,qwen15b-npu4,
1782497984.2224138,200,152.5389952585101,qwen15b-npu7,
1782497984.226284,200,122.46792297810316,qwen15b-npu3,
1782497984.2266054,200,132.2745392099023,qwen15b-npu3,
1782497984.2319932,200,166.77921218797565,qwen15b-npu6,
1782497984.2371197,200,119.40964311361313,qwen15b-npu4,
1782497984.2517817,200,158.04763324558735,qwen15b-npu7,
1782497984.2520945,200,147.96676533296704,qwen15b-npu7,
1782497984.252494,200,139.9980508722365,qwen15b-npu7,
1782497984.2557015,200,124.956039711833,qwen15b-npu5,
1782497984.2567134,200,126.83498300611973,qwen15b-npu5,
1782497984.2572215,200,115.99738989025354,qwen15b-npu5,
1782497984.263496,200,150.6549222394824,qwen15b-npu6,
1782497984.264408,200,169.8566717095673,qwen15b-npu6,
1782497984.2647572,200,146.63124596700072,qwen15b-npu6,
1782497984.279081,200,115.3259351849556,qwen15b-npu3,
1782497984.2799659,200,119.1596812568605,qwen15b-npu3,
1782497984.2803838,200,120.4440901055932,qwen15b-npu5,
1782497984.2815895,200,119.88242575898767,qwen15b-npu5,
1782497984.2847548,200,112.2835548594594,qwen15b-npu4,
1782497984.304682,200,120.70587137714028,qwen15b-npu3,
1782497984.3050706,200,145.46603802591562,qwen15b-npu7,
1782497984.305464,200,132.61561188846827,qwen15b-npu7,
1782497984.311267,200,110.80755479633808,qwen15b-npu4,
1782497984.3116152,200,109.68002676963806,qwen15b-npu4,
1782497984.32264,200,162.11206978186965,qwen15b-npu6,
1782497984.3229373,200,159.57316337153316,qwen15b-npu6,
1782497984.323392,200,134.8020755685866,qwen15b-npu6,
1782497984.330538,200,129.22487873584032,qwen15b-npu7,
1782497984.3322196,200,117.77610098943114,qwen15b-npu3,
1782497984.3328056,200,117.34602879732847,qwen15b-npu3,
1782497984.3493986,200,126.91817339509726,qwen15b-npu6,
1782497984.3497076,200,149.59935611113906,qwen15b-npu6,
1782497984.3511112,200,124.41707588732243,qwen15b-npu5,
1782497984.3514683,200,119.38283313065767,qwen15b-npu5,
1782497984.3580792,200,105.50851887091994,qwen15b-npu4,
1782497984.3583822,200,143.63709511235356,qwen15b-npu7,
1782497984.359154,200,132.78823299333453,qwen15b-npu7,
1782497984.3753312,200,117.99067305400968,qwen15b-npu5,
1782497984.3757174,200,112.14600410312414,qwen15b-npu5,
1782497984.3772104,200,125.03225123509765,qwen15b-npu6,
1782497984.377936,200,140.71244606748223,qwen15b-npu6,
1782497984.3821514,200,125.33829174935818,qwen15b-npu4,
1782497984.3824747,200,117.64852097257972,qwen15b-npu4,
1782497984.3853605,200,129.57745091989636,qwen15b-npu3,
1782497984.3857522,200,133.85974988341331,qwen15b-npu7,
1782497984.3986216,200,116.92534619942307,qwen15b-npu5,
1782497984.4055266,200,120.68249098956585,qwen15b-npu4,
1782497984.4073,200,126.80125189945102,qwen15b-npu6,
1782497984.40784,200,143.32685386762023,qwen15b-npu6,
1782497984.4131067,200,133.01813416182995,qwen15b-npu7,
1782497984.4135177,200,134.31463297456503,qwen15b-npu3,
1782497984.4305608,200,107.0813899859786,qwen15b-npu4,
1782497984.430944,200,119.58696413785219,qwen15b-npu4,
1782497984.4392898,200,127.58126715198159,qwen15b-npu7,
1782497984.4399693,200,134.39606362953782,qwen15b-npu7,
1782497984.4437983,200,138.62356217578053,qwen15b-npu3,
1782497984.4441335,200,139.33698693290353,qwen15b-npu3,
1782497984.4492018,200,116.91297590732574,qwen15b-npu5,
1782497984.4583378,200,135.30014920979738,qwen15b-npu6,
1782497984.4649794,200,134.34489304199815,qwen15b-npu7,
1782497984.4705617,200,147.84147404134274,qwen15b-npu3,
1782497984.470955,200,138.08027794584632,qwen15b-npu3,
1782497984.471898,200,122.42140294983983,qwen15b-npu5,
1782497984.4778223,200,119.35113230720162,qwen15b-npu4,
1782497984.4785497,200,120.38013897836208,qwen15b-npu4,
1782497984.4866138,200,135.409370996058,qwen15b-npu6,
1782497984.4869637,200,137.16853223741055,qwen15b-npu6,
1782497984.4916892,200,140.1335927657783,qwen15b-npu7,
1782497984.496113,200,113.57282288372517,qwen15b-npu5,
1782497984.4985514,200,139.29929723963141,qwen15b-npu3,
1782497984.4989073,200,123.4676600433886,qwen15b-npu3,
1782497984.5139208,200,128.0783312395215,qwen15b-npu6,
1782497984.514707,200,136.6834887303412,qwen15b-npu6,
1782497984.5149527,200,137.6809561625123,qwen15b-npu6,
1782497984.5183861,200,142.57663814350963,qwen15b-npu7,
1782497984.518712,200,136.45930727943778,qwen15b-npu7,
1782497984.521243,200,113.28620091080666,qwen15b-npu5,
1782497984.5216074,200,122.85459600389004,qwen15b-npu5,
1782497984.5235038,200,138.03236838430166,qwen15b-npu3,
1782497984.5274692,200,113.81437489762902,qwen15b-npu4,
1782497984.5278673,200,114.63662097230554,qwen15b-npu4,
1782497984.5283704,200,122.74926481768489,qwen15b-npu4,
1782497984.5457172,200,115.04784366115928,qwen15b-npu5,
1782497984.5465436,200,139.13832511752844,qwen15b-npu7,
1782497984.5507011,200,119.689314160496,qwen15b-npu3,
1782497984.5722904,200,128.08622233569622,qwen15b-npu5,
1782497984.5726016,200,133.23769578710198,qwen15b-npu5,
1782497984.5733004,200,129.39464021474123,qwen15b-npu5,
1782497984.573899,200,133.84519005194306,qwen15b-npu7,
1782497984.5742161,200,115.81660807132721,qwen15b-npu5,
1782497984.5753849,200,126.10370805487037,qwen15b-npu4,
1782497984.5977664,200,106.01603332906961,qwen15b-npu4,
1782497984.5986931,200,127.62693827971816,qwen15b-npu6,
1782497984.6021502,200,131.46956404671073,qwen15b-npu7,
1782497984.6024597,200,124.53788705170155,qwen15b-npu7,
1782497984.6101098,200,131.4730839803815,qwen15b-npu3,
1782497984.610406,200,123.69615212082863,qwen15b-npu3,
1782497984.6106565,200,138.68924183771014,qwen15b-npu3,
1782497984.61089,200,145.8219001069665,qwen15b-npu3,
1782497984.622875,200,124.23864612355828,qwen15b-npu4,
1782497984.6234028,200,127.2101947106421,qwen15b-npu4,
1782497984.6338787,200,134.8494770936668,qwen15b-npu6,
1782497984.6342983,200,147.23284915089607,qwen15b-npu6,
1782497984.644957,200,126.16630783304572,qwen15b-npu5,
1782497984.6453943,200,131.3925632275641,qwen15b-npu5,
1782497984.6458948,200,124.19122504070401,qwen15b-npu5,
1782497984.6484764,200,127.13375501334667,qwen15b-npu4,
1782497984.6487293,200,121.14363396540284,qwen15b-npu4,
1782497984.658799,200,135.20310865715146,qwen15b-npu6,
1782497984.6594367,200,130.96533995121717,qwen15b-npu6,
1782497984.6597233,200,131.73849461600184,qwen15b-npu6,
1782497984.6603403,200,141.86932379379869,qwen15b-npu6,
1782497984.660632,200,145.61650855466723,qwen15b-npu3,
1782497984.6612556,200,146.47484524175525,qwen15b-npu3,
1782497984.6677468,200,121.13010417670012,qwen15b-npu5,
1782497984.6808794,200,135.08585887029767,qwen15b-npu7,
1782497984.6851563,200,134.3920729123056,qwen15b-npu3,
1782497984.6922097,200,119.84027596190572,qwen15b-npu5,
1782497984.697179,200,123.80174174904823,qwen15b-npu4,
1782497984.6975236,200,123.2347791083157,qwen15b-npu4,
1782497984.7101657,200,137.42616306990385,qwen15b-npu7,
1782497984.7117603,200,137.7744060009718,qwen15b-npu6,
1782497984.713313,200,137.82100705429912,qwen15b-npu3,
1782497984.7203312,200,110.13240087777376,qwen15b-npu4,
1782497984.7419398,200,131.4579639583826,qwen15b-npu6,
1782497984.7423341,200,131.37231301516294,qwen15b-npu6,
1782497984.7434912,200,132.76942307129502,qwen15b-npu5,
1782497984.743889,200,120.38070894777775,qwen15b-npu5,
1782497984.7447097,200,145.9030914120376,qwen15b-npu7,
1782497984.7462459,200,143.71371595188975,qwen15b-npu7,
1782497984.746617,200,148.7735309638083,qwen15b-npu7,
1782497984.7469146,200,144.68172285705805,qwen15b-npu7,
1782497984.7716045,200,112.70540812984109,qwen15b-npu4,
1782497984.7724016,200,127.31435615569353,qwen15b-npu5,
1782497984.7731671,200,124.37557615339756,qwen15b-npu4,
1782497984.7734232,200,127.40324717015028,qwen15b-npu4,
1782497984.778296,200,129.74946293979883,qwen15b-npu3,
1782497984.7794123,200,133.8959401473403,qwen15b-npu3,
1782497984.7802324,200,157.27809770032763,qwen15b-npu3,
1782497984.7808664,200,146.87691815197468,qwen15b-npu7,
1782497984.7820399,200,147.61308301240206,qwen15b-npu7,
1782497984.7963777,200,136.86920003965497,qwen15b-npu5,
1782497984.796749,200,128.87985724955797,qwen15b-npu5,
1782497984.8075805,200,147.75463286787271,qwen15b-npu3,
1782497984.8079078,200,147.20208011567593,qwen15b-npu3,
1782497984.8081625,200,146.8428368680179,qwen15b-npu3,
1782497984.8084328,200,148.03003519773483,qwen15b-npu7,
1782497984.8187785,200,121.17689475417137,qwen15b-npu4,
1782497984.834156,200,136.85394963249564,qwen15b-npu7,
1782497984.8371584,200,151.9302809610963,qwen15b-npu6,
1782497984.838101,200,157.14402729645371,qwen15b-npu6,
1782497984.838517,200,146.19653206318617,qwen15b-npu6,
1782497984.8427453,200,129.368859808892,qwen15b-npu4,
1782497984.8446407,200,124.23123605549335,qwen15b-npu5,
1782497984.845063,200,133.20658542215824,qwen15b-npu5,
1782497984.8616872,200,151.43227810040116,qwen15b-npu7,
1782497984.8667572,200,120.05551718175411,qwen15b-npu4,
1782497984.8687036,200,122.32904182747006,qwen15b-npu5,
1782497984.86906,200,126.64792174473405,qwen15b-npu5,
1782497984.8880913,200,144.52101197093725,qwen15b-npu7,
1782497984.893245,200,151.17465611547232,qwen15b-npu3,
1782497984.8938668,200,149.0837330929935,qwen15b-npu3,
1782497984.894149,200,113.79164503887296,qwen15b-npu5,
1782497984.8944433,200,112.284024246037,qwen15b-npu4,
1782497984.8959155,200,122.67358368262649,qwen15b-npu4,
1782497984.8966515,200,149.6694958768785,qwen15b-npu6,
1782497984.8970478,200,117.51304985955358,qwen15b-npu5,
1782497984.8976402,200,153.66794308647513,qwen15b-npu6,
1782497984.9149418,200,107.25863138213754,qwen15b-npu4,
1782497984.9191718,200,140.80705726519227,qwen15b-npu3,
1782497984.9285095,200,131.6405450925231,qwen15b-npu7,
1782497984.9288347,200,147.85040402784944,qwen15b-npu7,
1782497984.929299,200,155.81413777545094,qwen15b-npu7,
1782497984.9359899,200,163.449598941952,qwen15b-npu6,
1782497984.936372,200,164.64482713490725,qwen15b-npu6,
1782497984.9399147,200,131.40679290518165,qwen15b-npu4,
1782497984.9406364,200,106.39510490000248,qwen15b-npu5,
1782497984.947924,200,129.01919707655907,qwen15b-npu3,
1782497984.9482224,200,139.98884102329612,qwen15b-npu3,
1782497984.9492006,200,152.7140368707478,qwen15b-npu3,
1782497984.9544942,200,146.51439525187016,qwen15b-npu7,
1782497984.9649937,200,120.23522891104221,qwen15b-npu5,
1782497984.9740863,200,131.26547308638692,qwen15b-npu3,
1782497984.9825935,200,137.41610385477543,qwen15b-npu7,
1782497984.987234,200,125.44830283150077,qwen15b-npu4,
1782497984.9907694,200,121.59197684377432,qwen15b-npu5,
1782497984.9963465,200,157.7048609033227,qwen15b-npu6,
1782497984.9967299,200,159.49966199696064,qwen15b-npu6,
1782497984.997006,200,158.82491786032915,qwen15b-npu6,
1782497985.0096483,200,140.85756707936525,qwen15b-npu7,
1782497985.012254,200,124.0907940082252,qwen15b-npu4,
1782497985.0126061,200,115.43293576687574,qwen15b-npu4,
1782497985.0239155,200,157.050265930593,qwen15b-npu6,
1782497985.0286157,200,135.28703013435006,qwen15b-npu3,
1782497985.028901,200,132.18881795182824,qwen15b-npu3,
1782497985.0410423,200,125.99857710301876,qwen15b-npu7,
1782497985.0413666,200,147.14298909530044,qwen15b-npu7,
1782497985.041719,200,122.44290392845869,qwen15b-npu5,
1782497985.042117,200,147.543721832335,qwen15b-npu7,
1782497985.042544,200,113.13010985031724,qwen15b-npu5,
1782497985.0527987,200,158.8600380346179,qwen15b-npu6,
1782497985.0531566,200,155.39582399651408,qwen15b-npu6,
1782497985.0535796,200,157.56981913000345,qwen15b-npu6,
1782497985.0563116,200,120.22717902436852,qwen15b-npu3,
1782497985.0569603,200,128.01114097237587,qwen15b-npu3,
1782497985.0617619,200,125.26930216699839,qwen15b-npu4,
1782497985.0621665,200,121.4293260127306,qwen15b-npu4,
1782497985.0629838,200,114.98184315860271,qwen15b-npu5,
1782497985.0651724,200,125.18674088642001,qwen15b-npu7,
1782497985.0807533,200,132.41749024018645,qwen15b-npu6,
1782497985.0810556,200,152.45614480227232,qwen15b-npu6,
1782497985.0827613,200,128.20160202682018,qwen15b-npu3,
1782497985.0840948,200,118.9934411086142,qwen15b-npu4,
1782497985.088753,200,114.56042993813753,qwen15b-npu5,
1782497985.092374,200,143.10578163713217,qwen15b-npu7,
1782497985.10626,200,123.59810061752796,qwen15b-npu4,
1782497985.1131973,200,125.85869571194053,qwen15b-npu5,
1782497985.1136594,200,117.18501802533865,qwen15b-npu5,
1782497985.1194162,200,122.34680308029056,qwen15b-npu7,
1782497985.1356587,200,123.3133589848876,qwen15b-npu5,
1782497985.1369407,200,146.06210170313716,qwen15b-npu6,
1782497985.1373756,200,127.62156780809164,qwen15b-npu6,
1782497985.1381035,200,141.2984300404787,qwen15b-npu3,
1782497985.1465514,200,122.56382405757904,qwen15b-npu7,
1782497985.1475809,200,134.87005606293678,qwen15b-npu7,
1782497985.1548896,200,125.92172576114535,qwen15b-npu4,
1782497985.159857,200,118.71981807053089,qwen15b-npu5,
1782497985.165584,200,123.35273902863264,qwen15b-npu3,
1782497985.165989,200,124.50854666531086,qwen15b-npu3,
1782497985.1663961,200,137.706205714494,qwen15b-npu3,
1782497985.1741135,200,120.8003624342382,qwen15b-npu7,
1782497985.1743984,200,120.73993217200041,qwen15b-npu7,
1782497985.1818805,200,128.98087687790394,qwen15b-npu4,
1782497985.1826038,200,117.33122868463397,qwen15b-npu4,
1782497985.1830232,200,125.99609699100256,qwen15b-npu4,
1782497985.1833408,200,126.95460394024849,qwen15b-npu4,
1782497985.184638,200,122.76791501790285,qwen15b-npu5,
1782497985.1907566,200,127.67375912517309,qwen15b-npu3,
1782497985.1943948,200,151.76399005576968,qwen15b-npu6,
1782497985.1947105,200,132.43329990655184,qwen15b-npu6,
1782497985.1949973,200,153.1881601549685,qwen15b-npu6,
1782497985.2002707,200,117.44518019258976,qwen15b-npu7,
1782497985.2043164,200,123.48731001839042,qwen15b-npu4,
1782497985.210695,200,121.84284999966621,qwen15b-npu5,
1782497985.2110584,200,126.85430329293013,qwen15b-npu5,
1782497985.2114959,200,130.37339597940445,qwen15b-npu5,
1782497985.2176123,200,125.16972096636891,qwen15b-npu3,
1782497985.245781,200,139.44813795387745,qwen15b-npu3,
1782497985.2461169,200,126.62744196131825,qwen15b-npu3,
1782497985.2512376,200,137.43091374635696,qwen15b-npu6,
1782497985.2519977,200,138.6734419502318,qwen15b-npu6,
1782497985.2530854,200,114.88815303891897,qwen15b-npu4,
1782497985.2536924,200,117.97042284160852,qwen15b-npu4,
1782497985.2764337,200,121.45347706973553,qwen15b-npu4,
1782497985.2803814,200,143.30194285139441,qwen15b-npu6,
1782497985.2824194,200,135.7945529744029,qwen15b-npu7,
1782497985.2827883,200,135.07486786693335,qwen15b-npu7,
1782497985.2835064,200,146.0552322678268,qwen15b-npu7,
1782497985.2993426,200,139.37815697863698,qwen15b-npu3,
1782497985.2999938,200,125.79818582162261,qwen15b-npu3,
1782497985.302448,200,107.67148435115814,qwen15b-npu4,
1782497985.3028135,200,118.07235376909375,qwen15b-npu4,
1782497985.3034146,200,128.93997691571712,qwen15b-npu4,
1782497985.3057897,200,114.93612313643098,qwen15b-npu5,
1782497985.3060842,200,111.58865969628096,qwen15b-npu5,
1782497985.3090298,200,143.32572417333722,qwen15b-npu6,
1782497985.3095205,200,143.4250040911138,qwen15b-npu6,
1782497985.3102849,200,143.7639156356454,qwen15b-npu7,
1782497985.3110046,200,129.0071872062981,qwen15b-npu7,
1782497985.3265734,200,126.20296888053417,qwen15b-npu3,
1782497985.3272865,200,143.83131731301546,qwen15b-npu3,
1782497985.3282993,200,117.15751700103283,qwen15b-npu4,
1782497985.330918,200,126.50577118620276,qwen15b-npu5,
1782497985.331316,200,113.59836393967271,qwen15b-npu5,
1782497985.3345928,200,123.77948313951492,qwen15b-npu7,
1782497985.334985,200,139.86034970730543,qwen15b-npu7,
1782497985.3397942,200,157.0639661513269,qwen15b-npu6,
1782497985.340089,200,128.4771841019392,qwen15b-npu6,
1782497985.3409252,200,157.80702093616128,qwen15b-npu6,
1782497985.3536456,200,107.78370499610901,qwen15b-npu5,
1782497985.379374,200,128.0435207299888,qwen15b-npu5,
1782497985.3798335,200,126.07831787317991,qwen15b-npu5,
1782497985.3804176,200,127.24429601803422,qwen15b-npu3,
1782497985.380693,200,128.59207531437278,qwen15b-npu3,
1782497985.392656,200,146.4185039512813,qwen15b-npu6,
1782497985.400018,200,117.49114003032446,qwen15b-npu4,
1782497985.400373,200,119.88445604220033,qwen15b-npu4,
1782497985.4054077,200,122.48230399563909,qwen15b-npu3,
1782497985.4140172,200,137.52221502363682,qwen15b-npu7,
1782497985.4224832,200,138.85208405554295,qwen15b-npu6,
1782497985.4233282,200,119.7934253141284,qwen15b-npu4,
1782497985.424246,200,115.10789301246405,qwen15b-npu4,
1782497985.4291825,200,129.11561829969287,qwen15b-npu5,
1782497985.4295268,200,123.65750083699822,qwen15b-npu5,
1782497985.4329908,200,122.60640412569046,qwen15b-npu3,
1782497985.4424126,200,136.22151594609022,qwen15b-npu7,
1782497985.4430234,200,143.57332605868578,qwen15b-npu7,
1782497985.4434178,200,140.48151392489672,qwen15b-npu7,
1782497985.447147,200,118.77644807100296,qwen15b-npu4,
1782497985.4521978,200,121.17232382297516,qwen15b-npu5,
1782497985.4526377,200,112.76211822405457,qwen15b-npu5,
1782497985.453363,200,150.81136394292116,qwen15b-npu6,
1782497985.4544473,200,143.33454286679626,qwen15b-npu6,
1782497985.4552662,200,128.61436512321234,qwen15b-npu6,
1782497985.4558733,200,146.2466032244265,qwen15b-npu6,
1782497985.4620037,200,121.8066387809813,qwen15b-npu3,
1782497985.4623337,200,134.9484478123486,qwen15b-npu3,
1782497985.4625857,200,131.14264188334346,qwen15b-npu3,
1782497985.4628417,200,121.82155903428793,qwen15b-npu3,
1782497985.4680927,200,132.9964641481638,qwen15b-npu7,
1782497985.4795585,200,144.84361419454217,qwen15b-npu6,
1782497985.49425,200,140.52830496802926,qwen15b-npu7,
1782497985.4950778,200,115.17266510054469,qwen15b-npu4,
1782497985.4991674,200,119.65366406366229,qwen15b-npu5,
1782497985.519413,200,126.65010057389736,qwen15b-npu4,
1782497985.5213091,200,120.8195318467915,qwen15b-npu7,
1782497985.5223737,200,141.8642238713801,qwen15b-npu7,
1782497985.5227423,200,141.97649480775,qwen15b-npu7,
1782497985.5245118,200,110.40429305285215,qwen15b-npu5,
1782497985.5363557,200,130.82721875980496,qwen15b-npu6,
1782497985.543147,200,120.53283117711544,qwen15b-npu3,
1782497985.5438411,200,143.72072601690888,qwen15b-npu3,
1782497985.5446415,200,111.58126033842564,qwen15b-npu4,
1782497985.547043,200,117.43438988924026,qwen15b-npu7,
1782497985.5490162,200,124.67150809243321,qwen15b-npu5,
1782497985.5493715,200,106.85136914253235,qwen15b-npu5,
1782497985.5637827,200,140.3766544535756,qwen15b-npu6,
1782497985.5692365,200,116.94549582898617,qwen15b-npu4,
1782497985.5698898,200,140.59035619720817,qwen15b-npu3,
1782497985.5708783,200,116.32189201191068,qwen15b-npu4,
1782497985.5712433,200,128.091081045568,qwen15b-npu4,
1782497985.5732121,200,120.46117009595037,qwen15b-npu7,
1782497985.5735426,200,118.19697404280305,qwen15b-npu5,
1782497985.5742817,200,120.83119200542569,qwen15b-npu5,
1782497985.593024,200,145.81438014283776,qwen15b-npu6,
1782497985.5933049,200,130.90091990306973,qwen15b-npu4,
1782497985.5935898,200,130.6355777196586,qwen15b-npu4,
1782497985.5945814,200,151.05144632980227,qwen15b-npu6,
1782497985.5958145,200,139.8242600262165,qwen15b-npu6,
1782497985.5990648,200,130.90430991724133,qwen15b-npu3,
1782497985.5994308,200,136.78111881017685,qwen15b-npu3,
1782497985.6002727,200,138.16722901538014,qwen15b-npu7,
1782497985.6193652,200,139.69974918290973,qwen15b-npu6,
1782497985.6197736,200,125.41513284668326,qwen15b-npu6,
1782497985.621814,200,122.56378401070833,qwen15b-npu5,
1782497985.636777,200,141.59556198865175,qwen15b-npu3,
1782497985.6405125,200,117.64931073412299,qwen15b-npu4,
1782497985.646363,200,121.75982911139727,qwen15b-npu5,
1782497985.6467366,200,125.35750307142735,qwen15b-npu5,
1782497985.6521654,200,129.68421215191483,qwen15b-npu7,
1782497985.6534495,200,133.9305699802935,qwen15b-npu3,
1782497985.6640632,200,119.31762238964438,qwen15b-npu4,
1782497985.6692102,200,119.73385512828827,qwen15b-npu5,
1782497985.6806507,200,133.52783722802997,qwen15b-npu7,
1782497985.6818874,200,137.96349801123142,qwen15b-npu7,
1782497985.6826782,200,133.56868783012033,qwen15b-npu7,
1782497985.6829693,200,139.7308800369501,qwen15b-npu3,
1782497985.6835809,200,147.11487898603082,qwen15b-npu3,
1782497985.687521,200,117.52128042280674,qwen15b-npu4,
1782497985.6935236,200,120.22034777328372,qwen15b-npu5,
1782497985.6942387,200,120.59983098879457,qwen15b-npu5,
1782497985.7071078,200,137.7660660073161,qwen15b-npu7,
1782497985.7090628,200,137.69531482830644,qwen15b-npu3,
1782497985.709462,200,145.60254896059632,qwen15b-npu6,
1782497985.7099886,200,139.01435490697622,qwen15b-npu6,
1782497985.7103982,200,136.04523381218314,qwen15b-npu6,
1782497985.713955,200,120.24165829643607,qwen15b-npu4,
1782497985.714319,200,120.93708291649818,qwen15b-npu4,
1782497985.7149062,200,115.7501288689673,qwen15b-npu4,
1782497985.7179065,200,124.78776881471276,qwen15b-npu5,
1782497985.73548,200,139.5637379027903,qwen15b-npu7,
1782497985.7359118,200,136.38266688212752,qwen15b-npu7,
1782497985.7375236,200,137.18121265992522,qwen15b-npu6,
1782497985.738229,200,143.53992464020848,qwen15b-npu6,
1782497985.7614765,200,124.62576804682612,qwen15b-npu4,
1782497985.7653744,200,145.49576817080379,qwen15b-npu3,
1782497985.7656996,200,125.084790866822,qwen15b-npu3,
1782497985.766157,200,144.25812987610698,qwen15b-npu3,
1782497985.7679598,200,114.40855916589499,qwen15b-npu5,
1782497985.7688346,200,116.57718382775784,qwen15b-npu5,
1782497985.7739565,200,154.47632875293493,qwen15b-npu6,
1782497985.7926016,200,123.31535900011659,qwen15b-npu5,
1782497985.80058,200,153.68865383788943,qwen15b-npu7,
1782497985.8010027,200,136.82045880705118,qwen15b-npu7,
1782497985.802014,200,155.54421627894044,qwen15b-npu6,
1782497985.8110743,200,128.29770194366574,qwen15b-npu4,
1782497985.8116565,200,118.05399414151907,qwen15b-npu4,
1782497985.8124852,200,130.49401808530092,qwen15b-npu4,
1782497985.8170059,200,122.67194502055645,qwen15b-npu5,
1782497985.8179994,200,134.96563816443086,qwen15b-npu3,
1782497985.8182907,200,134.60395531728864,qwen15b-npu3,
1782497985.8281112,200,140.5215449631214,qwen15b-npu7,
1782497985.8308454,200,150.1239687204361,qwen15b-npu6,
1782497985.8337677,200,119.32326294481754,qwen15b-npu4,
1782497985.8429503,200,135.75837202370167,qwen15b-npu5,
1782497985.843453,200,132.9557541757822,qwen15b-npu5,
1782497985.8444028,200,134.30137326940894,qwen15b-npu3,
1782497985.8566864,200,147.5063618272543,qwen15b-npu7,
1782497985.8570635,200,143.00367096439004,qwen15b-npu7,
1782497985.8574836,200,147.88923412561417,qwen15b-npu7,
1782497985.8583949,200,122.79212521389127,qwen15b-npu4,
1782497985.8612237,200,146.20569301769137,qwen15b-npu6,
1782497985.8615298,200,143.52478506043553,qwen15b-npu6,
1782497985.8675098,200,129.9068541266024,qwen15b-npu5,
1782497985.8705597,200,134.54317394644022,qwen15b-npu3,
1782497985.881983,200,113.92590589821339,qwen15b-npu4,
1782497985.8823707,200,120.79544179141521,qwen15b-npu7,
1782497985.8881452,200,149.76482698693871,qwen15b-npu6,
1782497985.8918154,200,117.73416167125106,qwen15b-npu5,
1782497985.8921359,200,123.19267774000764,qwen15b-npu5,
1782497985.897898,200,132.43395974859595,qwen15b-npu3,
1782497985.9050157,200,112.33303602784872,qwen15b-npu4,
1782497985.9178796,200,152.04431163147092,qwen15b-npu6,
1782497985.9183109,200,152.04328205436468,qwen15b-npu6,
1782497985.9250126,200,124.32027608156204,qwen15b-npu3,
1782497985.925646,200,123.52380016818643,qwen15b-npu3,
1782497985.9293256,200,118.13758406788111,qwen15b-npu4,
1782497985.936306,200,135.19828906282783,qwen15b-npu7,
1782497985.9366689,200,124.08328475430608,qwen15b-npu7,
1782497985.9411376,200,129.36000991612673,qwen15b-npu5,
1782497985.941576,200,123.1766389682889,qwen15b-npu5,
1782497985.9473333,200,129.25407895818353,qwen15b-npu6,
1782497985.9525483,200,124.32977603748441,qwen15b-npu3,
1782497985.9529116,200,135.81068301573396,qwen15b-npu3,
1782497985.9640052,200,120.44745869934559,qwen15b-npu5,
1782497985.9644394,200,121.37712584808469,qwen15b-npu7,
1782497985.9648073,200,130.94419101253152,qwen15b-npu7,
1782497985.9657114,200,134.80145623907447,qwen15b-npu7,
1782497985.974559,200,130.0740041770041,qwen15b-npu6,
1782497985.9787276,200,117.41738859564066,qwen15b-npu4,
1782497985.9791336,200,108.50974917411804,qwen15b-npu4,
1782497985.980689,200,122.16756166890264,qwen15b-npu3,
1782497985.9810488,200,123.89602325856686,qwen15b-npu4,
1782497985.981319,200,119.69952518120408,qwen15b-npu3,
1782497985.9892616,200,132.46186962351203,qwen15b-npu7,
1782497986.0040457,200,146.46207494661212,qwen15b-npu6,
1782497986.0043404,200,136.7154996842146,qwen15b-npu6,
1782497986.0056832,200,117.45988996699452,qwen15b-npu3,
1782497986.0124962,200,130.056063644588,qwen15b-npu5,
1782497986.0129266,200,120.68739114329219,qwen15b-npu5,
1782497986.0252442,200,127.26993579417467,qwen15b-npu4,
1782497986.0313022,200,149.20956315472722,qwen15b-npu6,
1782497986.0321865,200,140.2981337159872,qwen15b-npu6,
1782497986.0359344,200,110.85871467366815,qwen15b-npu5,
1782497986.0428646,200,124.44300670176744,qwen15b-npu7,
1782497986.0434165,200,138.2939601317048,qwen15b-npu7,
1782497986.049893,200,120.48031995072961,qwen15b-npu4,
1782497986.059477,200,122.7185451425612,qwen15b-npu6,
1782497986.0608032,200,135.0702177733183,qwen15b-npu3,
1782497986.0610886,200,124.68317802995443,qwen15b-npu5,
1782497986.0617359,200,143.7387759797275,qwen15b-npu3,
1782497986.0620148,200,120.74862234294415,qwen15b-npu5,
1782497986.0684338,200,126.77790177986026,qwen15b-npu7,
1782497986.0752065,200,127.78010917827487,qwen15b-npu4,
1782497986.0756743,200,123.0320567265153,qwen15b-npu4,
1782497986.0876052,200,122.68244381994009,qwen15b-npu3,
1782497986.088384,200,135.36948058754206,qwen15b-npu3,
1782497986.0963314,200,121.71434797346592,qwen15b-npu7,
1782497986.096658,200,130.8487900532782,qwen15b-npu7,
1782497986.1002135,200,120.94683293253183,qwen15b-npu4,
1782497986.1010032,200,120.20766828209162,qwen15b-npu4,
1782497986.109511,200,130.67513890564442,qwen15b-npu5,
1782497986.1098554,200,120.52094005048275,qwen15b-npu5,
1782497986.1148987,200,133.46330728381872,qwen15b-npu3,
1782497986.115341,200,134.22575313597918,qwen15b-npu3,
1782497986.116991,200,152.8683784417808,qwen15b-npu6,
1782497986.1174123,200,152.86106802523136,qwen15b-npu6,
1782497986.1232674,200,118.85112896561623,qwen15b-npu7,
1782497986.1235766,200,117.8038720972836,qwen15b-npu7,
1782497986.1339474,200,129.83122281730175,qwen15b-npu5,
1782497986.1406834,200,127.63570807874203,qwen15b-npu3,
1782497986.1442268,200,131.61673489958048,qwen15b-npu6,
1782497986.1569917,200,124.69311943277717,qwen15b-npu5,
1782497986.16764,200,124.11414366215467,qwen15b-npu3,
1782497986.1732242,200,130.28610590845346,qwen15b-npu4,
1782497986.1735451,200,114.00427622720599,qwen15b-npu4,
1782497986.1738162,200,112.9480991512537,qwen15b-npu4,
1782497986.1754396,200,125.4442036151886,qwen15b-npu6,
1782497986.176036,200,150.6869629956782,qwen15b-npu6,
1782497986.1764295,200,145.05484607070684,qwen15b-npu6,
1782497986.176705,200,140.68570593371987,qwen15b-npu7,
1782497986.1814988,200,112.95922007411718,qwen15b-npu5,
1782497986.1939313,200,132.13312812149525,qwen15b-npu3,
1782497986.1946955,200,107.01097920536995,qwen15b-npu4,
1782497986.201235,200,139.1527047380805,qwen15b-npu6,
1782497986.2028968,200,127.11872393265367,qwen15b-npu7,
1782497986.2034285,200,142.27438671514392,qwen15b-npu7,
1782497986.2044165,200,129.11630794405937,qwen15b-npu7,
1782497986.2058177,200,117.3529690131545,qwen15b-npu5,
1782497986.206163,200,105.05934618413448,qwen15b-npu5,
1782497986.2193513,200,122.63094400987029,qwen15b-npu4,
1782497986.2197008,200,123.28682793304324,qwen15b-npu4,
1782497986.2209432,200,120.65114080905914,qwen15b-npu3,
1782497986.230936,200,120.94236304983497,qwen15b-npu5,
1782497986.2424016,200,119.03430987149477,qwen15b-npu4,
1782497986.2486584,200,131.13939203321934,qwen15b-npu3,
1782497986.2488017,200,139.21142602339387,qwen15b-npu3,
1782497986.2521532,200,118.12831507995725,qwen15b-npu5,
1782497986.255501,200,140.04097133874893,qwen15b-npu7,
1782497986.2585943,200,143.60907627269626,qwen15b-npu6,
1782497986.259281,200,135.6441522948444,qwen15b-npu6,
1782497986.259366,200,142.2616457566619,qwen15b-npu6,
1782497986.274321,200,117.26795881986618,qwen15b-npu3,
1782497986.2824614,200,138.1720290519297,qwen15b-npu7,
1782497986.2855616,200,144.8112428188324,qwen15b-npu6,
1782497986.2896514,200,121.90314009785652,qwen15b-npu4,
1782497986.2897875,200,115.87017867714167,qwen15b-npu4,
1782497986.2999694,200,118.4050259180367,qwen15b-npu5,
1782497986.300056,200,126.72836240381002,qwen15b-npu5,
1782497986.300159,200,124.01254288852215,qwen15b-npu5,
1782497986.310161,200,133.6556989699602,qwen15b-npu7,
1782497986.3102949,200,134.7698071040213,qwen15b-npu7,
1782497986.3127785,200,106.51204595342278,qwen15b-npu4,
1782497986.3144503,200,137.65046512708068,qwen15b-npu6,
1782497986.3146462,200,141.03811793029308,qwen15b-npu6,
1782497986.3147464,200,119.97650610283017,qwen15b-npu4,
1782497986.3212135,200,116.68417463079095,qwen15b-npu5,
1782497986.327869,200,124.37555706128478,qwen15b-npu3,
1782497986.3280315,200,134.04045114293694,qwen15b-npu3,
1782497986.3379745,200,136.6768190637231,qwen15b-npu7,
1782497986.3381135,200,135.1581490598619,qwen15b-npu7,
1782497986.3382428,200,117.19340784475207,qwen15b-npu7,
1782497986.340473,200,134.55613423138857,qwen15b-npu6,
1782497986.3547802,200,135.31409995630383,qwen15b-npu3,
1782497986.3548903,200,135.13097818940878,qwen15b-npu3,
1782497986.3668082,200,135.75213216245174,qwen15b-npu6,
