ts,status,latency_ms,backend,error
1782497802.753027,200,225.13518994674087,,
1782497802.791166,200,254.16191574186087,,
1782497802.7914398,200,260.9044509008527,,
1782497802.7917042,200,257.1672759950161,,
1782497802.7922127,200,254.34409733861685,,
1782497802.7924554,200,250.94026373699307,,
1782497802.793164,200,264.63142735883594,,
1782497802.7934146,200,259.9101853556931,,
1782497802.7941864,200,251.9888519309461,,
1782497802.7944677,200,256.04627886787057,,
1782497802.7947712,200,253.822464030236,,
1782497802.7950087,200,263.6976200155914,,
1782497802.796359,200,260.1387659087777,,
1782497802.7968893,200,257.9985521733761,,
1782497802.797223,200,267.1744739636779,,
1782497802.7974706,200,268.1396109983325,,
1782497802.798215,200,257.914072368294,,
1782497802.7984672,200,271.9733873382211,,
1782497802.7988038,200,259.07650915905833,,
1782497802.7996025,200,263.91034200787544,,
1782497802.800269,200,268.3055317029357,,
1782497802.8219318,200,278.49244978278875,,
1782497802.8236647,200,275.3535588271916,,
1782497802.823906,200,281.2421186827123,,
1782497802.8241546,200,278.4493900835514,,
1782497802.8248274,200,278.58136082068086,,
1782497802.8252943,200,280.2076921798289,,
1782497802.825542,200,277.68629416823387,,
1782497802.8258245,200,278.5896509885788,,
1782497802.8260527,200,281.5579609014094,,
1782497802.8268359,200,280.14356130734086,,
1782497802.8275588,200,283.58519496396184,,
1782497802.9314013,200,178.30116394907236,,
1782497803.0251894,200,233.95551880821586,,
1782497803.0644152,200,264.7475269623101,,
1782497803.0651555,200,266.6236297227442,,
1782497803.0658565,200,271.3210522197187,,
1782497803.0660834,200,271.0057199001312,,
1782497803.066349,200,269.9256120249629,,
1782497803.066584,200,271.7529251240194,,
1782497803.0672956,200,270.00120282173157,,
1782497803.0675423,200,243.56899363920093,,
1782497803.068073,200,246.07841204851866,,
1782497803.0687656,200,269.8932830244303,,
1782497803.0694938,200,269.15093790739775,,
1782497803.0697424,200,278.231477830559,,
1782497803.0699792,200,276.4912471175194,,
1782497803.0702505,200,272.7132118307054,,
1782497803.0707304,200,278.45114981755614,,
1782497803.0712485,200,279.4718071818352,,
1782497803.0715134,200,278.9946240372956,,
1782497803.0718074,200,247.5830507464707,,
1782497803.072045,200,275.0849979929626,,
1782497803.0730631,200,278.8069532252848,,
1782497803.0738344,200,275.5472813732922,,
1782497803.0742214,200,280.99258802831173,,
1782497803.0938785,200,267.99129927530885,,
1782497803.0954766,200,269.3596091121435,,
1782497803.0959203,200,272.18894800171256,,
1782497803.0961497,200,270.5407668836415,,
1782497803.096399,200,269.492959138006,,
1782497803.096635,200,271.73658506944776,,
1782497803.0968826,200,269.25569819286466,,
1782497803.0974407,200,272.0814668573439,,
1782497803.1121356,200,180.6705598719418,,
1782497803.1980796,200,172.82695695757866,,
1782497803.2926087,200,225.00027902424335,,
1782497803.2928545,200,226.20966797694564,,
1782497803.293129,200,228.64999389275908,,
1782497803.3269715,200,259.60411317646503,,
1782497803.3274727,200,259.3381106853485,,
1782497803.3277097,200,261.29659404978156,,
1782497803.327956,200,256.36745104566216,,
1782497803.3282077,200,257.89096066728234,,
1782497803.32889,200,263.6706200428307,,
1782497803.329414,200,258.62022722139955,,
1782497803.3296337,200,260.0685958750546,,
1782497803.3299162,200,258.6015360429883,,
1782497803.3301601,200,264.0039031393826,,
1782497803.3304253,200,264.5115056075156,,
1782497803.3306785,200,261.8478280492127,,
1782497803.3313062,200,261.26422407105565,,
1782497803.3316293,200,261.826828122139,,
1782497803.3565123,200,260.0481859408319,,
1782497803.35699,200,244.7929927147925,,
1782497803.3572192,200,260.51440881565213,,
1782497803.3576622,200,261.6782672703266,,
1782497803.358426,200,262.8819951787591,,
1782497803.3591194,200,262.9033550620079,,
1782497803.3593652,200,285.45887814834714,,
1782497803.3598735,200,288.00722397863865,,
1782497803.360133,200,263.1823271512985,,
1782497803.3604035,200,286.11391177400947,,
1782497803.3609135,200,287.78032306581736,,
1782497803.361172,200,267.23070396110415,,
1782497803.3614533,200,263.9348618686199,,
1782497803.3617334,200,289.623836055398,,
1782497803.3818192,200,183.67509031668305,,
1782497803.507756,200,215.07898205891252,,
1782497803.508207,200,215.01211216673255,,
1782497803.5084486,200,215.52588511258364,,
1782497803.5631464,200,232.65425115823746,,
1782497803.563595,200,234.12024090066552,,
1782497803.5638292,200,235.55504996329546,,
1782497803.5640745,200,237.03453037887812,,
1782497803.5643172,200,236.77996918559074,,
1782497803.5648751,200,237.09888011217117,,
1782497803.5655785,200,237.5515536405146,,
1782497803.5658205,200,236.86692025512457,,
1782497803.600633,200,269.26087820902467,,
1782497803.6008785,200,270.1331740245223,,
1782497803.601129,200,270.89203894138336,,
1782497803.601368,200,244.7901931591332,,
1782497803.601571,200,271.5872642584145,,
1782497803.6017873,200,244.50229108333588,,
1782497803.6020255,200,244.9734341353178,,
1782497803.6022658,200,240.7411658205092,,
1782497803.6024983,200,244.00715716183186,,
1782497803.6027389,200,241.50057043880224,,
1782497803.6029558,200,243.76883590593934,,
1782497803.603492,200,244.05651818960905,,
1782497803.604297,200,244.34959003701806,,
1782497803.604592,200,222.71179407835007,,
1782497803.605104,200,247.37543985247612,,
1782497803.6054726,200,243.6777357943356,,
1782497803.6057436,200,245.27356587350368,,
1782497803.6060057,200,276.31042525172234,,
1782497803.6062622,200,245.28123578056693,,
1782497803.6065,200,274.79890594258904,,
1782497803.6069543,200,246.7529671266675,,
1782497803.7212849,200,213.01104919984937,,
1782497803.721728,200,213.21270009502769,,
1782497803.7219682,200,214.1411160118878,,
1782497803.7829623,200,218.82253838703036,,
1782497803.783257,200,218.3191841468215,,
1782497803.7835286,200,220.31688783317804,,
1782497803.7837772,200,219.39375111833215,,
1782497803.7839987,200,220.34135786816478,,
1782497803.7842364,200,218.58642576262355,,
1782497803.7844925,200,220.5943688750267,,
1782497803.7847176,200,218.82864832878113,,
1782497803.818575,200,216.48435108363628,,
1782497803.8195677,200,216.01251792162657,,
1782497803.8217578,200,219.9031850323081,,
1782497803.8229072,200,217.3599279485643,,
1782497803.823164,200,216.59683203324676,,
1782497803.823647,200,222.9457562789321,,
1782497803.8238707,200,216.84622392058372,,
1782497803.8241231,200,218.30893401056528,,
1782497803.824367,200,218.03987305611372,,
1782497803.8246114,200,219.95108481496572,,
1782497803.8248634,200,219.6950428187847,,
1782497803.8251014,200,223.46934862434864,,
1782497803.8253481,200,220.98198207095265,,
1782497803.825567,200,224.62055692449212,,
1782497803.8257906,200,222.77211397886276,,
1782497803.8261304,200,220.0567750260234,,
1782497803.8263679,200,223.5702290199697,,
1782497803.826648,200,225.45486176386476,,
1782497803.827116,200,224.55162601545453,,
1782497803.8275032,200,226.08056711032987,,
1782497803.8281708,200,225.8414151147008,,
1782497803.9443355,200,222.983555868268,,
1782497803.944808,200,222.77115378528833,,
1782497803.945062,200,223.26876688748598,,
1782497804.0022113,200,219.16009904816747,,
1782497804.0024645,200,218.39921502396464,,
1782497804.0027118,200,218.87498814612627,,
1782497804.0034215,200,218.86871801689267,,
1782497804.0039191,200,220.32205807045102,,
1782497804.0043995,200,219.6176927536726,,
1782497804.004628,200,220.31863825395703,,
1782497804.0049012,200,221.57031670212746,,
1782497804.038715,200,212.853716686368,,
1782497804.038965,200,215.25970427319407,,
1782497804.0392356,200,212.52738498151302,,
1782497804.0394773,200,220.83645081147552,,
1782497804.040333,200,214.70481995493174,,
1782497804.040603,200,217.3670381307602,,
1782497804.0408654,200,212.62183506041765,,
1782497804.0416243,200,216.45314106717706,,
1782497804.0421073,200,214.53740913420916,,
1782497804.0426028,200,220.77578119933605,,
1782497804.0430646,200,216.8650538660586,,
1782497804.0433452,200,216.15803893655539,,
1782497804.043589,200,218.1805232539773,,
1782497804.0440621,200,219.38577061519027,,
1782497804.044623,200,218.18795334547758,,
1782497804.0449183,200,220.9774423390627,,
1782497804.0451818,200,222.20730129629374,,
1782497804.0455847,200,225.94782523810863,,
1782497804.0458062,200,221.3713452219963,,
1782497804.0460665,200,221.1402328684926,,
1782497804.0463274,200,222.13457990437746,,
1782497804.1651082,200,220.69973964244127,,
1782497804.1653934,200,220.5134187825024,,
1782497804.165698,200,220.56552907451987,,
1782497804.2232397,200,218.78034714609385,,
1782497804.2235017,200,220.01575585454702,,
1782497804.22376,200,221.48511512205005,,
1782497804.2240167,200,219.0488986670971,,
1782497804.2244604,200,221.67886700481176,,
1782497804.2253084,200,222.774064168334,,
1782497804.2256024,200,221.6140767559409,,
1782497804.2259302,200,221.22812364250422,,
1782497804.2585592,200,213.56541197746992,,
1782497804.2610774,200,215.42913373559713,,
1782497804.261325,200,217.6768397912383,,
1782497804.2619896,200,217.85063110291958,,
1782497804.2622383,200,215.84466705098748,,
1782497804.2624738,200,221.7973079532385,,
1782497804.2627265,200,219.5843020454049,,
1782497804.262948,200,216.82040393352509,,
1782497804.263214,200,217.96618169173598,,
1782497804.2639306,200,225.14675138518214,,
1782497804.2642488,200,223.84883183985949,,
1782497804.264777,200,225.47235200181603,,
1782497804.2650068,200,223.31362823024392,,
1782497804.2652433,200,220.55798908695579,,
1782497804.2654784,200,219.60675297304988,,
1782497804.2657943,200,224.85344763845205,,
1782497804.2661128,200,226.57199017703533,,
1782497804.2664523,200,223.04197633638978,,
1782497804.2667396,200,224.0723422728479,,
1782497804.2669475,200,227.9117191210389,,
1782497804.2672167,200,225.04140995442867,,
1782497804.386701,200,221.2286931462586,,
1782497804.3873463,200,221.57521592453122,,
1782497804.3875945,200,222.39608131349087,,
1782497804.4454463,200,222.1389301121235,,
1782497804.4457166,200,220.3469481319189,,
1782497804.4459715,200,220.3016676940024,,
1782497804.4464989,200,222.9275549761951,,
1782497804.446766,200,222.23405074328184,,
1782497804.4470403,200,222.9442852549255,,
1782497804.4473925,200,223.57304906472564,,
1782497804.4478717,200,221.86997812241316,,
1782497804.4925127,200,225.50212312489748,,
1782497804.4928067,200,226.29215801134706,,
1782497804.4930665,200,231.91985581070185,,
1782497804.4933143,200,230.03164306282997,,
1782497804.4935362,200,232.148468028754,,
1782497804.4937594,200,231.4559118822217,,
1782497804.4940174,200,226.74852097406983,,
1782497804.4942453,200,228.3801520243287,,
1782497804.4945068,200,230.18837394192815,,
1782497804.4947534,200,228.57571300119162,,
1782497804.4949815,200,229.6739909797907,,
1782497804.49572,200,230.17718503251672,,
1782497804.496097,200,233.55025704950094,,
1782497804.49638,200,233.3631361834705,,
1782497804.4966118,200,229.80743180960417,,
1782497804.496859,200,232.01596597209573,,
1782497804.4974942,200,233.49876701831818,,
1782497804.4986422,200,233.56957687065005,,
1782497804.499023,200,236.9628599844873,,
1782497804.4997716,200,236.98560008779168,,
1782497804.5000358,200,241.41243007034063,,
1782497804.6155863,200,227.91391890496016,,
1782497804.6158383,200,229.03002705425024,,
1782497804.6160955,200,228.68729382753372,,
1782497804.6733465,200,226.50293912738562,,
1782497804.6735673,200,226.1003158055246,,
1782497804.673793,200,228.00441971048713,,
1782497804.6740055,200,226.88774159178138,,
1782497804.6742516,200,228.22160087525845,,
1782497804.6744704,200,227.91314823552966,,
1782497804.6746962,200,226.76635114476085,,
1782497804.6749039,200,229.37955800443888,,
1782497804.7093766,200,216.2410099990666,,
1782497804.7096171,200,214.80000112205744,,
1782497804.710055,200,215.73432674631476,,
1782497804.710305,200,216.47292096167803,,
1782497804.7105498,200,214.37762724235654,,
1782497804.7107775,200,214.10061558708549,,
1782497804.7110043,200,211.90968109294772,,
1782497804.7112489,200,214.80215061455965,,
1782497804.711494,200,218.61526602879167,,
1782497804.7117217,200,215.93465795740485,,
1782497804.711981,200,213.2796896621585,,
1782497804.7127063,200,212.59819576516747,,
1782497804.7129455,200,220.33841721713543,,
1782497804.7131803,200,215.6150760129094,,
1782497804.7134078,200,220.03216482698917,,
1782497804.713673,200,219.59372283890843,,
1782497804.7139146,200,220.31874815002084,,
1782497804.7141576,200,217.22743567079306,,
1782497804.714388,200,214.55689892172813,,
1782497804.714765,200,220.18806729465723,,
1782497804.7151568,200,220.11258592829108,,
1782497804.8351898,200,219.28236121311784,,
1782497804.835464,200,219.8075749911368,,
1782497804.8358219,200,219.6562229655683,,
1782497804.8927388,200,219.32248072698712,,
1782497804.8931026,200,218.5663259588182,,
1782497804.8933737,200,218.40926492586732,,
1782497804.893606,200,219.2940511740744,,
1782497804.8938415,200,219.99101620167494,,
1782497804.8940654,200,219.99205509200692,,
1782497804.8948088,200,220.05577571690083,,
1782497804.895056,200,221.42734471708536,,
1782497804.9287596,200,216.97457507252693,,
1782497804.9296796,200,215.69736720994115,,
1782497804.9299147,200,216.66856342926621,,
1782497804.9303653,200,217.59658865630627,,
1782497804.9308054,200,221.12522274255753,,
1782497804.931017,200,221.5736759826541,,
1782497804.9312694,200,217.0504149980843,,
1782497804.9317243,200,218.71305583044887,,
1782497804.9330366,200,222.1954301930964,,
1782497804.9334638,200,218.237133231014,,
1782497804.933909,200,223.53484900668263,,
1782497804.934119,200,223.05019572377205,,
1782497804.9345376,200,220.08567629382014,,
1782497804.9348,200,222.74882392957807,,
1782497804.935061,200,221.32747387513518,,
1782497804.9353504,200,220.5203790217638,,
1782497804.9355547,200,224.23851396888494,,
1782497804.9358845,200,225.27092089876533,,
1782497804.936127,200,224.5687758550048,,
1782497804.9364915,200,226.3670489192009,,
1782497804.9375696,200,224.08860316500068,,
1782497804.973,200,137.4742677435279,,
1782497804.973307,200,137.41942821070552,,
1782497804.9736054,200,138.32500437274575,,
1782497805.1099231,200,216.48193243891,,
1782497805.1101706,200,215.041761752218,,
1782497805.110403,200,216.7314630933106,,
1782497805.1106994,200,217.51817921176553,,
1782497805.110928,200,218.08132203295827,,
1782497805.1371868,200,243.06649109348655,,
1782497805.1374285,200,242.55696684122086,,
1782497805.1377141,200,243.80361614748836,,
1782497805.168688,200,234.50870299711823,,
1782497805.1689508,200,234.0853800997138,,
1782497805.1691685,200,238.30228904262185,,
1782497805.169582,200,238.2554393261671,,
1782497805.169805,200,236.27710482105613,,
1782497805.1701593,200,239.7335576824844,,
1782497805.1703959,200,241.5625210851431,,
1782497805.1712253,200,236.6186180151999,,
1782497805.1714962,200,239.6949678659439,,
1782497805.171752,200,242.00744414702058,,
1782497805.1723542,200,241.27880902960896,,
1782497805.1979063,200,264.8066678084433,,
1782497805.1981413,200,261.94888819009066,,
1782497805.1983774,200,225.28898110613227,,
1782497805.1988099,200,268.83493503555655,,
1782497805.1995814,200,263.96556245163083,,
1782497805.1998065,200,263.8575118035078,,
1782497805.2003236,200,264.9187287315726,,
1782497805.2005575,200,226.88981192186475,,
1782497805.2007785,200,265.6508437357843,,
1782497805.2010257,200,267.0603129081428,,
1782497805.2014682,200,264.88563884049654,,
1782497805.2018335,200,228.46107184886932,,
1782497805.2020733,200,264.44127643480897,,
1782497805.2874918,200,177.49046860262752,,
1782497805.2881773,200,177.178505808115,,
1782497805.2884521,200,178.22088301181793,,
1782497805.2886684,200,177.90442192927003,,
1782497805.288948,200,178.46718523651361,,
1782497805.3704076,200,233.15282398834825,,
1782497805.371152,200,233.37892582640052,,
1782497805.3714619,200,233.9701196178794,,
1782497805.4298744,200,259.65311331674457,,
1782497805.4301147,200,259.6359830349684,,
1782497805.4303768,200,258.8090170174837,,
1782497805.4325716,200,263.56109883636236,,
1782497805.432816,200,260.99575171247125,,
1782497805.4330416,200,263.80679104477167,,
1782497805.4332929,200,261.9948689825833,,
1782497805.4335308,200,261.1083029769361,,
1782497805.4337692,200,263.89584224671125,,
1782497805.4339888,200,265.2208614163101,,
1782497805.4342184,200,264.577335678041,,
1782497805.4618418,200,262.1953203342855,,
1782497805.4623063,200,264.09824285656214,,
1782497805.4625413,200,260.4047991335392,,
1782497805.4627714,200,263.89155164361,,
1782497805.4630125,200,261.1115728504956,,
1782497805.4632604,200,262.86989357322454,,
1782497805.4635549,200,262.93638488277793,,
1782497805.4642103,200,266.2388477474451,,
1782497805.4644473,200,263.36466800421476,,
1782497805.46493,200,263.3984787389636,,
1782497805.46544,200,265.56345308199525,,
1782497805.465699,200,264.84593795612454,,
1782497805.466439,200,267.9993500933051,,
1782497805.485034,200,197.47484335675836,,
1782497805.485475,200,196.96325901895761,,
1782497805.4857357,200,196.71631790697575,,
1782497805.486184,200,197.45472306385636,,
1782497805.4864476,200,198.19916784763336,,
1782497805.554558,200,184.0623328462243,,
1782497805.5547957,200,183.2698667421937,,
1782497805.5549934,200,183.77869063988328,,
1782497805.6520066,200,221.81565780192614,,
1782497805.6522765,200,221.83786798268557,,
1782497805.685608,200,252.72741680964828,,
1782497805.6858501,200,255.90921798720956,,
1782497805.686091,200,251.8093902617693,,
1782497805.6863203,200,253.67810297757387,,
1782497805.6865406,200,252.48612510040402,,
1782497805.6868436,200,253.25019983574748,,
1782497805.6870635,200,253.95697494968772,,
1782497805.6873107,200,253.9476938545704,,
1782497805.687568,200,253.7349034100771,,
1782497805.7203357,200,254.82050981372595,,
1782497805.7205837,200,256.06886856257915,,
1782497805.721287,200,258.20726389065385,,
1782497805.721521,200,235.27441825717688,,
1782497805.7219808,200,236.88221909105778,,
1782497805.7222164,200,236.4096762612462,,
1782497805.7228653,200,260.2598569355905,,
1782497805.7230687,200,260.2300466969609,,
1782497805.7233,200,256.7958743311465,,
1782497805.7235417,200,237.0315808802843,,
1782497805.7238016,200,261.43073569983244,,
1782497805.7240348,200,258.26463429257274,,
1782497805.725113,200,260.8376108109951,,
1782497805.7254388,200,239.90382999181747,,
1782497805.7256796,200,260.6805502437055,,
1782497805.7261531,200,264.24402510747313,,
1782497805.726536,200,263.2120968773961,,
1782497805.726857,200,263.2345468737185,,
1782497805.7815402,200,226.68153000995517,,
1782497805.7817988,200,226.74562083557248,,
1782497805.7820556,200,227.43193618953228,,
1782497805.8778853,200,225.80854501575232,,
1782497805.8781536,200,225.8094851858914,,
1782497805.9106297,200,223.48728869110346,,
1782497805.911381,200,224.008962046355,,
1782497805.912071,200,225.15760036185384,,
1782497805.9123049,200,225.92263482511044,,
1782497805.9126506,200,226.97635274380445,,
1782497805.9128993,200,225.26922123506665,,
1782497805.9131145,200,226.51068028062582,,
1782497805.913381,200,227.46391594409943,,
1782497805.9140828,200,227.92634880170226,,
1782497805.9448278,200,220.7240597344935,,
1782497805.9477584,200,226.40687879174948,,
1782497805.9479918,200,222.8097841143608,,
1782497805.948432,200,222.68305299803615,,
1782497805.948672,200,223.17129699513316,,
1782497805.948899,200,225.2995017915964,,
1782497805.9491212,200,222.20042999833822,,
1782497805.9494312,200,226.51235898956656,,
1782497805.949672,200,223.0653460137546,,
1782497805.949898,200,226.53899900615215,,
1782497805.95012,200,223.90436194837093,,
1782497805.950426,200,228.83704537525773,,
1782497805.9511893,200,230.78335775062442,,
1782497805.952046,200,231.39539267867804,,
1782497805.9522614,200,229.98530324548483,,
1782497805.952545,200,228.67981437593699,,
1782497805.9529572,200,230.9093289077282,,
1782497805.953289,200,230.14996433630586,,
1782497806.009002,200,227.38958476111293,,
1782497806.0092459,200,227.12705377489328,,
1782497806.0094936,200,227.6315470226109,,
1782497806.1069405,200,228.9837570860982,,
1782497806.107332,200,229.10971706733108,,
1782497806.1397102,200,226.97948338463902,,
1782497806.1399689,200,229.271387681365,,
1782497806.1402361,200,227.8584181331098,,
1782497806.140462,200,226.31228808313608,,
1782497806.1407206,200,227.2691153921187,,
1782497806.1411886,200,228.00849005579948,,
1782497806.1417582,200,228.79268508404493,,
1782497806.1420712,200,230.622086673975,,
1782497806.143111,200,230.98056996241212,,
1782497806.1777105,200,224.68708734959364,,
1782497806.1782663,200,233.36970573291183,,
1782497806.178543,200,230.48263601958752,,
1782497806.17926,200,230.07459426298738,,
1782497806.1795022,200,227.3892560042441,,
1782497806.179741,200,228.4683920443058,,
1782497806.180005,200,227.67543699592352,,
1782497806.1804895,200,229.99904304742813,,
1782497806.1807775,200,231.8173749372363,,
1782497806.1810887,200,228.47888199612498,,
1782497806.1815577,200,228.20034017786384,,
1782497806.1823325,200,232.37104900181293,,
1782497806.1826205,200,232.88403311744332,,
1782497806.1828992,200,234.16469106450677,,
1782497806.183493,200,234.99333625659347,,
1782497806.1838524,200,236.02917417883873,,
1782497806.184119,200,234.61924400180578,,
1782497806.1847332,200,234.54986419528723,,
1782497806.2041242,200,195.0534270144999,,
1782497806.2043762,200,194.8177251033485,,
1782497806.2046385,200,195.3332987613976,,
1782497806.3329694,200,225.92035634443164,,
1782497806.3332357,200,225.8133850991726,,
1782497806.3951676,200,253.02174920216203,,
1782497806.396069,200,255.53678628057241,,
1782497806.3965235,200,256.4776921644807,,
1782497806.396743,200,255.95495803281665,,
1782497806.3969648,200,255.70556661114097,,
1782497806.3971941,200,256.8976441398263,,
1782497806.397673,200,254.49645891785622,,
1782497806.3979294,200,256.1098490841687,,
1782497806.3983283,200,258.5469358600676,,
1782497806.4319668,200,227.77035785838962,,
1782497806.43286,200,228.1529800966382,,
1782497806.4330845,200,250.39087096229196,,
1782497806.4335413,200,252.69691599532962,,
1782497806.433784,200,254.21665608882904,,
1782497806.4340255,200,251.0564150288701,,
1782497806.434484,200,256.67542265728116,,
1782497806.4349284,200,255.6017260067165,,
1782497806.4356136,200,257.27212708443403,,
1782497806.4358487,200,253.45075130462646,,
1782497806.4361105,200,252.55419500172138,,
1782497806.4363792,200,256.31343061104417,,
1782497806.4365947,200,255.44577417895198,,
1782497806.4368134,200,252.01464211568236,,
1782497806.437069,200,253.14929988235235,,
1782497806.4374597,200,253.2813400030136,,
1782497806.437948,200,257.3887277394533,,
1782497806.4386945,200,257.0656859315932,,
1782497806.4389863,200,260.371217969805,,
1782497806.439747,200,235.30498892068863,,
1782497806.4402382,200,260.42112801223993,,
1782497806.5625224,200,229.4834698550403,,
1782497806.5628166,200,229.5153196901083,,
1782497806.6256084,200,229.0255669504404,,
1782497806.6258335,200,229.01755617931485,,
1782497806.6260817,200,229.9482529051602,,
1782497806.6263034,200,227.91665932163596,,
1782497806.6265223,200,228.5289131104946,,
1782497806.6267602,200,229.51433900743723,,
1782497806.6270027,200,231.76309466362,,
1782497806.6272368,200,230.2124253474176,,
1782497806.6274695,200,229.7182511538267,,
1782497806.6609802,200,227.1256227977574,,
1782497806.6628504,200,226.19390673935413,,
1782497806.6630838,200,228.99469593539834,,
1782497806.6633532,200,226.22087830677629,,
1782497806.6638224,200,226.94480326026678,,
1782497806.6640663,200,227.6278669014573,,
1782497806.664301,200,223.99053210392594,,
1782497806.6645477,200,231.39805300161242,,
1782497806.6647663,200,231.8447451107204,,
1782497806.6649861,200,226.97736276313663,,
1782497806.6652071,200,226.14772710949183,,
1782497806.6654928,200,229.5831199735403,,
1782497806.6657557,200,226.9870829768479,,
1782497806.666036,200,228.51142333820462,,
1782497806.6666486,200,233.03907411172986,,
1782497806.6674063,200,231.2122411094606,,
1782497806.667683,200,235.64371094107628,,
1782497806.667954,200,228.1357911415398,,
1782497806.6684234,200,233.87492867186666,,
1782497806.668864,200,233.1846454180777,,
1782497806.669799,200,234.80740515515208,,
1782497806.708747,200,146.14970702677965,,
1782497806.7090352,200,146.15328703075647,,
1782497806.8050253,200,178.19471331313252,,
1782497806.8055048,200,178.43748396262527,,
1782497806.80598,200,179.83802501112223,,
1782497806.80623,200,180.5543089285493,,
1782497806.8065782,200,179.27632108330727,,
1782497806.8068097,200,179.2756598442793,,
1782497806.8331392,200,206.7743157967925,,
1782497806.8335829,200,207.67993200570345,,
1782497806.8338306,200,207.24839018657804,,
1782497806.8622525,200,197.64319388195872,,
1782497806.8625076,200,197.46026303619146,,
1782497806.8627484,200,198.6173610202968,,
1782497806.8630452,200,199.61788784712553,,
1782497806.8634014,200,202.34811631962657,,
1782497806.8977695,200,232.93970292434096,,
1782497806.9006646,200,235.39217002689838,,
1782497806.9009306,200,234.20826205983758,,
1782497806.901168,200,192.3435078933835,,
1782497806.9018645,200,234.1163312084973,,
1782497806.9020815,200,237.71096486598253,,
1782497806.9025369,200,233.60631661489606,,
1782497806.9027722,200,235.3007490746677,,
1782497806.9030023,200,236.8970401585102,,
1782497806.9032862,200,235.26649875566363,,
1782497806.9035249,200,233.6521870456636,,
1782497806.9040203,200,235.54350109770894,,
1782497806.904251,200,238.43435011804104,,
1782497806.9047844,200,241.61890195682645,,
1782497806.9050555,200,239.49728766456246,,
1782497806.90566,200,241.77128309383988,,
1782497806.9061804,200,197.08085106685758,,
1782497806.9064605,200,243.5459839180112,,
1782497806.9500625,200,144.49876500293612,,
1782497806.9509418,200,145.83468390628695,,
1782497806.95122,200,144.9261880479753,,
1782497806.9514704,200,144.81685822829604,,
1782497806.9518015,200,145.7509440369904,,
1782497806.9520936,200,145.2163397334516,,
1782497807.0168357,200,183.62704990431666,,
1782497807.0172958,200,183.64423979073763,,
1782497807.0175407,200,183.64818021655083,,
1782497807.0886521,200,226.32550774142146,,
1782497807.0896113,200,226.14087723195553,,
1782497807.0898592,200,227.28447383269668,,
1782497807.0901089,200,226.9749427214265,,
1782497807.0904343,200,227.62408712878823,,
1782497807.1519055,200,250.66906213760376,,
1782497807.1537282,200,252.73058703169227,,
1782497807.153981,200,256.14503864198923,,
1782497807.1542363,200,251.63393886759877,,
1782497807.1544757,200,250.15614880248904,,
1782497807.1546986,200,253.96726513281465,,
1782497807.154923,200,253.00111901015043,,
1782497807.1551628,200,252.32625287026167,,
1782497807.155446,200,250.58378232643008,,
1782497807.155741,200,252.3870738223195,,
1782497807.1559944,200,252.92046833783388,,
1782497807.156246,200,252.15928303077817,,
1782497807.1568217,200,254.6723992563784,,
1782497807.1576626,200,251.93357095122337,,
1782497807.1579545,200,252.8355368413031,,
1782497807.179491,200,272.96960400417447,,
1782497807.1805854,200,274.3381722830236,,
1782497807.1810489,200,230.91786913573742,,
1782497807.181547,200,229.66089006513357,,
1782497807.181782,200,230.48772616311908,,
1782497807.1820085,200,230.99562991410494,,
1782497807.1822445,200,278.647530823946,,
1782497807.1824772,200,230.3118552081287,,
1782497807.1827927,200,231.2542120926082,,
1782497807.2032733,200,185.90882513672113,,
1782497807.203507,200,185.90418621897697,,
1782497807.2038052,200,186.89841218292713,,
1782497807.2310216,200,142.2866298817098,,
1782497807.231299,200,141.11637324094772,,
1782497807.2315295,200,141.60257577896118,,
1782497807.2318423,200,142.16460986062884,,
1782497807.2320716,200,141.56888611614704,,
1782497807.368619,200,214.8185600526631,,
1782497807.3689556,200,216.98244521394372,,
1782497807.4154923,200,233.6439280770719,,
1782497807.4177117,200,260.8226612210274,,
1782497807.418139,200,263.15036695450544,,
1782497807.4194794,200,238.83407330140471,,
1782497807.4197257,200,261.9947390630841,,
1782497807.4199696,200,216.63153171539307,,
1782497807.4202018,200,265.8975459635258,,
1782497807.4204152,200,238.09628700837493,,
1782497807.4206407,200,265.13299997895956,,
1782497807.4213424,200,267.29595474898815,,
1782497807.421569,200,238.70667163282633,,
1782497807.4218073,200,217.93351229280233,,
1782497807.4220257,200,264.0084121376276,,
1782497807.422231,200,241.11579870805144,,
1782497807.4225178,200,267.28847390040755,,
1782497807.422813,200,243.2566420175135,,
1782497807.4230535,200,240.9796970896423,,
1782497807.4233088,200,268.54572305455804,,
1782497807.4235387,200,267.7295971661806,,
1782497807.423749,200,267.4406161531806,,
1782497807.4239423,200,267.87469908595085,,
1782497807.424222,200,269.6848209016025,,
1782497807.424898,200,221.3280750438571,,
1782497807.4251556,200,242.61313769966364,,
1782497807.4255426,200,243.93421690911055,,
1782497807.4466243,200,215.53072473034263,,
1782497807.4472187,200,215.07532196119428,,
1782497807.4475033,200,215.9096379764378,,
1782497807.4477386,200,216.37415140867233,,
1782497807.4484866,200,216.57249284908175,,
1782497807.5524938,200,183.75655123963952,,
1782497807.5528255,200,183.80258092656732,,
1782497807.6483202,200,226.9090018235147,,
1782497807.6909204,200,271.12475084140897,,
1782497807.6913757,200,270.8990992978215,,
1782497807.6916022,200,273.3901357278228,,
1782497807.6918144,200,274.039750918746,,
1782497807.6920648,200,272.51519029960036,,
1782497807.692278,200,271.5784339234233,,
1782497807.6924927,200,269.897541962564,,
1782497807.6927001,200,272.66412088647485,,
1782497807.6929016,200,270.82183910533786,,
1782497807.6931574,200,268.8704957254231,,
1782497807.6934524,200,271.81513607501984,,
1782497807.693753,200,269.7449107654393,,
1782497807.6940112,200,271.1356310173869,,
1782497807.6942716,200,278.70106091722846,,
1782497807.6953928,200,275.1337378285825,,
1782497807.721108,200,273.81471917033195,,
1782497807.7217607,200,298.1630330905318,,
1782497807.7221658,200,299.8822550289333,,
1782497807.722385,200,273.8186293281615,,
1782497807.722635,200,299.5003121905029,,
1782497807.7228556,200,299.0555693395436,,
1782497807.7230525,200,301.1832837946713,,
1782497807.7234893,200,275.9247929789126,,
1782497807.7236834,200,298.0803931131959,,
1782497807.7240808,200,277.3472829721868,,
1782497807.7243757,200,299.416801892221,,
1782497807.7252038,200,299.9539850279689,,
1782497807.72573,200,277.9193469323218,,
1782497807.7260826,200,302.71612387150526,,
1782497807.744489,200,191.9017150066793,,
1782497807.7447653,200,191.86585489660501,,
1782497807.8271518,200,178.74852707609534,,
1782497807.9230678,200,230.3102849982679,,
1782497807.9235559,200,230.59866670519114,,
1782497807.924094,200,232.43338940665126,,
1782497807.9243422,200,232.90635319426656,,
1782497807.9555728,200,263.4478691034019,,
1782497807.9558175,200,262.2843310236931,,
1782497807.9560611,200,262.23971135914326,,
1782497807.956299,200,265.30651189386845,,
1782497807.9565384,200,264.6517870016396,,
1782497807.9570696,200,262.99172593280673,,
1782497807.9573138,200,262.9750850610435,,
1782497807.9575512,200,265.21443109959364,,
1782497807.9578693,200,264.6500668488443,,
1782497807.9583108,200,265.76203433796763,,
1782497807.9856422,200,262.1016101911664,,
1782497807.9860728,200,263.616899959743,,
1782497807.9865246,200,262.36933190375566,,
1782497807.9869776,200,261.7076770402491,,
1782497807.9872146,200,263.478668872267,,
1782497807.987439,200,262.9901156760752,,
1782497807.9878771,200,265.65210381522775,,
1782497807.9881346,200,265.00996900722384,,
1782497807.988363,200,267.1885141171515,,
1782497807.9885902,200,266.7632317170501,,
1782497807.9888225,200,262.67171325162053,,
1782497807.9890459,200,266.347398981452,,
1782497807.9892695,200,266.36074809357524,,
1782497807.9895382,200,263.74344108626246,,
1782497807.989775,200,294.31789834052324,,
1782497807.99034,200,245.51109736785293,,
1782497807.9912632,200,246.70464592054486,,
1782497808.0103943,200,183.17159730941057,,
1782497808.139573,200,215.94282798469067,,
1782497808.1398203,200,215.65617574378848,,
1782497808.1403217,200,217.1749258413911,,
1782497808.140536,200,216.12435020506382,,
1782497808.1995556,200,241.61565070971847,,
1782497808.2003305,200,242.71902907639742,,
1782497808.2007854,200,245.14612508937716,,
1782497808.2012415,200,242.85819893702865,,
1782497808.2014909,200,244.88943303003907,,
1782497808.2017193,200,244.5812518708408,,
1782497808.2019587,200,245.82300009205937,,
1782497808.202228,200,244.8465027846396,,
1782497808.202535,200,246.64755491539836,,
1782497808.2027671,200,246.40035396441817,,
1782497808.2305102,200,220.05182597786188,,
1782497808.2341776,200,246.23140320181847,,
1782497808.2344375,200,245.5462976358831,,
1782497808.234684,200,246.0273806937039,,
1782497808.234902,200,246.48162489756942,,
1782497808.235189,200,244.78712305426598,,
1782497808.235419,200,247.22009897232056,,
1782497808.2356482,200,249.94051782414317,,
1782497808.2358668,200,248.36293701082468,,
1782497808.2360904,200,244.76623302325606,,
1782497808.2364478,200,249.1706321015954,,
1782497808.2366905,200,249.65101573616266,,
1782497808.2369325,200,247.09758814424276,,
1782497808.2371593,200,247.8332230821252,,
1782497808.2373962,200,250.8050142787397,,
1782497808.2376409,200,251.50138791650534,,
1782497808.2378712,200,248.26384708285332,,
1782497808.2390807,200,249.97169803828,,
1782497808.3172488,200,177.60587017983198,,
1782497808.3174918,200,177.60253883898258,,
1782497808.3180218,200,177.41181794553995,,
1782497808.3182402,200,177.8544499538839,,
1782497808.441993,200,239.15373533964157,,
1782497808.443341,200,241.04783684015274,,
1782497808.443581,200,242.73849884048104,,
1782497808.4438093,200,242.02402401715517,,
1782497808.4440572,200,244.41049993038177,,
1782497808.4443026,200,241.69204197824,,
1782497808.4447837,200,243.47313400357962,,
1782497808.4450114,200,242.98731004819274,,
1782497808.4453201,200,244.91872312501073,,
1782497808.445615,200,244.06168702989817,,
1782497808.477945,200,242.0161939226091,,
1782497808.4790382,200,242.2783258371055,,
1782497808.4792914,200,241.58320110291243,,
1782497808.480056,200,243.05983074009418,,
1782497808.4802969,200,244.58584235981107,,
1782497808.480543,200,246.29414267838,,
1782497808.4807851,200,246.04181107133627,,
1782497808.481014,200,246.0433910600841,,
1782497808.4812336,200,245.7503885962069,,
1782497808.481447,200,245.2908055856824,,
1782497808.4816806,200,245.16095500439405,,
1782497808.4819074,200,244.6877919137478,,
1782497808.4821224,200,247.61684238910675,,
1782497808.482604,200,252.0108912140131,,
1782497808.4828894,200,245.4105969518423,,
1782497808.4832077,200,245.27414608746767,,
1782497808.4842038,200,248.94950119778514,,
1782497808.484702,200,245.5443679355085,,
1782497808.5021956,200,184.87808806821704,,
1782497808.5026271,200,184.31415362283587,,
1782497808.5028923,200,184.80365769937634,,
1782497808.5032463,200,185.68615382537246,,
1782497808.6562808,200,214.21932708472013,,
1782497808.656575,200,211.49865817278624,,
1782497808.6885352,200,244.1606391221285,,
1782497808.6888583,200,243.1721817702055,,
1782497808.6898768,200,246.0000510327518,,
1782497808.6902921,200,246.65218591690063,,
1782497808.6905062,200,246.37910397723317,,
1782497808.6907523,200,245.3666371293366,,
1782497808.6910675,200,246.2188028730452,,
1782497808.691291,200,247.88299296051264,,
1782497808.725711,200,245.34402694553137,,
1782497808.7264063,200,248.3977172523737,,
1782497808.7269201,200,242.15520499274135,,
1782497808.7280648,200,247.45138129219413,,
1782497808.7282836,200,246.7741258442402,,
1782497808.7287364,200,225.776894018054,,
1782497808.729197,200,244.92428405210376,,
1782497808.729659,200,226.34528810158372,,
1782497808.7299314,200,249.0817317739129,,
1782497808.7301817,200,247.5148206576705,,
1782497808.7303872,200,250.26471028104424,,
1782497808.730686,200,251.32201705127954,,
1782497808.730958,200,249.21217281371355,,
1782497808.7314453,200,249.47861395776272,,
1782497808.7316766,200,250.38241082802415,,
1782497808.7321715,200,249.20869199559093,,
1782497808.7324142,200,251.3374174013734,,
1782497808.7326992,200,230.00605264678597,,
1782497808.7330186,200,253.90577362850308,,
1782497808.733355,200,231.09396966174245,,
1782497808.734684,200,251.40658672899008,,
1782497808.7349432,200,252.76298681274056,,
1782497808.8539126,200,197.2579420544207,,
1782497808.8542504,200,197.87377677857876,,
1782497808.8840528,200,195.13090793043375,,
1782497808.8843162,200,194.3841427564621,,
1782497808.9154403,200,225.0879700295627,,
1782497808.9159255,200,227.28111501783133,,
1782497808.916184,200,225.0505997799337,,
1782497808.9166594,200,225.83130467683077,,
1782497808.916915,200,226.35099897161126,,
1782497808.9172769,200,225.9126352146268,,
1782497808.9522312,200,222.22384996712208,,
1782497808.9551783,200,221.74724703654647,,
1782497808.9559574,200,226.22730722650886,,
1782497808.9561942,200,229.20253779739141,,
1782497808.9564488,200,228.32673182711005,,
1782497808.9567013,200,223.61260000616312,,
1782497808.9571633,200,224.39451469108462,,
1782497808.9580896,200,227.85338899120688,,
1782497808.958335,200,231.85016494244337,,
1782497808.9585705,200,226.82617185637355,,
1782497808.959116,200,224.3642252869904,,
1782497808.9595957,200,228.82898524403572,,
1782497808.9604044,200,227.92738862335682,,
1782497808.96064,200,230.18593434244394,,
1782497808.9608748,200,225.8646348491311,,
1782497808.9613953,200,229.88517163321376,,
1782497808.9617038,200,235.90626334771514,,
1782497808.9619584,200,232.70862083882093,,
1782497808.962304,200,233.50877687335014,,
1782497808.962544,200,231.51523293927312,,
1782497808.9627874,200,230.54909612983465,,
1782497808.9641454,200,235.79331301152706,,
1782497808.9973648,200,143.0293656885624,,
1782497808.9976504,200,143.6232002452016,,
1782497809.023913,200,139.78248415514827,,
1782497809.0241807,200,139.78397380560637,,
1782497809.0955303,200,178.18239284679294,,
1782497809.0957592,200,180.24792708456516,,
1782497809.0959916,200,179.263471160084,,
1782497809.096241,200,180.2417072467506,,
1782497809.0964742,200,180.2172870375216,,
1782497809.0966942,200,179.7177940607071,,
1782497809.1497872,200,188.32575203850865,,
1782497809.1502762,200,193.75449838116765,,
1782497809.1507785,200,192.62046134099364,,
1782497809.1510062,200,192.36937910318375,,
1782497809.151289,200,196.03676302358508,,
1782497809.1865008,200,188.78338485956192,,
1782497809.187724,200,235.3865886107087,,
1782497809.188866,200,226.84287233278155,,
1782497809.189368,200,226.98701219633222,,
1782497809.1898303,200,229.1273269802332,,
1782497809.1903367,200,233.10044407844543,,
1782497809.1905823,200,229.6325797215104,,
1782497809.191255,200,193.8207889907062,,
1782497809.1914911,200,229.71572075039148,,
1782497809.1917174,200,234.9507757462561,,
1782497809.1919792,200,231.50915279984474,,
1782497809.19221,200,229.59456034004688,,
1782497809.1924605,200,234.06017012894154,,
1782497809.192687,200,228.46930334344506,,
1782497809.1929193,200,236.8993991985917,,
1782497809.1933053,200,230.45800579711795,,
1782497809.1935232,200,234.34640234336257,,
1782497809.1937516,200,234.08822109922767,,
1782497809.1942148,200,237.94786678627133,,
1782497809.215058,200,191.07403978705406,,
1782497809.2153838,200,191.13578088581562,,
1782497809.234859,200,138.55179538950324,,
1782497809.2355492,200,138.78956716507673,,
1782497809.2358024,200,140.20169712603092,,
1782497809.236021,200,139.48402227833867,,
1782497809.2362502,200,140.18468698486686,,
1782497809.23663,200,140.80520998686552,,
1782497809.371105,200,219.73552322015166,,
1782497809.3715894,200,220.7476207986474,,
1782497809.3718433,200,221.98515804484487,,
1782497809.3721,200,221.02177189663053,,
1782497809.3724275,200,222.08378929644823,,
1782497809.4303849,200,240.4782436788082,,
1782497809.431367,200,241.93354323506355,,
1782497809.4318354,200,240.04084011539817,,
1782497809.4322836,200,239.7585278376937,,
1782497809.43253,200,242.12361499667168,,
1782497809.433002,200,244.0622583962977,,
1782497809.4332733,200,240.5201941728592,,
1782497809.433515,200,242.86867957562208,,
1782497809.4337578,200,242.2010349109769,,
1782497809.4342873,200,242.00858362019062,,
1782497809.4345257,200,243.20544302463531,,
1782497809.4347608,200,246.9741371460259,,
1782497809.47068,200,234.81567576527596,,
1782497809.4713979,200,277.574444655329,,
1782497809.471654,200,235.33598892390728,,
1782497809.4721832,200,236.5627270191908,,
1782497809.472417,200,256.9667552597821,,
1782497809.472654,200,280.6071350350976,,
1782497809.473169,200,258.00969265401363,,
1782497809.4736252,200,287.05887915566564,,
1782497809.4741144,200,280.734206084162,,
1782497809.4743636,200,280.0870821811259,,
1782497809.4748402,200,239.91043027490377,,
1782497809.4750824,200,238.99884289130569,,
1782497809.4754124,200,238.70981205254793,,
1782497809.4757612,200,282.7775990590453,,
1782497809.4765031,200,282.9181500710547,,
1782497809.56335,200,191.4306217804551,,
1782497809.5636315,200,191.97187572717667,,
1782497809.5638962,200,192.7121109329164,,
1782497809.5644605,200,191.9605159200728,,
1782497809.5648072,200,192.6367301493883,,
1782497809.6953986,200,262.05568900331855,,
1782497809.695698,200,261.86786824837327,,
1782497809.6960027,200,264.5675060339272,,
1782497809.6964884,200,264.5911159925163,,
1782497809.6971998,200,262.6076331362128,,
1782497809.697757,200,262.93041463941336,,
1782497809.698026,200,264.4469263032079,,
1782497809.6990461,200,266.4529890753329,,
1782497809.699313,200,268.8569249585271,,
1782497809.6995769,200,265.2227208018303,,
1782497809.6998317,200,267.479436006397,,
1782497809.7000694,200,266.99465280398726,,
1782497809.7292736,200,255.59020601212978,,
1782497809.7302372,200,254.40412666648626,,
1782497809.730468,200,254.99541219323874,,
1782497809.7313955,200,258.1629827618599,,
1782497809.7316473,200,258.9141381904483,,
1782497809.7320876,200,257.1760769933462,,
1782497809.7323682,200,260.6476601213217,,
1782497809.7326128,200,258.1753130070865,,
1782497809.7328765,200,258.6934268474579,,
1782497809.7331324,200,262.38117180764675,,
1782497809.733421,200,256.8557052873075,,
1782497809.7339203,200,261.4430049434304,,
1782497809.7342663,200,262.0180989615619,,
1782497809.7349317,200,263.46166897565126,,
1782497809.7351816,200,260.0295362062752,,
1782497809.7550895,200,191.3816719315946,,
1782497809.7560458,200,191.16392126306891,,
1782497809.756292,200,192.86430161446333,,
1782497809.7565415,200,192.006416618824,,
1782497809.7569118,200,192.94250197708607,,
1782497809.9518561,200,251.7195399850607,,
1782497809.95323,200,256.68595312163234,,
1782497809.953719,200,258.22930317372084,,
1782497809.9539454,200,254.29533701390028,,
1782497809.9541752,200,258.1138829700649,,
1782497809.9543972,200,257.12498603388667,,
1782497809.9546406,200,255.51284477114677,,
1782497809.9550257,200,255.12758269906044,,
1782497809.9552824,200,257.19470670446754,,
1782497809.9555206,200,256.13319873809814,,
1782497809.9562297,200,260.4569881223142,,
1782497809.9566708,200,258.83940840139985,,
1782497809.985301,200,252.09873169660568,,
1782497809.9858167,200,251.83113990351558,,
1782497809.9884353,200,259.0849599801004,,
1782497809.9886773,200,232.5638998299837,,
1782497809.9891374,200,256.98624504730105,,
1782497809.9893634,200,256.9147548638284,,
1782497809.9900033,200,254.74239978939295,,
1782497809.9909089,200,255.9116380289197,,
1782497809.9911616,200,256.82385405525565,,
1782497809.9916267,200,258.1400633789599,,
1782497809.9918704,200,261.57001592218876,,
1782497809.9921105,200,261.571676004678,,
1782497809.9923425,200,260.6247803196311,,
1782497809.9926078,200,237.43621306493878,,
1782497809.992827,200,235.84368173033,,
1782497809.9931054,200,260.1583260111511,,
1782497809.99345,200,260.77282009646297,,
1782497809.993775,200,237.41200286895037,,
1782497809.9943738,200,237.76868591085076,,
1782497809.9946158,200,263.1477862596512,,
1782497810.1740127,200,219.77540384978056,,
1782497810.1742868,200,220.99315281957388,,
1782497810.2092912,200,254.19401563704014,,
1782497810.2098386,200,253.09548899531364,,
1782497810.2103047,200,258.3751152269542,,
1782497810.2105217,200,256.51139207184315,,
1782497810.2109962,200,255.40142366662621,,
1782497810.2113285,200,256.8622948601842,,
1782497810.211592,200,257.81397009268403,,
1782497810.2118688,200,256.52087200433016,,
1782497810.2126815,200,256.38148095458746,,
1782497810.2131138,200,258.4037450142205,,
1782497810.244519,200,251.00216502323747,,
1782497810.244855,200,256.35341089218855,,
1782497810.2451239,200,259.75396391004324,,
1782497810.2454073,200,250.72687305510044,,
1782497810.2457116,200,253.04398871958256,,
1782497810.2460053,200,254.31197695434093,,
1782497810.2465057,200,254.1013560257852,,
1782497810.2484221,200,259.6762729808688,,
1782497810.2487133,200,259.51262190937996,,
1782497810.2492905,200,256.3926512375474,,
1782497810.2497392,200,258.76408675685525,,
1782497810.2500072,200,257.8304409980774,,
1782497810.2503304,200,257.1608959697187,,
1782497810.2507963,200,258.85827792808414,,
1782497810.251172,200,256.7252740263939,,
1782497810.2515569,200,260.3332381695509,,
1782497810.2528596,200,263.43530882149935,,
1782497810.2533336,200,267.45466608554125,,
1782497810.2536888,200,259.8320748656988,,
1782497810.2540092,200,263.940442353487,,
1782497810.4142473,200,240.16185197979212,,
1782497810.4145327,200,240.18439184874296,,
1782497810.478999,200,267.34323473647237,,
1782497810.4793143,200,266.137907281518,,
1782497810.4795825,200,270.1875241473317,,
1782497810.4798207,200,269.4566887803376,,
1782497810.4802701,200,270.3600958921015,,
1782497810.4805021,200,267.76085840538144,,
1782497810.4811592,200,270.5811969935894,,
1782497810.4815593,200,269.6330398321152,,
1782497810.4820852,200,270.69191774353385,,
1782497810.4827676,200,271.67172357439995,,
1782497810.514721,200,264.64805705472827,,
1782497810.516197,200,271.0183998569846,,
1782497810.5170999,200,271.6114241629839,,
1782497810.5173197,200,268.5322230681777,,
1782497810.5175698,200,263.8103310018778,,
1782497810.5180302,200,271.46016201004386,,
1782497810.5182533,200,266.62603998556733,,
1782497810.5184908,200,273.88022979721427,,
1782497810.518924,200,265.5249428935349,,
1782497810.5197294,200,270.37551579996943,,
1782497810.5202155,200,266.1318867467344,,
1782497810.5204732,200,275.53664008155465,,
1782497810.5206907,200,267.7606982178986,,
1782497810.520923,200,271.10648062080145,,
1782497810.521197,200,272.6888512261212,,
1782497810.5214612,200,275.3872899338603,,
1782497810.5218203,200,271.41712279990315,,
1782497810.5226321,200,271.37396298348904,,
1782497810.5235903,200,272.72247057408094,,
1782497810.5244842,200,278.68518186733127,,
1782497810.5625758,200,147.98222901299596,,
1782497810.5628366,200,148.49542314186692,,
1782497810.6687803,200,188.215100672096,,
1782497810.6697228,200,189.83756192028522,,
1782497810.6699798,200,190.90489856898785,,
1782497810.6702056,200,190.8166976645589,,
1782497810.6704347,200,188.8106451369822,,
1782497810.6707137,200,191.06423994526267,,
1782497810.6709626,200,190.62969693914056,,
1782497810.6950324,200,212.19992311671376,,
1782497810.6952868,200,213.1182593293488,,
1782497810.695616,200,214.3861181102693,,
1782497810.779495,200,264.7106470540166,,
1782497810.7799783,200,259.2222201637924,,
1782497810.7804465,200,258.9183379895985,,
1782497810.780664,200,258.7842079810798,,
1782497810.780879,200,259.887364692986,,
1782497810.78113,200,257.47414864599705,,
1782497810.781372,200,263.7337311170995,,
1782497810.78161,200,261.8114878423512,,
1782497810.7818384,200,263.51711992174387,,
1782497810.7820556,200,261.5141556598246,,
1782497810.7822938,200,264.90944903343916,,
1782497810.7825158,200,263.9697319827974,,
1782497810.7827415,200,261.47309597581625,,
1782497810.7829978,200,264.00686288252473,,
1782497810.7833574,200,267.0921632088721,,
1782497810.7836864,200,260.99258195608854,,
1782497810.7839916,200,259.4441222026944,,
1782497810.784255,200,263.97358160465956,,
1782497810.784847,200,267.68477726727724,,
1782497810.785908,200,267.8170381113887,,
1782497810.807462,200,244.82203321531415,,
1782497810.8076878,200,244.79206278920174,,
1782497810.8545299,200,184.03305299580097,,
1782497810.8547673,200,184.49664628133178,,
1782497810.8549874,200,184.94563875719905,,
1782497810.855241,200,184.45725506171584,,
1782497810.8555124,200,184.48667507618666,,
1782497810.855722,200,186.8530921638012,,
1782497810.855943,200,186.15033710375428,,
1782497810.9235442,200,228.43532264232635,,
1782497810.9237907,200,228.43108186498284,,
1782497810.924013,200,228.32866199314594,,
1782497811.022673,200,240.55036436766386,,
1782497811.0229108,200,238.84759191423655,,
1782497811.0234323,200,241.99503427371383,,
1782497811.0236523,200,241.28889897838235,,
1782497811.0628445,200,282.79886906966567,,
1782497811.0630846,200,282.13293477892876,,
1782497811.0633361,200,280.2746221423149,,
1782497811.0635595,200,279.81034899130464,,
1782497811.0637975,200,282.12382504716516,,
1782497811.064019,200,283.29756343737245,,
1782497811.0642493,200,283.7467361241579,,
1782497811.064467,200,281.0325180180371,,
1782497811.0646906,200,283.49305503070354,,
1782497811.0649354,200,278.95983261987567,,
1782497811.0651608,200,283.2636027596891,,
1782497811.0653772,200,280.46451415866613,,
1782497811.065589,200,281.26152930781245,,
1782497811.065807,200,283.22757221758366,,
1782497811.06603,200,258.5081160068512,,
1782497811.0662599,200,258.5139647126198,,
1782497811.0664732,200,286.9003782980144,,
1782497811.0666947,200,283.8913067243993,,
1782497811.089043,200,233.46540611237288,,
1782497811.0892797,200,234.22302212566137,,
1782497811.089499,200,234.9037961103022,,
1782497811.0897424,200,233.7314379401505,,
1782497811.0900514,200,235.22165836766362,,
1782497811.0902724,200,234.48469256982207,,
1782497811.0904891,200,235.17895815894008,,
1782497811.1096792,200,185.59899274259806,,
1782497811.1099188,200,186.05765607208014,,
1782497811.1101716,200,186.55788991600275,,
1782497811.2211564,200,198.18174839019775,,
1782497811.2214224,200,197.7003449574113,,
1782497811.221666,200,198.9271929487586,,
1782497811.2218966,200,198.39840987697244,,
1782497811.277493,200,214.58152821287513,,
1782497811.2779906,200,212.5548548065126,,
1782497811.2784696,200,212.82082702964544,,
1782497811.278685,200,212.8144260495901,,
1782497811.3199878,200,230.18112406134605,,
1782497811.320419,200,253.8823438808322,,
1782497811.320652,200,210.6631132774055,,
1782497811.3209047,200,256.3749421387911,,
1782497811.321144,200,231.57745273783803,,
1782497811.32135,200,257.95261189341545,,
1782497811.3215716,200,254.8139002174139,,
1782497811.3222358,200,212.49102521687746,,
1782497811.3224368,200,212.19681296497583,,
1782497811.3228776,200,232.53809986636043,,
1782497811.3240674,200,258.8465679436922,,
1782497811.3243399,200,258.2428837195039,,
1782497811.3245814,200,260.27124701067805,,
1782497811.3250585,200,235.71730218827724,,
1782497811.3252876,200,261.4290351048112,,
1782497811.3255157,200,261.43169589340687,,
1782497811.3257694,200,259.4512109644711,,
1782497811.3259995,200,261.24249398708344,,
1782497811.3266032,200,237.49493435025215,,
1782497811.3271184,200,236.99823021888733,,
1782497811.3275008,200,263.87430215254426,,
1782497811.3277898,200,262.78828363865614,,
1782497811.3280523,200,264.8896290920675,,
1782497811.3283234,200,237.76836600154638,,
1782497811.3610082,200,139.27726028487086,,
1782497811.3614366,200,139.4673907198012,,
1782497811.3617105,200,140.48156794160604,,
1782497811.3620129,200,140.52135916426778,,
1782497811.4629228,200,185.35957112908363,,
1782497811.463188,200,185.1302501745522,,
1782497811.4634383,200,184.91231882944703,,
1782497811.4636617,200,184.9055583588779,,
1782497811.5192657,200,193.20623530074954,,
1782497811.5195103,200,198.78476299345493,,
1782497811.5197825,200,198.81045166403055,,
1782497811.5614023,200,238.90910297632217,,
1782497811.5618665,200,200.79424604773521,,
1782497811.5632238,200,240.93434680253267,,
1782497811.5634646,200,238.1134768947959,,
1782497811.5637164,200,238.5927508585155,,
1782497811.5639358,200,243.4560232795775,,
1782497811.5641656,200,242.75310896337032,,
1782497811.5644054,200,243.20657178759575,,
1782497811.5646148,200,240.47902412712574,,
1782497811.5651016,200,239.52228715643287,,
1782497811.565333,200,203.82536621764302,,
1782497811.565579,200,203.80585687234998,,
1782497811.565798,200,239.1273849643767,,
1782497811.5665467,200,246.4936040341854,,
1782497811.5667734,200,239.19924534857273,,
1782497811.5670176,200,241.18616804480553,,
1782497811.5678291,200,246.18915328755975,,
1782497811.5681577,200,240.97764678299427,,
1782497811.5683887,200,240.00075086951256,,
1782497811.5686924,200,240.83247734233737,,
1782497811.5694733,200,207.39270001649857,,
1782497811.569715,200,241.59448221325874,,
1782497811.5703049,200,245.65383838489652,,
1782497811.570604,200,247.6678229868412,,
1782497811.5723233,200,247.91449401527643,,
1782497811.605279,200,141.54560584574938,,
1782497811.6057155,200,142.7139942534268,,
1782497811.6059809,200,142.4792017787695,,
1782497811.6061957,200,142.9373249411583,,
1782497811.707233,200,187.8989189863205,,
1782497811.7079806,200,188.4000920690596,,
1782497811.708304,200,188.4513720870018,,
1782497811.8120687,200,246.8997067771852,,
1782497811.814551,200,244.1841191612184,,
1782497811.8157258,200,253.8003041408956,,
1782497811.8165114,200,248.28775692731142,,
1782497811.8167531,200,252.9764687642455,,
1782497811.817015,200,211.66754933074117,,
1782497811.8172636,200,248.50613810122013,,
1782497811.8174915,200,247.94875364750624,,
1782497811.8177311,200,249.2771130055189,,
1782497811.817952,200,250.0519286841154,,
1782497811.8182063,200,248.42492677271366,,
1782497811.8186707,200,254.43687802180648,,
1782497811.8188927,200,246.50510400533676,,
1782497811.8191552,200,257.68633000552654,,
1782497811.8198292,200,253.96938528865576,,
1782497811.8200378,200,256.7487838678062,,
1782497811.8202648,200,249.58425480872393,,
1782497811.8204842,200,214.70348024740815,,
1782497811.8207464,200,253.6618122830987,,
1782497811.820976,200,214.7197900339961,,
1782497811.8212256,200,215.1779131963849,,
1782497811.82148,200,257.9474709928036,,
1782497811.8217356,200,256.09608879312873,,
1782497811.821987,200,255.1455427892506,,
1782497811.8230505,200,258.58807610347867,,
1782497811.8234484,200,256.8367039784789,,
1782497811.8243635,200,260.36496786400676,,
1782497811.8247452,200,260.06755605340004,,
1782497811.8250248,200,259.62161319330335,,
1782497811.8541677,200,146.8668021261692,,
1782497811.854406,200,146.03423606604338,,
1782497811.854611,200,146.56280912458897,,
1782497812.0181394,200,202.34263595193624,,
1782497812.0641809,200,245.22423604503274,,
1782497812.0663612,200,211.68320905417204,,
1782497812.0670362,200,242.6096680574119,,
1782497812.0672941,200,245.50183722749352,,
1782497812.0675225,200,246.47964490577579,,
1782497812.0688624,200,254.24439692869782,,
1782497812.069094,200,247.54889123141766,,
1782497812.0693371,200,244.24604885280132,,
1782497812.0695882,200,215.11925291270018,,
1782497812.0698233,200,251.0941750369966,,
1782497812.0702806,200,248.9915806800127,,
1782497812.0705132,200,247.3799199797213,,
1782497812.0707505,200,252.95966817066073,,
1782497812.070974,200,253.41519061475992,,
1782497812.0712206,200,254.13508620113134,,
1782497812.0716891,200,251.3632969930768,,
1782497812.0719063,200,252.02268129214644,,
1782497812.0721333,200,250.08475920185447,,
1782497812.0723557,200,255.53099485114217,,
1782497812.0730484,200,252.50150496140122,,
1782497812.0732813,200,261.12798415124416,,
1782497812.0737324,200,253.6306530237198,,
1782497812.0745342,200,256.2564299441874,,
1782497812.0749607,200,257.6322201639414,,
1782497812.0753338,200,250.5219206213951,,
1782497812.075552,200,258.9740692637861,,
1782497812.0758224,200,255.0121620297432,,
1782497812.0760624,200,252.5402451865375,,
1782497812.0770946,200,257.87146110087633,,
1782497812.0776467,200,259.6291028894484,,
1782497812.0779672,200,223.7315601669252,,
1782497812.2092416,200,191.0347999073565,,
1782497812.3445113,200,273.470567073673,,
1782497812.345036,200,273.0675027705729,,
1782497812.3453202,200,278.20396795868874,,
1782497812.345567,200,275.6767310202122,,
1782497812.3458025,200,271.2029223330319,,
1782497812.3463206,200,274.12539115175605,,
1782497812.3468075,200,282.55302738398314,,
1782497812.3474486,200,277.7957059442997,,
1782497812.3477304,200,277.38758316263556,,
1782497812.348084,200,277.50134421512485,,
1782497812.348814,200,279.88713001832366,,
1782497812.349328,200,282.8987701795995,,
1782497812.3496275,200,278.3356187865138,,
1782497812.350348,200,281.1866980046034,,
1782497812.3796673,200,312.06989707425237,,
1782497812.381342,200,308.9245059527457,,
1782497812.3827271,200,307.1162640117109,,
1782497812.3829808,200,306.85169203206897,,
1782497812.3832374,200,306.07307609170675,,
1782497812.3834627,200,307.58144659921527,,
1782497812.3841474,200,309.111338108778,,
1782497812.3843951,200,311.2801522947848,,
1782497812.3846931,200,311.3494422286749,,
1782497812.3849378,200,315.52840070798993,,
1782497812.385231,200,309.828442055732,,
1782497812.3855119,200,311.7161151021719,,
1782497812.3857634,200,314.0156399458647,,
1782497812.3860388,200,308.00484912469983,,
1782497812.3863628,200,319.00539388880134,,
1782497812.3867445,200,315.93258306384087,,
1782497812.3870544,200,309.3484388664365,,
1782497812.4076955,200,198.37062014266849,,
1782497812.588411,200,243.3068733662367,,
1782497812.5888793,200,242.4892270937562,,
1782497812.5891507,200,243.28711302950978,,
1782497812.5893743,200,243.98524733260274,,
1782497812.6247458,200,274.33027187362313,,
1782497812.6249847,200,276.09822480008006,,
1782497812.6252398,200,277.08121994510293,,
1782497812.6254618,200,240.70137506350875,,
1782497812.625678,200,275.9897531941533,,
1782497812.6259286,200,276.5411869622767,,
1782497812.6261585,200,280.5247940123081,,
1782497812.6264207,200,278.897023294121,,
1782497812.6266518,200,278.85606326162815,,
1782497812.6268756,200,282.28580579161644,,
1782497812.6271336,200,242.67496773973107,,
1782497812.6273658,200,244.56636235117912,,
1782497812.6275947,200,280.7231950573623,,
1782497812.6540577,200,246.29852315410972,,
1782497812.6554086,200,268.59351294115186,,
1782497812.6560605,200,269.63108126074076,,
1782497812.6565301,200,272.31506863608956,,
1782497812.6567593,200,275.3583788871765,,
1782497812.6569934,200,273.9424998871982,,
1782497812.6572359,200,270.0943127274513,,
1782497812.6574788,200,272.1827980130911,,
1782497812.6577098,200,272.70039170980453,,
1782497812.657957,200,271.8493049032986,,
1782497812.6583443,200,278.59779074788094,,
1782497812.65858,200,275.04622796550393,,
1782497812.6587944,200,272.9576430283487,,
1782497812.6590161,200,273.4417370520532,,
1782497812.659633,200,276.3334158807993,,
1782497812.815914,200,226.69108118861914,,
1782497812.816172,200,227.22659492865205,,
1782497812.8164353,200,226.9905316643417,,
1782497812.8166928,200,228.21354074403644,,
1782497812.8779461,200,252.64122616499662,,
1782497812.879135,200,253.61729320138693,,
1782497812.8793721,200,253.14557878300548,,
1782497812.8798325,200,254.0831547230482,,
1782497812.8801033,200,252.44514411315322,,
1782497812.880335,200,253.62003315240145,,
1782497812.8805792,200,253.63282300531864,,
1782497812.8808231,200,255.7664168998599,,
1782497812.8810606,200,256.2449099496007,,
1782497812.8812945,200,223.75173028558493,,
1782497812.8816085,200,255.1217721775174,,
1782497812.8818557,200,254.65713907033205,,
1782497812.8824444,200,255.01359160989523,,
1782497812.9094903,200,252.4265949614346,,
1782497812.911896,200,285.9018095768988,,
1782497812.91214,200,254.8354910686612,,
1782497812.9123833,200,253.52521194145083,,
1782497812.912858,200,254.83555998653173,,
1782497812.913365,200,254.28530713543296,,
1782497812.9138033,200,256.979295052588,,
1782497812.9140453,200,254.34342678636312,,
1782497812.9142864,200,255.6397458538413,,
1782497812.9145236,200,258.3986450918019,,
1782497812.9148738,200,260.7501712627709,,
1782497812.9157803,200,260.3091369383037,,
1782497812.916065,200,257.65210995450616,,
1782497812.9163074,200,258.5242260247469,,
1782497812.9169476,200,260.35690773278475,,
1782497813.0003781,200,183.61653899773955,,
1782497813.0008554,200,184.6112571656704,,
1782497813.0014038,200,185.41189190000296,,
1782497813.0017297,200,185.217441059649,,
1782497813.1355045,200,252.9978179372847,,
1782497813.1360266,200,254.90535097196698,,
1782497813.1364863,200,256.58163242042065,,
1782497813.1368017,200,256.63453293964267,,
1782497813.1372645,200,258.0643827095628,,
1782497813.1377199,200,259.70406411215663,,
1782497813.1379595,200,257.5561087578535,,
1782497813.1383133,200,258.8740079663694,,
1782497813.138634,200,257.2800270281732,,
1782497813.1394446,200,258.5545447655022,,
1782497813.1397643,200,257.83669110387564,,
1782497813.1399982,200,258.3176540210843,,
1782497813.1411948,200,260.54469868540764,,
1782497813.166431,200,250.29564974829555,,
1782497813.1667106,200,251.7677489668131,,
1782497813.167884,200,254.01318492367864,,
1782497813.1685905,200,256.1405790038407,,
1782497813.168909,200,256.70038256794214,,
1782497813.1691337,200,252.1154722198844,,
1782497813.1696246,200,260.073846206069,,
1782497813.169843,200,253.46565200015903,,
1782497813.1700919,200,258.12914269044995,,
1782497813.170327,200,255.97360776737332,,
1782497813.1705568,200,257.12326588109136,,
1782497813.1710393,200,258.11591278761625,,
1782497813.171332,200,257.22583662718534,,
1782497813.171589,200,255.74146583676338,,
1782497813.1719832,200,257.3980479501188,,
1782497813.1917043,200,191.2579806521535,,
1782497813.1919363,200,190.13670412823558,,
1782497813.1924407,200,191.51864293962717,,
1782497813.1926498,200,191.17959076538682,,
1782497813.3875215,200,251.90953072160482,,
1782497813.3879778,200,247.91393289342523,,
1782497813.3882005,200,249.78410685434937,,
1782497813.3888252,200,251.96903105825186,,
1782497813.3892853,200,249.77880623191595,,
1782497813.3895113,200,252.1888129413128,,
1782497813.3899672,200,251.27119664102793,,
1782497813.3903804,200,250.55508222430944,,
1782497813.3906987,200,254.10726573318243,,
1782497813.391174,200,249.90680674090981,,
1782497813.391419,200,255.33266412094235,,
1782497813.391718,200,253.94150521606207,,
1782497813.3920145,200,253.98814491927624,,
1782497813.421272,200,251.11522478982806,,
1782497813.4215217,200,249.86318685114384,,
1782497813.421757,200,252.06534191966057,,
1782497813.421995,200,252.08118185400963,,
1782497813.422236,200,253.03070899099112,,
1782497813.4224603,200,253.80610255524516,,
1782497813.4226851,200,230.9169787913561,,
1782497813.4231596,200,256.64662290364504,,
1782497813.4235976,200,251.54989818111062,,
1782497813.4239798,200,231.2628123909235,,
1782497813.4242046,200,253.81560437381268,,
1782497813.424767,200,232.2632479481399,,
1782497813.4249978,200,253.88298369944096,,
1782497813.425545,200,258.7650171481073,,
1782497813.4261305,200,257.1590463630855,,
1782497813.4263313,200,255.70683600381017,,
1782497813.4269977,200,259.0449689887464,,
1782497813.4276698,200,235.6667909771204,,
1782497813.4280431,200,256.64910301566124,,
1782497813.6206472,200,231.76807397976518,,
1782497813.6595228,200,269.94681311771274,,
1782497813.659764,200,271.4961841702461,,
1782497813.6600132,200,270.6675170920789,,
1782497813.6602337,200,268.4541125781834,,
1782497813.6604476,200,268.37480207905173,,
1782497813.6606634,200,270.2302848920226,,
1782497813.6608825,200,273.29072495922446,,
1782497813.6611419,200,270.3675557859242,,
1782497813.6613796,200,269.8897630907595,,
1782497813.6615973,200,270.359355956316,,
1782497813.6618187,200,239.06492395326495,,
1782497813.6620376,200,272.01331686228514,,
1782497813.6622474,200,274.2084111087024,,
1782497813.662449,200,241.10663821920753,,
1782497813.6907454,200,265.13358019292355,,
1782497813.6925328,200,268.48809281364083,,
1782497813.6930187,200,266.61991979926825,,
1782497813.6932898,200,270.07024409249425,,
1782497813.6935337,200,268.7008948996663,,
1782497813.6937826,200,267.5915355794132,,
1782497813.6939964,200,265.88492607697845,,
1782497813.6944215,200,272.1213879995048,,
1782497813.6948998,200,270.63020691275597,,
1782497813.6953197,200,273.73324893414974,,
1782497813.6955612,200,268.4981427155435,,
1782497813.6957798,200,268.04659981280565,,
1782497813.6960223,200,270.95862897112966,,
1782497813.6962645,200,274.2004105821252,,
1782497813.696544,200,274.72042478621006,,
1782497813.6968598,200,274.3371818214655,,
1782497813.6972675,200,273.60873809084296,,
1782497813.8183827,200,197.6652853190899,,
1782497813.8789651,200,218.89106836169958,,
1782497813.879494,200,218.2865939103067,,
1782497813.8802557,200,218.1577030569315,,
1782497813.8805146,200,219.07271910458803,,
1782497813.8808272,200,218.9467279240489,,
1782497813.9192486,200,258.9552393183112,,
1782497813.9202065,200,226.1530770920217,,
1782497813.9204426,200,225.94882640987635,,
1782497813.920952,200,227.5949870236218,,
1782497813.9211888,200,261.3546447828412,,
1782497813.921432,200,260.7100303284824,,
1782497813.9220662,200,259.76435421034694,,
1782497813.9222956,200,261.7884469218552,,
1782497813.9227612,200,230.15579394996166,,
1782497813.9230018,200,226.66896972805262,,
1782497813.9235206,200,227.43053501471877,,
1782497813.9237483,200,230.6629973463714,,
1782497813.9239626,200,228.57978288084269,,
1782497813.9244442,200,261.9380089454353,,
1782497813.9249191,200,231.31328215822577,,
1782497813.9252872,200,229.44335918873549,,
1782497813.9255137,200,234.69542525708675,,
1782497813.9257493,200,231.90688574686646,,
1782497813.9261951,200,231.23298212885857,,
1782497813.926537,200,266.93913294002414,,
1782497813.9267836,200,265.8255649730563,,
1782497813.9273374,200,265.6774241477251,,
1782497813.9488142,200,252.19962326809764,,
1782497813.9492373,200,252.3106732405722,,
1782497813.9494977,200,253.86808393523097,,
1782497813.9497464,200,252.4160952307284,,
1782497813.962159,200,143.68228008970618,,
1782497814.0674593,200,186.86960125342011,,
1782497814.067709,200,188.15266992896795,,
1782497814.0679483,200,187.0537232607603,,
1782497814.0681875,200,189.1517168842256,,
1782497814.068474,200,188.14483005553484,,
1782497814.164857,200,239.2748761922121,,
1782497814.166258,200,241.7510822415352,,
1782497814.1664863,200,241.49640137329698,,
1782497814.1667285,200,217.16963686048985,,
1782497814.1669524,200,244.5882512256503,,
1782497814.1671982,200,204.98294429853559,,
1782497814.168575,200,249.2586630396545,,
1782497814.1688087,200,245.22413639351726,,
1782497814.1690433,200,248.77347936853766,,
1782497814.1692696,200,246.44471425563097,,
1782497814.1700478,200,244.6982222609222,,
1782497814.1703167,200,249.80176705867052,,
1782497814.1710198,200,244.1723789088428,,
1782497814.1712782,200,245.0270839035511,,
1782497814.1715643,200,244.16386801749468,,
1782497814.172286,200,251.02581502869725,,
1782497814.1725316,200,248.72586969286203,,
1782497814.1730163,200,251.99931114912033,,
1782497814.1732988,200,250.23785000666976,,
1782497814.1736178,200,252.12715193629265,,
1782497814.1742585,200,252.14129174128175,,
1782497814.1744874,200,224.67534709721804,,
1782497814.1747553,200,248.1515659019351,,
1782497814.1750581,200,226.17827728390694,,
1782497814.175728,200,249.9145967885852,,
1782497814.176471,200,252.44063371792436,,
1782497814.1771615,200,227.86007774993777,,
1782497814.2093308,200,141.32352406159043,,
1782497814.209585,200,142.05594919621944,,
1782497814.209826,200,141.27949438989162,,
1782497814.2100413,200,142.26583996787667,,
1782497814.2102606,200,142.0105886645615,,
1782497814.3623044,200,197.37970316782594,,
1782497814.3625681,200,193.9265290275216,,
1782497814.4044857,200,230.80728808417916,,
1782497814.4056356,200,232.2696391493082,,
1782497814.405886,200,238.86771174147725,,
1782497814.406125,200,237.25149175152183,,
1782497814.4063506,200,234.70951477065682,,
1782497814.406574,200,233.98146033287048,,
1782497814.40703,200,230.4931660182774,,
1782497814.4081657,200,238.0502470768988,,
1782497814.4084167,200,239.3112457357347,,
1782497814.408666,200,236.30988504737616,,
1782497814.409356,200,236.27157509326935,,
1782497814.4095967,200,243.04197216406465,,
1782497814.4098167,200,243.49675374105573,,
1782497814.4100616,200,234.26544200628996,,
1782497814.4102905,200,243.500464130193,,
1782497814.4107897,200,240.4011539183557,,
1782497814.411366,200,240.28053227812052,,
1782497814.4116054,200,244.3476701155305,,
1782497814.412096,200,237.77407500892878,,
1782497814.4126513,200,238.09757782146335,,
1782497814.4128911,200,243.5492048971355,,
1782497814.4135556,200,242.2095350921154,,
1782497814.4138355,200,236.60472687333822,,
1782497814.4143698,200,239.55735797062516,,
1782497814.4147918,200,239.65565906837583,,
1782497814.439237,200,229.132616892457,,
1782497814.439522,200,229.87081296741962,,
1782497814.4397762,200,229.88243214786053,,
1782497814.4400663,200,230.66124692559242,,
1782497814.440376,200,230.0523230805993,,
1782497814.5499876,200,187.61358596384525,,
1782497814.5503154,200,187.68468825146556,,
1782497814.6541529,200,213.70304329320788,,
1782497814.6544745,200,242.30761593207717,,
1782497814.6558733,200,240.99829699844122,,
1782497814.6561182,200,246.23197270557284,,
1782497814.656363,200,243.64343518391252,,
1782497814.6565912,200,250.17748912796378,,
1782497814.6568153,200,217.22529688850045,,
1782497814.6570523,200,249.958666972816,,
1782497814.6575375,200,247.87946371361613,,
1782497814.6580236,200,252.07189191132784,,
1782497814.6582737,200,244.64745167642832,,
1782497814.6585011,200,250.26621017605066,,
1782497814.6589518,200,247.51731101423502,,
1782497814.6592944,200,250.5646008066833,,
1782497814.6599874,200,220.14329582452774,,
1782497814.6602263,200,251.73857994377613,,
1782497814.6604521,200,247.49298067763448,,
1782497814.660716,200,254.07634489238262,,
1782497814.6609619,200,221.64503671228886,,
1782497814.6611698,200,250.8227927610278,,
1782497814.6614017,200,251.9847322255373,,
1782497814.6619105,200,247.46532086282969,,
1782497814.6626112,200,248.70829889550805,,
1782497814.6629546,200,257.2447871789336,,
1782497814.6632826,200,257.0937559939921,,
1782497814.6635108,200,223.3821079134941,,
1782497814.6640859,200,252.41649383679032,,
1782497814.6653357,200,260.78555081039667,,
1782497814.6657975,200,254.93378099054098,,
1782497814.6665475,200,256.4206006936729,,
1782497814.6975236,200,147.42296608164907,,
1782497814.697792,200,147.41857489570975,,
1782497814.896801,200,236.01721273735166,,
1782497814.8970985,200,240.22546177729964,,
1782497814.9391515,200,278.1344479881227,,
1782497814.9394033,200,279.3520060367882,,
1782497814.9396522,200,282.52962697297335,,
1782497814.940109,200,283.9237479493022,,
1782497814.9403408,200,285.78966995701194,,
1782497814.9405842,200,277.0057008601725,,
1782497814.9407966,200,277.77114510536194,,
1782497814.9410186,200,284.5920920372009,,
1782497814.9412239,200,278.5466108471155,,
1782497814.9414687,200,281.1808190308511,,
1782497814.9421284,200,287.8744238987565,,
1782497814.9423835,200,281.146758235991,,
1782497814.942624,200,284.5296822488308,,
1782497814.9428358,200,281.36913012713194,,
1782497814.9430513,200,286.3966031000018,,
1782497814.943278,200,281.3070290721953,,
1782497814.9437833,200,284.76760210469365,,
1782497814.944001,200,285.6607288122177,,
1782497814.945004,200,286.4439939148724,,
1782497814.9452617,200,289.32133316993713,,
1782497814.945759,200,286.39517398551106,,
1782497814.9460297,200,288.43356808647513,,
1782497814.970916,200,273.05940398946404,,
1782497814.9711661,200,305.2979111671448,,
1782497814.971409,200,304.78758784011006,,
1782497814.9716384,200,274.048859719187,,
1782497814.9718623,200,306.45843921229243,,
1782497814.9721353,200,307.9768600873649,,
1782497814.9723663,200,311.84234470129013,,
1782497814.9726195,200,309.27388835698366,,
1782497815.0828412,200,185.66601304337382,,
1782497815.0831225,200,186.22781708836555,,
1782497815.1418507,200,201.43751008436084,,
1782497815.1421072,200,202.8860291466117,,
1782497815.184105,200,238.7810219079256,,
1782497815.1870675,200,215.83766723051667,,
1782497815.1877947,200,241.69531231746078,,
1782497815.188039,200,244.69533283263445,,
1782497815.1882982,200,215.85796726867557,,
1782497815.1885426,200,247.01210809871554,,
1782497815.1887915,200,249.31802367791533,,
1782497815.189017,200,217.0878159813583,,
1782497815.1892185,200,246.09901197254658,,
1782497815.1894424,200,246.54421489685774,,
1782497815.1896667,200,245.59895880520344,,
1782497815.190567,200,250.85384398698807,,
1782497815.191552,200,251.37877697125077,,
1782497815.1918082,200,220.82521114498377,,
1782497815.1920724,200,246.99899833649397,,
1782497815.192388,200,249.93605818599463,,
1782497815.1926718,200,246.8401873484254,,
1782497815.1934252,200,252.5653950870037,,
1782497815.193666,200,251.46989803761244,,
1782497815.1939573,200,253.31490067765117,,
1782497815.1941862,200,251.50387827306986,,
1782497815.194544,200,223.06053712964058,,
1782497815.1949534,200,223.25170692056417,,
1782497815.1954312,200,223.23259711265564,,
1782497815.1956706,200,251.82854011654854,,
1782497815.1960526,200,223.36565796285868,,
1782497815.196544,200,255.24874310940504,,
1782497815.1968,200,255.7247970253229,,
1782497815.2281086,200,144.92531772702932,,
1782497815.2283633,200,145.45351173728704,,
1782497815.3259516,200,184.02627296745777,,
1782497815.3262343,200,184.05470298603177,,
1782497815.426427,200,230.93548882752657,,
1782497815.4283993,200,239.3271462060511,,
1782497815.4286475,200,232.52702970057726,,
1782497815.4301772,200,238.56522096320987,,
1782497815.430676,200,238.22181904688478,,
1782497815.4309225,200,238.18149929866195,,
1782497815.4311833,200,234.57461409270763,,
1782497815.4314356,200,243.32467280328274,,
1782497815.431904,200,236.88146891072392,,
1782497815.4321795,200,237.92531620711088,,
1782497815.432411,200,240.53044384345412,,
1782497815.4326315,200,242.9074696265161,,
1782497815.4328365,200,242.20743495970964,,
1782497815.4333072,200,236.44056683406234,,
1782497815.4339888,200,245.6228081136942,,
1782497815.4342198,200,240.48482393845916,,
1782497815.4347332,200,245.45375676825643,,
1782497815.434973,200,246.1167019791901,,
1782497815.4352067,200,240.59463385492563,,
1782497815.4354246,200,241.39969004318118,,
1782497815.4356594,200,243.51613502949476,,
1782497815.4359496,200,248.08914493769407,,
1782497815.4362063,200,246.6991557739675,,
1782497815.4365897,200,247.97793524339795,,
1782497815.4371157,200,243.6215952038765,,
1782497815.437696,200,241.96178326383233,,
1782497815.4381511,200,251.00733386352658,,
1782497815.4396923,200,255.5247456766665,,
1782497815.4488325,200,220.40163772180676,,
1782497815.4490874,200,220.9183406084776,,
1782497815.473532,200,147.2216141410172,,
1782497815.4737656,200,147.7247979491949,,
1782497815.6293535,200,197.3824119195342,,
1782497815.6729774,200,237.94030724093318,,
1782497815.677278,200,241.2641393020749,,
1782497815.677719,200,241.9917043298483,,
1782497815.6779401,200,246.43622431904078,,
1782497815.6781824,200,204.35266010463238,,
1782497815.6784053,200,241.22586892917752,,
1782497815.679979,200,245.1734747737646,,
1782497815.6802185,200,231.32285196334124,,
1782497815.6804836,200,244.99406525865197,,
1782497815.6807234,200,242.95994034036994,,
1782497815.6813722,200,248.68460977450013,,
1782497815.6816115,200,250.36122975870967,,
1782497815.6818419,200,249.3694736622274,,
1782497815.6820562,200,253.58818238601089,,
1782497815.6822784,200,253.56782181188464,,
1782497815.6824973,200,251.7537004314363,,
1782497815.682743,200,250.4986422136426,,
1782497815.6829982,200,244.77934325113893,,
1782497815.6833107,200,246.65407603606582,,
1782497815.6835573,200,248.2910961844027,,
1782497815.6838663,200,257.37294694408774,,
1782497815.684615,200,251.71207915991545,,
1782497815.6849403,200,254.6992301940918,,
1782497815.6851883,200,254.19731624424458,,
1782497815.6854415,200,245.68794900551438,,
1782497815.685782,200,249.50828403234482,,
1782497815.6860843,200,251.80005002766848,,
1782497815.6863337,200,252.96211801469326,,
1782497815.6870115,200,237.85928590223193,,
1782497815.687532,200,253.47898108884692,,
1782497815.6888757,200,215.27636284008622,,
1782497815.8170753,200,187.6422269269824,,
1782497815.9154708,200,242.41284700110555,,
1782497815.9157863,200,238.4392200037837,,
1782497815.9559772,200,273.17263511940837,,
1782497815.956717,200,275.92937322333455,,
1782497815.9569912,200,274.8717563226819,,
1782497815.9581544,200,275.8161318488419,,
1782497815.9584012,200,278.1140678562224,,
1782497815.958644,200,272.7921321056783,,
1782497815.9588652,200,280.6193348951638,,
1782497815.9593692,200,275.9932638145983,,
1782497815.9601228,200,281.65470203384757,,
1782497815.9603674,200,273.96747888997197,,
1782497815.9609506,200,279.0482738055289,,
1782497815.9612007,200,278.63283129408956,,
1782497815.9614692,200,283.6893261410296,,
1782497815.9617035,200,281.6594708710909,,
1782497815.9619808,200,278.0486368574202,,
1782497815.962254,200,278.6327712237835,,
1782497815.963548,200,280.48810362815857,,
1782497815.9640822,200,282.40569587796926,,
1782497815.9643197,200,286.30946297198534,,
1782497815.9646883,200,283.24762312695384,,
1782497815.9653025,200,284.75463297218084,,
1782497815.9856882,200,296.7503028921783,,
1782497815.9870255,200,300.8740209043026,,
1782497815.987278,200,301.7758880741894,,
1782497815.9875195,200,300.4463789984584,,
1782497815.9877603,200,302.7474842965603,,
1782497815.9880292,200,300.43042823672295,,
1782497815.988258,200,303.0020259320736,,
1782497815.9884849,200,303.80937084555626,,
1782497816.0057516,200,188.58354398980737,,
1782497816.1007292,200,185.17793016508222,,
1782497816.101022,200,185.1615598425269,,
1782497816.1616967,200,201.26265892758965,,
1782497816.1619353,200,201.74291217699647,,
1782497816.206282,200,244.746922980994,,
1782497816.207002,200,218.90726825222373,,
1782497816.2072692,200,246.25165201723576,,
1782497816.2079368,200,242.5640281289816,,
1782497816.208159,200,244.00240741670132,,
1782497816.2084012,200,244.0030570141971,,
1782497816.2095332,200,250.09937910363078,,
1782497816.2106664,200,252.1965615451336,,
1782497816.2109025,200,223.81199104711413,,
1782497816.2114003,200,222.8517639450729,,
1782497816.2118328,200,254.76782023906708,,
1782497816.212079,200,248.46735782921314,,
1782497816.2123387,200,250.01858780160546,,
1782497816.2128341,200,227.07687271758914,,
1782497816.2130663,200,254.844781011343,,
1782497816.2133257,200,225.5012821406126,,
1782497816.213568,200,254.62990906089544,,
1782497816.2137885,200,251.73134915530682,,
1782497816.214009,200,257.94313196092844,,
1782497816.2142441,200,225.9214362129569,,
1782497816.2147875,200,253.52030200883746,,
1782497816.2150142,200,253.2505695708096,,
1782497816.215963,200,259.1699599288404,,
1782497816.216373,200,251.6124788671732,,
1782497816.2166266,200,257.9258023761213,,
1782497816.2350113,200,247.42284091189504,,
1782497816.2352648,200,229.4507692568004,,
1782497816.2355876,200,248.24070604518056,,
1782497816.2538483,200,153.03297294303775,,
1782497816.2541125,200,153.02037307992578,,
1782497816.3466823,200,184.67742716893554,,
1782497816.3469675,200,185.20394060760736,,
1782497816.4456272,200,234.15855085477233,,
1782497816.4883173,200,271.8802159652114,,
1782497816.4886096,200,274.5352638885379,,
1782497816.4892824,200,275.4319799132645,,
1782497816.4898138,200,273.78029795363545,,
1782497816.4900787,200,281.6078714095056,,
1782497816.4903169,200,278.41414976865053,,
1782497816.4909897,200,276.6814683564007,,
1782497816.491277,200,280.3132329136133,,
1782497816.491509,200,284.44163082167506,,
1782497816.4919684,200,278.32992002367973,,
1782497816.4924335,200,275.74321208521724,,
1782497816.4926877,200,279.29850621148944,,
1782497816.4929388,200,286.5926446393132,,
1782497816.4933136,200,280.9105468913913,,
1782497816.4936576,200,280.5244140326977,,
1782497816.494217,200,282.0730749517679,,
1782497816.494563,200,284.97363394126296,,
1782497816.4950042,200,280.1534812897444,,
1782497816.4952984,200,287.96002408489585,,
1782497816.4958715,200,287.87374403327703,,
1782497816.496223,200,287.99534402787685,,
1782497816.4965339,200,285.8026600442827,,
1782497816.5153248,200,302.42396192625165,,
1782497816.5167403,200,262.8269949927926,,
1782497816.5169928,200,301.91467935219407,,
1782497816.5172117,200,281.5551911480725,,
1782497816.51746,200,282.38150710240006,,
1782497816.5177875,200,282.45676727965474,,
1782497816.5180285,200,263.84455198422074,,
1782497816.5386589,200,191.90583610907197,,
1782497816.538921,200,191.88597612082958,,
1782497816.631719,200,186.02001620456576,,
1782497816.730437,200,239.3809361383319,,
1782497816.7307353,200,241.38444988057017,,
1782497816.7721899,200,278.46697997301817,,
1782497816.772735,200,282.3478472419083,,
1782497816.7734168,200,279.1325347498059,,
1782497816.7736676,200,281.1738387681544,,
1782497816.774149,200,257.09759583696723,,
1782497816.7743835,200,285.7084986753762,,
1782497816.775487,200,280.11523094028234,,
1782497816.7757351,200,280.6584252975881,,
1782497816.7759612,200,283.9246168732643,,
1782497816.7764208,200,280.48287285491824,,
1782497816.7769055,200,285.5586181394756,,
1782497816.7771382,200,284.3792401254177,,
1782497816.7773743,200,283.99185789749026,,
1782497816.7775927,200,281.30605909973383,,
1782497816.7780907,200,286.51524521410465,,
1782497816.7783604,200,261.5503859706223,,
1782497816.7786293,200,285.6180779635906,,
1782497816.778882,200,290.4950608499348,,
1782497816.7790947,200,282.49889705330133,,
1782497816.7793396,200,284.7098121419549,,
1782497816.7801821,200,290.2942197397351,,
1782497816.7806237,200,290.4749820008874,,
1782497816.8054197,200,266.6742098517716,,
1782497816.8056936,200,287.5970620661974,,
1782497816.8061452,200,288.2887860760093,,
1782497816.8063827,200,290.98312463611364,,
1782497816.8066049,200,289.08003214746714,,
1782497816.8068514,200,267.8697193041444,,
1782497816.807665,200,290.38458969444036,,
1782497816.824054,200,192.2472082078457,,
1782497816.916694,200,186.18029821664095,,
1782497816.916959,200,186.151506844908,,
1782497817.0151126,200,236.17723491042852,,
1782497817.0162928,200,237.86016600206494,,
1782497817.0165272,200,243.72449610382318,,
1782497817.0170178,200,236.76836909726262,,
1782497817.017255,200,243.7690356746316,,
1782497817.019087,200,243.06293111294508,,
1782497817.0193527,200,242.8699703887105,,
1782497817.0195975,200,213.38817989453673,,
1782497817.019829,200,242.39655723795295,,
1782497817.020054,200,245.84259977564216,,
1782497817.0203128,200,246.5833853930235,,
1782497817.0205317,200,244.73316315561533,,
1782497817.020777,200,245.219805277884,,
1782497817.0210032,200,242.85445967689157,,
1782497817.0216556,200,216.16888884454966,,
1782497817.021879,200,215.20335273817182,,
1782497817.0221035,200,243.4106827713549,,
1782497817.0223248,200,245.35450711846352,,
1782497817.022833,200,248.38132690638304,,
1782497817.0233316,200,251.0712957009673,,
1782497817.0236685,200,246.46355397999287,,
1782497817.0238953,200,244.49663003906608,,
1782497817.0244167,200,245.24472607299685,,
1782497817.024818,200,247.15821910649538,,
1782497817.0253916,200,218.9473081380129,,
1782497817.0266347,200,245.94748113304377,,
1782497817.0418398,200,234.9308868870139,,
1782497817.042072,200,217.9542719386518,,
1782497817.0425797,200,234.84833585098386,,
1782497817.042786,200,237.02311981469393,,
1782497817.0628877,200,146.12766727805138,,
1782497817.0632508,200,146.2230570614338,,
1782497817.2610831,200,241.91863415762782,,
1782497817.2613719,200,246.19329208508134,,
1782497817.3003082,200,278.14163779839873,,
1782497817.3010395,200,281.3788498751819,,
1782497817.302165,200,277.6791751384735,,
1782497817.3024132,200,281.8114133551717,,
1782497817.3026369,200,286.2779931165278,,
1782497817.3031402,200,283.7227759882808,,
1782497817.303375,200,282.5358770787716,,
1782497817.3036199,200,282.5532779097557,,
1782497817.303855,200,279.9021298997104,,
1782497817.3040805,200,283.70873536914587,,
1782497817.3043358,200,281.4413201995194,,
1782497817.3045971,200,284.47513096034527,,
1782497817.3051393,200,280.25290183722973,,
1782497817.3053873,200,288.7933300808072,,
1782497817.3060904,200,283.69550593197346,,
1782497817.3063507,200,284.40762124955654,,
1782497817.3066,200,289.5174752920866,,
1782497817.3068752,200,283.48104376345873,,
1782497817.307125,200,287.23200038075447,,
1782497817.307861,200,290.5430421233177,,
1782497817.3341208,200,291.9798609800637,,
1782497817.3356493,200,310.1921039633453,,
1782497817.3358912,200,293.9883852377534,,
1782497817.3363411,200,293.6982326209545,,
1782497817.336594,200,273.63737765699625,,
1782497817.3368218,200,293.9709648489952,,
1782497817.3370616,200,273.74250814318657,,
1782497817.3379595,200,311.2621121108532,,
1782497817.3382626,200,316.53406703844666,,
1782497817.3388646,200,315.13068825006485,,
1782497817.443475,200,182.0229389704764,,
1782497817.4437633,200,182.5907826423645,,
1782497817.5406845,200,233.4904270246625,,
1782497817.544776,200,237.8320749849081,,
1782497817.5452929,200,242.5863379612565,,
1782497817.5457587,200,240.31092319637537,,
1782497817.5459995,200,239.33649621903896,,
1782497817.5464559,200,243.9807178452611,,
1782497817.5467033,200,210.74396325275302,,
1782497817.5469186,200,243.71482571586967,,
1782497817.5471585,200,239.23288471996784,,
1782497817.5473864,200,243.47099428996444,,
1782497817.547608,200,211.20475698262453,,
1782497817.5478234,200,242.61134769767523,,
1782497817.548128,200,213.9401352033019,,
1782497817.5485857,200,211.45918825641274,,
1782497817.5491211,200,212.23060321062803,,
1782497817.5494084,200,244.74014295265079,,
1782497817.5499287,200,249.5454247109592,,
1782497817.5502026,200,246.51504401117563,,
1782497817.550431,200,246.02260207757354,,
1782497817.5509017,200,215.18477285280824,,
1782497817.55121,200,247.0673080533743,,
1782497817.5514557,200,214.79743998497725,,
1782497817.5521884,200,245.76680921018124,,
1782497817.5524948,200,250.258918851614,,
1782497817.5527613,200,251.66070880368352,,
1782497817.5540023,200,247.84722412005067,,
1782497817.5543022,200,250.8630440570414,,
1782497817.5747876,200,236.4572468213737,,
1782497817.5750277,200,236.09773395583034,,
1782497817.575367,200,237.344513181597,,
1782497817.5885062,200,144.66970693320036,,
1782497817.5887697,200,145.20369982346892,,
1782497817.7793856,200,228.88827323913574,,
1782497817.7796445,200,234.79666281491518,,
1782497817.8200645,200,274.7106705792248,,
1782497817.8216486,200,273.75832479447126,,
1782497817.8218987,200,275.8388789370656,,
1782497817.8221264,200,275.59896698221564,,
1782497817.8223739,200,275.6152073852718,,
1782497817.8226154,200,275.6326678209007,,
1782497817.8228443,200,273.65577407181263,,
1782497817.8230846,200,273.0863899923861,,
1782497817.823348,200,274.68965016305447,,
1782497817.8235922,200,271.33972803130746,,
1782497817.8238077,200,273.54183373972774,,
1782497817.8241708,200,278.3446158282459,,
1782497817.8244176,200,270.35383181646466,,
1782497817.8249185,200,284.1535545885563,,
1782497817.825466,200,278.2437251880765,,
1782497817.8257074,200,277.5124800391495,,
1782497817.8259666,200,278.51749723777175,,
1782497817.8263464,200,276.87275595963,,
1782497817.827088,200,275.8037489838898,,
1782497817.828408,200,280.73930088430643,,
1782497817.8287334,200,277.7648218907416,,
1782497817.8294294,200,277.9031922109425,,
1782497817.8523562,200,299.8012597672641,,
1782497817.8525887,200,277.49526919797063,,
1782497817.8527992,200,277.3644784465432,,
1782497817.853051,200,300.2170720137656,,
1782497817.8533044,200,278.44911627471447,,
1782497817.8538053,200,264.9740441702306,,
1782497817.8540752,200,299.70153886824846,,
1782497817.854469,200,265.8957908861339,,
1782497817.9602165,200,180.7498959824443,,
1782497817.9604506,200,180.73372542858124,,
1782497818.061644,200,235.2287620306015,,
1782497818.0620856,200,236.54730105772614,,
1782497818.0625472,200,237.55987780168653,,
1782497818.0627718,200,235.60711415484548,,
1782497818.0630124,200,239.8523329757154,,
1782497818.0632565,200,239.6048097871244,,
1782497818.063497,200,237.46374621987343,,
1782497818.0637577,200,242.0417768880725,,
1782497818.0639858,200,234.48926582932472,,
1782497818.0642056,200,210.83247801288962,,
1782497818.0644183,200,211.99778513982892,,
1782497818.064633,200,211.9879056699574,,
1782497818.065123,200,240.63856806606054,,
1782497818.065636,200,243.43924596905708,,
1782497818.0658672,200,242.9554727859795,,
1782497818.066695,200,212.54441887140274,,
1782497818.0671818,200,243.30716580152512,,
1782497818.0674462,200,243.2063459418714,,
1782497818.06771,200,214.84374394640326,,
1782497818.0679407,200,239.46853959932923,,
1782497818.0687485,200,239.94898330420256,,
1782497818.0693123,200,247.35262291505933,,
1782497818.0695448,200,246.8633302487433,,
1782497818.0698638,200,246.44641671329737,,
1782497818.0701132,200,247.6720060221851,,
1782497818.070475,200,244.6990949101746,,
1782497818.0711799,200,218.05248595774174,,
1782497818.072721,200,252.59132822975516,,
1782497818.0871847,200,232.64717403799295,,
1782497818.0874543,200,233.58346987515688,,
1782497818.1054747,200,144.95320385321975,,
1782497818.1057444,200,145.4634079709649,,
1782497818.3151329,200,253.42241395264864,,
1782497818.3154256,200,252.58727790787816,,
1782497818.3556921,200,289.7584387101233,,
1782497818.3565845,200,292.1071741729975,,
1782497818.356828,200,293.00404991954565,,
1782497818.3570707,200,285.8142019249499,,
1782497818.3573213,200,294.2433482967317,,
1782497818.3575733,200,289.7994378581643,,
1782497818.3580692,200,290.06243124604225,,
1782497818.3583314,200,291.08772706240416,,
1782497818.3587973,200,294.5321798324585,,
1782497818.3595335,200,297.3809391260147,,
1782497818.35977,200,296.4467527344823,,
1782497818.3599966,200,292.48035605996847,,
1782497818.3602264,200,296.17750085890293,,
1782497818.3605218,200,291.70532105490565,,
1782497818.3609889,200,298.38165594264865,,
1782497818.3612125,200,295.50808714702725,,
1782497818.3617277,200,294.9615432880819,,
1782497818.3621879,200,292.0112428255379,,
1782497818.3624551,200,298.8901389762759,,
1782497818.3627067,200,297.5190314464271,,
1782497818.3630395,200,293.66480372846127,,
1782497818.363697,200,299.0013500675559,,
1782497818.387829,200,317.89987767115235,,
1782497818.3885243,200,301.00776301696897,,
1782497818.3887584,200,283.21661427617073,,
1782497818.389016,200,301.7666591331363,,
1782497818.3892548,200,316.4724879898131,,
1782497818.390042,200,284.2355901375413,,
1782497818.3902988,200,320.6873261369765,,
1782497818.3905911,200,320.0482320971787,,
1782497818.4935813,200,178.35655016824603,,
1782497818.493844,200,178.34199871867895,,
1782497818.589318,200,231.1799838207662,,
1782497818.6251204,200,262.8632369451225,,
1782497818.6283376,200,267.2915169969201,,
1782497818.6285932,200,270.95690090209246,,
1782497818.628836,200,266.0615090280771,,
1782497818.6292558,200,269.421991892159,,
1782497818.6295073,200,269.2117500118911,,
1782497818.6297228,200,272.5899233482778,,
1782497818.6299493,200,273.05293502286077,,
1782497818.6302,200,267.6773900166154,,
1782497818.630744,200,274.09074269235134,,
1782497818.6309948,200,269.71248304471374,,
1782497818.6312644,200,271.2048930115998,,
1782497818.631506,200,275.75121400877833,,
1782497818.631724,200,274.33091355487704,,
1782497818.6321423,200,271.5541357174516,,
1782497818.6616342,200,302.7712251059711,,
1782497818.6618872,200,298.11895405873656,,
1782497818.662105,200,272.78283378109336,,
1782497818.6623452,200,300.550049636513,,
1782497818.6625986,200,299.4668432511389,,
1782497818.6628475,200,303.2472487539053,,
1782497818.6630876,200,272.4300906993449,,
1782497818.6633182,200,273.20872712880373,,
1782497818.6635606,200,305.1631608977914,,
1782497818.6638114,200,273.44197779893875,,
1782497818.6640582,200,274.97338922694325,,
1782497818.6642876,200,275.6988531909883,,
1782497818.6645112,200,276.61366993561387,,
1782497818.6650212,200,276.1975070461631,,
1782497818.6838837,200,190.23613864555955,,
1782497818.6841133,200,190.19791902974248,,
1782497818.7662063,200,176.81152932345867,,
1782497818.8654518,200,236.55200097709894,,
1782497818.865978,200,237.31808504089713,,
1782497818.8662286,200,237.82243905588984,,
1782497818.8668308,200,237.50439705327153,,
1782497818.8982234,200,266.0179380327463,,
1782497818.898482,200,235.5728643015027,,
1782497818.898727,200,267.1622857451439,,
1782497818.899234,200,269.21382965520024,,
1782497818.8999686,200,268.1788229383528,,
1782497818.9004576,200,269.3952713161707,,
1782497818.9007351,200,275.5278521217406,,
1782497818.9009695,200,269.63744312524796,,
1782497818.901688,200,272.12155889719725,,
1782497818.9019153,200,271.64411591365933,,
1782497818.9021611,200,272.37767167389393,,
1782497818.9023898,200,271.5742760337889,,
1782497818.926081,200,263.90872383490205,,
1782497818.9276414,200,264.0095348469913,,
1782497818.927888,200,262.80508702620864,,
1782497818.9283667,200,263.7980040162802,,
1782497818.9285877,200,244.40541304647923,,
1782497818.9288387,200,244.89162676036358,,
1782497818.9290593,200,265.17759216949344,,
1782497818.9295108,200,266.8392937630415,,
1782497818.9297478,200,265.6249860301614,,
1782497818.9299693,200,266.5840028785169,,
1782497818.9302025,200,265.8525272272527,,
1782497818.9304178,200,268.0042623542249,,
1782497818.9306438,200,268.69556587189436,,
1782497818.9309642,200,267.80891977250576,,
1782497818.9314945,200,269.79094417765737,,
1782497818.9516623,200,185.377836227417,,
1782497819.0829675,200,216.93225763738155,,
1782497819.0832145,200,216.31682477891445,,
1782497819.0837388,200,217.43653202429414,,
1782497819.083946,200,218.40804908424616,,
1782497819.1413622,200,239.60965126752853,,
1782497819.1436698,200,242.6368109881878,,
1782497819.1439214,200,243.8858598470688,,
1782497819.144149,200,241.69038468971848,,
1782497819.144368,200,242.39378003403544,,
1782497819.144589,200,245.79665204510093,,
1782497819.144823,200,246.53439689427614,,
1782497819.1452515,200,245.9443141706288,,
1782497819.1455398,200,246.98769114911556,,
1782497819.1458468,200,243.61679842695594,,
1782497819.1461105,200,215.07994597777724,,
1782497819.1471357,200,246.29432568326592,,
1782497819.1474583,200,246.9349796883762,,
1782497819.172507,200,241.80141603574157,,
1782497819.1733975,200,245.68753223866224,,
1782497819.173644,200,243.1613951921463,,
1782497819.173868,200,244.29096188396215,,
1782497819.1741111,200,245.44926965609193,,
1782497819.1743484,200,244.31179324164987,,
1782497819.1747863,200,223.0643187649548,,
1782497819.1750257,200,244.76203508675098,,
1782497819.1757653,200,247.81122617423534,,
1782497819.1760285,200,244.46542421355844,,
1782497819.1762598,200,247.35810328274965,,
1782497819.1767492,200,250.60322461649776,,
1782497819.1769767,200,247.1653618849814,,
1782497819.177189,200,248.07080812752247,,
1782497819.1775808,200,249.15563501417637,,
1782497819.25924,200,176.2085841037333,,
1782497819.2594821,200,175.47036986798048,,
1782497819.2599783,200,176.17583367973566,,
1782497819.2601879,200,176.90032999962568,,
1782497819.3877225,200,246.29390612244606,,
1782497819.3882477,200,241.0409110598266,,
1782497819.3885255,200,243.64214902743697,,
1782497819.3887749,200,243.1647153571248,,
1782497819.3890004,200,243.08610474690795,,
1782497819.389412,200,241.888256277889,,
1782497819.3900695,200,246.08716508373618,,
1782497819.390256,200,244.08624088391662,,
1782497819.3909104,200,247.17106204479933,,
1782497819.3911998,200,246.54486682265997,,
1782497819.3914337,200,247.21613200381398,,
1782497819.3918202,200,246.4953581802547,,
1782497819.3923297,200,247.90013721212745,,
1782497819.4169517,200,239.90818299353123,,
1782497819.417918,200,241.1044710315764,,
1782497819.4188197,200,244.64348470792174,,
1782497819.4193108,200,241.66305409744382,,
1782497819.4195614,200,244.70801511779428,,
1782497819.419778,200,242.52326088026166,,
1782497819.420008,200,246.54161697253585,,
1782497819.4202561,200,244.42525301128626,,
1782497819.4204736,200,245.38392899557948,,
1782497819.4207134,200,244.3906026892364,,
1782497819.420967,200,247.26126296445727,,
1782497819.421341,200,245.24800898507237,,
1782497819.4219837,200,248.04668733850121,,
1782497819.422677,200,248.26051900163293,,
1782497819.4229856,200,250.41102292016149,,
1782497819.4432483,200,183.705004863441,,
1782497819.4434824,200,183.22425242513418,,
1782497819.4439962,200,184.6856609918177,,
1782497819.444203,200,184.162437915802,,
1782497819.6486928,200,256.29260297864676,,
1782497819.6499534,200,261.11439475789666,,
1782497819.650212,200,258.9482106268406,,
1782497819.6504483,200,260.98418422043324,,
1782497819.6506736,200,262.0871323160827,,
1782497819.6508703,200,263.04982835426927,,
1782497819.6510725,200,260.0958487018943,,
1782497819.6514935,200,260.00258885324,,
1782497819.651721,200,261.41012692824006,,
1782497819.6519306,200,262.871156912297,,
1782497819.652125,200,260.2071398869157,,
1782497819.6523347,200,262.2169330716133,,
1782497819.652772,200,264.4490278325975,,
1782497819.681757,200,238.44336299225688,,
1782497819.682747,200,262.4327652156353,,
1782497819.683424,200,239.87447330728173,,
1782497819.6836863,200,260.93917386606336,,
1782497819.6839302,200,264.08923603594303,,
1782497819.6841605,200,262.75427639484406,,
1782497819.6843722,200,264.2945069819689,,
1782497819.6846123,200,263.58199166134,,
1782497819.684834,200,264.2912371084094,,
1782497819.6850758,200,267.08834525197744,,
1782497819.6852987,200,263.24388990178704,,
1782497819.6855261,200,264.75049974396825,,
1782497819.6860511,200,269.0193890593946,,
1782497819.6867886,200,267.1653162688017,,
1782497819.6870654,200,264.0100051648915,,
1782497819.6873367,200,243.06506430730224,,
1782497819.6876001,200,268.7119161710143,,
1782497819.6878495,200,243.79140930250287,,
1782497819.6887124,200,269.332620780915,,
1782497819.893857,200,243.8307492993772,,
1782497819.9294868,200,277.0975227467716,,
1782497819.9297566,200,276.91820124164224,,
1782497819.9300034,200,278.0180391855538,,
1782497819.9303036,200,280.03349294885993,,
1782497819.9307833,200,279.6544497832656,,
1782497819.9310489,200,279.26841797307134,,
1782497819.931308,200,249.47884818539023,,
1782497819.9321957,200,281.68321400880814,,
1782497819.9326952,200,283.91560912132263,,
1782497819.9329503,200,280.7671679183841,,
1782497819.9332802,200,282.55312982946634,,
1782497819.9335017,200,281.9449962116778,,
1782497819.9342701,200,283.344694878906,,
1782497819.9639604,200,277.85042813047767,,
1782497819.9642093,200,278.61823281273246,,
1782497819.9644473,200,280.2311237901449,,
1782497819.9646904,200,279.3272980488837,,
1782497819.9651458,200,280.24397417902946,,
1782497819.965617,200,280.94193805009127,,
1782497819.965856,200,283.043313305825,,
1782497819.9663365,200,282.8446812927723,,
1782497819.9665823,200,278.66398356854916,,
1782497819.9668095,200,281.6699631512165,,
1782497819.96705,200,279.9087720923126,,
1782497819.9674556,200,280.0500029698014,,
1782497819.9681664,200,284.1707509942353,,
1782497819.9683876,200,283.9464987628162,,
1782497819.9686236,200,280.9591293334961,,
1782497819.9689176,200,285.1612982340157,,
1782497819.969279,200,280.49647621810436,,
1782497819.9697275,200,282.87201188504696,,
1782497820.1172838,200,223.33160089328885,,
1782497820.1840007,200,250.97999814897776,,
1782497820.184263,200,250.9125368669629,,
1782497820.18451,200,251.74625171348453,,
1782497820.184755,200,254.68853302299976,,
1782497820.1849802,200,253.8594058714807,,
1782497820.1852083,200,251.64494197815657,,
1782497820.185428,200,253.16052185371518,,
1782497820.1860027,200,255.63898915424943,,
1782497820.186305,200,256.74215611070395,,
1782497820.1876793,200,253.3420231193304,,
1782497820.1879952,200,256.61173602566123,,
1782497820.1885443,200,258.7189287878573,,
1782497820.1890619,200,258.21256591007113,,
1782497820.2166224,200,251.86714297160506,,
1782497820.2186337,200,254.60386229678988,,
1782497820.218886,200,252.9674507677555,,
1782497820.2191532,200,250.16632210463285,,
1782497820.219429,200,250.0786310993135,,
1782497820.2196538,200,250.97240693867207,,
1782497820.21989,200,255.38431713357568,,
1782497820.2201085,200,255.83254033699632,,
1782497820.220342,200,253.2213218510151,,
1782497820.2208605,200,254.45732986554503,,
1782497820.2211347,200,255.90930972248316,,
1782497820.2216206,200,254.09439904615283,,
1782497820.2219148,200,253.68792610242963,,
1782497820.2221901,200,252.39294581115246,,
1782497820.2224517,200,256.7672058939934,,
1782497820.2226918,200,254.2421999387443,,
1782497820.2229164,200,256.2706330791116,,
1782497820.2243063,200,257.43412086740136,,
1782497820.3027654,200,185.41872594505548,,
1782497820.439553,200,254.73346281796694,,
1782497820.4397967,200,251.1819382198155,,
1782497820.4400387,200,253.97331733256578,,
1782497820.4402711,200,255.93725126236677,,
1782497820.4405117,200,252.76554934680462,,
1782497820.440736,200,256.1563621275127,,
1782497820.4409635,200,255.91885019093752,,
1782497820.4413033,200,253.236283082515,,
1782497820.4415302,200,255.15606487169862,,
1782497820.4417531,200,252.63233901932836,,
1782497820.441994,200,256.72535598278046,,
1782497820.4423463,200,258.27148696407676,,
1782497820.443263,200,257.77206290513277,,
1782497820.4693751,200,247.39225301891565,,
1782497820.4698627,200,247.34821310266852,,
1782497820.4701097,200,250.617285259068,,
1782497820.4729044,200,250.64845476299524,,
1782497820.4733844,200,249.00890421122313,,
1782497820.473845,200,253.44097428023815,,
1782497820.4740717,200,255.11105498299003,,
1782497820.4743118,200,254.35884110629559,,
1782497820.4745293,200,254.3544196523726,,
1782497820.4747508,200,253.06100118905306,,
1782497820.4749815,200,258.2926666364074,,
1782497820.4752243,200,254.02616802603006,,
1782497820.4754713,200,256.2482631765306,,
1782497820.4757137,200,252.7268691919744,,
1782497820.4760156,200,257.31506990268826,,
1782497820.4764037,200,253.64919612184167,,
1782497820.4768717,200,255.9435609728098,,
1782497820.478209,200,258.4888180717826,,
1782497820.493625,200,190.79498201608658,,
1782497820.6920052,200,249.94503008201718,,
1782497820.6927621,200,252.42211669683456,,
1782497820.6930168,200,250.60085486620665,,
1782497820.6932507,200,252.22519505769014,,
1782497820.6934683,200,251.8691630102694,,
1782497820.693937,200,253.3633830025792,,
1782497820.6941674,200,252.34535709023476,,
1782497820.6944113,200,251.08493771404028,,
1782497820.6948838,200,254.78248298168182,,
1782497820.6951156,200,254.31736977770925,,
1782497820.695377,200,254.0004081092775,,
1782497820.695585,200,255.96464099362493,,
1782497820.695949,200,256.0834721662104,,
1782497820.7247276,200,249.18875517323613,,
1782497820.7283916,200,253.5743247717619,,
1782497820.7286398,200,252.5587580166757,,
1782497820.7288837,200,253.58936516568065,,
1782497820.7291303,200,259.20390291139483,,
1782497820.7293644,200,259.924896992743,,
1782497820.7296093,200,255.4701277986169,,
1782497820.7300534,200,251.78493279963732,,
1782497820.7302666,200,256.3601229339838,,
1782497820.7304962,200,254.7155930660665,,
1782497820.7307234,200,256.13229209557176,,
1782497820.7309504,200,254.00658790022135,,
1782497820.731193,200,257.7412133105099,,
1782497820.7314258,200,261.24904630705714,,
1782497820.731645,200,237.9635302349925,,
1782497820.7318585,200,257.4857408180833,,
1782497820.7320845,200,259.1111930087209,,
1782497820.7324822,200,257.4372813105583,,
1782497820.7327237,200,256.2544629909098,,
1782497820.9317398,200,238.90472576022148,,
1782497820.9677067,200,272.27434096857905,,
1782497820.9688036,200,274.8036468401551,,
1782497820.9690452,200,275.73536429554224,,
1782497820.9692779,200,273.62907910719514,,
1782497820.9697661,200,275.5293729715049,,
1782497820.9701908,200,274.16783291846514,,
1782497820.9706805,200,276.20758675038815,,
1782497820.970911,200,278.81893422454596,,
1782497820.9711452,200,276.2013371102512,,
1782497820.9713767,200,276.19551680982113,,
1782497820.9716258,200,241.29844177514315,,
1782497820.9719458,200,278.41240214183927,,
1782497820.9722853,200,279.2037669569254,,
1782497820.9728978,200,248.09221783652902,,
1782497821.0011392,200,269.88067384809256,,
1782497821.002839,200,273.64283986389637,,
1782497821.003527,200,272.04045932739973,,
1782497821.0037558,200,273.1956569477916,,
1782497821.0040214,200,272.3165708594024,,
1782497821.004245,200,275.5378121510148,,
1782497821.0044568,200,274.3443245999515,,
1782497821.0046685,200,275.7148826494813,,
1782497821.0051622,200,272.376602049917,,
1782497821.0054185,200,274.4029350578785,,
1782497821.0056467,200,276.213217061013,,
1782497821.005881,200,273.9668218418956,,
1782497821.006123,200,277.6630469597876,,
1782497821.006349,200,274.1988939233124,,
1782497821.0065694,200,274.01492185890675,,
1782497821.00705,200,276.262367144227,,
1782497821.0077274,200,278.05031975731254,,
1782497821.1582608,200,226.45400278270245,,
1782497821.2228353,200,253.0139908194542,,
1782497821.2241797,200,255.07068494334817,,
1782497821.22441,200,253.20702278986573,,
1782497821.2250848,200,257.30904983356595,,
1782497821.2253256,200,253.87722719460726,,
1782497821.2257915,200,256.4510442316532,,
1782497821.226055,200,255.3085470572114,,
1782497821.2262733,200,253.91683727502823,,
1782497821.2265825,200,256.3320128247142,,
1782497821.2267952,200,255.8234897442162,,
1782497821.227145,200,258.27329605817795,,
1782497821.2274008,200,255.38365682587028,,
1782497821.227712,200,256.0139009729028,,
1782497821.2281063,200,255.14379516243935,,
1782497821.2525182,200,247.78038589283824,,
1782497821.2556043,200,252.01503420248628,,
1782497821.2558498,200,249.21791581436992,,
1782497821.2560916,200,249.90614084526896,,
1782497821.256535,200,252.0196451805532,,
1782497821.2567613,200,252.6807989925146,,
1782497821.2571812,200,254.28231013938785,,
1782497821.2573972,200,253.57411382719874,,
1782497821.257616,200,252.39155674353242,,
1782497821.257865,200,252.15274514630437,,
1782497821.2583742,200,257.1669891476631,,
1782497821.2586193,200,252.20108591020107,,
1782497821.2589002,200,251.7754822038114,,
1782497821.259124,200,253.17069189622998,,
1782497821.25947,200,255.16540510579944,,
1782497821.259777,200,254.29590931162238,,
1782497821.2602363,200,252.45104730129242,,
1782497821.3406298,200,182.30574624612927,,
1782497821.4858525,200,258.3822472952306,,
1782497821.4861596,200,259.5171839930117,,
1782497821.4876888,200,262.5354751944542,,
1782497821.4879386,200,261.0818650573492,,
1782497821.4886308,200,260.8465440571308,,
1782497821.4888847,200,264.40990809351206,,
1782497821.489106,200,263.72148282825947,,
1782497821.4896026,200,266.7009737342596,,
1782497821.4898858,200,262.66686571761966,,
1782497821.49015,200,263.8130132108927,,
1782497821.4904106,200,266.1667298525572,,
1782497821.4906464,200,264.7902509197593,,
1782497821.4909286,200,262.75131618604064,,
1782497821.4912057,200,265.09106205776334,,
1782497821.519139,200,261.8992109782994,,
1782497821.5196345,200,261.19145611301064,,
1782497821.5211895,200,261.6515289992094,,
1782497821.5214288,200,264.83112992718816,,
1782497821.521889,200,262.0429121889174,,
1782497821.5221379,200,264.218136202544,,
1782497821.5223808,200,264.7036500275135,,
1782497821.5226033,200,266.6869326494634,,
1782497821.5228465,200,266.02590922266245,,
1782497821.5230699,200,262.7663970924914,,
1782497821.5233448,200,267.18668593093753,,
1782497821.5235858,200,264.8976407945156,,
1782497821.5238953,200,264.71146009862423,,
1782497821.5246272,200,268.95521814003587,,
1782497821.5248835,200,265.9176681190729,,
1782497821.5251143,200,267.6564189605415,,
1782497821.5253878,200,272.80484419316053,,
1782497821.5414987,200,200.80794021487236,,
1782497821.7361608,200,247.2156323492527,,
1782497821.7385375,200,249.83362993225455,,
1782497821.7390013,200,248.5216506756842,,
1782497821.739459,200,250.28784200549126,,
1782497821.7399278,200,253.69143579155207,,
1782497821.7401757,200,254.2313588783145,,
1782497821.7404237,200,249.15074510499835,,
1782497821.740667,200,252.6660980656743,,
1782497821.7409546,200,253.19588230922818,,
1782497821.7412026,200,250.9840470738709,,
1782497821.7414234,200,250.71204593405128,,
1782497821.7416463,200,250.654854811728,,
1782497821.7422907,200,252.33780592679977,,
1782497821.7425332,200,252.86062993109226,,
1782497821.7718942,200,246.43148621544242,,
1782497821.7726314,200,250.18599163740873,,
1782497821.7728767,200,248.92092403024435,,
1782497821.7731085,200,250.90259686112404,,
1782497821.773332,200,251.838113181293,,
1782497821.7735665,200,248.38687991723418,,
1782497821.7737894,200,249.10043505951762,,
1782497821.7742913,200,232.73655492812395,,
1782497821.7747371,200,253.48664494231343,,
1782497821.7750094,200,255.30501594766974,,
1782497821.775288,200,251.877982635051,,
1782497821.775508,200,251.85664370656013,,
1782497821.7757328,200,253.77508578822017,,
1782497821.7763724,200,253.2277130521834,,
1782497821.777041,200,252.09495471790433,,
1782497821.7772644,200,258.0578946508467,,
1782497821.7776387,200,254.72950283437967,,
1782497821.7789505,200,256.2789530493319,,
1782497821.9692347,200,233.00698585808277,,
1782497822.005495,200,264.2283057793975,,
1782497822.005745,200,266.2164499051869,,
1782497822.0059948,200,265.265473164618,,
1782497822.0062203,200,265.98106836900115,,
1782497822.0064573,200,264.0950349159539,,
1782497822.0066996,200,264.10476630553603,,
1782497822.0069222,200,268.3149636723101,,
1782497822.0073173,200,267.3267466016114,,
1782497822.0081568,200,267.131385859102,,
1782497822.008431,200,267.93801225721836,,
1782497822.009011,200,267.3055180348456,,
1782497822.009364,200,267.8770711645484,,
1782497822.0097735,200,270.7065399736166,,
1782497822.0368567,200,263.45881074666977,,
1782497822.038102,200,262.3049928806722,,
1782497822.0385737,200,263.7750031426549,,
1782497822.038805,200,264.9456509388983,,
1782497822.0390189,200,267.048604786396,,
1782497822.0392616,200,261.5498979575932,,
1782497822.0394845,200,265.1374829001725,,
1782497822.0396974,200,262.3631642200053,,
1782497822.0399222,200,267.2235257923603,,
1782497822.0401583,200,266.52904227375984,,
1782497822.0403974,200,265.040242113173,,
1782497822.040649,200,263.55092180892825,,
1782497822.0408964,200,264.4590982235968,,
1782497822.0411136,200,262.0992520824075,,
1782497822.0414207,200,266.3492909632623,,
1782497822.0417438,200,268.8052481971681,,
1782497822.0420089,200,266.4376012980938,,
1782497822.0423083,200,269.13712872192264,,
1782497822.1914575,200,222.14659303426743,,
1782497822.2564783,200,249.08170383423567,,
1782497822.256963,200,247.1238118596375,,
1782497822.257237,200,250.2423827536404,,
1782497822.257493,200,251.43609009683132,,
1782497822.2577224,200,248.64272214472294,,
1782497822.2579768,200,249.46994706988335,,
1782497822.258435,200,252.87030078470707,,
1782497822.259197,200,253.38235404342413,,
1782497822.2594995,200,252.73957010358572,,
1782497822.2597268,200,251.49665120989084,,
1782497822.2599554,200,250.5282750353217,,
1782497822.260539,200,254.2546601034701,,
1782497822.261534,200,255.00655407086015,,
1782497822.2923522,200,251.62977213039994,,
1782497822.2940354,200,252.85788998007774,,
1782497822.2942924,200,254.96813468635082,,
1782497822.2945445,200,257.622541859746,,
1782497822.2947783,200,252.4013170041144,,
1782497822.2950275,200,252.94924108311534,,
1782497822.295281,200,257.11078802123666,,
1782497822.2955103,200,255.96656138077378,,
1782497822.2957516,200,255.76334912329912,,
1782497822.295995,200,255.52664790302515,,
1782497822.2962158,200,254.4003208167851,,
1782497822.2964416,200,257.3591601103544,,
1782497822.2966774,200,258.03968496620655,,
1782497822.296909,200,256.68759597465396,,
1782497822.2971458,200,256.18820264935493,,
1782497822.2976027,200,258.7392902933061,,
1782497822.2978678,200,258.1080859526992,,
1782497822.2980897,200,256.60567497834563,,
1782497822.3749664,200,183.43995278701186,,
1782497822.506065,200,249.02610387653112,,
1782497822.5064864,200,246.4635269716382,,
1782497822.5067043,200,247.13312182575464,,
1782497822.5069451,200,250.38366299122572,,
1782497822.5071988,200,249.1558250039816,,
1782497822.5074182,200,247.62947531417012,,
1782497822.5076158,200,250.3067129291594,,
1782497822.507824,200,249.3359656073153,,
1782497822.5083992,200,250.8471761830151,,
1782497822.5086222,200,249.3511768989265,,
1782497822.5089493,200,251.15407910197973,,
1782497822.5092416,200,247.63633497059345,,
1782497822.509482,200,248.8790131174028,,
1782497822.5360703,200,239.32562908157706,,
1782497822.5372012,200,241.85758596286178,,
1782497822.5374415,200,241.86392594128847,,
1782497822.5376563,200,242.56229074671865,,
1782497822.5380547,200,240.38329627364874,,
1782497822.5382948,200,240.1395537890494,,
1782497822.5385184,200,241.54220381751657,,
1782497822.5387702,200,244.66689489781857,,
1782497822.5389977,200,242.9415239021182,,
1782497822.5395188,200,241.59183399751782,,
1782497822.539747,200,243.2404849678278,,
1782497822.5400584,200,245.2101488597691,,
1782497822.5403833,200,244.1051909700036,,
1782497822.540611,200,248.16721910610795,,
1782497822.54113,200,246.7669788748026,,
1782497822.5415666,200,246.9548499211669,,
1782497822.5424478,200,246.62517802789807,,
1782497822.5435402,200,246.32569635286927,,
1782497822.5568914,200,181.85658287256956,,
1782497822.7490053,200,239.4512896426022,,
1782497822.7507038,200,243.4449871070683,,
1782497822.7512078,200,243.73556906357408,,
1782497822.7514553,200,245.31720858067274,,
1782497822.7516782,200,242.36800987273455,,
1782497822.7519054,200,245.1343578286469,,
1782497822.7521243,200,244.2456721328199,,
1782497822.752344,200,244.66860480606556,,
1782497822.7525742,200,244.10663079470396,,
1782497822.7528634,200,245.84785336628556,,
1782497822.7531846,200,244.17867185547948,,
1782497822.7534459,200,244.74774580448866,,
1782497822.7539675,200,247.4229233339429,,
1782497822.782795,200,246.6525980271399,,
1782497822.7842064,200,227.25410712882876,,
1782497822.7844398,200,245.85428275167942,,
1782497822.7846897,200,246.33399629965425,,
1782497822.7849083,200,245.09863834828138,,
1782497822.7853725,200,247.66049487516284,,
1782497822.7856474,200,244.96754677966237,,
1782497822.785874,200,247.04362079501152,,
1782497822.7861056,200,242.49714985489845,,
1782497822.7863338,200,244.6990148164332,,
1782497822.7866268,200,247.5548149086535,,
1782497822.7869022,200,244.38271299004555,,
1782497822.7872574,200,246.8088991008699,,
1782497822.7875552,200,250.2887430600822,,
1782497822.7877808,200,247.6469548419118,,
1782497822.7880087,200,246.80657917633653,,
1782497822.7883272,200,248.74627217650414,,
1782497822.7885904,200,251.08003802597523,,
1782497822.7899427,200,251.82153284549713,,
1782497822.9753423,200,222.93175803497434,,
1782497823.0110407,200,226.52953304350376,,
1782497823.0115347,200,259.34942392632365,,
1782497823.0117784,200,262.6793459057808,,
1782497823.0120032,200,258.4785083308816,,
1782497823.012259,200,258.2209059037268,,
1782497823.0124784,200,259.8460069857538,,
1782497823.012935,200,259.99795785173774,,
1782497823.0131876,200,259.9359480664134,,
1782497823.0134342,200,261.4684980362654,,
1782497823.0136573,200,261.9154411368072,,
1782497823.013905,200,263.12575908377767,,
1782497823.0141368,200,262.62165466323495,,
1782497823.014436,200,263.15934862941504,,
1782497823.0434885,200,259.22008277848363,,
1782497823.044843,200,259.8662772215903,,
1782497823.0453014,200,257.45577085763216,,
1782497823.0457346,200,262.85466691479087,,
1782497823.0459573,200,260.51272079348564,,
1782497823.0464256,200,259.10114170983434,,
1782497823.0466506,200,258.2605858333409,,
1782497823.0468755,200,258.2152457907796,,
1782497823.0471337,200,262.3843839392066,,
1782497823.0473568,200,261.6463387385011,,
1782497823.0475903,200,261.6513790562749,,
1782497823.0478,200,260.1831303909421,,
1782497823.04803,200,261.31903706118464,,
1782497823.0482817,200,261.31269708275795,,
1782497823.0485783,200,260.5097317136824,,
1782497823.0490658,200,262.8968069329858,,
1782497823.0496273,200,263.23270983994007,,
1782497823.050455,200,260.4461908340454,,
1782497823.1915257,200,216.09992254525423,,
1782497823.2551188,200,241.1483507603407,,
1782497823.2553864,200,241.8892658315599,,
1782497823.2556305,200,242.62605095282197,,
1782497823.2558706,200,243.55123797431588,,
1782497823.2563038,200,244.4646032527089,,
1782497823.2568676,200,244.79093588888645,,
1782497823.2571068,200,245.98538409918547,,
1782497823.2573195,200,242.81817208975554,,
1782497823.2577734,200,246.16991495713592,,
1782497823.258295,200,244.1003411076963,,
1782497823.258545,200,245.28604000806808,,
1782497823.2588203,200,245.09302666410804,,
1782497823.2601051,200,247.56747391074896,,
1782497823.2875755,200,241.0871209576726,,
1782497823.2878892,200,239.24484895542264,,
1782497823.2881234,200,240.02049304544926,,
1782497823.2883773,200,240.51390681415796,,
1782497823.2886012,200,240.94966985285282,,
1782497823.2888405,200,243.93302015960217,,
1782497823.2890487,200,241.6295548900962,,
1782497823.289718,200,242.52193979918957,,
1782497823.2899568,200,243.93519014120102,,
1782497823.2901862,200,239.66612108051777,,
1782497823.2904117,200,243.6987990513444,,
1782497823.2906444,200,245.27776893228292,,
1782497823.2908587,200,247.305222786963,,
1782497823.2910783,200,241.38925317674875,,
1782497823.2913067,200,242.1832480467856,,
1782497823.29152,200,245.72529178112745,,
1782497823.2920208,200,243.6779891140759,,
1782497823.2924688,200,245.52693124860525,,
1782497823.3683877,200,176.7975389957428,,
1782497823.4992113,200,243.7539892271161,,
1782497823.4994478,200,241.0850813612342,,
1782497823.4996939,200,242.75361187756062,,
1782497823.4999459,200,241.3333128206432,,
1782497823.5001626,200,243.7993590719998,,
1782497823.5003793,200,245.19368819892406,,
1782497823.5006046,200,240.43455719947815,,
1782497823.5008168,200,243.64445777609944,,
1782497823.501024,200,245.3260300680995,,
1782497823.5012596,200,242.37346882000566,,
1782497823.5015213,200,243.68640780448914,,
1782497823.501744,200,245.81350339576602,,
1782497823.5019572,200,244.56720426678658,,
1782497823.5283682,200,236.28512863069773,,
1782497823.5313036,200,240.59788696467876,,
1782497823.5317585,200,243.5641372576356,,
1782497823.5320048,200,243.56550723314285,,
1782497823.5322428,200,244.28741307929158,,
1782497823.5324662,200,241.3172423839569,,
1782497823.5327044,200,243.58811834827065,,
1782497823.5331366,200,243.11412498354912,,
1782497823.533358,200,240.81446882337332,,
1782497823.5335798,200,241.99905712157488,,
1782497823.533811,200,244.91540575399995,,
1782497823.534222,200,243.74302895739675,,
1782497823.5346963,200,243.32930613309145,,
1782497823.5349157,200,243.9948208630085,,
1782497823.5354888,200,247.84857593476772,,
1782497823.535728,200,245.47763029113412,,
1782497823.5359454,200,247.27650312706828,,
1782497823.5362587,200,246.47425673902035,,
1782497823.5544865,200,186.03651132434607,,
1782497823.7418466,200,242.5696412101388,,
1782497823.742304,200,241.43048282712698,,
1782497823.7425256,200,242.0830470509827,,
1782497823.7427442,200,241.1604612134397,,
1782497823.7429862,200,241.17846181616187,,
1782497823.7432206,200,243.70597768574953,,
1782497823.7434518,200,243.43691719695926,,
1782497823.7437086,200,242.61748092249036,,
1782497823.7439659,200,243.7437791377306,,
1782497823.7441962,200,242.17759910970926,,
1782497823.7444394,200,244.67267515137792,,
1782497823.7446961,200,244.03158063068986,,
1782497823.745046,200,243.72031772509217,,
1782497823.7850404,200,251.16705801337957,,
1782497823.7863028,200,254.22992976382375,,
1782497823.786846,200,252.54656793549657,,
1782497823.787323,200,250.99515821784735,,
1782497823.7875595,200,252.00419407337904,,
1782497823.7878075,200,255.98082086071372,,
1782497823.788064,200,253.3001727424562,,
1782497823.7884946,200,253.51649383082986,,
1782497823.7893872,200,253.5965647548437,,
1782497823.7899554,200,235.4060923680663,,
1782497823.7904954,200,262.0662422850728,,
1782497823.790739,200,258.432287722826,,
1782497823.7910485,200,255.03783533349633,,
1782497823.7913153,200,257.669931743294,,
1782497823.7918303,200,258.4093972109258,,
1782497823.7921367,200,259.60388500243425,,
1782497823.7923944,200,259.1966427862644,,
1782497823.7926424,200,259.87093709409237,,
1782497823.7930346,200,261.66808884590864,,
1782497823.9860222,200,244.10430109128356,,
1782497824.021872,200,277.3583750240505,,
1782497824.0226724,200,278.6412928253412,,
1782497824.02289,200,280.29624419286847,,
1782497824.0233755,200,278.26764108613133,,
1782497824.0238783,200,279.11991719156504,,
1782497824.0241184,200,281.75689466297626,,
1782497824.0243452,200,281.06174897402525,,
1782497824.024574,200,281.52596298605204,,
1782497824.0248022,200,281.28454089164734,,
1782497824.0250592,200,281.28287056460977,,
1782497824.0253077,200,282.49577013775706,,
1782497824.0257196,200,281.4556020312011,,
1782497824.0574625,200,265.01375203952193,,
1782497824.0581763,200,265.0663019157946,,
1782497824.0588698,200,268.05810211226344,,
1782497824.0591195,200,270.99474193528295,,
1782497824.0595784,200,269.00656893849373,,
1782497824.0598369,200,271.9554491341114,,
1782497824.060065,200,274.93633795529604,,
1782497824.0603132,200,269.18043987825513,,
1782497824.060545,200,271.0891733877361,,
1782497824.060795,200,273.8794609904289,,
1782497824.0620792,200,275.704693980515,,
1782497824.0628204,200,270.92498168349266,,
1782497824.063334,200,270.61214903369546,,
1782497824.0635881,200,275.02582874149084,,
1782497824.063884,200,276.49620873853564,,
1782497824.0641549,200,271.9551487825811,,
1782497824.0644026,200,273.023865185678,,
1782497824.064719,200,274.6826568618417,,
1782497824.065508,200,277.87964791059494,,
1782497824.212766,200,226.6609538346529,,
1782497824.2809436,200,255.1486948505044,,
1782497824.2835188,200,259.572756011039,,
1782497824.2840211,200,258.8905510492623,,
1782497824.2842803,200,262.33690371736884,,
1782497824.2845347,200,261.0905752517283,,
1782497824.2847624,200,260.3536699898541,,
1782497824.284996,200,260.1265190169215,,
1782497824.2852716,200,260.6333317235112,,
1782497824.2855208,200,262.56435504183173,,
1782497824.2860336,200,260.66328305751085,,
1782497824.286308,200,262.12665205821395,,
1782497824.286585,200,263.84621392935514,,
1782497824.3161354,200,251.66669161990285,,
1782497824.3163998,200,256.7551569081843,,
1782497824.3166487,200,253.24889225885272,,
1782497824.3168983,200,257.96021427959204,,
1782497824.3171866,200,254.30011004209518,,
1782497824.3174052,200,257.02615827322006,,
1782497824.3179088,200,260.3776208125055,,
1782497824.318583,200,256.43668370321393,,
1782497824.3192794,200,258.41589737683535,,
1782497824.3195376,200,259.63714625686407,,
1782497824.3198242,200,254.2521501891315,,
1782497824.3200476,200,255.2662161178887,,
1782497824.3202903,200,256.337143946439,,
1782497824.321259,200,257.60165182873607,,
1782497824.3215034,200,262.3172840103507,,
1782497824.3217287,200,261.5976887755096,,
1782497824.3220072,200,263.7628330849111,,
1782497824.3222685,200,258.0461949110031,,
1782497824.3226523,200,262.04621186479926,,
1782497824.401903,200,189.0692817978561,,
1782497824.537391,200,250.7318346761167,,
1782497824.5391479,200,258.1158149987459,,
1782497824.5393875,200,253.01320105791092,,
1782497824.5398731,200,255.78024983406067,,
1782497824.5401433,200,255.54626807570457,,
1782497824.5408602,200,257.26942997425795,,
1782497824.5413494,200,255.7644392363727,,
1782497824.5418222,200,255.7222987525165,,
1782497824.5421646,200,257.09832878783345,,
1782497824.5423982,200,257.0559079758823,,
1782497824.542738,200,258.3838067948818,,
1782497824.5429876,200,258.15965607762337,,
1782497824.5707803,200,250.8870968595147,,
1782497824.5715325,200,248.8100933842361,,
1782497824.5742652,200,255.62105793505907,,
1782497824.5745008,200,252.92517989873886,,
1782497824.5747452,200,254.63288184255362,,
1782497824.5749743,200,258.0106449313462,,
1782497824.575361,200,257.88681395351887,,
1782497824.5755892,200,258.3422469906509,,
1782497824.5758393,200,253.759425599128,,
1782497824.5761871,200,254.3867900967598,,
1782497824.5764298,200,257.0843081921339,,
1782497824.5766814,200,256.32212357595563,,
1782497824.577353,200,260.8819343149662,,
1782497824.577667,200,256.34607300162315,,
1782497824.5782807,200,258.67458898574114,,
1782497824.5785928,200,261.87356002628803,,
1782497824.57899,200,262.7903469838202,,
1782497824.5792422,200,261.2686874344945,,
1782497824.5800366,200,257.703292183578,,
1782497824.5972676,200,195.2955829910934,,
1782497824.768173,200,230.7116207666695,,
1782497824.8016155,200,261.40936790034175,,
1782497824.8018403,200,259.6143949776888,,
1782497824.8020914,200,262.8796873614192,,
1782497824.802324,200,259.51320491731167,,
1782497824.8025699,200,263.11138924211264,,
1782497824.8030534,200,261.64100924506783,,
1782497824.8032987,200,261.4093371666968,,
1782497824.803533,200,262.601416092366,,
1782497824.803789,200,261.31753670051694,,
1782497824.8040228,200,264.0808653086424,,
1782497824.80425,200,261.19757583364844,,
1782497824.8343477,200,258.0889551900327,,
1782497824.8351943,200,237.86144005134702,,
1782497824.838707,200,262.2130629606545,,
1782497824.8392289,200,263.3192311041057,,
1782497824.8394585,200,264.8870414122939,,
1782497824.8397028,200,260.65234187990427,,
1782497824.8399417,200,265.6165063381195,,
1782497824.8401926,200,262.4591737985611,,
1782497824.8404348,200,268.8361881300807,,
1782497824.840681,200,265.8701781183481,,
1782497824.8409305,200,261.6136190481484,,
1782497824.8411617,200,262.8165269270539,,
1782497824.8414364,200,262.76197703555226,,
1782497824.8416638,200,264.2418956384063,,
1782497824.8423831,200,267.3436771146953,,
1782497824.842747,200,265.99677791818976,,
1782497824.8430111,200,272.16895017772913,,
1782497824.8432658,200,263.16547906026244,,
1782497824.8437889,200,268.1345520541072,,
1782497824.8446252,200,269.1990998573601,,
1782497824.9931333,200,224.88215193152428,,
1782497825.0251374,200,221.5272099711001,,
1782497825.0254548,200,221.6015299782157,,
1782497825.0589082,200,256.75546610727906,,
1782497825.0591557,200,257.24518904462457,,
1782497825.0593858,200,256.0216807760298,,
1782497825.0596514,200,256.52096467092633,,
1782497825.059903,200,255.81526895985007,,
1782497825.0601509,200,255.8347899466753,,
1782497825.0603478,200,258.66539869457483,,
1782497825.0606604,200,258.02277540788054,,
1782497825.060945,200,258.55160830542445,,
1782497825.098839,200,259.3103926628828,,
1782497825.0995722,200,265.14279237017035,,
1782497825.099827,200,257.0094778202474,,
1782497825.1000688,200,256.9889770820737,,
1782497825.1003072,200,257.85550381988287,,
1782497825.1005282,200,260.7550439424813,,
1782497825.1007621,200,260.2620800025761,,
1782497825.101224,200,261.2124062143266,,
1782497825.101483,200,262.19252310693264,,
1782497825.1019456,200,266.6807328350842,,
1782497825.1024141,200,261.17906579747796,,
1782497825.1026444,200,258.78427969291806,,
1782497825.1028798,200,261.3804070279002,,
1782497825.1031148,200,262.11831206455827,,
1782497825.1033638,200,264.5898489281535,,
1782497825.1035893,200,263.3299198932946,,
1782497825.1038141,200,263.0654191598296,,
1782497825.1040385,200,260.69794315844774,,
1782497825.1044343,200,259.748546872288,,
1782497825.1047382,200,263.0041781812906,,
1782497825.2257633,200,232.54946386441588,,
1782497825.254462,200,229.21819100156426,,
1782497825.2547374,200,229.2166710831225,,
1782497825.2883868,200,228.65896811708808,,
1782497825.288648,200,228.23898401111364,,
1782497825.2888837,200,228.1617340631783,,
1782497825.2893305,200,228.32220513373613,,
1782497825.289815,200,230.3524687886238,,
1782497825.2900395,200,229.83434610068798,,
1782497825.2902923,200,230.324967764318,,
1782497825.2905934,200,231.37818509712815,,
1782497825.2908235,200,231.83956881985068,,
1782497825.3256807,200,222.73402707651258,,
1782497825.3259676,200,221.16350708529353,,
1782497825.3271575,200,225.87113827466965,,
1782497825.3274138,200,228.49593590945005,,
1782497825.3276541,200,223.55768317356706,,
1782497825.3279002,200,227.7633110061288,,
1782497825.3283381,200,225.15931399539113,,
1782497825.3290608,200,229.166011326015,,
1782497825.3292913,200,226.8106248229742,,
1782497825.329524,200,225.6465470418334,,
1782497825.3297458,200,229.15278095752,,
1782497825.3299668,200,226.54045326635242,,
1782497825.330195,200,225.69336788728833,,
1782497825.330424,200,226.7720140516758,,
1782497825.3306916,200,231.0497430153191,,
1782497825.3309197,200,230.55067099630833,,
1782497825.3311613,200,230.3286180831492,,
1782497825.3315089,200,228.7989091128111,,
1782497825.3318706,200,229.85607478767633,,
1782497825.332557,200,231.0108640231192,,
1782497825.364695,200,138.83976405486465,,
1782497825.3949497,200,140.41807409375906,,
1782497825.39535,200,140.54922480136156,,
1782497825.4631515,200,174.20539213344455,,
1782497825.4645073,200,174.15580106899142,,
1782497825.4648106,200,174.6967751532793,,
1782497825.4650586,200,175.66450079903007,,
1782497825.4653203,200,176.60562694072723,,
1782497825.46556,200,175.68577080965042,,
1782497825.4661949,200,177.73560527712107,,
1782497825.4898815,200,198.99473804980516,,
1782497825.4901435,200,199.4867310859263,,
1782497825.5561981,200,227.79245115816593,,
1782497825.5564582,200,230.68857099860907,,
1782497825.5960495,200,265.5594451352954,,
1782497825.5964978,200,266.6911827400327,,
1782497825.5967257,200,265.96981892362237,,
1782497825.5969403,200,267.3553968779743,,
1782497825.5971718,200,268.04751344025135,,
1782497825.5973914,200,265.45012509450316,,
1782497825.597631,200,266.0600687377155,,
1782497825.5978434,200,267.81310979276896,,
1782497825.5980866,200,267.8275811485946,,
1782497825.598559,200,267.31639727950096,,
1782497825.599144,200,269.7852738201618,,
1782497825.5996442,200,234.88186905160546,,
1782497825.5998845,200,268.90017790719867,,
1782497825.6001742,200,272.69265428185463,,
1782497825.60045,200,273.220996838063,,
1782497825.6006763,200,268.05216167122126,,
1782497825.6010594,200,273.0954457074404,,
1782497825.6013088,200,273.58716866001487,,
1782497825.6015532,200,275.5136820487678,,
1782497825.6214669,200,226.44839202985168,,
1782497825.6216996,200,226.27683216705918,,
1782497825.6469333,200,183.71712509542704,,
1782497825.647831,200,182.4424061924219,,
1782497825.6483061,200,183.73878533020616,,
1782497825.648559,200,182.30164563283324,,
1782497825.6487854,200,183.66314470767975,,
1782497825.6491356,200,183.51088417693973,,
1782497825.6493824,200,184.49912080541253,,
1782497825.6671505,200,177.2026107646525,,
1782497825.667382,200,177.17396188527346,,
1782497825.7368793,200,180.61417387798429,,
1782497825.737141,200,180.61746517196298,,
1782497825.7947464,200,198.62967496737838,,
1782497825.7956734,200,198.21350229904056,,
1782497825.7959394,200,198.25141271576285,,
1782497825.7964401,200,199.20683884993196,,
1782497825.7966783,200,200.1197561621666,,
1782497825.7969003,200,197.6852989755571,,
1782497825.83088,200,183.88038594275713,,
1782497825.832054,200,232.3426720686257,,
1782497825.832511,200,183.89026587828994,,
1782497825.8327527,200,231.3747750595212,,
1782497825.8334448,200,185.0659241899848,,
1782497825.8336751,200,212.14015688747168,,
1782497825.8341935,200,212.43580803275108,,
1782497825.834448,200,236.5354597568512,,
1782497825.8346827,200,236.5296999923885,,
1782497825.8349373,200,234.19785406440496,,
1782497825.8354132,200,238.62973414361477,,
1782497825.8359058,200,234.28756557404995,,
1782497825.8361378,200,235.88533606380224,,
1782497825.8366349,200,236.68501200154424,,
1782497825.836869,200,235.74322508648038,,
1782497825.8372185,200,236.70492181554437,,
1782497825.8378227,200,188.9755306765437,,
1782497825.8380873,200,239.45725988596678,,
1782497825.838331,200,241.3261430338025,,
1782497825.8577273,200,190.50882989540696,,
1782497825.8583531,200,209.14206700399518,,
1782497825.8586004,200,191.15609489381313,,
1782497825.858825,200,209.37811769545078,,
1782497825.8590684,200,211.17241913452744,,
1782497825.8742383,200,137.2914630919695,,
1782497825.8745017,200,137.29582307860255,,
1782497825.973351,200,178.53468097746372,,
1782497825.9738004,200,177.0614511333406,,
1782497825.974029,200,177.5212730281055,,
1782497825.9742737,200,177.3039516992867,,
1782497825.974513,200,178.7706119939685,,
1782497825.9747527,200,178.75022208318114,,
1782497826.0251257,200,191.38403702527285,,
1782497826.0253901,200,194.4455080665648,,
1782497826.0646155,200,227.31637815013528,,
1782497826.0653138,200,229.84125465154648,,
1782497826.0673895,200,232.3871422559023,,
1782497826.0684843,200,231.5543256700039,,
1782497826.068725,200,232.75504494085908,,
1782497826.0689375,200,236.3581690005958,,
1782497826.0691698,200,232.96707589179277,,
1782497826.0694041,200,234.89105002954602,,
1782497826.069612,200,236.1052967607975,,
1782497826.06983,200,231.66566714644432,,
1782497826.0703232,200,211.18427021428943,,
1782497826.0705593,200,195.99125673994422,,
1782497826.070785,200,212.1169059537351,,
1782497826.0710275,200,212.13719621300697,,
1782497826.071704,200,236.9533129967749,,
1782497826.0723896,200,198.08421190828085,,
1782497826.072736,200,240.61397835612297,,
1782497826.0729768,200,235.09062081575394,,
1782497826.0732155,200,236.52271972969174,,
1782497826.0734842,200,215.69204004481435,,
1782497826.0740395,200,235.64577475190163,,
1782497826.0743055,200,215.89391212910414,,
1782497826.075317,200,241.06284976005554,,
1782497826.0756981,200,242.88269272074103,,
1782497826.1089528,200,135.53406111896038,,
1782497826.1098225,200,135.0101069547236,,
1782497826.1100795,200,135.9882541000843,,
1782497826.1103399,200,135.9977051615715,,
1782497826.1105597,200,135.97750384360552,,
1782497826.1107826,200,136.91863091662526,,
1782497826.2018573,200,176.66304809972644,,
1782497826.2021322,200,176.67489778250456,,
1782497826.350505,200,275.11982899159193,,
1782497826.3549652,200,285.5043192394078,,
1782497826.355447,200,283.68025785312057,,
1782497826.3557096,200,282.15515706688166,,
1782497826.3559542,200,283.4993959404528,,
1782497826.3561773,200,285.08610697463155,,
1782497826.356656,200,287.87395590916276,,
1782497826.356909,200,289.4525360316038,,
1782497826.3571556,200,287.25386084988713,,
1782497826.357411,200,287.0223498903215,,
1782497826.3576572,200,287.9852568730712,,
1782497826.3578873,200,284.8466751165688,,
1782497826.3583589,200,285.0787458010018,,
1782497826.3585875,200,293.215902056545,,
1782497826.3588226,200,289.81982823461294,,
1782497826.3590374,200,286.2272746860981,,
1782497826.3592792,200,284.90613494068384,,
1782497826.3595066,200,294.8317821137607,,
1782497826.3597848,200,288.9324729330838,,
1782497826.3600397,200,290.808925870806,,
1782497826.361206,200,292.65421722084284,,
1782497826.3617113,200,291.0920772701502,,
1782497826.3826985,200,272.81174436211586,,
1782497826.3833895,200,272.7599339559674,,
1782497826.383627,200,273.4861890785396,,
1782497826.3838632,200,308.0979916267097,,
1782497826.3840852,200,275.0662686303258,,
1782497826.384299,200,310.18362613394856,,
1782497826.384795,200,274.3863048963249,,
1782497826.3851836,200,274.33738531544805,,
1782497826.3993282,200,197.40113709121943,,
1782497826.3995998,200,197.3959682509303,,
1782497826.5850585,200,234.45604601874948,,
1782497826.6224315,200,263.54957185685635,,
1782497826.6240323,200,264.4609580747783,,
1782497826.6249692,200,265.8556383103132,,
1782497826.625204,200,267.481897957623,,
1782497826.6254466,200,268.46876507624984,,
1782497826.625672,200,265.8287170343101,,
1782497826.626106,200,271.0772422142327,,
1782497826.6265757,200,271.0554632358253,,
1782497826.6268005,200,271.02303178980947,,
1782497826.6270487,200,269.8204340413213,,
1782497826.6273096,200,268.8866867683828,,
1782497826.6275215,200,270.8023311570287,,
1782497826.6277485,200,271.73364674672484,,
1782497826.6279957,200,267.89039094001055,,
1782497826.6285388,200,269.8872550390661,,
1782497826.628783,200,271.30808401852846,,
1782497826.6290855,200,272.83484395593405,,
1782497826.6294699,200,271.5185349807143,,
1782497826.654941,200,272.1775001846254,,
1782497826.6551862,200,269.9343250133097,,
1782497826.655432,200,256.0351719148457,,
1782497826.6556761,200,271.7501069419086,,
1782497826.6559198,200,256.2552932649851,,
1782497826.6568518,200,295.58003693819046,,
1782497826.6573272,200,297.98415303230286,,
1782497826.657577,200,295.7965089008212,,
1782497826.657805,200,274.1112122312188,,
1782497826.6586747,200,274.52666498720646,,
1782497826.65889,200,274.02830263599753,,
1782497826.6593459,200,275.8915848098695,,
1782497826.6596982,200,275.3333207219839,,
1782497826.7604508,200,175.31956918537617,,
1782497826.857509,200,232.24157094955444,,
1782497826.857828,200,235.3282319381833,,
1782497826.8892453,200,261.42171723768115,,
1782497826.8897555,200,263.5873919352889,,
1782497826.8900182,200,262.88655772805214,,
1782497826.8905041,200,266.4075610227883,,
1782497826.890746,200,265.2376238256693,,
1782497826.8911285,200,266.09391905367374,,
1782497826.8913748,200,265.63492603600025,,
1782497826.891655,200,263.59495194628835,,
1782497826.9250686,200,297.4849296733737,,
1782497826.925833,200,268.4355853125453,,
1782497826.9260821,200,270.33689711242914,,
1782497826.9263148,200,267.5725491717458,,
1782497826.9265697,200,299.9323457479477,,
1782497826.9274561,200,269.8151539079845,,
1782497826.9279144,200,299.3062729947269,,
1782497826.9281337,200,301.2712961062789,,
1782497826.9285996,200,273.100346326828,,
1782497826.9288976,200,271.99136884883046,,
1782497826.929107,200,269.3371810019016,,
1782497826.929373,200,270.41968796402216,,
1782497826.9298432,200,273.858230561018,,
1782497826.93015,200,275.1400298438966,,
1782497826.9303796,200,275.13486007228494,,
1782497826.9306078,200,271.1941241286695,,
1782497826.9308405,200,301.6940075904131,,
1782497826.9313226,200,303.955543320626,,
1782497826.9329576,200,304.1112939827144,,
1782497826.9333398,200,275.46853199601173,,
1782497826.9341486,200,304.60504814982414,,
1782497826.9795847,200,219.04707327485085,,
1782497827.0762665,200,218.64986000582576,,
1782497827.0765634,200,218.67196029052138,,
1782497827.106511,200,216.68253699317575,,
1782497827.1082191,200,218.12682691961527,,
1782497827.1084733,200,217.90221519768238,,
1782497827.1087003,200,219.36164516955614,,
1782497827.109008,200,217.81182382255793,,
1782497827.109278,200,217.5590731203556,,
1782497827.109887,200,219.0782129764557,,
1782497827.1102076,200,218.75784127041698,,
1782497827.145712,200,215.4936189763248,,
1782497827.146011,200,220.10594001039863,,
1782497827.14628,200,217.61914296075702,,
1782497827.146519,200,218.54694932699203,,
1782497827.1467369,200,221.5834497474134,,
1782497827.1469796,200,215.5785490758717,,
1782497827.1472156,200,214.18889984488487,,
1782497827.147446,200,216.53952496126294,,
1782497827.1476667,200,219.4622359238565,,
1782497827.1479142,200,217.24097104743123,,
1782497827.148149,200,213.93736777827144,,
1782497827.1491542,200,219.71325716003776,,
1782497827.1494586,200,223.31258142367005,,
1782497827.1497018,200,223.31379214301705,,
1782497827.149928,200,222.40337496623397,,
1782497827.1501925,200,221.2386978790164,,
1782497827.1504328,200,221.2676377967,,
1782497827.1514034,200,221.49382904171944,,
1782497827.1516583,200,221.2145570665598,,
1782497827.151908,200,218.49909890443087,,
1782497827.1523583,200,225.72766710072756,,
1782497827.198973,200,219.30082514882088,,
1782497827.2953188,200,218.69026124477386,,
1782497827.2956822,200,219.3155139684677,,
1782497827.3257546,200,215.47623770311475,,
1782497827.3272047,200,217.25353132933378,,
1782497827.3274727,200,218.93659234046936,,
1782497827.3277173,200,219.42509524524212,,
1782497827.3281858,200,219.42288568243384,,
1782497827.328668,200,219.29344395175576,,
1782497827.3289716,200,222.39330504089594,,
1782497827.329191,200,220.11546976864338,,
1782497827.361172,200,213.19089317694306,,
1782497827.364977,200,218.39593769982457,,
1782497827.365243,200,217.73401414975524,,
1782497827.3655002,200,213.52865500375628,,
1782497827.36573,200,215.4679987579584,,
1782497827.3659627,200,215.96529195085168,,
1782497827.3661985,200,217.97456499189138,,
1782497827.3664243,200,215.93036223202944,,
1782497827.3666525,200,219.61435582488775,,
1782497827.3668904,200,217.36364206299186,,
1782497827.3671403,200,220.3356516547501,,
1782497827.3673916,200,220.10475024580956,,
1782497827.3679252,200,221.84067219495773,,
1782497827.3685093,200,219.29946495220065,,
1782497827.3687537,200,222.94865874573588,,
1782497827.3692114,200,219.44893477484584,,
1782497827.369668,200,217.23289974033833,,
1782497827.370038,200,218.5662887059152,,
1782497827.3704007,200,218.66922033950686,,
1782497827.3706756,200,224.32797821238637,,
1782497827.3709097,200,223.17301062867045,,
1782497827.4186635,200,219.62576685473323,,
1782497827.5144317,200,219.01572309434414,,
1782497827.5147102,200,218.94326200708747,,
1782497827.546227,200,218.95274333655834,,
1782497827.54653,200,218.98774290457368,,
1782497827.5467935,200,219.00739194825292,,
1782497827.547035,200,218.7904012389481,,
1782497827.5472662,200,221.43740858882666,,
1782497827.547509,200,218.46687933430076,,
1782497827.5477433,200,218.48983922973275,,
1782497827.547967,200,219.23538437113166,,
1782497827.5796905,200,208.94488506019115,,
1782497827.581436,200,210.9692278318107,,
1782497827.5828342,200,217.51947281882167,,
1782497827.5830815,200,216.82050684466958,,
1782497827.58331,200,212.33438793569803,,
1782497827.583551,200,217.06378925591707,,
1782497827.5837746,200,214.50207196176052,,
1782497827.5842702,200,223.01910864189267,,
1782497827.5849366,200,217.7279843017459,,
1782497827.5851789,200,217.71516278386116,,
1782497827.585971,200,217.39674173295498,,
1782497827.586224,200,218.23293715715408,,
1782497827.5865083,200,220.71425430476665,,
1782497827.5867429,200,216.63775714114308,,
1782497827.5870087,200,217.27364137768745,,
1782497827.5877786,200,220.82170518115163,,
1782497827.5880718,200,223.02405023947358,,
1782497827.588369,200,222.8046879172325,,
1782497827.5886118,200,221.89330216497183,,
1782497827.5892007,200,220.38143128156662,,
1782497827.589914,200,223.88551523908973,,
1782497827.636158,200,217.42014214396477,,
1782497827.7322826,200,217.78227388858795,,
1782497827.7326224,200,217.8491447120905,,
1782497827.7654495,200,217.8711942397058,,
1782497827.7657695,200,218.66134088486433,,
1782497827.7662926,200,219.97869899496436,,
1782497827.7665155,200,218.708171043545,,
1782497827.766923,200,219.5811360143125,,
1782497827.7671413,200,220.27986124157906,,
1782497827.7674372,200,219.4084250368178,,
1782497827.7676554,200,221.05099586769938,,
1782497827.7982686,200,212.23616693168879,,
1782497827.7990813,200,211.23743103817105,,
1782497827.8012435,200,216.2409839220345,,
1782497827.8021517,200,222.3795149475336,,
1782497827.8023963,200,215.82417096942663,,
1782497827.8026164,200,217.36837085336447,,
1782497827.802822,200,214.68158392235637,,
1782497827.803285,200,221.7763913795352,,
1782497827.8037264,200,213.74971698969603,,
1782497827.8042543,200,220.87747463956475,,
1782497827.8045738,200,215.3134671971202,,
1782497827.8047948,200,221.18195658549666,,
1782497827.8050725,200,216.63450682535768,,
1782497827.8053277,200,218.51495001465082,,
1782497827.8058043,200,222.65342716127634,,
1782497827.8061128,200,219.03723292052746,,
1782497827.8063514,200,217.6764728501439,,
1782497827.8065984,200,222.26548427715898,,
1782497827.806859,200,223.95729599520564,,
1782497827.8075976,200,221.31186816841364,,
1782497827.808287,200,224.44118885323405,,
1782497827.8556662,200,219.44215474650264,,
1782497827.9542978,200,221.91976197063923,,
1782497827.9545522,200,221.8657718040049,,
1782497827.9851596,200,219.60723726078868,,
1782497827.986891,200,221.04347590357065,,
1782497827.9871497,200,219.43240519613028,,
1782497827.9873748,200,220.79909406602383,,
1782497827.9876022,200,220.38851212710142,,
1782497827.9879093,200,220.41149204596877,,
1782497827.9881318,200,221.1570469662547,,
1782497827.9883885,200,222.0349721610546,,
1782497828.0204656,200,215.32534761354327,,
1782497828.0237103,200,221.25496761873364,,
1782497828.0239336,200,216.27756394445896,,
1782497828.0241833,200,218.00609584897757,,
1782497828.0248702,200,219.46644596755505,,
1782497828.0253084,200,220.4602831043303,,
1782497828.025552,200,221.22849710285664,,
1782497828.02577,200,226.59732401371002,,
1782497828.0265236,200,222.7322980761528,,
1782497828.026748,200,228.41441491618752,,
1782497828.0269635,200,220.30359087511897,,
1782497828.0272107,200,225.8989280089736,,
1782497828.0274553,200,224.5633900165558,,
1782497828.0277193,200,219.36823520809412,,
1782497828.0283704,200,221.44959913566709,,
1782497828.028929,200,225.57964688166976,,
1782497828.0291517,200,223.28291088342667,,
1782497828.029391,200,224.75457098335028,,
1782497828.0299141,200,227.69364016130567,,
1782497828.0301397,200,223.71805412694812,,
1782497828.0305054,200,227.83485101535916,,
1782497828.0783982,200,222.67395677044988,,
1782497828.175539,200,221.1787668056786,,
1782497828.175755,200,221.14516701549292,,
1782497828.2077963,200,219.3431039340794,,
1782497828.2080247,200,220.81456519663334,,
1782497828.2082381,200,220.26254003867507,,
1782497828.208704,200,221.74404095858335,,
1782497828.2089703,200,221.29940800368786,,
1782497828.2091923,200,220.99845577031374,,
1782497828.2095351,200,224.30880833417177,,
1782497828.210166,200,222.72988688200712,,
1782497828.24558,200,215.37734800949693,,
1782497828.2468917,200,216.32709400728345,,
1782497828.247206,200,223.43658190220594,,
1782497828.2474613,200,220.8763649687171,,
1782497828.2476935,200,223.68955379351974,,
1782497828.2478988,200,223.64906361326575,,
1782497828.2481089,200,220.58659279718995,,
1782497828.248361,200,227.8268518857658,,
1782497828.2485754,200,220.1403700746596,,
1782497828.2488043,200,219.81491800397635,,
1782497828.2490115,200,224.0741471759975,,
1782497828.2496781,200,220.45884234830737,,
1782497828.2499282,200,219.95106898248196,,
1782497828.2509346,200,224.12536619231105,,
1782497828.2512312,200,225.62048630788922,,
1782497828.2519147,200,226.5310431830585,,
1782497828.252532,200,225.51082586869597,,
1782497828.2530181,200,223.55818282812834,,
1782497828.2534032,200,226.11933015286922,,
1782497828.2556775,200,229.83578499406576,,
1782497828.2568288,200,229.03932025656104,,
1782497828.3104403,200,231.9850497879088,,
1782497828.4071746,200,231.36543575674295,,
1782497828.4074297,200,231.83081904426217,,
1782497828.4382029,200,227.97697223722935,,
1782497828.4386394,200,230.5557900108397,,
1782497828.4388475,200,229.24684127792716,,
1782497828.4390624,200,230.02941580489278,,
1782497828.4396164,200,231.3042851164937,,
1782497828.44045,200,232.59181389585137,,
1782497828.4406798,200,231.91630886867642,,
1782497828.4409301,200,231.67607793584466,,
1782497828.4747822,200,224.79170095175505,,
1782497828.4750276,200,226.60679277032614,,
1782497828.4752839,200,223.9975961856544,,
1782497828.4755013,200,224.5015292428434,,
1782497828.4759395,200,230.27676809579134,,
1782497828.476151,200,227.9671630822122,,
1782497828.4770336,200,229.28423201665282,,
1782497828.477269,200,228.62773668020964,,
1782497828.4775567,200,220.64192267134786,,
1782497828.4777935,200,230.83084169775248,,
1782497828.4780324,200,230.50724901258945,,
1782497828.478465,200,222.70292695611715,,
1782497828.4792392,200,229.49038306251168,,
1782497828.4795256,200,231.57684691250324,,
1782497828.4797668,200,230.70080112665892,,
1782497828.4799774,200,226.87870496883988,,
1782497828.480411,200,226.93300480023026,,
1782497828.4810164,200,228.3902750350535,,
1782497828.481943,200,229.80381501838565,,
1782497828.4821997,200,234.9206288345158,,
1782497828.4827144,200,233.85324189439416,,
1782497828.5295243,200,219.01480201631784,,
1782497828.6257904,200,218.55275984853506,,
1782497828.6260452,200,218.55041896924376,,
1782497828.6559398,200,214.9494751356542,,
1782497828.6574457,200,218.29728782176971,,
1782497828.6576676,200,218.76128111034632,,
1782497828.6578984,200,219.63305678218603,,
1782497828.6581085,200,217.3624811694026,,
1782497828.658643,200,219.94780888780951,,
1782497828.6588738,200,219.19484389945865,,
1782497828.659109,200,218.58814032748342,,
1782497828.6907678,200,214.55021295696497,,
1782497828.6941137,200,214.0770391561091,,
1782497828.6945612,200,219.46557518094778,,
1782497828.69479,200,213.70441699400544,,
1782497828.6952295,200,218.13185699284077,,
1782497828.6954446,200,216.91728802397847,,
1782497828.6956642,200,217.5683118402958,,
1782497828.6959035,200,213.90109788626432,,
1782497828.6961896,200,216.88249800354242,,
1782497828.6964498,200,221.60074999555945,,
1782497828.6966884,200,219.06470181420445,,
1782497828.6969025,200,221.3330282829702,,
1782497828.6971366,200,219.8117868974805,,
1782497828.6976736,200,222.33181493356824,,
1782497828.6979856,200,218.15233677625656,,
1782497828.698264,200,215.9908819012344,,
1782497828.6985116,200,220.64922424033284,,
1782497828.6991358,200,219.54343607649207,,
1782497828.699654,200,216.86959778890014,,
1782497828.6999352,200,219.46289483457804,,
1782497828.700259,200,224.26412673667073,,
1782497828.7481344,200,218.54996914044023,,
1782497828.8478138,200,221.95994202047586,,
1782497828.8480728,200,221.9664421863854,,
1782497828.8811235,200,222.41353522986174,,
1782497828.8813505,200,222.41648472845554,,
1782497828.881557,200,223.82768476381898,,
1782497828.8817687,200,223.60045416280627,,
1782497828.8820255,200,226.02121904492378,,
1782497828.8822389,200,224.73246091976762,,
1782497828.8824615,200,224.5060889981687,,
1782497828.8826861,200,223.50562270730734,,
1782497828.9151516,200,217.94919529929757,,
1782497828.9156466,200,221.46770916879177,,
1782497828.9165998,200,225.7710681296885,,
1782497828.9170465,200,221.54304990544915,,
1782497828.917272,200,220.76020436361432,,
1782497828.9177852,200,223.16066129133105,,
1782497828.9180145,200,219.68007693067193,,
1782497828.9182732,200,220.53943341597915,,
1782497828.9184995,200,223.64276368170977,,
1782497828.9187305,200,220.15066957101226,,
1782497828.918959,200,220.90588510036469,,
1782497828.9196837,200,219.96877901256084,,
1782497828.9200313,200,223.061160184443,,
1782497828.920318,200,224.5838399976492,,
1782497828.9208317,200,221.63364989683032,,
1782497828.9214573,200,221.4570790529251,,
1782497828.9219997,200,225.2531540580094,,
1782497828.922238,200,225.97490902990103,,
1782497828.9228399,200,222.49981621280313,,
1782497828.9232824,200,227.99687320366502,,
1782497828.92392,200,227.9556030407548,,
1782497828.941549,200,193.34847992286086,,
1782497828.9823656,200,134.23444190993905,,
1782497828.982604,200,134.7065861336887,,
1782497829.0557063,200,174.0901400335133,,
1782497829.055995,200,173.23332512751222,,
1782497829.0877218,200,206.52725780382752,,
1782497829.0882454,200,205.94434486702085,,
1782497829.0888126,200,206.72927983105183,,
1782497829.0890384,200,207.1932232938707,,
1782497829.0892923,200,206.770830322057,,
1782497829.0895224,200,208.11735931783915,,
1782497829.1136558,200,193.54125205427408,,
1782497829.114151,200,198.4363840892911,,
1782497829.1144223,200,199.20139899477363,,
1782497829.1146708,200,197.32763711363077,,
1782497829.1502628,200,228.73357823118567,,
1782497829.1504788,200,231.46094614639878,,
1782497829.1509578,200,232.62212425470352,,
1782497829.1511948,200,230.3018979728222,,
1782497829.1514444,200,233.59775124117732,,
1782497829.1516447,200,228.30211464315653,,
1782497829.1518576,200,235.1881922222674,,
1782497829.1520963,200,230.03057623282075,,
1782497829.1523414,200,230.03801703453064,,
1782497829.1526017,200,228.616566862911,,
1782497829.152818,200,234.7274380736053,,
1782497829.153128,200,211.5153018385172,,
1782497829.1534247,200,233.03282726556063,,
1782497829.1536505,200,234.8569193854928,,
1782497829.1539161,200,231.012892909348,,
1782497829.154286,200,237.17941483482718,,
1782497829.1545222,200,234.7737578675151,,
1782497829.1551445,200,236.56954057514668,,
1782497829.1761694,200,193.5087307356298,,
1782497829.1764288,200,193.99590510874987,,
1782497829.1919374,200,135.86670299991965,,
1782497829.1922152,200,136.41868671402335,,
1782497829.262326,200,173.4542460180819,,
1782497829.2625978,200,173.0176229029894,,
1782497829.2628126,200,173.45843696966767,,
1782497829.263284,200,174.97727693989873,,
1782497829.2635295,200,174.40523207187653,,
1782497829.2640502,200,176.2178847566247,,
1782497829.3346868,200,220.4706729389727,,
1782497829.335172,200,220.4272518865764,,
1782497829.3357282,200,221.24606790021062,,
1782497829.3361616,200,222.41984587162733,,
1782497829.3930802,200,241.81170482188463,,
1782497829.3933241,200,239.82769204303622,,
1782497829.3935554,200,241.14547204226255,,
1782497829.3937707,200,239.7868218831718,,
1782497829.393976,200,242.47983004897833,,
1782497829.394196,200,241.00487027317286,,
1782497829.39455,200,242.84760188311338,,
1782497829.3947682,200,244.44235395640135,,
1782497829.3950517,200,244.03434107080102,,
1782497829.3952882,200,243.12254367396235,,
1782497829.39597,200,243.30908618867397,,
1782497829.4209788,200,244.74439630284905,,
1782497829.4212122,200,266.6200422681868,,
1782497829.4214637,200,268.57425598427653,,
1782497829.4217076,200,245.21835893392563,,
1782497829.4219232,200,266.71436335891485,,
1782497829.422153,200,270.2275072224438,,
1782497829.422373,200,271.82608703151345,,
1782497829.4225862,200,268.87214789167047,,
1782497829.4231105,200,231.09714314341545,,
1782497829.4233444,200,268.99246918037534,,
1782497829.4236648,200,231.38698609545827,,
1782497829.4452305,200,181.88651325181127,,
1782497829.4454503,200,183.05680016055703,,
1782497829.4456704,200,181.5625810995698,,
1782497829.4459012,200,182.30546498671174,,
1782497829.446117,200,183.45674313604832,,
1782497829.4463453,200,183.46943333745003,,
1782497829.511703,200,176.9441100768745,,
1782497829.5119412,200,176.14535382017493,,
1782497829.5124397,200,177.19996208325028,,
1782497829.51297,200,176.73663794994354,,
1782497829.6361318,200,241.3035724312067,,
1782497829.637666,200,243.05756390094757,,
1782497829.6378963,200,244.50716376304626,,
1782497829.6381416,200,244.52567426487803,,
1782497829.638357,200,244.32242196053267,,
1782497829.638603,200,242.56536085158587,,
1782497829.638864,200,245.03717804327607,,
1782497829.6390796,200,243.71667811647058,,
1782497829.639315,200,245.05585804581642,,
1782497829.6398456,200,244.7262853384018,,
1782497829.6401486,200,247.0003799535334,,
1782497829.6686,200,223.30059204250574,,
1782497829.6688423,200,245.1114277355373,,
1782497829.669079,200,248.03822813555598,,
1782497829.6692936,200,246.862119063735,,
1782497829.6695306,200,224.01904594153166,,
1782497829.6697567,200,247.9904079809785,,
1782497829.669962,200,247.73912597447634,,
1782497829.6706347,200,224.67208979651332,,
1782497829.670857,200,225.12334398925304,,
1782497829.6710737,200,224.89304188638926,,
1782497829.671853,200,249.86636033281684,,
1782497829.6723852,200,249.20112499967217,,
1782497829.67261,200,251.3277200050652,,
1782497829.672863,200,251.33070908486843,,
1782497829.673149,200,249.73869882524014,,
1782497829.6736128,200,227.207456715405,,
1782497829.674671,200,252.02083494514227,,
1782497829.693906,200,182.13407509028912,,
1782497829.6945536,200,181.5194603987038,,
1782497829.6947887,200,182.7849787659943,,
1782497829.69505,200,182.54613783210516,,
1782497829.8622246,200,226.0287688113749,,
1782497829.8625178,200,224.7940511442721,,
1782497829.8944535,200,255.527107976377,,
1782497829.8947108,200,256.5108253620565,,
1782497829.8949287,200,256.2593133188784,,
1782497829.895189,200,257.22393905743957,,
1782497829.8954184,200,256.9909179583192,,
1782497829.895759,200,255.5481679737568,,
1782497829.8959658,200,256.5904250368476,,
1782497829.8961902,200,257.03657791018486,,
1782497829.8965285,200,256.6151046194136,,
1782497829.9293616,200,259.5472950488329,,
1782497829.929799,200,260.20547980442643,,
1782497829.9303036,200,261.6353090852499,,
1782497829.9305503,200,235.93359626829624,,
1782497829.9324548,200,261.3042569719255,,
1782497829.9330974,200,263.7346829287708,,
1782497829.9335818,200,264.4465081393719,,
1782497829.933836,200,260.6269121170044,,
1782497829.934079,200,260.40101144462824,,
1782497829.9346764,200,261.7438202723861,,
1782497829.934911,200,262.23951298743486,,
1782497829.9351404,200,260.405361186713,,
1782497829.9353883,200,264.4716380164027,,
1782497829.9356236,200,240.49666710197926,,
1782497829.9362924,200,266.2665704265237,,
1782497829.9365077,200,264.59481893107295,,
1782497829.9367135,200,241.86223605647683,,
1782497829.937242,200,268.33740435540676,,
1782497829.9378011,200,265.34378388896585,,
1782497829.9380615,200,244.0910912118852,,
1782497829.9385924,200,267.89557095617056,,
1782497830.0821526,200,219.83036771416664,,
1782497830.0824323,200,219.85431807115674,,
1782497830.1434927,200,248.7221728079021,,
1782497830.1441627,200,247.57708376273513,,
1782497830.144416,200,249.41608682274818,,
1782497830.1446574,200,248.8371729850769,,
1782497830.144913,200,248.6581220291555,,
1782497830.145135,200,250.60953479260206,,
1782497830.1453547,200,250.10282080620527,,
1782497830.1455743,200,250.0828318297863,,
1782497830.1460571,200,250.02209097146988,,
1782497830.1786299,200,243.65999782457948,,
1782497830.1802583,200,247.7456363849342,,
1782497830.1809301,200,244.57682389765978,,
1782497830.1816409,200,248.48007084801793,,
1782497830.1818688,200,247.96794774010777,,
1782497830.1821108,200,245.33176887780428,,
1782497830.1823342,200,246.64241913706064,,
1782497830.1825664,200,247.35525297001004,,
1782497830.1828089,200,246.2498559616506,,
1782497830.1830423,200,248.29989904537797,,
1782497830.1833253,200,245.1893980614841,,
1782497830.183586,200,245.71798229590058,,
1782497830.183815,200,253.94658790901303,,
1782497830.1840875,200,248.63210134208202,,
1782497830.184762,200,251.10927782952785,,
1782497830.184989,200,250.8404073305428,,
1782497830.1852438,200,247.94313684105873,,
1782497830.185469,200,246.81474035605788,,
1782497830.1857502,200,256.32611429318786,,
1782497830.1863308,200,255.7128998450935,,
1782497830.186744,200,256.3713430427015,,
1782497830.2184637,200,136.23978570103645,,
1782497830.2187366,200,136.2427156418562,,
1782497830.3202388,200,175.26109796017408,,
1782497830.321215,200,177.64617362990975,,
1782497830.3214643,200,176.26696499064565,,
1782497830.321682,200,177.19867220148444,,
1782497830.3219306,200,176.28326499834657,,
1782497830.3500762,200,203.95182073116302,,
1782497830.350314,200,204.89721791818738,,
1782497830.3508255,200,206.10490487888455,,
1782497830.35104,200,206.8085102364421,,
1782497830.4165847,200,197.7841998450458,,
1782497830.4168181,200,230.42297922074795,,
1782497830.4170835,200,231.551397126168,,
1782497830.4173272,200,236.33200908079743,,
1782497830.417757,200,234.8837493918836,,
1782497830.4180014,200,233.84528188034892,,
1782497830.4182222,200,235.5872238986194,,
1782497830.418461,200,233.6346609517932,,
1782497830.4187047,200,236.52950022369623,,
1782497830.4189494,200,235.06193095818162,,
1782497830.419216,200,234.15716411545873,,
1782497830.4199238,200,239.60131127387285,,
1782497830.4201958,200,234.88815873861313,,
1782497830.4205403,200,241.8468459509313,,
1782497830.4207625,200,237.6478179357946,,
1782497830.4209974,200,234.18502369895577,,
1782497830.4212875,200,237.6275067217648,,
1782497830.4217496,200,239.35047909617424,,
1782497830.4221783,200,236.37028876692057,,
1782497830.4224703,200,203.93905090168118,,
1782497830.4230883,200,241.15301109850407,,
1782497830.4234755,200,240.08902395144105,,
1782497830.424734,200,243.03019372746348,,
1782497830.4587853,200,138.4610808454454,,
1782497830.4590247,200,137.7397859469056,,
1782497830.4597332,200,138.2092502899468,,
1782497830.460269,200,138.5238510556519,,
1782497830.4605255,200,138.52015091106296,,
1782497830.5281296,200,177.98686679452658,,
1782497830.5287666,200,177.65274504199624,,
1782497830.5290034,200,178.11143677681684,,
1782497830.5293028,200,178.92228299751878,,
1782497830.657847,200,238.82365599274635,,
1782497830.6594563,200,242.57371993735433,,
1782497830.6599255,200,241.39760294929147,,
1782497830.660146,200,243.49543685093522,,
1782497830.660386,200,243.2325561530888,,
1782497830.6605976,200,242.77096195146441,,
1782497830.6608288,200,242.0560377649963,,
1782497830.6612446,200,242.9555831477046,,
1782497830.6952746,200,234.93655864149332,,
1782497830.695512,200,274.90944834426045,,
1782497830.6957374,200,278.35030062124133,,
1782497830.696401,200,272.86244509741664,,
1782497830.6966307,200,273.4647081233561,,
1782497830.6968408,200,276.8541621044278,,
1782497830.6973042,200,236.7101116105914,,
1782497830.6978636,200,278.57748279348016,,
1782497830.6981528,200,280.09065287187696,,
1782497830.6988542,200,239.76220190525055,,
1782497830.6990883,200,240.23483460769057,,
1782497830.699768,200,277.952428907156,,
1782497830.7002504,200,279.98553309589624,,
1782497830.7007651,200,275.9661050513387,,
1782497830.700991,200,280.1628541201353,,
1782497830.7012467,200,278.71635276824236,,
1782497830.7014842,200,280.415094923228,,
1782497830.7017207,200,279.4726393185556,,
1782497830.7021327,200,242.33250925317407,,
1782497830.7023838,200,281.02686908096075,,
1782497830.7549398,200,226.10652027651668,,
1782497830.7554028,200,227.2091582417488,,
1782497830.7556777,200,226.30844125524163,,
1782497830.7559292,200,226.8641348928213,,
1782497830.8833106,200,223.78761414438486,,
1782497830.8835676,200,223.5820833593607,,
1782497830.8837867,200,223.57139317318797,,
1782497830.884041,200,223.14359992742538,,
1782497830.884292,200,226.3778019696474,,
1782497830.8845448,200,223.23241084814072,,
1782497830.8847973,200,224.1354058496654,,
1782497830.8850307,200,224.57819990813732,,
1782497830.9169254,200,215.87019134312868,,
1782497830.9195206,200,222.14691387489438,,
1782497830.9199836,200,218.20038696750998,,
1782497830.9204447,200,221.5271587483585,,
1782497830.920683,200,225.1099543645978,,
1782497830.9213686,200,222.20953414216638,,
1782497830.9215925,200,225.7879381068051,,
1782497830.9221387,200,219.93619902059436,,
1782497830.922827,200,226.139219943434,,
1782497830.923057,200,222.73697797209024,,
1782497830.9235609,200,222.73299703374505,,
1782497830.9238105,200,223.97750616073608,,
1782497830.9240355,200,225.82133812829852,,
1782497830.9242587,200,226.3284819200635,,
1782497830.9244874,200,227.57897013798356,,
1782497830.924979,200,229.6389639377594,,
1782497830.925427,200,222.97328896820545,,
1782497830.9256604,200,224.3466079235077,,
1782497830.9259202,200,229.4569630175829,,
1782497830.9263406,200,224.78841245174408,,
1782497830.978938,200,223.4679819084704,,
1782497830.9791775,200,223.43218233436346,,
1782497830.9797022,200,224.69409089535475,,
1782497830.9799078,200,223.9151350222528,,
1782497831.1089532,200,225.56731710210443,,
1782497831.1092389,200,225.38078483194113,,
1782497831.1095047,200,225.14045285061002,,
1782497831.1097596,200,224.660930223763,,
1782497831.1100075,200,226.37912211939692,,
1782497831.1102366,200,225.61984695494175,,
1782497831.110492,200,226.37784201651812,,
1782497831.1107407,200,225.87756905704737,,
1782497831.1425838,200,216.5967971086502,,
1782497831.1443222,200,227.32744831591845,,
1782497831.1462214,200,222.5908264517784,,
1782497831.146474,200,226.88613599166274,,
1782497831.147461,200,221.73256985843182,,
1782497831.1477017,200,223.82917487993836,,
1782497831.1479354,200,227.8853519819677,,
1782497831.148161,200,224.0618159994483,,
1782497831.1483915,200,225.25687515735626,,
1782497831.1486132,200,222.20065398141742,,
1782497831.1491067,200,224.78347131982446,,
1782497831.1493518,200,224.3119077757001,,
1782497831.149683,200,225.1337030902505,,
1782497831.1499202,200,229.40977197140455,,
1782497831.1501827,200,228.5185270011425,,
1782497831.1504102,200,224.9150420539081,,
1782497831.1506999,200,228.49292634055018,,
1782497831.151189,200,228.29891368746758,,
1782497831.1515634,200,230.13438703492284,,
1782497831.1519256,200,231.17583384737372,,
1782497831.2033145,200,224.31174805387855,,
1782497831.2037697,200,224.00440601632,,
1782497831.2043066,200,224.33668887242675,,
1782497831.204566,200,225.32261488959193,,
1782497831.330099,200,221.05415584519506,,
1782497831.3310192,200,221.44220862537622,,
1782497831.3317716,200,221.46175894886255,,
1782497831.3320057,200,222.69421676173806,,
1782497831.3322449,200,221.68263094499707,,
1782497831.3324783,200,222.64747694134712,,
1782497831.3327355,200,221.9290123321116,,
1782497831.3329678,200,222.89798874408007,,
1782497831.3667023,200,215.06743598729372,,
1782497831.368542,200,220.08764976635575,,
1782497831.368775,200,219.02041183784604,,
1782497831.3690088,200,222.71884698420763,,
1782497831.3694565,200,218.2031669653952,,
1782497831.369676,200,219.69439694657922,,
1782497831.3698893,200,219.64223682880402,,
1782497831.3701322,200,221.4523390866816,,
1782497831.370379,200,220.96032509580255,,
1782497831.3706453,200,221.4745390228927,,
1782497831.371106,200,222.8714982047677,,
1782497831.3713422,200,220.8711551502347,,
1782497831.3715656,200,219.5768360979855,,
1782497831.3717935,200,227.40145912393928,,
1782497831.3720176,200,229.3577417731285,,
1782497831.3722415,200,224.71435088664293,,
1782497831.3728125,200,225.0463836826384,,
1782497831.3730652,200,222.29721397161484,,
1782497831.3739195,200,225.920629221946,,
1782497831.374385,200,227.8400920331478,,
1782497831.426471,200,223.0890803039074,,
1782497831.4267106,200,222.07869263365865,,
1782497831.4272065,200,222.83885767683387,,
1782497831.427521,200,223.68405433371663,,
1782497831.5556018,200,224.5104587636888,,
1782497831.5558572,200,223.55100326240063,,
1782497831.5561025,200,224.2658082395792,,
1782497831.5565534,200,223.5208530910313,,
1782497831.5568247,200,224.0266869775951,,
1782497831.5570517,200,226.88959492370486,,
1782497831.557291,200,225.21705366671085,,
1782497831.558202,200,225.65446700900793,,
1782497831.589652,200,221.0459359921515,,
1782497831.5929334,200,218.4784379787743,,
1782497831.5931988,200,222.75545727461576,,
1782497831.593441,200,221.5856397524476,,
1782497831.5936823,200,220.55036202073097,,
1782497831.593996,200,221.91601200029254,,
1782497831.5942283,200,224.27249792963266,,
1782497831.5946667,200,220.67481372505426,,
1782497831.594914,200,228.14647387713194,,
1782497831.5951493,200,222.83984813839197,,
1782497831.5953784,200,222.5093860179186,,
1782497831.5960412,200,224.6369901113212,,
1782497831.596314,200,224.6850300580263,,
1782497831.5968082,200,227.07261703908443,,
1782497831.5970428,200,227.5257403962314,,
1782497831.5972738,200,228.20094507187605,,
1782497831.5974965,200,228.65845682099462,,
1782497831.5978053,200,227.09806682541966,,
1782497831.598129,200,226.95740591734648,,
1782497831.5988688,200,228.6658170633018,,
1782497831.6496084,200,223.07008877396584,,
1782497831.6505363,200,223.75930519774556,,
1782497831.650783,200,223.19751977920532,,
1782497831.6510675,200,223.79509406164289,,
1782497831.7784743,200,222.54830598831177,,
1782497831.778724,200,221.3682089932263,,
1782497831.778979,200,222.81535807996988,,
1782497831.779213,200,222.09454327821732,,
1782497831.7794595,200,223.7795852124691,,
1782497831.7797055,200,222.81817812472582,,
1782497831.7799122,200,223.29238196834922,,
1782497831.7801294,200,221.8595719896257,,
1782497831.8157213,200,221.65749967098236,,
1782497831.8159869,200,217.79135381802917,,
1782497831.8162315,200,218.89380179345608,,
1782497831.8164732,200,220.37226101383567,,
1782497831.8166988,200,219.596556853503,,
1782497831.8169312,200,221.48669883608818,,
1782497831.8171494,200,219.28125387057662,,
1782497831.817373,200,220.99468484520912,,
1782497831.8176005,200,220.7274343818426,,
1782497831.8178253,200,224.8242413625121,,
1782497831.8185346,200,223.5576631501317,,
1782497831.8187642,200,219.82913836836815,,
1782497831.8190162,200,225.26592388749123,,
1782497831.8192637,200,221.70561971142888,,
1782497831.8197608,200,225.47591477632523,,
1782497831.819996,200,226.72872385010123,,
1782497831.820603,200,230.88727239519358,,
1782497831.821105,200,227.59772092103958,,
1782497831.821325,200,226.58918285742402,,
1782497831.8219347,200,226.71936405822635,,
1782497831.872946,200,222.09119284525514,,
1782497831.8731816,200,222.58158680051565,,
1782497831.873663,200,222.51362586393952,,
1782497831.873937,200,224.26400799304247,,
1782497831.9995632,200,221.01259604096413,,
1782497831.9998047,200,220.27250099927187,,
1782497832.0000637,200,221.0244662128389,,
1782497832.0002959,200,221.01362608373165,,
1782497832.0005324,200,221.73758130520582,,
1782497832.0007708,200,221.0096549242735,,
1782497832.0009928,200,220.78839410096407,,
1782497832.001237,200,221.26722801476717,,
1782497832.0372992,200,221.2441973388195,,
1782497832.0375352,200,220.99863598123193,,
1782497832.03778,200,218.70328020304441,,
1782497832.0380254,200,221.03257570415735,,
1782497832.0382617,200,217.5924819894135,,
1782497832.0385003,200,221.06289584189653,,
1782497832.038744,200,218.91707181930542,,
1782497832.0389707,200,221.308717969805,,
1782497832.0392017,200,222.90121903643012,,
1782497832.039501,200,219.4422259926796,,
1782497832.0397239,200,223.9310648292303,,
1782497832.0399554,200,222.05844288691878,,
1782497832.040198,200,221.60012973472476,,
1782497832.040427,200,218.42373814433813,,
1782497832.040651,200,223.88807591050863,,
1782497832.0408778,200,222.04351285472512,,
1782497832.041184,200,221.85117099434137,,
1782497832.0415642,200,220.1679809950292,,
1782497832.0418742,200,224.66159099712968,,
1782497832.0432107,200,222.04530285671353,,
1782497832.0962403,200,223.2279907912016,,
1782497832.0964956,200,222.76791790500283,,
1782497832.096738,200,223.49123330786824,,
1782497832.096972,200,222.97088894993067,,
1782497832.248743,200,248.61318198964,,
1782497832.2490206,200,249.14210475981236,,
1782497832.2492905,200,249.661548063159,,
1782497832.2495162,200,249.15409507229924,,
1782497832.249777,200,248.7145634368062,,
1782497832.2500296,200,248.72959172353148,,
1782497832.250255,200,249.42144704982638,,
1782497832.2505052,200,249.9039201065898,,
1782497832.2824903,200,244.64042391628027,,
1782497832.283976,200,245.16768800094724,,
1782497832.2860713,200,246.28268601372838,,
1782497832.2865283,200,246.96737062186003,,
1782497832.2867775,200,243.50152676925063,,
1782497832.287039,200,246.3299361988902,,
1782497832.287291,200,246.8002000823617,,
1782497832.2875292,200,249.20533504337072,,
1782497832.2877648,200,250.40077418088913,,
1782497832.287987,200,248.95396316424012,,
1782497832.288244,200,246.61130784079432,,
1782497832.2887511,200,248.49062087014318,,
1782497832.289214,200,247.2706730477512,,
1782497832.2894368,200,248.19143814966083,,
1782497832.2899406,200,251.37198995798826,,
1782497832.2901795,200,249.23620512709022,,
1782497832.2904394,200,250.41427416726947,,
1782497832.2908216,200,253.2188929617405,,
1782497832.2921472,200,252.88059003651142,,
1782497832.2929583,200,254.8676743172109,,
1782497832.3436155,200,247.30306211858988,,
1782497832.3440933,200,247.05796083435416,,
1782497832.344374,200,247.80936678871512,,
1782497832.3446126,200,247.8079958818853,,
1782497832.4722502,200,221.67702997103333,,
1782497832.4725673,200,223.4707116149366,,
1782497832.4728384,200,222.51130593940616,,
1782497832.473051,200,223.70097413659096,,
1782497832.4732563,200,223.40859193354845,,
1782497832.4735043,200,224.67435104772449,,
1782497832.4737327,200,223.64124283194542,,
1782497832.474226,200,224.63676100596786,,
1782497832.507831,200,221.6979512013495,,
1782497832.5096462,200,219.6426368318498,,
1782497832.5098805,200,217.66636287793517,,
1782497832.5103414,200,227.78090136125684,,
1782497832.5105731,200,222.74657804518938,,
1782497832.510798,200,221.296276897192,,
1782497832.511009,200,222.6945967413485,,
1782497832.5112085,200,218.18098705261946,,
1782497832.5118608,200,224.74522097036242,,
1782497832.5125296,200,221.64227021858096,,
1782497832.5127766,200,225.4245658405125,,
1782497832.512996,200,222.74271678179502,,
1782497832.5132668,200,225.20636394619942,,
1782497832.5135264,200,229.48158299550414,,
1782497832.5142577,200,226.6632942482829,,
1782497832.5145073,200,225.68694688379765,,
1782497832.5147395,200,224.24026764929295,,
1782497832.5150385,200,228.44348615035415,,
1782497832.515382,200,226.10773984342813,,
1782497832.515934,200,229.0905499830842,,
1782497832.5365672,200,192.40412395447493,,
1782497832.537057,200,192.37353280186653,,
1782497832.5373402,200,193.64543166011572,,
1782497832.537601,200,193.16657865419984,,
1782497832.6514661,200,178.35949920117855,,
1782497832.652167,200,179.81134867295623,,
1782497832.6524167,200,179.77523896843195,,
1782497832.652632,200,179.73518837243319,,
1782497832.6528535,200,179.53250790014863,,
1782497832.6532574,200,179.6863880008459,,
1782497832.6783938,200,204.0996621362865,,
1782497832.6787226,200,204.93097696453333,,
1782497832.7063994,200,191.5866290219128,,
1782497832.7069001,200,194.3122260272503,,
1782497832.7071438,200,197.43735808879137,,
1782497832.7074475,200,197.5015881471336,,
1782497832.7482374,200,235.17520120367408,,
1782497832.7493398,200,235.02223007380962,,
1782497832.749561,200,212.91516162455082,,
1782497832.7498064,200,234.3641547486186,,
1782497832.750026,200,239.38637971878052,,
1782497832.7504656,200,235.89160572737455,,
1782497832.751058,200,213.6480868794024,,
1782497832.7513003,200,214.17419984936714,,
1782497832.7515514,200,243.6494082212448,,
1782497832.7517676,200,214.1048600897193,,
1782497832.7520463,200,239.2076780088246,,
1782497832.7522917,200,240.3718763962388,,
1782497832.7527235,200,241.86522606760263,,
1782497832.7534847,200,243.0802439339459,,
1782497832.753721,200,242.66163213178515,,
1782497832.7542129,200,239.10246789455414,,
1782497832.754451,200,240.83549017086625,,
1782497832.754956,200,238.94794704392552,,
1782497832.755418,200,242.09869792684913,,
1782497832.7562373,200,244.9697768315673,,
1782497832.793892,200,140.9753579646349,,
1782497832.7941532,200,140.82172699272633,,
1782497832.7943957,200,141.7025732807815,,
1782497832.7946188,200,142.38473819568753,,
1782497832.7948377,200,142.36383698880672,,
1782497832.7950578,200,143.50404497236013,,
1782497832.8594117,200,180.62563380226493,,
1782497832.8596785,200,181.1934276483953,,
1782497832.9304502,200,223.4897930175066,,
1782497832.930669,200,224.20549718663096,,
1782497832.9308915,200,223.66934409365058,,
1782497832.9311514,200,223.62960409373045,,
1782497832.9898026,200,239.2831388860941,,
1782497832.9900436,200,237.26704623550177,,
1782497832.9902794,200,241.97244690731168,,
1782497832.9904938,200,240.86194019764662,,
1782497832.9907386,200,235.71966495364904,,
1782497832.990997,200,241.12956132739782,,
1782497832.9913561,200,241.25948175787926,,
1782497832.9915805,200,240.4519165866077,,
1782497832.991964,200,242.56512010470033,,
1782497833.0254593,200,273.6266297288239,,
1782497833.0257015,200,230.5628303438425,,
1782497833.0259404,200,271.6619069688022,,
1782497833.026162,200,272.6084617897868,,
1782497833.0263963,200,232.43218287825584,,
1782497833.026631,200,274.277004878968,,
1782497833.0268545,200,232.39739192649722,,
1782497833.0270772,200,273.2934579253197,,
1782497833.0273025,200,232.62212425470352,,
1782497833.0275326,200,271.2290743365884,,
1782497833.027811,200,233.59018005430698,,
1782497833.0281277,200,272.64442294836044,,
1782497833.028344,200,276.2325466610491,,
1782497833.0286121,200,277.23854407668114,,
1782497833.0288446,200,233.94563188776374,,
1782497833.0291715,200,274.6536070480943,,
1782497833.0296297,200,278.020310215652,,
1782497833.083878,200,224.1366570815444,,
1782497833.0841134,200,224.6327199973166,,
1782497833.154283,200,223.31759193912148,,
1782497833.1547766,200,223.56168320402503,,
1782497833.1550028,200,224.48574984446168,,
1782497833.1552415,200,224.5116587728262,,
1782497833.2158563,200,224.7828021645546,,
1782497833.2165742,200,226.01043991744518,,
1782497833.2171133,200,227.00441582128406,,
1782497833.2173734,200,225.34233471378684,,
1782497833.2175944,200,225.95151886343956,,
1782497833.2178142,200,227.94356290251017,,
1782497833.218037,200,227.23558684810996,,
1782497833.2182653,200,226.83390462771058,,
1782497833.2186441,200,228.30758430063725,,
1782497833.2501519,200,220.45782208442688,,
1782497833.2514813,200,222.79501799494028,,
1782497833.2532742,200,224.36097776517272,,
1782497833.2535367,200,226.843795273453,,
1782497833.2537725,200,226.85556579381227,,
1782497833.2540135,200,224.76984094828367,,
1782497833.2542813,200,228.05421287193894,,
1782497833.2545016,200,226.0945406742394,,
1782497833.2549515,200,229.42570317536592,,
1782497833.2551818,200,228.03617268800735,,
1782497833.2553883,200,229.6207332983613,,
1782497833.2556157,200,227.73702116683125,,
1782497833.2558434,200,228.2480150461197,,
1782497833.2560792,200,229.6167341992259,,
1782497833.2566326,200,229.26565213128924,,
1782497833.257247,200,229.05032010748982,,
1782497833.2575061,200,231.50221724063158,,
1782497833.2770631,200,193.117568269372,,
1782497833.277328,200,193.1522092781961,,
1782497833.3388999,200,184.54418098554015,,
1782497833.3393269,200,184.47923008352518,,
1782497833.3396053,200,184.29585872218013,,
1782497833.339906,200,184.84074296429753,,
1782497833.4706073,200,251.90300308167934,,
1782497833.4719481,200,255.29962591826916,,
1782497833.4722621,200,254.38919104635715,,
1782497833.4725065,200,255.07236504927278,,
1782497833.472734,200,254.62390203028917,,
1782497833.4730294,200,255.3657372482121,,
1782497833.473315,200,256.1357822269201,,
1782497833.4735632,200,255.2342163398862,,
1782497833.4744256,200,258.4815281443298,,
1782497833.5061557,200,248.83029190823436,,
1782497833.5064278,200,251.4140997081995,,
1782497833.5068622,200,249.2868760600686,,
1782497833.507326,200,253.24621237814426,,
1782497833.5077891,200,256.23821187764406,,
1782497833.5084612,200,255.12163527309895,,
1782497833.5089357,200,253.48692387342453,,
1782497833.5093825,200,255.03965467214584,,
1782497833.5096164,200,253.4726238809526,,
1782497833.5098655,200,256.02256087586284,,
1782497833.5100787,200,259.86869679763913,,
1782497833.5103173,200,256.7210062406957,,
1782497833.5105205,200,233.12718840315938,,
1782497833.5110285,200,255.7892599143088,,
1782497833.5115442,200,255.63808856531978,,
1782497833.511783,200,257.21219880506396,,
1782497833.5120044,200,256.3229938969016,,
1782497833.512728,200,235.5970237404108,,
1782497833.5143168,200,257.6232021674514,,
1782497833.5668182,200,227.42138896137476,,
1782497833.5670564,200,227.08151675760746,,
1782497833.5675435,200,227.87717217579484,,
1782497833.5677345,200,228.77504769712687,,
1782497833.6953304,200,222.52700617536902,,
1782497833.6955695,200,222.47752593830228,,
1782497833.6958046,200,221.31901793181896,,
1782497833.696034,200,223.46325172111392,,
1782497833.6962848,200,222.65808703377843,,
1782497833.696594,200,224.5777202770114,,
1782497833.6968157,200,224.48515938594937,,
1782497833.6970541,200,226.38689214363694,,
1782497833.6973186,200,223.92784571275115,,
1782497833.7299807,200,222.58740616962314,,
1782497833.7302175,200,222.35763492062688,,
1782497833.7311082,200,224.88269209861755,,
1782497833.7315578,200,225.06378311663866,,
1782497833.732437,200,223.90755591914058,,
1782497833.7326763,200,220.83120420575142,,
1782497833.7329564,200,218.58163876459002,,
1782497833.7331777,200,222.80899761244655,,
1782497833.733406,200,221.79847117513418,,
1782497833.7336297,200,224.1842970252037,,
1782497833.733847,200,223.92332507297397,,
1782497833.7341325,200,224.45092909038067,,
1782497833.7343876,200,222.32067491859198,,
1782497833.7348866,200,222.0949330367148,,
1782497833.735432,200,224.8430522158742,,
1782497833.7359378,200,226.94035526365042,,
1782497833.7361586,200,226.0233098641038,,
1782497833.7364147,200,229.4942131265998,,
1782497833.736677,200,225.58208601549268,,
1782497833.7899563,200,222.8284291923046,,
1782497833.790426,200,222.82557794824243,,
1782497833.7906668,200,223.78264367580414,,
1782497833.7914016,200,223.60892314463854,,
1782497833.9298873,200,232.50071285292506,,
1782497833.93017,200,233.50575007498264,,
1782497833.9304006,200,234.7655789926648,,
1782497833.9306567,200,234.31066516786814,,
1782497833.9308782,200,233.99503296241164,,
1782497833.932225,200,236.826972104609,,
1782497833.9324489,200,236.34232860058546,,
1782497833.9327483,200,235.63022539019585,,
1782497833.9329944,200,237.1265641413629,,
1782497833.9666893,200,230.68989114835858,,
1782497833.9679172,200,232.42053296416998,,
1782497833.9681659,200,238.1220511160791,,
1782497833.9686632,200,236.15539772436023,,
1782497833.9688838,200,234.6805166453123,,
1782497833.9691088,200,235.63863383606076,,
1782497833.9695528,200,237.92849015444517,,
1782497833.9697998,200,233.0594169907272,,
1782497833.970029,200,235.57804385200143,,
1782497833.9704914,200,239.3125193193555,,
1782497833.9707415,200,234.52419694513083,,
1782497833.9709644,200,234.48697617277503,,
1782497833.9712296,200,238.2121910341084,,
1782497833.9717555,200,238.51993400603533,,
1782497833.972382,200,239.63666101917624,,
1782497833.9727097,200,242.42204008623958,,
1782497833.9730678,200,239.1455778852105,,
1782497833.973359,200,239.67178165912628,,
1782497833.9739254,200,238.965495955199,,
1782497833.9950244,200,204.99754790216684,,
1782497833.9954844,200,204.99544776976109,,
1782497833.9957483,200,205.01205790787935,,
1782497833.9960032,200,204.5392650179565,,
1782497834.1826558,200,250.14415197074413,,
1782497834.182902,200,251.9658338278532,,
1782497834.183161,200,250.86557678878307,,
1782497834.1834116,200,250.355192925781,,
1782497834.183656,200,252.93656019493937,,
1782497834.183952,200,253.7229652516544,,
1782497834.1841812,200,254.20565903186798,,
1782497834.1844182,200,251.5997220762074,,
1782497834.1846836,200,254.21005906537175,,
1782497834.220435,200,224.62167963385582,,
1782497834.2206779,200,251.95377366617322,,
1782497834.221088,200,249.27683593705297,,
1782497834.2217386,200,248.3044690452516,,
1782497834.2219803,200,226.43201192840934,,
1782497834.2222004,200,249.74516034126282,,
1782497834.2224295,200,254.19783871620893,,
1782497834.2226515,200,252.55928840488195,,
1782497834.2228868,200,254.90048388019204,,
1782497834.2231443,200,253.52423498407006,,
1782497834.2233653,200,250.22177211940289,,
1782497834.2236025,200,256.8375668488443,,
1782497834.223837,200,252.54578795284033,,
1782497834.224166,200,255.21913589909673,,
1782497834.2244163,200,253.3914940431714,,
1782497834.2246897,200,255.5175181478262,,
1782497834.2249475,200,255.08136488497257,,
1782497834.2257464,200,251.75603199750185,,
1782497834.2262352,200,253.45077412202954,,
1782497834.226771,200,231.67638666927814,,
1782497834.227128,200,231.06051376089454,,
1782497834.2274365,200,256.6329757682979,,
1782497834.2286758,200,258.1136948429048,,
1782497834.3666043,200,182.11735365912318,,
1782497834.3670597,200,182.31099611148238,,
1782497834.3673103,200,183.82754595950246,,
1782497834.3675296,200,184.56137087196112,,
1782497834.3677542,200,184.52223017811775,,
1782497834.368106,200,185.3721272200346,,
1782497834.3683279,200,184.3120390549302,,
1782497834.3934152,200,209.6957303583622,,
1782497834.3936782,200,209.43349786102772,,
1782497834.4628057,200,242.3038692213595,,
1782497834.5079083,200,281.07089921832085,,
1782497834.5083587,200,283.8817182928324,,
1782497834.5085926,200,287.44184225797653,,
1782497834.508807,200,281.6177438944578,,
1782497834.5092337,200,283.4167848341167,,
1782497834.5101438,200,286.71851800754666,,
1782497834.5103767,200,287.42322186008096,,
1782497834.5106134,200,286.7088979110122,,
1782497834.5111277,200,287.468743044883,,
1782497834.5115662,200,289.5265561528504,,
1782497834.5117776,200,287.0239489711821,,
1782497834.5120046,200,289.5135856233537,,
1782497834.5124857,200,291.7418610304594,,
1782497834.5127065,200,289.9885098449886,,
1782497834.512952,200,286.64472699165344,,
1782497834.5132253,200,288.21031702682376,,
1782497834.5134523,200,291.64569079875946,,
1782497834.5136945,200,290.48915300518274,,
1782497834.5139189,200,291.65458073839545,,
1782497834.5145798,200,285.83423094823956,,
1782497834.5148265,200,290.5899239704013,,
1782497834.5162663,200,288.76602184027433,,
1782497834.5525303,200,185.85755908861756,,
1782497834.5541048,200,186.51332380250096,,
1782497834.5543418,200,186.51711381971836,,
1782497834.5545778,200,187.20822781324387,,
1782497834.5548391,200,186.44716404378414,,
1782497834.5550804,200,186.90268695354462,,
1782497834.5553272,200,188.19143529981375,,
1782497834.5806503,200,187.16842914000154,,
1782497834.5809097,200,187.16283841058612,,
1782497834.6508377,200,187.96626292169094,,
1782497834.7100396,200,197.01380422338843,,
1782497834.7102938,200,199.85010335221887,,
1782497834.7105162,200,200.30909730121493,,
1782497834.7530813,200,239.55905064940453,,
1782497834.7553773,200,244.70023484900594,,
1782497834.755637,200,244.45073259994388,,
1782497834.7561038,200,203.51182809099555,,
1782497834.7565875,200,243.29923512414098,,
1782497834.7568645,200,241.96470715105534,,
1782497834.7571015,200,202.69141299650073,,
1782497834.7573402,200,244.79470495134592,,
1782497834.7575822,200,245.9598737768829,,
1782497834.7580247,200,244.04196115210652,,
1782497834.7584972,200,245.7239218056202,,
1782497834.7589293,200,204.75932583212852,,
1782497834.759178,200,249.87307004630566,,
1782497834.759473,200,204.8311368562281,,
1782497834.7598197,200,243.4821273200214,,
1782497834.760086,200,251.4314609579742,,
1782497834.7603304,200,248.48862132057548,,
1782497834.7606063,200,205.21706901490688,,
1782497834.7608457,200,252.4229367263615,,
1782497834.7610934,200,249.02883497998118,,
1782497834.7614152,200,247.65781499445438,,
1782497834.7617924,200,247.15032102540135,,
1782497834.7623975,200,254.4206497259438,,
1782497834.7631176,200,208.20852974429727,,
1782497834.7635584,200,208.40337127447128,,
1782497834.763887,200,255.0197639502585,,
1782497834.782889,200,202.17309892177582,,
1782497834.7832427,200,202.2645203396678,,
1782497834.8011818,200,150.27982043102384,,
1782497834.8970127,200,186.6482049226761,,
1782497834.8974795,200,187.3689298518002,,
1782497834.8977282,200,187.14273814111948,,
1782497834.9523296,200,193.0797379463911,,
1782497834.952592,200,193.5981409624219,,
1782497834.9939704,200,233.30070823431015,,
1782497834.9949636,200,231.00774316117167,,
1782497834.997426,200,237.85459017381072,,
1782497834.9976737,200,235.21098122000694,,
1782497834.9985938,200,243.14714362844825,,
1782497834.998819,200,243.1158353574574,,
1782497834.9992387,200,239.3359187990427,,
1782497834.9994688,200,242.06010671332479,,
1782497834.999703,200,238.54695400223136,,
1782497835.0001385,200,242.9705341346562,,
1782497835.001009,200,240.61389826238155,,
1782497835.0012157,200,241.06601113453507,,
1782497835.0014477,200,239.58770092576742,,
1782497835.001714,200,245.54832000285387,,
1782497835.0022192,200,244.1345718689263,,
1782497835.0024376,200,238.81665477529168,,
1782497835.0029085,200,219.59875617176294,,
1782497835.00316,200,201.9159970805049,,
1782497835.003452,200,241.9683369807899,,
1782497835.00378,200,220.82701371982694,,
1782497835.004104,200,246.45795626565814,,
1782497835.0043643,200,241.17900105193257,,
1782497835.0046527,200,247.99264688044786,,
1782497835.0048838,200,247.95016692951322,,
1782497835.005442,200,246.88442889600992,,
1782497835.006042,200,245.1274492777884,,
1782497835.0067196,200,253.56123503297567,,
1782497835.0392597,200,141.46212115883827,,
1782497835.039494,200,142.41147693246603,,
1782497835.0397623,200,142.2136160545051,,
1782497835.1339736,200,181.5758808515966,,
1782497835.1342478,200,181.5882408991456,,
1782497835.231057,200,227.83307125791907,,
1782497835.232015,200,229.50904304161668,,
1782497835.2322803,200,230.4950999096036,,
1782497835.2325363,200,230.2591879852116,,
1782497835.2327797,200,233.01898734644055,,
1782497835.233003,200,229.48420187458396,,
1782497835.233249,200,231.96769878268242,,
1782497835.233728,200,234.85237918794155,,
1782497835.2342072,200,231.23410483822227,,
1782497835.2346528,200,240.61194760724902,,
1782497835.2360806,200,234.56670669838786,,
1782497835.236331,200,230.22319795563817,,
1782497835.2365975,200,231.87674907967448,,
1782497835.2369282,200,235.86503602564335,,
1782497835.2371705,200,239.67642104253173,,
1782497835.2374268,200,233.58245007693768,,
1782497835.2377079,200,238.17194066941738,,
1782497835.238279,200,233.3252690732479,,
1782497835.2389545,200,239.65251119807363,,
1782497835.2392502,200,239.0523268841207,,
1782497835.2395937,200,241.8546061962843,,
1782497835.2398157,200,241.1592612043023,,
1782497835.2403736,200,245.34486001357436,,
1782497835.2412558,200,237.0819840580225,,
1782497835.2416744,200,237.24206537008286,,
1782497835.2588792,200,219.55396560952067,,
1782497835.2598574,200,220.2936513349414,,
1782497835.2601056,200,254.6012718230486,,
1782497835.2603288,200,220.49702191725373,,
1782497835.2605631,200,253.77321569249034,,
1782497835.2790353,200,144.9902351014316,,
1782497835.2793062,200,144.99140484258533,,
1782497835.4666753,200,234.32509507983923,,
1782497835.46697,200,234.88746909424663,,
1782497835.4996657,200,266.8230338022113,,
1782497835.4999204,200,263.76992277801037,,
1782497835.500173,200,265.9093081019819,,
1782497835.5004306,200,263.7671730481088,,
1782497835.5006623,200,267.5940291956067,,
1782497835.5009856,200,268.37840396910906,,
1782497835.5012348,200,267.9143510758877,,
1782497835.5014615,200,265.0576918385923,,
1782497835.5016887,200,270.5516591668129,,
1782497835.533539,200,296.5400139801204,,
1782497835.5348835,200,300.1719182357192,,
1782497835.53629,200,277.3273750208318,,
1782497835.5365305,200,276.6065797768533,,
1782497835.5369623,200,276.7939707264304,,
1782497835.5374155,200,297.7495123632252,,
1782497835.5376441,200,298.32811560481787,,
1782497835.5378656,200,258.4930779412389,,
1782497835.538082,200,258.9616710320115,,
1782497835.5386105,200,297.2981692291796,,
1782497835.5388503,200,301.6120679676533,,
1782497835.5393238,200,297.5852908566594,,
1782497835.5398061,200,279.16908729821444,,
1782497835.5402906,200,279.9014109186828,,
1782497835.5408287,200,300.9475530125201,,
1782497835.5413146,200,303.82309202104807,,
1782497835.541537,200,302.51646414399147,,
1782497835.541865,200,304.0942740626633,,
1782497835.5420918,200,308.3031731657684,,
1782497835.5423205,200,301.87827022746205,,
1782497835.5434422,200,305.103771854192,,
1782497835.648295,200,181.24868907034397,,
1782497835.6485507,200,181.78170174360275,,
1782497835.7199829,200,220.24567984044552,,
1782497835.7206767,200,219.14453292265534,,
1782497835.7209365,200,220.94609588384628,,
1782497835.7212083,200,220.48179293051362,,
1782497835.7214296,200,220.93308484181762,,
1782497835.721943,200,220.18738137558103,,
1782497835.722239,200,221.9932726584375,,
1782497835.7465684,200,245.49652030691504,,
1782497835.7469454,200,245.63901219516993,,
1782497835.8256855,200,292.07829385995865,,
1782497835.8261886,200,291.241638828069,,
1782497835.8264265,200,288.71962102130055,,
1782497835.8266807,200,289.65657809749246,,
1782497835.8269315,200,288.7814720161259,,
1782497835.827162,200,289.23767525702715,,
1782497835.8274105,200,291.0577771253884,,
1782497835.8276396,200,290.1598601602018,,
1782497835.8575242,200,315.3682299889624,,
1782497835.857758,200,316.8622707016766,,
1782497835.8579905,200,319.3239467218518,,
1782497835.8582351,200,316.3051367737353,,
1782497835.8587172,200,316.33577682077885,,
1782497835.8597424,200,323.1416018679738,,
1782497835.8602347,200,320.36171294748783,,
1782497835.8604777,200,316.96996092796326,,
1782497835.8607297,200,321.34585082530975,,
1782497835.8610082,200,320.65592566505075,,
1782497835.8619225,200,323.0131519958377,,
1782497835.8621912,200,320.8139771595597,,
1782497835.8624551,200,320.8495071157813,,
1782497835.9209244,200,272.5502219982445,,
1782497835.9211664,200,272.5456519983709,,
1782497835.9921286,200,270.85878141224384,,
1782497835.9925976,200,270.59526881203055,,
1782497835.992843,200,272.09425903856754,,
1782497835.99334,200,271.03182207793,,
1782497835.993597,200,272.1008490771055,,
1782497835.9938302,200,273.76797096803784,,
1782497835.99405,200,273.04678596556187,,
1782497836.017668,200,270.6504799425602,,
1782497836.0179482,200,271.29175420850515,,
1782497836.0896683,200,262.194253038615,,
1782497836.0899136,200,262.9214380867779,,
1782497836.0901375,200,262.90485681965947,,
1782497836.0903816,200,263.6279230937362,,
1782497836.0906231,200,264.8552400059998,,
1782497836.0908468,200,263.141558971256,,
1782497836.0910754,200,264.8136098869145,,
1782497836.0913286,200,264.831249602139,,
1782497836.1226804,200,261.6065889596939,,
1782497836.122916,200,260.6592131778598,,
1782497836.123163,200,260.6439823284745,,
1782497836.1234052,200,264.62084893137217,,
1782497836.1236262,200,265.3235741890967,,
1782497836.1238592,200,266.2705099210143,,
1782497836.1240838,200,263.5332406498492,,
1782497836.1243641,200,266.5439019910991,,
1782497836.124627,200,264.81687976047397,,
1782497836.1249325,200,266.8728339485824,,
1782497836.1252007,200,264.9005609564483,,
1782497836.1255171,200,264.71999008208513,,
1782497836.1257367,200,263.7488627806306,,
1782497836.183244,200,262.0058306492865,,
1782497836.1835084,200,262.51756539568305,,
1782497836.2565901,200,263.1750190630555,,
1782497836.25685,200,264.65288922190666,,
1782497836.257093,200,262.9764876328409,,
1782497836.2573116,200,264.4004379399121,,
1782497836.2576373,200,263.9749841764569,,
1782497836.2578564,200,265.1910330168903,,
1782497836.258081,200,264.18266631662846,,
1782497836.2826662,200,264.9296522140503,,
1782497836.282936,200,264.91890102624893,,
1782497836.364591,200,274.6136263012886,,
1782497836.364847,200,275.11106012389064,,
1782497836.36507,200,274.62027687579393,,
1782497836.365566,200,274.4121253490448,,
1782497836.3658733,200,275.18759993836284,,
1782497836.3661187,200,275.2072406001389,,
1782497836.366341,200,276.13438619300723,,
1782497836.3666677,200,275.271310005337,,
1782497836.3971503,200,274.4040950201452,,
1782497836.39742,200,273.72694993391633,,
1782497836.397659,200,274.4240849278867,,
1782497836.3978703,200,272.066259291023,,
1782497836.398083,200,275.1022302545607,,
1782497836.3983169,200,274.39595526084304,,
1782497836.3987615,200,274.3381839245558,,
1782497836.399041,200,273.4557087533176,,
1782497836.3993282,200,274.0639830008149,,
1782497836.400188,200,275.48971213400364,,
1782497836.400471,200,275.46948194503784,,
1782497836.40069,200,276.53677901253104,,
1782497836.40136,200,277.8928088955581,,
1782497836.459067,200,275.75540402904153,,
1782497836.459449,200,275.8738752454519,,
1782497836.5297353,200,272.0284992828965,,
1782497836.5314987,200,274.1187931969762,,
1782497836.5317564,200,274.6007558889687,,
1782497836.532016,200,274.0872432477772,,
1782497836.532335,200,275.6725228391588,,
1782497836.5325565,200,274.4125546887517,,
1782497836.5327864,200,275.869004894048,,
1782497836.5576093,200,274.87518824636936,,
1782497836.5578768,200,274.87277798354626,,
1782497836.630122,200,263.7208132073283,,
1782497836.6303606,200,263.62251210957766,,
1782497836.6306052,200,265.9450378268957,,
1782497836.6308515,200,265.21570328623056,,
1782497836.631093,200,265.15060290694237,,
1782497836.631332,200,266.4231420494616,,
1782497836.6315544,200,266.4123708382249,,
1782497836.6318045,200,265.61399595811963,,
1782497836.663254,200,265.32629411667585,,
1782497836.6637163,200,262.2920130379498,,
1782497836.663941,200,264.5482192747295,,
1782497836.664189,200,266.9700547121465,,
1782497836.6644306,200,266.28207974135876,,
1782497836.6646817,200,265.560545027256,,
1782497836.664924,200,264.16440587490797,,
1782497836.66515,200,267.6625591702759,,
1782497836.6654303,200,267.05580577254295,,
1782497836.6657133,200,267.9871120490134,,
1782497836.6659615,200,267.13722571730614,,
1782497836.6662142,200,265.6741659156978,,
1782497836.6666827,200,266.42664102837443,,
1782497836.7245855,200,265.4282352887094,,
1782497836.7248318,200,265.311392955482,,
1782497836.7981663,200,265.30762296169996,,
1782497836.7984529,200,268.64529587328434,,
1782497836.7987032,200,266.2986000068486,,
1782497836.7989504,200,267.38029811531305,,
1782497836.7992768,200,267.18955719843507,,
1782497836.7995262,200,266.8977649882436,,
1782497836.7997959,200,267.964341212064,,
1782497836.823908,200,266.2303792312741,,
1782497836.8241882,200,266.2427802570164,,
1782497836.8989954,200,267.1258361078799,,
1782497836.8992538,200,269.06718919053674,,
1782497836.8999488,200,268.32277374342084,,
1782497836.9002347,200,268.8398780301213,,
1782497836.9004467,200,269.7722939774394,,
1782497836.9006603,200,270.2299258671701,,
1782497836.9012382,200,270.31816681846976,,
1782497836.9020786,200,270.911380648613,,
1782497836.9305604,200,264.2772663384676,,
1782497836.930801,200,264.7715900093317,,
1782497836.9310315,200,266.52477215975523,,
1782497836.9312809,200,267.2707070596516,,
1782497836.931508,200,267.2521770000458,,
1782497836.9317513,200,266.7641439475119,,
1782497836.931975,200,266.76199305802584,,
1782497836.9322805,200,267.5292990170419,,
1782497836.9325466,200,266.7685537599027,,
1782497836.9327626,200,268.9863182604313,,
1782497836.9330747,200,267.57530914619565,,
1782497836.933315,200,266.559022013098,,
1782497836.9337385,200,270.41629794985056,,
1782497836.9499998,200,225.09841294959188,,
1782497836.950257,200,225.59649730101228,,
1782497836.9785051,200,179.48230681940913,,
1782497836.979432,200,180.07779074832797,,
1782497836.9799104,200,180.31456181779504,,
1782497836.9801586,200,181.91205291077495,,
1782497836.9803967,200,181.87448335811496,,
1782497836.9807076,200,180.84180587902665,,
1782497836.9810379,200,182.26594617590308,,
1782497837.0445375,200,220.5566829070449,,
1782497837.0448008,200,220.54456267505884,,
1782497837.114734,200,214.2286212183535,,
1782497837.1152272,200,215.91093158349395,,
1782497837.1155155,200,215.49798920750618,,
1782497837.1157377,200,215.43698804453015,,
1782497837.1448832,200,243.57795668765903,,
1782497837.1452026,200,246.13908492028713,,
1782497837.1454804,200,243.3401863090694,,
1782497837.1457074,200,244.97779738157988,,
1782497837.1784804,200,245.65719114616513,,
1782497837.1791863,200,246.57210800796747,,
1782497837.1794376,200,248.57214093208313,,
1782497837.179921,200,248.10493784025311,,
1782497837.1801903,200,230.12600699439645,,
1782497837.180665,200,230.33896926790476,,
1782497837.1811278,200,247.74232599884272,,
1782497837.1814272,200,247.62040469795465,,
1782497837.181653,200,251.02616799995303,,
1782497837.182151,200,249.00573398917913,,
1782497837.1824982,200,250.91988686472178,,
1782497837.182743,200,250.70703588426113,,
1782497837.1829596,200,250.60202414169908,,
1782497837.1836336,200,252.28949589654803,,
1782497837.1839309,200,252.82242987304926,,
1782497837.206374,200,226.87960602343082,,
1782497837.2066154,200,225.8461583405733,,
1782497837.2068527,200,226.6266541555524,,
1782497837.2070694,200,225.95952963456511,,
1782497837.207492,200,227.03095618635416,,
1782497837.2077615,200,229.18979078531265,,
1782497837.2080278,200,228.04777324199677,,
1782497837.2269704,200,182.36415600404143,,
1782497837.2273674,200,182.49797727912664,,
1782497837.2545133,200,139.70737904310226,,
1782497837.2549746,200,139.38872795552015,,
1782497837.2555482,200,139.7472689859569,,
1782497837.2557917,200,140.49317361786962,,
1782497837.3344257,200,188.87920025736094,,
1782497837.3349242,200,189.64412482455373,,
1782497837.335249,200,189.47745393961668,,
1782497837.3355365,200,190.54706068709493,,
1782497837.3905768,200,208.85020401328802,,
1782497837.3918052,200,213.248023763299,,
1782497837.392072,200,212.82823104411364,,
1782497837.3922985,200,210.8081472106278,,
1782497837.392525,200,211.79546415805817,,
1782497837.3928618,200,212.87410194054246,,
1782497837.393091,200,211.8923240341246,,
1782497837.4253032,200,217.20664110034704,,
1782497837.4270167,200,247.5049141794443,,
1782497837.4272995,200,219.465765170753,,
1782497837.4276118,200,247.35309276729822,,
1782497837.4278772,200,221.4357489719987,,
1782497837.4281313,200,221.21796803548932,,
1782497837.4283645,200,245.55646115913987,,
1782497837.4286022,200,245.57385127991438,,
1782497837.4298406,200,223.1591697782278,,
1782497837.4300618,200,246.36331712827086,,
1782497837.4303312,200,223.1840407475829,,
1782497837.4305983,200,223.0307087302208,,
1782497837.4308417,200,248.272308614105,,
1782497837.431146,200,203.70947988703847,,
1782497837.4313762,200,204.33578407391906,,
1782497837.4321334,200,249.91929112002254,,
1782497837.4327874,200,248.78965318202972,,
1782497837.450724,200,196.14389864727855,,
1782497837.4511786,200,196.13719871267676,,
1782497837.4515188,200,195.90097712352872,,
1782497837.452363,200,196.5026711113751,,
1782497837.4719286,200,136.92511012777686,,
1782497837.4723952,200,136.7999892681837,,
1782497837.4726884,200,137.37259292975068,,
1782497837.472953,200,138.43671092763543,,
1782497837.5700355,200,176.87126901000738,,
1782497837.5702844,200,177.350461948663,,
1782497837.570533,200,178.3966589719057,,
1782497837.5707736,200,180.10364100337029,,
1782497837.5711083,200,179.22886507585645,,
1782497837.5713475,200,178.98587370291352,,
1782497837.5718758,200,179.2786750011146,,
1782497837.6659882,200,238.8988258317113,,
1782497837.6662316,200,238.03466139361262,,
1782497837.6664553,200,238.76718478277326,,
1782497837.6667008,200,241.32190272212029,,
1782497837.666949,200,239.5614697597921,,
1782497837.6672027,200,239.25336822867393,,
1782497837.7019334,200,273.2578278519213,,
1782497837.703575,200,230.55646009743214,,
1782497837.7038193,200,272.9075448587537,,
1782497837.7040517,200,231.29441495984793,,
1782497837.7047207,200,253.13211232423782,,
1782497837.7049694,200,253.72400600463152,,
1782497837.7052073,200,273.0059060268104,,
1782497837.7054615,200,275.06206883117557,,
1782497837.7057035,200,272.8513637557626,,
1782497837.7059855,200,255.1936460658908,,
1782497837.7062175,200,275.537122040987,,
1782497837.706485,200,275.27214121073484,,
1782497837.7067542,200,276.85365127399564,,
1782497837.7070472,200,276.91500214859843,,
1782497837.7076054,200,235.60706386342645,,
1782497837.7079513,200,255.5225482210517,,
1782497837.7092695,200,277.8271879069507,,
1782497837.7096124,200,237.1439840644598,,
1782497837.710093,200,281.6653731279075,,
1782497837.7522168,200,181.8627528846264,,
1782497837.7524736,200,181.29741912707686,,
1782497837.7527134,200,181.86947284266353,,
1782497837.7529583,200,182.85440001636744,,
1782497837.753176,200,181.2365478836,,
1782497837.753396,200,182.79555905610323,,
1782497837.7536201,200,182.211525272578,,
1782497837.8897219,200,223.6636937595904,,
1782497837.8904393,200,223.66623394191265,,
1782497837.8907213,200,224.42722879350185,,
1782497837.8909478,200,223.9287351258099,,
1782497837.891179,200,223.90887467190623,,
1782497837.8918405,200,225.31680390238762,,
1782497837.951678,200,245.12548837810755,,
1782497837.9528146,200,244.802325963974,,
1782497837.953518,200,249.87432966008782,,
1782497837.95378,200,246.65340827777982,,
1782497837.9540153,200,249.90485003218055,,
1782497837.9542477,200,244.90691721439362,,
1782497837.954471,200,248.18943813443184,,
1782497837.9546955,200,250.81049604341388,,
1782497837.9549417,200,249.65642904862761,,
1782497837.9552023,200,250.41290326043963,,
1782497837.9556303,200,248.8045021891594,,
1782497837.9558604,200,248.19473922252655,,
1782497837.9567025,200,251.6649318858981,,
1782497837.9569862,200,251.21982907876372,,
1782497837.9572265,200,251.17499940097332,,
1782497837.9574828,200,255.48144802451134,,
1782497837.9580662,200,247.89648689329624,,
1782497837.9594584,200,253.92884714528918,,
1782497837.9807777,200,227.75105107575655,,
1782497837.9823134,200,272.62354316189885,,
1782497837.9825535,200,229.31546112522483,,
1782497837.982968,200,229.28273119032383,,
1782497837.983214,200,229.75486470386386,,
1782497837.9834347,200,231.14606412127614,,
1782497837.9836814,200,230.8994927443564,,
1782497837.9840124,200,231.47248616442084,,
1782497838.0272586,200,136.01137464866042,,
1782497838.0274982,200,137.69929530099034,,
1782497838.0279822,200,136.96678075939417,,
1782497838.0281997,200,137.690176256001,,
1782497838.0284395,200,137.65530614182353,,
1782497838.0286682,200,136.76242902874947,,
1782497838.1496754,200,195.36472391337156,,
1782497838.1499138,200,197.03415408730507,,
1782497838.1501536,200,194.2317560315132,,
1782497838.1503787,200,196.79680420085788,,
1782497838.1869037,200,202.817402780056,,
1782497838.1876988,200,232.0071398280561,,
1782497838.1899884,200,206.9550510495901,,
1782497838.190648,200,231.125813908875,,
1782497838.1910608,200,237.21435479819775,,
1782497838.191322,200,233.18631807342172,,
1782497838.1915681,200,237.03344399109483,,
1782497838.1918075,200,209.42701818421483,,
1782497838.192044,200,237.96485969796777,,
1782497838.1922681,200,235.48886319622397,,
1782497838.1925132,200,209.89363128319383,,
1782497838.1931794,200,238.4140631183982,,
1782497838.193412,200,236.11573781818151,,
1782497838.1938312,200,238.8182464055717,,
1782497838.194071,200,210.79558692872524,,
1782497838.19455,200,239.28617918863893,,
1782497838.1948206,200,211.08074905350804,,
1782497838.1950593,200,243.31564595922828,,
1782497838.1953883,200,237.84130858257413,,
1782497838.1959956,200,238.94850630313158,,
1782497838.196436,200,212.94013131409883,,
1782497838.197385,200,216.5417061187327,,
1782497838.2149963,200,186.72658503055573,,
1782497838.2164137,200,188.36425710469484,,
1782497838.2166488,200,188.1452752277255,,
1782497838.216903,200,188.1681652739644,,
1782497838.2171266,200,189.80148620903492,,
1782497838.2173636,200,189.79715602472425,,
1782497838.329011,200,179.26941625773907,,
1782497838.3294978,200,179.28120493888855,,
1782497838.3297503,200,179.30206609889865,,
1782497838.3299825,200,179.99922996386886,,
1782497838.3832245,200,187.16490780934691,,
1782497838.383473,200,196.5079610235989,,
1782497838.3840637,200,191.49416778236628,,
1782497838.4242337,200,233.5255998186767,,
1782497838.425836,200,230.7059420272708,,
1782497838.4260728,200,211.0093580558896,,
1782497838.4267726,200,229.31960178539157,,
1782497838.4272776,200,235.40250165387988,,
1782497838.427506,200,231.007712893188,,
1782497838.4277177,200,235.61209393665195,,
1782497838.4279366,200,234.69074815511703,,
1782497838.4283917,200,233.49798982962966,,
1782497838.4286742,200,237.2813457623124,,
1782497838.4294915,200,212.29812689125538,,
1782497838.4297419,200,235.84232572466135,,
1782497838.4302363,200,236.76027171313763,,
1782497838.4304566,200,213.97757902741432,,
1782497838.4309242,200,236.31437867879868,,
1782497838.4311762,200,241.1247408017516,,
1782497838.4314778,200,214.50562309473753,,
1782497838.4319646,200,237.83019930124283,,
1782497838.4322069,200,236.7508108727634,,
1782497838.4324265,200,241.28703214228153,,
1782497838.432669,200,215.953191742301,,
1782497838.4334443,200,216.01802296936512,,
1782497838.4338915,200,241.553814150393,,
1782497838.434888,200,247.12241115048528,,
1782497838.4351625,200,243.52681683376431,,
1782497838.4694002,200,140.3149226680398,,
1782497838.469646,200,140.08811209350824,,
1782497838.469856,200,139.80364985764027,,
1782497838.4700904,200,140.26746340095997,,
1782497838.5645087,200,180.96738727763295,,
1782497838.5647464,200,180.6182749569416,,
1782497838.5653174,200,182.02223302796483,,
1782497838.6193035,200,192.46685411781073,,
1782497838.663695,200,232.15174116194248,,
1782497838.663937,200,230.43145891278982,,
1782497838.6641908,200,231.7011677660048,,
1782497838.664437,200,240.14098523184657,,
1782497838.6651242,200,237.12027398869395,,
1782497838.6655855,200,235.27914099395275,,
1782497838.6658156,200,233.78064204007387,,
1782497838.6660626,200,239.91788271814585,,
1782497838.6662974,200,236.73334065824747,,
1782497838.6665168,200,238.73949516564608,,
1782497838.6676435,200,241.7415645904839,,
1782497838.6678815,200,239.42131036892533,,
1782497838.6681066,200,235.83977483212948,,
1782497838.6683438,200,233.1105568446219,,
1782497838.668641,200,241.29962222650647,,
1782497838.6688573,200,199.38588002696633,,
1782497838.6690786,200,235.12169066816568,,
1782497838.6693144,200,236.5807807072997,,
1782497838.669543,200,238.29263169318438,,
1782497838.6698372,200,240.02750404179096,,
1782497838.6701617,200,241.41735304147005,,
1782497838.670407,200,235.45477306470275,,
1782497838.6710653,200,243.5000967234373,,
1782497838.6714926,200,240.96908001229167,,
1782497838.6726544,200,241.67062481865287,,
1782497838.6931505,200,223.44496240839362,,
1782497838.6933835,200,223.22605038061738,,
1782497838.693598,200,223.67688408121467,,
1782497838.708901,200,144.0863092429936,,
1782497838.7093391,200,143.95721768960357,,
1782497838.7095826,200,145.00833489000797,,
1782497838.7962322,200,176.85905890539289,,
1782497838.9254987,200,261.2401060760021,,
1782497838.9259758,200,260.089579038322,,
1782497838.926206,200,262.44397507980466,,
1782497838.9264648,200,255.98627096042037,,
1782497838.9266946,200,258.52309772744775,,
1782497838.9269378,200,260.57911198586226,,
1782497838.9271867,200,260.61050221323967,,
1782497838.9277415,200,261.6129689849913,,
1782497838.961682,200,252.0330441184342,,
1782497838.9631102,200,294.7035119868815,,
1782497838.9633684,200,295.42035702615976,,
1782497838.963832,200,293.5943938791752,,
1782497838.9640791,200,270.86403127759695,,
1782497838.9645662,200,291.8472532182932,,
1782497838.9647975,200,299.6061840094626,,
1782497838.9657137,200,295.8154189400375,,
1782497838.9659562,200,298.2474551536143,,
1782497838.9666562,200,302.6488549076021,,
1782497838.9669428,200,295.80380907282233,,
1782497838.9671998,200,273.7495000474155,,
1782497838.9679694,200,259.0046306140721,,
1782497838.9682162,200,296.657704282552,,
1782497838.9685788,200,302.9302768409252,,
1782497838.968813,200,259.4049437902868,,
1782497838.9691076,200,275.4452917724848,,
1782497838.9700713,200,300.6918621249497,,
1782497838.9705248,200,306.02523824200034,,
1782497838.970767,200,301.623348146677,,
1782497838.9710054,200,301.4005273580551,,
1782497838.9716363,200,302.71752504631877,,
1782497838.972065,200,303.3630698919296,,
1782497839.0180304,200,221.7109608463943,,
1782497839.166843,200,240.7928379252553,,
1782497839.1676798,200,240.68099772557616,,
1782497839.1681793,200,241.4158028550446,,
1782497839.1684732,200,241.21175101026893,,
1782497839.168987,200,243.41132724657655,,
1782497839.1692705,200,242.99358436837792,,
1782497839.1695402,200,241.73152586445212,,
1782497839.169776,200,243.2474149391055,,
1782497839.202419,200,231.82181920856237,,
1782497839.2057455,200,238.73857501894236,,
1782497839.2059765,200,240.19567528739572,,
1782497839.2071428,200,242.51211993396282,,
1782497839.2076044,200,239.3168192356825,,
1782497839.207845,200,236.14325700327754,,
1782497839.2080672,200,237.2345752082765,,
1782497839.2088296,200,247.08212120458484,,
1782497839.2090464,200,244.89965569227934,,
1782497839.2092762,200,242.54859099164605,,
1782497839.2095332,200,238.46316384151578,,
1782497839.2097642,200,242.49769980087876,,
1782497839.2102327,200,240.0997937656939,,
1782497839.2104816,200,244.45583391934633,,
1782497839.210708,200,246.80746905505657,,
1782497839.2109756,200,246.1108942516148,,
1782497839.2112114,200,247.77742568403482,,
1782497839.2114525,200,243.41441597789526,,
1782497839.211791,200,242.6137812435627,,
1782497839.2120335,200,243.38870588690042,,
1782497839.2123518,200,249.1766451857984,,
1782497839.2128491,200,240.71606900542974,,
1782497839.213176,200,244.29829185828567,,
1782497839.2688568,200,250.75822556391358,,
1782497839.3993175,200,230.25937797501683,,
1782497839.3996131,200,229.77238381281495,,
1782497839.3998578,200,231.6055172123015,,
1782497839.4001207,200,233.18395810201764,,
1782497839.4006438,200,232.8912951052189,,
1782497839.4011645,200,231.5492369234562,,
1782497839.4013999,200,232.05731017515063,,
1782497839.4020624,200,233.51598996669054,,
1782497839.4408724,200,230.09311687201262,,
1782497839.441123,200,228.2089153304696,,
1782497839.4413772,200,235.3310016915202,,
1782497839.4416254,200,231.08057444915175,,
1782497839.4418726,200,232.9834271222353,,
1782497839.4421027,200,230.00658582895994,,
1782497839.4423556,200,230.4937499575317,,
1782497839.4425817,200,234.9089290946722,,
1782497839.442827,200,231.3139047473669,,
1782497839.4430592,200,240.56834820657969,,
1782497839.4433188,200,235.18278123810887,,
1782497839.4435549,200,235.64756382256746,,
1782497839.4437869,200,237.97888960689306,,
1782497839.4440186,200,233.72340109199286,,
1782497839.4442425,200,233.20177802816033,,
1782497839.4444761,200,234.87766925245523,,
1782497839.444712,200,235.6012142263353,,
1782497839.444945,200,232.5322926044464,,
1782497839.445173,200,235.82819616422057,,
1782497839.4453824,200,232.13783092796803,,
1782497839.4456115,200,234.33163575828075,,
1782497839.4471385,200,237.30592522770166,,
1782497839.4475868,200,240.38253584876657,,
1782497839.4969754,200,228.02926320582628,,
1782497839.6648774,200,263.4048005566001,,
1782497839.6653945,200,263.26686004176736,,
1782497839.6658728,200,266.1940101534128,,
1782497839.6665878,200,266.653492115438,,
1782497839.6668277,200,266.12004917114973,,
1782497839.667056,200,265.82560781389475,,
1782497839.6673486,200,267.95328175649047,,
1782497839.6679127,200,267.7188399247825,,
1782497839.7137654,200,269.2227396182716,,
1782497839.7142239,200,273.2735378667712,,
1782497839.7149272,200,272.27619010955095,,
1782497839.7151978,200,271.1169831454754,,
1782497839.7154427,200,273.750311229378,,
1782497839.7159145,200,273.97826220840216,,
1782497839.7161868,200,272.3368410952389,,
1782497839.7166562,200,275.20879032090306,,
1782497839.7169557,200,273.8156709820032,,
1782497839.7174606,200,274.0767220966518,,
1782497839.7176907,200,276.50535898283124,,
1782497839.7179413,200,272.4949619732797,,
1782497839.718911,200,273.90064112842083,,
1782497839.719241,200,274.46371503174305,,
1782497839.719559,200,274.328435305506,,
1782497839.7198792,200,276.25920763239264,,
1782497839.7207897,200,277.9003488831222,,
1782497839.7778966,200,280.8343777433038,,
1782497839.778372,200,335.95364913344383,,
1782497839.7786174,200,336.4437520503998,,
1782497839.778838,200,333.1685299053788,,
1782497839.779082,200,331.87667233869433,,
1782497839.7795599,200,335.2511143311858,,
1782497839.7798197,200,332.1603429503739,,
1782497839.941324,200,273.33853812888265,,
1782497839.9423432,200,276.4054979197681,,
1782497839.9426086,200,275.9526250883937,,
1782497839.942893,200,275.75071388855577,,
1782497839.94317,200,275.7496340200305,,
1782497839.94347,200,276.58197982236743,,
1782497839.9437306,200,278.7780752405524,,
1782497839.9439678,200,278.5019022412598,,
1782497839.9753418,200,259.0933619067073,,
1782497839.9756107,200,261.7726498283446,,
1782497839.9760828,200,258.07570526376367,,
1782497839.976567,200,257.25782895460725,,
1782497839.976803,200,261.2933870404959,,
1782497839.9770415,200,259.2804539017379,,
1782497839.9779649,200,257.1062189526856,,
1782497839.9784083,200,262.4253542162478,,
1782497839.978633,200,259.65885492041707,,
1782497839.9791327,200,259.1853830963373,,
1782497839.9793558,200,264.0886949375272,,
1782497839.9796004,200,262.8778079524636,,
1782497839.9798377,200,262.31484301388264,,
1782497839.9803514,200,260.71898313239217,,
1782497839.9806802,200,265.68131567910314,,
1782497839.981006,200,263.9748337678611,,
1782497839.982118,200,267.835920676589,,
1782497840.0375996,200,258.4408582188189,,
1782497840.0378416,200,258.20804573595524,,
1782497840.0380843,200,259.17823193594813,,
1782497840.038323,200,259.6432161517441,,
1782497840.0385983,200,260.63204323872924,,
1782497840.0389168,200,260.4764518328011,,
1782497840.0397289,200,259.8478267900646,,
1782497840.2008052,200,257.2587002068758,,
1782497840.201516,200,258.2731870934367,,
1782497840.2017598,200,257.7203423716128,,
1782497840.2020009,200,259.5839346759021,,
1782497840.2022264,200,260.81892382353544,,
1782497840.202731,200,258.9339609257877,,
1782497840.202949,200,260.2693890221417,,
1782497840.203392,200,260.4236099869013,,
1782497840.2328467,200,254.14902763441205,,
1782497840.2350283,200,257.91815388947725,,
1782497840.235279,200,254.5322310179472,,
1782497840.2357297,200,255.307927262038,,
1782497840.2363951,200,256.4890538342297,,
1782497840.2366376,200,258.16504610702395,,
1782497840.2368762,200,258.8485712185502,,
1782497840.2373645,200,255.18029602244496,,
1782497840.2375853,200,262.178351636976,,
1782497840.2380776,200,261.4458380267024,,
1782497840.238312,200,257.23395915701985,,
1782497840.2385626,200,261.69170858338475,,
1782497840.2388117,200,263.13333911821246,,
1782497840.2392788,200,259.61687602102757,,
1782497840.2396297,200,260.21064911037683,,
1782497840.2406595,200,261.4658582024276,,
1782497840.2410777,200,264.9249411188066,,
1782497840.2952805,200,255.48549694940448,,
1782497840.2955377,200,257.8736240975559,,
1782497840.295775,200,256.78921677172184,,
1782497840.2960181,200,257.3519698344171,,
1782497840.2963321,200,257.9412739723921,,
1782497840.2965772,200,258.666739333421,,
1782497840.2972114,200,259.05992090702057,,
1782497840.4570706,200,255.48710813745856,,
1782497840.457307,200,255.01326518133283,,
1782497840.4575565,200,255.492536816746,,
1782497840.4577923,200,254.32681990787387,,
1782497840.4583292,200,257.4583198875189,,
1782497840.4585674,200,256.7397556267679,,
1782497840.458786,200,255.99539233371615,,
1782497840.4593375,200,256.32107304409146,,
1782497840.4883924,200,255.48142800107598,,
1782497840.4911637,200,253.738216124475,,
1782497840.491402,200,255.6134988553822,,
1782497840.491868,200,252.99093080684543,,
1782497840.492093,200,251.37301022186875,,
1782497840.492328,200,257.2338287718594,,
1782497840.4925673,200,257.2213700041175,,
1782497840.4927957,200,255.14620495960116,,
1782497840.4930825,200,253.37793305516243,,
1782497840.4936028,200,255.46122808009386,,
1782497840.4938304,200,252.683999016881,,
1782497840.4940991,200,257.3946709744632,,
1782497840.494608,200,257.6665519736707,,
1782497840.4951243,200,258.66317888721824,,
1782497840.495658,200,256.316932849586,,
1782497840.495943,200,257.31713976711035,,
1782497840.4964063,200,258.0218738876283,,
1782497840.551246,200,255.16078481450677,,
1782497840.5514803,200,255.87716093286872,,
1782497840.551714,200,255.8700698427856,,
1782497840.5519595,200,255.31431706622243,,
1782497840.5521755,200,254.89946268498898,,
1782497840.5524106,200,257.0515680126846,,
1782497840.5529654,200,256.5623349510133,,
1782497840.7171562,200,259.5339152030647,,
1782497840.7174037,200,257.99833377823234,,
1782497840.7176414,200,259.00476099923253,,
1782497840.7178624,200,260.0003778934479,,
1782497840.7181013,200,259.7054457291961,,
1782497840.718324,200,261.1887860111892,,
1782497840.71857,200,261.1920959316194,,
1782497840.7188177,200,259.9641680717468,,
1782497840.7512574,200,257.59261194616556,,
1782497840.7514946,200,260.26597898453474,,
1782497840.7517743,200,258.6278379894793,,
1782497840.7520208,200,259.86240711063147,,
1782497840.7522643,200,260.33409126102924,,
1782497840.7525058,200,258.3436770364642,,
1782497840.7527347,200,259.8722572438419,,
1782497840.7532213,200,261.7524201050401,,
1782497840.753488,200,259.58697497844696,,
1782497840.753729,200,258.01070500165224,,
1782497840.7539456,200,259.26572317257524,,
1782497840.7548275,200,258.3529567345977,,
1782497840.755057,200,259.8645268008113,,
1782497840.7553735,200,259.3636941164732,,
1782497840.7558467,200,263.4516409598291,,
1782497840.7561467,200,267.69240014255047,,
1782497840.7572203,200,264.5892188884318,,
1782497840.812376,200,260.5914222076535,,
1782497840.8128436,200,260.6007419526577,,
1782497840.813085,200,261.77321979776025,,
1782497840.8133228,200,261.7779402062297,,
1782497840.813569,200,261.0949161462486,,
1782497840.8139248,200,260.8922943472862,,
1782497840.8141782,200,262.1508426964283,,
1782497840.9769077,200,259.2029529623687,,
1782497840.9773955,200,259.9247572943568,,
1782497840.9776194,200,259.2266430146992,,
1782497840.9778588,200,259.92821669206023,,
1782497840.9781156,200,259.2294029891491,,
1782497840.9783607,200,261.13675627857447,,
1782497840.9789238,200,260.2840499021113,,
1782497840.9792047,200,261.04182470589876,,
1782497841.0094995,200,257.1666492149234,,
1782497841.010228,200,254.3194000609219,,
1782497841.0118947,200,260.5727221816778,,
1782497841.0121534,200,258.36311699822545,,
1782497841.0123808,200,255.0935852341354,,
1782497841.01262,200,257.491301279515,,
1782497841.0130665,200,259.77494614198804,,
1782497841.0133114,200,259.3034040182829,,
1782497841.0150797,200,260.188780259341,,
1782497841.0153418,200,259.90085722878575,,
1782497841.0155947,200,262.0387119241059,,
1782497841.0158267,200,264.2647665925324,,
1782497841.016063,200,263.97500466555357,,
1782497841.0163596,200,260.1480190642178,,
1782497841.0165746,200,263.7732941657305,,
1782497841.0168464,200,265.0033119134605,,
1782497841.0171669,200,264.59630904719234,,
1782497841.0730662,200,258.82025016471744,,
1782497841.0733066,200,260.1547692902386,,
1782497841.0735493,200,260.1563292555511,,
1782497841.0737915,200,259.79710556566715,,
1782497841.0741153,200,261.67015032842755,,
1782497841.074337,200,260.70071291178465,,
1782497841.0745535,200,261.6440891288221,,
1782497841.236745,200,257.46776070445776,,
1782497841.2374768,200,259.54804522916675,,
1782497841.238001,200,260.5446707457304,,
1782497841.2382743,200,259.8439669236541,,
1782497841.238494,200,260.3085902519524,,
1782497841.2387526,200,261.06518507003784,,
1782497841.239027,200,262.05083215609193,,
1782497841.2393074,200,260.313639882952,,
1782497841.2687383,200,252.1014749072492,,
1782497841.2717927,200,261.49988919496536,,
1782497841.2722695,200,255.35857724025846,,
1782497841.2724974,200,260.5342408642173,,
1782497841.2727427,200,257.33481999486685,,
1782497841.2729867,200,263.42553086578846,,
1782497841.2732303,200,257.33806006610394,,
1782497841.273445,200,261.225997004658,,
1782497841.2736714,200,257.5409710407257,,
1782497841.2739246,200,256.6881556995213,,
1782497841.274466,200,261.7819900624454,,
1782497841.2747545,200,262.3062627390027,,
1782497841.2750435,200,261.6625693626702,,
1782497841.2753222,200,260.1657388731837,,
1782497841.275549,200,259.89174703136086,,
1782497841.2759445,200,259.5169642008841,,
1782497841.27669,200,263.5540612973273,,
1782497841.3352396,200,261.0535151325166,,
1782497841.3354905,200,261.8735511787236,,
1782497841.3357396,200,262.60703476145864,,
1782497841.3359802,200,261.5757188759744,,
1782497841.3362553,200,262.87991693243384,,
1782497841.336468,200,262.6083651557565,,
1782497841.336693,200,262.0730218477547,,
1782497841.4992838,200,260.716212913394,,
1782497841.5000012,200,261.93174067884684,,
1782497841.5004654,200,262.9151679575443,,
1782497841.5007453,200,261.65081886574626,,
1782497841.5009763,200,261.5943280979991,,
1782497841.5012312,200,262.8986067138612,,
1782497841.5014446,200,262.62115640565753,,
1782497841.5017586,200,264.924970921129,,
1782497841.5317984,200,257.26933032274246,,
1782497841.5354044,200,262.1150421909988,,
1782497841.5356693,200,259.6594258211553,,
1782497841.535893,200,259.1390716843307,,
1782497841.5361452,200,260.7494229450822,,
1782497841.5366187,200,261.0103851184249,,
1782497841.5368414,200,261.7170796729624,,
1782497841.537082,200,264.28002677857876,,
1782497841.5373259,200,263.8168637640774,,
1782497841.5375683,200,262.73899571970105,,
1782497841.5378551,200,265.52396500483155,,
1782497841.5381088,200,265.5423549003899,,
1782497841.5383353,200,265.27999388054013,,
1782497841.5385637,200,264.5775889977813,,
1782497841.538842,200,270.0425758957863,,
1782497841.539221,200,265.48021472990513,,
1782497841.5395079,200,267.6475690677762,,
1782497841.5955176,200,258.7517201900482,,
1782497841.5962813,200,259.74280619993806,,
1782497841.5965466,200,260.5065507814288,,
1782497841.5968206,200,261.2578570842743,,
1782497841.597064,200,261.7546687833965,,
1782497841.5972915,200,261.484547983855,,
1782497841.5977051,200,261.38501800596714,,
1782497841.7636325,200,262.3345428146422,,
1782497841.7646618,200,263.85135436430573,,
1782497841.7649271,200,263.10366904363036,,
1782497841.7651782,200,263.6634730733931,,
1782497841.7654274,200,264.89120069891214,,
1782497841.7657166,200,266.3545301184058,,
1782497841.7663062,200,265.255942940712,,
1782497841.766971,200,266.90118480473757,,
1782497841.7922666,200,255.58509910479188,,
1782497841.7932973,200,255.37203717976809,,
1782497841.79601,200,260.2783599868417,,
1782497841.7962608,200,264.38766811043024,,
1782497841.7967854,200,258.3839572034776,,
1782497841.797284,200,260.1410490460694,,
1782497841.7975128,200,258.8868299499154,,
1782497841.7979903,200,262.5140850432217,,
1782497841.7985072,200,260.32807026058435,,
1782497841.7989593,200,260.0422683171928,,
1782497841.799262,200,263.2971601560712,,
1782497841.7995274,200,262.6168658025563,,
1782497841.799763,200,263.5529520921409,,
1782497841.7999954,200,260.4156914167106,,
1782497841.8003602,200,262.72821612656116,,
1782497841.800745,200,263.3489612489939,,
1782497841.801521,200,262.2208930552006,,
1782497841.8254645,200,229.11108983680606,,
1782497841.8256993,200,228.57105685397983,,
1782497841.825919,200,230.31535791233182,,
1782497841.8261704,200,229.55569392070174,,
1782497841.8263881,200,228.61188696697354,,
1782497841.8266199,200,229.26369216293097,,
1782497841.8268442,200,229.95439590886235,,
1782497842.0117302,200,245.34432915970683,,
1782497842.0122364,200,247.24734295159578,,
1782497842.012488,200,246.69955763965845,,
1782497842.0132196,200,246.18108477443457,,
1782497842.0134683,200,248.73220175504684,,
1782497842.0137184,200,248.22116922587156,,
1782497842.0139499,200,248.7024120055139,,
1782497842.0142276,200,250.51285373046994,,
1782497842.0479376,200,248.6097519285977,,
1782497842.0512922,200,252.64268787577748,,
1782497842.0515277,200,255.44863799586892,,
1782497842.0520027,200,251.18950940668583,,
1782497842.052651,200,251.0587270371616,,
1782497842.0528984,200,226.65983391925693,,
1782497842.0531461,200,253.31937288865447,,
1782497842.0533698,200,256.5061040222645,,
1782497842.0536249,200,256.043981295079,,
1782497842.0538642,200,227.41085896268487,,
1782497842.0541334,200,256.08169101178646,,
1782497842.0543745,200,262.0263220742345,,
1782497842.054879,200,257.53341102972627,,
1782497842.0553563,200,228.44797605648637,,
1782497842.0558689,200,259.53758461400867,,
1782497842.0565853,200,263.2189500145614,,
1782497842.0568507,200,257.25657027214766,,
1782497842.0571134,200,231.58440692350268,,
1782497842.0574975,200,257.06787779927254,,
1782497842.0580359,200,257.9690250568092,,
1782497842.058439,200,232.4498719535768,,
1782497842.058721,200,232.96094592660666,,
1782497842.0593276,200,260.2840499021113,,
1782497842.0596972,200,233.0146669410169,,
1782497842.233687,200,219.38476525247097,,
1782497842.233941,200,221.6337202116847,,
1782497842.2341654,200,220.6246228888631,,
1782497842.2344172,200,220.63439385965466,,
1782497842.234661,200,222.85509807989,,
1782497842.2349117,200,222.35715482383966,,
1782497842.2351727,200,221.88438195735216,,
1782497842.2354128,200,221.39343759045005,,
1782497842.2691038,200,215.4103689827025,,
1782497842.26979,200,215.86441108956933,,
1782497842.2727697,200,218.3317979797721,,
1782497842.2739358,200,214.168650098145,,
1782497842.2741766,200,226.17521090433002,,
1782497842.274418,200,220.9828649647534,,
1782497842.2746475,200,217.46461233124137,,
1782497842.2748938,200,223.2955819927156,,
1782497842.2751517,200,217.04856911674142,,
1782497842.2753785,200,216.86804806813598,,
1782497842.275874,200,222.66564704477787,,
1782497842.2760825,200,220.14540992677212,,
1782497842.2763054,200,222.1092232502997,,
1782497842.2765377,200,217.7528040483594,,
1782497842.277029,200,225.67130671814084,,
1782497842.2774599,200,220.81008506938815,,
1782497842.27768,200,220.75825417414308,,
1782497842.2779028,200,220.33826215192676,,
1782497842.2781408,200,218.74521020799875,,
1782497842.2785077,200,223.08079013600945,,
1782497842.27892,200,223.9754660986364,,
1782497842.2791836,200,227.1200860850513,,
1782497842.2796354,200,226.66768403723836,,
1782497842.280442,200,227.721291128546,,
1782497842.4557006,200,221.93119209259748,,
1782497842.4564664,200,221.4821088127792,,
1782497842.456992,200,222.5053058937192,,
1782497842.457268,200,223.2664809562266,,
1782497842.4574916,200,223.25496096163988,,
1782497842.4577522,200,223.02031889557838,,
1782497842.4579766,200,222.72910829633474,,
1782497842.458278,200,222.79289783909917,,
1782497842.489067,200,211.54456306248903,,
1782497842.490518,200,215.0747161358595,,
1782497842.492124,200,219.28823413327336,,
1782497842.4923592,200,217.14465972036123,,
1782497842.4926026,200,218.11857586726546,,
1782497842.4928515,200,213.86330807581544,,
1782497842.493323,200,219.323534052819,,
1782497842.493573,200,216.47979598492384,,
1782497842.4938135,200,217.21087023615837,,
1782497842.4940403,200,217.66815287992358,,
1782497842.4948044,200,216.835327912122,,
1782497842.4950588,200,218.91271183267236,,
1782497842.495316,200,225.4624660126865,,
1782497842.49584,200,218.09728583320975,,
1782497842.4964206,200,221.45859897136688,,
1782497842.496901,200,220.9715750068426,,
1782497842.4972289,200,222.51357603818178,,
1782497842.4976869,200,223.44247298315167,,
1782497842.4979587,200,218.70627999305725,,
1782497842.498307,200,229.1376907378435,,
1782497842.5489004,200,268.384475260973,,
1782497842.5493877,200,269.6798429824412,,
1782497842.5496464,200,271.44170505926013,,
1782497842.5501583,200,271.5817457064986,,
1782497842.6768293,200,219.76599795743823,,
1782497842.677137,200,219.09598307684064,,
1782497842.6773698,200,219.54758698120713,,
1782497842.677605,200,220.27603117749095,,
1782497842.6778204,200,221.28036804497242,,
1782497842.6780937,200,219.74152699112892,,
1782497842.678697,200,222.90572803467512,,
1782497842.6791337,200,221.56705893576145,,
1782497842.7119436,200,219.26895435899496,,
1782497842.712864,200,216.95234766229987,,
1782497842.7133265,200,216.84284787625074,,
1782497842.7135909,200,224.4575791992247,,
1782497842.7138317,200,218.69153110310435,,
1782497842.714299,200,217.00291894376278,,
1782497842.714547,200,217.58103277534246,,
1782497842.7147722,200,216.39582514762878,,
1782497842.715247,200,224.66169018298388,,
1782497842.715469,200,222.5488070398569,,
1782497842.7156906,200,222.05505287274718,,
1782497842.7159176,200,221.03810589760542,,
1782497842.7161446,200,222.26813388988376,,
1782497842.7163699,200,218.3459782972932,,
1782497842.716647,200,218.89383206143975,,
1782497842.7177215,200,225.29470501467586,,
1782497842.7179933,200,223.88913622125983,,
1782497842.7183053,200,226.11676016822457,,
1782497842.7189317,200,225.54408572614193,,
1782497842.7192948,200,223.90954522415996,,
1782497842.771554,200,222.58261730894446,,
1782497842.7718184,200,222.3632549867034,,
1782497842.7720711,200,222.35528519377112,,
1782497842.7723186,200,222.09762316197157,,
1782497842.904716,200,227.78062103316188,,
1782497842.9049888,200,225.7814882323146,,
1782497842.9052148,200,227.77546104043722,,
1782497842.9054656,200,228.26878493651748,,
1782497842.9056847,200,228.02481288090348,,
1782497842.905903,200,227.13209688663483,,
1782497842.9061272,200,228.22824493050575,,
1782497842.9063296,200,228.16080413758755,,
1782497842.9393299,200,220.33637203276157,,
1782497842.9413388,200,227.4371893145144,,
1782497842.9422572,200,227.88903210312128,,
1782497842.9427395,200,229.80672493577003,,
1782497842.9429874,200,229.32747099548578,,
1782497842.9432425,200,224.8736317269504,,
1782497842.9434738,200,224.11107691004872,,
1782497842.9437103,200,228.1783940270543,,
1782497842.9439523,200,231.92572919651866,,
1782497842.9441943,200,229.36009289696813,,
1782497842.9444501,200,228.46935596317053,,
1782497842.9446816,200,228.92911918461323,,
1782497842.9449134,200,227.11977688595653,,
1782497842.9451363,200,231.74351826310158,,
1782497842.9456625,200,229.23039132729173,,
1782497842.9459603,200,229.25233142450452,,
1782497842.9462554,200,230.9485520236194,,
1782497842.9464939,200,228.43116568401456,,
1782497842.9470398,200,230.8333022519946,,
1782497842.9477856,200,233.17599762231112,,
1782497842.998401,200,226.77256492897868,,
1782497842.999068,200,226.6866839490831,,
1782497842.9993289,200,227.18171682208776,,
1782497842.9996674,200,227.77964128181338,,
1782497843.1273878,200,220.99940618500113,,
1782497843.1276307,200,221.66378097608685,,
1782497843.127855,200,223.05031912401319,,
1782497843.1281075,200,221.92803211510181,,
1782497843.1283278,200,223.04105898365378,,
1782497843.1285417,200,222.79776819050312,,
1782497843.1287673,200,223.71959360316396,,
1782497843.1289876,200,223.45834178850055,,
1782497843.1627936,200,218.7723210081458,,
1782497843.163036,200,219.26496410742402,,
1782497843.1643722,200,222.04673290252686,,
1782497843.16482,200,223.4037620946765,,
1782497843.165059,200,220.31249105930328,,
1782497843.165598,200,222.29265375062823,,
1782497843.1658194,200,220.09450010955334,,
1782497843.1660552,200,218.20039674639702,,
1782497843.166522,200,220.4994522035122,,
1782497843.1672027,200,220.87447484955192,,
1782497843.167437,200,222.92511817067862,,
1782497843.1677039,200,222.50681603327394,,
1782497843.167938,200,228.53475715965033,,
1782497843.1684098,200,221.2997581809759,,
1782497843.1686254,200,222.07046300172806,,
1782497843.1688676,200,226.06004029512405,,
1782497843.169091,200,226.03619983419776,,
1782497843.1693878,200,224.4104389101267,,
1782497843.169671,200,226.1294201016426,,
1782497843.1706822,200,226.42363188788295,,
1782497843.2227302,200,223.33465097472072,,
1782497843.2229917,200,224.52272986993194,,
1782497843.2232437,200,224.09654688090086,,
1782497843.223487,200,223.74756401404738,,
1782497843.348643,200,220.7156838849187,,
1782497843.3495378,200,222.08457300439477,,
1782497843.3497734,200,222.07862325012684,,
1782497843.3500185,200,221.63008991628885,,
1782497843.350235,200,221.17890696972609,,
1782497843.3505218,200,222.35263511538506,,
1782497843.35099,200,222.16051304712892,,
1782497843.351276,200,222.67038701102138,,
1782497843.3850694,200,220.18322115764022,,
1782497843.3855548,200,217.08595007658005,,
1782497843.3858213,200,216.36763494461775,,
1782497843.3860574,200,216.9019179418683,,
1782497843.3862987,200,221.86093218624592,,
1782497843.3865204,200,221.39226784929633,,
1782497843.3869922,200,223.87923626229167,,
1782497843.3879523,200,218.21826696395874,,
1782497843.388895,200,222.30752371251583,,
1782497843.3891654,200,221.89816180616617,,
1782497843.3894498,200,226.59545298665762,,
1782497843.3896782,200,221.90882172435522,,
1782497843.390162,200,221.47433925420046,,
1782497843.3904045,200,224.5192788541317,,
1782497843.3906283,200,222.62753685936332,,
1782497843.3908682,200,221.9383828341961,,
1782497843.3911884,200,223.68332417681813,,
1782497843.391513,200,225.396734662354,,
1782497843.3917499,200,226.09081072732806,,
1782497843.3928761,200,222.12783340364695,,
1782497843.4445171,200,221.7151103541255,,
1782497843.4447536,200,221.43966890871525,,
1782497843.444988,200,221.92836180329323,,
1782497843.4452174,200,221.6674997471273,,
1782497843.571768,200,221.69216070324183,,
1782497843.5720053,200,220.66393308341503,,
1782497843.5722558,200,221.9475917518139,,
1782497843.5725026,200,222.90177876129746,,
1782497843.5727215,200,221.6623700223863,,
1782497843.572946,200,223.11310982331634,,
1782497843.5731628,200,222.57624566555023,,
1782497843.5733716,200,224.65738095343113,,
1782497843.605782,200,217.76825422421098,,
1782497843.609359,200,224.221667740494,,
1782497843.6096098,200,219.37796520069242,,
1782497843.6098542,200,220.61820328235626,,
1782497843.6101012,200,220.36108188331127,,
1782497843.61032,200,224.43250892683864,,
1782497843.6105356,200,220.0681990943849,,
1782497843.6109896,200,219.73548782989383,,
1782497843.611239,200,220.54727282375097,,
1782497843.6117043,200,226.08139971271157,,
1782497843.6121984,200,226.0721903294325,,
1782497843.6124294,200,222.91326895356178,,
1782497843.6126533,200,220.84005502983928,,
1782497843.6128957,200,219.9541083537042,,
1782497843.6131783,200,226.81836504489183,,
1782497843.6133964,200,226.33441211655736,,
1782497843.613628,200,222.69227681681514,,
1782497843.6138616,200,224.90022238343954,,
1782497843.6141682,200,227.5860202498734,,
1782497843.615636,200,224.05381686985493,,
1782497843.6667593,200,222.1722030080855,,
1782497843.66732,200,222.49923599883914,,
1782497843.6676302,200,222.57607616484165,,
1782497843.6678572,200,222.57798677310348,,
1782497843.7934046,200,221.5708801522851,,
1782497843.7936745,200,220.23753076791763,,
1782497843.7939315,200,221.14639589563012,,
1782497843.794403,200,221.18194680660963,,
1782497843.7946517,200,222.08880307152867,,
1782497843.7948618,200,222.78702817857265,,
1782497843.795091,200,222.76314720511436,,
1782497843.795462,200,222.4554060958326,,
1782497843.8268285,200,211.1232397146523,,
1782497843.8299344,200,217.21329120919108,,
1782497843.8301694,200,220.00653902068734,,
1782497843.8306277,200,216.9365379959345,,
1782497843.8308666,200,219.10236310213804,,
1782497843.831117,200,217.8777838125825,,
1782497843.8313377,200,217.4144722521305,,
1782497843.831805,200,220.49802215769887,,
1782497843.8320305,200,222.35350497066975,,
1782497843.832257,200,222.33386477455497,,
1782497843.832761,200,219.80088809505105,,
1782497843.83327,200,219.0338629297912,,
1782497843.833563,200,222.50802628695965,,
1782497843.8338163,200,227.96609299257398,,
1782497843.8340514,200,224.62223004549742,,
1782497843.8343337,200,223.72965421527624,,
1782497843.8345652,200,222.30259515345097,,
1782497843.8351395,200,221.676851157099,,
1782497843.8355973,200,223.1038399040699,,
1782497843.8366592,200,226.27965221181512,,
1782497843.8869815,200,219.58529576659203,,
1782497843.8876696,200,220.81867512315512,,
1782497843.8879035,200,219.98222917318344,,
1782497843.88821,200,220.50816193223,,
1782497844.0137255,200,219.97886896133423,,
1782497844.0142372,200,219.52696610242128,,
1782497844.0144765,200,220.0132291764021,,
1782497844.0146904,200,221.19890712201595,,
1782497844.0149164,200,219.39452504739165,,
1782497844.0151367,200,221.14459704607725,,
1782497844.0156085,200,220.68258421495557,,
1782497844.0158594,200,220.6819341517985,,
1782497844.0464897,200,212.8614909015596,,
1782497844.0493557,200,219.35679530724883,,
1782497844.0500925,200,219.1588538698852,,
1782497844.050327,200,218.4606292285025,,
1782497844.050549,200,219.37173511832952,,
1782497844.051287,200,215.6174099072814,,
1782497844.0515153,200,217.6313130185008,,
1782497844.0517414,200,217.6220528781414,,
1782497844.0519776,200,215.25960741564631,,
1782497844.0521975,200,220.10351018980145,,
1782497844.0524888,200,219.6622770279646,,
1782497844.0527263,200,217.51494193449616,,
1782497844.0537295,200,220.39358224719763,,
1782497844.0540614,200,219.4371148943901,,
1782497844.0545433,200,220.1414997689426,,
1782497844.0548043,200,224.11068622022867,,
1782497844.0550537,200,228.15738385543227,,
1782497844.0553308,200,223.9273558370769,,
1782497844.0556974,200,225.46359477564692,,
1782497844.0563202,200,223.99406600743532,,
1782497844.1065416,200,218.80927123129368,,
1782497844.1070151,200,219.9670779518783,,
1782497844.1073525,200,219.0722431987524,,
1782497844.1078591,200,219.89229833707213,,
1782497844.2346838,200,219.9315489269793,,
1782497844.23575,200,219.83027830719948,,
1782497844.2360044,200,222.20351407304406,,
1782497844.236258,200,221.04840632528067,,
1782497844.2365077,200,221.9702024012804,,
1782497844.236794,200,222.49344596639276,,
1782497844.2370446,200,221.37332893908024,,
1782497844.2372825,200,222.3102543503046,,
1782497844.2697353,200,219.11664307117462,,
1782497844.2702816,200,215.41296830400825,,
1782497844.2707245,200,217.92542515322566,,
1782497844.27119,200,218.9269019290805,,
1782497844.2714143,200,219.83641805127263,,
1782497844.2716165,200,221.45937895402312,,
1782497844.2718103,200,217.6889330148697,,
1782497844.2720718,200,216.3092941045761,,
1782497844.272545,200,222.1555933356285,,
1782497844.274252,200,222.21276396885514,,
1782497844.274788,200,220.98998492583632,,
1782497844.2750418,200,223.23440108448267,,
1782497844.2756145,200,221.01006610319018,,
1782497844.277809,200,231.25287517905235,,
1782497844.278867,200,227.51707024872303,,
1782497844.2793756,200,229.94895605370402,,
1782497844.280514,200,225.11825384572148,,
1782497844.2811399,200,224.74573086947203,,
1782497844.2818632,200,229.30633183568716,,
1782497844.2824,200,227.27080807089806,,
1782497844.3094895,200,202.8820337727666,,
1782497844.3097436,200,202.3226204328239,,
1782497844.3102648,200,202.34274119138718,,
1782497844.3105516,200,203.46878841519356,,
1782497844.4662213,200,230.15880677849054,,
1782497844.5000916,200,263.7613629922271,,
1782497844.5005965,200,264.02421575039625,,
1782497844.5008423,200,263.7303932569921,,
1782497844.5013404,200,264.47314862161875,,
1782497844.5018618,200,267.0580348931253,,
1782497844.5021098,200,266.2963308393955,,
1782497844.5023327,200,264.9899609386921,,
1782497844.533042,200,263.2142901420593,,
1782497844.5332808,200,261.8114002980292,,
1782497844.5335028,200,261.8379509076476,,
1782497844.533741,200,261.1125251278281,,
1782497844.5339565,200,262.0701720006764,,
1782497844.5341573,200,259.8409866914153,,
1782497844.5343645,200,262.242594268173,,
1782497844.5345852,200,264.246956910938,,
1782497844.5348191,200,264.0426657162607,,
1782497844.535022,200,263.77702318131924,,
1782497844.5660572,200,283.5889966227114,,
1782497844.566974,200,291.85914201661944,,
1782497844.56744,200,287.9297658801079,,
1782497844.5676632,200,286.4005952142179,,
1782497844.5681424,200,258.5871987976134,,
1782497844.5684495,200,258.6324489675462,,
1782497844.56891,200,286.94400889799,,
1782497844.569139,200,293.44423301517963,,
1782497844.569361,200,291.3833190687001,,
1782497844.5696619,200,290.71825509890914,,
1782497844.5699687,200,259.63542563840747,,
1782497844.5702136,200,259.5951957628131,,
1782497844.5704393,200,295.5968966707587,,
1782497844.5711484,200,290.5419641174376,,
1782497844.6543622,200,188.07297432795167,,
1782497844.729571,200,227.16848691925406,,
1782497844.729832,200,228.42394607141614,,
1782497844.7300737,200,227.90273185819387,,
1782497844.7302914,200,229.625113774091,,
1782497844.7305043,200,228.5774271003902,,
1782497844.7307217,200,230.5670501664281,,
1782497844.730944,200,230.03072617575526,,
1782497844.7653642,200,232.01682977378368,,
1782497844.7656279,200,232.5208531692624,,
1782497844.8368528,200,302.83802608028054,,
1782497844.8377883,200,303.13730891793966,,
1782497844.8380456,200,303.1709478236735,,
1782497844.838324,200,304.10883389413357,,
1782497844.8385508,200,303.47510101273656,,
1782497844.8388212,200,305.2514619193971,,
1782497844.839343,200,304.9165098927915,,
1782497844.8396027,200,305.8014162816107,,
1782497844.868951,200,298.9117898978293,,
1782497844.8715248,200,303.80060197785497,,
1782497844.8717597,200,301.2619963847101,,
1782497844.8719864,200,302.26724222302437,,
1782497844.8722367,200,302.80201602727175,,
1782497844.8724825,200,304.27921609953046,,
1782497844.872714,200,305.2130821160972,,
1782497844.8729367,200,303.7363621406257,,
1782497844.8731978,200,301.98037112131715,,
1782497844.8739653,200,307.84593988209963,,
1782497844.8741987,200,307.1590852923691,,
1782497844.874429,200,305.4543239995837,,
1782497844.8746603,200,306.14052759483457,,
1782497844.8751135,200,304.83523942530155,,
1782497844.9305933,200,276.16912592202425,,
1782497845.0023441,200,272.2090999595821,,
1782497845.0025856,200,272.020248696208,,
1782497845.002797,200,272.89554476737976,,
1782497845.0030103,200,272.0052879303694,,
1782497845.0033505,200,272.5666528567672,,
1782497845.0036094,200,273.25228694826365,,
1782497845.0038598,200,274.2135035805404,,
1782497845.0280998,200,262.6525559462607,,
1782497845.0283682,200,262.6672564074397,,
1782497845.0975375,200,257.86504382267594,,
1782497845.099356,200,261.49745797738433,,
1782497845.0995982,200,260.1985498331487,,
1782497845.099839,200,261.22546615079045,,
1782497845.1000702,200,263.1348790600896,,
1782497845.1002948,200,261.4045669324696,,
1782497845.1005473,200,262.15942203998566,,
1782497845.1007853,200,262.66981614753604,,
1782497845.131908,200,256.72309612855315,,
1782497845.1334512,200,261.6303088143468,,
1782497845.1341846,200,261.4076170139015,,
1782497845.1344345,200,261.17289578542113,,
1782497845.134676,200,263.0874188616872,,
1782497845.1348999,200,260.4082110337913,,
1782497845.135135,200,263.0787892267108,,
1782497845.1355782,200,260.84447419270873,,
1782497845.1359258,200,263.6169418692589,,
1782497845.13622,200,267.2051568515599,,
1782497845.1364481,200,263.9005947858095,,
1782497845.1367497,200,262.48679496347904,,
1782497845.1370146,200,264.01888485997915,,
1782497845.1373801,200,263.3484210819006,,
1782497845.1926003,200,261.94265112280846,,
1782497845.2640584,200,260.12563798576593,,
1782497845.264514,200,261.0880360007286,,
1782497845.264753,200,262.3429042287171,,
1782497845.2652042,200,261.5332077257335,,
1782497845.2654412,200,262.3754842206836,,
1782497845.2656496,200,262.7928266301751,,
1782497845.2659054,200,263.2611598819494,,
1782497845.290287,200,262.1196419931948,,
1782497845.2905488,200,262.11641263216734,,
1782497845.3621135,200,261.9790118187666,,
1782497845.3623512,200,262.68476620316505,,
1782497845.3625646,200,262.6621462404728,,
1782497845.3627975,200,261.9515610858798,,
1782497845.3630195,200,262.407714035362,,
1782497845.3632674,200,263.8443731702864,,
1782497845.3635085,200,263.1524591706693,,
1782497845.363727,200,266.1268198862672,,
1782497845.394878,200,258.3621768280864,,
1782497845.3965952,200,261.63190882653,,
1782497845.3968334,200,260.01013815402985,,
1782497845.3971007,200,263.5937719605863,,
1782497845.3975687,200,260.48638112843037,,
1782497845.3977962,200,260.3412908501923,,
1782497845.3980215,200,263.7663627974689,,
1782497845.398245,200,262.24641408771276,,
1782497845.3984919,200,266.51139184832573,,
1782497845.3987484,200,263.10063898563385,,
1782497845.398991,200,262.7058969810605,,
1782497845.3992329,200,264.03816509991884,,
1782497845.3995802,200,264.8411109112203,,
1782497845.400519,200,266.01828914135695,,
1782497845.4555292,200,262.86637783050537,,
1782497845.5291514,200,263.88014387339354,,
1782497845.529381,200,265.25284303352237,,
1782497845.5295978,200,263.62066296860576,,
1782497845.5298162,200,264.3163171596825,,
1782497845.5300353,200,265.2197927236557,,
1782497845.530255,200,264.5471580326557,,
1782497845.530472,200,265.8918281085789,,
1782497845.5532672,200,262.91393768042326,,
1782497845.5535307,200,262.9135884344578,,
1782497845.6228042,200,259.4695542939007,,
1782497845.624559,200,260.99047530442476,,
1782497845.624793,200,261.71150989830494,,
1782497845.6250308,200,261.2402159720659,,
1782497845.6252644,200,262.40354403853416,,
1782497845.6254847,200,263.3050298318267,,
1782497845.6257193,200,263.0893290042877,,
1782497845.6260026,200,263.5858319699764,,
1782497845.656074,200,259.41134383901954,,
1782497845.658271,200,259.7156260162592,,
1782497845.6585085,200,259.45140421390533,,
1782497845.658724,200,260.86602406576276,,
1782497845.6589503,200,260.86633279919624,,
1782497845.6592014,200,259.9038169719279,,
1782497845.6594217,200,262.52320501953363,,
1782497845.6596549,200,259.0698623098433,,
1782497845.6599426,200,264.9990818463266,,
1782497845.6601791,200,260.53432235494256,,
1782497845.6604185,200,263.2535700686276,,
1782497845.6606495,200,262.33366411179304,,
1782497845.6608944,200,262.07726169377565,,
1782497845.661147,200,263.5155916213989,,
1782497845.7182193,200,262.62363605201244,,
1782497845.7906587,200,260.7703232206404,,
1782497845.7911777,200,261.96298096328974,,
1782497845.7914457,200,260.9058041125536,,
1782497845.7917013,200,261.38744689524174,,
1782497845.7919142,200,262.47523399069905,,
1782497845.7922401,200,262.57909601554275,,
1782497845.7925167,200,262.4200340360403,,
1782497845.8161163,200,262.78103701770306,,
1782497845.8163931,200,262.79644714668393,,
1782497845.8871624,200,261.8377907201648,,
1782497845.8874006,200,261.3356770016253,,
1782497845.8876188,200,262.99168774858117,,
1782497845.8880572,200,262.5047550536692,,
1782497845.8883276,200,263.2325100712478,,
1782497845.888545,200,263.6862429790199,,
1782497845.888794,200,265.924627892673,,
1782497845.8890958,200,263.3138708770275,,
1782497845.9213617,200,260.8758839778602,,
1782497845.9216008,200,265.45824436470866,,
1782497845.9218485,200,260.6388721615076,,
1782497845.922091,200,262.60366570204496,,
1782497845.9223385,200,263.3211901411414,,
1782497845.9225624,200,261.84361102059484,,
1782497845.9227939,200,262.5476447865367,,
1782497845.9230187,200,262.05547200515866,,
1782497845.9232645,200,263.24456883594394,,
1782497845.9235013,200,264.71406035125256,,
1782497845.9237292,200,265.1612930931151,,
1782497845.9239526,200,265.61553589999676,,
1782497845.9241705,200,264.9079919792712,,
1782497845.924397,200,264.6812591701746,,
1782497845.9800835,200,261.7712188512087,,
1782497846.0527909,200,260.8184227719903,,
1782497846.0530267,200,261.2675270065665,,
1782497846.0532396,200,261.72031881287694,,
1782497846.0534816,200,262.73170579224825,,
1782497846.0536914,200,261.106985155493,,
1782497846.0538995,200,262.6515058800578,,
1782497846.0541215,200,261.81506970897317,,
1782497846.0783525,200,262.16627238318324,,
1782497846.0785906,200,262.1258129365742,,
1782497846.1490457,200,259.8840668797493,,
1782497846.1495435,200,262.3151442967355,,
1782497846.1502032,200,262.7405761741102,,
1782497846.150432,200,262.30575423687696,,
1782497846.150666,200,262.9891480319202,,
1782497846.150881,200,262.0236622169614,,
1782497846.1511202,200,262.5003238208592,,
1782497846.1513674,200,262.9798580892384,,
1782497846.1833253,200,259.53266490250826,,
1782497846.1835618,200,260.7043720781803,,
1782497846.1838067,200,261.6464993916452,,
1782497846.1840556,200,261.6528091020882,,
1782497846.184283,200,262.8563572652638,,
1782497846.1845026,200,260.04065899178386,,
1782497846.1847422,200,260.5066513642669,,
1782497846.184986,200,261.9034009985626,,
1782497846.1852372,200,262.60989578440785,,
1782497846.1854694,200,261.45467814058065,,
1782497846.1856885,200,262.35692389309406,,
1782497846.185903,200,262.33621407300234,,
1782497846.1861286,200,264.2138469964266,,
1782497846.1863496,200,264.68017883598804,,
1782497846.2423956,200,262.2475828975439,,
1782497846.316972,200,263.4252207353711,,
1782497846.3174403,200,264.3559081479907,,
1782497846.317909,200,263.7252830900252,,
1782497846.318151,200,264.1892256215215,,
1782497846.3183806,200,265.07269171997905,,
1782497846.3186393,200,265.78334672376513,,
1782497846.3188615,200,265.11508226394653,,
1782497846.3428078,200,264.14602622389793,,
1782497846.3430946,200,264.6749187260866,,
1782497846.4140244,200,263.2972002029419,,
1782497846.414262,200,265.1467630639672,,
1782497846.4145045,200,264.8948710411787,,
1782497846.414728,200,264.22964688390493,,
1782497846.4149535,200,263.76054296270013,,
1782497846.4152071,200,264.265856705606,,
1782497846.41543,200,265.1686519384384,,
1782497846.415644,200,264.2108569853008,,
1782497846.4465556,200,262.21108296886086,,
1782497846.4481812,200,264.06143605709076,,
1782497846.4484308,200,262.23965315148234,,
1782497846.44868,200,262.71177595481277,,
1782497846.4489183,200,263.3869210258126,,
1782497846.4491384,200,265.74920676648617,,
1782497846.4493463,200,263.5965319350362,,
1782497846.4498947,200,265.32476441934705,,
1782497846.4504704,200,266.84161415323615,,
1782497846.4507182,200,265.90740820392966,,
1782497846.4509456,200,265.8908669836819,,
1782497846.451405,200,267.5264780409634,,
1782497846.4516618,200,266.3588710129261,,
1782497846.4521189,200,265.70669608190656,,
1782497846.5076764,200,265.2107127942145,,
1782497846.579717,200,261.50807831436396,,
1782497846.5799549,200,262.4476747587323,,
1782497846.5801709,200,261.4702479913831,,
1782497846.5803833,200,263.33478977903724,,
1782497846.5805972,200,261.67243905365467,,
1782497846.5808153,200,262.36319402232766,,
1782497846.5810807,200,263.1139187142253,,
1782497846.605389,200,262.50943494960666,,
1782497846.6056504,200,262.47968431562185,,
1782497846.6774006,200,262.3761738650501,,
1782497846.6776233,200,262.8318169154227,,
1782497846.6778696,200,262.3799741268158,,
1782497846.6780856,200,263.5195110924542,,
1782497846.678305,200,262.5966062769294,,
1782497846.6785538,200,264.4630279392004,,
1782497846.6787968,200,263.52730160579085,,
1782497846.6790075,200,264.6777890622616,,
1782497846.7094502,200,258.91620106995106,,
1782497846.7097034,200,260.9539250843227,,
1782497846.709949,200,258.22413619607687,,
1782497846.7106438,200,262.3917940072715,,
1782497846.7108755,200,261.6772297769785,,
1782497846.7111278,200,260.34593023359776,,
1782497846.711438,200,262.45957519859076,,
1782497846.711674,200,260.6614721007645,,
1782497846.7129102,200,260.7222720980644,,
1782497846.713144,200,264.6492989733815,,
1782497846.713403,200,264.0011948533356,,
1782497846.7136252,200,263.6590623296797,,
1782497846.7138634,200,262.38619396463037,,
1782497846.71468,200,268.0596122518182,,
1782497846.7705104,200,262.7680469304323,,
1782497846.8439884,200,263.9701250009239,,
1782497846.844475,200,263.8174337334931,,
1782497846.844694,200,264.9112609215081,,
1782497846.844924,200,264.02020500972867,,
1782497846.8452158,200,264.98751156032085,,
1782497846.8454485,200,264.30373592302203,,
1782497846.845726,200,265.2765829116106,,
1782497846.870612,200,265.1572530157864,,
1782497846.870886,200,265.16787335276604,,
1782497846.9425137,200,263.8981738127768,,
1782497846.9427505,200,264.8146809078753,,
1782497846.9429677,200,264.8212197236717,,
1782497846.943196,200,265.72664687409997,,
1782497846.943711,200,264.6386791020632,,
1782497846.9439433,200,266.2525800988078,,
1782497846.944154,200,265.7869169488549,,
1782497846.9445105,200,265.65394597128034,,
1782497846.9753702,200,260.6197320856154,,
1782497846.9758477,200,262.1532017365098,,
1782497846.9763231,200,263.11378879472613,,
1782497846.9767833,200,263.3120599202812,,
1782497846.9770498,200,265.30963322147727,,
1782497846.9772923,200,265.78640658408403,,
1782497846.9777398,200,266.5481520816684,,
1782497846.9786465,200,265.67173609510064,,
1782497846.9789116,200,269.1390598192811,,
1782497846.9791405,200,268.43274384737015,,
1782497846.9793892,200,269.86847445368767,,
1782497846.9796095,200,265.6757761724293,,
1782497846.9798548,200,269.8353938758373,,
1782497846.9801323,200,269.18675983324647,,
1782497847.0363896,200,265.7979470677674,,
1782497847.109678,200,264.3959978595376,,
1782497847.110347,200,264.5527580752969,,
1782497847.1106057,200,265.6121258623898,,
1782497847.1108797,200,266.12235931679606,,
1782497847.1111152,200,266.5719431824982,,
1782497847.1113539,200,267.2942467033863,,
1782497847.1118395,200,266.3294500671327,,
1782497847.1354606,200,264.7779299877584,,
1782497847.1357396,200,264.7850699722767,,
1782497847.2066329,200,262.04795204102993,,
1782497847.206925,200,263.6554529890418,,
1782497847.2071893,200,263.4129310026765,,
1782497847.2076635,200,264.6374492906034,,
1782497847.2086027,200,264.59944900125265,,
1782497847.208955,200,264.7422500886023,,
1782497847.209172,200,266.5939321741462,,
1782497847.209494,200,266.6816730052233,,
1782497847.2398198,200,260.36810083314776,,
1782497847.2400632,200,260.84772404283285,,
1782497847.241693,200,265.77835716307163,,
1782497847.242241,200,262.3218228109181,,
1782497847.2424664,200,263.4933418594301,,
1782497847.2427123,200,267.2761674039066,,
1782497847.2429557,200,265.8365569077432,,
1782497847.2432094,200,263.5301221162081,,
1782497847.2434547,200,263.25647020712495,,
1782497847.2437317,200,266.8876340612769,,
1782497847.2439523,200,267.56233908236027,,
1782497847.2441964,200,265.4891852289438,,
1782497847.2448113,200,267.4498478882015,,
1782497847.2451239,200,267.3235582187772,,
1782497847.3006003,200,264.1486460343003,,
1782497847.3732083,200,262.0239919051528,,
1782497847.373488,200,261.5722492337227,,
1782497847.3737469,200,263.33177043125033,,
1782497847.3739793,200,264.22320678830147,,
1782497847.374251,200,262.83300714567304,,
1782497847.374511,200,263.56882182881236,,
1782497847.3748171,200,264.14168579503894,,
1782497847.3988705,200,263.33822030574083,,
1782497847.3991337,200,263.3257997222245,,
1782497847.470007,200,262.2806238941848,,
1782497847.4702349,200,260.68271324038506,,
1782497847.4704566,200,263.4600321762264,,
1782497847.4707005,200,263.43926088884473,,
1782497847.4709232,200,261.9035509414971,,
1782497847.4711802,200,261.94203132763505,,
1782497847.4714127,200,264.71624011173844,,
1782497847.4716394,200,262.97123776748776,,
1782497847.5025356,200,260.22614911198616,,
1782497847.5028205,200,262.6960063353181,,
1782497847.503287,200,259.4926441088319,,
1782497847.5037673,200,260.74333395808935,,
1782497847.5044508,200,260.920783970505,,
1782497847.504926,200,260.90374402701855,,
1782497847.505151,200,259.96315805241466,,
1782497847.505396,200,262.12308229878545,,
1782497847.5056539,200,263.8971540145576,,
1782497847.5059235,200,261.6653088480234,,
1782497847.5061712,200,261.29676681011915,,
1782497847.5064003,200,266.51049219071865,,
1782497847.5066304,200,263.8504742644727,,
1782497847.506876,200,264.3390870653093,,
1782497847.5627766,200,262.1117723174393,,
1782497847.635039,200,260.1575590670109,,
1782497847.6352909,200,261.7270601913333,,
1782497847.6355336,200,262.2478329576552,,
1782497847.635775,200,261.7322001606226,,
1782497847.6360703,200,261.4933676086366,,
1782497847.63629,200,262.47151382267475,,
1782497847.6365077,200,262.18198286369443,,
1782497847.6606622,200,261.45662693306804,,
1782497847.6609006,200,261.9496309198439,,
1782497847.7326512,200,262.3545336537063,,
1782497847.7329078,200,261.2015660852194,,
1782497847.733157,200,261.91067090258,,
1782497847.7333808,200,262.8563968464732,,
1782497847.7336228,200,262.6300361007452,,
1782497847.7338455,200,263.76697327941656,,
1782497847.7340674,200,262.5880059786141,,
1782497847.7342796,200,263.5195511393249,,
1782497847.764457,200,258.21865582838655,,
1782497847.7647135,200,258.24879575520754,,
1782497847.7663412,200,262.98916805535555,,
1782497847.7668247,200,261.10466523095965,,
1782497847.7670581,200,264.4482278265059,,
1782497847.7672906,200,262.7771459519863,,
1782497847.7675173,200,262.5287747941911,,
1782497847.767786,200,262.32225401327014,,
1782497847.7680655,200,265.1797020807862,,
1782497847.7683043,200,261.36518688872457,,
1782497847.7685535,200,262.567566242069,,
1782497847.7687833,200,264.94798110798,,
1782497847.769003,200,262.3061239719391,,
1782497847.7697349,200,264.51452914625406,,
1782497847.8262963,200,263.4525806643069,,
1782497847.897962,200,262.12236285209656,,
1782497847.8982286,200,263.1122190505266,,
1782497847.8984845,200,262.1260420419276,,
1782497847.8987322,200,262.15790305286646,,
1782497847.898985,200,263.62591329962015,,
1782497847.8992245,200,263.62287206575274,,
1782497847.8994536,200,263.3123411796987,,
1782497847.9235969,200,262.6243159174919,,
1782497847.9238472,200,263.11995880678296,,
1782497847.9931266,200,258.9987521059811,,
1782497847.993396,200,260.67472202703357,,
1782497847.9936285,200,260.1794986985624,,
1782497847.9943247,200,259.9819079041481,,
1782497847.9945438,200,261.5649178624153,,
1782497847.9950082,200,261.32395723834634,,
1782497847.9952776,200,262.05750182271004,,
1782497847.9955962,200,261.6874291561544,,
1782497848.0256267,200,258.4950979799032,,
1782497848.0267408,200,259.15404316037893,,
1782497848.0269818,200,258.6141391657293,,
1782497848.0272374,200,258.38495697826147,,
1782497848.0274796,200,260.1248691789806,,
1782497848.0277452,200,259.12623200565577,,
1782497848.027967,200,260.1074492558837,,
1782497848.0282145,200,259.14959190413356,,
1782497848.0284996,200,261.6079277358949,,
1782497848.0287135,200,264.18466586619616,,
1782497848.0289528,200,262.5437150709331,,
1782497848.0291784,200,259.3814339488745,,
1782497848.0298285,200,261.69589860364795,,
1782497848.0300748,200,265.2927837334573,,
1782497848.0840483,200,257.65982223674655,,
1782497848.1545424,200,255.98769122734666,,
1782497848.1547797,200,255.72951883077621,,
1782497848.155001,200,256.9570280611515,,
1782497848.1552534,200,256.95448787882924,,
1782497848.155581,200,256.29194313660264,,
1782497848.1558886,200,257.0935687981546,,
1782497848.1563005,200,256.78558740764856,,
1782497848.1794116,200,255.49454800784588,,
1782497848.1796792,200,256.01025111973286,,
1782497848.249509,200,255.1246047951281,,
1782497848.2497592,200,256.55699521303177,,
1782497848.249973,200,256.514904089272,,
1782497848.2501855,200,255.57354791089892,,
1782497848.2503908,200,255.051305051893,,
1782497848.250703,200,255.04011381417513,,
1782497848.2509267,200,255.8583002537489,,
1782497848.251182,200,257.48445186764,,
1782497848.28523,200,258.41990718618035,,
1782497848.2854888,200,257.68248178064823,,
1782497848.2857475,200,257.71038280799985,,
1782497848.2860048,200,257.7294330112636,,
1782497848.2862391,200,256.09729206189513,,
1782497848.2864606,200,257.22165033221245,,
1782497848.2866783,200,259.13290213793516,,
1782497848.286912,200,258.1291561946273,,
1782497848.287167,200,261.4762969315052,,
1782497848.2873895,200,257.4931113049388,,
1782497848.2875962,200,259.0382411144674,,
1782497848.287824,200,260.77503291890025,,
1782497848.2880704,200,260.764563921839,,
1782497848.2883236,200,259.3063530512154,,
1782497848.30736,200,223.24670059606433,,
1782497848.338029,200,181.66170129552484,,
1782497848.3384793,200,183.63799387589097,,
1782497848.338726,200,183.65958519279957,,
1782497848.3389454,200,184.3380001373589,,
1782497848.339183,200,183.86151595041156,,
1782497848.339605,200,183.64879488945007,,
1782497848.3398845,200,184.23848878592253,,
1782497848.4033794,200,223.90013560652733,,
1782497848.4036565,200,223.90980599448085,,
1782497848.474741,200,224.29170785471797,,
1782497848.4749765,200,223.97457621991634,,
1782497848.4752254,200,224.98584305867553,,
1782497848.4754694,200,224.69479031860828,,
1782497848.4757888,200,226.20904119685292,,
1782497848.4760275,200,226.20157059282064,,
1782497848.476367,200,226.33436182513833,,
1782497848.4992783,200,248.03154775872827,,
1782497848.576081,200,288.84843178093433,,
1782497848.5763195,200,290.49770440906286,,
1782497848.57657,200,290.5000629834831,,
1782497848.5767937,200,290.0497601367533,,
1782497848.577033,200,290.73249408975244,,
1782497848.5772698,200,289.82625901699066,,
1782497848.5774934,200,289.83334824442863,,
1782497848.5777154,200,289.56930665299296,,
1782497848.5783188,200,292.76072839275,,
1782497848.578554,200,291.5728706866503,,
1782497848.5787725,200,271.35036420077085,,
1782497848.5791209,200,290.73902405798435,,
1782497848.5794501,200,292.92873991653323,,
1782497848.579729,200,294.4199489429593,,
1782497848.5800102,200,292.1180441044271,,
1782497848.6010573,200,261.38457795605063,,
1782497848.602356,200,262.40118499845266,,
1782497848.602594,200,263.5858519934118,,
1782497848.6028383,200,264.2919667996466,,
1782497848.6030598,200,264.9644212797284,,
1782497848.603374,200,264.5854279398918,,
1782497848.6036956,200,264.44550789892673,,
1782497848.624194,200,220.7433138974011,,
1782497848.62445,200,220.7244043238461,,
1782497848.6970046,200,221.47181909531355,,
1782497848.6972373,200,220.79984424635768,,
1782497848.6974783,200,221.38362796977162,,
1782497848.6977031,200,221.846591681242,,
1782497848.6980257,200,223.2198710553348,,
1782497848.6982574,200,222.9639091528952,,
1782497848.6985152,200,223.4704620204866,,
1782497848.7633154,200,263.9752449467778,,
1782497848.8637025,200,284.50430277734995,,
1782497848.8650591,200,288.1987779401243,,
1782497848.8655772,200,286.7401479743421,,
1782497848.8658013,200,289.1686139628291,,
1782497848.8660412,200,289.65226700529456,,
1782497848.866271,200,287.886515725404,,
1782497848.8665173,200,288.73176174238324,,
1782497848.8668425,200,289.285474922508,,
1782497848.8670778,200,290.93266604468226,,
1782497848.8673134,200,289.98077008873224,,
1782497848.8676462,200,290.5471227131784,,
1782497848.8934436,200,314.8207566700876,,
1782497848.895977,200,315.9013041295111,,
1782497848.8962224,200,293.5608928091824,,
1782497848.8964736,200,295.3511462546885,,
1782497848.8967166,200,317.19814287498593,,
1782497848.8971727,200,272.9151048697531,,
1782497848.8973963,200,293.6370042152703,,
1782497848.8976195,200,273.1025661341846,,
1782497848.8978446,200,295.4237060621381,,
1782497848.8983765,200,295.47601705417037,,
1782497848.898597,200,295.462675858289,,
1782497848.8988767,200,295.4393159598112,,
1782497848.8991115,200,319.32220701128244,,
1782497848.920903,200,222.81125793233514,,
1782497848.9222527,200,224.71164027228951,,
1782497848.9224722,200,224.70292076468468,,
1782497848.9227128,200,225.64489673823118,,
1782497848.9229326,200,225.62746703624725,,
1782497848.92367,200,225.34449491649866,,
1782497848.9239264,200,225.34331493079662,,
1782497848.9397202,200,176.34121561422944,,
1782497849.1061838,200,240.5454572290182,,
1782497849.1064181,200,241.29227176308632,,
1782497849.1066403,200,240.53499707952142,,
1782497849.1068928,200,239.51693112030625,,
1782497849.1073306,200,240.99683109670877,,
1782497849.1075923,200,239.8782423697412,,
1782497849.1078587,200,241.99069710448384,,
1782497849.1374164,200,238.24160220101476,,
1782497849.1376686,200,239.7566819563508,,
1782497849.1379228,200,239.26225816830993,,
1782497849.1381476,200,240.91238994151354,,
1782497849.1386182,200,271.4681550860405,,
1782497849.1388566,200,242.56309075281024,,
1782497849.140548,200,273.96043203771114,,
1782497849.1407766,200,273.8633309490979,,
1782497849.1412976,200,245.24955917149782,,
1782497849.1415443,200,277.7692279778421,,
1782497849.1417866,200,244.10538095980883,,
1782497849.1422951,200,243.8578801229596,,
1782497849.1425793,200,246.03597493842244,,
1782497849.1428304,200,249.31766605004668,,
1782497849.1649208,200,225.13837413862348,,
1782497849.1669447,200,268.00345117226243,,
1782497849.167228,200,244.91366604343057,,
1782497849.1674528,200,244.91125671193004,,
1782497849.1676877,200,270.90362133458257,,
1782497849.1681561,200,244.41858381032944,,
1782497849.1683953,200,270.93725139275193,,
1782497849.1686227,200,245.84839306771755,,
1782497849.1690826,200,248.11530811712146,,
1782497849.1693447,200,245.35232968628407,,
1782497849.169899,200,246.89849000424147,,
1782497849.2840223,200,176.09421396628022,,
1782497849.2842965,200,178.04716667160392,,
1782497849.2845514,200,178.07124694809318,,
1782497849.284775,200,177.37758299335837,,
1782497849.285298,200,178.5858510993421,,
1782497849.2855597,200,177.8959259390831,,
1782497849.285889,200,178.92798269167542,,
1782497849.3756073,200,238.1259510293603,,
1782497849.3760734,200,237.1446336619556,,
1782497849.3763285,200,238.11285104602575,,
1782497849.4135697,200,271.95539930835366,,
1782497849.4162552,200,247.56472511216998,,
1782497849.4164956,200,249.4851271621883,,
1782497849.4169717,200,247.56147433072329,,
1782497849.4172225,200,249.46656683459878,,
1782497849.4174664,200,250.17539225518703,,
1782497849.4178808,200,275.2310009673238,,
1782497849.4185495,200,249.40817710012197,,
1782497849.4190288,200,254.04577795416117,,
1782497849.4194283,200,278.5861832089722,,
1782497849.4199173,200,279.30570766329765,,
1782497849.4202461,200,277.8798979707062,,
1782497849.4210384,200,283.05397275835276,,
1782497849.4212701,200,282.59016992524266,,
1782497849.421802,200,253.3436631783843,,
1782497849.4220986,200,252.13213544338942,,
1782497849.4224286,200,284.6964639611542,,
1782497849.4226394,200,279.74090119823813,,
1782497849.4230373,200,281.67061414569616,,
1782497849.4235024,200,255.98374102264643,,
1782497849.4248238,200,256.6002649255097,,
1782497849.4251554,200,283.3013841882348,,
1782497849.4650824,200,179.1226239874959,,
1782497849.4660096,200,180.63596403226256,,
1782497849.4664805,200,181.64395075291395,,
1782497849.4667175,200,182.60725820437074,,
1782497849.466951,200,182.58447712287307,,
1782497849.4674,200,181.7678320221603,,
1782497849.4677885,200,183.17459104582667,,
1782497849.6055605,200,229.41514197736979,,
1782497849.6058338,200,229.43645203486085,,
1782497849.6060665,200,230.38438893854618,,
1782497849.6680691,200,250.54473523050547,,
1782497849.6685474,200,250.60037476941943,,
1782497849.6687846,200,252.2287550382316,,
1782497849.6690106,200,255.36854658275843,,
1782497849.669259,200,252.93857092037797,,
1782497849.6694677,200,248.36642015725374,,
1782497849.669894,200,252.5998977944255,,
1782497849.6701977,200,248.86648263782263,,
1782497849.6704187,200,248.2452690601349,,
1782497849.67066,200,248.79023293033242,,
1782497849.6708903,200,250.9092567488551,,
1782497849.6711175,200,250.79833576455712,,
1782497849.6713605,200,252.74324975907803,,
1782497849.671785,200,254.74375300109386,,
1782497849.6729481,200,253.85744590312243,,
1782497849.701429,200,234.41259609535336,,
1782497849.7018914,200,279.3990280479193,,
1782497849.7021286,200,234.65879820287228,,
1782497849.7023692,200,277.4791051633656,,
1782497849.7026098,200,279.03779596090317,,
1782497849.7028434,200,237.6954578794539,,
1782497849.7033474,200,236.56484112143517,,
1782497849.7035723,200,278.3491211012006,,
1782497849.703817,200,284.313031937927,,
1782497849.7040946,200,238.01831994205713,,
1782497849.7043693,200,237.8217289224267,,
1782497849.7045891,200,281.8765752017498,,
1782497849.7048397,200,281.7105036228895,,
1782497849.7050898,200,237.22950462251902,,
1782497849.78381,200,177.6720150373876,,
1782497849.7840698,200,178.16308699548244,,
1782497849.7843938,200,178.7576423957944,,
1782497849.9164941,200,247.88031680509448,,
1782497849.9179628,200,249.11382468417287,,
1782497849.9181938,200,247.4682740867138,,
1782497849.9184535,200,247.03014129772782,,
1782497849.9187026,200,248.7458731047809,,
1782497849.9189582,200,249.43721713498235,,
1782497849.9192004,200,248.25048865750432,,
1782497849.919421,200,247.56988417357206,,
1782497849.9196804,200,250.597455073148,,
1782497849.9200103,200,246.99593987315893,,
1782497849.9205828,200,252.44587706401944,,
1782497849.920876,200,250.38769328966737,,
1782497849.9211202,200,250.86173741146922,,
1782497849.9213607,200,250.17307186499238,,
1782497849.9217994,200,252.48355697840452,,
1782497849.9477236,200,242.5676709972322,,
1782497849.948198,200,243.54221671819687,,
1782497849.949408,200,246.7327588237822,,
1782497849.9498909,200,247.93495703488588,,
1782497849.9503503,200,247.43562284857035,,
1782497849.9505904,200,246.70504871755838,,
1782497849.9508076,200,249.3100669234991,,
1782497849.9510238,200,247.61450523510575,,
1782497849.9515536,200,247.91700718924403,,
1782497849.951875,200,247.44248390197754,,
1782497849.9521291,200,249.9316898174584,,
1782497849.9523728,200,247.46136413887143,,
1782497849.952633,200,248.47466126084328,,
1782497849.9533355,200,250.8986061438918,,
1782497849.9763656,200,192.48314388096333,,
1782497849.9766078,200,192.14502209797502,,
1782497849.9768329,200,192.69363535568118,,
1782497850.1501164,200,232.09317959845066,,
1782497850.1504338,200,229.7792648896575,,
1782497850.187051,200,235.96578743308783,,
1782497850.1873665,200,239.09710813313723,,
1782497850.1876473,200,236.77762178704143,,
1782497850.1878986,200,266.46292209625244,,
1782497850.1881263,200,266.94688526913524,,
1782497850.1883745,200,269.1167499870062,,
1782497850.1888535,200,272.26647082716227,,
1782497850.1895173,200,270.9945519454777,,
1782497850.1897671,200,270.74329974129796,,
1782497850.1900148,200,269.92836501449347,,
1782497850.190247,200,268.3785338886082,,
1782497850.1904726,200,240.05403369665146,,
1782497850.1906984,200,271.9248179346323,,
1782497850.1909683,200,271.4730151928961,,
1782497850.1913912,200,271.6499357484281,,
1782497850.1920745,200,271.12881280481815,,
1782497850.1929693,200,274.7032670304179,,
1782497850.2189705,200,265.5679848976433,,
1782497850.219448,200,266.74531400203705,,
1782497850.2199256,200,268.3038944378495,,
1782497850.2201614,200,267.9639309644699,,
1782497850.2203774,200,267.9322212934494,,
1782497850.220853,200,244.41999290138483,,
1782497850.2210743,200,271.12309308722615,,
1782497850.221313,200,270.66240971907973,,
1782497850.2218084,200,244.90826716646552,,
1782497850.2225492,200,270.60310915112495,,
1782497850.2227857,200,273.31290720030665,,
1782497850.2230291,200,275.23011108860373,,
1782497850.223296,200,246.61685898900032,,
1782497850.3307123,200,180.48703437671065,,
1782497850.3309999,200,180.50333438441157,,
1782497850.3872402,200,196.70333294197917,,
1782497850.3875468,200,196.77913328632712,,
1782497850.388022,200,200.58409916236997,,
1782497850.3882902,200,201.14187290892005,,
1782497850.388525,200,198.9382770843804,,
1782497850.4244697,200,235.55209394544363,,
1782497850.4252157,200,204.77319695055485,,
1782497850.4254434,200,237.00451385229826,,
1782497850.4263935,200,238.19880094379187,,
1782497850.4266381,200,234.49838673695922,,
1782497850.4268615,200,207.8222669661045,,
1782497850.4273202,200,237.48209606856108,,
1782497850.427571,200,207.579106092453,,
1782497850.4278066,200,206.897241063416,,
1782497850.428317,200,240.5993677675724,,
1782497850.4285727,200,238.49453404545784,,
1782497850.429062,200,208.84092431515455,,
1782497850.429303,200,236.266759224236,,
1782497850.4298368,200,208.45663081854582,,
1782497850.4300897,200,206.7188397049904,,
1782497850.4303706,200,210.8518579043448,,
1782497850.4306555,200,239.6249109879136,,
1782497850.4315956,200,241.28380184993148,,
1782497850.4323447,200,211.2011001445353,,
1782497850.432616,200,244.65181538835168,,
1782497850.4331903,200,241.73849588260055,,
1782497850.4499147,200,227.0710370503366,,
1782497850.4503891,200,228.51979592815042,,
1782497850.450899,200,228.28456480056047,,
1782497850.4511387,200,228.04282326251268,,
1782497850.4690177,200,137.9571883007884,,
1782497850.4692605,200,138.45766056329012,,
1782497850.5649118,200,176.32252490147948,,
1782497850.5651577,200,176.80022912099957,,
1782497850.5653882,200,177.28916089981794,,
1782497850.5657113,200,178.10318805277348,,
1782497850.5659745,200,178.6318807862699,,
1782497850.617927,200,192.40788416936994,,
1782497850.6181939,200,192.92019680142403,,
1782497850.661432,200,228.7482782267034,,
1782497850.6627119,200,235.07376108318567,,
1782497850.6629977,200,236.53571074828506,,
1782497850.6633208,200,231.65270825847983,,
1782497850.663551,200,234.9184788763523,,
1782497850.6638083,200,230.56031996384263,,
1782497850.664018,200,233.86870324611664,,
1782497850.6652308,200,214.78093415498734,,
1782497850.666281,200,216.2983538582921,,
1782497850.666611,200,215.40109813213348,,
1782497850.6669014,200,234.48355728760362,,
1782497850.66737,200,239.494479727,,
1782497850.6679928,200,238.86370565742254,,
1782497850.6682198,200,241.29592208191752,,
1782497850.668482,200,238.58536360785365,,
1782497850.6687942,200,238.0693508312106,,
1782497850.6690807,200,240.6908292323351,,
1782497850.669597,200,240.22337514907122,,
1782497850.67017,200,239.7329220548272,,
1782497850.6704307,200,243.72910894453526,,
1782497850.6708257,200,201.4996139332652,,
1782497850.6713543,200,220.39158176630735,,
1782497850.6718054,200,244.414403103292,,
1782497850.6726456,200,203.55716906487942,,
1782497850.6730003,200,248.44708992168307,,
1782497850.7019348,200,136.7122703231871,,
1782497850.702419,200,137.43984419852495,,
1782497850.7026865,200,136.63620874285698,,
1782497850.7032423,200,137.78855605050921,,
1782497850.7036293,200,137.8504172898829,,
1782497850.7953203,200,177.32493206858635,,
1782497850.7955873,200,177.33261175453663,,
1782497850.8892443,200,221.80232079699636,,
1782497850.9298553,200,262.89038779214025,,
1782497850.9305766,200,266.96066511794925,,
1782497850.9310074,200,264.3076768144965,,
1782497850.9312756,200,259.38810408115387,,
1782497850.9314914,200,261.25368708744645,,
1782497850.9320962,200,263.806174043566,,
1782497850.932312,200,261.8093700148165,,
1782497850.9325702,200,266.2120400927961,,
1782497850.9329827,200,267.67562003806233,,
1782497850.9332583,200,271.724637132138,,
1782497850.9335291,200,270.7360712811351,,
1782497850.9344137,200,265.8461481332779,,
1782497850.9351327,200,271.75023732706904,,
1782497850.9358966,200,271.8186769634485,,
1782497850.936139,200,267.2622371464968,,
1782497850.9363687,200,268.3151140809059,,
1782497850.9366016,200,267.45941769331694,,
1782497850.9368482,200,267.1877262182534,,
1782497850.9373965,200,266.50601206347346,,
1782497850.9376342,200,274.54551588743925,,
1782497850.9382565,200,266.81835390627384,,
1782497850.9385703,200,274.7041159309447,,
1782497850.966877,200,264.3808079883456,,
1782497850.9676368,200,265.6382559798658,,
1782497850.967883,200,294.81493262574077,,
1782497850.9681451,200,264.4477980211377,,
1782497850.9684584,200,265.7064963132143,,
1782497850.9687014,200,295.9740897640586,,
1782497850.9692187,200,265.90738724917173,,
1782497850.975213,200,179.568056948483,,
1782497850.975478,200,180.07007101550698,,
1782497851.023374,200,134.04417177662253,,
1782497851.1533067,200,218.07454572990537,,
1782497851.1535454,200,220.91961605474353,,
1782497851.1537688,200,223.82745472714305,,
1782497851.1542602,200,222.71156823262572,,
1782497851.1544945,200,221.16437694057822,,
1782497851.1547127,200,222.34405484050512,,
1782497851.191692,200,255.48946717754006,,
1782497851.193776,200,260.73595276102424,,
1782497851.1940172,200,227.05531679093838,,
1782497851.1942565,200,218.98098196834326,,
1782497851.1947072,200,261.1175859346986,,
1782497851.1949291,200,262.77421694248915,,
1782497851.195149,200,258.49316734820604,,
1782497851.1953514,200,257.90226366370916,,
1782497851.1955528,200,220.01214884221554,,
1782497851.1957693,200,264.43487824872136,,
1782497851.196173,200,227.96028200536966,,
1782497851.1966302,200,258.92974017187953,,
1782497851.1971834,200,228.65366656333208,,
1782497851.197408,200,259.082792326808,,
1782497851.1979327,200,259.30075254291296,,
1782497851.1981618,200,263.67847295477986,,
1782497851.19859,200,229.81855599209666,,
1782497851.1994562,200,268.3769636787474,,
1782497851.1997254,200,231.77663795650005,,
1782497851.2000387,200,230.75279081240296,,
1782497851.200432,200,264.00098484009504,,
1782497851.2010646,200,270.4233778640628,,
1782497851.2013056,200,265.3331537730992,,
1782497851.2021883,200,265.2841340750456,,
1782497851.2025614,200,234.85690914094448,,
1782497851.2197878,200,196.3493600487709,,
1782497851.3293068,200,175.9326420724392,,
1782497851.330213,200,175.8885933086276,,
1782497851.3304915,200,176.88276898115873,,
1782497851.330725,200,176.17032397538424,,
1782497851.3309708,200,176.18915485218167,,
1782497851.3312404,200,177.4039319716394,,
1782497851.3805456,200,182.32024600729346,,
1782497851.425029,200,223.89708505943418,,
1782497851.425476,200,228.78717817366123,,
1782497851.425738,200,225.249154958874,,
1782497851.426181,200,227.51847002655268,,
1782497851.4264245,200,232.1055899374187,,
1782497851.4266446,200,232.80290514230728,,
1782497851.4268725,200,235.11503031477332,,
1782497851.4271247,200,225.75937770307064,,
1782497851.4273424,200,227.54605021327734,,
1782497851.4275615,200,232.1569207124412,,
1782497851.4279997,200,231.7638681270182,,
1782497851.4285252,200,228.41826593503356,,
1782497851.4287672,200,226.514243055135,,
1782497851.4293036,200,229.78292498737574,,
1782497851.4295743,200,226.93171631544828,,
1782497851.4298072,200,232.560683041811,,
1782497851.4315329,200,236.32661905139685,,
1782497851.4318569,200,212.00347505509853,,
1782497851.4321067,200,234.1070743277669,,
1782497851.4327705,200,236.94713320583105,,
1782497851.4330432,200,238.05381078273058,,
1782497851.4332774,200,237.66514705494046,,
1782497851.4335816,200,239.4973011687398,,
1782497851.4339004,200,236.4160898141563,,
1782497851.4347577,200,239.9881426244974,,
1782497851.4683251,200,137.76560593396425,,
1782497851.4687855,200,138.5037312284112,,
1782497851.4690301,200,137.99363793805242,,
1782497851.4692788,200,138.49203195422888,,
1782497851.4695163,200,138.20450892671943,,
1782497851.469735,200,140.35271434113383,,
1782497851.5570703,200,176.4605171047151,,
1782497851.65177,200,220.17064969986677,,
1782497851.6899354,200,263.44728097319603,,
1782497851.6901808,200,261.3515770062804,,
1782497851.6904,200,261.80799026042223,,
1782497851.6906018,200,262.97893887385726,,
1782497851.69085,200,261.21065579354763,,
1782497851.6911042,200,261.2276757135987,,
1782497851.6913486,200,261.97171164676547,,
1782497851.6918314,200,266.28572028130293,,
1782497851.6920784,200,264.67533921822906,,
1782497851.6923096,200,266.5078919380903,,
1782497851.69253,200,267.43474788963795,,
1782497851.6927407,200,265.55589493364096,,
1782497851.6929486,200,266.2403197027743,,
1782497851.6931388,200,265.0572219863534,,
1782497851.6933386,200,267.0889860019088,,
1782497851.6940331,200,267.0961059629917,,
1782497851.7215908,200,287.6227740198374,,
1782497851.7240455,200,291.2107273004949,,
1782497851.7249045,200,292.973879724741,,
1782497851.7251477,200,256.0555920936167,,
1782497851.725414,200,256.56066508963704,,
1782497851.7256546,200,292.000993154943,,
1782497851.72588,200,256.3001629896462,,
1782497851.7261062,200,256.3076731748879,,
1782497851.7263277,200,294.1572079434991,,
1782497851.7265885,200,293.4789531864226,,
1782497851.7268043,200,258.4038469940424,,
1782497851.727195,200,257.8526739962399,,
1782497851.7275765,200,294.2413380369544,,
1782497851.7278852,200,293.05821005254984,,
1782497851.748742,200,191.6083376854658,,
1782497851.8285115,200,176.66090792044997,,
1782497851.926615,200,235.19938113167882,,
1782497851.9273257,200,236.87316197901964,,
1782497851.9275715,200,235.427962616086,,
1782497851.9278474,200,235.95394706353545,,
1782497851.9283848,200,235.38399208337069,,
1782497851.9286005,200,234.50764687731862,,
1782497851.9288316,200,238.15801087766886,,
1782497851.9570565,200,265.8823076635599,,
1782497851.958,200,231.35388502851129,,
1782497851.9584322,200,265.6331262551248,,
1782497851.958678,200,232.7355551533401,,
1782497851.958923,200,268.0066619068384,,
1782497851.9591768,200,269.16606863960624,,
1782497851.9594,200,266.2078901194036,,
1782497851.9596336,200,269.39168106764555,,
1782497851.9602342,200,267.8610607981682,,
1782497851.9606297,200,268.0404824204743,,
1782497851.9612997,200,267.8884109482169,,
1782497851.9875438,200,265.8842680975795,,
1782497851.9878078,200,259.8529770039022,,
1782497851.988037,200,263.0648179911077,,
1782497851.988296,200,264.1832660883665,,
1782497851.9885516,200,263.0697591230273,,
1782497851.9888067,200,261.15540508180857,,
1782497851.9890497,200,262.1821630746126,,
1782497851.989305,200,240.50096701830626,,
1782497851.9895298,200,264.31636698544025,,
1782497851.9897664,200,262.47940491884947,,
1782497851.9899824,200,263.81424302235246,,
1782497851.9902074,200,264.4894481636584,,
1782497851.9904127,200,264.0219749882817,,
1782497852.0102656,200,181.668802164495,,
1782497852.1435313,200,216.135093010962,,
1782497852.1438417,200,214.94153514504433,,
1782497852.1440902,200,216.45040530711412,,
1782497852.1445665,200,215.89217195287347,,
1782497852.1451044,200,218.4157078154385,,
1782497852.1453397,200,216.8918182142079,,
1782497852.1456232,200,217.70297409966588,,
1782497852.2409847,200,282.4826491996646,,
1782497852.2412424,200,280.94794880598783,,
1782497852.2414887,200,280.78709822148085,,
1782497852.2417085,200,284.58493389189243,,
1782497852.241931,200,282.6933702453971,,
1782497852.2421603,200,282.4628590606153,,
1782497852.2423832,200,284.3183809891343,,
1782497852.2425957,200,281.2288710847497,,
1782497852.2428617,200,284.11627002060413,,
1782497852.2431188,200,284.1278798878193,,
1782497852.2433548,200,283.88965921476483,,
1782497852.2714233,200,280.94256902113557,,
1782497852.2717304,200,261.38655794784427,,
1782497852.2719424,200,281.896835193038,,
1782497852.272148,200,284.5202931202948,,
1782497852.2723448,200,283.22999458760023,,
1782497852.2726226,200,284.5110632479191,,
1782497852.2730925,200,284.4668230973184,,
1782497852.2734275,200,285.06037686020136,,
1782497852.2742746,200,284.00838002562523,,
1782497852.2751255,200,286.24981408938766,,
1782497852.2756414,200,286.2745048478246,,
1782497852.27603,200,288.1599669344723,,
1782497852.2762723,200,286.67283710092306,,
1782497852.2765174,200,286.6913680918515,,
1782497852.3633618,200,219.44881603121758,,
1782497852.363846,200,218.66997005417943,,
1782497852.3641033,200,220.48435267060995,,
1782497852.3643596,200,218.67119008675218,,
1782497852.364608,200,219.9685089290142,,
1782497852.364962,200,220.80701403319836,,
1782497852.3652344,200,219.8238978162408,,
1782497852.53079,200,289.73074816167355,,
1782497852.5310621,200,289.29074481129646,,
1782497852.5313365,200,288.89538208022714,,
1782497852.5315778,200,289.5836569368839,,
1782497852.5318303,200,288.8960116542876,,
1782497852.53212,200,290.5622231774032,,
1782497852.532374,200,290.1499308645725,,
1782497852.5326087,200,289.42482592538,,
1782497852.5328698,200,290.20537063479424,,
1782497852.5331235,200,289.7005178965628,,
1782497852.5334125,200,292.10177389904857,,
1782497852.5589054,200,282.5660491362214,,
1782497852.5610173,200,287.50647278502584,,
1782497852.561461,200,284.8809356801212,,
1782497852.5616825,200,285.5792799964547,,
1782497852.562137,200,290.13842111453414,,
1782497852.56238,200,290.18205124884844,,
1782497852.5628245,200,288.4741900488734,,
1782497852.5631466,200,291.63702111691236,,
1782497852.563687,200,288.4922488592565,,
1782497852.5642073,200,291.53163032606244,,
1782497852.56447,200,288.7585717253387,,
1782497852.564761,200,291.6194209828973,,
1782497852.5649917,200,293.2045911438763,,
1782497852.5654118,200,292.9835398681462,,
1782497852.5880878,200,222.78042789548635,,
1782497852.5887563,200,223.72802393510938,,
1782497852.588998,200,225.56192707270384,,
1782497852.5892472,200,225.3290950320661,,
1782497852.589483,200,224.80560187250376,,
1782497852.5897233,200,225.54854676127434,,
1782497852.5900376,200,225.60657700523734,,
1782497852.7524295,200,221.55150910839438,,
1782497852.752725,200,220.28051083907485,,
1782497852.7850273,200,253.88118717819452,,
1782497852.7855103,200,253.86730674654245,,
1782497852.7857645,200,254.36040107160807,,
1782497852.7862387,200,253.55426501482725,,
1782497852.786505,200,253.02389217540622,,
1782497852.78676,200,253.81614593788981,,
1782497852.7870343,200,253.84380714967847,,
1782497852.787279,200,255.08689507842064,,
1782497852.7875538,200,255.65133895725012,,
1782497852.819577,200,231.42188601195812,,
1782497852.8226867,200,257.2048190049827,,
1782497852.8231769,200,258.11407482251525,,
1782497852.823416,200,261.8971411138773,,
1782497852.823657,200,234.1061537154019,,
1782497852.824151,200,263.06783920153975,,
1782497852.8243804,200,261.17789605632424,,
1782497852.8248167,200,235.02494022250175,,
1782497852.8250587,200,263.30411108210683,,
1782497852.8257024,200,263.49799055606127,,
1782497852.8259246,200,263.4815122000873,,
1782497852.8261657,200,267.19788601621985,,
1782497852.8264353,200,261.6082392632961,,
1782497852.826663,200,237.3492456972599,,
1782497852.8268929,200,236.79273203015327,,
1782497852.8273928,200,263.1083889864385,,
1782497852.827648,200,263.10635916888714,,
1782497852.82791,200,238.84865595027804,,
1782497852.8288107,200,265.9023576416075,,
1782497852.829062,200,265.3015139512718,,
1782497852.8298638,200,241.03987123817205,,
1782497852.8904119,200,137.88812700659037,,
1782497852.8906476,200,137.84610712900758,,
1782497852.9621537,200,175.58667995035648,,
1782497852.9623911,200,175.5588697269559,,
1782497852.9626355,200,177.05537099391222,,
1782497852.9628737,200,177.76640504598618,,
1782497852.9633365,200,175.9850326925516,,
1782497852.963616,200,175.99569261074066,,
1782497852.9638405,200,178.01777739077806,,
1782497852.9881709,200,201.05069130659103,,
1782497852.9884467,200,202.14235922321677,,
1782497853.0560372,200,232.55470395088196,,
1782497853.0563078,200,231.18307394906878,,
1782497853.0952308,200,266.34208112955093,,
1782497853.0954719,200,268.52326607331634,,
1782497853.0957127,200,269.2141397856176,,
1782497853.0966074,200,270.3797467984259,,
1782497853.0968287,200,270.84781136363745,,
1782497853.097067,200,272.1815803088248,,
1782497853.0972962,200,269.586272072047,,
1782497853.0975132,200,270.7851608283818,,
1782497853.0979648,200,269.98518593609333,,
1782497853.0982025,200,273.7633199431002,,
1782497853.099152,200,269.22288117930293,,
1782497853.0993872,200,276.1437362059951,,
1782497853.0996234,200,270.49207920208573,,
1782497853.0998592,200,280.2181141451001,,
1782497853.1001003,200,276.3717882335186,,
1782497853.100633,200,276.41955809667706,,
1782497853.1009572,200,275.1949508674443,,
1782497853.1012506,200,278.49517296999693,,
1782497853.1020453,200,274.58429615944624,,
1782497853.1229749,200,232.2560022585094,,
1782497853.1232896,200,232.81225468963385,,
1782497853.1477606,200,184.82327181845903,,
1782497853.147999,200,185.29749615117908,,
1782497853.1482372,200,184.5516311004758,,
1782497853.1484797,200,186.0193102620542,,
1782497853.1487978,200,185.3902363218367,,
1782497853.149017,200,185.10718503966928,,
1782497853.1492302,200,187.0104968547821,,
1782497853.2112408,200,222.99074893817306,,
1782497853.2115242,200,223.01355889067054,,
1782497853.2801034,200,223.99907605722547,,
1782497853.2803688,200,223.9925959147513,,
1782497853.345575,200,244.554053992033,,
1782497853.345825,200,249.15536539629102,,
1782497853.3460686,200,249.1747559979558,,
1782497853.3463109,200,248.73596196994185,,
1782497853.3465216,200,247.30431335046887,,
1782497853.3467386,200,249.6073581278324,,
1782497853.346969,200,247.27907311171293,,
1782497853.3472137,200,247.04207107424736,,
1782497853.3477287,200,251.95232406258583,,
1782497853.3479962,200,249.96433081105351,,
1782497853.3482254,200,250.8692368865013,,
1782497853.34872,200,253.42208286747336,,
1782497853.3492718,200,253.73241631314158,,
1782497853.3499136,200,251.64902117103338,,
1782497853.37688,200,276.1787371709943,,
1782497853.3775592,200,228.6926368251443,,
1782497853.3788986,200,229.60121324285865,,
1782497853.3793573,200,279.4322478584945,,
1782497853.3796105,200,230.52818002179265,,
1782497853.3798478,200,256.4921248704195,,
1782497853.3800817,200,280.6290457956493,,
1782497853.3803327,200,279.0133459493518,,
1782497853.3805847,200,232.760445214808,,
1782497853.3808134,200,257.77070270851254,,
1782497853.3810432,200,232.49407298862934,,
1782497853.3812811,200,279.16770661249757,,
1782497853.3816016,200,233.2967179827392,,
1782497853.3821042,200,234.03717391192913,,
1782497853.400476,200,189.16920060291886,,
1782497853.4007344,200,189.1446616500616,,
1782497853.4626799,200,182.51040671020746,,
1782497853.4629102,200,182.47374705970287,,
1782497853.5969424,200,216.06335183605552,,
1782497853.5971909,200,247.2116220742464,,
1782497853.597435,200,250.15087192878127,,
1782497853.5976796,200,251.09818764030933,,
1782497853.5979152,200,252.02269479632378,,
1782497853.5981495,200,252.01295409351587,,
1782497853.5983748,200,249.5824578218162,,
1782497853.5986054,200,250.54562417790294,,
1782497853.5991228,200,250.8352161385119,,
1782497853.5996628,200,252.8597298078239,,
1782497853.6001933,200,253.81754618138075,,
1782497853.6004522,200,251.11306831240654,,
1782497853.6007454,200,255.10063488036394,,
1782497853.6012456,200,254.2124493047595,,
1782497853.601624,200,253.8282573223114,,
1782497853.626077,200,225.53567588329315,,
1782497853.62903,200,248.3807997778058,,
1782497853.6292744,200,228.47577603533864,,
1782497853.62951,200,248.1647077947855,,
1782497853.629751,200,250.32598292455077,,
1782497853.6299918,200,248.32409899681807,,
1782497853.6302197,200,253.27494321390986,,
1782497853.6304545,200,252.82895006239414,,
1782497853.6306813,200,250.76704612001777,,
1782497853.631165,200,251.0225772857666,,
1782497853.631391,200,252.42742709815502,,
1782497853.6316292,200,251.2291888706386,,
1782497853.6321542,200,251.0431781411171,,
1782497853.632474,200,250.3019329160452,,
1782497853.6328926,200,253.21589224040508,,
1782497853.6540346,200,191.05590414255857,,
1782497853.6542938,200,191.55057799071074,,
1782497853.8438513,200,242.1573782339692,,
1782497853.8460298,200,246.84116011485457,,
1782497853.8464963,200,249.4819271378219,,
1782497853.8467455,200,248.07903775945306,,
1782497853.846986,200,247.2621421329677,,
1782497853.8472192,200,246.4031670242548,,
1782497853.8474486,200,250.19041216000915,,
1782497853.8479266,200,247.66560504212976,,
1782497853.848521,200,250.07933238521218,,
1782497853.8487709,200,251.26739870756865,,
1782497853.8490386,200,250.8256956934929,,
1782497853.849576,200,251.59539189189672,,
1782497853.8503113,200,252.56446842104197,,
1782497853.8506913,200,249.3804362602532,,
1782497853.8518233,200,251.30484998226166,,
1782497853.8763812,200,246.32634595036507,,
1782497853.878937,200,224.57620035856962,,
1782497853.879425,200,249.60566777735949,,
1782497853.8798847,200,250.30592316761613,,
1782497853.8801277,200,248.43209981918335,,
1782497853.8803558,200,248.89813410118222,,
1782497853.8805969,200,250.30902307480574,,
1782497853.8808248,200,251.72768300399184,,
1782497853.8810465,200,254.90866275504231,,
1782497853.8812838,200,250.54027419537306,,
1782497853.881516,200,250.99920807406306,,
1782497853.882359,200,228.25911408290267,,
1782497853.8828654,200,251.6371221281588,,
1782497853.88327,200,251.0480978526175,,
1782497853.8836064,200,250.65033603459597,,
1782497853.883894,200,251.347070094198,,
1782497853.8844578,200,255.1177549175918,,
1782497854.0732603,200,225.26150476187468,,
1782497854.1080425,200,260.75684279203415,,
1782497854.1110384,200,260.6606329791248,,
1782497854.1113203,200,262.47797533869743,,
1782497854.111574,200,265.4849146492779,,
1782497854.1118195,200,265.25298273190856,,
1782497854.1120636,200,260.1740397512913,,
1782497854.1123056,200,263.7139530852437,,
1782497854.1125288,200,265.01634204760194,,
1782497854.1127694,200,262.0105207897723,,
1782497854.1129878,200,263.87974387034774,,
1782497854.1132045,200,266.3925411179662,,
1782497854.113709,200,266.66249288246036,,
1782497854.113983,200,270.0569052249193,,
1782497854.1142635,200,264.6154286339879,,
1782497854.141987,200,259.5601547509432,,
1782497854.143556,200,263.3634703233838,,
1782497854.1438017,200,263.3785312063992,,
1782497854.1440482,200,260.7110030949116,,
1782497854.1442895,200,262.94163800776005,,
1782497854.1445277,200,262.9478983581066,,
1782497854.1447833,200,260.2613498456776,,
1782497854.1450188,200,265.5251449905336,,
1782497854.1452458,200,265.2932438068092,,
1782497854.1454637,200,264.35412699356675,,
1782497854.145983,200,265.09629329666495,,
1782497854.146203,200,262.244472745806,,
1782497854.1464272,200,267.42300763726234,,
1782497854.1466649,200,270.2215467579663,,
1782497854.147041,200,263.3653311058879,,
1782497854.1477945,200,267.1347460709512,,
1782497854.1487143,200,265.7714569941163,,
1782497854.2930913,200,219.73997820168734,,
1782497854.3565242,200,244.88037591800094,,
1782497854.3576944,200,245.32824894413352,,
1782497854.3579547,200,246.8294301070273,,
1782497854.3582168,200,244.1714908927679,,
1782497854.358446,200,245.8476829342544,,
1782497854.3586864,200,250.55190501734614,,
1782497854.3589327,200,246.10105389729142,,
1782497854.3591664,200,246.1170251481235,,
1782497854.35939,200,245.61975058168173,,
1782497854.3597248,200,247.837136965245,,
1782497854.3602588,200,245.92712288722396,,
1782497854.3608131,200,248.6815918236971,,
1782497854.389345,200,242.84843308851123,,
1782497854.390054,200,278.66234397515655,,
1782497854.3902903,200,244.02461107820272,,
1782497854.390513,200,245.92283414676785,,
1782497854.3912203,200,247.34903313219547,,
1782497854.3914576,200,247.34298279508948,,
1782497854.3923264,200,243.54735808447003,,
1782497854.3925622,200,246.5191171504557,,
1782497854.3930573,200,248.7009516917169,,
1782497854.39334,200,248.2580291107297,,
1782497854.3936026,200,280.33556416630745,,
1782497854.39384,200,247.1109009347856,,
1782497854.3940682,200,246.94430083036423,,
1782497854.3943017,200,252.24389601498842,,
1782497854.3945558,200,250.93284668400884,,
1782497854.394897,200,247.03478114679456,,
1782497854.3954368,200,250.58719469234347,,
1782497854.3961966,200,250.88944705203176,,
1782497854.3967724,200,251.23983900994062,,
1782497854.4836638,200,190.49350125715137,,
1782497854.61492,200,254.59561124444008,,
1782497854.615701,200,257.42084067314863,,
1782497854.615932,200,256.4778639934957,,
1782497854.6166935,200,255.80962980166078,,
1782497854.6171687,200,258.1724049523473,,
1782497854.6176462,200,259.6151060424745,,
1782497854.6179218,200,259.16596269235015,,
1782497854.6181662,200,260.40199073031545,,
1782497854.618395,200,259.16699320077896,,
1782497854.6186385,200,260.1254191249609,,
1782497854.6189744,200,259.1846431605518,,
1782497854.6192358,200,262.6367649063468,,
1782497854.6484876,200,257.90521409362555,,
1782497854.6489577,200,254.58948127925396,,
1782497854.6494231,200,260.01173816621304,,
1782497854.6496708,200,255.04989502951503,,
1782497854.6499164,200,256.7927371710539,,
1782497854.6503825,200,256.9660576991737,,
1782497854.6508567,200,254.01689810678363,,
1782497854.6511233,200,256.15922221913934,,
1782497854.6518536,200,257.94663513079286,,
1782497854.6524165,200,262.0637211948633,,
1782497854.6526556,200,261.13466592505574,,
1782497854.6528757,200,260.2542098611593,,
1782497854.6533866,200,257.8879641368985,,
1782497854.65387,200,260.1989288814366,,
1782497854.6541297,200,262.8417667001486,,
1782497854.6543589,200,261.9676417671144,,
1782497854.6546204,200,264.4995581358671,,
1782497854.6548712,200,258.6001888848841,,
1782497854.6559842,200,261.85232028365135,,
1782497854.6706254,200,186.88774714246392,,
1782497854.8684978,200,250.50306413322687,,
1782497854.8688037,200,253.8127559237182,,
1782497854.8690746,200,253.06860078126192,,
1782497854.8693225,200,252.56543792784214,,
1782497854.8695517,200,250.24706218391657,,
1782497854.870013,200,252.77684908360243,,
1782497854.8705797,200,252.861259970814,,
1782497854.8708308,200,255.0680050626397,,
1782497854.8710787,200,252.6200688444078,,
1782497854.8713112,200,252.6107681915164,,
1782497854.8715322,200,252.48175812885165,,
1782497854.8723433,200,254.1128476150334,,
1782497854.9022412,200,249.2983159609139,,
1782497854.9038591,200,255.30067598447204,,
1782497854.904107,200,252.9198108240962,,
1782497854.9045706,200,250.37365406751633,,
1782497854.905232,200,251.77748315036297,,
1782497854.9054751,200,251.05109764263034,,
1782497854.9057066,200,252.9918309301138,,
1782497854.9059513,200,255.96659118309617,,
1782497854.9061759,200,251.4874110929668,,
1782497854.9063787,200,235.69101514294744,,
1782497854.906848,200,252.91350996121764,,
1782497854.9070876,200,256.16185273975134,,
1782497854.907417,200,256.9720381870866,,
1782497854.9076443,200,251.59179093316197,,
1782497854.907888,200,258.8675497099757,,
1782497854.9081383,200,255.65649941563606,,
1782497854.9084523,200,258.9591112919152,,
1782497854.908864,200,259.1238231398165,,
1782497854.9090886,200,257.17194890603423,,
1782497854.9093795,200,254.44578099995852,,
1782497855.0843556,200,215.21009597927332,,
1782497855.1185355,200,246.93940998986363,,
1782497855.1209426,200,250.29293214902282,,
1782497855.1214178,200,252.03082477673888,,
1782497855.121655,200,249.24728507176042,,
1782497855.1218755,200,250.7206159643829,,
1782497855.1221333,200,253.54126375168562,,
1782497855.122376,200,253.49793396890163,,
1782497855.1226964,200,252.61541781947017,,
1782497855.122917,200,253.3017727546394,,
1782497855.123191,200,251.8178429454565,,
1782497855.1234903,200,252.5949291884899,,
1782497855.1506557,200,241.2047809921205,,
1782497855.151809,200,247.17787187546492,,
1782497855.153672,200,249.74356964230537,,
1782497855.1539083,200,245.70094188675284,,
1782497855.1541367,200,245.19842909649014,,
1782497855.154628,200,246.67800916358829,,
1782497855.1548579,200,248.41015972197056,,
1782497855.1551135,200,246.59426789730787,,
1782497855.155362,200,253.0542709864676,,
1782497855.1563194,200,250.3046030178666,,
1782497855.1566174,200,248.90192318707705,,
1782497855.1571183,200,247.96369671821594,,
1782497855.1573868,200,251.84764293953776,,
1782497855.1578965,200,250.73569593951106,,
1782497855.1581173,200,250.63956482335925,,
1782497855.15836,200,252.12965486571193,,
1782497855.1587105,200,251.79679226130247,,
1782497855.1589835,200,253.68412490934134,,
1782497855.1597035,200,255.5296579375863,,
1782497855.160276,200,254.50134091079235,,
1782497855.2988734,200,214.45193234831095,,
1782497855.3608718,200,237.31394624337554,,
1782497855.3627048,200,240.76152918860316,,
1782497855.3629446,200,240.17737479880452,,
1782497855.363635,200,245.0263467617333,,
1782497855.363875,200,242.15830815955997,,
1782497855.3641407,200,241.1497221328318,,
1782497855.3643715,200,241.93323589861393,,
1782497855.3648806,200,241.6275148279965,,
1782497855.365124,200,242.9223731160164,,
1782497855.3653936,200,244.3769727833569,,
1782497855.365639,200,244.1565915942192,,
1782497855.4032063,200,245.24764902889729,,
1782497855.403448,200,248.75721288844943,,
1782497855.4036856,200,243.34024637937546,,
1782497855.4041402,200,247.45541298761964,,
1782497855.4043794,200,252.5046681985259,,
1782497855.4046001,200,250.6303652189672,,
1782497855.404824,200,251.0867277160287,,
1782497855.4052832,200,246.85790995135903,,
1782497855.40675,200,249.29189588874578,,
1782497855.4069855,200,248.21152910590172,,
1782497855.407496,200,247.7204450406134,,
1782497855.4077249,200,253.52190481498837,,
1782497855.4079628,200,250.77976612374187,,
1782497855.4082038,200,249.16070513427258,,
1782497855.4084508,200,253.0247806571424,,
1782497855.4086936,200,257.9743843525648,,
1782497855.4089532,200,253.76820610836148,,
1782497855.409226,200,254.29929001256824,,
1782497855.409637,200,253.25058214366436,,
1782497855.411038,200,252.85160029307008,,
1782497855.477816,200,178.87445306405425,,
1782497855.5735526,200,212.61426899582148,,
1782497855.6074731,200,242.28431889787316,,
1782497855.6077158,200,242.25057940930128,,
1782497855.6079602,200,242.25321877747774,,
1782497855.6081924,200,244.25163213163614,,
1782497855.6084232,200,245.41504960507154,,
1782497855.6086597,200,244.22459211200476,,
1782497855.6088784,200,244.67176478356123,,
1782497855.609104,200,244.16061118245125,,
1782497855.6093256,200,246.5551383793354,,
1782497855.609536,200,245.83424162119627,,
1782497855.644476,200,236.45028891041875,,
1782497855.6447146,200,237.89849039167166,,
1782497855.6449544,200,236.43617006018758,,
1782497855.6458378,200,242.56308982148767,,
1782497855.6460655,200,237.30439506471157,,
1782497855.6463034,200,239.25573891028762,,
1782497855.6465244,200,237.50588716939092,,
1782497855.646972,200,242.07809707149863,,
1782497855.6472785,200,241.92322604358196,,
1782497855.6474955,200,236.3824900239706,,
1782497855.647823,200,244.3096828646958,,
1782497855.648059,200,243.61865827813745,,
1782497855.6483195,200,240.0557640939951,,
1782497855.6485596,200,243.89816028997302,,
1782497855.64907,200,239.36717910692096,,
1782497855.6493242,200,245.57030107825994,,
1782497855.6495526,200,241.7605249211192,,
1782497855.6497846,200,242.22501879557967,,
1782497855.6500247,200,240.7308593392372,,
1782497855.6509678,200,246.76040885969996,,
1782497855.6652048,200,187.32375977560878,,
1782497855.7898495,200,216.23272402212024,,
1782497855.8191156,200,211.329760029912,,
1782497855.8194153,200,211.87389409169555,,
1782497855.851166,200,241.99877679347992,,
1782497855.851413,200,243.3860069140792,,
1782497855.8516474,200,242.92772309854627,,
1782497855.851865,200,243.37455723434687,,
1782497855.8520937,200,242.70820198580623,,
1782497855.8523128,200,242.7139519713819,,
1782497855.852551,200,243.60771803185344,,
1782497855.8527718,200,244.51204389333725,,
1782497855.8871784,200,240.8134490251541,,
1782497855.8890371,200,240.91495014727116,,
1782497855.8892832,200,244.74230501800776,,
1782497855.889933,200,240.8011290244758,,
1782497855.890187,200,242.29538906365633,,
1782497855.8904192,200,240.33167585730553,,
1782497855.8906615,200,242.27216793224216,,
1782497855.8908873,200,243.54950711131096,,
1782497855.8911078,200,241.49007303640246,,
1782497855.8915927,200,245.46118127182126,,
1782497855.8918555,200,242.46538989245892,,
1782497855.892628,200,246.7282791621983,,
1782497855.8929117,200,244.28449291735888,,
1782497855.893147,200,243.29394614323974,,
1782497855.8933904,200,245.8273726515472,,
1782497855.8936563,200,242.61648207902908,,
1782497855.8938997,200,246.86031881719828,,
1782497855.8948689,200,248.2818397693336,,
1782497855.8952277,200,250.20627211779356,,
1782497855.895477,200,230.21079786121845,,
1782497855.895728,200,250.94697764143348,,
1782497856.00795,200,218.0257858708501,,
1782497856.0370708,200,217.87556493654847,,
1782497856.03732,200,217.83088380470872,,
1782497856.0685003,200,215.66645009443164,,
1782497856.068731,200,216.57577576115727,,
1782497856.0689716,200,217.49235223978758,,
1782497856.0691905,200,217.48229209333658,,
1782497856.0696628,200,218.42887904495,,
1782497856.0698726,200,217.94380526989698,,
1782497856.0700955,200,217.4794622696936,,
1782497856.0703824,200,218.00142619758844,,
1782497856.1019983,200,211.74548286944628,,
1782497856.105254,200,211.7965640500188,,
1782497856.1054895,200,214.54161265864968,,
1782497856.1057327,200,212.00640499591827,,
1782497856.1064005,200,213.42654526233673,,
1782497856.1066387,200,210.84335818886757,,
1782497856.1070862,200,211.7856638506055,,
1782497856.1073287,200,213.36613409221172,,
1782497856.107592,200,217.59211318567395,,
1782497856.107879,200,220.6346639432013,,
1782497856.1081486,200,214.93196533992887,,
1782497856.1083887,200,216.46579494699836,,
1782497856.1086257,200,219.5248962379992,,
1782497856.1088874,200,217.23012067377567,,
1782497856.1091187,200,218.63065008074045,,
1782497856.109342,200,213.79347797483206,,
1782497856.1104224,200,219.25264410674572,,
1782497856.1108778,200,221.52890916913748,,
1782497856.1113083,200,220.58372339233756,,
1782497856.1118083,200,219.10993289202452,,
1782497856.112871,200,217.93956542387605,,
1782497856.2267249,200,218.7090809457004,,
1782497856.2560062,200,218.61483994871378,,
1782497856.2563055,200,219.16451398283243,,
1782497856.2873175,200,218.75274972990155,,
1782497856.2875633,200,217.11286017671227,,
1782497856.2878225,200,218.5757397674024,,
1782497856.2880387,200,218.3119780384004,,
1782497856.2885907,200,219.55778589472175,,
1782497856.2888155,200,218.88070087879896,,
1782497856.289036,200,218.8727119937539,,
1782497856.2893054,200,220.5047132447362,,
1782497856.3212595,200,213.3137541823089,,
1782497856.321522,200,208.58283201232553,,
1782497856.3247764,200,222.7141670882702,,
1782497856.3249967,200,216.30738489329815,,
1782497856.3252072,200,216.9903488829732,,
1782497856.3256621,200,214.29112134501338,,
1782497856.3261497,200,214.27292982116342,,
1782497856.3264244,200,220.86673509329557,,
1782497856.326872,200,218.41598814353347,,
1782497856.3271275,200,216.18515392765403,,
1782497856.3274066,200,216.92475909367204,,
1782497856.3276484,200,218.69933977723122,,
1782497856.3279254,200,221.22215712442994,,
1782497856.328189,200,221.031425986439,,
1782497856.3284492,200,221.05243615806103,,
1782497856.3292701,200,223.95272506400943,,
1782497856.3296428,200,223.8408951088786,,
1782497856.3298826,200,223.41730212792754,,
1782497856.330141,200,220.959834754467,,
1782497856.3303754,200,220.9666157141328,,
1782497856.3311865,200,223.52767316624522,,
1782497856.446651,200,219.82897678390145,,
1782497856.4763563,200,220.27068072929978,,
1782497856.476629,200,220.25865083560348,,
1782497856.5079882,200,220.1080098748207,,
1782497856.5082164,200,218.84633088484406,,
1782497856.5084631,200,220.82425467669964,,
1782497856.5087109,200,220.60282342135906,,
1782497856.5092168,200,220.33121110871434,,
1782497856.5094848,200,220.3781921416521,,
1782497856.5097063,200,222.32294408604503,,
1782497856.5099072,200,221.25439811497927,,
1782497856.5413632,200,215.62940906733274,,
1782497856.5447428,200,217.2673912718892,,
1782497856.5449858,200,223.3919920399785,,
1782497856.545238,200,223.91358483582735,,
1782497856.54572,200,216.38181479647756,,
1782497856.546157,200,218.96699164062738,,
1782497856.546379,200,218.12815684825182,,
1782497856.5466073,200,220.11554008349776,,
1782497856.5472927,200,221.0754258558154,,
1782497856.5477247,200,222.67430694773793,,
1782497856.5479505,200,222.671277821064,,
1782497856.5484984,200,218.78377115353942,,
1782497856.5490673,200,218.62679021432996,,
1782497856.549293,200,222.3520246334374,,
1782497856.5495834,200,218.3174379169941,,
1782497856.549809,200,219.59526604041457,,
1782497856.5500386,200,221.53287986293435,,
1782497856.5503309,200,222.32886496931314,,
1782497856.550756,200,225.9186478331685,,
1782497856.5513804,200,221.4293791912496,,
1782497856.5523918,200,224.67695968225598,,
1782497856.6660037,200,219.28842412307858,,
1782497856.695591,200,219.16491305455565,,
1782497856.6958613,200,219.16690422222018,,
1782497856.7267406,200,216.97176899760962,,
1782497856.7272224,200,219.17362418025732,,
1782497856.727901,200,217.9371351376176,,
1782497856.7281525,200,218.59842957928777,,
1782497856.7284002,200,220.11543018743396,,
1782497856.7286417,200,219.36644427478313,,
1782497856.7288594,200,220.08445020765066,,
1782497856.729139,200,220.60676291584969,,
1782497856.7666144,200,215.15952702611685,,
1782497856.766942,200,219.5832058787346,,
1782497856.7676744,200,219.88828899338841,,
1782497856.7679353,200,222.15175395831466,,
1782497856.7681935,200,217.79400389641523,,
1782497856.7684324,200,219.3026952445507,,
1782497856.768664,200,220.64408287405968,,
1782497856.7691653,200,220.59763269498944,,
1782497856.769398,200,224.58787029609084,,
1782497856.769655,200,220.29163129627705,,
1782497856.7698998,200,223.23026088997722,,
1782497856.7701557,200,219.3261538632214,,
1782497856.771129,200,218.6658401042223,,
1782497856.7722013,200,230.77280074357986,,
1782497856.7724674,200,222.8248780593276,,
1782497856.7727506,200,227.69616078585386,,
1782497856.773269,200,227.9667817056179,,
1782497856.7735014,200,223.40379189699888,,
1782497856.7738135,200,227.37255925312638,,
1782497856.774037,200,224.15278712287545,,
1782497856.7745829,200,228.36391488090158,,
1782497856.816516,200,150.45103058218956,,
1782497856.886273,200,190.6140111386776,,
1782497856.8865428,200,190.61563210561872,,
1782497856.9191236,200,190.89989317581058,,
1782497856.9193566,200,192.55548529326916,,
1782497856.919596,200,191.12752517685294,,
1782497856.9198425,200,192.56088510155678,,
1782497856.9200637,200,192.10754102095962,,
1782497856.920283,200,191.57842826098204,,
1782497856.9449174,200,215.9965024329722,,
1782497856.945154,200,215.94592183828354,,
1782497856.981877,200,214.86103488132358,,
1782497856.9844515,200,217.74649433791637,,
1782497856.984736,200,216.98782918974757,,
1782497856.9849737,200,211.09525905922055,,
1782497856.985194,200,215.72807990014553,,
1782497856.9858913,200,212.56048884242773,,
1782497856.986134,200,212.56593987345695,,
1782497856.9863493,200,216.12843265756965,,
1782497856.9865909,200,213.77174835652113,,
1782497856.9868152,200,212.16474566608667,,
1782497856.9870548,200,214.77970387786627,,
1782497856.9875124,200,218.28276803717017,,
1782497856.9883661,200,215.82712093368173,,
1782497856.9889016,200,219.1814430989325,,
1782497856.9891522,200,220.65567411482334,,
1782497856.9897242,200,221.72389132902026,,
1782497856.990107,200,220.13358026742935,,
1782497856.990776,200,222.03954309225082,,
1782497856.9910076,200,222.7474870160222,,
1782497856.991624,200,217.51053212210536,,
1782497856.9920893,200,220.9029160439968,,
1782497857.009109,200,192.52176396548748,,
1782497857.0335195,200,147.1774191595614,,
1782497857.0337818,200,147.17550994828343,,
1782497857.0586195,200,139.19563638046384,,
1782497857.058849,200,139.66056937351823,,
1782497857.059312,200,139.40629782155156,,
1782497857.0595677,200,139.44401731714606,,
1782497857.059783,200,139.43137787282467,,
1782497857.0607104,200,141.04298781603575,,
1782497857.1324801,200,187.25448800250888,,
1782497857.1327703,200,187.78650229796767,,
1782497857.1909795,200,205.9434950351715,,
1782497857.1912353,200,209.29407700896263,,
1782497857.191483,200,205.52541222423315,,
1782497857.1917725,200,205.36038139835,,
1782497857.1919892,200,205.79543383792043,,
1782497857.2279272,200,235.77126488089561,,
1782497857.2288954,200,241.76826607435942,,
1782497857.229137,200,244.61305420845747,,
1782497857.2298484,200,240.0536141358316,,
1782497857.2300856,200,245.2802686020732,,
1782497857.2312732,200,240.4230274260044,,
1782497857.23155,200,243.10663482174277,,
1782497857.2318196,200,241.64571380242705,,
1782497857.2320683,200,243.09378396719694,,
1782497857.2323337,200,244.75099612027407,,
1782497857.2325811,200,245.70417124778032,,
1782497857.2328265,200,243.60313778743148,,
1782497857.233085,200,199.24021000042558,,
1782497857.2333198,200,242.24778776988387,,
1782497857.2335508,200,224.3824889883399,,
1782497857.2343554,200,247.70074523985386,,
1782497857.2346632,200,201.07731083407998,,
1782497857.234904,200,249.64413838461041,,
1782497857.2352154,200,243.52582730352879,,
1782497857.256378,200,197.69475888460875,,
1782497857.2572343,200,196.46000117063522,,
1782497857.2574482,200,198.53057526051998,,
1782497857.2576923,200,198.31964280456305,,
1782497857.257915,200,198.06250231340528,,
1782497857.2581806,200,198.554415255785,,
1782497857.2713428,200,138.78631312400103,,
1782497857.271615,200,138.77470325678587,,
1782497857.3737943,200,182.23762465640903,,
1782497857.3740537,200,183.00734087824821,,
1782497857.3743002,200,182.46032623574138,,
1782497857.3745298,200,183.22523217648268,,
1782497857.3747785,200,182.72017827257514,,
1782497857.4283888,200,200.38894703611732,,
1782497857.4286435,200,199.68085316941142,,
1782497857.4289227,200,198.7711568363011,,
1782497857.4692822,200,236.88393319025636,,
1782497857.470255,200,235.8312951400876,,
1782497857.4707494,200,235.45484291389585,,
1782497857.4712217,200,238.0686211399734,,
1782497857.4714577,200,213.20718433707952,,
1782497857.4719434,200,215.50007909536362,,
1782497857.4721801,200,238.5668638162315,,
1782497857.473072,200,201.6596351750195,,
1782497857.4735463,200,238.57593396678567,,
1782497857.4737866,200,216.03078208863735,,
1782497857.4740093,200,242.11930762976408,,
1782497857.4745126,200,242.37193912267685,,
1782497857.4747677,200,240.043924190104,,
1782497857.4749987,200,243.38437616825104,,
1782497857.476024,200,244.68336533755064,,
1782497857.4762945,200,246.37929629534483,,
1782497857.476521,200,243.629468139261,,
1782497857.47684,200,243.45342721790075,,
1782497857.4770775,200,219.10106297582388,,
1782497857.4780095,200,220.4932328313589,,
1782497857.4785402,200,221.23958682641387,,
1782497857.4788532,200,246.2042449042201,,
1782497857.4791546,200,207.4723648838699,,
1782497857.4798656,200,250.65727485343814,,
1782497857.5121484,200,138.28001031652093,,
1782497857.5125995,200,138.4781110100448,,
1782497857.51308,200,138.70881218463182,,
1782497857.5133157,200,138.47454078495502,,
1782497857.5135725,200,138.97081464529037,,
1782497857.6136463,200,184.9336032755673,,
1782497857.6138895,200,185.42122701182961,,
1782497857.614108,200,185.11607497930527,,
1782497857.6669486,200,195.4275737516582,,
1782497857.7074575,200,236.16862809285522,,
1782497857.71093,200,238.68653504177928,,
1782497857.7113984,200,236.56654125079513,,
1782497857.7116613,200,241.342862136662,,
1782497857.7119079,200,238.76569513231516,,
1782497857.7121506,200,235.00824999064207,,
1782497857.7129266,200,236.0196067020297,,
1782497857.713174,200,239.56416081637144,,
1782497857.713423,200,201.20874186977744,,
1782497857.7138836,200,244.53704385086894,,
1782497857.7143967,200,240.3201456181705,,
1782497857.714621,200,236.54189007356763,,
1782497857.7148511,200,235.9229358844459,,
1782497857.7150953,200,235.8761760406196,,
1782497857.7158096,200,244.99805690720677,,
1782497857.7162669,200,241.68089404702187,,
1782497857.7166994,200,241.63879407569766,,
1782497857.7169352,200,240.8383688889444,,
1782497857.7171705,200,243.32174519076943,,
1782497857.7173944,200,241.03496130555868,,
1782497857.717891,200,237.95588966459036,,
1782497857.71825,200,246.2411462329328,,
1782497857.7186463,200,240.03893323242664,,
1782497857.7195199,200,242.9299526847899,,
1782497857.7365,200,222.8560778312385,,
1782497857.7367344,200,224.06957577914,,
1782497857.7372396,200,224.09313591197133,,
1782497857.7374473,200,224.07124657183886,,
1782497857.7582603,200,144.54511180520058,,
1782497857.7587507,200,144.7926526889205,,
1782497857.7590036,200,144.8295139707625,,
1782497857.843282,200,176.27087514847517,,
1782497857.9710653,200,257.8269029036164,,
1782497857.9715755,200,256.6544357687235,,
1782497857.972041,200,261.0436254180968,,
1782497857.972527,200,260.3150000795722,,
1782497857.97277,200,260.79530268907547,,
1782497857.9730237,200,261.2950471229851,,
1782497857.9732814,200,259.7886356525123,,
1782497857.9735432,200,266.0201983526349,,
1782497858.0074668,200,270.16466623172164,,
1782497858.0084245,200,291.65833117440343,,
1782497858.0086613,200,290.69378413259983,,
1782497858.0089018,200,293.03150018677115,,
1782497858.0091465,200,271.63439709693193,,
1782497858.009567,200,272.7682739496231,,
1782497858.0106564,200,274.0912833251059,,
1782497858.0111153,200,297.1628583036363,,
1782497858.0114744,200,300.0099970959127,,
1782497858.0118973,200,293.58585411682725,,
1782497858.0121233,200,253.7811268121004,,
1782497858.0123868,200,297.93068300932646,,
1782497858.0128996,200,295.897479634732,,
1782497858.0132027,200,300.20433897152543,,
1782497858.0134666,200,298.30139596015215,,
1782497858.0136878,200,296.4555127546191,,
1782497858.0139232,200,255.10125467553735,,
1782497858.014157,200,255.08743477985263,,
1782497858.0144362,200,298.10316395014524,,
1782497858.0158381,200,301.1527741327882,,
1782497858.0161338,200,298.67417784407735,,
1782497858.0173078,200,297.7174213156104,,
1782497858.0175414,200,298.8237189128995,,
1782497858.0305035,200,187.15248769149184,,
1782497858.1480985,200,176.95550015196204,,
1782497858.1483457,200,176.70353781431913,,
1782497858.148568,200,176.4598973095417,,
1782497858.1488059,200,175.7186008617282,,
1782497858.1490633,200,176.4700459316373,,
1782497858.1492832,200,176.44528718665242,,
1782497858.1745327,200,201.17934234440327,,
1782497858.1748016,200,201.1900618672371,,
1782497858.2012994,200,192.32656294479966,,
1782497858.201551,200,194.01816371828318,,
1782497858.2017705,200,192.56321480497718,,
1782497858.2413507,200,229.81740534305573,,
1782497858.2427309,200,228.2327050343156,,
1782497858.243696,200,231.73624789342284,,
1782497858.2441428,200,234.51831610873342,,
1782497858.2443612,200,233.17863792181015,,
1782497858.2445922,200,226.9807760603726,,
1782497858.2448368,200,232.6444243080914,,
1782497858.2450612,200,232.08970110863447,,
1782497858.2452707,200,229.0697698481381,,
1782497858.2454917,200,231.274604331702,,
1782497858.245692,200,232.16551123186946,,
1782497858.2458975,200,237.16765362769365,,
1782497858.246122,200,228.7476477213204,,
1782497858.2463527,200,233.89726178720593,,
1782497858.2466333,200,232.8794663771987,,
1782497858.2470002,200,236.27478862181306,,
1782497858.2473288,200,233.34237933158875,,
1782497858.247905,200,239.4145503640175,,
1782497858.2481623,200,232.25644091144204,,
1782497858.2490819,200,218.5159190557897,,
1782497858.24932,200,236.05053685605526,,
1782497858.290372,200,141.496020834893,,
1782497858.2906642,200,142.4981178715825,,
1782497858.2909276,200,141.57672179862857,,
1782497858.2911632,200,142.52765895798802,,
1782497858.2914155,200,143.00044113770127,,
1782497858.2916505,200,142.52550806850195,,
1782497858.3126075,200,138.00685806199908,,
1782497858.312866,200,137.99481699243188,,
1782497858.3839598,200,182.11901374161243,,
1782497858.384205,200,182.58508713915944,,
1782497858.3845706,200,183.20025224238634,,
1782497858.4359858,200,190.8668433316052,,
1782497858.4362555,200,194.81921009719372,,
1782497858.475676,200,229.71697384491563,,
1782497858.4770374,200,232.37575171515346,,
1782497858.47728,200,230.20799783989787,,
1782497858.4779873,200,234.22392504289746,,
1782497858.4782462,200,230.85151240229607,,
1782497858.4784799,200,232.06306993961334,,
1782497858.4787056,200,234.2807548120618,,
1782497858.4789455,200,229.55139307305217,,
1782497858.4796574,200,232.96465585008264,,
1782497858.4798844,200,234.33921486139297,,
1782497858.4803698,200,234.18693477287889,,
1782497858.4806535,200,235.32177275046706,,
1782497858.4809158,200,235.16851058229804,,
1782497858.4811528,200,231.99995001778007,,
1782497858.4813747,200,233.1462069414556,,
1782497858.4816191,200,191.15386484190822,,
1782497858.4818761,200,237.67361789941788,,
1782497858.4820983,200,237.197854090482,,
1782497858.4823139,200,239.51402073726058,,
1782497858.4828715,200,234.8972586914897,,
1782497858.4834795,200,192.00123101472855,,
1782497858.5041728,200,191.23902590945363,,
1782497858.5044057,200,191.72447873279452,,
1782497858.5046475,200,213.6579267680645,,
1782497858.5048764,200,213.64143583923578,,
1782497858.5051067,200,213.3808946236968,,
1782497858.5053482,200,214.61039315909147,,
1782497858.523335,200,138.69326282292604,,
1782497858.5235763,200,139.54783789813519,,
1782497858.5240352,200,139.76335898041725,,
1782497858.6125073,200,176.45564582198858,,
1782497858.6127663,200,176.44434701651335,,
1782497858.707283,200,231.54153628274798,,
1782497858.7075455,200,226.82534530758858,,
1782497858.7430248,200,263.0791990086436,,
1782497858.7458105,200,263.65119172260165,,
1782497858.7460673,200,265.08403196930885,,
1782497858.746312,200,265.0956832803786,,
1782497858.7465518,200,268.499864730984,,
1782497858.7467916,200,264.4137581810355,,
1782497858.7473004,200,270.1952559873462,,
1782497858.747603,200,267.1641758643091,,
1782497858.7481058,200,269.0929393284023,,
1782497858.748526,200,267.0747949741781,,
1782497858.7494235,200,270.64498886466026,,
1782497858.7500467,200,266.4900519885123,,
1782497858.7505124,200,268.5738862492144,,
1782497858.7520294,200,273.4863287769258,,
1782497858.7525184,200,275.16747964546084,,
1782497858.7539458,200,271.00010169669986,,
1782497858.754974,200,276.6612903214991,,
1782497858.7560778,200,276.3618277385831,,
1782497858.7850819,200,261.675878893584,,
1782497858.7858918,200,281.4174019731581,,
1782497858.7861512,200,304.46291621774435,,
1782497858.786591,200,262.948086950928,,
1782497858.7870688,200,282.8325121663511,,
1782497858.787359,200,282.64700109139085,,
1782497858.787625,200,263.5282510891557,,
1782497858.78784,200,282.89909195154905,,
1782497858.7880914,200,282.91620314121246,,
1782497858.7885315,200,283.1225129775703,,
1782497858.8042872,200,191.7135389521718,,
1782497858.8045459,200,191.71508913859725,,
1782497858.9000778,200,192.72861490026116,,
1782497858.900331,200,192.7169756963849,,
1782497858.931786,200,188.6969287879765,,
1782497858.9621992,200,213.47331488505006,,
1782497858.9624298,200,212.77022128924727,,
1782497858.9629214,200,216.5378062054515,,
1782497858.9634488,200,216.83955704793334,,
1782497859.0052698,200,217.83236507326365,,
1782497859.0055358,200,219.32386374101043,,
1782497859.0057824,200,201.43037382513285,,
1782497859.0060117,200,255.4348479025066,,
1782497859.006229,200,253.56316473335028,,
1782497859.006436,200,260.55286219343543,,
1782497859.0066535,200,218.96925196051598,,
1782497859.0068717,200,220.20597010850906,,
1782497859.0071173,200,260.9807546250522,,
1782497859.0073304,200,220.17227113246918,,
1782497859.0077977,200,203.18701630458236,,
1782497859.0080018,200,257.8536639921367,,
1782497859.0090907,200,223.91618508845568,,
1782497859.0093336,200,261.1552057787776,,
1782497859.0096278,200,257.5033907778561,,
1782497859.0101297,200,262.75937631726265,,
1782497859.0111277,200,263.44729075208306,,
1782497859.0116432,200,223.04021008312702,,
1782497859.011921,200,256.85275718569756,,
1782497859.012156,200,224.25308777019382,,
1782497859.0124443,200,265.5770359560847,,
1782497859.012681,200,258.642238099128,,
1782497859.0129242,200,224.7691205702722,,
1782497859.0138147,200,227.85115195438266,,
1782497859.014279,200,258.1049748696387,,
1782497859.045761,200,145.61994886025786,,
1782497859.0460176,200,145.62176866456866,,
1782497859.0875916,200,155.7435067370534,,
1782497859.15996,200,197.6984399370849,,
1782497859.1602063,200,197.71031895652413,,
1782497859.1607327,200,197.21833616495132,,
1782497859.1610625,200,198.06999200955033,,
1782497859.215724,200,206.32514776661992,,
1782497859.2159631,200,207.90783828124404,,
1782497859.216226,200,210.3788936510682,,
1782497859.2587626,200,246.53901811689138,,
1782497859.2590513,200,249.8949603177607,,
1782497859.259336,200,252.1610758267343,,
1782497859.2597811,200,249.59416827186942,,
1782497859.26019,200,253.25281266123056,,
1782497859.260953,200,254.66663297265768,,
1782497859.2616434,200,249.6496275998652,,
1782497859.2626035,200,248.72280191630125,,
1782497859.262849,200,254.99708391726017,,
1782497859.2633328,200,256.61965599283576,,
1782497859.2636194,200,249.26351616159081,,
1782497859.2638748,200,218.04962633177638,,
1782497859.2641208,200,251.12771801650524,,
1782497859.2646065,200,258.5342680104077,,
1782497859.2648435,200,255.1449160091579,,
1782497859.265057,200,258.5614677518606,,
1782497859.2653499,200,253.65292513743043,,
1782497859.2656286,200,260.0236078724265,,
1782497859.2660458,200,219.96119897812605,,
1782497859.2662761,200,253.52993374690413,,
1782497859.2665923,200,259.1877831146121,,
1782497859.267127,200,255.92406000941992,,
1782497859.267576,200,262.23928295075893,,
1782497859.2686899,200,256.1780530959368,,
1782497859.2838511,200,196.17797899991274,,
1782497859.3022418,200,142.2133557498455,,
1782497859.3026688,200,142.40236720070243,,
1782497859.302914,200,142.1124362386763,,
1782497859.3033183,200,142.19437586143613,,
1782497859.4009378,200,185.14762492850423,,
1782497859.401201,200,185.1705047301948,,
1782497859.4015467,200,185.25531608611345,,
1782497859.4587264,200,199.8874139972031,,
1782497859.4590533,200,196.1422087624669,,
1782497859.5024648,200,199.08438809216022,,
1782497859.5048232,200,241.1316311918199,,
1782497859.505713,200,244.01709018275142,,
1782497859.5061495,200,239.47705002501607,,
1782497859.506419,200,243.01939411088824,,
1782497859.5066805,200,242.7428918890655,,
1782497859.5068989,200,204.17397189885378,,
1782497859.5071216,200,241.01394088938832,,
1782497859.50738,200,238.628463819623,,
1782497859.5076334,200,239.98568300157785,,
1782497859.5078502,200,246.84158992022276,,
1782497859.5080647,200,242.37458873540163,,
1782497859.508272,200,248.86609334498644,,
1782497859.5084941,200,243.0733237415552,,
1782497859.508716,200,243.81571915000677,,
1782497859.5089247,200,241.73443531617522,,
1782497859.5091376,200,206.8283697590232,,
1782497859.5093515,200,225.43533612042665,,
1782497859.5095773,200,245.38790015503764,,
1782497859.5098424,200,247.16698238626122,,
1782497859.5101094,200,250.97353802993894,,
1782497859.5104496,200,244.1025609150529,,
1782497859.5111442,200,246.02411361411214,,
1782497859.5117955,200,251.5288908034563,,
1782497859.5124621,200,247.79002601280808,,
1782497859.512852,200,209.8642010241747,,
1782497859.5134487,200,253.60984494909644,,
1782497859.5484521,200,147.44667196646333,,
1782497859.5486946,200,147.41810085251927,,
1782497859.5489223,200,147.3116809502244,,
1782497859.6445045,200,185.66760793328285,,
1782497859.6447499,200,185.61967788264155,,
1782497859.7044873,200,199.6054518967867,,
1782497859.704778,200,196.44467113539577,,
1782497859.7442071,200,235.65636528655887,,
1782497859.7462118,200,235.69669434800744,,
1782497859.746477,200,234.60713727399707,,
1782497859.7467213,200,237.52576718106866,,
1782497859.747252,200,236.0352766700089,,
1782497859.7474957,200,234.58134662359953,,
1782497859.7477612,200,240.56771816685796,,
1782497859.7479727,200,240.52056716755033,,
1782497859.748412,200,235.8853160403669,,
1782497859.7489295,200,243.15829388797283,,
1782497859.74918,200,242.22510773688555,,
1782497859.7494228,200,240.64902774989605,,
1782497859.749653,200,242.9133029654622,,
1782497859.749885,200,241.76445603370667,,
1782497859.7501068,200,240.20232493057847,,
1782497859.750345,200,241.36090278625488,,
1782497859.7505846,200,240.41260685771704,,
1782497859.751284,200,243.59047692269087,,
1782497859.7525866,200,246.09279492869973,,
1782497859.7530804,200,246.85375904664397,,
1782497859.7533386,200,250.79823611304164,,
1782497859.7541795,200,244.76727610453963,,
1782497859.7544057,200,246.50107696652412,,
1782497859.7745557,200,226.03945014998317,,
1782497859.7750192,200,261.50716794654727,,
1782497859.7755146,200,265.86244674399495,,
1782497859.7757385,200,226.97083605453372,,
1782497859.7760034,200,227.02205600216985,,
1782497859.7918382,200,147.02461892738938,,
1782497859.7921312,200,147.5581219419837,,
1782497859.883067,200,178.21063799783587,,
1782497859.8833919,200,178.81364189088345,,
1782497859.9821951,200,234.16386498138309,,
1782497859.9832866,200,234.28707476705313,,
1782497859.9835393,200,234.05671399086714,,
1782497859.983784,200,233.61516976729035,,
1782497859.9840057,200,234.755318146199,,
1782497859.9842324,200,233.8267220184207,,
1782497859.9844646,200,237.14311374351382,,
1782497859.9855855,200,209.77397076785564,,
1782497859.985845,200,210.76077688485384,,
1782497859.9860556,200,231.58394685015082,,
1782497859.9863,200,210.71783592924476,,
1782497859.9865131,200,236.56564112752676,,
1782497859.9870281,200,239.46313001215458,,
1782497859.9872553,200,240.96623994410038,,
1782497859.9874918,200,240.9465298987925,,
1782497859.9877207,200,211.6539729759097,,
1782497859.9879608,200,213.33972504362464,,
1782497859.9881754,200,233.93396334722638,,
1782497859.9884074,200,235.00193003565073,,
1782497859.9886317,200,235.98561715334654,,
1782497859.9888678,200,235.7137850485742,,
1782497859.9894104,200,245.1358181424439,,
1782497859.9899032,200,241.42865417525172,,
1782497859.990177,200,242.3577788285911,,
1782497859.9904122,200,240.69363810122013,,
1782497859.990634,200,239.98594284057617,,
1782497859.9909716,200,244.19086193665862,,
1782497859.9926064,200,241.25544168055058,,
1782497859.9941232,200,202.2125101648271,,
1782497859.9947195,200,202.5206619873643,,
1782497860.0279033,200,144.74849309772253,,
1782497860.0281813,200,144.71362298354506,,
1782497860.2108119,200,226.74145502969623,,
1782497860.2433233,200,259.4737340696156,,
1782497860.24364,200,260.0312978029251,,
1782497860.2439094,200,258.0080539919436,,
1782497860.244166,200,257.0825177244842,,
1782497860.2444198,200,261.0642951913178,,
1782497860.244704,200,259.0553918853402,,
1782497860.2449312,200,256.9103268906474,,
1782497860.2457764,200,261.4813782274723,,
1782497860.2460308,200,258.2480269484222,,
1782497860.278735,200,291.1786469630897,,
1782497860.2814312,200,294.85950293019414,,
1782497860.2816813,200,292.98685025423765,,
1782497860.2821722,200,287.9870771430433,,
1782497860.283495,200,293.0136900395155,,
1782497860.2837422,200,295.27111491188407,,
1782497860.2842414,200,296.91452579572797,,
1782497860.2847385,200,256.4932149834931,,
1782497860.284995,200,294.29144924506545,,
1782497860.285239,200,257.26526929065585,,
1782497860.2854683,200,295.99608993157744,,
1782497860.2859514,200,299.59286423400044,,
1782497860.286183,200,301.6484589315951,,
1782497860.2864544,200,296.4912033639848,,
1782497860.2867477,200,304.48202695697546,,
1782497860.2870781,200,292.3022760078311,,
1782497860.2875667,200,301.4420969411731,,
1782497860.2877855,200,295.1127840206027,,
1782497860.2881012,200,297.85347171127796,,
1782497860.288393,200,297.35900927335024,,
1782497860.2887554,200,299.81318581849337,,
1782497860.2895849,200,301.34577630087733,,
1782497860.3454673,200,134.54135414212942,,
1782497860.414658,200,170.67421693354845,,
1782497860.41494,200,169.9467021971941,,
1782497860.4152393,200,171.52451304718852,,
1782497860.445766,200,199.9271735548973,,
1782497860.4460266,200,201.7888161353767,,
1782497860.446278,200,202.8557639569044,,
1782497860.4465063,200,200.40143700316548,,
1782497860.4467573,200,201.98906818404794,,
1782497860.4469998,200,202.50712241977453,,
1782497860.509034,200,223.0183300562203,,
1782497860.5102148,200,226.40965227037668,,
1782497860.5106778,200,222.2233940847218,,
1782497860.5109203,200,225.38504470139742,,
1782497860.5111735,200,223.32315100356936,,
1782497860.5118647,200,230.3628590889275,,
1782497860.5123444,200,222.6950670592487,,
1782497860.5132415,200,228.17759402096272,,
1782497860.5134826,200,231.72943806275725,,
1782497860.5137825,200,228.96706964820623,,
1782497860.5140433,200,225.8760379627347,,
1782497860.514279,200,232.04082995653152,,
1782497860.514529,200,225.701407995075,,
1782497860.5150354,200,236.23680835589767,,
1782497860.5152943,200,227.66817081719637,,
1782497860.5155838,200,230.280467774719,,
1782497860.5158408,200,229.02218997478485,,
1782497860.5161588,200,229.90339575335383,,
1782497860.516386,200,229.23265071585774,,
1782497860.5169318,200,232.6274341903627,,
1782497860.518285,200,234.72095793113112,,
1782497860.5185218,200,231.99729016050696,,
1782497860.5382965,200,192.73395603522658,,
1782497860.5558474,200,140.5438049696386,,
1782497860.5560873,200,141.34120009839535,,
1782497860.5563512,200,141.33956981822848,,
1782497860.6271381,200,180.5580137297511,,
1782497860.6280842,200,181.00921716541052,,
1782497860.6283689,200,182.26977484300733,,
1782497860.6286201,200,182.78169864788651,,
1782497860.6288779,200,182.5351477600634,,
1782497860.6290996,200,182.27511504665017,,
1782497860.7579615,200,242.84311197698116,,
1782497860.7603998,200,249.15950512513518,,
1782497860.7606483,200,243.64930810406804,,
1782497860.7608714,200,248.45996079966426,,
1782497860.7613463,200,250.60085533186793,,
1782497860.7615867,200,246.22603598982096,,
1782497860.7618716,200,252.77164997532964,,
1782497860.7621083,200,250.17339177429676,,
1782497860.76236,200,248.51012090221047,,
1782497860.7626028,200,252.320877276361,,
1782497860.7628937,200,247.24291311576962,,
1782497860.7640872,200,253.09945177286863,,
1782497860.7902706,200,251.90927414223552,,
1782497860.790999,200,234.57899782806635,,
1782497860.7912505,200,276.8994113430381,,
1782497860.7914915,200,277.3820753209293,,
1782497860.792165,200,278.6191226914525,,
1782497860.792395,200,275.9432150050998,,
1782497860.7926235,200,236.4721386693418,,
1782497860.7929113,200,277.0062321797013,,
1782497860.7934291,200,237.51669703051448,,
1782497860.7938914,200,275.3010611049831,,
1782497860.794201,200,280.8909979648888,,
1782497860.79444,200,279.8461322672665,,
1782497860.7947273,200,276.3748988509178,,
1782497860.795016,200,278.79269514232874,,
1782497860.8177223,200,189.56866394728422,,
1782497860.8179598,200,189.02013078331947,,
1782497860.8181975,200,189.75960463285446,,
1782497860.8184438,200,191.23192597180605,,
1782497860.8186765,200,189.50517429038882,,
1782497860.8189168,200,190.22894883528352,,
1782497861.0107546,200,248.81616327911615,,
1782497861.011743,200,250.09397184476256,,
1782497861.0120332,200,249.60317881777883,,
1782497861.0122957,200,248.14636819064617,,
1782497861.012544,200,249.59066789597273,,
1782497861.0127828,200,250.60300529003143,,
1782497861.0130298,200,252.0892950706184,,
1782497861.0135655,200,253.09522217139602,,
1782497861.0138001,200,255.76044898480177,,
1782497861.014019,200,252.6053679175675,,
1782497861.0142553,200,253.54537507519126,,
1782497861.0145128,200,251.84673303738236,,
1782497861.0473795,200,229.10906001925468,,
1782497861.0476613,200,256.3416729681194,,
1782497861.0479403,200,228.95860904827714,,
1782497861.048176,200,254.22136019915342,,
1782497861.0484097,200,229.66428380459547,,
1782497861.0486634,200,230.87504180148244,,
1782497861.0488863,200,254.37950994819403,,
1782497861.0491335,200,256.15754211321473,,
1782497861.0493712,200,255.87942078709602,,
1782497861.049577,200,231.06803372502327,,
1782497861.049802,200,259.4636641442776,,
1782497861.0503378,200,255.25454618036747,,
1782497861.050597,200,258.3709070459008,,
1782497861.050824,200,259.7613362595439,,
1782497861.051031,200,233.00589714199305,,
1782497861.051278,200,259.71955619752407,,
1782497861.0515316,200,256.74354610964656,,
1782497861.051746,200,259.05289174988866,,
1782497861.0519907,200,257.7257230877876,,
1782497861.052306,200,259.8488270305097,,
1782497861.259927,200,248.1112778186798,,
1782497861.260222,200,247.8617960587144,,
1782497861.2940724,200,279.49623903259635,,
1782497861.2943325,200,282.2216679342091,,
1782497861.2945807,200,281.7338942550123,,
1782497861.2948098,200,280.73100792244077,,
1782497861.2953117,200,281.67706402018666,,
1782497861.2959363,200,281.62980265915394,,
1782497861.296193,200,285.34472826868296,,
1782497861.2965362,200,283.42722496017814,,
1782497861.2969918,200,284.3798017129302,,
1782497861.297237,200,283.3752450533211,,
1782497861.3313081,200,279.71595991402864,,
1782497861.3315525,200,283.31114538013935,,
1782497861.3320289,200,282.60132018476725,,
1782497861.332696,200,285.23860685527325,,
1782497861.3329225,200,284.1981309466064,,
1782497861.3331368,200,281.7926136776805,,
1782497861.3333614,200,284.87698500975966,,
1782497861.3335714,200,281.5227322280407,,
1782497861.3338196,200,282.94068202376366,,
1782497861.3340359,200,281.66472306475043,,
1782497861.334277,200,284.63965374976397,,
1782497861.3345993,200,284.19124986976385,,
1782497861.3348565,200,284.98659608885646,,
1782497861.3351154,200,287.37270180135965,,
1782497861.335342,200,286.1403338611126,,
1782497861.33558,200,286.6234169341624,,
1782497861.3358126,200,284.0057788416743,,
1782497861.336257,200,285.1616470143199,,
1782497861.3366675,200,288.66101102903485,,
1782497861.336908,200,286.24548483639956,,
1782497861.3963842,200,136.36262668296695,,
1782497861.396647,200,136.34737581014633,,
1782497861.4687226,200,174.57838403061032,,
1782497861.4689841,200,174.58166368305683,,
1782497861.4692233,200,173.84097818285227,,
1782497861.4694402,200,174.79470511898398,,
1782497861.4696598,200,174.7875646688044,,
1782497861.4698763,200,173.61445724964142,,
1782497861.4954326,200,198.3746737241745,,
1782497861.4956815,200,199.07108834013343,,
1782497861.495929,200,198.6194048076868,,
1782497861.496186,200,200.1771959476173,,
1782497861.521733,200,188.31566581502557,,
1782497861.5221953,200,188.99559089913964,,
1782497861.522674,200,189.69343602657318,,
1782497861.5229173,200,189.2836419865489,,
1782497861.5231984,200,189.31936332955956,,
1782497861.5534453,200,219.34704529121518,,
1782497861.556044,200,223.946375772357,,
1782497861.556291,200,220.4113220795989,,
1782497861.5567536,200,221.57505014911294,,
1782497861.5569782,200,222.63511596247554,,
1782497861.5575018,200,221.8567719683051,,
1782497861.5577197,200,222.31124434620142,,
1782497861.5579395,200,223.2681610621512,,
1782497861.5581722,200,223.2404099777341,,
1782497861.5584853,200,221.7473299242556,,
1782497861.5587018,200,221.73052141442895,,
1782497861.5589256,200,226.16807976737618,,
1782497861.5597458,200,228.37112471461296,,
1782497861.5600376,200,223.71672373265028,,
1782497861.5602732,200,228.65223791450262,,
1782497861.5784218,200,181.70074233785272,,
1782497861.578694,200,182.24503519013524,,
1782497861.6043403,200,135.54448215290904,,
1782497861.6047747,200,135.72371331974864,,
1782497861.6050107,200,135.7255121693015,,
1782497861.6054554,200,135.51549101248384,,
1782497861.605699,200,135.9783443622291,,
1782497861.6062393,200,136.7367901839316,,
1782497861.673111,200,177.60706413537264,,
1782497861.673384,200,177.38053295761347,,
1782497861.6736438,200,177.3859327659011,,
1782497861.6738703,200,178.12057677656412,,
1782497861.7014234,200,179.62373699992895,,
1782497861.7018998,200,178.6311105825007,,
1782497861.7021468,200,179.89293904975057,,
1782497861.702372,200,179.38503623008728,,
1782497861.7026017,200,179.85798930749297,,
1782497861.7631853,200,204.62902635335922,,
1782497861.763912,200,207.55272591486573,,
1782497861.7641995,200,185.70781918242574,,
1782497861.7644408,200,185.6808578595519,,
1782497861.7646585,200,207.08618313074112,,
1782497861.7649004,200,204.56418534740806,,
1782497861.7651176,200,211.60813281312585,,
1782497861.765587,200,208.5414920002222,,
1782497861.7660558,200,209.2416873201728,,
1782497861.7668576,200,208.61962204799056,,
1782497861.7678094,200,207.99641869962215,,
1782497861.7682667,200,210.48470493406057,,
1782497861.7685523,200,209.56006878986955,,
1782497861.7688017,200,210.7972465455532,,
1782497861.769089,200,208.9832853525877,,
1782497861.7697814,200,213.66782626137137,,
1782497861.7710073,200,212.24011667072773,,
1782497861.7944078,200,189.99714776873589,,
1782497861.7946815,200,189.83993586152792,,
1782497861.7949443,200,189.42920304834843,,
1782497861.7952228,200,188.916829880327,,
1782497861.7954535,200,190.38229016587138,,
1782497861.7956882,200,189.92751697078347,,
1782497861.8119078,200,137.96650711447,,
1782497861.812165,200,138.70865292847157,,
1782497861.8124216,200,138.71339336037636,,
1782497861.8126597,200,139.46340698748827,,
1782497861.8424902,200,140.519464854151,,
1782497861.8427343,200,140.5264949426055,,
1782497861.8429766,200,140.53272502496839,,
1782497861.843333,200,140.66411601379514,,
1782497861.8436155,200,142.12523493915796,,
1782497861.9669492,200,202.68034329637885,,
1782497861.9674604,200,202.95984391123056,,
1782497861.9676874,200,203.7019799463451,,
1782497862.0064669,200,194.4881067611277,,
1782497862.009984,200,244.32912282645702,,
1782497862.0102239,200,243.27722610905766,,
1782497862.0104742,200,244.34760212898254,,
1782497862.0106974,200,247.42703419178724,,
1782497862.010921,200,215.40311770513654,,
1782497862.011609,200,215.85939079523087,,
1782497862.0118406,200,217.34244236722589,,
1782497862.012058,200,246.87806982547045,,
1782497862.0122778,200,243.40421613305807,,
1782497862.0132573,200,201.0222808457911,,
1782497862.0135007,200,218.7466211616993,,
1782497862.0139353,200,249.20804612338543,,
1782497862.0142295,200,246.28581618890166,,
1782497862.0145082,200,202.0174479112029,,
1782497862.0147595,200,202.03589834272861,,
1782497862.0149808,200,250.02020131796598,,
1782497862.0152376,200,220.22123960778117,,
1782497862.015786,200,220.49867175519466,,
1782497862.0160635,200,247.70873598754406,,
1782497862.0164669,200,245.34340016543865,,
1782497862.0167367,200,248.11154790222645,,
1782497862.0178504,200,248.6936617642641,,
1782497862.0186622,200,248.7852219492197,,
1782497862.03473,200,192.17256223782897,,
1782497862.0358815,200,192.8384662605822,,
1782497862.0361207,200,192.7155856974423,,
1782497862.03639,200,192.7050561644137,,
1782497862.0366821,200,193.8799237832427,,
1782497862.1517665,200,184.74499229341745,,
1782497862.1520326,200,184.2728592455387,,
1782497862.1523252,200,184.80213219299912,,
1782497862.208408,200,201.87825709581375,,
1782497862.2086632,200,198.11801193282008,,
1782497862.2092211,200,199.17170982807875,,
1782497862.2097816,200,199.48853086680174,,
1782497862.2497964,200,236.22913798317313,,
1782497862.253192,200,234.45894615724683,,
1782497862.2538762,200,239.3087293021381,,
1782497862.254095,200,219.30296393111348,,
1782497862.2543435,200,239.5226201042533,,
1782497862.2545977,200,239.5473113283515,,
1782497862.2548482,200,238.04626008495688,,
1782497862.2552948,200,218.83662091568112,,
1782497862.255745,200,240.44689629226923,,
1782497862.255974,200,219.23289401456714,,
1782497862.2571294,200,246.14630499854684,,
1782497862.2574189,200,240.87976990267634,,
1782497862.257636,200,244.31040324270725,,
1782497862.2578855,200,242.03220754861832,,
1782497862.2581224,200,244.131650775671,,
1782497862.2583606,200,222.4136251024902,,
1782497862.2587965,200,248.03645769134164,,
1782497862.2590342,200,246.9166498631239,,
1782497862.2597852,200,243.65897802636027,,
1782497862.2600048,200,223.81616523489356,,
1782497862.2603157,200,246.01344391703606,,
1782497862.2605667,200,248.8929540850222,,
1782497862.2608075,200,248.45498008653522,,
1782497862.2613125,200,249.41143672913313,,
1782497862.2616467,200,243.7356491573155,,
1782497862.2930193,200,140.91144688427448,,
1782497862.2932644,200,140.87693812325597,,
1782497862.2934763,200,141.62708213552833,,
1782497862.3915527,200,183.07063030079007,,
1782497862.3918035,200,181.95780320093036,,
1782497862.3920243,200,183.2888931967318,,
1782497862.3922348,200,182.9452500678599,,
1782497862.4918127,200,236.89583223313093,,
1782497862.4921558,200,234.20333489775658,,
1782497862.4924085,200,234.70572801306844,,
1782497862.4933012,200,232.9169949516654,,
1782497862.4935741,200,240.3175448998809,,
1782497862.4937837,200,233.9402330107987,,
1782497862.4940352,200,233.39964915066957,,
1782497862.4943018,200,240.36758579313755,,
1782497862.4950347,200,201.94608811289072,,
1782497862.495287,200,237.09818394854665,,
1782497862.4955237,200,235.44866312295198,,
1782497862.4965012,200,203.1708164140582,,
1782497862.496751,200,242.58758081123233,,
1782497862.497184,200,238.0877509713173,,
1782497862.497833,200,242.4782500602305,,
1782497862.498151,200,204.61511611938477,,
1782497862.4983826,200,240.89596001431346,,
1782497862.4986248,200,242.82396212220192,,
1782497862.4989088,200,244.5033141411841,,
1782497862.5000443,200,245.37588004022837,,
1782497862.5005789,200,241.7155047878623,,
1782497862.5008285,200,242.4052800051868,,
1782497862.5010731,200,239.69631223008037,,
1782497862.5013444,200,239.6295922808349,,
1782497862.5017357,200,245.6981115974486,,
1782497862.502172,200,252.30400590226054,,
1782497862.5025642,200,241.6933849453926,,
1782497862.503492,200,246.2931857444346,,
1782497862.534338,200,142.0273552648723,,
1782497862.5344315,200,142.56960898637772,,
1782497862.5345013,200,142.4209070391953,,
1782497862.5345616,200,142.93108088895679,,
1782497862.6912231,200,197.5894677452743,,
1782497862.691387,200,192.4155531451106,,
1782497862.7320645,200,231.16291360929608,,
1782497862.7328923,200,234.99565990641713,,
1782497862.7343442,200,240.48940697684884,,
1782497862.7353137,200,231.75368877127767,,
1782497862.735397,200,240.28319492936134,,
1782497862.7354689,200,235.35393318161368,,
1782497862.7355428,200,236.85604194179177,,
1782497862.7358208,200,242.44937999174,,
1782497862.7361023,200,244.19823195785284,,
1782497862.7361665,200,240.57192681357265,,
1782497862.7362356,200,233.59766090288758,,
1782497862.7363067,200,234.06891291961074,,
1782497862.7365966,200,241.24456197023392,,
1782497862.7368689,200,235.72580516338348,,
1782497862.736932,200,236.2894481047988,,
1782497862.7372098,200,242.84164234995842,,
1782497862.7372737,200,235.85733631625772,,
1782497862.7381887,200,239.97416300699115,,
1782497862.7382545,200,245.78310223296285,,
1782497862.738326,200,236.5288301371038,,
1782497862.7383902,200,241.82312563061714,,
1782497862.7384546,200,241.2086920812726,,
1782497862.738519,200,240.06714392453432,,
1782497862.7385814,200,241.76594614982605,,
1782497862.7386444,200,244.5427537895739,,
1782497862.73871,200,246.4814269915223,,
