ts,status,latency_ms,backend,error
1782497988.6078746,200,111.89533304423094,qwen15b-npu4,
1782497988.6119153,200,116.4264134131372,qwen15b-npu5,
1782497988.614357,200,119.5607939735055,qwen15b-npu3,
1782497988.6151817,200,121.82653928175569,qwen15b-npu7,
1782497988.631847,200,130.11579494923353,qwen15b-npu4,
1782497988.6321647,200,134.49543388560414,qwen15b-npu4,
1782497988.6329505,200,133.66973819211125,qwen15b-npu6,
1782497988.6395917,200,135.80868300050497,qwen15b-npu5,
1782497988.6399066,200,139.12472501397133,qwen15b-npu5,
1782497988.6402974,200,128.89044685289264,qwen15b-npu5,
1782497988.6441534,200,141.77550422027707,qwen15b-npu7,
1782497988.6444309,200,132.47290020808578,qwen15b-npu7,
1782497988.6456256,200,140.02767065539956,qwen15b-npu3,
1782497988.6459107,200,145.9492612630129,qwen15b-npu7,
1782497988.646477,200,135.6952916830778,qwen15b-npu3,
1782497988.646755,200,137.28044321760535,qwen15b-npu7,
1782497988.647093,200,142.12866500020027,qwen15b-npu7,
1782497988.64735,200,138.92417401075363,qwen15b-npu3,
1782497988.647682,200,144.59876203909516,qwen15b-npu3,
1782497988.6480196,200,143.66569602862,qwen15b-npu3,
1782497988.6543462,200,141.67550206184387,qwen15b-npu4,
1782497988.6618478,200,148.587288800627,qwen15b-npu5,
1782497988.6642582,200,157.53610897809267,qwen15b-npu6,
1782497988.6645434,200,158.28817477449775,qwen15b-npu6,
1782497988.664817,200,167.87683824077249,qwen15b-npu6,
1782497988.6651292,200,157.51830907538533,qwen15b-npu6,
1782497988.6654189,200,155.25217400863767,qwen15b-npu6,
1782497988.665678,200,156.78280405700207,qwen15b-npu6,
1782497988.6678655,200,154.14995606988668,qwen15b-npu7,
1782497988.6681178,200,153.20425992831588,qwen15b-npu7,
1782497988.6687748,200,154.3695880100131,qwen15b-npu7,
1782497988.6888165,200,173.42833569273353,qwen15b-npu6,
1782497988.723024,200,111.02790711447597,qwen15b-npu4,
1782497988.7359595,200,127.9910309240222,qwen15b-npu5,
1782497988.7362416,200,120.98620412871242,qwen15b-npu5,
1782497988.7429564,200,128.46855400130153,qwen15b-npu3,
1782497988.7486591,200,108.2597877830267,qwen15b-npu4,
1782497988.7489676,200,109.28553389385343,qwen15b-npu4,
1782497988.7492237,200,109.20773399993777,qwen15b-npu4,
1782497988.7609901,200,114.14732690900564,qwen15b-npu5,
1782497988.761278,200,114.11454668268561,qwen15b-npu5,
1782497988.7706625,200,123.24441783130169,qwen15b-npu7,
1782497988.77091,200,124.3546660989523,qwen15b-npu7,
1782497988.771492,200,117.0724369585514,qwen15b-npu7,
1782497988.7720177,200,138.98421404883265,qwen15b-npu3,
1782497988.772809,200,140.85713727399707,qwen15b-npu3,
1782497988.7731469,200,127.15157493948936,qwen15b-npu3,
1782497988.77371,200,129.48320107534528,qwen15b-npu4,
1782497988.7742667,200,142.01934356242418,qwen15b-npu3,
1782497988.7758665,200,127.78435880318284,qwen15b-npu6,
1782497988.7762573,200,131.7244260571897,qwen15b-npu4,
1782497988.7765615,200,114.64355094358325,qwen15b-npu4,
1782497988.7768698,200,129.1194478981197,qwen15b-npu4,
1782497988.7780495,200,132.34293973073363,qwen15b-npu6,
1782497988.7863944,200,121.18014506995678,qwen15b-npu5,
1782497988.7866447,200,121.15596514195204,qwen15b-npu5,
1782497988.7868671,200,118.93224995583296,qwen15b-npu5,
1782497988.7963777,200,127.52675684168935,qwen15b-npu3,
1782497988.796661,200,128.46702430397272,qwen15b-npu7,
1782497988.8091795,200,144.27429996430874,qwen15b-npu6,
1782497988.8094623,200,144.84519371762872,qwen15b-npu6,
1782497988.8097184,200,145.3633178025484,qwen15b-npu6,
1782497988.8100994,200,144.3435801193118,qwen15b-npu6,
1782497988.8206272,200,131.7383563145995,qwen15b-npu3,
1782497988.8409455,200,117.8337731398642,qwen15b-npu4,
1782497988.8608081,200,117.72631108760834,qwen15b-npu5,
1782497988.861099,200,124.79723896831274,qwen15b-npu5,
1782497988.8658462,200,116.81954516097903,qwen15b-npu4,
1782497988.8660889,200,104.7272440046072,qwen15b-npu4,
1782497988.8664048,200,105.33192800357938,qwen15b-npu4,
1782497988.8740673,200,138.0410478450358,qwen15b-npu3,
1782497988.8743236,200,125.56991400197148,qwen15b-npu3,
1782497988.883779,200,134.4798943027854,qwen15b-npu7,
1782497988.8899431,200,113.96911600604653,qwen15b-npu4,
1782497988.890285,200,117.4000590108335,qwen15b-npu4,
1782497988.8907094,200,119.9789959937334,qwen15b-npu4,
1782497988.9036353,200,132.65512231737375,qwen15b-npu7,
1782497988.9039168,200,125.80042611807585,qwen15b-npu7,
1782497988.9042954,200,127.94589111581445,qwen15b-npu3,
1782497988.9046102,200,133.05017491802573,qwen15b-npu7,
1782497988.904856,200,118.39194595813751,qwen15b-npu3,
1782497988.905104,200,118.39324608445168,qwen15b-npu3,
1782497988.9053504,200,131.00905111059546,qwen15b-npu3,
1782497988.905633,200,128.69536643847823,qwen15b-npu7,
1782497988.9140613,200,117.61364107951522,qwen15b-npu5,
1782497988.9143605,200,141.12585922703147,qwen15b-npu5,
1782497988.9147308,200,138.10274889692664,qwen15b-npu5,
1782497988.9232085,200,136.27047603949904,qwen15b-npu6,
1782497988.9242158,200,152.13255304843187,qwen15b-npu6,
1782497988.9244897,200,150.7138628512621,qwen15b-npu6,
1782497988.9255204,200,116.2561709061265,qwen15b-npu7,
1782497988.937592,200,127.78938887640834,qwen15b-npu5,
1782497988.9378831,200,127.71744793280959,qwen15b-npu5,
1782497988.9502773,200,140.75717702507973,qwen15b-npu6,
1782497988.9505136,200,153.78293441608548,qwen15b-npu6,
1782497988.9511194,200,130.41732599958777,qwen15b-npu3,
1782497988.9778404,200,116.67245393618941,qwen15b-npu3,
1782497988.9794717,200,138.45283072441816,qwen15b-npu6,
1782497988.9819865,200,115.80775864422321,qwen15b-npu4,
1782497988.9882727,200,127.3875655606389,qwen15b-npu5,
1782497989.0026836,200,118.83963877335191,qwen15b-npu3,
1782497989.0054011,200,138.92699405550957,qwen15b-npu7,
1782497989.0057988,200,131.41472404822707,qwen15b-npu7,
1782497989.0070617,200,116.25947058200836,qwen15b-npu4,
1782497989.007574,200,133.44230689108372,qwen15b-npu4,
1782497989.0088232,200,142.9126807488501,qwen15b-npu6,
1782497989.0294552,200,114.63144095614552,qwen15b-npu3,
1782497989.0300534,200,125.37543289363384,qwen15b-npu3,
1782497989.0307927,200,125.09728129953146,qwen15b-npu4,
1782497989.0310624,200,105.47626903280616,qwen15b-npu4,
1782497989.0314798,200,126.04584777727723,qwen15b-npu4,
1782497989.0323236,200,141.88874419778585,qwen15b-npu7,
1782497989.0330951,200,143.05865205824375,qwen15b-npu7,
1782497989.039015,200,134.9878772161901,qwen15b-npu6,
1782497989.039344,200,134.9507779814303,qwen15b-npu6,
1782497989.041431,200,127.28960579261184,qwen15b-npu5,
1782497989.0417383,200,138.02759815007448,qwen15b-npu5,
1782497989.0424988,200,117.93809290975332,qwen15b-npu5,
1782497989.0435078,200,138.34064127877355,qwen15b-npu5,
1782497989.0443783,200,139.449967071414,qwen15b-npu5,
1782497989.045011,200,121.70469900593162,qwen15b-npu5,
1782497989.0547328,200,130.43573684990406,qwen15b-npu3,
1782497989.0578506,200,119.89802587777376,qwen15b-npu7,
1782497989.0658672,200,128.19480197504163,qwen15b-npu6,
1782497989.0661411,200,151.67507994920015,qwen15b-npu6,
1782497989.076415,200,125.83147641271353,qwen15b-npu4,
1782497989.0843801,200,133.2006249576807,qwen15b-npu7,
1782497989.08474,200,134.39706386998296,qwen15b-npu7,
1782497989.0994787,200,121.48096691817045,qwen15b-npu4,
1782497989.10674,200,127.10644491016865,qwen15b-npu3,
1782497989.1137846,200,125.40624290704727,qwen15b-npu5,
1782497989.121252,200,139.17204504832625,qwen15b-npu6,
1782497989.1231537,200,114.26119832322001,qwen15b-npu4,
1782497989.1340108,200,128.49731370806694,qwen15b-npu3,
1782497989.1343522,200,131.56032375991344,qwen15b-npu3,
1782497989.1358368,200,129.909822717309,qwen15b-npu7,
1782497989.138773,200,131.0796714387834,qwen15b-npu5,
1782497989.1472127,200,114.7816120646894,qwen15b-npu4,
1782497989.147961,200,116.40408309176564,qwen15b-npu4,
1782497989.1492686,200,142.1082061715424,qwen15b-npu6,
1782497989.161105,200,130.240545142442,qwen15b-npu3,
1782497989.161415,200,116.280531976372,qwen15b-npu3,
1782497989.1632504,200,121.7391393147409,qwen15b-npu5,
1782497989.1646223,200,122.04071087762713,qwen15b-npu5,
1782497989.1648693,200,125.76164491474628,qwen15b-npu7,
1782497989.165123,200,135.58220118284225,qwen15b-npu7,
1782497989.1655746,200,121.9484000466764,qwen15b-npu7,
1782497989.1668413,200,124.97398117557168,qwen15b-npu7,
1782497989.1715455,200,127.03261384740472,qwen15b-npu4,
1782497989.171999,200,114.07970683649182,qwen15b-npu4,
1782497989.181377,200,148.20721605792642,qwen15b-npu6,
1782497989.1816962,200,126.87183311209083,qwen15b-npu6,
1782497989.182057,200,151.92840108647943,qwen15b-npu6,
1782497989.182802,200,151.66983008384705,qwen15b-npu6,
1782497989.18361,200,144.15080891922116,qwen15b-npu6,
1782497989.1883495,200,122.41509277373552,qwen15b-npu7,
1782497989.189372,200,123.14827786758542,qwen15b-npu3,
1782497989.1938722,200,117.31697805225849,qwen15b-npu4,
1782497989.2138672,200,129.39723022282124,qwen15b-npu5,
1782497989.214801,200,129.95053408667445,qwen15b-npu5,
1782497989.217353,200,103.45192486420274,qwen15b-npu4,
1782497989.2389774,200,117.60801123455167,qwen15b-npu5,
1782497989.2411711,200,117.92033165693283,qwen15b-npu7,
1782497989.2415245,200,134.72333597019315,qwen15b-npu3,
1782497989.2420022,200,142.43562798947096,qwen15b-npu3,
1782497989.2647102,200,117.42883967235684,qwen15b-npu4,
1782497989.2650294,200,126.19501911103725,qwen15b-npu5,
1782497989.2656326,200,129.71734208986163,qwen15b-npu6,
1782497989.2658691,200,131.3719036988914,qwen15b-npu5,
1782497989.2672923,200,119.22773206606507,qwen15b-npu3,
1782497989.268288,200,134.19927190989256,qwen15b-npu7,
1782497989.2686133,200,119.25788223743439,qwen15b-npu7,
1782497989.2891574,200,122.19592090696096,qwen15b-npu4,
1782497989.2895036,200,106.58951615914702,qwen15b-npu4,
1782497989.2926817,200,127.99600139260292,qwen15b-npu5,
1782497989.292995,200,127.35349638387561,qwen15b-npu5,
1782497989.2933528,200,130.03472378477454,qwen15b-npu5,
1782497989.2937007,200,121.56065786257386,qwen15b-npu5,
1782497989.2961526,200,134.97080700471997,qwen15b-npu3,
1782497989.2964182,200,134.9311270751059,qwen15b-npu6,
1782497989.2968466,200,131.6561852581799,qwen15b-npu6,
1782497989.2971225,200,132.18201883137226,qwen15b-npu3,
1782497989.3235722,200,141.4199396967888,qwen15b-npu7,
1782497989.323872,200,142.06621516495943,qwen15b-npu3,
1782497989.3242903,200,134.84076596796513,qwen15b-npu7,
1782497989.3246176,200,130.66810788586736,qwen15b-npu7,
1782497989.3260536,200,137.5960148870945,qwen15b-npu3,
1782497989.3264763,200,142.75076985359192,qwen15b-npu3,
1782497989.3268,200,155.13997292146087,qwen15b-npu6,
1782497989.32769,200,146.22634276747704,qwen15b-npu6,
1782497989.347936,200,133.01893416792154,qwen15b-npu7,
1782497989.3523972,200,134.9644772708416,qwen15b-npu6,
1782497989.3531692,200,139.2330857925117,qwen15b-npu6,
1782497989.361645,200,119.5665430277586,qwen15b-npu4,
1782497989.3619611,200,122.86951718851924,qwen15b-npu4,
1782497989.36274,200,121.46229669451714,qwen15b-npu4,
1782497989.3735535,200,131.93490682169795,qwen15b-npu3,
1782497989.3838668,200,116.49130331352353,qwen15b-npu4,
1782497989.390499,200,125.68468507379293,qwen15b-npu5,
1782497989.3910825,200,125.95831695944071,qwen15b-npu5,
1782497989.3998787,200,131.15756073966622,qwen15b-npu3,
1782497989.4014094,200,135.71704318746924,qwen15b-npu7,
1782497989.408378,200,111.45778000354767,qwen15b-npu4,
1782497989.4093935,200,113.16718021407723,qwen15b-npu4,
1782497989.4121797,200,143.796447198838,qwen15b-npu6,
1782497989.4125915,200,146.62920590490103,qwen15b-npu6,
1782497989.4159591,200,118.73891903087497,qwen15b-npu5,
1782497989.4279675,200,138.34020029753447,qwen15b-npu3,
1782497989.4286814,200,135.91821398586035,qwen15b-npu3,
1782497989.4289432,200,135.48535108566284,qwen15b-npu3,
1782497989.4298172,200,136.0097653232515,qwen15b-npu7,
1782497989.4302275,200,140.98998811095953,qwen15b-npu7,
1782497989.432856,200,108.46787923946977,qwen15b-npu4,
1782497989.4330952,200,109.09823374822736,qwen15b-npu4,
1782497989.4421077,200,118.45752596855164,qwen15b-npu5,
1782497989.4424043,200,145.88548010215163,qwen15b-npu6,
1782497989.44279,200,116.65154388174415,qwen15b-npu5,
1782497989.4431863,200,150.08560894057155,qwen15b-npu6,
1782497989.4531348,200,125.32325321808457,qwen15b-npu3,
1782497989.4579246,200,131.35767308995128,qwen15b-npu7,
1782497989.4583595,200,133.65997886285186,qwen15b-npu7,
1782497989.46947,200,142.57758809253573,qwen15b-npu6,
1782497989.479941,200,126.69287202879786,qwen15b-npu4,
1782497989.483662,200,135.64180210232735,qwen15b-npu7,
1782497989.4912803,200,129.21645864844322,qwen15b-npu5,
1782497989.4917026,200,128.86470695957541,qwen15b-npu5,
1782497989.4993427,200,137.6081150956452,qwen15b-npu6,
1782497989.5000594,200,147.59108191356063,qwen15b-npu6,
1782497989.5034013,200,119.45118336006999,qwen15b-npu4,
1782497989.5062008,200,132.5401607900858,qwen15b-npu3,
1782497989.5162346,200,125.57876529172063,qwen15b-npu5,
1782497989.5287778,200,128.79403587430716,qwen15b-npu4,
1782497989.5292778,200,113.24687115848064,qwen15b-npu4,
1782497989.5315642,200,140.36398427560925,qwen15b-npu6,
1782497989.5381691,200,129.73022181540728,qwen15b-npu3,
1782497989.5430348,200,130.7454388588667,qwen15b-npu5,
1782497989.5459435,200,144.43748211488128,qwen15b-npu7,
1782497989.546746,200,137.21624296158552,qwen15b-npu7,
1782497989.5514982,200,118.33373596891761,qwen15b-npu4,
1782497989.5634854,200,135.44295961037278,qwen15b-npu3,
1782497989.5637622,200,134.75071638822556,qwen15b-npu3,
1782497989.5641725,200,121.97949970141053,qwen15b-npu3,
1782497989.5679417,200,138.0535177886486,qwen15b-npu6,
1782497989.5690022,200,156.2842410057783,qwen15b-npu6,
1782497989.5695758,200,116.36676220223308,qwen15b-npu5,
1782497989.5698442,200,126.5603806823492,qwen15b-npu5,
1782497989.5702133,200,137.2893829829991,qwen15b-npu5,
1782497989.5755963,200,106.05318285524845,qwen15b-npu4,
1782497989.5767312,200,133.827218785882,qwen15b-npu7,
1782497989.5774128,200,148.6537391319871,qwen15b-npu7,
1782497989.5778222,200,147.52146182581782,qwen15b-npu7,
1782497989.587656,200,129.6209217980504,qwen15b-npu3,
1782497989.5959218,200,153.40214176103473,qwen15b-npu6,
1782497989.6019263,200,143.4393236413598,qwen15b-npu7,
1782497989.6179702,200,126.15243811160326,qwen15b-npu5,
1782497989.6183875,200,134.6542057581246,qwen15b-npu5,
1782497989.6231475,200,119.67458529397845,qwen15b-npu4,
1782497989.6234384,200,117.16852802783251,qwen15b-npu4,
1782497989.6264644,200,146.4425753802061,qwen15b-npu6,
1782497989.630002,200,130.5617680773139,qwen15b-npu7,
1782497989.630385,200,130.23525476455688,qwen15b-npu7,
1782497989.6460953,200,117.17710783705115,qwen15b-npu4,
1782497989.6557689,200,164.39696541056037,qwen15b-npu6,
1782497989.6562254,200,139.83712997287512,qwen15b-npu6,
1782497989.6664429,200,137.04152218997478,qwen15b-npu3,
1782497989.6667955,200,119.93433628231287,qwen15b-npu3,
1782497989.668246,200,116.67130468413234,qwen15b-npu5,
1782497989.6688817,200,125.78498618677258,qwen15b-npu5,
1782497989.6692646,200,137.59021507576108,qwen15b-npu3,
1782497989.6705732,200,107.00506903231144,qwen15b-npu4,
1782497989.6826043,200,144.37058987095952,qwen15b-npu7,
1782497989.6837492,200,137.74875598028302,qwen15b-npu6,
1782497989.6932352,200,123.5885308124125,qwen15b-npu5,
1782497989.695185,200,119.51017379760742,qwen15b-npu3,
1782497989.6954906,200,117.59145138785243,qwen15b-npu3,
1782497989.696044,200,131.78874598816037,qwen15b-npu3,
1782497989.6963975,200,126.1147684417665,qwen15b-npu4,
1782497989.6973217,200,119.8204648680985,qwen15b-npu4,
1782497989.7114313,200,143.42260407283902,qwen15b-npu7,
1782497989.7117205,200,134.87151684239507,qwen15b-npu7,
1782497989.7123735,200,142.4565170891583,qwen15b-npu7,
1782497989.7141867,200,145.1159161515534,qwen15b-npu6,
1782497989.7144651,200,150.6331218406558,qwen15b-npu6,
1782497989.7161894,200,128.4384927712381,qwen15b-npu3,
1782497989.7183766,200,122.38597311079502,qwen15b-npu4,
1782497989.7420769,200,111.59552028402686,qwen15b-npu4,
1782497989.7428656,200,124.78568777441978,qwen15b-npu3,
1782497989.7442613,200,142.2168160788715,qwen15b-npu6,
1782497989.7481403,200,121.60428799688816,qwen15b-npu5,
1782497989.7649398,200,134.8330769687891,qwen15b-npu7,
1782497989.7660625,200,142.83300004899502,qwen15b-npu7,
1782497989.7664828,200,110.08649040013552,qwen15b-npu4,
1782497989.7706633,200,114.79958100244403,qwen15b-npu5,
1782497989.7709908,200,124.8158598318696,qwen15b-npu5,
1782497989.7743201,200,155.80804785713553,qwen15b-npu6,
1782497989.7748613,200,151.35088795796037,qwen15b-npu6,
1782497989.7888072,200,121.93778902292252,qwen15b-npu4,
1782497989.792092,200,123.77378204837441,qwen15b-npu7,
1782497989.7937639,200,123.08579823002219,qwen15b-npu3,
1782497989.7960727,200,113.37577179074287,qwen15b-npu5,
1782497989.7963805,200,127.39803595468402,qwen15b-npu5,
1782497989.8043714,200,135.03904780372977,qwen15b-npu6,
1782497989.8047314,200,138.17758904770017,qwen15b-npu6,
1782497989.813323,200,116.85842601582408,qwen15b-npu4,
1782497989.8206506,200,127.29807524010539,qwen15b-npu7,
1782497989.8209705,200,125.71068620309234,qwen15b-npu7,
1782497989.8221061,200,126.44531019032001,qwen15b-npu5,
1782497989.8234968,200,139.68566991388798,qwen15b-npu3,
1782497989.8240042,200,127.83571984618902,qwen15b-npu5,
1782497989.832753,200,135.36101998761296,qwen15b-npu6,
1782497989.8378098,200,123.55221109464765,qwen15b-npu4,
1782497989.838359,200,119.91937598213553,qwen15b-npu4,
1782497989.847893,200,135.44616056606174,qwen15b-npu7,
1782497989.848309,200,132.02080689370632,qwen15b-npu7,
1782497989.8499131,200,138.39501980692148,qwen15b-npu3,
1782497989.850387,200,135.78362297266722,qwen15b-npu3,
1782497989.8607252,200,112.45955619961023,qwen15b-npu4,
1782497989.8635147,200,151.72581980004907,qwen15b-npu6,
1782497989.8708813,200,127.94048013165593,qwen15b-npu5,
1782497989.88444,200,110.05095019936562,qwen15b-npu4,
1782497989.8963516,200,125.28466200456023,qwen15b-npu5,
1782497989.9005373,200,133.8855498470366,qwen15b-npu3,
1782497989.9010537,200,134.86969703808427,qwen15b-npu3,
1782497989.9067097,200,162.2965312562883,qwen15b-npu6,
1782497989.9070578,200,164.84056785702705,qwen15b-npu6,
1782497989.9082453,200,103.79427717998624,qwen15b-npu4,
1782497989.914721,200,139.7907896898687,qwen15b-npu7,
1782497989.9153697,200,150.30841995030642,qwen15b-npu7,
1782497989.9233994,200,134.50891384854913,qwen15b-npu5,
1782497989.9240966,200,127.91580008342862,qwen15b-npu5,
1782497989.9244902,200,119.62326522916555,qwen15b-npu5,
1782497989.9264994,200,130.0580040551722,qwen15b-npu3,
1782497989.9269018,200,133.0682449042797,qwen15b-npu3,
1782497989.932137,200,111.09365662559867,qwen15b-npu4,
1782497989.936561,200,144.39189108088613,qwen15b-npu6,
1782497989.93705,200,166.28036834299564,qwen15b-npu6,
1782497989.9468884,200,123.27596917748451,qwen15b-npu5,
1782497989.9526393,200,114.7373216226697,qwen15b-npu3,
1782497989.9530735,200,120.24192931130528,qwen15b-npu3,
1782497989.9560797,200,117.6029909402132,qwen15b-npu4,
1782497989.956883,200,108.86467201635242,qwen15b-npu4,
1782497989.9647512,200,140.61778504401445,qwen15b-npu6,
1782497989.968351,200,147.62637205421925,qwen15b-npu7,
1782497989.9686024,200,155.2027426660061,qwen15b-npu7,
1782497989.9699135,200,147.64501294121146,qwen15b-npu7,
1782497989.9746985,200,126.27451866865158,qwen15b-npu5,
1782497989.975362,200,124.81423001736403,qwen15b-npu5,
1782497989.978591,200,117.75931064039469,qwen15b-npu3,
1782497989.9794264,200,115.84153864532709,qwen15b-npu4,
1782497989.9942682,200,144.23651015385985,qwen15b-npu6,
1782497989.9980433,200,127.03613378107548,qwen15b-npu5,
1782497990.0188644,200,122.425542678684,qwen15b-npu7,
1782497990.0226262,200,138.08068772777915,qwen15b-npu6,
1782497990.025973,200,124.79882873594761,qwen15b-npu4,
1782497990.0265238,200,111.03722732514143,qwen15b-npu4,
1782497990.0291197,200,114.28303783759475,qwen15b-npu3,
1782497990.0473979,200,140.25101298466325,qwen15b-npu7,
1782497990.0478594,200,139.51792800799012,qwen15b-npu7,
1782497990.0486035,200,121.99572008103132,qwen15b-npu4,
1782497990.0496821,200,122.66009394079447,qwen15b-npu7,
1782497990.0500302,200,112.84762900322676,qwen15b-npu5,
1782497990.0506153,200,126.00497808307409,qwen15b-npu5,
1782497990.0518909,200,145.07062500342727,qwen15b-npu6,
1782497990.0530636,200,152.37906388938427,qwen15b-npu6,
1782497990.0534704,200,129.25635883584619,qwen15b-npu6,
1782497990.0559096,200,132.40028964355588,qwen15b-npu3,
1782497990.0563426,200,124.08924428746104,qwen15b-npu3,
1782497990.0735831,200,108.76132128760219,qwen15b-npu4,
1782497990.0738788,200,117.72764194756746,qwen15b-npu7,
1782497990.074124,200,127.14268499985337,qwen15b-npu4,
1782497990.0743654,200,137.6675353385508,qwen15b-npu7,
1782497990.0750368,200,122.27302184328437,qwen15b-npu5,
1782497990.0793228,200,126.1204881593585,qwen15b-npu6,
1782497990.0827262,200,114.05544588342309,qwen15b-npu3,
1782497990.0830438,200,126.05337798595428,qwen15b-npu3,
1782497990.0955381,200,120.11309806257486,qwen15b-npu4,
1782497990.0983136,200,119.6235939860344,qwen15b-npu7,
1782497990.1000328,200,131.61181472241879,qwen15b-npu5,
1782497990.100937,200,130.88204991072416,qwen15b-npu5,
1782497990.1086736,200,133.87638004496694,qwen15b-npu3,
1782497990.109027,200,129.49176039546728,qwen15b-npu3,
1782497990.1094165,200,115.0522236712277,qwen15b-npu3,
1782497990.1359358,200,137.83026672899723,qwen15b-npu6,
1782497990.1501837,200,124.1520051844418,qwen15b-npu7,
1782497990.1515172,200,124.92696987465024,qwen15b-npu5,
1782497990.1671784,200,137.95478688552976,qwen15b-npu6,
1782497990.167617,200,148.68972962722182,qwen15b-npu6,
1782497990.1681678,200,145.48018807545304,qwen15b-npu6,
1782497990.1697693,200,121.10389489680529,qwen15b-npu4,
1782497990.1701689,200,120.396438986063,qwen15b-npu4,
1782497990.1707652,200,123.22697788476944,qwen15b-npu4,
1782497990.177356,200,121.32141599431634,qwen15b-npu7,
1782497990.1777778,200,121.36532599106431,qwen15b-npu7,
1782497990.1785371,200,124.99092100188136,qwen15b-npu5,
1782497990.1860845,200,132.93364318087697,qwen15b-npu3,
1782497990.1864493,200,134.44507401436567,qwen15b-npu3,
1782497990.1873186,200,139.34552716091275,qwen15b-npu3,
1782497990.1913702,200,108.24249824509025,qwen15b-npu4,
1782497990.191626,200,108.81429212167859,qwen15b-npu4,
1782497990.1988494,200,148.11851596459746,qwen15b-npu6,
1782497990.199177,200,149.0169120952487,qwen15b-npu6,
1782497990.2029161,200,123.50102001801133,qwen15b-npu7,
1782497990.203706,200,129.76332288235426,qwen15b-npu7,
1782497990.2066522,200,132.21212895587087,qwen15b-npu5,
1782497990.2070796,200,132.88974296301603,qwen15b-npu5,
1782497990.210341,200,135.21109893918037,qwen15b-npu3,
1782497990.2147877,200,119.17234119027853,qwen15b-npu4,
1782497990.2152965,200,106.20085429400206,qwen15b-npu4,
1782497990.223455,200,149.78524670004845,qwen15b-npu6,
1782497990.2293155,200,120.53217040374875,qwen15b-npu5,
1782497990.22961,200,131.22340198606253,qwen15b-npu5,
1782497990.2306569,200,121.17467494681478,qwen15b-npu7,
1782497990.2360973,200,135.96887467429042,qwen15b-npu3,
1782497990.2546604,200,153.59962172806263,qwen15b-npu6,
1782497990.2838378,200,132.25776003673673,qwen15b-npu6,
1782497990.2846975,200,148.68689887225628,qwen15b-npu6,
1782497990.2850623,200,134.81967709958553,qwen15b-npu7,
1782497990.2864246,200,118.1441736407578,qwen15b-npu4,
1782497990.2866883,200,108.0439668148756,qwen15b-npu4,
1782497990.2894819,200,118.60253661870956,qwen15b-npu3,
1782497990.2903159,200,123.00933711230755,qwen15b-npu3,
1782497990.3053846,200,137.6035949215293,qwen15b-npu5,
1782497990.3057394,200,119.5403840392828,qwen15b-npu5,
1782497990.3060863,200,128.5959337837994,qwen15b-npu5,
1782497990.3117936,200,141.52155118063092,qwen15b-npu6,
1782497990.3134959,200,143.61727610230446,qwen15b-npu7,
1782497990.3138158,200,126.39557989314198,qwen15b-npu7,
1782497990.314209,200,136.3632371649146,qwen15b-npu7,
1782497990.316363,200,117.10975738242269,qwen15b-npu3,
1782497990.3166764,200,130.15027530491352,qwen15b-npu3,
1782497990.3286278,200,125.65411487594247,qwen15b-npu5,
1782497990.3293698,200,122.18607170507312,qwen15b-npu5,
1782497990.334146,200,123.74533200636506,qwen15b-npu4,
1782497990.3343878,200,119.03253989294171,qwen15b-npu4,
1782497990.3348188,200,128.0813910998404,qwen15b-npu4,
1782497990.3395548,200,140.63524501398206,qwen15b-npu7,
1782497990.3407552,200,136.9659206829965,qwen15b-npu3,
1782497990.3432631,200,151.80952101945877,qwen15b-npu6,
1782497990.3440976,200,152.40921499207616,qwen15b-npu6,
1782497990.3532295,200,123.83555294945836,qwen15b-npu5,
1782497990.367175,200,131.0064410790801,qwen15b-npu7,
1782497990.3679638,200,137.22714176401496,qwen15b-npu3,
1782497990.3688164,200,139.0731451101601,qwen15b-npu3,
1782497990.3727021,200,157.85240102559328,qwen15b-npu6,
1782497990.3730824,200,149.52898491173983,qwen15b-npu6,
1782497990.394722,200,139.91460110992193,qwen15b-npu7,
1782497990.4023018,200,111.87405185773969,qwen15b-npu4,
1782497990.403518,200,119.55954367294908,qwen15b-npu5,
1782497990.4038746,200,117.09985788911581,qwen15b-npu5,
1782497990.4214516,200,136.27810683101416,qwen15b-npu7,
1782497990.421936,200,132.39168003201485,qwen15b-npu7,
1782497990.4262013,200,120.71036221459508,qwen15b-npu4,
1782497990.4279163,200,143.1185221299529,qwen15b-npu6,
1782497990.4286585,200,142.16562593355775,qwen15b-npu6,
1782497990.4289448,200,115.35088485106826,qwen15b-npu5,
1782497990.4293451,200,123.51111089810729,qwen15b-npu4,
1782497990.4296496,200,112.90149902924895,qwen15b-npu5,
1782497990.4451115,200,128.66029515862465,qwen15b-npu3,
1782497990.4454854,200,133.6303479038179,qwen15b-npu3,
1782497990.448018,200,133.7358490563929,qwen15b-npu7,
1782497990.4487798,200,120.08561659604311,qwen15b-npu7,
1782497990.4506848,200,116.22494086623192,qwen15b-npu4,
1782497990.4510057,200,116.79463507607579,qwen15b-npu4,
1782497990.4514756,200,122.01786087825894,qwen15b-npu4,
1782497990.4525485,200,109.20146387070417,qwen15b-npu5,
1782497990.453227,200,118.32997482270002,qwen15b-npu5,
1782497990.4560432,200,149.8889666981995,qwen15b-npu6,
1782497990.456404,200,142.51797832548618,qwen15b-npu6,
1782497990.4719815,200,127.77921929955482,qwen15b-npu3,
1782497990.4723477,200,118.97426005452871,qwen15b-npu3,
1782497990.472768,200,131.9312872365117,qwen15b-npu3,
1782497990.4840977,200,144.46243084967136,qwen15b-npu6,
1782497990.4961853,200,122.93946603313088,qwen15b-npu4,
1782497990.4965522,200,123.74029215425253,qwen15b-npu3,
1782497990.4993424,200,131.27039186656475,qwen15b-npu7,
1782497990.5003202,200,133.0609149299562,qwen15b-npu7,
1782497990.5133827,200,144.46034096181393,qwen15b-npu6,
1782497990.5193224,200,115.38412608206272,qwen15b-npu4,
1782497990.5250368,200,130.2266251295805,qwen15b-npu7,
1782497990.5270104,200,123.37904889136553,qwen15b-npu5,
1782497990.5427356,200,140.31244302168489,qwen15b-npu6,
1782497990.5430264,200,116.70735478401184,qwen15b-npu4,
1782497990.5488229,200,119.05845021829009,qwen15b-npu3,
1782497990.5491292,200,127.54580704495311,qwen15b-npu3,
1782497990.5514646,200,122.05133074894547,qwen15b-npu7,
1782497990.552251,200,130.21061476320028,qwen15b-npu7,
1782497990.5536742,200,125.6287950091064,qwen15b-npu5,
1782497990.5539927,200,125.25840196758509,qwen15b-npu5,
1782497990.5668337,200,118.7450080178678,qwen15b-npu4,
1782497990.5672727,200,114.64133113622665,qwen15b-npu4,
1782497990.5727913,200,127.57127685472369,qwen15b-npu6,
1782497990.5731444,200,144.0846691839397,qwen15b-npu6,
1782497990.5754275,200,129.84510324895382,qwen15b-npu3,
1782497990.5758164,200,119.30075287818909,qwen15b-npu3,
1782497990.5766265,200,125.08706096559763,qwen15b-npu3,
1782497990.5775666,200,126.44983036443591,qwen15b-npu7,
1782497990.5802083,200,129.42876992747188,qwen15b-npu5,
1782497990.580649,200,127.33887601643801,qwen15b-npu5,
1782497990.5898232,200,105.61610013246536,qwen15b-npu4,
1782497990.6024206,200,146.28189336508512,qwen15b-npu6,
1782497990.6028738,200,154.00600479915738,qwen15b-npu6,
1782497990.60462,200,132.19935912638903,qwen15b-npu7,
1782497990.6049528,200,132.103328127414,qwen15b-npu7,
1782497990.6057653,200,133.66948906332254,qwen15b-npu5,
1782497990.6140728,200,114.62726118043065,qwen15b-npu4,
1782497990.6234677,200,109.981678891927,qwen15b-npu3,
1782497990.629546,200,129.10952791571617,qwen15b-npu7,
1782497990.6310296,200,134.36717400327325,qwen15b-npu6,
1782497990.6313894,200,135.11190796270967,qwen15b-npu6,
1782497990.6506476,200,125.4642941057682,qwen15b-npu3,
1782497990.6563141,200,129.1974689811468,qwen15b-npu7,
1782497990.6573567,200,114.53399993479252,qwen15b-npu5,
1782497990.6590216,200,139.60590865463018,qwen15b-npu6,
1782497990.662132,200,119.04570972546935,qwen15b-npu4,
1782497990.6624248,200,113.53374272584915,qwen15b-npu4,
1782497990.682094,200,130.5490881204605,qwen15b-npu7,
1782497990.684332,200,131.98547717183828,qwen15b-npu5,
1782497990.6851878,200,135.9398839995265,qwen15b-npu5,
1782497990.6858573,200,118.94173873588443,qwen15b-npu4,
1782497990.6861465,200,110.21505109965801,qwen15b-npu4,
1782497990.6912107,200,137.4433939345181,qwen15b-npu6,
1782497990.6915994,200,137.5081641599536,qwen15b-npu6,
1782497990.7025335,200,124.90794993937016,qwen15b-npu3,
1782497990.7031631,200,127.62069841846824,qwen15b-npu3,
1782497990.7034945,200,113.56111383065581,qwen15b-npu3,
1782497990.7038586,200,136.51283690705895,qwen15b-npu3,
1782497990.7082298,200,105.25992792099714,qwen15b-npu4,
1782497990.7092614,200,136.05574471876025,qwen15b-npu7,
1782497990.7096171,200,132.93122360482812,qwen15b-npu7,
1782497990.7110062,200,138.12565803527832,qwen15b-npu5,
1782497990.7115638,200,131.233312189579,qwen15b-npu5,
1782497990.7174983,200,136.7385289631784,qwen15b-npu6,
1782497990.7335043,200,103.88411907479167,qwen15b-npu4,
1782497990.733874,200,128.84800601750612,qwen15b-npu4,
1782497990.7348359,200,120.68731198087335,qwen15b-npu7,
1782497990.7354543,200,129.61765239015222,qwen15b-npu5,
1782497990.747276,200,142.55376812070608,qwen15b-npu6,
1782497990.747995,200,145.43924806639552,qwen15b-npu6,
1782497990.751643,200,128.10058239847422,qwen15b-npu3,
1782497990.7602594,200,129.1202181018889,qwen15b-npu5,
1782497990.762037,200,130.52484765648842,qwen15b-npu7,
1782497990.7784274,200,127.62881768867373,qwen15b-npu3,
1782497990.778931,200,119.85066579654813,qwen15b-npu3,
1782497990.780816,200,118.25724504888058,qwen15b-npu4,
1782497990.7812293,200,123.81224287673831,qwen15b-npu4,
1782497990.7860162,200,129.60952194407582,qwen15b-npu5,
1782497990.7897027,200,127.49482784420252,qwen15b-npu7,
1782497990.812396,200,130.20802475512028,qwen15b-npu5,
1782497990.8133204,200,127.38593621179461,qwen15b-npu5,
1782497990.8178298,200,132.51182064414024,qwen15b-npu7,
1782497990.8181767,200,126.50698097422719,qwen15b-npu7,
1782497990.830919,200,126.96811370551586,qwen15b-npu4,
1782497990.831376,200,119.68445498496294,qwen15b-npu3,
1782497990.8318048,200,114.21570787206292,qwen15b-npu3,
1782497990.832274,200,129.63577173650265,qwen15b-npu3,
1782497990.8327813,200,121.6592276468873,qwen15b-npu4,
1782497990.8382132,200,151.99919184669852,qwen15b-npu6,
1782497990.8389251,200,147.6057032123208,qwen15b-npu6,
1782497990.839674,200,155.21007403731346,qwen15b-npu6,
1782497990.8400342,200,136.76276011392474,qwen15b-npu5,
1782497990.8403134,200,130.9563908725977,qwen15b-npu5,
1782497990.8441854,200,140.58370469138026,qwen15b-npu7,
1782497990.8529055,200,119.30093308910728,qwen15b-npu4,
1782497990.853787,200,118.88200882822275,qwen15b-npu3,
1782497990.8634105,200,116.0734100267291,qwen15b-npu5,
1782497990.8643048,200,116.21045088395476,qwen15b-npu5,
1782497990.865351,200,155.66989593207836,qwen15b-npu6,
1782497990.8656914,200,157.36278798431158,qwen15b-npu6,
1782497990.871381,200,137.43095379322767,qwen15b-npu7,
1782497990.871819,200,136.26945717260242,qwen15b-npu7,
1782497990.8862534,200,125.89974701404572,qwen15b-npu3,
1782497990.894736,200,132.58812204003334,qwen15b-npu6,
1782497990.8952963,200,143.55292497202754,qwen15b-npu6,
1782497990.896512,200,115.17047509551048,qwen15b-npu7,
1782497990.9015782,200,115.50219729542732,qwen15b-npu4,
1782497990.9025357,200,123.92317317426205,qwen15b-npu4,
1782497990.9117975,200,132.75506207719445,qwen15b-npu5,
1782497990.9226646,200,132.9023940488696,qwen15b-npu7,
1782497990.9234886,200,142.5489978864789,qwen15b-npu6,
1782497990.9302206,200,112.27966472506523,qwen15b-npu3,
1782497990.9372244,200,123.69969114661217,qwen15b-npu5,
1782497990.950269,200,111.23573780059814,qwen15b-npu4,
1782497990.9506226,200,118.69909800589085,qwen15b-npu4,
1782497990.9510016,200,111.22171813622117,qwen15b-npu4,
1782497990.9523268,200,119.4163030013442,qwen15b-npu7,
1782497990.9530945,200,122.03930970281363,qwen15b-npu7,
1782497990.9535472,200,141.07426814734936,qwen15b-npu7,
1782497990.9547465,200,136.45995687693357,qwen15b-npu6,
1782497990.9563444,200,112.07733396440744,qwen15b-npu3,
1782497990.9629889,200,122.57470423355699,qwen15b-npu5,
1782497990.9744258,200,120.56585075333714,qwen15b-npu4,
1782497990.974781,200,121.77490908652544,qwen15b-npu4,
1782497990.9752977,200,109.48497615754604,qwen15b-npu4,
1782497990.9765892,200,136.48159801959991,qwen15b-npu7,
1782497990.9832523,200,150.8589438162744,qwen15b-npu6,
1782497990.9836116,200,152.10509207099676,qwen15b-npu6,
1782497990.9840033,200,145.6843400374055,qwen15b-npu6,
1782497990.9844472,200,120.94887299463153,qwen15b-npu3,
1782497990.9852722,200,119.8259349912405,qwen15b-npu3,
1782497990.9891434,200,124.7352878563106,qwen15b-npu5,
1782497991.0029776,200,116.64467444643378,qwen15b-npu7,
1782497991.0085235,200,113.67222527042031,qwen15b-npu3,
1782497991.008926,200,137.4270343221724,qwen15b-npu3,
1782497991.009811,200,137.88610696792603,qwen15b-npu6,
1782497991.0200148,200,117.35383933410048,qwen15b-npu4,
1782497991.0298858,200,134.5137939788401,qwen15b-npu7,
1782497991.0336006,200,136.99495093896985,qwen15b-npu3,
1782497991.038875,200,115.27096526697278,qwen15b-npu5,
1782497991.039332,200,116.608333773911,qwen15b-npu5,
1782497991.0403144,200,128.42716416344047,qwen15b-npu6,
1782497991.0405552,200,138.91847431659698,qwen15b-npu6,
1782497991.0595431,200,122.22513183951378,qwen15b-npu3,
1782497991.0644126,200,134.0942713432014,qwen15b-npu5,
1782497991.0682187,200,117.85352230072021,qwen15b-npu4,
1782497991.0689638,200,112.5479368492961,qwen15b-npu4,
1782497991.08445,200,133.37554689496756,qwen15b-npu7,
1782497991.0848792,200,130.02685410901904,qwen15b-npu7,
1782497991.085134,200,131.9219172000885,qwen15b-npu7,
1782497991.0859585,200,122.8739358484745,qwen15b-npu3,
1782497991.0910425,200,116.19127169251442,qwen15b-npu5,
1782497991.09136,200,138.91649432480335,qwen15b-npu5,
1782497991.0916803,200,138.02200788632035,qwen15b-npu5,
1782497991.0926814,200,108.95009292289615,qwen15b-npu4,
1782497991.0930176,200,117.59273102506995,qwen15b-npu4,
1782497991.098433,200,147.67135307192802,qwen15b-npu6,
1782497991.1104262,200,133.72973911464214,qwen15b-npu7,
1782497991.110839,200,121.58238794654608,qwen15b-npu7,
1782497991.1139102,200,129.388939589262,qwen15b-npu3,
1782497991.1147947,200,104.90093473345041,qwen15b-npu4,
1782497991.1154866,200,132.13283801451325,qwen15b-npu5,
1782497991.1294794,200,154.94280168786645,qwen15b-npu6,
1782497991.129904,200,144.55254189670086,qwen15b-npu6,
1782497991.1303089,200,146.1934926919639,qwen15b-npu6,
1782497991.1356194,200,126.6209208406508,qwen15b-npu7,
1782497991.1388204,200,108.82609197869897,qwen15b-npu4,
1782497991.1422477,200,122.12247122079134,qwen15b-npu3,
1782497991.1427884,200,134.15484223514795,qwen15b-npu3,
1782497991.1433952,200,140.327004250139,qwen15b-npu3,
1782497991.1624079,200,122.9843758046627,qwen15b-npu4,
1782497991.1679573,200,128.9810868911445,qwen15b-npu5,
1782497991.1685236,200,134.828875772655,qwen15b-npu5,
1782497991.1867697,200,127.11540469899774,qwen15b-npu4,
1782497991.1872025,200,146.58257504925132,qwen15b-npu6,
1782497991.1880944,200,147.71602302789688,qwen15b-npu6,
1782497991.1883912,200,123.88708302751184,qwen15b-npu7,
1782497991.1925566,200,123.50361002609134,qwen15b-npu3,
1782497991.1929042,200,124.59251657128334,qwen15b-npu3,
1782497991.2159207,200,130.70938922464848,qwen15b-npu7,
1782497991.2166018,200,132.0174876600504,qwen15b-npu7,
1782497991.216922,200,125.1748320646584,qwen15b-npu7,
1782497991.218897,200,132.86416279152036,qwen15b-npu3,
1782497991.2192755,200,126.16813881322742,qwen15b-npu5,
1782497991.2197065,200,134.7508761100471,qwen15b-npu3,
1782497991.2201018,200,127.31859600171447,qwen15b-npu5,
1782497991.233617,200,119.62934397161007,qwen15b-npu4,
1782497991.2339218,200,123.38443892076612,qwen15b-npu4,
1782497991.2421224,200,126.54888117685914,qwen15b-npu7,
1782497991.242359,200,112.34420537948608,qwen15b-npu5,
1782497991.243746,200,132.82866310328245,qwen15b-npu3,
1782497991.2444673,200,129.61217109113932,qwen15b-npu5,
1782497991.244884,200,153.4446319565177,qwen15b-npu6,
1782497991.2457151,200,154.5681389980018,qwen15b-npu6,
1782497991.2468212,200,148.3188970014453,qwen15b-npu6,
1782497991.2567008,200,113.78927528858185,qwen15b-npu4,
1782497991.2668114,200,123.3002389781177,qwen15b-npu5,
1782497991.2693377,200,130.40977716445923,qwen15b-npu7,
1782497991.2708921,200,135.1746991276741,qwen15b-npu3,
1782497991.2712657,200,140.85103711113334,qwen15b-npu3,
1782497991.2721627,200,129.74289199337363,qwen15b-npu6,
1782497991.2731209,200,143.51145504042506,qwen15b-npu6,
1782497991.2807643,200,112.17556428164244,qwen15b-npu4,
1782497991.292427,200,129.9552540294826,qwen15b-npu5,
1782497991.2927086,200,124.68889774754643,qwen15b-npu5,
1782497991.304736,200,112.08337312564254,qwen15b-npu4,
1782497991.3170297,200,124.05686406418681,qwen15b-npu5,
1782497991.3208482,200,133.5335378535092,qwen15b-npu3,
1782497991.324099,200,137.2007322497666,qwen15b-npu7,
1782497991.3243594,200,135.86109271273017,qwen15b-npu7,
1782497991.3283718,200,109.02792261913419,qwen15b-npu4,
1782497991.3300183,200,141.84918301180005,qwen15b-npu6,
1782497991.3440304,200,128.02743026986718,qwen15b-npu5,
1782497991.3444307,200,124.60773810744286,qwen15b-npu5,
1782497991.3470876,200,130.40543720126152,qwen15b-npu3,
1782497991.351246,200,130.98908076062799,qwen15b-npu7,
1782497991.3521025,200,118.38904581964016,qwen15b-npu7,
1782497991.3542104,200,110.33434234559536,qwen15b-npu4,
1782497991.354561,200,112.14372422546148,qwen15b-npu4,
1782497991.3548312,200,120.83572195842862,qwen15b-npu4,
1782497991.3606715,200,141.65319176390767,qwen15b-npu6,
1782497991.3610635,200,144.0181378275156,qwen15b-npu6,
1782497991.3679752,200,122.1447610296309,qwen15b-npu5,
1782497991.3747818,200,132.5927311554551,qwen15b-npu3,
1782497991.3750894,200,128.16046085208654,qwen15b-npu3,
1782497991.3759792,200,104.98899640515447,qwen15b-npu4,
1782497991.3809087,200,124.09853376448154,qwen15b-npu7,
1782497991.3813598,200,136.4182368852198,qwen15b-npu7,
1782497991.3878753,200,143.3058031834662,qwen15b-npu6,
1782497991.3997715,200,106.9455691613257,qwen15b-npu4,
1782497991.4049337,200,133.51719826459885,qwen15b-npu7,
1782497991.4072447,200,134.01866098865867,qwen15b-npu3,
1782497991.4075582,200,138.11098877340555,qwen15b-npu3,
1782497991.4080272,200,127.16537481173873,qwen15b-npu3,
1782497991.4171026,200,150.1956400461495,qwen15b-npu6,
1782497991.4174044,200,145.17591567710042,qwen15b-npu6,
1782497991.4189723,200,126.4703399501741,qwen15b-npu5,
1782497991.4193757,200,114.55147014930844,qwen15b-npu5,
1782497991.4432042,200,126.11256819218397,qwen15b-npu5,
1782497991.4463944,200,122.22680170089006,qwen15b-npu4,
1782497991.457936,200,137.02900102362037,qwen15b-npu7,
1782497991.4589238,200,134.46608372032642,qwen15b-npu3,
1782497991.4704561,200,116.1297201178968,qwen15b-npu5,
1782497991.4708254,200,116.1952312104404,qwen15b-npu5,
1782497991.4722,200,119.99922711402178,qwen15b-npu4,
1782497991.4725318,200,121.1305339820683,qwen15b-npu4,
1782497991.4745607,200,144.4477909244597,qwen15b-npu6,
1782497991.4749289,200,130.38731599226594,qwen15b-npu6,
1782497991.4760437,200,147.56121207028627,qwen15b-npu6,
1782497991.4856236,200,141.4721212349832,qwen15b-npu7,
1782497991.4859972,200,124.8430390842259,qwen15b-npu7,
1782497991.4876773,200,126.8984330818057,qwen15b-npu3,
1782497991.488908,200,141.7462327517569,qwen15b-npu3,
1782497991.4944756,200,113.0012501962483,qwen15b-npu4,
1782497991.5023696,200,126.32011901587248,qwen15b-npu6,
1782497991.5028884,200,147.93634414672852,qwen15b-npu6,
1782497991.512414,200,137.55784509703517,qwen15b-npu7,
1782497991.5127838,200,137.588104698807,qwen15b-npu7,
1782497991.5167255,200,148.65207998082042,qwen15b-npu3,
1782497991.517029,200,135.99818525835872,qwen15b-npu3,
1782497991.518567,200,113.53499302640557,qwen15b-npu4,
1782497991.5193126,200,111.17092799395323,qwen15b-npu4,
1782497991.5248015,200,136.86361024156213,qwen15b-npu5,
1782497991.5250676,200,125.17877202481031,qwen15b-npu5,
1782497991.5421975,200,134.51922498643398,qwen15b-npu3,
1782497991.548401,200,131.2190517783165,qwen15b-npu5,
1782497991.549432,200,131.90822582691908,qwen15b-npu7,
1782497991.549833,200,142.50439777970314,qwen15b-npu7,
1782497991.5645998,200,106.59853601828218,qwen15b-npu4,
1782497991.571173,200,152.09486335515976,qwen15b-npu6,
1782497991.5714831,200,151.99136221781373,qwen15b-npu6,
1782497991.573741,200,127.28352565318346,qwen15b-npu5,
1782497991.5894277,200,114.38935901969671,qwen15b-npu4,
1782497991.589725,200,115.05472287535667,qwen15b-npu4,
1782497991.5958598,200,123.1616591103375,qwen15b-npu3,
1782497991.5963926,200,137.35486287623644,qwen15b-npu3,
1782497991.5972564,200,153.945405036211,qwen15b-npu6,
1782497991.6005435,200,129.58340113982558,qwen15b-npu5,
1782497991.6017616,200,129.48211980983615,qwen15b-npu7,
1782497991.6118941,200,122.88925610482693,qwen15b-npu4,
1782497991.62267,200,136.55020808801055,qwen15b-npu3,
1782497991.6230488,200,120.55101012811065,qwen15b-npu3,
1782497991.6266708,200,113.82115632295609,qwen15b-npu5,
1782497991.6269314,200,141.2229989655316,qwen15b-npu5,
1782497991.6274273,200,132.8540830872953,qwen15b-npu5,
1782497991.6280746,200,151.9278809428215,qwen15b-npu6,
1782497991.6284409,200,157.89111237972975,qwen15b-npu6,
1782497991.629975,200,142.18848617747426,qwen15b-npu7,
1782497991.635602,200,118.50172700360417,qwen15b-npu4,
1782497991.6489952,200,123.80650267004967,qwen15b-npu3,
1782497991.6497293,200,130.3164758719504,qwen15b-npu5,
1782497991.6578684,200,141.06700802221894,qwen15b-npu7,
1782497991.6588814,200,140.2501929551363,qwen15b-npu6,
1782497991.6592295,200,156.1568002216518,qwen15b-npu6,
1782497991.6596167,200,147.09261897951365,qwen15b-npu7,
1782497991.660349,200,135.48418087884784,qwen15b-npu6,
1782497991.6608753,200,112.37723613157868,qwen15b-npu4,
1782497991.6754818,200,125.94481697306037,qwen15b-npu5,
1782497991.6763046,200,126.39659876003861,qwen15b-npu3,
1782497991.6836822,200,112.441245932132,qwen15b-npu4,
1782497991.6852376,200,142.96208089217544,qwen15b-npu7,
1782497991.6855505,200,120.85817288607359,qwen15b-npu7,
1782497991.7011607,200,127.32507707551122,qwen15b-npu5,
1782497991.706935,200,106.28599394112825,qwen15b-npu4,
1782497991.7116144,200,122.1091109327972,qwen15b-npu7,
1782497991.7143872,200,142.74069899693131,qwen15b-npu6,
1782497991.7277951,200,125.9617768228054,qwen15b-npu5,
1782497991.728912,200,132.89034320041537,qwen15b-npu5,
1782497991.7305412,200,140.6882661394775,qwen15b-npu3,
1782497991.730872,200,134.35078272596002,qwen15b-npu3,
1782497991.7319865,200,108.80856215953827,qwen15b-npu4,
1782497991.7388194,200,126.85033306479454,qwen15b-npu7,
1782497991.7434516,200,146.10034180805087,qwen15b-npu6,
1782497991.7538126,200,126.81445199996233,qwen15b-npu5,
1782497991.7553685,200,128.62471491098404,qwen15b-npu4,
1782497991.7558224,200,120.14774791896343,qwen15b-npu4,
1782497991.7589483,200,130.44072687625885,qwen15b-npu3,
1782497991.759291,200,129.2457189410925,qwen15b-npu3,
1782497991.7672443,200,139.0489349141717,qwen15b-npu7,
1782497991.7681248,200,145.34392720088363,qwen15b-npu7,
1782497991.7724006,200,144.85868299379945,qwen15b-npu6,
1782497991.7778761,200,102.28937724605203,qwen15b-npu4,
1782497991.7816281,200,121.8968597240746,qwen15b-npu5,
1782497991.7825418,200,122.09132127463818,qwen15b-npu5,
1782497991.7829142,200,133.091164752841,qwen15b-npu5,
1782497991.7862659,200,128.29068303108215,qwen15b-npu3,
1782497991.7866342,200,127.6632877998054,qwen15b-npu3,
1782497991.7948065,200,118.42588568106294,qwen15b-npu7,
1782497991.795589,200,134.65002505108714,qwen15b-npu7,
1782497991.8016484,200,152.5790262967348,qwen15b-npu6,
1782497991.802497,200,143.14796309918165,qwen15b-npu6,
1782497991.8218827,200,136.5595180541277,qwen15b-npu7,
1782497991.824884,200,117.84074176102877,qwen15b-npu4,
1782497991.8298872,200,144.26840003579855,qwen15b-npu6,
1782497991.830753,200,129.5132408849895,qwen15b-npu6,
1782497991.8310702,200,147.2616600804031,qwen15b-npu6,
1782497991.8321345,200,120.42258027940989,qwen15b-npu5,
1782497991.849664,200,121.79298885166645,qwen15b-npu4,
1782497991.8500462,200,119.10370131954551,qwen15b-npu4,
1782497991.8568058,200,113.28490218147635,qwen15b-npu5,
1782497991.857496,200,143.0064318701625,qwen15b-npu6,
1782497991.8702776,200,141.21015882119536,qwen15b-npu3,
1782497991.8708208,200,140.17337234690785,qwen15b-npu3,
1782497991.8843522,200,152.2937542758882,qwen15b-npu7,
1782497991.8853562,200,129.85743302851915,qwen15b-npu7,
1782497991.8858173,200,146.88306814059615,qwen15b-npu7,
1782497991.8885086,200,134.59189515560865,qwen15b-npu6,
1782497991.8888702,200,129.5058811083436,qwen15b-npu6,
1782497991.8897843,200,122.4714140407741,qwen15b-npu5,
1782497991.890329,200,134.37365321442485,qwen15b-npu5,
1782497991.8968701,200,137.82272581011057,qwen15b-npu3,
1782497991.8990881,200,112.71717818453908,qwen15b-npu4,
1782497991.8997803,200,113.0750896409154,qwen15b-npu4,
1782497991.9001033,200,127.63533787801862,qwen15b-npu4,
1782497991.9013042,200,133.0642350949347,qwen15b-npu7,
1782497991.9089656,200,126.32565991953015,qwen15b-npu5,
1782497991.909674,200,127.97392997890711,qwen15b-npu5,
1782497991.9175694,200,134.58837382495403,qwen15b-npu6,
1782497991.917977,200,139.99203126877546,qwen15b-npu6,
1782497991.921589,200,126.71413132920861,qwen15b-npu4,
1782497991.9262996,200,130.6112981401384,qwen15b-npu3,
1782497991.9266407,200,124.88357862457633,qwen15b-npu3,
1782497991.9270825,200,124.47956576943398,qwen15b-npu3,
1782497991.945276,200,113.04388009011745,qwen15b-npu4,
1782497991.9516397,200,129.64266166090965,qwen15b-npu3,
1782497991.954211,200,123.06073820218444,qwen15b-npu7,
1782497991.9544501,200,124.48966689407825,qwen15b-npu7,
1782497991.9593954,200,128.56972496956587,qwen15b-npu5,
1782497991.9743483,200,149.3948637507856,qwen15b-npu6,
1782497991.979549,200,129.7747320495546,qwen15b-npu3,
1782497991.9801865,200,130.06923394277692,qwen15b-npu7,
1782497991.993662,200,108.1210570409894,qwen15b-npu4,
1782497991.9941406,200,109.70167675986886,qwen15b-npu4,
1782497992.0033348,200,145.76713042333722,qwen15b-npu6,
1782497992.0038998,200,147.0220689661801,qwen15b-npu6,
1782497992.007169,200,117.31751915067434,qwen15b-npu7,
1782497992.007463,200,117.0629970729351,qwen15b-npu7,
1782497992.0132928,200,142.84382993355393,qwen15b-npu5,
1782497992.013734,200,113.5146226733923,qwen15b-npu5,
1782497992.0141516,200,143.20171298459172,qwen15b-npu5,
1782497992.0171509,200,120.20994815975428,qwen15b-npu4,
1782497992.0175178,200,116.14726996049285,qwen15b-npu4,
1782497992.0317185,200,143.1101318448782,qwen15b-npu6,
1782497992.0325527,200,133.38384684175253,qwen15b-npu7,
1782497992.035637,200,117.95892287045717,qwen15b-npu5,
1782497992.0379505,200,128.172701690346,qwen15b-npu3,
1782497992.0382948,200,149.35464411973953,qwen15b-npu3,
1782497992.0386567,200,138.78563418984413,qwen15b-npu3,
1782497992.0398462,200,153.92099507153034,qwen15b-npu3,
1782497992.0408196,200,119.15955087170005,qwen15b-npu4,
1782497992.0593753,200,132.1629388257861,qwen15b-npu7,
1782497992.0607088,200,115.37218606099486,qwen15b-npu7,
1782497992.0612018,200,134.4342539086938,qwen15b-npu5,
1782497992.0618129,200,152.7856569737196,qwen15b-npu6,
1782497992.0623448,200,135.94896392896771,qwen15b-npu6,
1782497992.0637577,200,109.4771958887577,qwen15b-npu4,
1782497992.0659611,200,147.86568423733115,qwen15b-npu3,
1782497992.0855818,200,126.12056778743863,qwen15b-npu5,
1782497992.0862544,200,131.73571601510048,qwen15b-npu7,
1782497992.0869114,200,107.29496087878942,qwen15b-npu4,
1782497992.0877044,200,135.95658401027322,qwen15b-npu6,
1782497992.1115844,200,117.31671867892146,qwen15b-npu4,
1782497992.1119173,200,108.49810903891921,qwen15b-npu4,
1782497992.1137536,200,119.92217600345612,qwen15b-npu7,
1782497992.1208587,200,140.60155535116792,qwen15b-npu3,
1782497992.1215377,200,147.11670903488994,qwen15b-npu3,
1782497992.1365407,200,118.91105026006699,qwen15b-npu5,
1782497992.1374261,200,129.89510409533978,qwen15b-npu5,
1782497992.1378863,200,124.45464683696628,qwen15b-npu5,
1782497992.1400378,200,132.79785262420774,qwen15b-npu7,
1782497992.1450882,200,127.85077886655927,qwen15b-npu6,
1782497992.1457567,200,141.79062377661467,qwen15b-npu6,
1782497992.1504383,200,136.59059768542647,qwen15b-npu3,
1782497992.150822,200,136.54762832447886,qwen15b-npu3,
1782497992.1578176,200,119.09426096826792,qwen15b-npu4,
1782497992.1602619,200,128.4396629780531,qwen15b-npu5,
1782497992.1605058,200,122.13822081685066,qwen15b-npu5,
1782497992.1666126,200,128.55489365756512,qwen15b-npu7,
1782497992.168039,200,135.41358010843396,qwen15b-npu7,
1782497992.1723487,200,136.61355804651976,qwen15b-npu6,
1782497992.172748,200,132.803272921592,qwen15b-npu6,
1782497992.1772006,200,136.2715559080243,qwen15b-npu3,
1782497992.1828072,200,120.38525007665157,qwen15b-npu4,
1782497992.1869478,200,125.58659492060542,qwen15b-npu5,
1782497992.1873946,200,123.53876093402505,qwen15b-npu5,
1782497992.194069,200,128.04152024909854,qwen15b-npu7,
1782497992.1944113,200,133.63594887778163,qwen15b-npu7,
1782497992.2041972,200,142.271907068789,qwen15b-npu3,
1782497992.2044508,200,144.97612416744232,qwen15b-npu3,
1782497992.2087975,200,121.81325908750296,qwen15b-npu4,
1782497992.2118149,200,124.03826415538788,qwen15b-npu5,
1782497992.228649,200,142.3228271305561,qwen15b-npu6,
1782497992.2322283,200,111.26767797395587,qwen15b-npu4,
1782497992.232563,200,146.89791714772582,qwen15b-npu3,
1782497992.2329226,200,119.02037123218179,qwen15b-npu4,
1782497992.2471287,200,135.1387077011168,qwen15b-npu7,
1782497992.2545738,200,116.55662301927805,qwen15b-npu4,
1782497992.2591755,200,137.5723648816347,qwen15b-npu6,
1782497992.2594745,200,147.80834410339594,qwen15b-npu6,
1782497992.2601295,200,119.9917271733284,qwen15b-npu5,
1782497992.2743108,200,116.42231279984117,qwen15b-npu7,
1782497992.2750154,200,129.85936319455504,qwen15b-npu7,
1782497992.2792773,200,128.72155476361513,qwen15b-npu4,
1782497992.2797365,200,119.15937112644315,qwen15b-npu4,
1782497992.2849982,200,112.1761342510581,qwen15b-npu5,
1782497992.2861104,200,117.9406326264143,qwen15b-npu5,
1782497992.2867515,200,126.41729973256588,qwen15b-npu3,
1782497992.287646,200,150.98987612873316,qwen15b-npu6,
1782497992.289001,200,143.1744429282844,qwen15b-npu3,
1782497992.2894306,200,151.87754202634096,qwen15b-npu6,
1782497992.2900898,200,139.14923602715135,qwen15b-npu3,
1782497992.3006833,200,134.00423107668757,qwen15b-npu7,
1782497992.302138,200,114.67068130150437,qwen15b-npu4,
1782497992.309195,200,115.01583317294717,qwen15b-npu5,
1782497992.3135386,200,130.63646899536252,qwen15b-npu3,
1782497992.3138986,200,119.3915931507945,qwen15b-npu3,
1782497992.3152292,200,137.92468700557947,qwen15b-npu6,
1782497992.3156164,200,143.17268319427967,qwen15b-npu6,
1782497992.3256974,200,116.78008502349257,qwen15b-npu4,
1782497992.327161,200,140.10468171909451,qwen15b-npu7,
1782497992.3277671,200,123.2431479729712,qwen15b-npu7,
1782497992.3449516,200,132.98544380813837,qwen15b-npu6,
1782497992.3452945,200,141.03047782555223,qwen15b-npu6,
1782497992.3528204,200,119.8214259929955,qwen15b-npu7,
1782497992.3710656,200,138.37056001648307,qwen15b-npu3,
1782497992.3724523,200,140.12992195785046,qwen15b-npu6,
1782497992.3729692,200,144.19620903208852,qwen15b-npu3,
1782497992.3738704,200,126.63462106138468,qwen15b-npu4,
1782497992.3848066,200,125.54237386211753,qwen15b-npu5,
1782497992.3851714,200,110.7514244504273,qwen15b-npu5,
1782497992.3974764,200,111.28574796020985,qwen15b-npu4,
1782497992.3978517,200,110.97730696201324,qwen15b-npu4,
1782497992.4001484,200,140.60627482831478,qwen15b-npu3,
1782497992.4005873,200,140.38352388888597,qwen15b-npu3,
1782497992.4009824,200,125.89619681239128,qwen15b-npu3,
1782497992.4039323,200,149.2527429945767,qwen15b-npu6,
1782497992.4096205,200,120.10861793532968,qwen15b-npu7,
1782497992.4103315,200,130.474756937474,qwen15b-npu7,
1782497992.4107463,200,120.53745007142425,qwen15b-npu7,
1782497992.4114327,200,122.32095282524824,qwen15b-npu5,
1782497992.4214454,200,112.17646393924952,qwen15b-npu4,
1782497992.426326,200,146.92436810582876,qwen15b-npu3,
1782497992.4266958,200,138.93045391887426,qwen15b-npu3,
1782497992.4298947,200,127.68601905554533,qwen15b-npu6,
1782497992.4303198,200,145.2145571820438,qwen15b-npu6,
1782497992.4359148,200,120.22175779566169,qwen15b-npu5,
1782497992.4361892,200,122.55198415368795,qwen15b-npu5,
1782497992.436594,200,135.83700312301517,qwen15b-npu7,
1782497992.4371173,200,123.15686792135239,qwen15b-npu5,
1782497992.453538,200,126.30695896223187,qwen15b-npu3,
1782497992.4544177,200,128.65023501217365,qwen15b-npu3,
1782497992.4581838,200,130.34586608409882,qwen15b-npu6,
1782497992.4585626,200,143.21703277528286,qwen15b-npu6,
1782497992.4592342,200,113.8661252334714,qwen15b-npu5,
1782497992.468565,200,123.51870071142912,qwen15b-npu4,
1782497992.4891338,200,136.20843598619103,qwen15b-npu7,
1782497992.4938054,200,122.56856402382255,qwen15b-npu4,
1782497992.49421,200,120.23349804803729,qwen15b-npu4,
1782497992.5083997,200,123.10147797688842,qwen15b-npu5,
1782497992.5126,200,127.69880890846252,qwen15b-npu6,
1782497992.5163846,200,143.79447605460882,qwen15b-npu7,
1782497992.5177462,200,144.63938307017088,qwen15b-npu7,
1782497992.5182462,200,107.79508529230952,qwen15b-npu4,
1782497992.5336835,200,122.86184588447213,qwen15b-npu5,
1782497992.5345595,200,133.85191978886724,qwen15b-npu5,
1782497992.5347936,200,133.66374792531133,qwen15b-npu5,
1782497992.54239,200,138.3430897258222,qwen15b-npu6,
1782497992.5438008,200,145.82729106768966,qwen15b-npu6,
1782497992.5442111,200,146.62075461819768,qwen15b-npu6,
1782497992.5450273,200,123.50312992930412,qwen15b-npu4,
1782497992.5453897,200,133.88745998963714,qwen15b-npu4,
1782497992.5465987,200,136.86538115143776,qwen15b-npu7,
1782497992.547807,200,147.5123120471835,qwen15b-npu7,
1782497992.5584886,200,128.47888423129916,qwen15b-npu5,
1782497992.561054,200,134.64154489338398,qwen15b-npu3,
1782497992.5613956,200,134.58362501114607,qwen15b-npu3,
1782497992.5617394,200,124.50768705457449,qwen15b-npu3,
1782497992.5676956,200,108.38729795068502,qwen15b-npu4,
1782497992.5687377,200,132.02173728495836,qwen15b-npu4,
1782497992.5691638,200,132.90455285459757,qwen15b-npu4,
1782497992.5713136,200,140.8806568942964,qwen15b-npu7,
1782497992.571803,200,135.812112595886,qwen15b-npu7,
1782497992.5820203,200,128.42067377641797,qwen15b-npu5,
1782497992.597899,200,129.25689900293946,qwen15b-npu6,
1782497992.598266,200,140.00539109110832,qwen15b-npu6,
1782497992.5985134,200,143.9761482179165,qwen15b-npu6,
1782497992.5987751,200,140.14235185459256,qwen15b-npu7,
1782497992.6073766,200,113.45079261809587,qwen15b-npu5,
1782497992.615013,200,125.77941594645381,qwen15b-npu4,
1782497992.623852,200,129.57627093419433,qwen15b-npu6,
1782497992.6404855,200,122.11055122315884,qwen15b-npu3,
1782497992.6408587,200,128.1624911352992,qwen15b-npu3,
1782497992.6510477,200,134.6032852306962,qwen15b-npu6,
1782497992.6524484,200,134.5327040180564,qwen15b-npu7,
1782497992.6532323,200,144.75513296201825,qwen15b-npu7,
1782497992.6598775,200,115.95622915774584,qwen15b-npu5,
1782497992.6604087,200,114.94595278054476,qwen15b-npu5,
1782497992.660672,200,125.80603593960404,qwen15b-npu5,
1782497992.6633918,200,118.27248521149158,qwen15b-npu4,
1782497992.6641035,200,121.58371834084392,qwen15b-npu4,
1782497992.6679444,200,134.17856162413955,qwen15b-npu3,
1782497992.6682823,200,133.6510991677642,qwen15b-npu3,
1782497992.669253,200,121.3186951354146,qwen15b-npu3,
1782497992.6792567,200,120.65979139879346,qwen15b-npu7,
1782497992.67996,200,135.5746709741652,qwen15b-npu7,
1782497992.680743,200,134.04861139133573,qwen15b-npu6,
1782497992.6841483,200,116.34555226191878,qwen15b-npu5,
1782497992.6845808,200,112.71624779328704,qwen15b-npu5,
1782497992.688169,200,118.88478882610798,qwen15b-npu4,
1782497992.689017,200,120.19145814701915,qwen15b-npu4,
1782497992.6952806,200,123.90231294557452,qwen15b-npu3,
1782497992.6956751,200,134.16125159710646,qwen15b-npu3,
1782497992.7074895,200,145.6774491816759,qwen15b-npu7,
1782497992.7077534,200,125.67620491608977,qwen15b-npu7,
1782497992.7080584,200,146.91452821716666,qwen15b-npu7,
1782497992.7130525,200,114.21269783750176,qwen15b-npu4,
1782497992.7133648,200,115.34492578357458,qwen15b-npu4,
1782497992.7326086,200,125.16250088810921,qwen15b-npu7,
1782497992.732907,200,134.32164303958416,qwen15b-npu5,
1782497992.7364829,200,121.34785577654839,qwen15b-npu6,
1782497992.7369082,200,138.57356179505587,qwen15b-npu6,
1782497992.7498326,200,125.87536592036486,qwen15b-npu3,
1782497992.7568734,200,116.2932119332254,qwen15b-npu5,
1782497992.760517,200,119.5484739728272,qwen15b-npu4,
1782497992.7781305,200,126.94615311920643,qwen15b-npu3,
1782497992.784368,200,115.00589270144701,qwen15b-npu5,
1782497992.7848296,200,124.0846742875874,qwen15b-npu5,
1782497992.7853773,200,121.16491515189409,qwen15b-npu5,
1782497992.7862906,200,117.93734319508076,qwen15b-npu4,
1782497992.7902648,200,137.66357582062483,qwen15b-npu7,
1782497992.7975283,200,144.1734996624291,qwen15b-npu6,
1782497992.7978601,200,134.40344389528036,qwen15b-npu6,
1782497992.7981207,200,138.17415898665786,qwen15b-npu6,
1782497992.7984142,200,137.93176785111427,qwen15b-npu6,
1782497992.8056693,200,137.6194152981043,qwen15b-npu3,
1782497992.8059094,200,126.5511610545218,qwen15b-npu3,
1782497992.806563,200,117.43230931460857,qwen15b-npu5,
1782497992.8101385,200,129.29841922596097,qwen15b-npu4,
1782497992.8191197,200,134.4232140108943,qwen15b-npu7,
1782497992.8195577,200,135.29529981315136,qwen15b-npu7,
1782497992.8199785,200,124.59760764613748,qwen15b-npu7,
1782497992.8242683,200,144.2383690737188,qwen15b-npu6,
1782497992.8312132,200,123.39659035205841,qwen15b-npu5,
1782497992.8336759,200,125.48461416736245,qwen15b-npu4,
1782497992.8349526,200,146.7178058810532,qwen15b-npu3,
1782497992.8353019,200,139.56616865471005,qwen15b-npu3,
1782497992.8355637,200,122.13442055508494,qwen15b-npu3,
1782497992.8442864,200,131.15827180445194,qwen15b-npu7,
1782497992.853613,200,146.04687178507447,qwen15b-npu6,
1782497992.8557627,200,122.78357520699501,qwen15b-npu5,
1782497992.8585057,200,125.82482630386949,qwen15b-npu4,
1782497992.8587453,200,108.84346207603812,qwen15b-npu4,
1782497992.8597271,200,123.12868842855096,qwen15b-npu3,
1782497992.8841753,200,147.14481867849827,qwen15b-npu6,
1782497992.8982174,200,137.60737609118223,qwen15b-npu7,
1782497992.9075239,200,122.02754989266396,qwen15b-npu5,
1782497992.9085746,200,110.9409355558455,qwen15b-npu4,
1782497992.9092042,200,124.6811980381608,qwen15b-npu5,
1782497992.9095688,200,111.37724900618196,qwen15b-npu4,
1782497992.9111614,200,132.96141428872943,qwen15b-npu6,
1782497992.9115953,200,154.65143974870443,qwen15b-npu6,
1782497992.9268434,200,141.87725400552154,qwen15b-npu7,
1782497992.927835,200,122.09848081693053,qwen15b-npu7,
1782497992.9299471,200,132.02425790950656,qwen15b-npu4,
1782497992.9313498,200,111.25170765444636,qwen15b-npu5,
1782497992.9322417,200,125.60808379203081,qwen15b-npu5,
1782497992.9398947,200,129.65855188667774,qwen15b-npu3,
1782497992.941354,200,135.37490088492632,qwen15b-npu3,
1782497992.9417248,200,151.35077806189656,qwen15b-npu6,
1782497992.9421976,200,143.71021604165435,qwen15b-npu3,
1782497992.94256,200,156.1618698760867,qwen15b-npu6,
1782497992.9552708,200,119.90498611703515,qwen15b-npu5,
1782497992.9556475,200,131.2794927507639,qwen15b-npu7,
1782497992.956036,200,111.67967086657882,qwen15b-npu4,
1782497992.9565172,200,120.8292730152607,qwen15b-npu4,
1782497992.9568071,200,137.11582077667117,qwen15b-npu7,
1782497992.9650989,200,131.32066326215863,qwen15b-npu3,
1782497992.9701693,200,150.97286505624652,qwen15b-npu6,
1782497992.9704807,200,139.171845279634,qwen15b-npu6,
1782497992.970742,200,135.6880720704794,qwen15b-npu6,
1782497992.979313,200,120.73882203549147,qwen15b-npu5,
1782497992.9808452,200,122.03710014000535,qwen15b-npu7,
1782497992.981132,200,125.26476196944714,qwen15b-npu7,
1782497992.9945629,200,134.72830504179,qwen15b-npu3,
1782497992.9949627,200,141.25609025359154,qwen15b-npu3,
1782497993.0027637,200,118.44405578449368,qwen15b-npu4,
1782497993.0265143,200,114.80517173185945,qwen15b-npu5,
1782497993.0267801,200,128.47170419991016,qwen15b-npu5,
1782497993.0275617,200,116.29512207582593,qwen15b-npu4,
1782497993.028443,200,119.10709086805582,qwen15b-npu4,
1782497993.0449352,200,136.2281460314989,qwen15b-npu7,
1782497993.0459816,200,136.33138732984662,qwen15b-npu3,
1782497993.0524604,200,110.57043401524425,qwen15b-npu4,
1782497993.052998,200,121.55199702829123,qwen15b-npu4,
1782497993.0673587,200,140.44445380568504,qwen15b-npu6,
1782497993.0684233,200,140.48463478684425,qwen15b-npu6,
1782497993.0687327,200,161.07168328016996,qwen15b-npu6,
1782497993.0746415,200,144.62748309597373,qwen15b-npu7,
1782497993.0753667,200,133.90591088682413,qwen15b-npu7,
1782497993.0756652,200,105.12203723192215,qwen15b-npu5,
1782497993.0760195,200,136.0186436213553,qwen15b-npu3,
1782497993.0762925,200,120.17766805365682,qwen15b-npu5,
1782497993.077301,200,134.98479779809713,qwen15b-npu7,
1782497993.0775664,200,121.79208779707551,qwen15b-npu3,
1782497993.0785089,200,121.92376982420683,qwen15b-npu4,
1782497993.0790138,200,136.387687176466,qwen15b-npu3,
1782497993.0950887,200,162.73779422044754,qwen15b-npu6,
1782497993.0958667,200,138.9854741282761,qwen15b-npu6,
1782497993.1004765,200,119.56501333042979,qwen15b-npu4,
1782497993.1007857,200,145.40366735309362,qwen15b-npu7,
1782497993.1012075,200,106.17846436798573,qwen15b-npu4,
1782497993.1023757,200,131.56703393906355,qwen15b-npu3,
1782497993.103069,200,132.80186289921403,qwen15b-npu3,
1782497993.1236956,200,158.52994564920664,qwen15b-npu6,
1782497993.1242564,200,144.8391331359744,qwen15b-npu6,
1782497993.1258764,200,123.05195722728968,qwen15b-npu3,
1782497993.1270366,200,132.37725012004375,qwen15b-npu7,
1782497993.1280482,200,146.8410473316908,qwen15b-npu7,
1782497993.1463778,200,119.53778378665447,qwen15b-npu4,
1782497993.1513944,200,123.77251219004393,qwen15b-npu6,
1782497993.1521997,200,125.6258343346417,qwen15b-npu6,
1782497993.153103,200,124.53750660642982,qwen15b-npu3,
1782497993.1699789,200,123.88691259548068,qwen15b-npu4,
1782497993.1741688,200,105.3248681128025,qwen15b-npu5,
1782497993.178557,200,125.44703297317028,qwen15b-npu6,
1782497993.1793537,200,134.3446741811931,qwen15b-npu7,
1782497993.1798158,200,127.19541508704424,qwen15b-npu3,
1782497993.1944675,200,125.95981685444713,qwen15b-npu4,
1782497993.1952608,200,117.62239132076502,qwen15b-npu4,
1782497993.2017114,200,125.62813516706228,qwen15b-npu5,
1782497993.2027898,200,125.40470296517015,qwen15b-npu5,
1782497993.2038636,200,128.08596203103662,qwen15b-npu5,
1782497993.2042878,200,125.20532077178359,qwen15b-npu5,
1782497993.2046719,200,129.22696908935905,qwen15b-npu5,
1782497993.2061753,200,131.41972431913018,qwen15b-npu3,
1782497993.2073154,200,130.9044803492725,qwen15b-npu6,
1782497993.2075632,200,128.9874268695712,qwen15b-npu7,
1782497993.2079058,200,140.4378041625023,qwen15b-npu7,
1782497993.218552,200,117.65513103455305,qwen15b-npu4,
1782497993.218898,200,118.33850620314479,qwen15b-npu4,
1782497993.2254078,200,124.0568240173161,qwen15b-npu5,
1782497993.231999,200,136.02543529123068,qwen15b-npu3,
1782497993.2343588,200,131.90550729632378,qwen15b-npu7,
1782497993.23481,200,139.61396925151348,qwen15b-npu7,
1782497993.2359104,200,132.768833078444,qwen15b-npu6,
1782497993.2508914,200,126.56992115080357,qwen15b-npu5,
1782497993.2518682,200,124.71950799226761,qwen15b-npu5,
1782497993.2585964,200,132.62650184333324,qwen15b-npu3,
1782497993.2597942,200,131.63733575493097,qwen15b-npu7,
1782497993.2628927,200,139.11854522302747,qwen15b-npu6,
1782497993.2754982,200,123.99226380512118,qwen15b-npu5,
1782497993.2873917,200,134.17533226311207,qwen15b-npu7,
1782497993.2878013,200,135.50563110038638,qwen15b-npu3,
1782497993.2881885,200,141.71863161027431,qwen15b-npu3,
1782497993.2905312,200,110.58970307931304,qwen15b-npu4,
1782497993.2907658,200,120.69405196234584,qwen15b-npu4,
1782497993.2910254,200,112.39405581727624,qwen15b-npu4,
1782497993.2991507,200,124.92322036996484,qwen15b-npu5,
1782497993.3120885,200,132.62384198606014,qwen15b-npu3,
1782497993.3133638,200,108.61633066087961,qwen15b-npu4,
1782497993.3136318,200,119.09193964675069,qwen15b-npu7,
1782497993.3187904,200,123.42524994164705,qwen15b-npu6,
1782497993.3255944,200,123.7770919688046,qwen15b-npu5,
1782497993.3265836,200,123.66688204929233,qwen15b-npu5,
1782497993.3269641,200,119.5864137262106,qwen15b-npu5,
1782497993.3370712,200,118.42515598982573,qwen15b-npu4,
1782497993.3385234,200,132.2833402082324,qwen15b-npu3,
1782497993.339855,200,135.88483398780227,qwen15b-npu7,
1782497993.340202,200,121.23855482786894,qwen15b-npu7,
1782497993.3504786,200,142.50042801722884,qwen15b-npu6,
1782497993.3508258,200,143.2021027430892,qwen15b-npu6,
1782497993.3510866,200,125.56549394503236,qwen15b-npu6,
1782497993.3515584,200,147.1458487212658,qwen15b-npu6,
1782497993.3649771,200,130.05253486335278,qwen15b-npu7,
1782497993.3668337,200,134.7387656569481,qwen15b-npu3,
1782497993.3675907,200,131.59538386389613,qwen15b-npu3,
1782497993.3725255,200,121.55422708019614,qwen15b-npu5,
1782497993.3782256,200,126.26203894615173,qwen15b-npu6,
1782497993.3786361,200,144.12451907992363,qwen15b-npu6,
1782497993.3869889,200,127.08097510039806,qwen15b-npu4,
1782497993.3874164,200,124.45398699492216,qwen15b-npu4,
1782497993.3925502,200,133.87330016121268,qwen15b-npu7,
1782497993.3930118,200,117.39094881340861,qwen15b-npu3,
1782497993.3982334,200,110.71501392871141,qwen15b-npu5,
1782497993.409249,200,121.33689504116774,qwen15b-npu4,
1782497993.4187915,200,128.19688208401203,qwen15b-npu7,
1782497993.4190714,200,127.98233004286885,qwen15b-npu7,
1782497993.419785,200,128.95893724635243,qwen15b-npu3,
1782497993.423755,200,110.00930983573198,qwen15b-npu5,
1782497993.424228,200,125.01756986603141,qwen15b-npu5,
1782497993.4340227,200,107.33154183253646,qwen15b-npu4,
1782497993.4344318,200,115.54164718836546,qwen15b-npu4,
1782497993.435642,200,147.38824078813195,qwen15b-npu6,
1782497993.445902,200,132.46994093060493,qwen15b-npu7,
1782497993.4462333,200,119.19865105301142,qwen15b-npu7,
1782497993.448046,200,109.4201747328043,qwen15b-npu5,
1782497993.4581664,200,106.51582619175315,qwen15b-npu4,
1782497993.4589381,200,121.77402805536985,qwen15b-npu4,
1782497993.4631763,200,137.49035401269794,qwen15b-npu6,
1782497993.4639354,200,151.734649669379,qwen15b-npu6,
1782497993.4720032,200,120.78302167356014,qwen15b-npu7,
1782497993.4741242,200,123.53196134790778,qwen15b-npu3,
1782497993.474515,200,134.24830231815577,qwen15b-npu3,
1782497993.4920247,200,152.07145316526294,qwen15b-npu6,
1782497993.4923248,200,141.43065083771944,qwen15b-npu6,
1782497993.5013301,200,133.63657798618078,qwen15b-npu7,
1782497993.5019476,200,136.87701057642698,qwen15b-npu7,
1782497993.5022447,200,129.6255816705525,qwen15b-npu5,
1782497993.5024822,200,124.15053509175777,qwen15b-npu5,
1782497993.502752,200,115.62210693955421,qwen15b-npu5,
1782497993.503565,200,136.60074770450592,qwen15b-npu3,
1782497993.508339,200,129.57812193781137,qwen15b-npu4,
1782497993.5087488,200,110.42203195393085,qwen15b-npu4,
1782497993.5241086,200,136.5634691901505,qwen15b-npu7,
1782497993.528298,200,118.95660031586885,qwen15b-npu3,
1782497993.5285563,200,135.90208301320672,qwen15b-npu3,
1782497993.5288393,200,135.69527212530375,qwen15b-npu3,
1782497993.547346,200,128.20519180968404,qwen15b-npu5,
1782497993.5479183,200,123.63296188414097,qwen15b-npu5,
1782497993.5487401,200,129.88746305927634,qwen15b-npu6,
1782497993.5503216,200,130.472457036376,qwen15b-npu7,
1782497993.5529459,200,118.8044180162251,qwen15b-npu4,
1782497993.5533872,200,117.64681106433272,qwen15b-npu4,
1782497993.5545373,200,130.72494929656386,qwen15b-npu3,
1782497993.5712533,200,112.21777508035302,qwen15b-npu5,
1782497993.5786464,200,132.6359612867236,qwen15b-npu7,
1782497993.5790021,200,130.89084019884467,qwen15b-npu6,
1782497993.5793486,200,144.84075410291553,qwen15b-npu6,
1782497993.5800219,200,133.71860003098845,qwen15b-npu3,
1782497993.5958443,200,123.74041182920337,qwen15b-npu5,
1782497993.6044457,200,130.21651608869433,qwen15b-npu7,
1782497993.6054502,200,141.4091596379876,qwen15b-npu3,
1782497993.6097505,200,135.12564823031425,qwen15b-npu6,
1782497993.610094,200,151.84480091556907,qwen15b-npu6,
1782497993.6108437,200,147.60586293414235,qwen15b-npu6,
1782497993.6208057,200,128.70002631098032,qwen15b-npu5,
1782497993.621119,200,119.68658491969109,qwen15b-npu5,
1782497993.6243157,200,121.49823689833283,qwen15b-npu4,
1782497993.624548,200,122.24573222920299,qwen15b-npu4,
1782497993.625075,200,123.05277725681663,qwen15b-npu4,
1782497993.6329973,200,124.17652504518628,qwen15b-npu3,
1782497993.6332998,200,140.85351675748825,qwen15b-npu3,
1782497993.6338906,200,125.4287539049983,qwen15b-npu3,
1782497993.635752,200,132.08136800676584,qwen15b-npu6,
1782497993.6365995,200,134.03983134776354,qwen15b-npu6,
1782497993.6468036,200,118.43297583982348,qwen15b-npu4,
1782497993.658967,200,130.34590613096952,qwen15b-npu7,
1782497993.6592019,200,130.29904570430517,qwen15b-npu7,
1782497993.6594915,200,135.2810999378562,qwen15b-npu7,
1782497993.668829,200,121.42373714596033,qwen15b-npu5,
1782497993.6690414,200,120.24425808340311,qwen15b-npu5,
1782497993.6711934,200,123.21457779034972,qwen15b-npu4,
1782497993.6714432,200,116.84314487501979,qwen15b-npu4,
1782497993.6844125,200,131.35069329291582,qwen15b-npu7,
1782497993.6931283,200,142.7496401593089,qwen15b-npu6,
1782497993.6935396,200,140.0372120551765,qwen15b-npu6,
1782497993.6942518,200,114.1636767424643,qwen15b-npu5,
1782497993.694604,200,115.84502877667546,qwen15b-npu5,
1782497993.6955678,200,116.13940028473735,qwen15b-npu4,
1782497993.7100508,200,138.7365530245006,qwen15b-npu3,
1782497993.7110126,200,131.93827727809548,qwen15b-npu7,
1782497993.716759,200,106.546217110008,qwen15b-npu5,
1782497993.7182875,200,107.34845185652375,qwen15b-npu4,
1782497993.7199216,200,123.98258317261934,qwen15b-npu6,
1782497993.7370281,200,132.4912910349667,qwen15b-npu7,
1782497993.737439,200,116.5603338740766,qwen15b-npu3,
1782497993.7435808,200,118.951509706676,qwen15b-npu5,
1782497993.7453244,200,124.0999149158597,qwen15b-npu5,
1782497993.746999,200,121.85841891914606,qwen15b-npu4,
1782497993.7578344,200,147.98758504912257,qwen15b-npu6,
1782497993.758261,200,152.73902704939246,qwen15b-npu6,
1782497993.7675421,200,120.65686099231243,qwen15b-npu4,
1782497993.7678607,200,108.59666997566819,qwen15b-npu5,
1782497993.7691529,200,133.30494612455368,qwen15b-npu3,
1782497993.7701669,200,136.79660018533468,qwen15b-npu3,
1782497993.7705498,200,136.59801799803972,qwen15b-npu3,
1782497993.7758753,200,151.49544784799218,qwen15b-npu7,
1782497993.7762914,200,143.20127293467522,qwen15b-npu7,
1782497993.7860248,200,149.3318541906774,qwen15b-npu6,
1782497993.7907095,200,119.45461295545101,qwen15b-npu4,
1782497993.7915814,200,107.05594019964337,qwen15b-npu5,
1782497993.7952144,200,126.32689857855439,qwen15b-npu3,
1782497993.8016584,200,142.6295288838446,qwen15b-npu7,
1782497993.8020124,200,130.50775695592165,qwen15b-npu7,
1782497993.815926,200,122.31761310249567,qwen15b-npu5,
1782497993.8165243,200,122.16396210715175,qwen15b-npu4,
1782497993.8170712,200,122.39032285287976,qwen15b-npu4,
1782497993.8173249,200,157.7701112255454,qwen15b-npu6,
1782497993.8184264,200,149.32316401973367,qwen15b-npu6,
1782497993.8277109,200,134.47563396766782,qwen15b-npu7,
1782497993.845722,200,135.57237200438976,qwen15b-npu6,
1782497993.8460677,200,150.42788116261363,qwen15b-npu6,
1782497993.851716,200,133.33420595154166,qwen15b-npu3,
1782497993.8521008,200,132.0619978941977,qwen15b-npu3,
1782497993.8525164,200,135.68847300484776,qwen15b-npu3,
1782497993.85676,200,145.5993689596653,qwen15b-npu7,
1782497993.8622754,200,124.72355784848332,qwen15b-npu4,
1782497993.8649685,200,127.83068884164095,qwen15b-npu5,
1782497993.865366,200,107.42637235671282,qwen15b-npu5,
1782497993.8840387,200,138.21041909977794,qwen15b-npu7,
1782497993.8847814,200,137.4911041930318,qwen15b-npu3,
1782497993.8851874,200,141.36915002018213,qwen15b-npu3,
1782497993.886505,200,117.27979779243469,qwen15b-npu4,
1782497993.8876674,200,117.0509671792388,qwen15b-npu5,
1782497993.902896,200,144.48433090001345,qwen15b-npu6,
1782497993.9035351,200,135.60771197080612,qwen15b-npu6,
1782497993.9053252,200,129.33395989239216,qwen15b-npu3,
1782497993.9112792,200,143.63418612629175,qwen15b-npu7,
1782497993.9115944,200,120.78344216570258,qwen15b-npu7,
1782497993.9128087,200,142.52652786672115,qwen15b-npu7,
1782497993.9130654,200,117.75084212422371,qwen15b-npu4,
1782497993.9133987,200,111.67872091755271,qwen15b-npu4,
1782497993.9136627,200,127.54617817699909,qwen15b-npu4,
1782497993.9312325,200,154.83888098970056,qwen15b-npu6,
1782497993.9316063,200,139.91446001455188,qwen15b-npu6,
1782497993.9341462,200,118.09721402823925,qwen15b-npu4,
1782497993.9366603,200,118.14375407993793,qwen15b-npu5,
1782497993.9372997,200,120.16440788283944,qwen15b-npu5,
1782497993.9383001,200,136.19568524882197,qwen15b-npu7,
1782497993.9386733,200,110.90142605826259,qwen15b-npu5,
1782497993.9580464,200,141.44196081906557,qwen15b-npu3,
1782497993.9583254,200,140.94213815405965,qwen15b-npu3,
1782497993.9627242,200,116.51249416172504,qwen15b-npu7,
1782497993.9816306,200,116.543164011091,qwen15b-npu4,
1782497993.9833043,200,120.93455297872424,qwen15b-npu5,
1782497993.9852483,200,139.449218288064,qwen15b-npu3,
1782497993.985472,200,133.64144833758473,qwen15b-npu3,
1782497993.9860754,200,120.59453083202243,qwen15b-npu3,
1782497993.9885406,200,131.71258475631475,qwen15b-npu6,
1782497993.988919,200,136.33116707205772,qwen15b-npu6,
1782497993.9898374,200,137.61634472757578,qwen15b-npu7,
1782497994.0067542,200,121.85310898348689,qwen15b-npu4,
1782497994.0075126,200,123.30923927947879,qwen15b-npu4,
1782497994.0082493,200,121.66394758969545,qwen15b-npu5,
1782497994.012835,200,127.58616730570793,qwen15b-npu3,
1782497994.016263,200,128.4834728576243,qwen15b-npu6,
1782497994.0287037,200,115.24212500080466,qwen15b-npu4,
1782497994.0332873,200,121.92652001976967,qwen15b-npu5,
1782497994.033568,200,120.68789172917604,qwen15b-npu5,
1782497994.038031,200,134.4205942004919,qwen15b-npu3,
1782497994.0459368,200,142.95921102166176,qwen15b-npu7,
1782497994.0466554,200,132.88768380880356,qwen15b-npu7,
1782497994.0474675,200,135.77941292896867,qwen15b-npu6,
1782497994.0477557,200,134.62392473593354,qwen15b-npu7,
1782497994.048032,200,142.60241901502013,qwen15b-npu6,
1782497994.0560653,200,118.61622706055641,qwen15b-npu5,
1782497994.0565019,200,119.78102521970868,qwen15b-npu5,
1782497994.0636604,200,132.33014987781644,qwen15b-npu3,
1782497994.0708888,200,132.48624093830585,qwen15b-npu7,
1782497994.0739274,200,135.18205890432,qwen15b-npu6,
1782497994.0749645,200,140.7214761711657,qwen15b-npu6,
1782497994.075279,200,143.6039749532938,qwen15b-npu6,
1782497994.0901775,200,127.33846623450518,qwen15b-npu3,
1782497994.0978737,200,139.76124022156,qwen15b-npu7,
1782497994.1003108,200,141.92473469302058,qwen15b-npu6,
1782497994.1033797,200,119.98137598857284,qwen15b-npu4,
1782497994.1039972,200,115.0061427615583,qwen15b-npu4,
1782497994.1050818,200,119.54542389139533,qwen15b-npu4,
1782497994.105472,200,115.56927720084786,qwen15b-npu5,
1782497994.106161,200,124.45206707343459,qwen15b-npu5,
1782497994.106509,200,121.19629513472319,qwen15b-npu4,
1782497994.1178367,200,131.70150481164455,qwen15b-npu3,
1782497994.124901,200,116.54167389497161,qwen15b-npu7,
1782497994.1260114,200,137.35935324802995,qwen15b-npu7,
1782497994.1264071,200,119.54171396791935,qwen15b-npu4,
1782497994.1276221,200,111.26519832760096,qwen15b-npu5,
1782497994.1451151,200,137.44843425229192,qwen15b-npu3,
1782497994.1506987,200,121.90127884969115,qwen15b-npu5,
1782497994.1525578,200,119.20515215024352,qwen15b-npu7,
1782497994.1528473,200,139.92092106491327,qwen15b-npu7,
1782497994.17224,200,124.1374840028584,qwen15b-npu3,
1782497994.1729743,200,125.42121298611164,qwen15b-npu3,
1782497994.1732035,200,139.57473915070295,qwen15b-npu3,
1782497994.1736848,200,125.86377561092377,qwen15b-npu4,
1782497994.1753864,200,128.6256550811231,qwen15b-npu5,
1782497994.1758728,200,112.10621381178498,qwen15b-npu5,
1782497994.1854305,200,129.2439689859748,qwen15b-npu6,
1782497994.1857042,200,147.51552185043693,qwen15b-npu6,
1782497994.1866279,200,140.60713490471244,qwen15b-npu6,
1782497994.1972685,200,121.86806881800294,qwen15b-npu4,
1782497994.1981297,200,141.5169509127736,qwen15b-npu3,
1782497994.2047772,200,129.73190192133188,qwen15b-npu7,
1782497994.2052677,200,134.28299315273762,qwen15b-npu7,
1782497994.213357,200,123.10372805222869,qwen15b-npu6,
1782497994.2137938,200,139.80768900364637,qwen15b-npu6,
1782497994.2223537,200,116.76443507894874,qwen15b-npu5,
1782497994.2227554,200,117.55810119211674,qwen15b-npu4,
1782497994.2236466,200,123.27701924368739,qwen15b-npu5,
1782497994.2239811,200,117.74720204994082,qwen15b-npu4,
1782497994.2255516,200,122.09652084857225,qwen15b-npu3,
1782497994.2264254,200,122.29882227256894,qwen15b-npu3,
1782497994.232449,200,134.4783939421177,qwen15b-npu7,
1782497994.2415428,200,134.92068741470575,qwen15b-npu6,
1782497994.2460845,200,128.18681169301271,qwen15b-npu4,
1782497994.2529342,200,125.22247200831771,qwen15b-npu3,
1782497994.253933,200,127.4040462449193,qwen15b-npu3,
1782497994.2588625,200,133.89857998117805,qwen15b-npu7,
1782497994.2696378,200,116.68195482343435,qwen15b-npu4,
1782497994.2711275,200,125.86859613656998,qwen15b-npu5,
1782497994.2715843,200,145.45375807210803,qwen15b-npu6,
1782497994.2860725,200,133.45377705991268,qwen15b-npu7,
1782497994.293819,200,121.49899732321501,qwen15b-npu5,
1782497994.296504,200,110.73117516934872,qwen15b-npu4,
1782497994.296889,200,120.90141326189041,qwen15b-npu4,
1782497994.2972143,200,124.17410500347614,qwen15b-npu4,
1782497994.298665,200,124.92094980552793,qwen15b-npu6,
1782497994.2992368,200,148.44389772042632,qwen15b-npu6,
1782497994.3058321,200,132.5715808197856,qwen15b-npu3,
1782497994.3066363,200,131.15247199311852,qwen15b-npu3,
1782497994.3125396,200,125.83691580221057,qwen15b-npu7,
1782497994.317768,200,119.54528419300914,qwen15b-npu5,
1782497994.3283043,200,142.7930099889636,qwen15b-npu6,
1782497994.3325996,200,127.27118469774723,qwen15b-npu3,
1782497994.3333018,200,128.46578424796462,qwen15b-npu3,
1782497994.3397357,200,142.39427726715803,qwen15b-npu7,
1782497994.3418071,200,127.90432013571262,qwen15b-npu4,
1782497994.342336,200,118.60895762220025,qwen15b-npu4,
1782497994.345167,200,118.6366081237793,qwen15b-npu5,
1782497994.3455079,200,121.40427576377988,qwen15b-npu5,
1782497994.3458004,200,132.322630379349,qwen15b-npu5,
1782497994.359155,200,126.607621088624,qwen15b-npu6,
1782497994.3595128,200,136.64633873850107,qwen15b-npu6,
1782497994.3651807,200,119.03560999780893,qwen15b-npu4,
1782497994.3665073,200,144.03272792696953,qwen15b-npu7,
1782497994.3668952,200,141.25193003565073,qwen15b-npu7,
1782497994.385258,200,126.2378478422761,qwen15b-npu3,
1782497994.3861241,200,132.0825982838869,qwen15b-npu3,
1782497994.3869486,200,145.34733770415187,qwen15b-npu6,
1782497994.38969,200,118.40613558888435,qwen15b-npu4,
1782497994.390786,200,119.07581984996796,qwen15b-npu5,
1782497994.3935585,200,140.51460474729538,qwen15b-npu7,
1782497994.3938692,200,124.14485402405262,qwen15b-npu7,
1782497994.4138837,200,127.70583899691701,qwen15b-npu4,
1782497994.4142523,200,120.34068908542395,qwen15b-npu4,
1782497994.4154477,200,118.48743632435799,qwen15b-npu5,
1782497994.4160826,200,110.19090097397566,qwen15b-npu5,
1782497994.4202921,200,120.99484400823712,qwen15b-npu7,
1782497994.439767,200,142.4402380362153,qwen15b-npu3,
1782497994.4401357,200,127.50616716220975,qwen15b-npu3,
1782497994.4405558,200,107.18928091228008,qwen15b-npu5,
1782497994.4409328,200,123.07009799405932,qwen15b-npu3,
1782497994.4456947,200,138.96057475358248,qwen15b-npu7,
1782497994.448573,200,151.94579167291522,qwen15b-npu6,
1782497994.448965,200,150.23725992068648,qwen15b-npu6,
1782497994.4642107,200,124.354955740273,qwen15b-npu5,
1782497994.4650772,200,119.79985609650612,qwen15b-npu5,
1782497994.4654138,200,119.54767443239689,qwen15b-npu3,
1782497994.4657462,200,137.33816286548972,qwen15b-npu3,
1782497994.473191,200,140.49491379410028,qwen15b-npu7,
1782497994.4765065,200,130.92688005417585,qwen15b-npu6,
1782497994.476897,200,134.99781675636768,qwen15b-npu6,
1782497994.4774237,200,135.02740766853094,qwen15b-npu6,
1782497994.4859948,200,119.37794275581837,qwen15b-npu4,
1782497994.486388,200,127.1331449970603,qwen15b-npu4,
1782497994.4876728,200,122.43004282936454,qwen15b-npu4,
1782497994.4880226,200,128.44570307061076,qwen15b-npu5,
1782497994.5013933,200,134.432143997401,qwen15b-npu7,
1782497994.5092027,200,115.20134517922997,qwen15b-npu4,
1782497994.509977,200,116.33475217968225,qwen15b-npu4,
1782497994.5193243,200,128.42708406969905,qwen15b-npu3,
1782497994.5196679,200,132.63814197853208,qwen15b-npu3,
1782497994.526102,200,140.74813574552536,qwen15b-npu7,
1782497994.5341437,200,147.91835378855467,qwen15b-npu6,
1782497994.534524,200,144.69653321430087,qwen15b-npu6,
1782497994.5358,200,121.45088613033295,qwen15b-npu5,
1782497994.5367427,200,122.75589583441615,qwen15b-npu5,
1782497994.5442514,200,123.85912239551544,qwen15b-npu3,
1782497994.553491,200,137.91578682139516,qwen15b-npu7,
1782497994.5562892,200,115.61913695186377,qwen15b-npu4,
1782497994.5592356,200,119.36312261968851,qwen15b-npu5,
1782497994.5630333,200,146.8437178991735,qwen15b-npu6,
1782497994.570652,200,130.38313714787364,qwen15b-npu3,
1782497994.5799081,200,114.43606903776526,qwen15b-npu4,
1782497994.5810764,200,132.40200001746416,qwen15b-npu7,
1782497994.5813484,200,135.56124223396182,qwen15b-npu7,
1782497994.5862556,200,109.24647515639663,qwen15b-npu5,
1782497994.5866408,200,121.4564461261034,qwen15b-npu5,
1782497994.5924363,200,151.38604817911983,qwen15b-npu6,
1782497994.5930142,200,143.93807807937264,qwen15b-npu6,
1782497994.5982282,200,124.94136998429894,qwen15b-npu3,
1782497994.5989606,200,133.14418494701385,qwen15b-npu3,
1782497994.6040223,200,126.533561386168,qwen15b-npu4,
1782497994.6081467,200,120.37819996476173,qwen15b-npu5,
1782497994.6096187,200,132.992893923074,qwen15b-npu7,
1782497994.6099832,200,121.89488904550672,qwen15b-npu7,
1782497994.6105313,200,124.41789731383324,qwen15b-npu7,
1782497994.6114678,200,147.17298932373524,qwen15b-npu7,
1782497994.6213167,200,134.7982562147081,qwen15b-npu6,
1782497994.6293337,200,109.54015562310815,qwen15b-npu4,
1782497994.6296551,200,128.15992115065455,qwen15b-npu4,
1782497994.6322,200,112.79131891205907,qwen15b-npu5,
1782497994.649634,200,114.98127318918705,qwen15b-npu3,
1782497994.6501272,200,123.92775295302272,qwen15b-npu3,
1782497994.6564205,200,119.59008406847715,qwen15b-npu5,
1782497994.6635518,200,153.4682009369135,qwen15b-npu6,
1782497994.6645405,200,155.24244401603937,qwen15b-npu6,
1782497994.6723106,200,138.05535808205605,qwen15b-npu7,
1782497994.6758895,200,131.55680429190397,qwen15b-npu3,
1782497994.6772287,200,106.46279621869326,qwen15b-npu4,
1782497994.6799467,200,116.85494612902403,qwen15b-npu5,
1782497994.6922367,200,156.34129103273153,qwen15b-npu6,
1782497994.6993709,200,145.78947983682156,qwen15b-npu7,
1782497994.7008896,200,107.80827375128865,qwen15b-npu4,
1782497994.7012408,200,121.2614462710917,qwen15b-npu4,
1782497994.7048957,200,123.44598025083542,qwen15b-npu5,
1782497994.7052848,200,112.78004804626107,qwen15b-npu5,
1782497994.7236516,200,142.504857853055,qwen15b-npu6,
1782497994.7239976,200,167.60727670043707,qwen15b-npu6,
1782497994.7243562,200,165.0277590379119,qwen15b-npu6,
1782497994.725343,200,115.24646496400237,qwen15b-npu4,
1782497994.7269444,200,140.1877929456532,qwen15b-npu7,
1782497994.728492,200,124.37634635716677,qwen15b-npu5,
1782497994.7351437,200,125.41893403977156,qwen15b-npu3,
1782497994.7358875,200,149.53185571357608,qwen15b-npu3,
1782497994.7363398,200,124.77233912795782,qwen15b-npu3,
1782497994.7367709,200,138.44600087031722,qwen15b-npu3,
1782497994.7483606,200,126.94408372044563,qwen15b-npu4,
1782497994.7519512,200,119.64870477095246,qwen15b-npu5,
1782497994.7529314,200,153.86875392869115,qwen15b-npu6,
1782497994.7549994,200,144.33687971904874,qwen15b-npu7,
1782497994.755359,200,147.15202990919352,qwen15b-npu7,
1782497994.7733338,200,123.55886027216911,qwen15b-npu4,
1782497994.7736974,200,109.05335331335664,qwen15b-npu4,
1782497994.7791758,200,122.65896517783403,qwen15b-npu3,
1782497994.784071,200,154.3119279667735,qwen15b-npu6,
1782497994.784349,200,154.91377096623182,qwen15b-npu7,
1782497994.7851791,200,134.9374372512102,qwen15b-npu7,
1782497994.7967744,200,124.37927629798651,qwen15b-npu4,
1782497994.7988818,200,118.84030932560563,qwen15b-npu5,
1782497994.8074274,200,131.45993370562792,qwen15b-npu3,
1782497994.8115773,200,147.92496478185058,qwen15b-npu6,
1782497994.8124893,200,135.15099929645658,qwen15b-npu7,
1782497994.8209035,200,119.59295393899083,qwen15b-npu4,
1782497994.8237197,200,124.25213493406773,qwen15b-npu5,
1782497994.8328264,200,127.44570570066571,qwen15b-npu3,
1782497994.8408895,200,135.88844425976276,qwen15b-npu7,
1782497994.841725,200,149.42700415849686,qwen15b-npu6,
1782497994.8420737,200,141.088108997792,qwen15b-npu6,
1782497994.8458648,200,108.99784276261926,qwen15b-npu4,
1782497994.8461404,200,110.87972624227405,qwen15b-npu4,
1782497994.8475502,200,111.08205607160926,qwen15b-npu5,
1782497994.8631744,200,127.13568424805999,qwen15b-npu3,
1782497994.8636506,200,138.24089989066124,qwen15b-npu3,
1782497994.8639274,200,139.47312720119953,qwen15b-npu3,
1782497994.8643486,200,137.2981332242489,qwen15b-npu3,
1782497994.869459,200,145.33388707786798,qwen15b-npu7,
1782497994.8707874,200,142.1996159479022,qwen15b-npu6,
1782497994.8711486,200,115.72086811065674,qwen15b-npu4,
1782497994.8716154,200,147.87746407091618,qwen15b-npu6,
1782497994.8741393,200,119.05645998194814,qwen15b-npu5,
1782497994.8935697,200,119.79906633496284,qwen15b-npu4,
1782497994.8981655,200,124.76016907021403,qwen15b-npu7,
1782497994.899002,200,145.96404135227203,qwen15b-npu7,
1782497994.8993301,200,150.8702440187335,qwen15b-npu7,
1782497994.8997376,200,115.28334487229586,qwen15b-npu5,
1782497994.901181,200,149.11779295653105,qwen15b-npu6,
1782497994.911639,200,126.3700989075005,qwen15b-npu3,
1782497994.9176812,200,120.80467212945223,qwen15b-npu4,
1782497994.9232373,200,110.67614378407598,qwen15b-npu5,
1782497994.923639,200,111.93093284964561,qwen15b-npu5,
1782497994.9245007,200,140.35199396312237,qwen15b-npu7,
1782497994.9256203,200,126.64959114044905,qwen15b-npu7,
1782497994.9290793,200,149.83928762376308,qwen15b-npu6,
1782497994.947497,200,123.67935106158257,qwen15b-npu5,
1782497994.9514532,200,143.93562776967883,qwen15b-npu7,
1782497994.956994,200,136.016383767128,qwen15b-npu6,
1782497994.9617631,200,128.85633623227477,qwen15b-npu3,
1782497994.9729557,200,125.32236287370324,qwen15b-npu5,
1782497994.973836,200,127.88856914266944,qwen15b-npu5,
1782497994.9794593,200,137.63401517644525,qwen15b-npu7,
1782497994.9798114,200,138.827133923769,qwen15b-npu7,
1782497994.9856133,200,139.3984081223607,qwen15b-npu6,
1782497994.9862194,200,144.02126893401146,qwen15b-npu6,
1782497994.9914763,200,120.58524088934064,qwen15b-npu4,
1782497994.9919698,200,128.6446051672101,qwen15b-npu4,
1782497994.9924042,200,127.98260012641549,qwen15b-npu4,
1782497994.9979694,200,123.75350203365088,qwen15b-npu5,
1782497994.9983373,200,134.6177849918604,qwen15b-npu5,
1782497995.0132163,200,141.94305380806327,qwen15b-npu6,
1782497995.014277,200,150.20882012322545,qwen15b-npu6,
1782497995.015604,200,121.95476004853845,qwen15b-npu4,
1782497995.016624,200,115.34385522827506,qwen15b-npu4,
1782497995.0170848,200,117.99689289182425,qwen15b-npu3,
1782497995.017359,200,119.07248105853796,qwen15b-npu3,
1782497995.0177104,200,145.96159104257822,qwen15b-npu3,
1782497995.0187511,200,149.17906280606985,qwen15b-npu3,
1782497995.0340145,200,122.27633176371455,qwen15b-npu7,
1782497995.0343695,200,134.91405686363578,qwen15b-npu7,
1782497995.03894,200,115.59422686696053,qwen15b-npu4,
1782497995.0395927,200,121.80525809526443,qwen15b-npu4,
1782497995.040516,200,140.663995873183,qwen15b-npu6,
1782497995.0408392,200,117.12842807173729,qwen15b-npu3,
1782497995.046572,200,121.9515590928495,qwen15b-npu5,
1782497995.0595586,200,133.83600022643805,qwen15b-npu7,
1782497995.066308,200,114.77051069959998,qwen15b-npu3,
1782497995.0699382,200,140.7528668642044,qwen15b-npu6,
1782497995.072235,200,110.37884186953306,qwen15b-npu5,
1782497995.0725133,200,124.9222201295197,qwen15b-npu5,
1782497995.085959,200,106.0428530909121,qwen15b-npu4,
1782497995.0919054,200,112.34353482723236,qwen15b-npu3,
1782497995.0982175,200,125.15481188893318,qwen15b-npu6,
1782497995.098698,200,141.59329188987613,qwen15b-npu6,
1782497995.1098573,200,117.75291198864579,qwen15b-npu4,
1782497995.114289,200,140.34269377589226,qwen15b-npu7,
1782497995.1195152,200,127.92452983558178,qwen15b-npu3,
1782497995.1199815,200,133.69336863979697,qwen15b-npu3,
1782497995.1212685,200,123.20917891338468,qwen15b-npu5,
1782497995.1215253,200,129.0029571391642,qwen15b-npu5,
1782497995.1253955,200,139.68855887651443,qwen15b-npu6,
1782497995.1349578,200,117.52463039010763,qwen15b-npu4,
1782497995.1354413,200,121.0490744560957,qwen15b-npu4,
1782497995.1444407,200,131.13396102562547,qwen15b-npu7,
1782497995.1451807,200,126.32605899125338,qwen15b-npu7,
1782497995.1461148,200,128.9504673331976,qwen15b-npu7,
1782497995.1469028,200,148.442218080163,qwen15b-npu7,
1782497995.1476076,200,131.9230073131621,qwen15b-npu5,
1782497995.1480212,200,113.52516431361437,qwen15b-npu5,
1782497995.1487877,200,130.95407094806433,qwen15b-npu5,
1782497995.1544888,200,137.75288593024015,qwen15b-npu6,
1782497995.1583889,200,119.37603214755654,qwen15b-npu4,
1782497995.1706307,200,130.022045224905,qwen15b-npu3,
1782497995.1710255,200,131.28530280664563,qwen15b-npu3,
1782497995.173308,200,113.64272516220808,qwen15b-npu5,
1782497995.1835494,200,136.86882983893156,qwen15b-npu6,
1782497995.1839647,200,149.86697724089026,qwen15b-npu6,
1782497995.1843855,200,114.33498887345195,qwen15b-npu4,
1782497995.184787,200,143.8465970568359,qwen15b-npu6,
1782497995.1970289,200,124.43452700972557,qwen15b-npu7,
1782497995.1974025,200,125.08715130388737,qwen15b-npu7,
1782497995.206474,200,120.43923884630203,qwen15b-npu4,
1782497995.2091794,200,142.77693023905158,qwen15b-npu6,
1782497995.2241383,200,125.3074323758483,qwen15b-npu3,
1782497995.2249424,200,126.58599065616727,qwen15b-npu3,
1782497995.2254663,200,133.4806871600449,qwen15b-npu3,
1782497995.2265215,200,116.55867332592607,qwen15b-npu3,
1782497995.2304068,200,110.77929427847266,qwen15b-npu4,
1782497995.2456443,200,120.17841823399067,qwen15b-npu5,
1782497995.2462602,200,124.91879006847739,qwen15b-npu5,
1782497995.2512233,200,116.13553995266557,qwen15b-npu3,
1782497995.260894,200,115.59545714408159,qwen15b-npu4,
1782497995.2612913,200,146.89556835219264,qwen15b-npu7,
1782497995.2621834,200,126.61758111789823,qwen15b-npu4,
1782497995.2628062,200,141.2139292806387,qwen15b-npu7,
1782497995.2693043,200,121.21207499876618,qwen15b-npu5,
1782497995.270166,200,150.06451914086938,qwen15b-npu6,
1782497995.2801812,200,125.58717373758554,qwen15b-npu4,
1782497995.2815654,200,133.84175999090075,qwen15b-npu3,
1782497995.2854755,200,139.22942616045475,qwen15b-npu7,
1782497995.2941904,200,123.0434668250382,qwen15b-npu5,
1782497995.2951226,200,136.6294980980456,qwen15b-npu5,
1782497995.299654,200,155.08627286180854,qwen15b-npu6,
1782497995.300016,200,151.1618858203292,qwen15b-npu6,
1782497995.3010056,200,154.02042493224144,qwen15b-npu6,
1782497995.3042157,200,120.12301804497838,qwen15b-npu4,
1782497995.3085675,200,124.89236006513238,qwen15b-npu3,
1782497995.3125842,200,141.8497641570866,qwen15b-npu7,
1782497995.312959,200,128.04797990247607,qwen15b-npu7,
1782497995.3184905,200,133.9827310293913,qwen15b-npu5,
1782497995.3255923,200,128.1161210499704,qwen15b-npu6,
1782497995.3259416,200,152.52421563491225,qwen15b-npu6,
1782497995.3292947,200,122.74382496252656,qwen15b-npu4,
1782497995.3348124,200,125.55010383948684,qwen15b-npu3,
1782497995.3378384,200,140.70443576201797,qwen15b-npu7,
1782497995.343369,200,118.26980486512184,qwen15b-npu5,
1782497995.3527396,200,128.4713139757514,qwen15b-npu4,
1782497995.3614275,200,135.8514530584216,qwen15b-npu3,
1782497995.364195,200,137.56276480853558,qwen15b-npu7,
1782497995.3683827,200,137.88076676428318,qwen15b-npu5,
1782497995.378831,200,127.2811652161181,qwen15b-npu4,
1782497995.3795044,200,109.26959477365017,qwen15b-npu4,
1782497995.3874037,200,141.0577278584242,qwen15b-npu3,
1782497995.3922398,200,131.23088190332055,qwen15b-npu7,
1782497995.392617,200,131.1830417253077,qwen15b-npu7,
1782497995.3929753,200,147.13424909859896,qwen15b-npu7,
1782497995.4102101,200,129.913873039186,qwen15b-npu6,
1782497995.4109156,200,141.4981409907341,qwen15b-npu6,
1782497995.4112353,200,148.96899089217186,qwen15b-npu6,
1782497995.4115696,200,148.68476893752813,qwen15b-npu6,
1782497995.4144738,200,132.77183333411813,qwen15b-npu3,
1782497995.414879,200,119.63546462357044,qwen15b-npu3,
1782497995.4168177,200,131.23374292626977,qwen15b-npu7,
1782497995.418116,200,117.97030316665769,qwen15b-npu5,
1782497995.418959,200,124.69937792047858,qwen15b-npu5,
1782497995.4256816,200,121.35411612689495,qwen15b-npu4,
1782497995.4261,200,117.42756888270378,qwen15b-npu4,
1782497995.4354851,200,134.37227299436927,qwen15b-npu6,
1782497995.440928,200,141.17105910554528,qwen15b-npu3,
1782497995.4412842,200,122.69132491201162,qwen15b-npu3,
1782497995.4420967,200,129.39035007730126,qwen15b-npu5,
1782497995.4434493,200,130.36611722782254,qwen15b-npu7,
1782497995.4442208,200,118.17394522950053,qwen15b-npu7,
1782497995.4513948,200,125.70250499993563,qwen15b-npu4,
1782497995.4517705,200,116.87309574335814,qwen15b-npu4,
1782497995.4670799,200,137.68609566614032,qwen15b-npu3,
1782497995.4674566,200,123.99568362161517,qwen15b-npu5,
1782497995.4678817,200,129.97262412682176,qwen15b-npu5,
1782497995.4908566,200,111.90397199243307,qwen15b-npu5,
1782497995.4946914,200,141.83401316404343,qwen15b-npu3,
1782497995.4951649,200,133.63296771422029,qwen15b-npu3,
1782497995.4955497,200,127.06539407372475,qwen15b-npu6,
1782497995.4964983,200,132.19785783439875,qwen15b-npu7,
1782497995.4976032,200,117.9721625521779,qwen15b-npu7,
1782497995.518954,200,125.89917564764619,qwen15b-npu3,
1782497995.5250258,200,110.47229310497642,qwen15b-npu4,
1782497995.5253608,200,132.61856092140079,qwen15b-npu4,
1782497995.5340676,200,146.54303481802344,qwen15b-npu6,
1782497995.5344567,200,142.10462616756558,qwen15b-npu6,
1782497995.5421,200,123.04603680968285,qwen15b-npu5,
1782497995.5425167,200,127.5662980042398,qwen15b-npu5,
1782497995.543381,200,126.4556311070919,qwen15b-npu5,
1782497995.5437376,200,132.38494005054235,qwen15b-npu5,
1782497995.5454948,200,127.29009613394737,qwen15b-npu3,
1782497995.5502393,200,109.23989489674568,qwen15b-npu4,
1782497995.550662,200,124.86570980399847,qwen15b-npu4,
1782497995.5586982,200,147.71359413862228,qwen15b-npu7,
1782497995.5589995,200,132.777142804116,qwen15b-npu7,
1782497995.5596437,200,148.00437493249774,qwen15b-npu7,
1782497995.5609217,200,150.59932274743915,qwen15b-npu6,
1782497995.5656395,200,121.31303502246737,qwen15b-npu5,
1782497995.5719752,200,129.780363291502,qwen15b-npu3,
1782497995.5752435,200,107.68132377415895,qwen15b-npu4,
1782497995.5756145,200,124.125633854419,qwen15b-npu4,
1782497995.5833764,200,131.49377377703786,qwen15b-npu7,
1782497995.5912304,200,155.6742861866951,qwen15b-npu6,
1782497995.5924008,200,148.84275058284402,qwen15b-npu6,
1782497995.5929909,200,151.6381287947297,qwen15b-npu6,
1782497995.6103518,200,143.15092330798507,qwen15b-npu7,
1782497995.6107445,200,142.78349885717034,qwen15b-npu7,
1782497995.6237173,200,127.10429495200515,qwen15b-npu4,
1782497995.6250439,200,134.0941321104765,qwen15b-npu3,
1782497995.625384,200,129.71092201769352,qwen15b-npu3,
1782497995.625786,200,130.9635010547936,qwen15b-npu3,
1782497995.638154,200,113.03740041330457,qwen15b-npu5,
1782497995.6487398,200,123.3127391897142,qwen15b-npu4,
1782497995.6521223,200,154.4196093454957,qwen15b-npu6,
1782497995.6524973,200,133.43126699328423,qwen15b-npu6,
1782497995.6534164,200,158.15230272710323,qwen15b-npu6,
1782497995.6602657,200,125.68557495251298,qwen15b-npu7,
1782497995.6645699,200,121.08367402106524,qwen15b-npu5,
1782497995.6653295,200,123.1009173206985,qwen15b-npu5,
1782497995.6656094,200,131.4407833851874,qwen15b-npu5,
1782497995.6747868,200,124.4289861060679,qwen15b-npu4,
1782497995.6754317,200,116.30179220810533,qwen15b-npu4,
1782497995.6783106,200,127.53483792766929,qwen15b-npu3,
1782497995.6787431,200,136.09794480726123,qwen15b-npu3,
1782497995.6802392,200,134.6364147029817,qwen15b-npu6,
1782497995.6806154,200,136.75125874578953,qwen15b-npu6,
1782497995.6879725,200,129.19375905767083,qwen15b-npu7,
1782497995.6886299,200,116.55989428982139,qwen15b-npu5,
1782497995.6895247,200,129.74314205348492,qwen15b-npu5,
1782497995.6898832,200,124.14382491260767,qwen15b-npu7,
1782497995.6992438,200,115.77227897942066,qwen15b-npu4,
1782497995.705325,200,129.61004115641117,qwen15b-npu3,
1782497995.7056553,200,130.32045727595687,qwen15b-npu3,
1782497995.7093632,200,148.36728805676103,qwen15b-npu6,
1782497995.7243092,200,131.7864661104977,qwen15b-npu4,
1782497995.730866,200,120.40757900103927,qwen15b-npu3,
1782497995.736334,200,125.49113389104605,qwen15b-npu5,
1782497995.7367308,200,111.60109099000692,qwen15b-npu5,
1782497995.7378223,200,111.96841299533844,qwen15b-npu7,
1782497995.743622,200,152.2763641551137,qwen15b-npu6,
1782497995.7439547,200,150.83923423662782,qwen15b-npu6,
1782497995.749242,200,123.74294176697731,qwen15b-npu4,
1782497995.7573817,200,133.5642379708588,qwen15b-npu3,
1782497995.7609122,200,122.63749400153756,qwen15b-npu5,
1782497995.775305,200,126.48422084748745,qwen15b-npu4,
1782497995.7756789,200,123.44401003792882,qwen15b-npu4,
1782497995.786944,200,111.43345898017287,qwen15b-npu5,
1782497995.7874398,200,122.75250488892198,qwen15b-npu3,
1782497995.7877314,200,127.39580636844039,qwen15b-npu3,
1782497995.7881885,200,122.44634283706546,qwen15b-npu5,
1782497995.7945545,200,141.92539360374212,qwen15b-npu7,
1782497995.7948985,200,129.49842074885964,qwen15b-npu7,
1782497995.799885,200,110.25694105774164,qwen15b-npu4,
1782497995.8009214,200,112.84571886062622,qwen15b-npu4,
1782497995.801243,200,147.73171301931143,qwen15b-npu6,
1782497995.8119783,200,123.23714839294553,qwen15b-npu3,
1782497995.8123913,200,133.97087017074227,qwen15b-npu3,
1782497995.8239906,200,124.63424820452929,qwen15b-npu7,
1782497995.8243465,200,143.60488625243306,qwen15b-npu7,
1782497995.8246045,200,144.25147976726294,qwen15b-npu7,
1782497995.8256028,200,146.72646578401327,qwen15b-npu7,
1782497995.826253,200,120.83028210327029,qwen15b-npu4,
1782497995.831569,200,156.67729312554002,qwen15b-npu6,
1782497995.8320265,200,142.0285552740097,qwen15b-npu6,
1782497995.8355997,200,126.12835830077529,qwen15b-npu5,
1782497995.836339,200,111.95185175165534,qwen15b-npu5,
1782497995.84952,200,112.67400812357664,qwen15b-npu4,
1782497995.8563757,200,150.62986314296722,qwen15b-npu6,
1782497995.8582008,200,121.7655879445374,qwen15b-npu5,
1782497995.8626597,200,118.92077885568142,qwen15b-npu3,
1782497995.8750677,200,144.10710893571377,qwen15b-npu7,
1782497995.8754165,200,137.50342512503266,qwen15b-npu7,
1782497995.8836539,200,122.61591432616115,qwen15b-npu5,
1782497995.88626,200,136.9231310673058,qwen15b-npu6,
1782497995.88668,200,142.65567855909467,qwen15b-npu6,
1782497995.8894234,200,131.92160706967115,qwen15b-npu3,
1782497995.9005775,200,124.77902881801128,qwen15b-npu4,
1782497995.9011638,200,112.83387895673513,qwen15b-npu4,
1782497995.9079366,200,107.93692618608475,qwen15b-npu5,
1782497995.9082878,200,120.3791587613523,qwen15b-npu5,
1782497995.9138873,200,126.77586311474442,qwen15b-npu6,
1782497995.9142826,200,138.8888438232243,qwen15b-npu6,
1782497995.9152887,200,114.26948802545667,qwen15b-npu3,
1782497995.9163384,200,121.68821785598993,qwen15b-npu3,
1782497995.9247978,200,123.48861014470458,qwen15b-npu4,
1782497995.9271812,200,115.09376391768456,qwen15b-npu7,
1782497995.927555,200,132.53208063542843,qwen15b-npu7,
1782497995.9279244,200,140.41220396757126,qwen15b-npu7,
1782497995.9315073,200,119.02304040268064,qwen15b-npu5,
1782497995.9413831,200,115.66192703321576,qwen15b-npu3,
1782497995.9417808,200,117.36814910545945,qwen15b-npu3,
1782497995.950786,200,126.06455804780126,qwen15b-npu4,
1782497995.9513206,200,124.9692402780056,qwen15b-npu4,
1782497995.9559777,200,124.29010588675737,qwen15b-npu5,
1782497995.956846,200,121.1359640583396,qwen15b-npu5,
1782497995.9635508,200,127.14074412360787,qwen15b-npu7,
1782497995.9754777,200,118.99923998862505,qwen15b-npu4,
1782497995.9773924,200,153.29229086637497,qwen15b-npu6,
1782497995.9778368,200,145.6926898099482,qwen15b-npu6,
1782497995.9804192,200,122.12427100166678,qwen15b-npu5,
1782497995.9905205,200,127.7755587361753,qwen15b-npu7,
1782497995.990865,200,141.24137861654162,qwen15b-npu7,
1782497996.0012178,200,117.44687985628843,qwen15b-npu4,
1782497996.0045722,200,117.76914214715362,qwen15b-npu5,
1782497996.0174642,200,127.97011993825436,qwen15b-npu7,
1782497996.0189924,200,132.62496097013354,qwen15b-npu3,
1782497996.019801,200,119.13064122200012,qwen15b-npu3,
1782497996.0272417,200,112.83869901672006,qwen15b-npu4,
1782497996.027668,200,126.36730959638953,qwen15b-npu4,
1782497996.0327992,200,157.6239001005888,qwen15b-npu6,
1782497996.0331435,200,157.66193019226193,qwen15b-npu6,
1782497996.044091,200,127.64639779925346,qwen15b-npu7,
1782497996.0450876,200,117.08836816251278,qwen15b-npu3,
1782497996.0460095,200,132.00074806809425,qwen15b-npu3,
1782497996.0521595,200,120.55769981816411,qwen15b-npu4,
1782497996.052982,200,128.09127056971192,qwen15b-npu5,
1782497996.0638115,200,155.41020501405,qwen15b-npu6,
1782497996.0641174,200,136.46134827286005,qwen15b-npu6,
1782497996.064503,200,137.2094820253551,qwen15b-npu6,
1782497996.0652215,200,157.18851704150438,qwen15b-npu6,
1782497996.065558,200,150.16892924904823,qwen15b-npu6,
1782497996.0724864,200,130.6341881863773,qwen15b-npu7,
1782497996.0727746,200,131.2756729312241,qwen15b-npu7,
1782497996.0730064,200,122.12704122066498,qwen15b-npu3,
1782497996.0732734,200,117.20022791996598,qwen15b-npu3,
1782497996.077137,200,120.1784978620708,qwen15b-npu4,
1782497996.0789146,200,127.49005714431405,qwen15b-npu5,
1782497996.0793326,200,115.70678791031241,qwen15b-npu5,
1782497996.0978627,200,122.29214189574122,qwen15b-npu7,
1782497996.0991244,200,121.17635505273938,qwen15b-npu3,
1782497996.0994618,200,118.95204894244671,qwen15b-npu3,
1782497996.1021278,200,111.19617708027363,qwen15b-npu4,
1782497996.1036408,200,113.02810022607446,qwen15b-npu5,
1782497996.1046712,200,127.14971508830786,qwen15b-npu5,
1782497996.124118,200,122.79074592515826,qwen15b-npu3,
1782497996.1250126,200,120.32339908182621,qwen15b-npu7,
1782497996.145931,200,128.40001424774528,qwen15b-npu6,
1782497996.1528695,200,125.11719111353159,qwen15b-npu5,
1782497996.1537523,200,133.8644796051085,qwen15b-npu4,
1782497996.1544726,200,127.11591459810734,qwen15b-npu3,
1782497996.1549566,200,135.90221293270588,qwen15b-npu4,
1782497996.1744242,200,141.21700869873166,qwen15b-npu6,
1782497996.1748965,200,142.00485358014703,qwen15b-npu6,
1782497996.1775415,200,113.64946374669671,qwen15b-npu5,
1782497996.1778693,200,112.21525399014354,qwen15b-npu5,
1782497996.1782122,200,132.0923981256783,qwen15b-npu4,
1782497996.1809876,200,135.83532301709056,qwen15b-npu7,
1782497996.181404,200,128.32861300557852,qwen15b-npu7,
1782497996.182248,200,138.07303784415126,qwen15b-npu3,
1782497996.2010765,200,121.66872806847095,qwen15b-npu5,
1782497996.2029898,200,123.98204300552607,qwen15b-npu4,
1782497996.203352,200,130.26861613616347,qwen15b-npu4,
1782497996.2062905,200,132.95419327914715,qwen15b-npu6,
1782497996.2070038,200,154.76374002173543,qwen15b-npu6,
1782497996.2074058,200,130.14608528465033,qwen15b-npu6,
1782497996.2078571,200,142.53475796431303,qwen15b-npu6,
1782497996.2085965,200,143.98870803415775,qwen15b-npu7,
1782497996.208972,200,136.39901764690876,qwen15b-npu7,
1782497996.2097821,200,145.54328890517354,qwen15b-npu6,
1782497996.2104053,200,137.56530499085784,qwen15b-npu3,
1782497996.2260604,200,126.8657031469047,qwen15b-npu5,
1782497996.229995,200,130.42426714673638,qwen15b-npu6,
1782497996.233089,200,129.34894999489188,qwen15b-npu7,
1782497996.2337067,200,135.7523426413536,qwen15b-npu7,
1782497996.2342918,200,129.5134210959077,qwen15b-npu3,
1782497996.2346566,200,132.4308798648417,qwen15b-npu3,
1782497996.2513793,200,127.18057492747903,qwen15b-npu5,
1782497996.2530615,200,127.94206012040377,qwen15b-npu4,
1782497996.2586536,200,112.66086809337139,qwen15b-npu3,
1782497996.2770073,200,123.99981403723359,qwen15b-npu5,
1782497996.2774398,200,123.56962077319622,qwen15b-npu5,
1782497996.2850614,200,129.99411392956972,qwen15b-npu7,
1782497996.285853,200,131.25782180577517,qwen15b-npu6,
1782497996.3041213,200,121.77296774461865,qwen15b-npu4,
1782497996.3046925,200,127.0569241605699,qwen15b-npu4,
1782497996.3049917,200,123.47536021843553,qwen15b-npu4,
1782497996.3141391,200,135.83580404520035,qwen15b-npu3,
1782497996.3144624,200,139.97562136501074,qwen15b-npu7,
1782497996.3148708,200,136.9080008007586,qwen15b-npu3,
1782497996.3157408,200,134.62696503847837,qwen15b-npu6,
1782497996.3160243,200,141.06690790504217,qwen15b-npu7,
1782497996.3258736,200,118.74764785170555,qwen15b-npu5,
1782497996.326211,200,118.24200535193086,qwen15b-npu5,
1782497996.3265653,200,125.42020296677947,qwen15b-npu5,
1782497996.3281171,200,124.70130901783705,qwen15b-npu4,
1782497996.3284552,200,120.90038321912289,qwen15b-npu4,
1782497996.337527,200,134.47204371914268,qwen15b-npu3,
1782497996.3382847,200,131.88070710748434,qwen15b-npu3,
1782497996.339502,200,128.99684719741344,qwen15b-npu7,
1782497996.3397965,200,129.9298433586955,qwen15b-npu7,
1782497996.341261,200,132.56995100528002,qwen15b-npu6,
1782497996.3419576,200,132.9219238832593,qwen15b-npu6,
1782497996.3490598,200,114.67662081122398,qwen15b-npu5,
1782497996.3530133,200,118.29465487971902,qwen15b-npu4,
1782497996.353563,200,127.40827724337578,qwen15b-npu4,
1782497996.36407,200,130.88663993403316,qwen15b-npu3,
1782497996.3654475,200,131.67872605845332,qwen15b-npu7,
1782497996.3676195,200,137.5327450223267,qwen15b-npu6,
1782497996.3774438,200,118.73167799785733,qwen15b-npu4,
1782497996.3898327,200,138.34288995712996,qwen15b-npu3,
1782497996.3948836,200,141.7280319146812,qwen15b-npu6,
1782497996.3975198,200,111.55916983261704,qwen15b-npu5,
1782497996.4155066,200,137.9595068283379,qwen15b-npu3,
1782497996.418404,200,141.27074973657727,qwen15b-npu7,
1782497996.4234781,200,118.41773567721248,qwen15b-npu5,
1782497996.4238164,200,109.22048380598426,qwen15b-npu5,
1782497996.4242597,200,139.11369489505887,qwen15b-npu6,
1782497996.4284933,200,112.35606484115124,qwen15b-npu4,
1782497996.4420443,200,137.26913323625922,qwen15b-npu3,
1782497996.442793,200,128.56388511136174,qwen15b-npu3,
1782497996.4460597,200,131.11134199425578,qwen15b-npu7,
1782497996.4464278,200,142.20580598339438,qwen15b-npu7,
1782497996.4474292,200,131.6107651218772,qwen15b-npu5,
1782497996.4530628,200,124.84907964244485,qwen15b-npu6,
1782497996.4533322,200,124.74237801507115,qwen15b-npu6,
1782497996.4537528,200,127.08996376022696,qwen15b-npu6,
1782497996.4557128,200,116.13421002402902,qwen15b-npu4,
1782497996.4559863,200,130.01097412779927,qwen15b-npu4,
1782497996.456466,200,130.1600350998342,qwen15b-npu4,
1782497996.4695134,200,115.88918883353472,qwen15b-npu3,
1782497996.475717,200,134.37136402353644,qwen15b-npu5,
1782497996.4772174,200,137.3127829283476,qwen15b-npu7,
1782497996.4775403,200,139.14657523855567,qwen15b-npu7,
1782497996.478171,200,140.55418502539396,qwen15b-npu7,
1782497996.4839702,200,130.89649006724358,qwen15b-npu6,
1782497996.484309,200,142.26443693041801,qwen15b-npu6,
1782497996.4861765,200,118.46842616796494,qwen15b-npu4,
1782497996.4865005,200,137.37633312121034,qwen15b-npu4,
1782497996.4868383,200,121.28543620929122,qwen15b-npu4,
1782497996.5028992,200,138.76817282289267,qwen15b-npu7,
1782497996.5089858,200,114.01117732748389,qwen15b-npu4,
1782497996.511766,200,134.24529181793332,qwen15b-npu6,
1782497996.5235038,200,133.54551792144775,qwen15b-npu3,
1782497996.525298,200,127.67238775268197,qwen15b-npu5,
1782497996.550252,200,134.65085485950112,qwen15b-npu5,
1782497996.5514238,200,127.84917000681162,qwen15b-npu3,
1782497996.5520585,200,123.47252992913127,qwen15b-npu3,
1782497996.5523593,200,127.9834397137165,qwen15b-npu3,
1782497996.5567045,200,138.20492895320058,qwen15b-npu7,
1782497996.5678027,200,124.92462992668152,qwen15b-npu6,
1782497996.568765,200,144.8405426926911,qwen15b-npu6,
1782497996.5767329,200,120.16460811719298,qwen15b-npu5,
1782497996.5770392,200,120.96890294924378,qwen15b-npu5,
1782497996.577807,200,123.94826300442219,qwen15b-npu5,
1782497996.5783687,200,131.85034599155188,qwen15b-npu3,
1782497996.5788503,200,136.73636876046658,qwen15b-npu3,
1782497996.5837946,200,130.34461718052626,qwen15b-npu4,
1782497996.5841696,200,128.38168302550912,qwen15b-npu4,
1782497996.585999,200,138.49335117265582,qwen15b-npu7,
1782497996.5868075,200,140.63752628862858,qwen15b-npu7,
1782497996.597306,200,144.17444914579391,qwen15b-npu6,
1782497996.6014798,200,124.17461397126317,qwen15b-npu5,
1782497996.602181,200,132.58191104978323,qwen15b-npu5,
1782497996.6058733,200,118.88770898804069,qwen15b-npu3,
1782497996.6062443,200,128.010299988091,qwen15b-npu3,
1782497996.6066265,200,130.79987885430455,qwen15b-npu3,
1782497996.6084633,200,124.40976593643427,qwen15b-npu4,
1782497996.6087916,200,124.41894691437483,qwen15b-npu4,
1782497996.6143785,200,127.78362911194563,qwen15b-npu7,
1782497996.6147394,200,137.09125202149153,qwen15b-npu7,
1782497996.6261816,200,139.90796031430364,qwen15b-npu6,
1782497996.6305969,200,118.77108830958605,qwen15b-npu3,
1782497996.6410875,200,138.09949904680252,qwen15b-npu7,
1782497996.641358,200,132.31298979371786,qwen15b-npu7,
1782497996.650304,200,124.9283398501575,qwen15b-npu5,
1782497996.6543655,200,130.7257693260908,qwen15b-npu6,
1782497996.675056,200,118.2364453561604,qwen15b-npu5,
1782497996.6798296,200,129.4761300086975,qwen15b-npu4,
1782497996.6838505,200,132.327098865062,qwen15b-npu6,
1782497996.684267,200,131.81566633284092,qwen15b-npu3,
1782497996.6938117,200,141.67497213929892,qwen15b-npu7,
1782497996.7005436,200,131.65346533060074,qwen15b-npu5,
1782497996.7009776,200,122.53152299672365,qwen15b-npu5,
1782497996.7049963,200,128.17518087103963,qwen15b-npu4,
1782497996.705374,200,128.237911965698,qwen15b-npu4,
1782497996.7105992,200,132.69866164773703,qwen15b-npu3,
1782497996.7122436,200,126.1833980679512,qwen15b-npu6,
1782497996.7125006,200,128.22025176137686,qwen15b-npu6,
1782497996.712913,200,145.0154548510909,qwen15b-npu6,
1782497996.7225668,200,135.65182173624635,qwen15b-npu7,
1782497996.7229562,200,139.04498470947146,qwen15b-npu7,
1782497996.723615,200,144.6961029432714,qwen15b-npu7,
1782497996.7263315,200,128.9296569302678,qwen15b-npu5,
1782497996.726622,200,118.07953426614404,qwen15b-npu5,
1782497996.7268994,200,120.90644333511591,qwen15b-npu5,
1782497996.7307587,200,129.2157187126577,qwen15b-npu4,
1782497996.7311292,200,122.27232195436954,qwen15b-npu4,
1782497996.7317963,200,125.48093404620886,qwen15b-npu4,
1782497996.7322505,200,125.50969375297427,qwen15b-npu4,
1782497996.7378519,200,122.993647120893,qwen15b-npu3,
1782497996.7385798,200,136.33274612948298,qwen15b-npu6,
1782497996.7473872,200,132.93183268979192,qwen15b-npu7,
1782497996.7642868,200,123.1368682347238,qwen15b-npu3,
1782497996.7645643,200,138.2408500649035,qwen15b-npu3,
1782497996.7685237,200,137.83748680725694,qwen15b-npu6,
1782497996.7723007,200,130.8806799352169,qwen15b-npu7,
1782497996.7733274,200,122.90271697565913,qwen15b-npu5,
1782497996.7919068,200,137.46791519224644,qwen15b-npu3,
1782497996.7973235,200,112.9643190652132,qwen15b-npu5,
1782497996.8185747,200,134.6110049635172,qwen15b-npu3,
1782497996.8234038,200,117.92761227115989,qwen15b-npu5,
1782497996.8237803,200,123.11459798365831,qwen15b-npu5,
1782497996.8255694,200,145.62842901796103,qwen15b-npu6,
1782497996.8258824,200,150.74078319594264,qwen15b-npu6,
1782497996.8279479,200,122.85107607021928,qwen15b-npu7,
1782497996.8287477,200,134.84109565615654,qwen15b-npu7,
1782497996.8290682,200,127.98313098028302,qwen15b-npu7,
1782497996.8296523,200,117.3155577853322,qwen15b-npu4,
1782497996.829994,200,117.43820970878005,qwen15b-npu4,
1782497996.848533,200,121.84318900108337,qwen15b-npu3,
1782497996.8488533,200,135.8711738139391,qwen15b-npu3,
1782497996.849196,200,122.1721121110022,qwen15b-npu5,
1782497996.8505588,200,119.69057517126203,qwen15b-npu5,
1782497996.8509037,200,140.21966187283397,qwen15b-npu3,
1782497996.8514078,200,124.98949142172933,qwen15b-npu3,
1782497996.8530302,200,121.06735398992896,qwen15b-npu4,
1782497996.8533516,200,129.62893210351467,qwen15b-npu6,
1782497996.8540943,200,131.41521392390132,qwen15b-npu6,
1782497996.855179,200,123.9828928373754,qwen15b-npu7,
1782497996.8555424,200,132.45311100035906,qwen15b-npu7,
1782497996.8567922,200,118.11455385759473,qwen15b-npu7,
1782497996.8577375,200,125.38222316652536,qwen15b-npu7,
1782497996.8836672,200,119.03318110853434,qwen15b-npu4,
1782497996.8843725,200,136.91953010857105,qwen15b-npu4,
1782497996.8847196,200,146.7822971753776,qwen15b-npu6,
1782497996.8971677,200,124.8079389333725,qwen15b-npu5,
1782497996.9005191,200,131.93392707034945,qwen15b-npu3,
1782497996.9028778,200,129.41479962319136,qwen15b-npu4,
1782497996.9076395,200,143.2874039746821,qwen15b-npu6,
1782497996.9277952,200,130.37141598761082,qwen15b-npu4,
1782497996.9362435,200,144.25275987014174,qwen15b-npu6,
1782497996.9478433,200,118.69838833808899,qwen15b-npu5,
1782497996.9482276,200,124.29983634501696,qwen15b-npu5,
1782497996.9485643,200,122.90864577516913,qwen15b-npu5,
1782497996.9534667,200,129.94195381179452,qwen15b-npu4,
1782497996.953773,200,124.02757396921515,qwen15b-npu4,
1782497996.9561267,200,127.29904614388943,qwen15b-npu3,
1782497996.957703,200,131.70333486050367,qwen15b-npu3,
1782497996.9580922,200,130.02210389822721,qwen15b-npu7,
1782497996.9584694,200,128.41596407815814,qwen15b-npu7,
1782497996.9636416,200,144.99805541709065,qwen15b-npu6,
1782497996.9714193,200,113.59766405075788,qwen15b-npu5,
1782497996.9718053,200,120.83789194002748,qwen15b-npu5,
1782497996.9779227,200,122.63948377221823,qwen15b-npu4,
1782497996.9781988,200,126.68750202283263,qwen15b-npu4,
1782497996.983335,200,134.39965387806296,qwen15b-npu7,
1782497996.9843376,200,128.69605515152216,qwen15b-npu3,
1782497996.9852004,200,131.77385600283742,qwen15b-npu3,
1782497996.9857588,200,135.11087791994214,qwen15b-npu3,
1782497996.9933627,200,139.17083572596312,qwen15b-npu6,
1782497996.9937766,200,136.90597098320723,qwen15b-npu6,
1782497996.994139,200,145.51907824352384,qwen15b-npu6,
1782497996.9945402,200,145.227856002748,qwen15b-npu6,
1782497996.994853,200,141.72372315078974,qwen15b-npu6,
1782497996.996052,200,111.22816801071167,qwen15b-npu5,
1782497997.0011997,200,117.44854971766472,qwen15b-npu4,
1782497997.0172887,200,120.04020670428872,qwen15b-npu6,
1782497997.0176206,200,133.14994471147656,qwen15b-npu6,
1782497997.0260196,200,123.01867734640837,qwen15b-npu4,
1782497997.0354664,200,127.7280687354505,qwen15b-npu7,
1782497997.036012,200,135.40382031351328,qwen15b-npu7,
1782497997.044872,200,117.01343581080437,qwen15b-npu5,
1782497997.0686245,200,132.25765898823738,qwen15b-npu3,
1782497997.0700717,200,116.50950275361538,qwen15b-npu5,
1782497997.0704327,200,122.08897108212113,qwen15b-npu5,
1782497997.0764325,200,118.61321795731783,qwen15b-npu4,
1782497997.0774014,200,123.54028970003128,qwen15b-npu4,
1782497997.077768,200,119.20296167954803,qwen15b-npu4,
1782497997.0880919,200,116.19243118911982,qwen15b-npu7,
1782497997.0886087,200,117.08530783653259,qwen15b-npu7,
1782497997.0889409,200,132.73193314671516,qwen15b-npu7,
1782497997.0950487,200,131.34888326749206,qwen15b-npu5,
1782497997.0957358,200,110.44299229979515,qwen15b-npu5,
1782497997.0974798,200,149.52118508517742,qwen15b-npu3,
1782497997.0978289,200,149.18590290471911,qwen15b-npu3,
1782497997.1014528,200,143.26087292283773,qwen15b-npu6,
1782497997.1157815,200,121.54182698577642,qwen15b-npu7,
1782497997.1160352,200,114.74167183041573,qwen15b-npu7,
1782497997.1162949,200,138.31115001812577,qwen15b-npu7,
1782497997.1165335,200,132.136648055166,qwen15b-npu7,
1782497997.1183472,200,123.39954916387796,qwen15b-npu5,
1782497997.1257603,200,139.91069002076983,qwen15b-npu3,
1782497997.1261392,200,130.01472409814596,qwen15b-npu4,
1782497997.1265407,200,148.27427687123418,qwen15b-npu3,
1782497997.1269054,200,133.3984169177711,qwen15b-npu4,
1782497997.1312268,200,136.5949478931725,qwen15b-npu6,
1782497997.1315675,200,148.1726160272956,qwen15b-npu6,
1782497997.1318996,200,138.01514776423573,qwen15b-npu6,
1782497997.1398804,200,122.18745099380612,qwen15b-npu7,
1782497997.143323,200,125.94256596639752,qwen15b-npu5,
1782497997.1573067,200,131.22684182599187,qwen15b-npu6,
1782497997.1807258,200,135.79168310388923,qwen15b-npu3,
1782497997.1809545,200,145.39965707808733,qwen15b-npu3,
1782497997.1812654,200,145.17567586153746,qwen15b-npu3,
1782497997.1936224,200,116.11972097307444,qwen15b-npu5,
1782497997.1939185,200,117.36486991867423,qwen15b-npu5,
1782497997.196932,200,126.76749238744378,qwen15b-npu4,
1782497997.1972992,200,126.7766123637557,qwen15b-npu4,
1782497997.2066908,200,128.86448577046394,qwen15b-npu3,
1782497997.212201,200,143.4485442005098,qwen15b-npu6,
1782497997.2169137,200,128.2085021957755,qwen15b-npu5,
1782497997.2198508,200,124.03320427983999,qwen15b-npu7,
1782497997.2201264,200,131.10065227374434,qwen15b-npu7,
1782497997.2208161,200,119.26197120919824,qwen15b-npu7,
1782497997.2211413,200,126.01763801649213,qwen15b-npu4,
1782497997.2367365,200,138.76893324777484,qwen15b-npu3,
1782497997.237212,200,149.0435916930437,qwen15b-npu3,
1782497997.2427816,200,126.93446269258857,qwen15b-npu6,
1782497997.2440886,200,125.61919493600726,qwen15b-npu6,
1782497997.2448647,200,147.28818042203784,qwen15b-npu6,
1782497997.245647,200,129.05224738642573,qwen15b-npu5,
1782497997.2466185,200,119.96932700276375,qwen15b-npu5,
1782497997.2473466,200,116.01850995793939,qwen15b-npu7,
1782497997.2478533,200,116.19717068970203,qwen15b-npu5,
1782497997.2486017,200,132.2376891039312,qwen15b-npu4,
1782497997.2496085,200,133.50555812940001,qwen15b-npu4,
1782497997.2498825,200,124.01185370981693,qwen15b-npu4,
1782497997.2501535,200,118.18682495504618,qwen15b-npu4,
1782497997.2639282,200,136.90275000408292,qwen15b-npu3,
1782497997.2646053,200,124.65931801125407,qwen15b-npu3,
1782497997.2650058,200,138.7405819259584,qwen15b-npu3,
1782497997.2698596,200,126.45577965304255,qwen15b-npu4,
1782497997.2739694,200,116.5824537165463,qwen15b-npu7,
1782497997.2912693,200,110.24943087249994,qwen15b-npu5,
1782497997.2938395,200,113.05028013885021,qwen15b-npu4,
1782497997.313731,200,120.03386719152331,qwen15b-npu3,
1782497997.3155904,200,108.84007206186652,qwen15b-npu5,
1782497997.326602,200,145.27361700311303,qwen15b-npu6,
1782497997.326906,200,132.83213321119547,qwen15b-npu6,
1782497997.3409007,200,143.8706978224218,qwen15b-npu3,
1782497997.3412418,200,143.8540769740939,qwen15b-npu3,
1782497997.342178,200,122.25244240835309,qwen15b-npu4,
1782497997.342539,200,121.6556578874588,qwen15b-npu4,
1782497997.3531153,200,140.7966068945825,qwen15b-npu7,
1782497997.3535244,200,136.53129804879427,qwen15b-npu7,
1782497997.3538847,200,132.6785022392869,qwen15b-npu7,
1782497997.3546376,200,134.41759394481778,qwen15b-npu6,
1782497997.3655725,200,128.70225636288524,qwen15b-npu5,
1782497997.3658223,200,119.14080055430532,qwen15b-npu5,
1782497997.3661957,200,123.34228865802288,qwen15b-npu5,
1782497997.367347,200,117.39999987185001,qwen15b-npu4,
1782497997.3676848,200,121.97413993999362,qwen15b-npu4,
1782497997.3699455,200,119.720415212214,qwen15b-npu3,
1782497997.3708217,200,125.85330568253994,qwen15b-npu3,
1782497997.3847072,200,119.97411632910371,qwen15b-npu7,
1782497997.3852718,200,136.60703785717487,qwen15b-npu6,
1782497997.3860497,200,138.10150790959597,qwen15b-npu7,
1782497997.386354,200,149.02875199913979,qwen15b-npu6,
1782497997.3866324,200,139.18587611988187,qwen15b-npu6,
1782497997.3870249,200,137.35280372202396,qwen15b-npu7,
1782497997.3879912,200,143.72908603399992,qwen15b-npu7,
1782497997.393138,200,123.19785775616765,qwen15b-npu4,
1782497997.3961186,200,122.07123124971986,qwen15b-npu3,
1782497997.4115648,200,146.43738511949778,qwen15b-npu6,
1782497997.4119692,200,147.9208949021995,qwen15b-npu6,
1782497997.4174635,200,126.07824709266424,qwen15b-npu5,
1782497997.4178135,200,123.89202322810888,qwen15b-npu5,
1782497997.4414048,200,127.60752812027931,qwen15b-npu4,
1782497997.4420364,200,114.97747292742133,qwen15b-npu4,
1782497997.4541438,200,138.47174076363444,qwen15b-npu3,
1782497997.454499,200,127.82026920467615,qwen15b-npu3,
1782497997.4593556,200,117.08393692970276,qwen15b-npu7,
1782497997.4683747,200,125.74248621240258,qwen15b-npu6,
1782497997.4687095,200,127.36999616026878,qwen15b-npu4,
1782497997.4690866,200,128.10347182676196,qwen15b-npu4,
1782497997.4694498,200,115.83168897777796,qwen15b-npu4,
1782497997.486563,200,132.58612109348178,qwen15b-npu7,
1782497997.4868495,200,133.60743829980493,qwen15b-npu7,
1782497997.4941316,200,126.68816233053803,qwen15b-npu5,
1782497997.4944203,200,124.28058590739965,qwen15b-npu5,
1782497997.494765,200,123.7418120726943,qwen15b-npu5,
1782497997.4966094,200,130.34267723560333,qwen15b-npu6,
1782497997.4969366,200,142.23512588068843,qwen15b-npu6,
1782497997.4972963,200,131.41642278060317,qwen15b-npu6,
1782497997.5107272,200,142.94682210311294,qwen15b-npu3,
1782497997.5112395,200,145.59589885175228,qwen15b-npu3,
1782497997.513075,200,119.84734470024705,qwen15b-npu7,
1782497997.5134766,200,128.65135492756963,qwen15b-npu7,
1782497997.5184379,200,133.09759367257357,qwen15b-npu5,
1782497997.518744,200,130.6056478060782,qwen15b-npu5,
1782497997.519482,200,123.28122789040208,qwen15b-npu5,
1782497997.5262902,200,140.1635818183422,qwen15b-npu6,
1782497997.52678,200,139.65461822226644,qwen15b-npu6,
1782497997.5397935,200,121.9124598428607,qwen15b-npu7,
1782497997.5401473,200,122.58785404264927,qwen15b-npu7,
1782497997.5416005,200,129.92261303588748,qwen15b-npu3,
1782497997.5425766,200,156.15718998014927,qwen15b-npu3,
1782497997.5431294,200,156.3716707751155,qwen15b-npu3,
1782497997.5527413,200,140.7001158222556,qwen15b-npu6,
1782497997.560706,200,106.46577598527074,qwen15b-npu4,
1782497997.561339,200,119.85823605209589,qwen15b-npu4,
1782497997.5655878,200,111.01998621597886,qwen15b-npu5,
1782497997.5680883,200,125.87950611487031,qwen15b-npu3,
1782497997.584176,200,115.34611508250237,qwen15b-npu4,
1782497997.5931458,200,124.66789921745658,qwen15b-npu7,
1782497997.5939283,200,124.73406922072172,qwen15b-npu7,
1782497997.6088662,200,114.64469972997904,qwen15b-npu4,
1782497997.6099894,200,140.44402400031686,qwen15b-npu6,
1782497997.6104333,200,150.9649851359427,qwen15b-npu6,
1782497997.6107774,200,115.93403900042176,qwen15b-npu4,
1782497997.6167457,200,119.38270181417465,qwen15b-npu5,
1782497997.6169803,200,120.27602875605226,qwen15b-npu5,
1782497997.6173644,200,130.7165678590536,qwen15b-npu5,
1782497997.6220338,200,125.00295089557767,qwen15b-npu3,
1782497997.6223073,200,135.37585968151689,qwen15b-npu3,
1782497997.6321266,200,118.55368688702583,qwen15b-npu4,
1782497997.636317,200,141.8369240127504,qwen15b-npu6,
1782497997.6392472,200,120.35324983298779,qwen15b-npu5,
1782497997.6466866,200,135.89502405375242,qwen15b-npu7,
1782497997.6469898,200,120.14839798212051,qwen15b-npu7,
1782497997.6472754,200,135.97581489011645,qwen15b-npu7,
1782497997.651033,200,137.84817699342966,qwen15b-npu3,
1782497997.6560638,200,114.30851882323623,qwen15b-npu4,
1782497997.6632729,200,123.0610073544085,qwen15b-npu5,
1782497997.666058,200,139.7075392305851,qwen15b-npu6,
1782497997.6662817,200,147.7667330764234,qwen15b-npu6,
1782497997.666639,200,147.04774925485253,qwen15b-npu6,
1782497997.671415,200,128.72779602184892,qwen15b-npu7,
1782497997.6773322,200,137.47801538556814,qwen15b-npu3,
1782497997.6781695,200,134.94091667234898,qwen15b-npu3,
1782497997.6831274,200,117.48113995417953,qwen15b-npu4,
1782497997.6842313,200,115.9992297179997,qwen15b-npu4,
1782497997.685449,200,132.61562073603272,qwen15b-npu4,
1782497997.6893544,200,127.95284995809197,qwen15b-npu5,
1782497997.6984391,200,114.15120773017406,qwen15b-npu7,
1782497997.703764,200,142.96099124476314,qwen15b-npu3,
1782497997.714776,200,120.74332078918815,qwen15b-npu5,
1782497997.7192204,200,125.98081724718213,qwen15b-npu6,
1782497997.7244906,200,114.39996911212802,qwen15b-npu7,
1782497997.741827,200,125.01546973362565,qwen15b-npu5,
1782497997.7421513,200,131.27884175628424,qwen15b-npu5,
1782497997.7499988,200,141.03375794366002,qwen15b-npu6,
1782497997.750271,200,133.22950573638082,qwen15b-npu6,
1782497997.7506464,200,133.21301573887467,qwen15b-npu6,
1782497997.7519634,200,115.58723729103804,qwen15b-npu7,
1782497997.7522638,200,129.8948428593576,qwen15b-npu7,
1782497997.7554302,200,116.06819136068225,qwen15b-npu4,
1782497997.755858,200,109.07574370503426,qwen15b-npu4,
1782497997.7603972,200,149.89300770685077,qwen15b-npu3,
1782497997.7607996,200,138.7015930376947,qwen15b-npu3,
1782497997.7611456,200,128.9575770497322,qwen15b-npu3,
1782497997.765542,200,114.3929585814476,qwen15b-npu5,
1782497997.7763002,200,104.82214484363794,qwen15b-npu4,
1782497997.77744,200,130.38987712934613,qwen15b-npu7,
1782497997.7868493,200,139.5156178623438,qwen15b-npu3,
1782497997.7872274,200,121.10654404386878,qwen15b-npu3,
1782497997.7915769,200,128.21153178811073,qwen15b-npu5,
1782497997.7917917,200,125.44684298336506,qwen15b-npu5,
1782497997.802471,200,124.19978529214859,qwen15b-npu4,
1782497997.8028533,200,118.4813273139298,qwen15b-npu4,
1782497997.8034647,200,126.06666795909405,qwen15b-npu4,
1782497997.806415,200,150.25587007403374,qwen15b-npu6,
1782497997.807725,200,122.1706010401249,qwen15b-npu7,
1782497997.8080502,200,124.84022928401828,qwen15b-npu7,
1782497997.8084018,200,141.70061331242323,qwen15b-npu6,
1782497997.8152926,200,111.43574910238385,qwen15b-npu5,
1782497997.832873,200,143.42475403100252,qwen15b-npu6,
1782497997.8388984,200,124.01712406426668,qwen15b-npu3,
1782497997.8393807,200,140.8375073224306,qwen15b-npu3,
1782497997.8400981,200,115.51754688844085,qwen15b-npu5,
1782497997.8611512,200,141.837892588228,qwen15b-npu6,
1782497997.8646836,200,108.71737124398351,qwen15b-npu5,
1782497997.865867,200,123.64258104935288,qwen15b-npu5,
1782497997.8737988,200,118.23209375143051,qwen15b-npu4,
1782497997.8745759,200,123.86105302721262,qwen15b-npu4,
1782497997.874905,200,124.56406792625785,qwen15b-npu4,
1782497997.8862739,200,136.19607500731945,qwen15b-npu7,
1782497997.8865771,200,126.05893705040216,qwen15b-npu7,
1782497997.8924465,200,140.40885400027037,qwen15b-npu6,
1782497997.8931425,200,151.23310685157776,qwen15b-npu6,
1782497997.893528,200,132.63807212933898,qwen15b-npu6,
1782497997.8967707,200,119.25188219174743,qwen15b-npu3,
1782497997.8971674,200,144.84021393582225,qwen15b-npu3,
1782497997.8975148,200,136.29530603066087,qwen15b-npu3,
1782497997.8978581,200,132.22882943227887,qwen15b-npu3,
1782497997.8984177,200,106.78069805726409,qwen15b-npu4,
1782497997.9125054,200,136.12335501238704,qwen15b-npu7,
1782497997.9138715,200,126.95893412455916,qwen15b-npu7,
1782497997.9142659,200,126.97044434025884,qwen15b-npu5,
1782497997.914657,200,111.6606411524117,qwen15b-npu5,
1782497997.9206429,200,114.06374629586935,qwen15b-npu4,
1782497997.9210584,200,129.2050676420331,qwen15b-npu6,
1782497997.9361026,200,128.2894117757678,qwen15b-npu5,
1782497997.9392579,200,136.67421927675605,qwen15b-npu7,
1782497997.9396145,200,131.1460519209504,qwen15b-npu7,
1782497997.9476426,200,139.48000827804208,qwen15b-npu3,
1782497997.9484787,200,133.12547514215112,qwen15b-npu6,
1782497997.948704,200,145.12421609833837,qwen15b-npu6,
1782497997.9649708,200,125.52053295075893,qwen15b-npu7,
1782497997.9681494,200,106.9151391275227,qwen15b-npu4,
1782497997.9685133,200,129.49981028214097,qwen15b-npu4,
1782497997.9770212,200,136.82950008660555,qwen15b-npu3,
1782497997.9773855,200,144.4456009194255,qwen15b-npu3,
1782497997.9911633,200,126.42102967947721,qwen15b-npu7,
1782497997.9916615,200,105.31059792265296,qwen15b-npu4,
1782497998.0029545,200,137.02090131118894,qwen15b-npu3,
1782497998.0110316,200,137.09264202043414,qwen15b-npu5,
1782497998.0114582,200,118.86684922501445,qwen15b-npu5,
1782497998.0121033,200,137.42697425186634,qwen15b-npu5,
1782497998.012377,200,114.79359166696668,qwen15b-npu5,
1782497998.0147226,200,117.83495219424367,qwen15b-npu4,
1782497998.0182285,200,124.97328082099557,qwen15b-npu7,
1782497998.0191493,200,121.17114523425698,qwen15b-npu7,
1782497998.0196812,200,144.7086832486093,qwen15b-npu7,
1782497998.0304573,200,133.1799258477986,qwen15b-npu6,
1782497998.0317974,200,145.07335610687733,qwen15b-npu6,
1782497998.03207,200,133.5637979209423,qwen15b-npu3,
1782497998.0323467,200,138.7010421603918,qwen15b-npu3,
1782497998.0351474,200,113.96858561784029,qwen15b-npu5,
1782497998.0356574,200,121.70361913740635,qwen15b-npu5,
1782497998.0395455,200,126.98126398026943,qwen15b-npu4,
1782497998.043355,200,122.5842540152371,qwen15b-npu7,
1782497998.057618,200,108.8519711047411,qwen15b-npu5,
1782497998.0606074,200,145.78980999067426,qwen15b-npu6,
1782497998.0610368,200,124.82877913862467,qwen15b-npu6,
1782497998.0614653,200,147.13027887046337,qwen15b-npu6,
1782497998.0630715,200,123.70701227337122,qwen15b-npu4,
1782497998.070026,200,122.3235628567636,qwen15b-npu7,
1782497998.0839727,200,144.26976954564452,qwen15b-npu3,
1782497998.084575,200,136.03494502604008,qwen15b-npu3,
1782497998.088469,200,110.99414573982358,qwen15b-npu4,
1782497998.0888064,200,120.17482798546553,qwen15b-npu4,
1782497998.1105607,200,118.83582873269916,qwen15b-npu4,
1782497998.1156514,200,147.3974511027336,qwen15b-npu6,
1782497998.1167572,200,151.67841035872698,qwen15b-npu6,
1782497998.1177242,200,140.59475529938936,qwen15b-npu6,
1782497998.12381,200,132.5857313349843,qwen15b-npu7,
1782497998.1307955,200,127.7765086852014,qwen15b-npu5,
1782497998.13456,200,115.30785635113716,qwen15b-npu4,
1782497998.1386342,200,123.85292304679751,qwen15b-npu3,
1782497998.1457584,200,125.98322704434395,qwen15b-npu6,
1782497998.1460178,200,133.57522804290056,qwen15b-npu6,
1782497998.146826,200,135.66038198769093,qwen15b-npu6,
1782497998.151977,200,139.81192000210285,qwen15b-npu7,
1782497998.1530244,200,141.4553509093821,qwen15b-npu7,
1782497998.1532466,200,134.96152684092522,qwen15b-npu7,
1782497998.1566534,200,120.88447296991944,qwen15b-npu5,
1782497998.1569183,200,117.31566907837987,qwen15b-npu5,
1782497998.1590948,200,127.23385635763407,qwen15b-npu4,
1782497998.1593616,200,126.90616305917501,qwen15b-npu4,
1782497998.1704233,200,139.90430114790797,qwen15b-npu3,
1782497998.1707356,200,138.61113181337714,qwen15b-npu3,
1782497998.1710017,200,135.70881308987737,qwen15b-npu3,
1782497998.1714985,200,128.03263077512383,qwen15b-npu3,
1782497998.1773489,200,119.63749397546053,qwen15b-npu7,
1782497998.18198,200,111.87523230910301,qwen15b-npu5,
1782497998.1823964,200,121.65709771215916,qwen15b-npu5,
1782497998.1828578,200,121.69835763052106,qwen15b-npu5,
1782497998.197084,200,135.5054508894682,qwen15b-npu6,
1782497998.203122,200,139.94270097464323,qwen15b-npu7,
1782497998.2056837,200,121.65435776114464,qwen15b-npu4,
1782497998.2244084,200,139.77359980344772,qwen15b-npu6,
1782497998.2303193,200,141.38857973739505,qwen15b-npu7,
1782497998.2307231,200,112.89476929232478,qwen15b-npu4,
1782497998.2311199,200,142.5759787671268,qwen15b-npu7,
1782497998.2517226,200,134.84678603708744,qwen15b-npu3,
1782497998.2521322,200,141.47658087313175,qwen15b-npu3,
1782497998.252481,200,136.7668490856886,qwen15b-npu3,
1782497998.2532332,200,107.40139288827777,qwen15b-npu5,
1782497998.2541876,200,130.298615898937,qwen15b-npu6,
1782497998.2549284,200,124.0121042355895,qwen15b-npu4,
1782497998.2555318,200,109.45037612691522,qwen15b-npu4,
1782497998.2562492,200,117.53799999132752,qwen15b-npu7,
1782497998.277719,200,124.40776592120528,qwen15b-npu5,
1782497998.2784493,200,107.93025605380535,qwen15b-npu4,
1782497998.279376,200,122.66487395390868,qwen15b-npu3,
1782497998.280296,200,123.31643979996443,qwen15b-npu5,
1782497998.2805731,200,127.49099731445312,qwen15b-npu3,
1782497998.2809827,200,109.81482779607177,qwen15b-npu4,
1782497998.281649,200,147.00593892484903,qwen15b-npu3,
1782497998.2829616,200,130.88731979951262,qwen15b-npu7,
1782497998.2841043,200,124.64039772748947,qwen15b-npu7,
1782497998.2845051,200,137.57045473903418,qwen15b-npu6,
1782497998.301213,200,104.03671907261014,qwen15b-npu4,
1782497998.3024871,200,131.6842259839177,qwen15b-npu5,
1782497998.3079038,200,148.731280118227,qwen15b-npu3,
1782497998.3088636,200,125.88328728452325,qwen15b-npu3,
1782497998.3092704,200,137.6415048725903,qwen15b-npu7,
1782497998.3119564,200,129.85594291239977,qwen15b-npu6,
1782497998.3125484,200,130.01680420711637,qwen15b-npu6,
1782497998.3129282,200,135.48762071877718,qwen15b-npu6,
1782497998.3265018,200,123.28328937292099,qwen15b-npu5,
1782497998.3375583,200,131.79934630170465,qwen15b-npu6,
1782497998.3484569,200,117.24761920049787,qwen15b-npu4,
1782497998.3514564,200,120.63859077170491,qwen15b-npu5,
1782497998.3601503,200,129.70882235094905,qwen15b-npu7,
1782497998.3644452,200,139.9777210317552,qwen15b-npu6,
1782497998.3725147,200,117.51923989504576,qwen15b-npu4,
1782497998.3731015,200,120.54474977776408,qwen15b-npu4,
1782497998.377421,200,123.17237770184875,qwen15b-npu5,
1782497998.3778238,200,125.57977391406894,qwen15b-npu5,
1782497998.3868833,200,135.0349779240787,qwen15b-npu7,
1782497998.3880742,200,131.76547596231103,qwen15b-npu3,
1782497998.3884156,200,135.11740835383534,qwen15b-npu7,
1782497998.3928385,200,137.2438627295196,qwen15b-npu6,
1782497998.3973486,200,112.72804718464613,qwen15b-npu4,
1782497998.3976219,200,116.49531312286854,qwen15b-npu4,
1782497998.4017951,200,121.16287415847182,qwen15b-npu5,
1782497998.4020607,200,119.00760978460312,qwen15b-npu5,
1782497998.4136667,200,135.8837829902768,qwen15b-npu7,
1782497998.4141166,200,134.67864505946636,qwen15b-npu7,
1782497998.4161303,200,131.90191704779863,qwen15b-npu3,
1782497998.4164667,200,137.94552721083164,qwen15b-npu3,
1782497998.4167411,200,136.37320697307587,qwen15b-npu3,
1782497998.4193833,200,118.07772377505898,qwen15b-npu4,
1782497998.4206474,200,138.8708441518247,qwen15b-npu6,
1782497998.4210281,200,108.00880705937743,qwen15b-npu4,
1782497998.426956,200,118.9302196726203,qwen15b-npu5,
1782497998.4273026,200,118.31354582682252,qwen15b-npu5,
1782497998.4387052,200,129.37358999624848,qwen15b-npu7,
1782497998.4426587,200,140.02202078700066,qwen15b-npu3,
1782497998.4430082,200,130.34891616553068,qwen15b-npu3,
1782497998.4489472,200,136.89192989841104,qwen15b-npu6,
1782497998.4508858,200,124.29915508255363,qwen15b-npu5,
1782497998.4653869,200,127.76070879772305,qwen15b-npu7,
1782497998.468335,200,116.81324616074562,qwen15b-npu3,
1782497998.4746702,200,114.4189890474081,qwen15b-npu5,
1782497998.4765623,200,128.0417712405324,qwen15b-npu6,
1782497998.4892104,200,116.62910412997007,qwen15b-npu4,
1782497998.4955094,200,122.34818190336227,qwen15b-npu3,
1782497998.4963272,200,118.3959860354662,qwen15b-npu3,
1782497998.5006251,200,123.09652799740434,qwen15b-npu5,
1782497998.5047219,200,140.18316194415092,qwen15b-npu6,
1782497998.5142694,200,116.85234634205699,qwen15b-npu4,
1782497998.514655,200,121.71411793678999,qwen15b-npu4,
1782497998.5185456,200,120.8504717797041,qwen15b-npu7,
1782497998.5187862,200,116.9303460046649,qwen15b-npu7,
1782497998.5193915,200,131.22522179037333,qwen15b-npu7,
1782497998.5341086,200,131.97861704975367,qwen15b-npu6,
1782497998.5344222,200,145.87547117844224,qwen15b-npu6,
1782497998.5351455,200,148.15249620005488,qwen15b-npu6,
1782497998.537808,200,117.04911710694432,qwen15b-npu4,
1782497998.538153,200,117.0187471434474,qwen15b-npu4,
1782497998.5439956,200,127.18766462057829,qwen15b-npu7,
1782497998.5488315,200,132.59384175762534,qwen15b-npu3,
1782497998.5490563,200,121.69218808412552,qwen15b-npu3,
1782497998.5496917,200,135.50497079268098,qwen15b-npu3,
1782497998.550104,200,133.5808881558478,qwen15b-npu5,
1782497998.5511467,200,124.1272040642798,qwen15b-npu5,
1782497998.5516698,200,132.17956898733974,qwen15b-npu5,
1782497998.5617447,200,147.93236507102847,qwen15b-npu6,
1782497998.5704873,200,131.6722361370921,qwen15b-npu7,
1782497998.5709538,200,128.20116197690368,qwen15b-npu7,
1782497998.5740566,200,124.9839598312974,qwen15b-npu5,
1782497998.5745313,200,123.545341193676,qwen15b-npu5,
1782497998.583932,200,118.4469060972333,qwen15b-npu4,
1782497998.588098,200,145.02331474795938,qwen15b-npu6,
1782497998.5970194,200,128.56540409848094,qwen15b-npu7,
1782497998.5974467,200,122.70110473036766,qwen15b-npu7,
1782497998.6004212,200,123.79076238721609,qwen15b-npu3,
1782497998.6088345,200,119.5300230756402,qwen15b-npu4,
1782497998.6091766,200,104.37583178281784,qwen15b-npu4,
1782497998.6283178,200,131.8977358750999,qwen15b-npu3,
1782497998.628662,200,133.03320528939366,qwen15b-npu3,
1782497998.6321657,200,117.41300858557224,qwen15b-npu4,
1782497998.633052,200,118.67951834574342,qwen15b-npu4,
1782497998.6463091,200,111.09111690893769,qwen15b-npu5,
1782497998.6466944,200,127.23624613136053,qwen15b-npu6,
1782497998.6471083,200,146.36147394776344,qwen15b-npu6,
1782497998.649716,200,130.86433988064528,qwen15b-npu7,
1782497998.6500106,200,115.81852892413735,qwen15b-npu7,
1782497998.6505167,200,131.9033671170473,qwen15b-npu7,
1782497998.656724,200,104.95252488180995,qwen15b-npu4,
1782497998.6573942,200,119.17541082948446,qwen15b-npu4,
1782497998.6714456,200,122.32459196820855,qwen15b-npu5,
1782497998.672116,200,134.21385269612074,qwen15b-npu5,
1782497998.6724343,200,123.54194093495607,qwen15b-npu5,
1782497998.6751935,200,125.03211991861463,qwen15b-npu6,
1782497998.6757963,200,141.25159988179803,qwen15b-npu6,
1782497998.6762571,200,132.19604920595884,qwen15b-npu6,
1782497998.6766765,200,126.91616313531995,qwen15b-npu6,
1782497998.6815956,200,119.77512622252107,qwen15b-npu3,
1782497998.681887,200,130.6719076819718,qwen15b-npu3,
1782497998.6953578,200,107.20134107396007,qwen15b-npu5,
1782497998.696384,200,122.17696197330952,qwen15b-npu5,
1782497998.7018187,200,130.80606888979673,qwen15b-npu6,
1782497998.7049189,200,120.92826282605529,qwen15b-npu4,
1782497998.705828,200,108.30643819645047,qwen15b-npu4,
1782497998.709374,200,138.82724335417151,qwen15b-npu3,
1782497998.7096758,200,135.034108068794,qwen15b-npu3,
1782497998.7267413,200,129.60015097633004,qwen15b-npu7,
1782497998.7290518,200,128.56389535591006,qwen15b-npu6,
1782497998.7347586,200,125.82838581874967,qwen15b-npu3,
1782497998.7431204,200,114.72481116652489,qwen15b-npu5,
1782497998.7525797,200,105.7746410369873,qwen15b-npu4,
1782497998.7540882,200,121.82904919609427,qwen15b-npu7,
1782497998.7543554,200,121.19867512956262,qwen15b-npu7,
1782497998.7580807,200,148.84077105671167,qwen15b-npu6,
1782497998.7628772,200,134.08516207709908,qwen15b-npu3,
1782497998.7677839,200,110.97551602870226,qwen15b-npu5,
1782497998.7767236,200,126.6157110221684,qwen15b-npu4,
1782497998.7823431,200,135.9186740592122,qwen15b-npu7,
1782497998.7828414,200,133.04437370970845,qwen15b-npu7,
1782497998.7833073,200,125.83332601934671,qwen15b-npu7,
1782497998.7857835,200,135.176339186728,qwen15b-npu6,
1782497998.7898424,200,142.63062877580523,qwen15b-npu3,
1782497998.793014,200,120.8370728418231,qwen15b-npu5,
1782497998.793326,200,121.82243913412094,qwen15b-npu5,
1782497998.800571,200,124.19665511697531,qwen15b-npu4,
1782497998.8071537,200,125.49890391528606,qwen15b-npu7,
1782497998.8138988,200,137.16160180047154,qwen15b-npu6,
1782497998.8145924,200,132.6442318968475,qwen15b-npu6,
1782497998.81483,200,139.55982774496078,qwen15b-npu6,
1782497998.8176954,200,112.71971836686134,qwen15b-npu5,
1782497998.8188658,200,123.44903964549303,qwen15b-npu5,
1782497998.8192017,200,143.2774937711656,qwen15b-npu3,
1782497998.8200724,200,147.57732301950455,qwen15b-npu3,
1782497998.8251007,200,115.36423489451408,qwen15b-npu4,
1782497998.8339992,200,124.53241692855954,qwen15b-npu7,
1782497998.841051,200,106.1999942176044,qwen15b-npu5,
1782497998.8419015,200,145.38126671686769,qwen15b-npu6,
1782497998.844786,200,138.8373440131545,qwen15b-npu3,
1782497998.8451693,200,143.2598028331995,qwen15b-npu3,
1782497998.86055,200,133.70131887495518,qwen15b-npu7,
1782497998.8656702,200,122.49002326279879,qwen15b-npu5,
1782497998.8721414,200,143.01980193704367,qwen15b-npu3,
1782497998.88472,200,116.85170466080308,qwen15b-npu4,
1782497998.8851519,200,130.68127911537886,qwen15b-npu4,
1782497998.8874311,200,134.78857604786754,qwen15b-npu7,
1782497998.89035,200,106.97814915329218,qwen15b-npu5,
1782497998.8982456,200,144.0885690972209,qwen15b-npu6,
1782497998.8985097,200,135.51583094522357,qwen15b-npu6,
1782497998.8991401,200,140.98057802766562,qwen15b-npu3,
1782497998.900356,200,123.56651993468404,qwen15b-npu4,
1782497998.9143357,200,131.3777631148696,qwen15b-npu7,
1782497998.9146082,200,128.7638060748577,qwen15b-npu7,
1782497998.9159484,200,108.7371208705008,qwen15b-npu5,
1782497998.916415,200,123.02783690392971,qwen15b-npu5,
1782497998.9244652,200,141.96826424449682,qwen15b-npu6,
1782497998.9255161,200,135.5787510983646,qwen15b-npu3,
1782497998.9269476,200,133.85816011577845,qwen15b-npu4,
1782497998.9277782,200,113.12111094594002,qwen15b-npu4,
1782497998.9402347,200,139.59437841549516,qwen15b-npu7,
1782497998.9405298,200,121.1772640235722,qwen15b-npu7,
1782497998.949892,200,115.832787938416,qwen15b-npu4,
1782497998.9505184,200,109.40941609442234,qwen15b-npu4,
1782497998.9535427,200,133.37248703464866,qwen15b-npu3,
1782497998.9542444,200,135.29613008722663,qwen15b-npu3,
1782497998.9547074,200,129.54833079129457,qwen15b-npu6,
1782497998.9549584,200,141.00048784166574,qwen15b-npu3,
1782497998.9552,200,140.3123727068305,qwen15b-npu6,
1782497998.955898,200,138.1447589956224,qwen15b-npu6,
1782497998.9645617,200,122.53325432538986,qwen15b-npu5,
1782497998.964989,200,120.11327780783176,qwen15b-npu5,
1782497998.9803662,200,135.0833778269589,qwen15b-npu6,
1782497998.991572,200,130.91420102864504,qwen15b-npu7,
1782497998.9989684,200,111.4372992888093,qwen15b-npu4,
1782497998.9995863,200,133.82562901824713,qwen15b-npu4,
1782497999.0061843,200,120.8871528506279,qwen15b-npu3,
1782497999.0095537,200,137.30527320876718,qwen15b-npu6,
1782497999.0114949,200,113.18247066810727,qwen15b-npu5,
1782497999.0124295,200,127.59593781083822,qwen15b-npu5,
1782497999.0179987,200,118.74687811359763,qwen15b-npu7,
1782497999.022757,200,106.74939723685384,qwen15b-npu4,
1782497999.032671,200,132.21944868564606,qwen15b-npu3,
1782497999.035735,200,121.31675519049168,qwen15b-npu5,
1782497999.0363061,200,109.28146401420236,qwen15b-npu5,
1782497999.0373812,200,138.7322130613029,qwen15b-npu6,
1782497999.0381944,200,147.7829241193831,qwen15b-npu6,
1782497999.0450284,200,130.3563159890473,qwen15b-npu7,
1782497999.0452902,200,128.81885608658195,qwen15b-npu7,
1782497999.047791,200,122.17271188274026,qwen15b-npu4,
1782497999.060895,200,136.29238726571202,qwen15b-npu3,
1782497999.061299,200,106.98842909187078,qwen15b-npu5,
1782497999.061704,200,133.8597098365426,qwen15b-npu3,
1782497999.0651124,200,124.461037106812,qwen15b-npu6,
1782497999.0724702,200,116.50632275268435,qwen15b-npu7,
1782497999.0727725,200,122.1958608366549,qwen15b-npu7,
1782497999.0736825,200,133.3706770092249,qwen15b-npu7,
1782497999.0745795,200,109.89136900752783,qwen15b-npu4,
1782497999.0750105,200,121.40255700796843,qwen15b-npu4,
1782497999.0753694,200,125.38406299427152,qwen15b-npu4,
1782497999.0878751,200,132.61693203821778,qwen15b-npu3,
1782497999.0881662,200,133.39351722970605,qwen15b-npu3,
1782497999.093602,200,138.58215231448412,qwen15b-npu6,
1782497999.0972626,200,132.1917292661965,qwen15b-npu7,
1782497999.1084857,200,108.83433185517788,qwen15b-npu5,
1782497999.1138356,200,122.1523117274046,qwen15b-npu3,
1782497999.1204085,200,121.34446576237679,qwen15b-npu4,
1782497999.1213794,200,140.92101715505123,qwen15b-npu6,
1782497999.1327057,200,123.0425969697535,qwen15b-npu5,
1782497999.1409292,200,128.40135395526886,qwen15b-npu3,
1782497999.1453414,200,108.97534200921655,qwen15b-npu4,
1782497999.1457176,200,107.42876213043928,qwen15b-npu4,
1782497999.1501005,200,127.28601507842541,qwen15b-npu7,
1782497999.1512785,200,139.6890887990594,qwen15b-npu6,
1782497999.1521118,200,134.03459079563618,qwen15b-npu6,
1782497999.1525397,200,146.2287032045424,qwen15b-npu6,
1782497999.158106,200,113.02048014476895,qwen15b-npu5,
1782497999.1584053,200,122.59400403127074,qwen15b-npu5,
1782497999.1589377,200,113.58811380341649,qwen15b-npu5,
1782497999.1682587,200,135.50491072237492,qwen15b-npu3,
1782497999.179687,200,117.90427193045616,qwen15b-npu7,
1782497999.1800072,200,132.1189678274095,qwen15b-npu7,
1782497999.1803973,200,142.89553090929985,qwen15b-npu7,
1782497999.1818104,200,116.59030383452773,qwen15b-npu5,
1782497999.1932387,200,117.80837224796414,qwen15b-npu4,
1782497999.193537,200,119.77300513535738,qwen15b-npu4,
1782497999.196089,200,134.68093611299992,qwen15b-npu3,
1782497999.1968346,200,135.81912405788898,qwen15b-npu3,
1782497999.2047608,200,131.93093705922365,qwen15b-npu7,
1782497999.206393,200,118.08634409680963,qwen15b-npu5,
1782497999.2067955,200,118.84546931833029,qwen15b-npu5,
1782497999.2081165,200,135.54972084239125,qwen15b-npu6,
1782497999.2112794,200,136.56379794701934,qwen15b-npu6,
1782497999.2120357,200,136.8987411260605,qwen15b-npu6,
1782497999.224573,200,127.19582486897707,qwen15b-npu4,
1782497999.232946,200,139.27424605935812,qwen15b-npu7,
1782497999.234556,200,125.97880698740482,qwen15b-npu6,
1782497999.2434607,200,121.98062986135483,qwen15b-npu4,
1782497999.252079,200,138.13738897442818,qwen15b-npu3,
1782497999.2524538,200,119.68544498085976,qwen15b-npu3,
1782497999.2609622,200,119.96797705069184,qwen15b-npu7,
1782497999.2613585,200,140.8595168031752,qwen15b-npu7,
1782497999.2695615,200,111.09247710555792,qwen15b-npu4,
1782497999.2698305,200,117.14459676295519,qwen15b-npu4,
1782497999.2705977,200,124.81884891167283,qwen15b-npu4,
1782497999.2780876,200,119.09267120063305,qwen15b-npu3,
1782497999.2787557,200,127.36472580581903,qwen15b-npu3,
1782497999.2818773,200,129.6737906523049,qwen15b-npu5,
1782497999.2821038,200,123.90483310446143,qwen15b-npu5,
1782497999.2868202,200,136.66042918339372,qwen15b-npu7,
1782497999.2922275,200,123.8723429851234,qwen15b-npu6,
1782497999.29256,200,147.11455907672644,qwen15b-npu6,
1782497999.304715,200,124.92797989398241,qwen15b-npu3,
1782497999.304984,200,124.46466740220785,qwen15b-npu5,
1782497999.3167014,200,120.55444996803999,qwen15b-npu4,
1782497999.3220847,200,128.7559256888926,qwen15b-npu6,
1782497999.3223846,200,142.30312732979655,qwen15b-npu6,
1782497999.322767,200,140.83850663155317,qwen15b-npu6,
1782497999.3302722,200,125.41184341534972,qwen15b-npu5,
1782497999.3306427,200,124.14304399862885,qwen15b-npu5,
1782497999.3321567,200,138.55408085510135,qwen15b-npu3,
1782497999.3325052,200,124.24821592867374,qwen15b-npu3,
1782497999.3400333,200,143.0906318128109,qwen15b-npu7,
1782497999.3403785,200,128.8474570028484,qwen15b-npu7,
1782497999.3426266,200,135.71861293166876,qwen15b-npu4,
1782497999.3434105,200,118.69428819045424,qwen15b-npu4,
1782497999.3553813,200,120.75755186378956,qwen15b-npu5,
1782497999.3571286,200,124.10275405272841,qwen15b-npu3,
1782497999.36574,200,153.51442201063037,qwen15b-npu7,
1782497999.37843,200,126.24295800924301,qwen15b-npu6,
1782497999.3794668,200,109.82754779979587,qwen15b-npu5,
1782497999.3833804,200,139.77196998894215,qwen15b-npu3,
1782497999.3916554,200,120.95555337145925,qwen15b-npu4,
1782497999.3919816,200,130.91203104704618,qwen15b-npu4,
1782497999.392939,200,140.41055412963033,qwen15b-npu7,
1782497999.405698,200,127.54753790795803,qwen15b-npu5,
1782497999.409825,200,127.88329040631652,qwen15b-npu6,
1782497999.4102209,200,148.7372200936079,qwen15b-npu6,
1782497999.4107845,200,140.8781367354095,qwen15b-npu6,
1782497999.4165885,200,123.96028311923146,qwen15b-npu3,
1782497999.4171472,200,130.2254358306527,qwen15b-npu3,
1782497999.4177248,200,112.93384013697505,qwen15b-npu4,
1782497999.417974,200,125.63729379326105,qwen15b-npu4,
1782497999.418293,200,136.1278952099383,qwen15b-npu3,
1782497999.4194074,200,140.58464486151934,qwen15b-npu7,
1782497999.442244,200,111.87147302553058,qwen15b-npu4,
1782497999.4471245,200,124.2723148316145,qwen15b-npu7,
1782497999.4475212,200,142.4758075736463,qwen15b-npu7,
1782497999.4551904,200,112.46653692796826,qwen15b-npu5,
1782497999.4554527,200,122.81643506139517,qwen15b-npu5,
1782497999.4561083,200,133.5936081595719,qwen15b-npu5,
1782497999.460167,200,143.38562404736876,qwen15b-npu6,
1782497999.4647746,200,142.61132897809148,qwen15b-npu3,
1782497999.4650774,200,132.83696305006742,qwen15b-npu3,
1782497999.4674218,200,111.9320229627192,qwen15b-npu4,
1782497999.4734912,200,142.78130000457168,qwen15b-npu7,
1782497999.4737396,200,130.23673510178924,qwen15b-npu7,
1782497999.4744902,200,133.9477300643921,qwen15b-npu7,
1782497999.479295,200,113.45994286239147,qwen15b-npu5,
1782497999.489512,200,149.3891542777419,qwen15b-npu6,
1782497999.4898186,200,132.62343080714345,qwen15b-npu6,
1782497999.4934957,200,115.00641284510493,qwen15b-npu4,
1782497999.499446,200,119.86420629546046,qwen15b-npu7,
1782497999.515433,200,123.33697034046054,qwen15b-npu3,
1782497999.5175295,200,134.03623085469007,qwen15b-npu4,
1782497999.5193763,200,127.63251783326268,qwen15b-npu6,
1782497999.527421,200,134.38942283391953,qwen15b-npu7,
1782497999.5352154,200,117.99873411655426,qwen15b-npu5,
1782497999.535819,200,130.0042038783431,qwen15b-npu5,
1782497999.5432007,200,132.85655295476317,qwen15b-npu3,
1782497999.5436862,200,132.73375295102596,qwen15b-npu3,
1782497999.5447545,200,126.39302015304565,qwen15b-npu4,
1782497999.5450428,200,128.34991328418255,qwen15b-npu4,
1782497999.545589,200,126.11722806468606,qwen15b-npu4,
1782497999.547926,200,130.13803493231535,qwen15b-npu6,
1782497999.5484016,200,138.46132112666965,qwen15b-npu6,
1782497999.5554123,200,137.36358284950256,qwen15b-npu5,
1782497999.5690463,200,121.79783871397376,qwen15b-npu3,
1782497999.5694642,200,113.2896519266069,qwen15b-npu3,
1782497999.5738761,200,126.28510035574436,qwen15b-npu6,
1782497999.5810647,200,138.72847286984324,qwen15b-npu7,
1782497999.5814853,200,125.95739681273699,qwen15b-npu7,
1782497999.582796,200,122.50332301482558,qwen15b-npu7,
1782497999.5832815,200,118.1269041262567,qwen15b-npu5,
1782497999.5842175,200,128.95216699689627,qwen15b-npu5,
1782497999.5847542,200,117.26313922554255,qwen15b-npu5,
1782497999.5939453,200,120.38109917193651,qwen15b-npu4,
1782497999.594769,200,120.20959798246622,qwen15b-npu3,
1782497999.6021955,200,137.3445433564484,qwen15b-npu6,
1782497999.6063392,200,132.5332811102271,qwen15b-npu7,
1782497999.6187584,200,128.8657756522298,qwen15b-npu4,
1782497999.623265,200,133.67707887664437,qwen15b-npu3,
1782497999.629726,200,110.28230097144842,qwen15b-npu5,
1782497999.6327217,200,133.15246487036347,qwen15b-npu7,
1782497999.6340518,200,154.68159969896078,qwen15b-npu6,
1782497999.6344752,200,140.91034699231386,qwen15b-npu6,
1782497999.6444962,200,109.20744389295578,qwen15b-npu4,
1782497999.6496897,200,132.09055783227086,qwen15b-npu3,
1782497999.654484,200,126.9898028112948,qwen15b-npu5,
1782497999.6603632,200,144.82487412169576,qwen15b-npu6,
1782497999.661424,200,125.53739408031106,qwen15b-npu7,
1782497999.6710055,200,127.20130616798997,qwen15b-npu4,
1782497999.6714277,200,126.31273875012994,qwen15b-npu4,
1782497999.6765351,200,130.8827199973166,qwen15b-npu3,
1782497999.6805892,200,135.76638279482722,qwen15b-npu5,
1782497999.6809433,200,111.79312085732818,qwen15b-npu5,
1782497999.6871858,200,139.140245039016,qwen15b-npu7,
1782497999.6877818,200,144.43148113787174,qwen15b-npu7,
1782497999.6902819,200,134.7175263799727,qwen15b-npu6,
1782497999.6906478,200,142.17492612078786,qwen15b-npu6,
1782497999.6964762,200,122.53150390461087,qwen15b-npu4,
1782497999.706509,200,123.10213735327125,qwen15b-npu5,
1782497999.7068477,200,123.967703897506,qwen15b-npu5,
1782497999.7072866,200,122.45357315987349,qwen15b-npu5,
1782497999.7131658,200,131.5498542971909,qwen15b-npu7,
1782497999.715978,200,146.44263498485088,qwen15b-npu6,
1782497999.7207842,200,125.88506611064076,qwen15b-npu4,
1782497999.7307365,200,149.54905537888408,qwen15b-npu3,
1782497999.7312336,200,137.2157116420567,qwen15b-npu3,
1782497999.7317786,200,147.45899103581905,qwen15b-npu3,
1782497999.746559,200,144.24844877794385,qwen15b-npu6,
1782497999.7468839,200,140.44161466881633,qwen15b-npu6,
1782497999.7477775,200,113.59784426167607,qwen15b-npu4,
1782497999.7491639,200,114.56484999507666,qwen15b-npu4,
1782497999.7538886,200,121.05761375278234,qwen15b-npu5,
1782497999.7565548,200,137.69759610295296,qwen15b-npu3,
1782497999.7569191,200,133.54401802644134,qwen15b-npu3,
1782497999.7675066,200,117.74728074669838,qwen15b-npu7,
1782497999.7731318,200,143.31244304776192,qwen15b-npu6,
1782497999.7735412,200,128.939856775105,qwen15b-npu4,
1782497999.7789404,200,117.41421883925796,qwen15b-npu5,
1782497999.796202,200,119.5866740308702,qwen15b-npu7,
1782497999.7967641,200,142.21562584862113,qwen15b-npu7,
1782497999.7970164,200,125.88110705837607,qwen15b-npu7,
1782497999.8015165,200,141.04217803105712,qwen15b-npu6,
1782497999.808833,200,137.24537286907434,qwen15b-npu3,
1782497999.809366,200,128.35038313642144,qwen15b-npu3,
1782497999.822839,200,132.12452828884125,qwen15b-npu7,
1782497999.8231304,200,135.281418915838,qwen15b-npu7,
1782497999.8241355,200,133.7463790550828,qwen15b-npu4,
1782497999.8246534,200,137.39832397550344,qwen15b-npu4,
1782497999.8289657,200,148.26359692960978,qwen15b-npu6,
1782497999.8298886,200,123.26822895556688,qwen15b-npu5,
1782497999.8306124,200,134.06973192468286,qwen15b-npu5,
1782497999.8381047,200,122.05818109214306,qwen15b-npu3,
1782497999.838371,200,130.97769068554044,qwen15b-npu3,
1782497999.8386645,200,131.75532594323158,qwen15b-npu3,
1782497999.8553565,200,124.45660727098584,qwen15b-npu4,
1782497999.855864,200,142.62898918241262,qwen15b-npu4,
1782497999.858494,200,137.6018850132823,qwen15b-npu7,
1782497999.8608136,200,129.43343073129654,qwen15b-npu5,
1782497999.8613117,200,129.41543012857437,qwen15b-npu5,
1782497999.8860726,200,136.76763931289315,qwen15b-npu4,
1782497999.8864298,200,129.4428100809455,qwen15b-npu7,
1782497999.8875237,200,133.53741820901632,qwen15b-npu5,
1782497999.8933425,200,136.67434873059392,qwen15b-npu3,
1782497999.8965986,200,149.65454582124949,qwen15b-npu6,
1782497999.8970704,200,149.18374316766858,qwen15b-npu6,
1782497999.8975012,200,150.83176409825683,qwen15b-npu6,
1782497999.9048874,200,131.62922486662865,qwen15b-npu4,
1782497999.9112377,200,132.1614091284573,qwen15b-npu5,
1782497999.9120505,200,138.38015962392092,qwen15b-npu7,
1782497999.9199312,200,122.84906581044197,qwen15b-npu3,
1782497999.925079,200,157.4308993294835,qwen15b-npu6,
1782497999.9298904,200,133.58022831380367,qwen15b-npu4,
1782497999.9370065,200,128.00523079931736,qwen15b-npu5,
1782497999.9392657,200,142.4313778989017,qwen15b-npu7,
1782497999.9512753,200,141.77210303023458,qwen15b-npu6,
1782497999.9519799,200,150.31992085278034,qwen15b-npu6,
1782497999.9560857,200,117.33525898307562,qwen15b-npu4,
1782497999.9568803,200,132.6768919825554,qwen15b-npu4,
1782497999.962635,200,124.19288512319326,qwen15b-npu5,
1782497999.9632177,200,134.11236181855202,qwen15b-npu5,
1782497999.9673066,200,136.61922933533788,qwen15b-npu7,
1782497999.968225,200,145.29570704326034,qwen15b-npu7,
1782497999.9754615,200,145.48943797126412,qwen15b-npu3,
1782497999.9759147,200,137.73518707603216,qwen15b-npu3,
1782497999.9762812,200,151.5610390342772,qwen15b-npu3,
1782497999.9803092,200,157.10483631119132,qwen15b-npu6,
1782497999.9805686,200,125.09325100108981,qwen15b-npu6,
1782497999.9823375,200,126.39433983713388,qwen15b-npu4,
1782497999.9866376,200,128.07357124984264,qwen15b-npu5,
1782497999.9993181,200,137.93496694415808,qwen15b-npu3,
1782497999.999837,200,138.86896334588528,qwen15b-npu3,
1782498000.01273,200,125.12405076995492,qwen15b-npu5,
1782498000.0132048,200,116.46423302590847,qwen15b-npu5,
1782498000.0180106,200,131.8143168464303,qwen15b-npu7,
1782498000.019025,200,121.44452566280961,qwen15b-npu7,
1782498000.0251172,200,131.62881508469582,qwen15b-npu3,
1782498000.030884,200,119.54465415328741,qwen15b-npu4,
1782498000.0362947,200,149.78068694472313,qwen15b-npu6,
1782498000.036699,200,139.50193766504526,qwen15b-npu6,
1782498000.0449705,200,132.81912310048938,qwen15b-npu7,
1782498000.045602,200,140.61097521334887,qwen15b-npu7,
1782498000.051222,200,126.06463814154267,qwen15b-npu3,
1782498000.0618837,200,131.91482704132795,qwen15b-npu5,
1782498000.0625021,200,110.45317258685827,qwen15b-npu5,
1782498000.0636535,200,143.65073526278138,qwen15b-npu6,
1782498000.0710225,200,133.86496994644403,qwen15b-npu7,
1782498000.0716279,200,132.2090388275683,qwen15b-npu7,
1782498000.0776215,200,114.34278823435307,qwen15b-npu3,
1782498000.083484,200,132.0945476181805,qwen15b-npu4,
1782498000.083833,200,116.38701194897294,qwen15b-npu4,
1782498000.0842407,200,128.05013079196215,qwen15b-npu4,
1782498000.0870495,200,111.44781997427344,qwen15b-npu5,
1782498000.0942767,200,137.32210313901305,qwen15b-npu6,
1782498000.0946531,200,131.9566168822348,qwen15b-npu6,
1782498000.1050358,200,129.0456079877913,qwen15b-npu3,
1782498000.105507,200,137.17521214857697,qwen15b-npu3,
1782498000.1074536,200,131.09893212094903,qwen15b-npu4,
1782498000.113031,200,130.59672806411982,qwen15b-npu5,
1782498000.11348,200,133.09475407004356,qwen15b-npu5,
1782498000.1221058,200,135.40711998939514,qwen15b-npu6,
1782498000.1224298,200,141.79629366844893,qwen15b-npu6,
1782498000.1231825,200,123.28318925574422,qwen15b-npu7,
1782498000.1306837,200,131.3029332086444,qwen15b-npu3,
1782498000.1327603,200,119.969816878438,qwen15b-npu4,
1782498000.1496801,200,136.4173972979188,qwen15b-npu6,
1782498000.1499028,200,124.70261799171567,qwen15b-npu6,
1782498000.1505692,200,131.3784741796553,qwen15b-npu7,
1782498000.1577446,200,126.7817821353674,qwen15b-npu4,
1782498000.1583674,200,121.54599744826555,qwen15b-npu3,
1782498000.1590087,200,140.9371169283986,qwen15b-npu3,
1782498000.1617668,200,116.09506094828248,qwen15b-npu5,
1782498000.1775188,200,132.43425963446498,qwen15b-npu7,
1782498000.1778493,200,141.44341135397553,qwen15b-npu7,
1782498000.1837823,200,132.48877134174109,qwen15b-npu4,
1782498000.1841059,200,120.38621911779046,qwen15b-npu4,
1782498000.1874719,200,115.72024831548333,qwen15b-npu5,
1782498000.1878462,200,125.89195603504777,qwen15b-npu5,
1782498000.2024007,200,118.04427299648523,qwen15b-npu7,
1782498000.2031276,200,125.43659331277013,qwen15b-npu7,
1782498000.2082143,200,113.82965464144945,qwen15b-npu4,
1782498000.2085626,200,124.97049104422331,qwen15b-npu4,
1782498000.20987,200,122.66187369823456,qwen15b-npu3,
1782498000.2104166,200,126.50968041270971,qwen15b-npu3,
1782498000.211604,200,149.03327217325568,qwen15b-npu6,
1782498000.2128108,200,141.60694228485227,qwen15b-npu6,
1782498000.2313743,200,126.21428910642862,qwen15b-npu7,
1782498000.232294,200,124.73410787060857,qwen15b-npu4,
1782498000.23332,200,138.60580185428262,qwen15b-npu6,
1782498000.237236,200,115.027722902596,qwen15b-npu5,
1782498000.2384493,200,125.29396312311292,qwen15b-npu5,
1782498000.2388315,200,133.20541521534324,qwen15b-npu3,
1782498000.2564764,200,123.657101765275,qwen15b-npu7,
1782498000.2567945,200,133.5421078838408,qwen15b-npu7,
1782498000.26161,200,130.8667198754847,qwen15b-npu3,
1782498000.262534,200,148.922401946038,qwen15b-npu6,
1782498000.2630587,200,140.46612428501248,qwen15b-npu6,
1782498000.2816622,200,131.92205736413598,qwen15b-npu7,
1782498000.283509,200,121.60312803462148,qwen15b-npu4,
1782498000.2840054,200,134.03532095253468,qwen15b-npu4,
1782498000.2856405,200,127.21181521192193,qwen15b-npu5,
1782498000.288087,200,129.0182969532907,qwen15b-npu3,
1782498000.2886329,200,130.82623993977904,qwen15b-npu3,
1782498000.2893674,200,138.7337427586317,qwen15b-npu6,
1782498000.3081045,200,124.21156466007233,qwen15b-npu4,
1782498000.3088672,200,120.90164283290505,qwen15b-npu7,
1782498000.313038,200,135.07161801680923,qwen15b-npu5,
1782498000.313538,200,135.94741374254227,qwen15b-npu5,
1782498000.3141322,200,129.96055278927088,qwen15b-npu3,
1782498000.3179414,200,130.35583589226007,qwen15b-npu6,
1782498000.335001,200,123.31849941983819,qwen15b-npu4,
1782498000.335401,200,132.90561269968748,qwen15b-npu4,
1782498000.3356502,200,126.95967312902212,qwen15b-npu4,
1782498000.3366282,200,126.0866578668356,qwen15b-npu7,
1782498000.3370519,200,128.76079604029655,qwen15b-npu7,
1782498000.3392944,200,126.33033003658056,qwen15b-npu3,
1782498000.3470542,200,143.86097714304924,qwen15b-npu6,
1782498000.347403,200,137.41807406768203,qwen15b-npu6,
1782498000.3583398,200,119.42538293078542,qwen15b-npu4,
1782498000.3607488,200,127.36886600032449,qwen15b-npu5,
1782498000.361799,200,130.3345961496234,qwen15b-npu7,
1782498000.365975,200,133.6164679378271,qwen15b-npu3,
1782498000.3662696,200,128.85591620579362,qwen15b-npu3,
1782498000.3730037,200,134.44458367303014,qwen15b-npu6,
1782498000.3866289,200,129.771432839334,qwen15b-npu5,
1782498000.3869076,200,125.23553194478154,qwen15b-npu5,
1782498000.3880563,200,125.46265311539173,qwen15b-npu7,
1782498000.3919432,200,135.3883808478713,qwen15b-npu3,
1782498000.3923151,200,129.18094778433442,qwen15b-npu3,
1782498000.4115353,200,122.10831139236689,qwen15b-npu4,
1782498000.4124005,200,128.2846317626536,qwen15b-npu4,
1782498000.4192266,200,133.52673826739192,qwen15b-npu5,
1782498000.419532,200,130.8409203775227,qwen15b-npu5,
1782498000.4237273,200,142.00804382562637,qwen15b-npu7,
1782498000.4353442,200,147.1984088420868,qwen15b-npu6,
1782498000.4362948,200,127.34451610594988,qwen15b-npu4,
1782498000.4366236,200,152.96895895153284,qwen15b-npu6,
1782498000.4371948,200,128.9858566597104,qwen15b-npu6,
1782498000.4409578,200,122.92652623727918,qwen15b-npu5,
1782498000.4453323,200,131.72092521563172,qwen15b-npu3,
1782498000.4511347,200,137.9824080504477,qwen15b-npu7,
1782498000.460034,200,124.90222882479429,qwen15b-npu4,
1782498000.461508,200,147.30490976944566,qwen15b-npu6,
1782498000.4674063,200,131.9199069403112,qwen15b-npu5,
1782498000.4677594,200,120.28764793649316,qwen15b-npu5,
1782498000.4729776,200,136.26194605603814,qwen15b-npu3,
1782498000.4734418,200,134.00770025327802,qwen15b-npu3,
1782498000.4808474,200,133.68691923096776,qwen15b-npu7,
1782498000.4812036,200,144.03825905174017,qwen15b-npu7,
1782498000.4844427,200,118.1027740240097,qwen15b-npu4,
1782498000.484927,200,126.52869103476405,qwen15b-npu4,
1782498000.490726,200,155.00801196321845,qwen15b-npu6,
1782498000.4914346,200,130.6252982467413,qwen15b-npu6,
1782498000.492158,200,130.29855582863092,qwen15b-npu5,
1782498000.5069556,200,133.8830403983593,qwen15b-npu7,
1782498000.5172014,200,130.51096815615892,qwen15b-npu5,
1782498000.5182161,200,130.08066499605775,qwen15b-npu6,
1782498000.518484,200,152.4418448098004,qwen15b-npu6,
1782498000.5257027,200,133.66598915308714,qwen15b-npu3,
1782498000.5266664,200,139.65093903243542,qwen15b-npu3,
1782498000.5347986,200,142.3870068974793,qwen15b-npu7,
1782498000.541257,200,129.63322084397078,qwen15b-npu5,
1782498000.5461533,200,126.55631126835942,qwen15b-npu6,
1782498000.5545275,200,142.05879531800747,qwen15b-npu3,
1782498000.5572367,200,119.92882564663887,qwen15b-npu4,
1782498000.5574677,200,121.09413417056203,qwen15b-npu4,
1782498000.5583382,200,121.54853716492653,qwen15b-npu4,
1782498000.5625687,200,143.27379409223795,qwen15b-npu7,
1782498000.563228,200,139.44330718368292,qwen15b-npu7,
1782498000.5661757,200,125.15877187252045,qwen15b-npu5,
1782498000.5670657,200,121.61903781816363,qwen15b-npu5,
1782498000.5773947,200,141.9797739945352,qwen15b-npu6,
1782498000.5818734,200,130.66502893343568,qwen15b-npu3,
1782498000.590236,200,130.12140523642302,qwen15b-npu7,
1782498000.5920458,200,124.55673795193434,qwen15b-npu5,
1782498000.5924168,200,130.8378791436553,qwen15b-npu5,
1782498000.6046033,200,120.10055687278509,qwen15b-npu4,
1782498000.609937,200,124.95099008083344,qwen15b-npu3,
1782498000.61115,200,138.04472796618938,qwen15b-npu3,
1782498000.611636,200,143.7591966241598,qwen15b-npu3,
1782498000.6149383,200,107.91950626298785,qwen15b-npu5,
1782498000.6174045,200,143.79241596907377,qwen15b-npu7,
1782498000.6179245,200,127.06700386479497,qwen15b-npu7,
1782498000.6292539,200,110.70629395544529,qwen15b-npu4,
1782498000.6351316,200,142.91179087013006,qwen15b-npu3,
1782498000.636428,200,155.15786269679666,qwen15b-npu6,
1782498000.6366885,200,155.73892695829272,qwen15b-npu6,
1782498000.637154,200,145.59698896482587,qwen15b-npu6,
1782498000.640576,200,122.29541223496199,qwen15b-npu5,
1782498000.643142,200,125.87969563901424,qwen15b-npu7,
1782498000.6557033,200,128.9103771559894,qwen15b-npu4,
1782498000.6561084,200,130.34252682700753,qwen15b-npu4,
1782498000.6565669,200,115.2476049028337,qwen15b-npu4,
1782498000.6616707,200,115.45837623998523,qwen15b-npu3,
1782498000.6698754,200,134.98001685366035,qwen15b-npu7,
1782498000.6789556,200,121.42567615956068,qwen15b-npu4,
1782498000.6880739,200,124.78782888501883,qwen15b-npu3,
1782498000.690119,200,131.6673750989139,qwen15b-npu5,
1782498000.690871,200,113.38124191388488,qwen15b-npu5,
1782498000.6921635,200,129.49816090986133,qwen15b-npu6,
1782498000.6925173,200,135.21928898990154,qwen15b-npu6,
1782498000.6930776,200,138.48923100158572,qwen15b-npu6,
1782498000.6971035,200,129.90910280495882,qwen15b-npu7,
1782498000.6975427,200,131.30561308935285,qwen15b-npu7,
1782498000.702903,200,112.59253695607185,qwen15b-npu4,
1782498000.7128513,200,108.14825678244233,qwen15b-npu5,
1782498000.7149487,200,122.83160584047437,qwen15b-npu3,
1782498000.7199109,200,137.92704790830612,qwen15b-npu6,
1782498000.7237844,200,131.29523303359747,qwen15b-npu7,
1782498000.7273026,200,115.55133666843176,qwen15b-npu4,
1782498000.7380245,200,120.46030024066567,qwen15b-npu5,
1782498000.738389,200,120.3437689691782,qwen15b-npu5,
1782498000.7427769,200,131.47135404869914,qwen15b-npu3,
1782498000.7431548,200,128.15041188150644,qwen15b-npu3,
1782498000.7477813,200,137.7845462411642,qwen15b-npu6,
1782498000.752193,200,122.84716637805104,qwen15b-npu4,
1782498000.7524726,200,109.236063901335,qwen15b-npu4,
1782498000.7622132,200,124.9556802213192,qwen15b-npu5,
1782498000.7684674,200,131.9793271832168,qwen15b-npu3,
1782498000.775996,200,139.17675567790866,qwen15b-npu6,
1782498000.7768083,200,120.12733798474073,qwen15b-npu4,
1782498000.7770483,200,107.0833201520145,qwen15b-npu4,
1782498000.7789955,200,138.30850971862674,qwen15b-npu7,
1782498000.7793686,200,144.16723884642124,qwen15b-npu7,
1782498000.786133,200,124.35496598482132,qwen15b-npu5,
1782498000.795446,200,139.6229979582131,qwen15b-npu3,
1782498000.804654,200,148.42714788392186,qwen15b-npu6,
1782498000.8065078,200,127.49266717582941,qwen15b-npu7,
1782498000.806849,200,118.71553771197796,qwen15b-npu7,
1782498000.8114414,200,114.2123881727457,qwen15b-npu5,
1782498000.812123,200,121.86346994712949,qwen15b-npu5,
1782498000.8220484,200,129.46322979405522,qwen15b-npu3,
1782498000.8241587,200,126.5029301866889,qwen15b-npu4,
1782498000.8243837,200,111.4417789503932,qwen15b-npu4,
1782498000.8334324,200,141.20479999110103,qwen15b-npu6,
1782498000.834647,200,141.50585094466805,qwen15b-npu6,
1782498000.83491,200,143.93963804468513,qwen15b-npu7,
1782498000.8354406,200,132.43016973137856,qwen15b-npu7,
1782498000.8472574,200,109.14288414642215,qwen15b-npu4,
1782498000.8502276,200,122.82176641747355,qwen15b-npu3,
1782498000.8504958,200,135.43103076517582,qwen15b-npu3,
1782498000.8513963,200,131.3729342073202,qwen15b-npu3,
1782498000.859256,200,107.00426902621984,qwen15b-npu5,
1782498000.8599174,200,116.67443532496691,qwen15b-npu5,
1782498000.8631423,200,124.62400831282139,qwen15b-npu6,
1782498000.8634863,200,139.62080888450146,qwen15b-npu6,
1782498000.8722188,200,119.68507524579763,qwen15b-npu4,
1782498000.88667,200,124.39978681504726,qwen15b-npu5,
1782498000.8890412,200,120.5139309167862,qwen15b-npu7,
1782498000.8896775,200,141.83480432257056,qwen15b-npu7,
1782498000.8905413,200,147.64314284548163,qwen15b-npu6,
1782498000.8952203,200,115.76490802690387,qwen15b-npu4,
1782498000.9025455,200,125.67242374643683,qwen15b-npu3,
1782498000.9028327,200,125.71956496685743,qwen15b-npu3,
1782498000.9173634,200,138.25130928307772,qwen15b-npu7,
1782498000.9177518,200,122.22044169902802,qwen15b-npu7,
1782498000.9193509,200,107.79566410928965,qwen15b-npu4,
1782498000.9206364,200,134.35732293874025,qwen15b-npu6,
1782498000.9209929,200,144.9357341043651,qwen15b-npu6,
1782498000.928924,200,124.18321520090103,qwen15b-npu3,
1782498000.9296315,200,117.4367698840797,qwen15b-npu3,
1782498000.9316664,200,124.7565490193665,qwen15b-npu5,
1782498000.932277,200,107.83026507124305,qwen15b-npu5,
1782498000.9429245,200,108.20589819923043,qwen15b-npu4,
1782498000.9436386,200,121.4951272122562,qwen15b-npu7,
1782498000.9469392,200,140.33871376886964,qwen15b-npu6,
1782498000.947332,200,123.11049783602357,qwen15b-npu6,
1782498000.9551642,200,107.81295504420996,qwen15b-npu5,
1782498000.9564908,200,121.51703657582402,qwen15b-npu3,
1782498000.9682934,200,116.77300510928035,qwen15b-npu4,
1782498000.968774,200,118.18647477775812,qwen15b-npu4,
1782498000.9711938,200,135.61788201332092,qwen15b-npu7,
1782498000.9720151,200,138.51768197491765,qwen15b-npu7,
1782498000.9802005,200,120.84864266216755,qwen15b-npu5,
1782498000.9805112,200,130.20887598395348,qwen15b-npu5,
1782498000.9827096,200,119.14564110338688,qwen15b-npu3,
1782498000.9974275,200,125.11240085586905,qwen15b-npu7,
1782498001.0018814,200,141.90266374498606,qwen15b-npu6,
1782498001.0026824,200,139.41971817985177,qwen15b-npu6,
1782498001.0037804,200,114.03510719537735,qwen15b-npu5,
1782498001.0100176,200,119.38695330172777,qwen15b-npu3,
1782498001.0103872,200,123.6536712385714,qwen15b-npu3,
1782498001.0152915,200,126.1923280544579,qwen15b-npu4,
1782498001.0158448,200,113.23619075119495,qwen15b-npu4,
1782498001.0237718,200,128.4711929038167,qwen15b-npu7,
1782498001.0285928,200,107.4848030693829,qwen15b-npu5,
1782498001.0295105,200,110.07258016616106,qwen15b-npu5,
1782498001.030317,200,127.42422614246607,qwen15b-npu6,
1782498001.036287,200,118.82700910791755,qwen15b-npu3,
1782498001.0514944,200,119.15887100622058,qwen15b-npu7,
1782498001.0524657,200,131.75689475610852,qwen15b-npu7,
1782498001.0533118,200,106.31503537297249,qwen15b-npu5,
1782498001.0591223,200,130.0964648835361,qwen15b-npu6,
1782498001.0596013,200,141.722131986171,qwen15b-npu6,
1782498001.0626938,200,118.99725999683142,qwen15b-npu4,
1782498001.0638084,200,120.82206271588802,qwen15b-npu3,
1782498001.064161,200,134.4572240486741,qwen15b-npu3,
1782498001.064985,200,133.2232658751309,qwen15b-npu3,
1782498001.0781887,200,121.61645712330937,qwen15b-npu7,
1782498001.0795796,200,110.6947148218751,qwen15b-npu5,
1782498001.086264,200,138.87214427813888,qwen15b-npu6,
1782498001.0874057,200,106.79574823006988,qwen15b-npu4,
1782498001.0877335,200,119.30279294028878,qwen15b-npu4,
1782498001.0887136,200,117.41734901443124,qwen15b-npu4,
1782498001.089486,200,134.2279319651425,qwen15b-npu3,
1782498001.1059086,200,125.63960487022996,qwen15b-npu7,
1782498001.1062207,200,134.11012198776007,qwen15b-npu7,
1782498001.1151357,200,132.33514036983252,qwen15b-npu6,
1782498001.1295419,200,114.19266788288951,qwen15b-npu5,
1782498001.1298788,200,126.00386701524258,qwen15b-npu5,
1782498001.130161,200,132.64197204262018,qwen15b-npu5,
1782498001.1315272,200,115.62091717496514,qwen15b-npu7,
1782498001.1335578,200,109.72602805122733,qwen15b-npu4,
1782498001.14217,200,131.69629592448473,qwen15b-npu3,
1782498001.1429996,200,140.20683290436864,qwen15b-npu3,
1782498001.1441555,200,142.2130661085248,qwen15b-npu6,
1782498001.1444838,200,134.36795305460691,qwen15b-npu6,
1782498001.1525898,200,116.21655197814107,qwen15b-npu5,
1782498001.1532347,200,122.82452592626214,qwen15b-npu5,
1782498001.1574252,200,128.77406599000096,qwen15b-npu7,
1782498001.1680887,200,116.5179843083024,qwen15b-npu3,
1782498001.1721115,200,142.4818178638816,qwen15b-npu6,
1782498001.175883,200,111.99760343879461,qwen15b-npu5,
1782498001.1820085,200,122.77549505233765,qwen15b-npu4,
1782498001.1824138,200,118.13325388357043,qwen15b-npu4,
1782498001.18461,200,119.53207431361079,qwen15b-npu7,
1782498001.1857889,200,133.20217607542872,qwen15b-npu7,
1782498001.1996388,200,136.8533200584352,qwen15b-npu3,
1782498001.1999485,200,121.69857835397124,qwen15b-npu3,
1782498001.2005367,200,120.8999129012227,qwen15b-npu5,
1782498001.2018833,200,148.47513800486922,qwen15b-npu6,
1782498001.2021801,200,142.4991376698017,qwen15b-npu6,
1782498001.2072551,200,120.93316297978163,qwen15b-npu4,
1782498001.2079694,200,120.47076039016247,qwen15b-npu4,
1782498001.2119427,200,124.10986516624689,qwen15b-npu7,
1782498001.2233596,200,133.7932189926505,qwen15b-npu3,
1782498001.2289302,200,140.14155231416225,qwen15b-npu6,
1782498001.2297833,200,123.79410304129124,qwen15b-npu4,
1782498001.2405162,200,134.22917341813445,qwen15b-npu7,
1782498001.2483194,200,118.09444427490234,qwen15b-npu5,
1782498001.249316,200,115.6934080645442,qwen15b-npu5,
1782498001.2496138,200,118.0204339325428,qwen15b-npu3,
1782498001.254185,200,124.53887797892094,qwen15b-npu4,
1782498001.254714,200,112.48677596449852,qwen15b-npu4,
1782498001.257997,200,128.04963113740087,qwen15b-npu6,
1782498001.258399,200,143.14096188172698,qwen15b-npu6,
1782498001.267383,200,123.13094781711698,qwen15b-npu7,
1782498001.2724986,200,119.84580615535378,qwen15b-npu5,
1782498001.275855,200,131.27695210278034,qwen15b-npu3,
1782498001.2780497,200,105.8266507461667,qwen15b-npu4,
1782498001.2838762,200,140.71344630792737,qwen15b-npu6,
1782498001.2948434,200,141.52903202921152,qwen15b-npu7,
1782498001.2956107,200,138.1264589726925,qwen15b-npu7,
1782498001.2967765,200,112.07165429368615,qwen15b-npu5,
1782498001.3026993,200,120.20305823534727,qwen15b-npu4,
1782498001.303416,200,127.43658665567636,qwen15b-npu3,
1782498001.311722,200,129.60227066650987,qwen15b-npu6,
1782498001.3121476,200,143.99811811745167,qwen15b-npu6,
1782498001.320968,200,113.62160416319966,qwen15b-npu5,
1782498001.3214717,200,121.73881800845265,qwen15b-npu7,
1782498001.3265796,200,124.25762508064508,qwen15b-npu4,
1782498001.3270352,200,126.43594993278384,qwen15b-npu4,
1782498001.3303082,200,118.26683487743139,qwen15b-npu3,
1782498001.3309834,200,145.04281524568796,qwen15b-npu3,
1782498001.340872,200,138.90964398160577,qwen15b-npu6,
1782498001.341259,200,141.2456100806594,qwen15b-npu6,
1782498001.3450463,200,115.16749393194914,qwen15b-npu5,
1782498001.349251,200,141.19704999029636,qwen15b-npu7,
1782498001.349525,200,126.08750816434622,qwen15b-npu4,
1782498001.3672028,200,138.17226886749268,qwen15b-npu6,
1782498001.3711278,200,130.49494801089168,qwen15b-npu5,
1782498001.3714814,200,123.06881695985794,qwen15b-npu5,
1782498001.3743515,200,124.61430812254548,qwen15b-npu4,
1782498001.3746083,200,120.33166876062751,qwen15b-npu4,
1782498001.3752818,200,120.5060500651598,qwen15b-npu7,
1782498001.383386,200,133.99118091911077,qwen15b-npu3,
1782498001.3837593,200,125.20398199558258,qwen15b-npu3,
1782498001.3942962,200,126.81920267641544,qwen15b-npu5,
1782498001.3946793,200,122.07325082272291,qwen15b-npu6,
1782498001.3958523,200,137.7364257350564,qwen15b-npu6,
1782498001.401876,200,117.91899334639311,qwen15b-npu7,
1782498001.4097066,200,131.5454039722681,qwen15b-npu3,
1782498001.4100502,200,134.1018220409751,qwen15b-npu3,
1782498001.41867,200,106.4105648547411,qwen15b-npu5,
1782498001.4194663,200,122.58441373705864,qwen15b-npu5,
1782498001.4227083,200,127.03826418146491,qwen15b-npu4,
1782498001.423088,200,111.25008808448911,qwen15b-npu4,
1782498001.4294586,200,126.63305085152388,qwen15b-npu7,
1782498001.429788,200,134.8484163172543,qwen15b-npu7,
1782498001.4358826,200,132.35430978238583,qwen15b-npu3,
1782498001.4426446,200,112.23074467852712,qwen15b-npu5,
1782498001.4453583,200,114.30613929405808,qwen15b-npu4,
1782498001.4469185,200,125.38712285459042,qwen15b-npu6,
1782498001.4472382,200,126.2101186439395,qwen15b-npu6,
1782498001.4562294,200,129.52300114557147,qwen15b-npu7,
1782498001.4641151,200,118.99548023939133,qwen15b-npu3,
1782498001.4647093,200,137.55396474152803,qwen15b-npu3,
1782498001.4748552,200,125.26436196640134,qwen15b-npu6,
1782498001.4756918,200,134.31275309994817,qwen15b-npu6,
1782498001.4841087,200,134.78979608044028,qwen15b-npu7,
1782498001.4844728,200,143.4932453557849,qwen15b-npu7,
1782498001.489854,200,118.62181685864925,qwen15b-npu3,
1782498001.490763,200,123.42469999566674,qwen15b-npu5,
1782498001.4941092,200,110.61232397332788,qwen15b-npu4,
1782498001.5015483,200,126.87729299068451,qwen15b-npu6,
1782498001.511482,200,139.93293000385165,qwen15b-npu7,
1782498001.511893,200,127.99861980602145,qwen15b-npu7,
1782498001.5159738,200,120.0247872620821,qwen15b-npu5,
1782498001.5174718,200,143.04264169186354,qwen15b-npu3,
1782498001.5178578,200,142.50636799260974,qwen15b-npu3,
1782498001.5195465,200,125.13543199747801,qwen15b-npu4,
1782498001.5204391,200,110.27419194579124,qwen15b-npu4,
1782498001.528728,200,118.93282877281308,qwen15b-npu6,
1782498001.5368688,200,142.06558465957642,qwen15b-npu7,
1782498001.5418253,200,122.25508084520698,qwen15b-npu5,
1782498001.5441196,200,142.1382063999772,qwen15b-npu3,
1782498001.5445077,200,108.52345870807767,qwen15b-npu4,
1782498001.5449796,200,126.24344928190112,qwen15b-npu4,
1782498001.5555606,200,132.760523352772,qwen15b-npu6,
1782498001.5565095,200,133.2808556035161,qwen15b-npu6,
1782498001.5651016,200,135.55370084941387,qwen15b-npu7,
1782498001.5654094,200,135.50172094255686,qwen15b-npu7,
1782498001.5673792,200,120.35439908504486,qwen15b-npu5,
1782498001.5677316,200,124.97228104621172,qwen15b-npu5,
1782498001.5681577,200,122.72559572011232,qwen15b-npu4,
1782498001.5698946,200,122.59121425449848,qwen15b-npu3,
1782498001.5823877,200,118.1151638738811,qwen15b-npu6,
1782498001.5908017,200,115.83242891356349,qwen15b-npu5,
1782498001.5928483,200,108.24522795155644,qwen15b-npu4,
1782498001.5931175,200,117.34344903379679,qwen15b-npu4,
1782498001.59665,200,140.31407330185175,qwen15b-npu3,
1782498001.6097596,200,144.93927406147122,qwen15b-npu6,
1782498001.6154444,200,113.7638739310205,qwen15b-npu5,
1782498001.6170945,200,127.10852501913905,qwen15b-npu4,
1782498001.6175346,200,123.32022888585925,qwen15b-npu7,
1782498001.624624,200,133.78620892763138,qwen15b-npu3,
1782498001.6250322,200,140.83032682538033,qwen15b-npu3,
1782498001.6426532,200,122.10881104692817,qwen15b-npu4,
1782498001.6431434,200,131.12543197348714,qwen15b-npu5,
1782498001.643997,200,115.19370414316654,qwen15b-npu5,
1782498001.6444416,200,126.50693021714687,qwen15b-npu5,
1782498001.646689,200,135.10744785889983,qwen15b-npu7,
1782498001.6470604,200,129.4715697877109,qwen15b-npu7,
1782498001.6477044,200,131.62247510626912,qwen15b-npu7,
1782498001.650148,200,130.49595803022385,qwen15b-npu3,
1782498001.665039,200,120.80700183287263,qwen15b-npu6,
1782498001.6654143,200,120.34270912408829,qwen15b-npu6,
1782498001.6668959,200,122.27058224380016,qwen15b-npu5,
1782498001.671569,200,134.6278851851821,qwen15b-npu7,
1782498001.6773071,200,135.39875019341707,qwen15b-npu3,
1782498001.6924284,200,127.25311610847712,qwen15b-npu5,
1782498001.6943436,200,126.48866092786193,qwen15b-npu4,
1782498001.6946974,200,139.05326509848237,qwen15b-npu6,
1782498001.6951234,200,112.60211700573564,qwen15b-npu4,
1782498001.6956854,200,127.41465726867318,qwen15b-npu4,
1782498001.6960819,200,139.45852825418115,qwen15b-npu6,
1782498001.6986291,200,131.14777207374573,qwen15b-npu7,
1782498001.7046955,200,139.21600533649325,qwen15b-npu3,
1782498001.7054827,200,135.52491087466478,qwen15b-npu3,
1782498001.719691,200,126.48703018203378,qwen15b-npu6,
1782498001.7200537,200,127.1332954056561,qwen15b-npu6,
1782498001.7259476,200,135.06354810670018,qwen15b-npu7,
1782498001.732209,200,135.4516502469778,qwen15b-npu3,
1782498001.7411387,200,115.97770918160677,qwen15b-npu5,
1782498001.7472148,200,130.00025367364287,qwen15b-npu6,
1782498001.7482688,200,132.7104619704187,qwen15b-npu6,
1782498001.7547884,200,144.9336837977171,qwen15b-npu7,
1782498001.7560105,200,131.26384234055877,qwen15b-npu7,
1782498001.759376,200,141.72907313331962,qwen15b-npu3,
1782498001.7689154,200,125.6257239729166,qwen15b-npu4,
1782498001.7694592,200,124.87773969769478,qwen15b-npu4,
1782498001.769981,200,127.19479482620955,qwen15b-npu5,
1782498001.7704284,200,123.62965103238821,qwen15b-npu4,
1782498001.7718775,200,124.69426821917295,qwen15b-npu5,
1782498001.772477,200,122.2410723567009,qwen15b-npu5,
1782498001.7828116,200,134.97253833338618,qwen15b-npu7,
1782498001.7864351,200,119.45487326011062,qwen15b-npu3,
1782498001.7867436,200,142.61466916650534,qwen15b-npu3,
1782498001.792183,200,126.66655192151666,qwen15b-npu4,
1782498001.7930388,200,115.65004708245397,qwen15b-npu5,
1782498001.8013923,200,129.7157029621303,qwen15b-npu6,
1782498001.814285,200,149.13112204521894,qwen15b-npu7,
1782498001.8193045,200,123.50248033180833,qwen15b-npu4,
1782498001.820865,200,125.57203369215131,qwen15b-npu5,
1782498001.8215923,200,125.27338229119778,qwen15b-npu4,
1782498001.8297296,200,134.90941701456904,qwen15b-npu6,
1782498001.8300886,200,124.50910825282335,qwen15b-npu6,
1782498001.8304787,200,136.0381138511002,qwen15b-npu6,
1782498001.8422403,200,137.43500411510468,qwen15b-npu7,
1782498001.8432515,200,117.22611775621772,qwen15b-npu4,
1782498001.8450963,200,124.96567005291581,qwen15b-npu5,
1782498001.8584838,200,159.75782414898276,qwen15b-npu3,
1782498001.8589501,200,166.42413893714547,qwen15b-npu3,
1782498001.868505,200,113.6018238030374,qwen15b-npu4,
1782498001.8696933,200,149.87243805080652,qwen15b-npu7,
1782498001.870636,200,122.23063223063946,qwen15b-npu5,
1782498001.8850508,200,152.71904692053795,qwen15b-npu3,
1782498001.8858972,200,144.64751305058599,qwen15b-npu6,
1782498001.8930264,200,110.13325117528439,qwen15b-npu4,
1782498001.8937526,200,123.64214193075895,qwen15b-npu4,
1782498001.896706,200,137.22849171608686,qwen15b-npu5,
1782498001.8981237,200,125.51876390352845,qwen15b-npu5,
1782498001.899069,200,128.5257339477539,qwen15b-npu7,
1782498001.8994668,200,129.89327311515808,qwen15b-npu7,
1782498001.899902,200,152.55227591842413,qwen15b-npu7,
1782498001.907543,200,135.58398094028234,qwen15b-npu6,
1782498001.9085214,200,139.45180783048272,qwen15b-npu6,
1782498001.9123962,200,156.2545709311962,qwen15b-npu3,
1782498001.9215724,200,135.05568820983171,qwen15b-npu5,
1782498001.9236424,200,131.34311279281974,qwen15b-npu7,
1782498001.9339743,200,140.85190696641803,qwen15b-npu6,
1782498001.9402328,200,138.72105302289128,qwen15b-npu3,
1782498001.940645,200,153.7475143559277,qwen15b-npu3,
1782498001.942489,200,128.08528123423457,qwen15b-npu4,
1782498001.9428668,200,113.02193999290466,qwen15b-npu4,
1782498001.9468822,200,125.84461597725749,qwen15b-npu5,
1782498001.9499397,200,128.21128172799945,qwen15b-npu7,
1782498001.9602246,200,130.07464399561286,qwen15b-npu6,
1782498001.9669511,200,136.34418696165085,qwen15b-npu3,
1782498001.9672081,200,147.7875830605626,qwen15b-npu3,
1782498001.9682252,200,124.83376916497946,qwen15b-npu3,
1782498001.9776227,200,135.30479883775115,qwen15b-npu7,
1782498001.9779556,200,132.78393307700753,qwen15b-npu7,
1782498001.9872847,200,128.6564152687788,qwen15b-npu6,
1782498001.9912398,200,132.21795856952667,qwen15b-npu4,
1782498001.9975493,200,127.73409811779857,qwen15b-npu5,
1782498001.9979703,200,127.25424487143755,qwen15b-npu5,
1782498002.0034244,200,118.2261947542429,qwen15b-npu7,
1782498002.015511,200,146.90446807071567,qwen15b-npu6,
1782498002.0166206,200,130.64778922125697,qwen15b-npu6,
1782498002.0173273,200,109.68222701922059,qwen15b-npu4,
1782498002.0176334,200,124.50837669894099,qwen15b-npu4,
1782498002.0186276,200,124.80432912707329,qwen15b-npu4,
1782498002.0201554,200,120.57285010814667,qwen15b-npu3,
1782498002.0235102,200,125.2656220458448,qwen15b-npu5,
1782498002.0238893,200,127.11148429661989,qwen15b-npu5,
1782498002.0315366,200,131.5002436749637,qwen15b-npu7,
1782498002.0324144,200,133.21533612906933,qwen15b-npu7,
1782498002.0456817,200,124.01271425187588,qwen15b-npu5,
1782498002.0473132,200,123.55891102924943,qwen15b-npu3,
1782498002.0487769,200,140.14414185658097,qwen15b-npu3,
1782498002.0491877,200,136.71877002343535,qwen15b-npu3,
1782498002.0586753,200,118.31741500645876,qwen15b-npu7,
1782498002.0634506,200,122.68858402967453,qwen15b-npu4,
1782498002.063727,200,120.79235212877393,qwen15b-npu4,
1782498002.0639772,200,121.38477619737387,qwen15b-npu4,
1782498002.0703294,200,120.3186591155827,qwen15b-npu6,
1782498002.0714731,200,124.48280630633235,qwen15b-npu5,
1782498002.0722811,200,138.21051875129342,qwen15b-npu3,
1782498002.096563,200,118.8256093300879,qwen15b-npu6,
1782498002.0969179,200,128.56591399759054,qwen15b-npu6,
1782498002.1005213,200,140.2274132706225,qwen15b-npu3,
1782498002.1085458,200,121.14905472844839,qwen15b-npu4,
1782498002.1118658,200,144.5950116030872,qwen15b-npu7,
1782498002.1130178,200,145.99621202796698,qwen15b-npu7,
1782498002.124555,200,133.24446603655815,qwen15b-npu6,
1782498002.124969,200,146.93529810756445,qwen15b-npu6,
1782498002.12548,200,127.4344171397388,qwen15b-npu5,
1782498002.1330078,200,108.99727325886488,qwen15b-npu4,
1782498002.1333714,200,113.1325913593173,qwen15b-npu4,
1782498002.1389446,200,135.4078697040677,qwen15b-npu7,
1782498002.1395385,200,141.87384396791458,qwen15b-npu7,
1782498002.1509602,200,134.22755291685462,qwen15b-npu5,
1782498002.1513693,200,132.60813197121024,qwen15b-npu6,
1782498002.1517885,200,128.16426111385226,qwen15b-npu5,
1782498002.1560953,200,106.75676725804806,qwen15b-npu4,
1782498002.156938,200,124.42751694470644,qwen15b-npu3,
1782498002.1583967,200,140.68599604070187,qwen15b-npu3,
1782498002.158739,200,141.33511995896697,qwen15b-npu3,
1782498002.1593788,200,143.74338602647185,qwen15b-npu3,
1782498002.1653152,200,119.57174399867654,qwen15b-npu7,
1782498002.165674,200,134.0060313232243,qwen15b-npu7,
1782498002.1753068,200,127.89343018084764,qwen15b-npu5,
1782498002.1755645,200,116.80731503292918,qwen15b-npu5,
1782498002.1764312,200,127.53707682713866,qwen15b-npu5,
1782498002.1796303,200,116.09599087387323,qwen15b-npu4,
1782498002.1907456,200,118.3609152212739,qwen15b-npu7,
1782498002.2009947,200,129.45026019588113,qwen15b-npu5,
1782498002.2068672,200,143.06933199986815,qwen15b-npu6,
1782498002.2073462,200,136.9410208426416,qwen15b-npu6,
1782498002.2082174,200,144.17439978569746,qwen15b-npu6,
1782498002.217358,200,116.7243947274983,qwen15b-npu7,
1782498002.2243724,200,115.74848787859082,qwen15b-npu5,
1782498002.2275012,200,115.57202693074942,qwen15b-npu4,
1782498002.2329154,200,136.22691575437784,qwen15b-npu6,
1782498002.236141,200,122.99426691606641,qwen15b-npu3,
1782498002.2365668,200,139.58452781662345,qwen15b-npu3,
1782498002.250807,200,125.20695198327303,qwen15b-npu5,
1782498002.2552083,200,121.77126901224256,qwen15b-npu4,
1782498002.256277,200,123.16395808011293,qwen15b-npu4,
1782498002.262667,200,137.5680947676301,qwen15b-npu6,
1782498002.2629993,200,138.30707967281342,qwen15b-npu6,
1782498002.2765048,200,117.05985711887479,qwen15b-npu5,
1782498002.277137,200,120.12412771582603,qwen15b-npu5,
1782498002.277503,200,112.08630399778485,qwen15b-npu4,
1782498002.2820354,200,142.34627690166235,qwen15b-npu7,
1782498002.2825353,200,126.31059903651476,qwen15b-npu7,
1782498002.2829092,200,143.83598696440458,qwen15b-npu7,
1782498002.2908657,200,131.98932725936174,qwen15b-npu6,
1782498002.2919328,200,126.18320900946856,qwen15b-npu6,
1782498002.2943783,200,143.2899832725525,qwen15b-npu3,
1782498002.2949243,200,136.4411381073296,qwen15b-npu3,
1782498002.2953053,200,143.45507370308042,qwen15b-npu3,
1782498002.2955954,200,144.1122586838901,qwen15b-npu3,
1782498002.3001115,200,124.73357887938619,qwen15b-npu5,
1782498002.3018408,200,122.10792116820812,qwen15b-npu4,
1782498002.3074894,200,131.85533601790667,qwen15b-npu7,
1782498002.3188262,200,142.28921616449952,qwen15b-npu6,
1782498002.326266,200,117.97695327550173,qwen15b-npu4,
1782498002.327251,200,119.82626607641578,qwen15b-npu5,
1782498002.328328,200,121.31372513249516,qwen15b-npu5,
1782498002.3286552,200,137.81890599057078,qwen15b-npu5,
1782498002.343842,200,142.7853601053357,qwen15b-npu6,
1782498002.346709,200,129.22670925036073,qwen15b-npu3,
1782498002.3504,200,117.36481869593263,qwen15b-npu4,
1782498002.3626523,200,126.4046998694539,qwen15b-npu7,
1782498002.372171,200,144.58567183464766,qwen15b-npu6,
1782498002.3725278,200,147.99260534346104,qwen15b-npu6,
1782498002.3736293,200,136.99984084814787,qwen15b-npu3,
1782498002.3762798,200,113.20540076121688,qwen15b-npu4,
1782498002.3770988,200,120.69780100136995,qwen15b-npu4,
1782498002.3906243,200,135.32871985808015,qwen15b-npu7,
1782498002.391026,200,140.11093229055405,qwen15b-npu7,
1782498002.3983572,200,121.10378406941891,qwen15b-npu5,
1782498002.3997147,200,116.67780391871929,qwen15b-npu4,
1782498002.4034276,200,140.66185522824526,qwen15b-npu3,
1782498002.4040954,200,127.51086801290512,qwen15b-npu3,
1782498002.4175782,200,139.9963409639895,qwen15b-npu7,
1782498002.4179246,200,135.3134703822434,qwen15b-npu7,
1782498002.4300525,200,129.8226430080831,qwen15b-npu5,
1782498002.4316077,200,136.56755909323692,qwen15b-npu5,
1782498002.4328694,200,141.93062437698245,qwen15b-npu3,
1782498002.4335349,200,125.97952736541629,qwen15b-npu6,
1782498002.4338737,200,138.4919909760356,qwen15b-npu6,
1782498002.4353628,200,153.1719802878797,qwen15b-npu6,
1782498002.4357893,200,141.2423700094223,qwen15b-npu3,
1782498002.4362283,200,140.51768509671092,qwen15b-npu6,
1782498002.4366171,200,144.57055227831006,qwen15b-npu5,
1782498002.448968,200,121.60449661314487,qwen15b-npu4,
1782498002.449687,200,120.91995310038328,qwen15b-npu4,
1782498002.450772,200,122.35613306984305,qwen15b-npu5,
1782498002.452161,200,133.22320580482483,qwen15b-npu7,
1782498002.4525561,200,150.64754290506244,qwen15b-npu7,
1782498002.457274,200,130.91159984469414,qwen15b-npu3,
1782498002.4735086,200,126.73322204500437,qwen15b-npu4,
1782498002.477813,200,127.34187580645084,qwen15b-npu7,
1782498002.4843006,200,140.35307429730892,qwen15b-npu3,
1782498002.497628,200,125.34167291596532,qwen15b-npu4,
1782498002.5066795,200,129.47605969384313,qwen15b-npu7,
1782498002.5103443,200,133.96760122850537,qwen15b-npu6,
1782498002.5106432,200,147.91409391909838,qwen15b-npu6,
1782498002.5144086,200,123.68304142728448,qwen15b-npu3,
1782498002.5146177,200,142.02007511630654,qwen15b-npu3,
1782498002.514995,200,141.26624912023544,qwen15b-npu3,
1782498002.5207498,200,122.32015188783407,qwen15b-npu4,
1782498002.5254261,200,121.2503151036799,qwen15b-npu5,
1782498002.5256991,200,134.54993441700935,qwen15b-npu5,
1782498002.532256,200,128.744144923985,qwen15b-npu7,
1782498002.5350378,200,135.20099874585867,qwen15b-npu6,
1782498002.545877,200,127.8427499346435,qwen15b-npu4,
1782498002.5461857,200,110.269570723176,qwen15b-npu4,
1782498002.551475,200,115.13439519330859,qwen15b-npu5,
1782498002.5526776,200,120.94861408695579,qwen15b-npu5,
1782498002.5531113,200,122.90950724855065,qwen15b-npu5,
1782498002.5592008,200,141.5378418751061,qwen15b-npu7,
1782498002.5594823,200,125.85790595039725,qwen15b-npu7,
1782498002.5637233,200,129.72933193668723,qwen15b-npu6,
1782498002.5643537,200,128.88089613988996,qwen15b-npu6,
1782498002.5694308,200,112.04619333148003,qwen15b-npu4,
1782498002.569699,200,120.62524119392037,qwen15b-npu4,
1782498002.586526,200,135.6273116543889,qwen15b-npu7,
1782498002.5868626,200,137.10587099194527,qwen15b-npu7,
1782498002.590948,200,138.26934015378356,qwen15b-npu6,
1782498002.5913732,200,117.75843240320683,qwen15b-npu6,
1782498002.6001086,200,122.22276162356138,qwen15b-npu5,
1782498002.6265824,200,116.16541119292378,qwen15b-npu5,
1782498002.6271083,200,112.63752682134509,qwen15b-npu5,
1782498002.6384425,200,140.69830626249313,qwen15b-npu7,
1782498002.6394255,200,124.36462566256523,qwen15b-npu7,
1782498002.6397676,200,125.07438100874424,qwen15b-npu7,
1782498002.643357,200,136.5928682498634,qwen15b-npu6,
1782498002.6451218,200,119.34898234903812,qwen15b-npu4,
1782498002.645636,200,113.31672221422195,qwen15b-npu4,
1782498002.6458867,200,125.07397122681141,qwen15b-npu4,
1782498002.6461058,200,213.14678294584155,qwen15b-npu3,
1782498002.6464446,200,209.66080017387867,qwen15b-npu3,
1782498002.666706,200,107.15583991259336,qwen15b-npu4,
1782498002.6702054,200,135.09751809760928,qwen15b-npu6,
1782498002.6704526,200,124.12354396656156,qwen15b-npu6,
1782498002.671336,200,219.05519207939506,qwen15b-npu3,
1782498002.676398,200,130.4393270984292,qwen15b-npu5,
1782498002.676674,200,125.10381080210209,qwen15b-npu5,
1782498002.6901925,200,126.40621000900865,qwen15b-npu7,
1782498002.6914372,200,138.2048400118947,qwen15b-npu7,
1782498002.6918454,200,127.41992622613907,qwen15b-npu4,
1782498002.6984832,200,128.71778523549438,qwen15b-npu6,
1782498002.69874,200,139.47455817833543,qwen15b-npu6,
1782498002.699321,200,214.93916492909193,qwen15b-npu3,
1782498002.7005293,200,131.03533117100596,qwen15b-npu5,
1782498002.7164998,200,129.86039277166128,qwen15b-npu4,
1782498002.7170851,200,126.04810716584325,qwen15b-npu7,
1782498002.717327,200,130.40268700569868,qwen15b-npu7,
1782498002.724261,200,124.06246410682797,qwen15b-npu6,
1782498002.7307289,200,139.2858368344605,qwen15b-npu3,
1782498002.731026,200,178.2273487187922,qwen15b-npu3,
1782498002.7313354,200,220.62260378152132,qwen15b-npu3,
1782498002.7317207,200,206.22942596673965,qwen15b-npu3,
1782498002.7424917,200,115.3224459849298,qwen15b-npu7,
1782498002.7508879,200,112.38250508904457,qwen15b-npu5,
1782498002.7549691,200,128.32115264609456,qwen15b-npu3,
1782498002.7667453,200,127.20628501847386,qwen15b-npu4,
1782498002.768881,200,122.92990600690246,qwen15b-npu4,
1782498002.771918,200,125.41130371391773,qwen15b-npu7,
1782498002.7724006,200,126.23008899390697,qwen15b-npu7,
1782498002.7788715,200,133.68346821516752,qwen15b-npu6,
1782498002.7807817,200,135.07253769785166,qwen15b-npu5,
1782498002.7811234,200,137.68931617960334,qwen15b-npu5,
1782498002.7816148,200,114.83607208356261,qwen15b-npu5,
1782498002.7833986,200,143.56080535799265,qwen15b-npu3,
1782498002.7904935,200,119.09428099170327,qwen15b-npu4,
1782498002.8040226,200,112.09919396787882,qwen15b-npu5,
1782498002.8094862,200,139.21414595097303,qwen15b-npu6,
1782498002.8097627,200,133.02530394867063,qwen15b-npu6,
1782498002.8137798,200,137.31019338592887,qwen15b-npu3,
1782498002.8141034,200,143.57903506606817,qwen15b-npu3,
1782498002.817973,200,127.71099805831909,qwen15b-npu4,
1782498002.8183882,200,119.58308378234506,qwen15b-npu4,
1782498002.8256652,200,127.10862513631582,qwen15b-npu7,
1782498002.8288343,200,129.44689998403192,qwen15b-npu5,
1782498002.8366706,200,145.1550661586225,qwen15b-npu6,
1782498002.841503,200,110.0459499284625,qwen15b-npu4,
1782498002.8426487,200,125.49864407628775,qwen15b-npu4,
1782498002.8429325,200,142.3399168998003,qwen15b-npu3,
1782498002.8518596,200,120.07515737786889,qwen15b-npu7,
1782498002.8547544,200,123.9439039491117,qwen15b-npu5,
1782498002.855121,200,112.56565665826201,qwen15b-npu5,
1782498002.8650694,200,147.65810314565897,qwen15b-npu6,
1782498002.8654253,200,148.851010017097,qwen15b-npu6,
1782498002.8661995,200,115.25318492203951,qwen15b-npu4,
1782498002.8713222,200,146.98705822229385,qwen15b-npu3,
1782498002.8717568,200,140.641326084733,qwen15b-npu3,
1782498002.8918388,200,136.8088899180293,qwen15b-npu6,
1782498002.8984697,200,125.95577584579587,qwen15b-npu3,
1782498002.903341,200,112.7675180323422,qwen15b-npu5,
1782498002.9046614,200,137.7701759338379,qwen15b-npu7,
1782498002.9052906,200,124.4195057079196,qwen15b-npu7,
1782498002.9060202,200,136.99550088495016,qwen15b-npu7,
1782498002.9063957,200,125.14951219782233,qwen15b-npu7,
1782498002.9154556,200,131.96280784904957,qwen15b-npu4,
1782498002.9187973,200,146.7718370258808,qwen15b-npu6,
1782498002.9263709,200,147.40877132862806,qwen15b-npu3,
1782498002.9266818,200,144.99848522245884,qwen15b-npu3,
1782498002.929439,200,115.27558509260416,qwen15b-npu5,
1782498002.9297981,200,119.96244639158249,qwen15b-npu5,
1782498002.9406693,200,122.57935432717204,qwen15b-npu4,
1782498002.9410079,200,127.12819408625364,qwen15b-npu4,
1782498002.9466968,200,120.96660397946835,qwen15b-npu6,
1782498002.946983,200,137.41546403616667,qwen15b-npu6,
1782498002.9550745,200,126.14670814946294,qwen15b-npu3,
1782498002.9554365,200,136.95390988141298,qwen15b-npu3,
1782498002.9557512,200,119.00024022907019,qwen15b-npu5,
1782498002.956256,200,114.69288123771548,qwen15b-npu5,
1782498002.956535,200,152.38746535032988,qwen15b-npu3,
1782498002.965468,200,110.27480103075504,qwen15b-npu4,
1782498002.965841,200,110.97535630688071,qwen15b-npu4,
1782498002.9735348,200,130.49941696226597,qwen15b-npu6,
1782498002.9793646,200,136.6374879144132,qwen15b-npu7,
1782498002.981082,200,129.11862786859274,qwen15b-npu3,
1782498002.989444,200,117.57407011464238,qwen15b-npu4,
1782498003.000463,200,129.01433696970344,qwen15b-npu6,
1782498003.0056555,200,140.49647375941277,qwen15b-npu7,
1782498003.0060277,200,140.50328498706222,qwen15b-npu7,
1782498003.0082378,200,141.94088382646441,qwen15b-npu3,
1782498003.028078,200,136.1336149275303,qwen15b-npu6,
1782498003.028713,200,122.21787218004465,qwen15b-npu6,
1782498003.0311246,200,126.34652899578214,qwen15b-npu5,
1782498003.03203,200,128.62025434151292,qwen15b-npu5,
1782498003.0331714,200,117.6168411038816,qwen15b-npu7,
1782498003.0335138,200,128.13299102708697,qwen15b-npu7,
1782498003.0384758,200,139.9139710702002,qwen15b-npu3,
1782498003.038961,200,132.8659732826054,qwen15b-npu3,
1782498003.0402014,200,113.7508237734437,qwen15b-npu4,
1782498003.0405297,200,110.98303692415357,qwen15b-npu4,
1782498003.0550773,200,128.32074193283916,qwen15b-npu6,
1782498003.0559304,200,137.04905100166798,qwen15b-npu6,
1782498003.0566385,200,115.53557682782412,qwen15b-npu5,
1782498003.0570457,200,127.18149507418275,qwen15b-npu7,
1782498003.0626874,200,115.62815820798278,qwen15b-npu4,
1782498003.064339,200,123.57062101364136,qwen15b-npu3,
1782498003.0809567,200,115.41222594678402,qwen15b-npu6,
1782498003.0812798,200,124.6817889623344,qwen15b-npu6,
1782498003.0827608,200,126.93183403462172,qwen15b-npu5,
1782498003.082998,200,116.94716615602374,qwen15b-npu5,
1782498003.083697,200,128.16892191767693,qwen15b-npu5,
1782498003.0839818,200,128.79231572151184,qwen15b-npu7,
1782498003.084984,200,138.20065930485725,qwen15b-npu7,
1782498003.0878167,200,131.48944498971105,qwen15b-npu4,
1782498003.1061182,200,132.47840106487274,qwen15b-npu5,
1782498003.1068792,200,125.73118600994349,qwen15b-npu6,
1782498003.1108713,200,121.3609161786735,qwen15b-npu4,
1782498003.119481,200,140.04003070294857,qwen15b-npu3,
1782498003.1330128,200,126.80017203092575,qwen15b-npu6,
1782498003.1343975,200,133.8572297245264,qwen15b-npu7,
1782498003.1350505,200,129.30430890992284,qwen15b-npu7,
1782498003.136491,200,108.33190940320492,qwen15b-npu4,
1782498003.136789,200,128.4577543847263,qwen15b-npu4,
1782498003.1579566,200,119.3505716510117,qwen15b-npu5,
1782498003.1585722,200,117.94999288395047,qwen15b-npu5,
1782498003.1590374,200,119.95506612583995,qwen15b-npu5,
1782498003.1596313,200,128.41934291645885,qwen15b-npu5,
1782498003.1600208,200,131.24044192954898,qwen15b-npu7,
1782498003.1612,200,129.0913880802691,qwen15b-npu6,
1782498003.161567,200,121.27056531608105,qwen15b-npu6,
1782498003.1748848,200,141.60701213404536,qwen15b-npu3,
1782498003.1754274,200,141.84988429769874,qwen15b-npu3,
1782498003.1835568,200,127.53987684845924,qwen15b-npu4,
1782498003.1869538,200,124.18718542903662,qwen15b-npu7,
1782498003.1872835,200,130.1224953494966,qwen15b-npu7,
1782498003.1877103,200,132.53556098788977,qwen15b-npu7,
1782498003.202954,200,146.19132271036506,qwen15b-npu3,
1782498003.2033086,200,138.89377424493432,qwen15b-npu3,
1782498003.2036014,200,122.23246227949858,qwen15b-npu3,
1782498003.2050679,200,117.13972827419639,qwen15b-npu5,
1782498003.208766,200,123.67705209180713,qwen15b-npu4,
1782498003.2090983,200,128.0471310019493,qwen15b-npu4,
1782498003.2105165,200,126.43433967605233,qwen15b-npu7,
1782498003.2137125,200,129.93893399834633,qwen15b-npu6,
1782498003.2288558,200,145.7932200282812,qwen15b-npu3,
1782498003.2295327,200,146.70843584463,qwen15b-npu3,
1782498003.2303283,200,124.1310047917068,qwen15b-npu5,
1782498003.2325,200,125.52296416833997,qwen15b-npu4,
1782498003.2332244,200,113.65753412246704,qwen15b-npu4,
1782498003.2414017,200,130.47007704153657,qwen15b-npu6,
1782498003.2557983,200,120.65271101891994,qwen15b-npu4,
1782498003.256577,200,122.12020112201571,qwen15b-npu3,
1782498003.2568655,200,120.28753897175193,qwen15b-npu3,
1782498003.270313,200,133.43550730496645,qwen15b-npu6,
1782498003.2706811,200,137.60456535965204,qwen15b-npu6,
1782498003.2816188,200,122.50053277239203,qwen15b-npu4,
1782498003.2819989,200,120.3485387377441,qwen15b-npu4,
1782498003.28236,200,123.65832086652517,qwen15b-npu5,
1782498003.2826838,200,122.94338690117002,qwen15b-npu5,
1782498003.2889965,200,130.96165005117655,qwen15b-npu7,
1782498003.289403,200,129.2905593290925,qwen15b-npu7,
1782498003.2898333,200,114.33721892535686,qwen15b-npu7,
1782498003.2968688,200,135.5732111260295,qwen15b-npu6,
1782498003.305085,200,130.12024480849504,qwen15b-npu5,
1782498003.309244,200,125.62535423785448,qwen15b-npu3,
1782498003.313154,200,125.78294612467289,qwen15b-npu7,
1782498003.3255458,200,137.71520601585507,qwen15b-npu6,
1782498003.3258748,200,138.8286128640175,qwen15b-npu6,
1782498003.3293917,200,120.17502821981907,qwen15b-npu4,
1782498003.3298085,200,126.14561757072806,qwen15b-npu4,
1782498003.3307672,200,125.58918399736285,qwen15b-npu5,
1782498003.3376153,200,134.5606348477304,qwen15b-npu3,
1782498003.339017,200,135.60654129832983,qwen15b-npu3,
1782498003.3395267,200,128.94494738429785,qwen15b-npu7,
1782498003.3398516,200,126.07564777135849,qwen15b-npu7,
1782498003.3525217,200,143.6754260212183,qwen15b-npu6,
1782498003.3540308,200,112.55312571302056,qwen15b-npu4,
1782498003.3570113,200,124.41619578748941,qwen15b-npu5,
1782498003.3573666,200,127.74976901710033,qwen15b-npu5,
1782498003.3577456,200,128.81939625367522,qwen15b-npu5,
1782498003.3636498,200,133.23691580444574,qwen15b-npu3,
1782498003.364368,200,131.06128107756376,qwen15b-npu7,
1782498003.3770752,200,106.26176418736577,qwen15b-npu4,
1782498003.3809388,200,125.07951119914651,qwen15b-npu6,
1782498003.3812685,200,124.60751691833138,qwen15b-npu6,
1782498003.3827262,200,112.31979494914412,qwen15b-npu5,
1782498003.391375,200,134.4485143199563,qwen15b-npu3,
1782498003.402353,200,120.26468757539988,qwen15b-npu4,
1782498003.402688,200,120.2373681589961,qwen15b-npu4,
1782498003.4055777,200,116.06201995164156,qwen15b-npu5,
1782498003.4144223,200,125.3223018720746,qwen15b-npu7,
1782498003.4190414,200,137.30463292449713,qwen15b-npu3,
1782498003.4194546,200,136.65121886879206,qwen15b-npu3,
1782498003.4299562,200,116.73690471798182,qwen15b-npu5,
1782498003.4352264,200,130.0800838507712,qwen15b-npu6,
1782498003.436142,200,146.20130276307464,qwen15b-npu6,
1782498003.4364285,200,139.4882882013917,qwen15b-npu6,
1782498003.4410148,200,131.66710501536727,qwen15b-npu7,
1782498003.4443614,200,118.73734882101417,qwen15b-npu3,
1782498003.4511986,200,120.3281688503921,qwen15b-npu4,
1782498003.4551404,200,129.15031798183918,qwen15b-npu5,
1782498003.4558449,200,126.34287029504776,qwen15b-npu5,
1782498003.4631114,200,125.39668334648013,qwen15b-npu6,
1782498003.4663146,200,126.3703890144825,qwen15b-npu7,
1782498003.4670722,200,127.44880700483918,qwen15b-npu7,
1782498003.4747572,200,144.83834384009242,qwen15b-npu3,
1782498003.4750812,200,135.9549039043486,qwen15b-npu3,
1782498003.480253,200,115.80369900912046,qwen15b-npu5,
1782498003.480536,200,116.79001478478312,qwen15b-npu5,
1782498003.4890685,200,136.46767707541585,qwen15b-npu6,
1782498003.4896765,200,132.56252091377974,qwen15b-npu6,
1782498003.4908404,200,133.37965682148933,qwen15b-npu7,
1782498003.5020926,200,121.06576422229409,qwen15b-npu4,
1782498003.5023441,200,119.53963292762637,qwen15b-npu4,
1782498003.5034618,200,145.59204876422882,qwen15b-npu3,
1782498003.503922,200,149.82970710843801,qwen15b-npu3,
1782498003.5042372,200,122.89505591616035,qwen15b-npu4,
1782498003.5052674,200,128.10994125902653,qwen15b-npu3,
1782498003.5162227,200,124.74339874461293,qwen15b-npu6,
1782498003.5169332,200,114.13873778656125,qwen15b-npu7,
1782498003.5259461,200,120.27816893532872,qwen15b-npu4,
1782498003.5262501,200,123.81375161930919,qwen15b-npu4,
1782498003.5432138,200,124.04427397996187,qwen15b-npu6,
1782498003.5507357,200,131.16171211004257,qwen15b-npu4,
1782498003.5510254,200,114.80854218825698,qwen15b-npu4,
1782498003.5532546,200,138.773363083601,qwen15b-npu3,
1782498003.5699027,200,134.5946448855102,qwen15b-npu7,
1782498003.5701308,200,133.58501810580492,qwen15b-npu7,
1782498003.5720248,200,130.9161400422454,qwen15b-npu6,
1782498003.5728629,200,142.8265511058271,qwen15b-npu6,
1782498003.573998,200,118.76313807442784,qwen15b-npu4,
1782498003.5799665,200,112.80052782967687,qwen15b-npu5,
1782498003.5807757,200,129.4687008485198,qwen15b-npu3,
1782498003.5813017,200,125.38572307676077,qwen15b-npu5,
1782498003.581537,200,137.1182119473815,qwen15b-npu3,
1782498003.5820243,200,118.79951925948262,qwen15b-npu3,
1782498003.598213,200,131.82508619502187,qwen15b-npu6,
1782498003.5994146,200,124.2203051224351,qwen15b-npu6,
1782498003.5997164,200,119.39490307122469,qwen15b-npu4,
1782498003.6000414,200,110.8920150436461,qwen15b-npu4,
1782498003.6045606,200,129.7289622016251,qwen15b-npu5,
1782498003.6051705,200,124.56965819001198,qwen15b-npu3,
1782498003.6228979,200,118.59982693567872,qwen15b-npu4,
1782498003.6231582,200,106.14125384017825,qwen15b-npu4,
1782498003.6292849,200,112.99106990918517,qwen15b-npu5,
1782498003.629789,200,126.24982837587595,qwen15b-npu5,
1782498003.6312013,200,129.04045777395368,qwen15b-npu3,
1782498003.6315835,200,126.22893787920475,qwen15b-npu3,
1782498003.635762,200,133.32986598834395,qwen15b-npu7,
1782498003.63604,200,145.11414524167776,qwen15b-npu7,
1782498003.636312,200,132.29905907064676,qwen15b-npu7,
1782498003.637102,200,147.36207015812397,qwen15b-npu6,
1782498003.654104,200,110.80945516005158,qwen15b-npu5,
1782498003.6557636,200,129.73128212615848,qwen15b-npu3,
1782498003.6611261,200,134.7853858023882,qwen15b-npu7,
1782498003.6693947,200,116.0826706327498,qwen15b-npu4,
1782498003.6787508,200,127.95075122267008,qwen15b-npu5,
1782498003.6887262,200,137.63946574181318,qwen15b-npu7,
1782498003.693763,200,119.68670412898064,qwen15b-npu4,
1782498003.7061238,200,133.16679559648037,qwen15b-npu5,
1782498003.7064395,200,124.35166584327817,qwen15b-npu5,
1782498003.7068477,200,125.24891179054976,qwen15b-npu5,
1782498003.707569,200,137.36740266904235,qwen15b-npu3,
1782498003.7177901,200,137.76315562427044,qwen15b-npu7,
1782498003.7180002,200,145.90368093922734,qwen15b-npu7,
1782498003.7182298,200,136.86255970969796,qwen15b-npu7,
1782498003.7192004,200,114.578349981457,qwen15b-npu4,
1782498003.7195632,200,149.59997590631247,qwen15b-npu6,
1782498003.720294,200,139.45640809834003,qwen15b-npu6,
1782498003.7304218,200,130.2840863354504,qwen15b-npu5,
1782498003.732314,200,134.01767099276185,qwen15b-npu3,
1782498003.742728,200,112.87696892395616,qwen15b-npu4,
1782498003.7443323,200,139.0819549560547,qwen15b-npu7,
1782498003.7445827,200,121.61638820543885,qwen15b-npu7,
1782498003.7452626,200,122.02576082199812,qwen15b-npu7,
1782498003.7485034,200,148.71826907619834,qwen15b-npu6,
1782498003.7488801,200,149.376283865422,qwen15b-npu6,
1782498003.7566361,200,119.45259291678667,qwen15b-npu5,
1782498003.756989,200,127.62625887989998,qwen15b-npu5,
1782498003.767296,200,111.47202039137483,qwen15b-npu4,
1782498003.7710474,200,134.67233488336205,qwen15b-npu7,
1782498003.7714143,200,135.28340868651867,qwen15b-npu7,
1782498003.7779346,200,146.63361571729183,qwen15b-npu6,
1782498003.7782536,200,124.08770387992263,qwen15b-npu6,
1782498003.7788413,200,147.1701292321086,qwen15b-npu6,
1782498003.7793176,200,143.4831446968019,qwen15b-npu6,
1782498003.7923152,200,122.84078635275364,qwen15b-npu4,
1782498003.792647,200,113.83551498875022,qwen15b-npu4,
1782498003.7977731,200,136.56525826081634,qwen15b-npu7,
1782498003.8147922,200,120.96651317551732,qwen15b-npu4,
1782498003.8345232,200,115.25752488523722,qwen15b-npu5,
1782498003.8349273,200,128.71330603957176,qwen15b-npu5,
1782498003.8366137,200,130.08891511708498,qwen15b-npu3,
1782498003.8368611,200,129.9497839063406,qwen15b-npu3,
1782498003.8379266,200,130.2938861772418,qwen15b-npu3,
1782498003.8383112,200,120.45708997175097,qwen15b-npu3,
1782498003.8397691,200,121.47522671148181,qwen15b-npu4,
1782498003.8429008,200,154.1120857000351,qwen15b-npu6,
1782498003.8601353,200,115.48042576760054,qwen15b-npu5,
1782498003.860765,200,142.7015089429915,qwen15b-npu7,
1782498003.8612678,200,130.70613890886307,qwen15b-npu5,
1782498003.8622088,200,141.8532240204513,qwen15b-npu7,
1782498003.8635776,200,118.24677512049675,qwen15b-npu3,
1782498003.8639216,200,119.51656313613057,qwen15b-npu4,
1782498003.8695586,200,137.17186218127608,qwen15b-npu6,
1782498003.871713,200,152.07773307338357,qwen15b-npu6,
1782498003.8853898,200,114.23396831378341,qwen15b-npu5,
1782498003.886794,200,119.42384298890829,qwen15b-npu4,
1782498003.891294,200,142.69008906558156,qwen15b-npu3,
1782498003.8916454,200,134.5831649377942,qwen15b-npu3,
1782498003.8920648,200,143.08828208595514,qwen15b-npu3,
1782498003.8969784,200,140.24464320391417,qwen15b-npu6,
1782498003.898222,200,155.4143950343132,qwen15b-npu7,
1782498003.9121413,200,132.746122777462,qwen15b-npu5,
1782498003.9124358,200,114.57788059487939,qwen15b-npu5,
1782498003.9131832,200,120.46854989603162,qwen15b-npu4,
1782498003.9137323,200,135.70016203448176,qwen15b-npu5,
1782498003.9141452,200,142.6487392745912,qwen15b-npu7,
1782498003.9155,200,137.17036182060838,qwen15b-npu7,
1782498003.9166222,200,124.1927552036941,qwen15b-npu3,
1782498003.92276,200,143.8443069346249,qwen15b-npu6,
1782498003.9423,200,127.42244591936469,qwen15b-npu3,
1782498003.9609964,200,124.06978383660316,qwen15b-npu5,
1782498003.9613543,200,118.36178507655859,qwen15b-npu5,
1782498003.9626749,200,122.79609497636557,qwen15b-npu4,
1782498003.963054,200,126.36772030964494,qwen15b-npu4,
1782498003.9641325,200,125.72915479540825,qwen15b-npu7,
1782498003.964426,200,129.7802017070353,qwen15b-npu7,
1782498003.9687803,200,130.73016796261072,qwen15b-npu3,
1782498003.9776998,200,142.69725885242224,qwen15b-npu6,
1782498003.9858773,200,124.53767657279968,qwen15b-npu4,
1782498003.9861963,200,122.15386191383004,qwen15b-npu5,
1782498003.9902005,200,127.89601879194379,qwen15b-npu7,
1782498003.9946952,200,125.04179077222943,qwen15b-npu3,
1782498003.9950519,200,134.8352557979524,qwen15b-npu3,
1782498004.0057547,200,142.07682479172945,qwen15b-npu6,
1782498004.0060847,200,134.25653195008636,qwen15b-npu6,
1782498004.0068467,200,145.9191609174013,qwen15b-npu6,
1782498004.010882,200,119.47288317605853,qwen15b-npu5,
1782498004.011818,200,124.92298008874059,qwen15b-npu4,
1782498004.012105,200,115.06508430466056,qwen15b-npu4,
1782498004.016206,200,117.92420316487551,qwen15b-npu7,
1782498004.0166085,200,131.13666186109185,qwen15b-npu7,
1782498004.0189815,200,126.7985231243074,qwen15b-npu3,
1782498004.0316026,200,139.86246101558208,qwen15b-npu6,
1782498004.0364478,200,123.1908779591322,qwen15b-npu4,
1782498004.0371423,200,122.93221615254879,qwen15b-npu4,
1782498004.0377996,200,121.08226399868727,qwen15b-npu4,
1782498004.0380874,200,115.26771495118737,qwen15b-npu5,
1782498004.043094,200,129.26990911364555,qwen15b-npu7,
1782498004.0461476,200,130.5333781056106,qwen15b-npu3,
1782498004.0590308,200,116.63167411461473,qwen15b-npu4,
1782498004.0603094,200,147.77827402576804,qwen15b-npu6,
1782498004.0606833,200,148.45944801345468,qwen15b-npu6,
1782498004.0868738,200,123.690081294626,qwen15b-npu6,
1782498004.0888617,200,124.3627960793674,qwen15b-npu5,
1782498004.0891542,200,120.28299923986197,qwen15b-npu5,
1782498004.08948,200,128.04763112217188,qwen15b-npu5,
1782498004.0947518,200,133.64490820094943,qwen15b-npu7,
1782498004.095775,200,131.56935386359692,qwen15b-npu7,
1782498004.0999358,200,137.1443923562765,qwen15b-npu3,
1782498004.1003826,200,122.59606411680579,qwen15b-npu3,
1782498004.1129832,200,126.66426179930568,qwen15b-npu5,
1782498004.1141567,200,119.36722323298454,qwen15b-npu6,
1782498004.1221488,200,115.99813960492611,qwen15b-npu7,
1782498004.1224833,200,136.52880769222975,qwen15b-npu7,
1782498004.127469,200,132.34841916710138,qwen15b-npu3,
1782498004.1277068,200,137.4424840323627,qwen15b-npu3,
1782498004.1321545,200,119.98658673837781,qwen15b-npu4,
1782498004.132525,200,125.58348383754492,qwen15b-npu4,
1782498004.139717,200,133.8574499823153,qwen15b-npu5,
1782498004.140087,200,129.10153809934855,qwen15b-npu5,
1782498004.1405811,200,123.85893194004893,qwen15b-npu5,
1782498004.1445777,200,125.53209392353892,qwen15b-npu6,
1782498004.1448267,200,132.94089399278164,qwen15b-npu6,
1782498004.145664,200,129.3468503281474,qwen15b-npu6,
1782498004.1571722,200,119.93990559130907,qwen15b-npu4,
1782498004.1575072,200,125.83842594176531,qwen15b-npu4,
1782498004.175584,200,137.43022410199046,qwen15b-npu7,
1782498004.1758525,200,137.9678980447352,qwen15b-npu7,
1782498004.1768234,200,130.5203870870173,qwen15b-npu7,
1782498004.1815307,200,122.40155274048448,qwen15b-npu3,
1782498004.1819787,200,138.81115289404988,qwen15b-npu3,
1782498004.1824782,200,145.93459106981754,qwen15b-npu3,
1782498004.1879478,200,127.17066518962383,qwen15b-npu5,
1782498004.1968627,200,136.4599079824984,qwen15b-npu6,
1782498004.2049713,200,118.03138302639127,qwen15b-npu4,
1782498004.2053993,200,109.5014656893909,qwen15b-npu4,
1782498004.2140825,200,113.59146423637867,qwen15b-npu5,
1782498004.214437,200,125.48745376989245,qwen15b-npu5,
1782498004.2253666,200,130.54961804300547,qwen15b-npu6,
1782498004.225849,200,136.61877904087305,qwen15b-npu6,
1782498004.2285643,200,128.50323412567377,qwen15b-npu7,
1782498004.2290473,200,139.4705669954419,qwen15b-npu7,
1782498004.2312438,200,117.01912712305784,qwen15b-npu3,
1782498004.2328649,200,119.77996490895748,qwen15b-npu4,
1782498004.2548985,200,132.3164999485016,qwen15b-npu6,
1782498004.2562342,200,110.47179298475385,qwen15b-npu4,
1782498004.257067,200,124.7928086668253,qwen15b-npu4,
1782498004.2591965,200,136.9564807973802,qwen15b-npu7,
1782498004.2695973,200,128.91577696427703,qwen15b-npu5,
1782498004.270186,200,137.59150495752692,qwen15b-npu5,
1782498004.2719202,200,131.73529505729675,qwen15b-npu3,
1782498004.2729452,200,145.16562595963478,qwen15b-npu3,
1782498004.2732034,200,145.66302858293056,qwen15b-npu3,
1782498004.284118,200,139.47051810100675,qwen15b-npu6,
1782498004.2848606,200,127.2590747103095,qwen15b-npu6,
1782498004.2859216,200,141.0309593193233,qwen15b-npu7,
1782498004.2862706,200,146.4373250491917,qwen15b-npu6,
1782498004.2936857,200,116.6675346903503,qwen15b-npu5,
1782498004.2984495,200,141.18672907352448,qwen15b-npu3,
1782498004.3057876,200,124.12107409909368,qwen15b-npu4,
1782498004.3113558,200,123.33955988287926,qwen15b-npu6,
1782498004.3141618,200,138.23266932740808,qwen15b-npu7,
1782498004.3146513,200,132.0574777200818,qwen15b-npu7,
1782498004.3149998,200,132.90360290557146,qwen15b-npu7,
1782498004.318797,200,121.8166290782392,qwen15b-npu5,
1782498004.3272977,200,151.6325199045241,qwen15b-npu3,
1782498004.330884,200,116.69636517763138,qwen15b-npu4,
1782498004.339399,200,133.93366988748312,qwen15b-npu6,
1782498004.34297,200,117.45780939236283,qwen15b-npu5,
1782498004.354487,200,139.95670108124614,qwen15b-npu3,
1782498004.354777,200,149.6792766265571,qwen15b-npu3,
1782498004.3557646,200,129.84143290668726,qwen15b-npu4,
1782498004.356698,200,123.74750198796391,qwen15b-npu4,
1782498004.3663466,200,137.6398652791977,qwen15b-npu7,
1782498004.3690293,200,137.5607643276453,qwen15b-npu5,
1782498004.36935,200,110.0422004237771,qwen15b-npu5,
1782498004.370028,200,112.8675090149045,qwen15b-npu5,
1782498004.3808837,200,151.75893995910883,qwen15b-npu3,
1782498004.383059,200,110.02360004931688,qwen15b-npu4,
1782498004.3834815,200,127.18456564471126,qwen15b-npu4,
1782498004.3943613,200,122.35044315457344,qwen15b-npu7,
1782498004.3946435,200,139.65636864304543,qwen15b-npu7,
1782498004.3967662,200,123.4983098693192,qwen15b-npu6,
1782498004.3970978,200,126.79131235927343,qwen15b-npu6,
1782498004.3974745,200,127.72617908194661,qwen15b-npu6,
1782498004.4176342,200,131.626654881984,qwen15b-npu5,
1782498004.4183054,200,134.10608237609267,qwen15b-npu5,
1782498004.4212437,200,136.27626607194543,qwen15b-npu7,
1782498004.4238553,200,137.41023419424891,qwen15b-npu6,
1782498004.428278,200,116.8524157255888,qwen15b-npu4,
1782498004.4374917,200,122.36257316544652,qwen15b-npu3,
1782498004.4377275,200,139.21502605080605,qwen15b-npu3,
1782498004.4386249,200,144.83824325725436,qwen15b-npu3,
1782498004.442878,200,111.93160293623805,qwen15b-npu5,
1782498004.4504826,200,136.17026479914784,qwen15b-npu7,
1782498004.450744,200,136.010795366019,qwen15b-npu7,
1782498004.4518695,200,146.02299127727747,qwen15b-npu6,
1782498004.455364,200,127.9634702950716,qwen15b-npu4,
1782498004.4646084,200,145.6997198984027,qwen15b-npu3,
1782498004.4695258,200,112.69482783973217,qwen15b-npu5,
1782498004.4770885,200,137.6035651192069,qwen15b-npu7,
1782498004.4782019,200,135.16890816390514,qwen15b-npu6,
1782498004.479362,200,124.51870739459991,qwen15b-npu4,
1782498004.4796877,200,110.56164279580116,qwen15b-npu4,
1782498004.4934673,200,124.04386419802904,qwen15b-npu5,
1782498004.4940004,200,110.45229295268655,qwen15b-npu5,
1782498004.4943576,200,139.7961499169469,qwen15b-npu3,
1782498004.4960554,200,140.2264516800642,qwen15b-npu3,
1782498004.5048492,200,134.7310757264495,qwen15b-npu7,
1782498004.5078712,200,126.92210311070085,qwen15b-npu6,
1782498004.5081723,200,141.7273827828467,qwen15b-npu6,
1782498004.5170515,200,119.40105305984616,qwen15b-npu5,
1782498004.5203211,200,137.10829196497798,qwen15b-npu3,
1782498004.5296223,200,135.1713789626956,qwen15b-npu4,
1782498004.5299733,200,135.26037894189358,qwen15b-npu4,
1782498004.5328264,200,135.95935376361012,qwen15b-npu7,
1782498004.5342634,200,137.08407105877995,qwen15b-npu6,
1782498004.548641,200,130.9123900718987,qwen15b-npu3,
1782498004.5489619,200,127.65149772167206,qwen15b-npu3,
1782498004.5544188,200,130.41178695857525,qwen15b-npu4,
1782498004.5610802,200,123.5253312624991,qwen15b-npu7,
1782498004.5614007,200,133.0273449420929,qwen15b-npu7,
1782498004.5620694,200,143.692416138947,qwen15b-npu6,
1782498004.5664113,200,127.68337829038501,qwen15b-npu5,
1782498004.5755885,200,137.78189569711685,qwen15b-npu3,
1782498004.5793293,200,128.78196593374014,qwen15b-npu4,
1782498004.579672,200,127.73505924269557,qwen15b-npu4,
1782498004.5885727,200,145.61290899291635,qwen15b-npu7,
1782498004.5889068,200,133.43760697171092,qwen15b-npu6,
1782498004.5898144,200,138.99345509707928,qwen15b-npu7,
1782498004.5924082,200,127.64924811199307,qwen15b-npu5,
1782498004.5926917,200,115.48874620348215,qwen15b-npu5,
1782498004.5929368,200,113.18203108385205,qwen15b-npu5,
1782498004.6039832,200,107.81709523871541,qwen15b-npu4,
1782498004.6047237,200,135.12145821005106,qwen15b-npu3,
1782498004.605016,200,126.74877187237144,qwen15b-npu3,
1782498004.6150334,200,110.07880000397563,qwen15b-npu5,
1782498004.6162343,200,121.73494789749384,qwen15b-npu6,
1782498004.618081,200,138.65341199561954,qwen15b-npu7,
1782498004.6186728,200,125.04909094423056,qwen15b-npu7,
1782498004.6283777,200,111.21119791641831,qwen15b-npu4,
1782498004.6323023,200,138.2192592136562,qwen15b-npu3,
1782498004.6438687,200,135.63123205676675,qwen15b-npu7,
1782498004.6445339,200,136.59486873075366,qwen15b-npu6,
1782498004.6457067,200,125.24944311007857,qwen15b-npu6,
1782498004.6594636,200,129.75298194214702,qwen15b-npu3,
1782498004.664666,200,131.72607589513063,qwen15b-npu5,
1782498004.6650074,200,116.2675111554563,qwen15b-npu5,
1782498004.6659772,200,131.64339493960142,qwen15b-npu5,
1782498004.6718616,200,122.83801473677158,qwen15b-npu7,
1782498004.6728709,200,142.83013995736837,qwen15b-npu6,
1782498004.6768117,200,114.65128092095256,qwen15b-npu4,
1782498004.686608,200,125.14944234862924,qwen15b-npu3,
1782498004.688614,200,127.43397708982229,qwen15b-npu5,
1782498004.6892185,200,122.7441648952663,qwen15b-npu5,
1782498004.699787,200,145.24701610207558,qwen15b-npu6,
1782498004.70273,200,122.98313714563847,qwen15b-npu4,
1782498004.7030222,200,110.27104081586003,qwen15b-npu4,
1782498004.7033756,200,110.883345361799,qwen15b-npu4,
1782498004.7160268,200,136.5981982089579,qwen15b-npu3,
1782498004.7163832,200,126.48252118378878,qwen15b-npu3,
1782498004.7171075,200,141.4270307868719,qwen15b-npu3,
1782498004.7268455,200,121.77216866984963,qwen15b-npu4,
1782498004.7273676,200,123.22984915226698,qwen15b-npu4,
1782498004.7285964,200,135.58487175032496,qwen15b-npu7,
1782498004.7293434,200,140.6738660298288,qwen15b-npu7,
1782498004.7296386,200,124.82361914590001,qwen15b-npu6,
1782498004.7300267,200,141.02293783798814,qwen15b-npu6,
1782498004.7577765,200,138.9369643293321,qwen15b-npu6,
1782498004.7583084,200,140.13770269230008,qwen15b-npu6,
1782498004.7588363,200,142.49229803681374,qwen15b-npu7,
1782498004.759444,200,144.34668002650142,qwen15b-npu7,
1782498004.7606215,200,128.18354181945324,qwen15b-npu5,
1782498004.7714024,200,142.91092101484537,qwen15b-npu3,
1782498004.7718277,200,125.97555620595813,qwen15b-npu3,
1782498004.7754428,200,110.67578382790089,qwen15b-npu4,
1782498004.7758653,200,109.7744875587523,qwen15b-npu4,
1782498004.7843983,200,139.80332016944885,qwen15b-npu6,
1782498004.7851977,200,141.23019902035594,qwen15b-npu7,
1782498004.7863762,200,114.43315912038088,qwen15b-npu5,
1782498004.7866442,200,127.05996399745345,qwen15b-npu5,
1782498004.7979753,200,124.97264007106423,qwen15b-npu4,
1782498004.8128538,200,147.74350309744477,qwen15b-npu6,
1782498004.8131754,200,124.49782714247704,qwen15b-npu6,
1782498004.8135355,200,110.71886401623487,qwen15b-npu5,
1782498004.8145757,200,137.66979612410069,qwen15b-npu7,
1782498004.815126,200,125.84124598652124,qwen15b-npu7,
1782498004.8217692,200,118.67908807471395,qwen15b-npu4,
1782498004.83082,200,130.94158982858062,qwen15b-npu3,
1782498004.831284,200,127.83443881198764,qwen15b-npu3,
1782498004.8316565,200,144.98627465218306,qwen15b-npu3,
1782498004.8365932,200,109.66627718880773,qwen15b-npu5,
1782498004.8390317,200,122.90186574682593,qwen15b-npu6,
1782498004.8424914,200,126.01465778425336,qwen15b-npu7,
1782498004.8428965,200,125.72355475276709,qwen15b-npu7,
1782498004.8459756,200,118.44601621851325,qwen15b-npu4,
1782498004.856809,200,127.39410670474172,qwen15b-npu3,
1782498004.8571758,200,127.06220429390669,qwen15b-npu3,
1782498004.8622172,200,133.5383579134941,qwen15b-npu5,
1782498004.867121,200,137.36453279852867,qwen15b-npu6,
1782498004.8689897,200,110.0724097341299,qwen15b-npu4,
1782498004.8901205,200,129.39648004248738,qwen15b-npu5,
1782498004.8972006,200,110.49881298094988,qwen15b-npu4,
1782498004.8975253,200,121.93054985255003,qwen15b-npu4,
1782498004.9027429,200,144.81474412605166,qwen15b-npu6,
1782498004.90306,200,143.51745508611202,qwen15b-npu6,
1782498004.9060757,200,134.5519251190126,qwen15b-npu7,
1782498004.906328,200,147.88160426542163,qwen15b-npu7,
1782498004.9145772,200,130.09490398690104,qwen15b-npu5,
1782498004.9247954,200,148.85749062523246,qwen15b-npu3,
1782498004.925143,200,153.15739903599024,qwen15b-npu3,
1782498004.9355733,200,150.2710096538067,qwen15b-npu7,
1782498004.935893,200,149.43553507328033,qwen15b-npu7,
1782498004.9403207,200,125.13028085231781,qwen15b-npu5,
1782498004.9407096,200,118.8190090470016,qwen15b-npu5,
1782498004.9440193,200,131.05272129178047,qwen15b-npu4,
1782498004.9534194,200,155.34397400915623,qwen15b-npu3,
1782498004.9584208,200,144.8113638907671,qwen15b-npu6,
1782498004.963556,200,124.46371698752046,qwen15b-npu5,
1782498004.9645746,200,132.7703120186925,qwen15b-npu7,
1782498004.965408,200,150.72862338274717,qwen15b-npu7,
1782498004.965773,200,152.5332247838378,qwen15b-npu7,
1782498004.9666011,200,123.63139120861888,qwen15b-npu4,
1782498004.982449,200,136.32394699379802,qwen15b-npu3,
1782498004.9827378,200,146.07867179438472,qwen15b-npu3,
1782498004.9895155,200,158.14789291471243,qwen15b-npu6,
1782498004.98998,200,147.37865095958114,qwen15b-npu6,
1782498004.9903247,200,133.0730440095067,qwen15b-npu6,
1782498004.9909534,200,160.000576172024,qwen15b-npu6,
1782498004.9914575,200,134.5367436297238,qwen15b-npu5,
1782498005.0108626,200,143.635805696249,qwen15b-npu3,
1782498005.0124073,200,109.58971688523889,qwen15b-npu5,
1782498005.0151496,200,152.83403685316443,qwen15b-npu6,
1782498005.0169852,200,110.83887470886111,qwen15b-npu4,
1782498005.0172405,200,119.63227391242981,qwen15b-npu4,
1782498005.0175576,200,127.32801586389542,qwen15b-npu4,
1782498005.0197687,200,150.67016333341599,qwen15b-npu7,
1782498005.0392017,200,124.5268969796598,qwen15b-npu3,
1782498005.039533,200,136.37417694553733,qwen15b-npu3,
1782498005.0437272,200,137.31840392574668,qwen15b-npu6,
1782498005.0486653,200,151.37449791654944,qwen15b-npu7,
1782498005.0489604,200,124.08901518210769,qwen15b-npu7,
1782498005.0615623,200,120.74550101533532,qwen15b-npu4,
1782498005.062964,200,109.46134570986032,qwen15b-npu5,
1782498005.0632277,200,127.27209599688649,qwen15b-npu4,
1782498005.0634665,200,119.33859204873443,qwen15b-npu5,
1782498005.0638154,200,128.16601200029254,qwen15b-npu5,
1782498005.0678866,200,127.48027686029673,qwen15b-npu3,
1782498005.0719042,200,146.61168586462736,qwen15b-npu6,
1782498005.084828,200,118.13912400975823,qwen15b-npu4,
1782498005.085764,200,120.27136795222759,qwen15b-npu5,
1782498005.0860744,200,120.23948831483722,qwen15b-npu4,
1782498005.0994427,200,134.79991583153605,qwen15b-npu7,
1782498005.1012864,200,137.6579562202096,qwen15b-npu6,
1782498005.101593,200,143.10465333983302,qwen15b-npu6,
1782498005.1086917,200,117.66485124826431,qwen15b-npu4,
1782498005.1123705,200,120.8346919156611,qwen15b-npu5,
1782498005.112931,200,122.52943404018879,qwen15b-npu5,
1782498005.124356,200,141.54381211847067,qwen15b-npu3,
1782498005.1251755,200,142.65184942632914,qwen15b-npu3,
1782498005.1256902,200,136.0308350995183,qwen15b-npu3,
1782498005.129984,200,139.8968598805368,qwen15b-npu6,
1782498005.1337543,200,121.28700595349073,qwen15b-npu4,
1782498005.1520128,200,136.78700989112258,qwen15b-npu7,
1782498005.1534026,200,136.09150517731905,qwen15b-npu7,
1782498005.1538413,200,142.9004711098969,qwen15b-npu7,
1782498005.154871,200,135.04016771912575,qwen15b-npu3,
1782498005.156152,200,138.52416118606925,qwen15b-npu3,
1782498005.1570332,200,139.97771125286818,qwen15b-npu6,
1782498005.1576982,200,108.66944072768092,qwen15b-npu4,
1782498005.1614304,200,121.81485909968615,qwen15b-npu5,
1782498005.1803677,200,116.83958489447832,qwen15b-npu7,
1782498005.18073,200,136.93615095689893,qwen15b-npu7,
1782498005.1812024,200,117.9063729941845,qwen15b-npu7,
1782498005.1815498,200,142.27693574503064,qwen15b-npu7,
1782498005.1824026,200,110.43238313868642,qwen15b-npu4,
1782498005.1856859,200,136.9455810636282,qwen15b-npu6,
1782498005.1873152,200,119.35823317617178,qwen15b-npu5,
1782498005.1881156,200,126.48560991510749,qwen15b-npu5,
1782498005.2057889,200,106.28383420407772,qwen15b-npu4,
1782498005.2074242,200,143.54083500802517,qwen15b-npu3,
1782498005.210035,200,123.89413313940167,qwen15b-npu5,
1782498005.2139263,200,150.8973352611065,qwen15b-npu6,
1782498005.2308595,200,117.77723208069801,qwen15b-npu4,
1782498005.2315876,200,129.91776410490274,qwen15b-npu4,
1782498005.237331,200,152.4175750091672,qwen15b-npu3,
1782498005.2376716,200,125.1452611759305,qwen15b-npu3,
1782498005.2381036,200,152.2513828240335,qwen15b-npu3,
1782498005.2544122,200,124.31856570765376,qwen15b-npu4,
1782498005.2547197,200,153.34261069074273,qwen15b-npu6,
1782498005.2550023,200,146.15625282749534,qwen15b-npu6,
1782498005.2632966,200,137.53313478082418,qwen15b-npu3,
1782498005.2709184,200,137.10402185097337,qwen15b-npu7,
1782498005.2718961,200,146.65319584310055,qwen15b-npu7,
1782498005.281404,200,156.9673651829362,qwen15b-npu6,
1782498005.2866783,200,134.6051450818777,qwen15b-npu5,
1782498005.286998,200,132.0292679592967,qwen15b-npu5,
1782498005.2872622,200,125.72725489735603,qwen15b-npu5,
1782498005.2875772,200,134.04126092791557,qwen15b-npu5,
1782498005.293456,200,135.69934340193868,qwen15b-npu3,
1782498005.2969568,200,140.7328061759472,qwen15b-npu7,
1782498005.3028665,200,115.45946588739753,qwen15b-npu4,
1782498005.3036144,200,115.40021607652307,qwen15b-npu4,
1782498005.3039868,200,122.67086375504732,qwen15b-npu4,
1782498005.3087177,200,127.09626415744424,qwen15b-npu5,
1782498005.3089857,200,128.12669202685356,qwen15b-npu5,
1782498005.3103137,200,156.32263105362654,qwen15b-npu6,
1782498005.3106713,200,153.5762520506978,qwen15b-npu6,
1782498005.3192756,200,133.51060776039958,qwen15b-npu3,
1782498005.3249602,200,144.49648093432188,qwen15b-npu7,
1782498005.3253596,200,142.84604974091053,qwen15b-npu7,
1782498005.3315713,200,125.7051145657897,qwen15b-npu5,
1782498005.3469336,200,132.92916398495436,qwen15b-npu3,
1782498005.347474,200,139.97288094833493,qwen15b-npu3,
1782498005.3528864,200,142.77578983455896,qwen15b-npu7,
1782498005.3532448,200,122.25756095722318,qwen15b-npu7,
1782498005.3567517,200,118.99228021502495,qwen15b-npu5,
1782498005.366057,200,127.82799964770675,qwen15b-npu6,
1782498005.3664567,200,134.7509059123695,qwen15b-npu6,
1782498005.3669906,200,129.55838069319725,qwen15b-npu6,
1782498005.3728583,200,109.49380602687597,qwen15b-npu4,
1782498005.3740091,200,118.872188962996,qwen15b-npu3,
1782498005.394122,200,139.61335783824325,qwen15b-npu6,
1782498005.394784,200,139.998200815171,qwen15b-npu6,
1782498005.3983305,200,104.81159528717399,qwen15b-npu4,
1782498005.3988225,200,111.15813720971346,qwen15b-npu4,
1782498005.4032598,200,132.2454591281712,qwen15b-npu3,
1782498005.4066446,200,119.57331374287605,qwen15b-npu5,
1782498005.4080791,200,126.60187063738704,qwen15b-npu5,
1782498005.408458,200,111.43922992050648,qwen15b-npu5,
1782498005.4089267,200,136.92764099687338,qwen15b-npu7,
1782498005.4209836,200,134.20549221336842,qwen15b-npu6,
1782498005.421637,200,117.58740013465285,qwen15b-npu4,
1782498005.4296474,200,142.2903868369758,qwen15b-npu3,
1782498005.429986,200,120.87495205923915,qwen15b-npu5,
1782498005.4362085,200,127.42337631061673,qwen15b-npu7,
1782498005.436525,200,126.1135870590806,qwen15b-npu7,
1782498005.436802,200,133.08863528072834,qwen15b-npu7,
1782498005.4455945,200,120.53789990022779,qwen15b-npu4,
1782498005.4511242,200,148.1362460181117,qwen15b-npu6,
1782498005.4515064,200,132.15241814032197,qwen15b-npu6,
1782498005.4518726,200,126.3843197375536,qwen15b-npu6,
1782498005.4570277,200,146.29373280331492,qwen15b-npu3,
1782498005.4610803,200,129.43065958097577,qwen15b-npu7,
1782498005.4704535,200,113.60665364190936,qwen15b-npu4,
1782498005.4789073,200,105.95916211605072,qwen15b-npu5,
1782498005.4798343,200,126.86139298602939,qwen15b-npu5,
1782498005.4801846,200,113.0956900306046,qwen15b-npu5,
1782498005.4875343,200,134.1839120723307,qwen15b-npu7,
1782498005.4889855,200,141.44446095451713,qwen15b-npu3,
1782498005.4895046,200,142.4891180358827,qwen15b-npu3,
1782498005.4946685,200,128.09934094548225,qwen15b-npu4,
1782498005.504057,200,137.8777571953833,qwen15b-npu6,
1782498005.5047853,200,130.7117179967463,qwen15b-npu6,
1782498005.5205817,200,112.38883575424552,qwen15b-npu4,
1782498005.5209835,200,122.5894340313971,qwen15b-npu4,
1782498005.5214617,200,127.24360497668386,qwen15b-npu4,
1782498005.5266562,200,117.61440988630056,qwen15b-npu5,
1782498005.5312364,200,127.91495025157928,qwen15b-npu6,
1782498005.5410178,200,119.93807600811124,qwen15b-npu7,
1782498005.5413916,200,119.69153396785259,qwen15b-npu7,
1782498005.5418317,200,133.2598659209907,qwen15b-npu7,
1782498005.5435948,200,136.89211010932922,qwen15b-npu3,
1782498005.5439951,200,145.10944578796625,qwen15b-npu3,
1782498005.5445282,200,149.6766870841384,qwen15b-npu3,
1782498005.5456176,200,115.88855925947428,qwen15b-npu4,
1782498005.5527394,200,116.43205303698778,qwen15b-npu5,
1782498005.5530598,200,122.96803714707494,qwen15b-npu5,
1782498005.5663552,200,129.76514175534248,qwen15b-npu7,
1782498005.5666301,200,129.76869195699692,qwen15b-npu7,
1782498005.5678637,200,116.26230087131262,qwen15b-npu4,
1782498005.568299,200,116.32300214841962,qwen15b-npu4,
1782498005.576582,200,119.4595629349351,qwen15b-npu5,
1782498005.5874486,200,141.79579308256507,qwen15b-npu6,
1782498005.588354,200,127.19577504321933,qwen15b-npu6,
1782498005.5972447,200,146.00523188710213,qwen15b-npu3,
1782498005.5976124,200,127.08154413849115,qwen15b-npu3,
1782498005.6011958,200,122.15070193633437,qwen15b-npu5,
1782498005.6141424,200,124.56425791606307,qwen15b-npu4,
1782498005.61591,200,126.77541235461831,qwen15b-npu6,
1782498005.6198657,200,132.23650911822915,qwen15b-npu7,
1782498005.6251552,200,145.24039719253778,qwen15b-npu3,
1782498005.626474,200,131.71818479895592,qwen15b-npu3,
1782498005.6267297,200,146.38068387284875,qwen15b-npu3,
1782498005.6271684,200,123.04731691256166,qwen15b-npu5,
1782498005.6379633,200,117.26426891982555,qwen15b-npu4,
1782498005.6466079,200,125.08237129077315,qwen15b-npu6,
1782498005.646898,200,142.01070507988334,qwen15b-npu6,
1782498005.6477942,200,126.70008186250925,qwen15b-npu6,
1782498005.650417,200,123.65382118150592,qwen15b-npu5,
1782498005.651716,200,120.40764885023236,qwen15b-npu3,
1782498005.6723578,200,119.22507220879197,qwen15b-npu7,
1782498005.6730917,200,129.39100991934538,qwen15b-npu7,
1782498005.6752076,200,129.48529981076717,qwen15b-npu6,
1782498005.6754801,200,133.5357679054141,qwen15b-npu6,
1782498005.676635,200,132.03616812825203,qwen15b-npu5,
1782498005.6770294,200,109.05363317579031,qwen15b-npu5,
1782498005.67808,200,136.58177759498358,qwen15b-npu6,
1782498005.6816814,200,137.58898479864,qwen15b-npu3,
1782498005.682032,200,140.90447686612606,qwen15b-npu3,
1782498005.682518,200,129.68882219865918,qwen15b-npu3,
1782498005.6859293,200,119.22860099002719,qwen15b-npu4,
1782498005.6992025,200,130.7678292505443,qwen15b-npu7,
1782498005.6998975,200,133.4716770797968,qwen15b-npu7,
1782498005.701495,200,124.80696896091104,qwen15b-npu5,
1782498005.7019172,200,113.4716528467834,qwen15b-npu5,
1782498005.7093933,200,111.68607091531157,qwen15b-npu4,
1782498005.725,200,127.66184797510505,qwen15b-npu5,
1782498005.7299733,200,128.6949748173356,qwen15b-npu6,
1782498005.730309,200,142.77148991823196,qwen15b-npu6,
1782498005.734343,200,120.13974785804749,qwen15b-npu4,
1782498005.7347214,200,108.17228723317385,qwen15b-npu4,
1782498005.7513099,200,124.5160368271172,qwen15b-npu5,
1782498005.7520077,200,126.78470183163881,qwen15b-npu5,
1782498005.7539625,200,137.9498583264649,qwen15b-npu7,
1782498005.7570412,200,110.06936989724636,qwen15b-npu4,
1782498005.7613008,200,134.0281213633716,qwen15b-npu6,
1782498005.7615514,200,141.60062186419964,qwen15b-npu6,
1782498005.761856,200,123.82363295182586,qwen15b-npu3,
1782498005.7822134,200,105.47614004462957,qwen15b-npu4,
1782498005.7825506,200,109.3806461431086,qwen15b-npu4,
1782498005.7837498,200,137.05579191446304,qwen15b-npu7,
1782498005.786173,200,138.29695992171764,qwen15b-npu6,
1782498005.7901034,200,138.29025020822883,qwen15b-npu3,
1782498005.7905662,200,140.06059197708964,qwen15b-npu3,
1782498005.8035388,200,128.25287226587534,qwen15b-npu5,
1782498005.8038423,200,125.66483486443758,qwen15b-npu5,
1782498005.8040848,200,122.29672307148576,qwen15b-npu5,
1782498005.8055131,200,123.38300934061408,qwen15b-npu4,
1782498005.8127842,200,135.6545020826161,qwen15b-npu7,
1782498005.8131697,200,140.73643693700433,qwen15b-npu7,
1782498005.8134942,200,127.4976572021842,qwen15b-npu7,
1782498005.818783,200,143.22490291669965,qwen15b-npu3,
1782498005.8191195,200,136.50147803127766,qwen15b-npu3,
1782498005.82752,200,127.536506857723,qwen15b-npu5,
1782498005.8314068,200,129.79277223348618,qwen15b-npu4,
1782498005.8374572,200,138.18311877548695,qwen15b-npu7,
1782498005.845633,200,120.5389597453177,qwen15b-npu3,
1782498005.8459735,200,143.96970812231302,qwen15b-npu3,
1782498005.8471203,200,137.62274524196982,qwen15b-npu3,
1782498005.851731,200,116.88170628622174,qwen15b-npu5,
1782498005.8641918,200,134.12288203835487,qwen15b-npu7,
1782498005.8697932,200,139.41634679213166,qwen15b-npu6,
1782498005.870156,200,135.71973284706473,qwen15b-npu6,
1782498005.8838515,200,122.22442170605063,qwen15b-npu4,
1782498005.8992074,200,137.8386770375073,qwen15b-npu3,
1782498005.9003944,200,143.28735321760178,qwen15b-npu6,
1782498005.901084,200,149.65270599350333,qwen15b-npu6,
1782498005.9013643,200,147.33263105154037,qwen15b-npu3,
1782498005.9020934,200,140.17202286049724,qwen15b-npu6,
1782498005.9023876,200,150.30610002577305,qwen15b-npu6,
1782498005.9039867,200,117.71521111950278,qwen15b-npu4,
1782498005.9042943,200,120.41423935443163,qwen15b-npu5,
1782498005.9050946,200,122.47092416509986,qwen15b-npu4,
1782498005.920147,200,129.9178940244019,qwen15b-npu7,
1782498005.9252372,200,134.59305511787534,qwen15b-npu6,
1782498005.9259772,200,143.66409601643682,qwen15b-npu3,
1782498005.9271495,200,122.98935698345304,qwen15b-npu5,
1782498005.9287624,200,123.13655810430646,qwen15b-npu4,
1782498005.9292324,200,116.32130201905966,qwen15b-npu4,
1782498005.9295926,200,110.41072197258472,qwen15b-npu4,
1782498005.949725,200,136.12069515511394,qwen15b-npu7,
1782498005.950322,200,146.6846764087677,qwen15b-npu7,
1782498005.950921,200,132.03725824132562,qwen15b-npu7,
1782498005.9512928,200,147.37381087616086,qwen15b-npu7,
1782498005.9523785,200,124.79459913447499,qwen15b-npu4,
1782498005.953096,200,121.58882711082697,qwen15b-npu6,
1782498005.9537556,200,140.5094349756837,qwen15b-npu3,
1782498005.9767551,200,139.22704616561532,qwen15b-npu7,
1782498005.977338,200,125.52220420911908,qwen15b-npu5,
1782498005.9778464,200,132.11376825347543,qwen15b-npu7,
1782498005.9781954,200,132.1178381331265,qwen15b-npu5,
1782498005.9807384,200,133.48876684904099,qwen15b-npu3,
1782498005.9997234,200,129.8281829804182,qwen15b-npu5,
1782498006.0038545,200,119.907405693084,qwen15b-npu7,
1782498006.0041418,200,139.8827307857573,qwen15b-npu7,
1782498006.0087025,200,138.42160999774933,qwen15b-npu6,
1782498006.0227208,200,120.2324191108346,qwen15b-npu4,
1782498006.0232983,200,124.00495307520032,qwen15b-npu4,
1782498006.0243423,200,122.17801110818982,qwen15b-npu5,
1782498006.0307777,200,126.36800995096564,qwen15b-npu7,
1782498006.0361896,200,135.6684621423483,qwen15b-npu3,
1782498006.0371127,200,135.9644839540124,qwen15b-npu3,
1782498006.0374312,200,133.37640604004264,qwen15b-npu3,
1782498006.0384367,200,136.99484057724476,qwen15b-npu6,
1782498006.0387516,200,133.53527709841728,qwen15b-npu6,
1782498006.04885,200,119.16666105389595,qwen15b-npu4,
1782498006.0491683,200,128.92484618350863,qwen15b-npu4,
1782498006.0495317,200,120.65187096595764,qwen15b-npu4,
1782498006.0505414,200,124.46517683565617,qwen15b-npu5,
1782498006.0591311,200,133.82141897454858,qwen15b-npu7,
1782498006.0594957,200,130.151794757694,qwen15b-npu7,
1782498006.063523,200,136.3160372711718,qwen15b-npu3,
1782498006.0708828,200,119.49960282072425,qwen15b-npu4,
1782498006.0746472,200,124.25035610795021,qwen15b-npu5,
1782498006.086058,200,133.60417820513248,qwen15b-npu7,
1782498006.0863428,200,135.32744999974966,qwen15b-npu7,
1782498006.089619,200,136.4610567688942,qwen15b-npu3,
1782498006.0931342,200,139.31458676233888,qwen15b-npu6,
1782498006.0934074,200,143.60061567276716,qwen15b-npu6,
1782498006.096838,200,118.58328664675355,qwen15b-npu4,
1782498006.0970855,200,119.12632128223777,qwen15b-npu4,
1782498006.1002214,200,123.3971999026835,qwen15b-npu5,
1782498006.1173632,200,136.54698804020882,qwen15b-npu3,
1782498006.1208038,200,116.87419610098004,qwen15b-npu4,
1782498006.1213877,200,117.18198796734214,qwen15b-npu4,
1782498006.1224,200,144.9448550119996,qwen15b-npu6,
1782498006.1226482,200,122.85502580925822,qwen15b-npu6,
1782498006.1266117,200,117.8502719849348,qwen15b-npu5,
1782498006.1446283,200,121.84860883280635,qwen15b-npu3,
1782498006.15003,200,126.66339101269841,qwen15b-npu5,
1782498006.1503851,200,125.96186716109514,qwen15b-npu6,
1782498006.1675074,200,130.01453410834074,qwen15b-npu4,
1782498006.1682959,200,109.06677320599556,qwen15b-npu4,
1782498006.169324,200,133.05344386026263,qwen15b-npu7,
1782498006.1696544,200,138.81526328623295,qwen15b-npu7,
1782498006.1746616,200,124.0335637703538,qwen15b-npu3,
1782498006.1749737,200,126.0359869338572,qwen15b-npu3,
1782498006.1753094,200,136.45909680053592,qwen15b-npu3,
1782498006.1756604,200,138.45894113183022,qwen15b-npu3,
1782498006.1763396,200,127.0603439770639,qwen15b-npu5,
1782498006.1772676,200,117.67741199582815,qwen15b-npu5,
1782498006.1777472,200,114.14157785475254,qwen15b-npu5,
1782498006.1791983,200,140.67147579044104,qwen15b-npu6,
1782498006.1795015,200,129.8776939511299,qwen15b-npu6,
1782498006.1969125,200,122.19809228554368,qwen15b-npu7,
1782498006.199784,200,128.83645622059703,qwen15b-npu5,
1782498006.2192943,200,122.13842058554292,qwen15b-npu4,
1782498006.227067,200,133.5923383012414,qwen15b-npu7,
1782498006.2274103,200,134.2060728929937,qwen15b-npu7,
1782498006.227835,200,127.54900800064206,qwen15b-npu7,
1782498006.235695,200,146.01382100954652,qwen15b-npu3,
1782498006.2368712,200,139.9619011208415,qwen15b-npu6,
1782498006.2375917,200,151.4583881944418,qwen15b-npu6,
1782498006.2379315,200,151.52255818247795,qwen15b-npu6,
1782498006.2399313,200,117.4619602970779,qwen15b-npu4,
1782498006.251658,200,130.7826000265777,qwen15b-npu7,
1782498006.2531466,200,131.68631587177515,qwen15b-npu5,
1782498006.2620826,200,139.35499684885144,qwen15b-npu6,
1782498006.2656934,200,139.02206486091018,qwen15b-npu3,
1782498006.2663589,200,148.9299121312797,qwen15b-npu3,
1782498006.2796412,200,129.5114611275494,qwen15b-npu5,
1782498006.279972,200,129.49689105153084,qwen15b-npu5,
1782498006.2804253,200,135.73357183486223,qwen15b-npu7,
1782498006.288831,200,111.48795997723937,qwen15b-npu4,
1782498006.2897754,200,113.35240164771676,qwen15b-npu4,
1782498006.2901337,200,121.74899782985449,qwen15b-npu6,
1782498006.3057718,200,136.00217504426837,qwen15b-npu5,
1782498006.3084219,200,133.3542661741376,qwen15b-npu7,
1782498006.3086753,200,129.11197822540998,qwen15b-npu7,
1782498006.3090322,200,139.62835771963,qwen15b-npu7,
1782498006.3093066,200,133.55417782440782,qwen15b-npu7,
1782498006.320021,200,142.21159601584077,qwen15b-npu3,
1782498006.3206644,200,145.90962138026953,qwen15b-npu6,
1782498006.3209834,200,145.57033916935325,qwen15b-npu6,
1782498006.321291,200,153.711823746562,qwen15b-npu3,
1782498006.3216386,200,142.3779772594571,qwen15b-npu3,
1782498006.3224196,200,125.37536164745688,qwen15b-npu6,
1782498006.3357415,200,108.55808993801475,qwen15b-npu4,
1782498006.346816,200,146.954117808491,qwen15b-npu6,
1782498006.3595314,200,106.32490506395698,qwen15b-npu4,
1782498006.3609684,200,133.04420467466116,qwen15b-npu5,
1782498006.3617587,200,142.2122661024332,qwen15b-npu7,
1782498006.362348,200,122.35553283244371,qwen15b-npu5,
1782498006.3626318,200,126.8462729640305,qwen15b-npu5,
1782498006.3629456,200,125.99910702556372,qwen15b-npu5,
1782498006.3633103,200,125.6260541267693,qwen15b-npu7,
1782498006.3726375,200,134.62148513644934,qwen15b-npu3,
1782498006.3729134,200,121.16136495023966,qwen15b-npu3,
1782498006.374676,200,147.15748000890017,qwen15b-npu6,
1782498006.3840237,200,118.26897598803043,qwen15b-npu4,
1782498006.3860052,200,119.56330388784409,qwen15b-npu5,
1782498006.3995502,200,137.38484401255846,qwen15b-npu3,
1782498006.4002376,200,119.7100249119103,qwen15b-npu3,
1782498006.4041893,200,124.45563683286309,qwen15b-npu6,
1782498006.4074807,200,117.27865831926465,qwen15b-npu4,
1782498006.408148,200,119.24984212964773,qwen15b-npu4,
1782498006.4121585,200,132.09041813388467,qwen15b-npu5,
1782498006.426773,200,136.9042401202023,qwen15b-npu3,
1782498006.431809,200,125.94592664390802,qwen15b-npu4,
1782498006.4325058,200,123.75153182074428,qwen15b-npu4,
1782498006.439626,200,117.9207619279623,qwen15b-npu5,
1782498006.4399755,200,130.87486987933517,qwen15b-npu5,
1782498006.4404867,200,119.10536093637347,qwen15b-npu5,
1782498006.44219,200,121.43433699384332,qwen15b-npu7,
1782498006.4425294,200,121.47190701216459,qwen15b-npu7,
1782498006.455989,200,135.89881313964725,qwen15b-npu3,
1782498006.4562588,200,120.4492598772049,qwen15b-npu4,
1782498006.4626837,200,153.29961106181145,qwen15b-npu6,
1782498006.4629395,200,140.4571640305221,qwen15b-npu6,
1782498006.46335,200,154.857920948416,qwen15b-npu6,
1782498006.4827418,200,109.76803814992309,qwen15b-npu4,
1782498006.48303,200,123.43175010755658,qwen15b-npu4,
1782498006.4832666,200,136.3883470185101,qwen15b-npu3,
1782498006.4836035,200,120.88646274060011,qwen15b-npu4,
1782498006.4843035,200,121.88178021460772,qwen15b-npu4,
1782498006.4861352,200,125.09133107960224,qwen15b-npu6,
1782498006.4914002,200,118.67652833461761,qwen15b-npu5,
1782498006.49193,200,130.11240493506193,qwen15b-npu5,
1782498006.4980564,200,135.01180661842227,qwen15b-npu7,
1782498006.4983375,200,123.5739910043776,qwen15b-npu7,
1782498006.511166,200,147.78231270611286,qwen15b-npu3,
1782498006.5120554,200,127.94110039249063,qwen15b-npu3,
1782498006.5255494,200,139.46573808789253,qwen15b-npu7,
1782498006.5274498,200,115.21234503015876,qwen15b-npu4,
1782498006.5378368,200,130.29376603662968,qwen15b-npu3,
1782498006.538626,200,134.36374301090837,qwen15b-npu3,
1782498006.5436199,200,143.99020792916417,qwen15b-npu6,
1782498006.5439234,200,135.6899030506611,qwen15b-npu6,
1782498006.5446606,200,144.36114113777876,qwen15b-npu6,
1782498006.5510023,200,108.40378887951374,qwen15b-npu4,
1782498006.5529847,200,126.14342803135514,qwen15b-npu7,
1782498006.5642807,200,132.40810064598918,qwen15b-npu3,
1782498006.5652716,200,125.19839173182845,qwen15b-npu5,
1782498006.5655963,200,133.003493770957,qwen15b-npu5,
1782498006.5698812,200,130.15355495736003,qwen15b-npu6,
1782498006.5755575,200,112.55883611738682,qwen15b-npu4,
1782498006.581125,200,140.5507349409163,qwen15b-npu7,
1782498006.5818427,200,139.55979887396097,qwen15b-npu7,
1782498006.5822022,200,126.13042816519737,qwen15b-npu7,
1782498006.5898137,200,133.48989700898528,qwen15b-npu5,
1782498006.590841,200,128.0842307023704,qwen15b-npu3,
1782498006.5979838,200,134.5555940642953,qwen15b-npu6,
1782498006.599436,200,116.10212083905935,qwen15b-npu4,
1782498006.6069467,200,123.27690795063972,qwen15b-npu7,
1782498006.6177535,200,134.66215506196022,qwen15b-npu5,
1782498006.6186888,200,134.31773334741592,qwen15b-npu5,
1782498006.6190355,200,120.90542307123542,qwen15b-npu5,
1782498006.619482,200,136.6551690734923,qwen15b-npu3,
1782498006.6197417,200,133.5379770025611,qwen15b-npu3,
1782498006.624262,200,112.10698401555419,qwen15b-npu4,
1782498006.6245608,200,126.15646841004491,qwen15b-npu4,
1782498006.6287222,200,137.2572029940784,qwen15b-npu6,
1782498006.629029,200,137.0347011834383,qwen15b-npu6,
1782498006.6342142,200,122.97873664647341,qwen15b-npu7,
1782498006.655772,200,130.12084504589438,qwen15b-npu6,
1782498006.661275,200,117.567780893296,qwen15b-npu7,
1782498006.6619987,200,134.48779471218586,qwen15b-npu7,
1782498006.665703,200,121.70593813061714,qwen15b-npu5,
1782498006.6713123,200,120.23464776575565,qwen15b-npu4,
1782498006.671667,200,118.61946806311607,qwen15b-npu4,
1782498006.6758986,200,131.17045210674405,qwen15b-npu3,
1782498006.676262,200,138.3531498722732,qwen15b-npu3,
1782498006.6838498,200,145.15872485935688,qwen15b-npu6,
1782498006.6875768,200,117.61238006874919,qwen15b-npu7,
1782498006.6923454,200,127.9743411578238,qwen15b-npu5,
1782498006.6929936,200,127.62753805145621,qwen15b-npu5,
1782498006.6973379,200,107.46108228340745,qwen15b-npu4,
1782498006.6976972,200,115.78804906457663,qwen15b-npu4,
1782498006.7012587,200,125.64171431586146,qwen15b-npu3,
1782498006.7015288,200,120.34510914236307,qwen15b-npu3,
1782498006.7118096,200,129.5388196595013,qwen15b-npu6,
1782498006.71209,200,146.4218939654529,qwen15b-npu6,
1782498006.7155843,200,124.68370795249939,qwen15b-npu7,
1782498006.717487,200,110.44605309143662,qwen15b-npu5,
1782498006.727578,200,128.08207096531987,qwen15b-npu3,
1782498006.7377484,200,139.70747916027904,qwen15b-npu6,
1782498006.7419977,200,124.13239385932684,qwen15b-npu4,
1782498006.7439966,200,124.4340967386961,qwen15b-npu7,
1782498006.7442832,200,125.13713212683797,qwen15b-npu7,
1782498006.7449656,200,120.61950098723173,qwen15b-npu7,
1782498006.7457902,200,121.14414479583502,qwen15b-npu5,
1782498006.746237,200,117.1496082097292,qwen15b-npu5,
1782498006.7552447,200,126.4251503162086,qwen15b-npu3,
1782498006.7558925,200,137.12184177711606,qwen15b-npu3,
1782498006.767362,200,147.53580233082175,qwen15b-npu6,
1782498006.7677147,200,133.37239576503634,qwen15b-npu6,
1782498006.791422,200,115.43297581374645,qwen15b-npu4,
1782498006.791724,200,119.94103714823723,qwen15b-npu4,
1782498006.792031,200,108.09634672477841,qwen15b-npu4,
1782498006.7949314,200,139.0867647714913,qwen15b-npu6,
1782498006.7959528,200,130.17765479162335,qwen15b-npu5,
1782498006.7964396,200,135.10037818923593,qwen15b-npu5,
1782498006.7975123,200,135.4099209420383,qwen15b-npu7,
1782498006.8102846,200,122.64690501615405,qwen15b-npu3,
1782498006.8105175,200,139.12820490077138,qwen15b-npu3,
1782498006.8108761,200,134.54923406243324,qwen15b-npu3,
1782498006.8147376,200,121.68114772066474,qwen15b-npu4,
1782498006.8208482,200,128.40488413348794,qwen15b-npu5,
1782498006.8211265,200,123.69093112647533,qwen15b-npu5,
1782498006.821943,200,124.1874247789383,qwen15b-npu6,
1782498006.8255057,200,123.91549302265048,qwen15b-npu7,
1782498006.835358,200,134.03764134272933,qwen15b-npu3,
1782498006.8389568,200,123.31534875556827,qwen15b-npu4,
1782498006.8396976,200,127.8237090446055,qwen15b-npu4,
1782498006.8489292,200,131.3825729303062,qwen15b-npu6,
1782498006.8520377,200,139.88380972296,qwen15b-npu7,
1782498006.8526754,200,125.03792997449636,qwen15b-npu7,
1782498006.8626359,200,106.68097669258714,qwen15b-npu4,
1782498006.8729048,200,135.09688898921013,qwen15b-npu5,
1782498006.8731902,200,128.14132077619433,qwen15b-npu5,
1782498006.8842359,200,140.16431337222457,qwen15b-npu7,
1782498006.8845952,200,142.5344180315733,qwen15b-npu7,
1782498006.88553,200,141.10914804041386,qwen15b-npu6,
1782498006.887781,200,141.43933029845357,qwen15b-npu6,
1782498006.8881621,200,120.67534122616053,qwen15b-npu4,
1782498006.8886185,200,133.28430615365505,qwen15b-npu6,
1782498006.8906734,200,144.8005740530789,qwen15b-npu3,
1782498006.8909826,200,123.2109279371798,qwen15b-npu3,
1782498006.9183986,200,122.37952230498195,qwen15b-npu3,
1782498006.9187171,200,126.91453285515308,qwen15b-npu3,
1782498006.9201546,200,122.57727375254035,qwen15b-npu3,
1782498006.9242623,200,132.74369295686483,qwen15b-npu5,
1782498006.931805,200,136.81385992094874,qwen15b-npu6,
1782498006.9320276,200,135.52769087255,qwen15b-npu6,
1782498006.9340417,200,141.9457346200943,qwen15b-npu7,
1782498006.9345448,200,123.96411411464214,qwen15b-npu7,
1782498006.9365175,200,126.16431806236506,qwen15b-npu4,
1782498006.9369118,200,116.00018013268709,qwen15b-npu4,
1782498006.9372473,200,116.05841014534235,qwen15b-npu4,
1782498006.950503,200,139.5613281056285,qwen15b-npu5,
1782498006.9508746,200,115.45322695747018,qwen15b-npu5,
1782498006.9518452,200,137.04750128090382,qwen15b-npu5,
1782498006.959772,200,107.67247388139367,qwen15b-npu4,
1782498006.9601848,200,121.16644391790032,qwen15b-npu7,
1782498006.9606078,200,138.59903207048774,qwen15b-npu7,
1782498006.9617512,200,121.99161015450954,qwen15b-npu6,
1782498006.961991,200,136.4277470856905,qwen15b-npu6,
1782498006.9689038,200,119.91488607600331,qwen15b-npu3,
1782498006.974815,200,112.11816407740116,qwen15b-npu5,
1782498006.9856703,200,132.93331395834684,qwen15b-npu7,
1782498007.0014176,200,117.06003826111555,qwen15b-npu5,
1782498007.0017948,200,128.82898608222604,qwen15b-npu5,
1782498007.0086565,200,123.00066696479917,qwen15b-npu4,
1782498007.0090377,200,121.13033514469862,qwen15b-npu4,
1782498007.0103757,200,121.67050829157233,qwen15b-npu4,
1782498007.0154345,200,130.75168896466494,qwen15b-npu6,
1782498007.0157683,200,124.71764907240868,qwen15b-npu6,
1782498007.0237703,200,150.51796194165945,qwen15b-npu3,
1782498007.0240657,200,135.79680304974318,qwen15b-npu3,
1782498007.0243669,200,133.5960580036044,qwen15b-npu3,
1782498007.0396776,200,121.19904486462474,qwen15b-npu7,
1782498007.0408874,200,122.0074100419879,qwen15b-npu6,
1782498007.0520246,200,131.78257597610354,qwen15b-npu5,
1782498007.0523312,200,117.65738110989332,qwen15b-npu5,
1782498007.0542674,200,120.09604787454009,qwen15b-npu4,
1782498007.0693252,200,137.45858427137136,qwen15b-npu7,
1782498007.0697458,200,133.10707500204444,qwen15b-npu7,
1782498007.070229,200,145.87129093706608,qwen15b-npu7,
1782498007.0721385,200,134.81393596157432,qwen15b-npu6,
1782498007.0728624,200,140.77018713578582,qwen15b-npu6,
1782498007.0732088,200,122.59812373667955,qwen15b-npu6,
1782498007.0767887,200,125.78678503632545,qwen15b-npu3,
1782498007.0775168,200,140.48700407147408,qwen15b-npu3,
1782498007.078571,200,118.26653499156237,qwen15b-npu5,
1782498007.0791287,200,118.40552603825927,qwen15b-npu5,
1782498007.0807269,200,118.90735011547804,qwen15b-npu4,
1782498007.081582,200,129.63897082954645,qwen15b-npu4,
1782498007.0820546,200,113.08634094893932,qwen15b-npu4,
1782498007.0957632,200,135.87259408086538,qwen15b-npu7,
1782498007.1028101,200,140.75187593698502,qwen15b-npu3,
1782498007.103306,200,128.38929379358888,qwen15b-npu3,
1782498007.121176,200,135.40326105430722,qwen15b-npu6,
1782498007.1290126,200,120.23413786664605,qwen15b-npu3,
1782498007.129492,200,127.62622814625502,qwen15b-npu3,
1782498007.1308382,200,115.31345592811704,qwen15b-npu5,
1782498007.1315608,200,130.03544369712472,qwen15b-npu5,
1782498007.1494098,200,125.55024493485689,qwen15b-npu4,
1782498007.1497884,200,133.90036020427942,qwen15b-npu7,
1782498007.1501486,200,139.61083767935634,qwen15b-npu6,
1782498007.15132,200,142.21297577023506,qwen15b-npu7,
1782498007.1517246,200,127.59346794337034,qwen15b-npu6,
1782498007.1555018,200,131.0656312853098,qwen15b-npu5,
1782498007.1777546,200,125.66244462504983,qwen15b-npu7,
1782498007.1780457,200,138.27310968190432,qwen15b-npu7,
1782498007.181228,200,126.84160238131881,qwen15b-npu5,
1782498007.18204,200,129.64078225195408,qwen15b-npu3,
1782498007.1824377,200,141.45365078002214,qwen15b-npu3,
1782498007.2039685,200,124.76928904652596,qwen15b-npu4,
1782498007.2044642,200,122.7579559199512,qwen15b-npu4,
1782498007.205191,200,128.28713282942772,qwen15b-npu4,
1782498007.2056313,200,132.35241919755936,qwen15b-npu4,
1782498007.2071285,200,134.16581181809306,qwen15b-npu6,
1782498007.2075539,200,129.96426317840815,qwen15b-npu6,
1782498007.2082255,200,137.87925709038973,qwen15b-npu5,
1782498007.2086177,200,136.36313704773784,qwen15b-npu7,
1782498007.2090306,200,126.85703299939632,qwen15b-npu7,
1782498007.209714,200,140.27783321216702,qwen15b-npu6,
1782498007.2117326,200,130.89026976376772,qwen15b-npu7,
1782498007.212086,200,133.44468735158443,qwen15b-npu5,
1782498007.21276,200,142.84313982352614,qwen15b-npu3,
1782498007.2296004,200,133.71500885114074,qwen15b-npu6,
1782498007.2299848,200,126.58170098438859,qwen15b-npu5,
1782498007.2355242,200,132.60209094733,qwen15b-npu7,
1782498007.2496605,200,117.97642381861806,qwen15b-npu4,
1782498007.2503202,200,129.0616481564939,qwen15b-npu4,
1782498007.255251,200,125.64762495458126,qwen15b-npu6,
1782498007.255758,200,126.60952098667622,qwen15b-npu5,
1782498007.2566736,200,125.69869495928288,qwen15b-npu5,
1782498007.2737122,200,121.86510907486081,qwen15b-npu4,
1782498007.2792947,200,123.70064202696085,qwen15b-npu5,
1782498007.282735,200,131.29815319553018,qwen15b-npu6,
1782498007.2836983,200,133.4678870625794,qwen15b-npu6,
1782498007.2881298,200,138.62554216757417,qwen15b-npu3,
1782498007.2894049,200,139.48859786614776,qwen15b-npu7,
1782498007.297721,200,119.89017622545362,qwen15b-npu4,
1782498007.3045068,200,122.34863173216581,qwen15b-npu5,
1782498007.3175883,200,139.47831792756915,qwen15b-npu7,
1782498007.319315,200,136.75244012847543,qwen15b-npu3,
1782498007.3197575,200,138.37606087327003,qwen15b-npu3,
1782498007.3231132,200,113.25708078220487,qwen15b-npu4,
1782498007.323568,200,119.44742267951369,qwen15b-npu4,
1782498007.3383853,200,129.68407198786736,qwen15b-npu6,
1782498007.339112,200,129.98935393989086,qwen15b-npu6,
1782498007.339528,200,131.19415193796158,qwen15b-npu6,
1782498007.339872,200,135.2935298345983,qwen15b-npu6,
1782498007.346602,200,134.7582759335637,qwen15b-npu4,
1782498007.3468678,200,134.72005631774664,qwen15b-npu4,
1782498007.3471532,200,134.25753265619278,qwen15b-npu3,
1782498007.3487115,200,141.46590093150735,qwen15b-npu3,
1782498007.3491025,200,143.77266727387905,qwen15b-npu7,
1782498007.3501499,200,144.43718129768968,qwen15b-npu7,
1782498007.3504806,200,142.79118971899152,qwen15b-npu7,
1782498007.3605866,200,124.9506501480937,qwen15b-npu5,
1782498007.374645,200,124.91540005430579,qwen15b-npu3,
1782498007.3750768,200,145.35030769184232,qwen15b-npu3,
1782498007.3759363,200,125.53407391533256,qwen15b-npu3,
1782498007.3763416,200,146.2430232204497,qwen15b-npu7,
1782498007.3807297,200,124.80143876746297,qwen15b-npu5,
1782498007.3904524,200,133.68005910888314,qwen15b-npu6,
1782498007.3976984,200,142.3458270728588,qwen15b-npu3,
1782498007.408179,200,118.65047737956047,qwen15b-npu5,
1782498007.4087987,200,129.40235994756222,qwen15b-npu5,
1782498007.4092746,200,135.4160513728857,qwen15b-npu5,
1782498007.416992,200,112.38468578085303,qwen15b-npu4,
1782498007.4192152,200,136.37870596721768,qwen15b-npu6,
1782498007.4288642,200,130.9970999136567,qwen15b-npu7,
1782498007.4292846,200,141.05074806138873,qwen15b-npu7,
1782498007.4303367,200,146.50745503604412,qwen15b-npu7,
1782498007.431189,200,111.71911098062992,qwen15b-npu5,
1782498007.442258,200,124.55225689336658,qwen15b-npu4,
1782498007.4427717,200,119.5342936553061,qwen15b-npu4,
1782498007.4453013,200,125.46015391126275,qwen15b-npu6,
1782498007.4542382,200,130.54454792290926,qwen15b-npu7,
1782498007.4555898,200,116.36521201580763,qwen15b-npu5,
1782498007.4660969,200,126.46847078576684,qwen15b-npu4,
1782498007.4669595,200,106.260493863374,qwen15b-npu4,
1782498007.472643,200,134.15516214445233,qwen15b-npu6,
1782498007.480998,200,130.7569188065827,qwen15b-npu3,
1782498007.4817688,200,132.9470439814031,qwen15b-npu3,
1782498007.482095,200,135.15345798805356,qwen15b-npu3,
1782498007.4833264,200,134.09534096717834,qwen15b-npu5,
1782498007.4837344,200,137.066881172359,qwen15b-npu7,
1782498007.484117,200,144.15244897827506,qwen15b-npu3,
1782498007.4849327,200,134.34093305841088,qwen15b-npu5,
1782498007.4857922,200,138.46638100221753,qwen15b-npu7,
1782498007.4897082,200,113.27291140332818,qwen15b-npu4,
1782498007.5014234,200,125.35846279934049,qwen15b-npu6,
1782498007.505047,200,129.82400320470333,qwen15b-npu3,
1782498007.5068102,200,125.97528658807278,qwen15b-npu5,
1782498007.5086176,200,133.85830959305167,qwen15b-npu7,
1782498007.528217,200,130.45796705409884,qwen15b-npu6,
1782498007.5321605,200,123.86033311486244,qwen15b-npu3,
1782498007.5325994,200,115.50849676132202,qwen15b-npu5,
1782498007.5331116,200,142.55058811977506,qwen15b-npu3,
1782498007.5372708,200,107.91246499866247,qwen15b-npu4,
1782498007.5381362,200,128.75327607616782,qwen15b-npu4,
1782498007.5551913,200,146.2465738877654,qwen15b-npu6,
1782498007.5562353,200,125.78466581180692,qwen15b-npu5,
1782498007.5580797,200,138.75606283545494,qwen15b-npu3,
1782498007.5584245,200,127.16285511851311,qwen15b-npu3,
1782498007.5611615,200,105.46195926144719,qwen15b-npu4,
1782498007.5660546,200,123.16487776115537,qwen15b-npu7,
1782498007.5664186,200,137.41962425410748,qwen15b-npu7,
1782498007.5798254,200,113.61772380769253,qwen15b-npu5,
1782498007.5843747,200,138.9656439423561,qwen15b-npu6,
1782498007.5848258,200,142.42256758734584,qwen15b-npu3,
1782498007.585233,200,130.9183407574892,qwen15b-npu6,
1782498007.5856361,200,112.91883932426572,qwen15b-npu4,
1782498007.6048958,200,123.76004178076982,qwen15b-npu5,
1782498007.6053474,200,120.35108869895339,qwen15b-npu5,
1782498007.6087012,200,124.8448989354074,qwen15b-npu4,
1782498007.6089973,200,123.0954872444272,qwen15b-npu4,
1782498007.6097977,200,125.61329500749707,qwen15b-npu3,
1782498007.6113636,200,129.50470997020602,qwen15b-npu6,
1782498007.6121626,200,129.94385417550802,qwen15b-npu6,
1782498007.6125946,200,145.5634688027203,qwen15b-npu6,
1782498007.6208928,200,137.43921415880322,qwen15b-npu7,
1782498007.6213589,200,131.55932491645217,qwen15b-npu7,
1782498007.6285276,200,119.79774618521333,qwen15b-npu5,
1782498007.6375258,200,132.38717010244727,qwen15b-npu6,
1782498007.6485636,200,147.03403785824776,qwen15b-npu7,
1782498007.6489444,200,141.98919478803873,qwen15b-npu7,
1782498007.6528552,200,114.60648011416197,qwen15b-npu5,
1782498007.655458,200,122.28023214265704,qwen15b-npu4,
1782498007.6635802,200,131.28355192020535,qwen15b-npu3,
1782498007.6641731,200,135.8588533475995,qwen15b-npu6,
1782498007.6645234,200,127.18673516064882,qwen15b-npu3,
1782498007.676251,200,110.09487137198448,qwen15b-npu5,
1782498007.6769793,200,144.26786871626973,qwen15b-npu7,
1782498007.680113,200,121.62107788026333,qwen15b-npu4,
1782498007.6895504,200,131.36440282687545,qwen15b-npu3,
1782498007.6900682,200,133.68157763034105,qwen15b-npu3,
1782498007.6911182,200,135.83322428166866,qwen15b-npu6,
1782498007.7048643,200,124.93154965341091,qwen15b-npu4,
1782498007.7059758,200,121.02747289463878,qwen15b-npu4,
1782498007.706372,200,121.01238360628486,qwen15b-npu4,
1782498007.7077832,200,146.50866482406855,qwen15b-npu7,
1782498007.7082548,200,141.76366291940212,qwen15b-npu7,
1782498007.7188826,200,134.3739926815033,qwen15b-npu3,
1782498007.7246752,200,119.21506095677614,qwen15b-npu5,
1782498007.7273319,200,114.6762608550489,qwen15b-npu4,
1782498007.7338688,200,148.11257598921657,qwen15b-npu7,
1782498007.7452626,200,132.98917515203357,qwen15b-npu3,
1782498007.7456102,200,135.7180429622531,qwen15b-npu3,
1782498007.7482693,200,139.14743578061461,qwen15b-npu6,
1782498007.74862,200,119.98306680470705,qwen15b-npu6,
1782498007.7490122,200,140.23199304938316,qwen15b-npu6,
1782498007.7499917,200,144.96024372056127,qwen15b-npu6,
1782498007.750567,200,129.53844107687473,qwen15b-npu5,
1782498007.7522821,200,114.64046081528068,qwen15b-npu4,
1782498007.7635837,200,152.095353230834,qwen15b-npu7,
1782498007.7639723,200,142.5024881027639,qwen15b-npu7,
1782498007.7734044,200,120.40846003219485,qwen15b-npu6,
1782498007.7747154,200,110.99520698189735,qwen15b-npu5,
1782498007.775618,200,126.56467128545046,qwen15b-npu5,
1782498007.7765768,200,112.28065518662333,qwen15b-npu4,
1782498007.792323,200,136.77053013816476,qwen15b-npu7,
1782498007.7926855,200,144.02548829093575,qwen15b-npu7,
1782498007.7988367,200,122.49322421848774,qwen15b-npu4,
1782498007.8014727,200,136.88116008415818,qwen15b-npu6,
1782498007.8022382,200,125.19341195002198,qwen15b-npu6,
1782498007.8206933,200,140.45584527775645,qwen15b-npu7,
1782498007.8241348,200,119.19273203238845,qwen15b-npu4,
1782498007.8245332,200,105.58475041761994,qwen15b-npu4,
1782498007.8267543,200,137.10083113983274,qwen15b-npu3,
1782498007.8271372,200,135.94191381707788,qwen15b-npu3,
1782498007.8278675,200,121.8011393211782,qwen15b-npu3,
1782498007.8301897,200,139.9626713246107,qwen15b-npu6,
1782498007.8487113,200,123.93349315971136,qwen15b-npu5,
1782498007.8497484,200,143.2297327555716,qwen15b-npu7,
1782498007.850073,200,141.70122193172574,qwen15b-npu7,
1782498007.8519049,200,144.0046993084252,qwen15b-npu3,
1782498007.8588355,200,131.43269391730428,qwen15b-npu6,
1782498007.870741,200,125.0576307065785,qwen15b-npu4,
1782498007.8824122,200,148.44161830842495,qwen15b-npu7,
1782498007.8837152,200,135.3362100198865,qwen15b-npu5,
1782498007.8839588,200,133.77743866294622,qwen15b-npu5,
1782498007.8851838,200,121.47078569978476,qwen15b-npu5,
1782498007.8873534,200,136.66082872077823,qwen15b-npu3,
1782498007.8877473,200,138.6617016978562,qwen15b-npu3,
1782498007.8884804,200,136.0849840566516,qwen15b-npu3,
1782498007.889257,200,143.88380805030465,qwen15b-npu6,
1782498007.8897588,200,141.06023777276278,qwen15b-npu6,
1782498007.89541,200,121.89934030175209,qwen15b-npu4,
1782498007.8958647,200,119.18158084154129,qwen15b-npu4,
1782498007.9046948,200,128.95313696935773,qwen15b-npu7,
1782498007.9051197,200,141.02513808757067,qwen15b-npu7,
1782498007.9148138,200,140.03674080595374,qwen15b-npu6,
1782498007.917902,200,125.47172326594591,qwen15b-npu4,
1782498007.924136,200,125.23821182549,qwen15b-npu5,
1782498007.924364,200,122.8301958180964,qwen15b-npu5,
1782498007.9254193,200,132.66716245561838,qwen15b-npu5,
1782498007.9312212,200,128.87656688690186,qwen15b-npu3,
1782498007.9415886,200,114.72546216100454,qwen15b-npu4,
1782498007.9490705,200,121.1081137880683,qwen15b-npu5,
1782498007.9494212,200,122.20887187868357,qwen15b-npu5,
1782498007.957449,200,132.79411289840937,qwen15b-npu7,
1782498007.9583,200,128.01368115469813,qwen15b-npu3,
1782498007.9588876,200,138.04805791005492,qwen15b-npu3,
1782498007.9656723,200,115.52857607603073,qwen15b-npu4,
1782498007.9717839,200,147.55342295393348,qwen15b-npu6,
1782498007.972157,200,122.34005192294717,qwen15b-npu6,
1782498007.972998,200,124.22652635723352,qwen15b-npu5,
1782498007.9843113,200,132.2873397730291,qwen15b-npu7,
1782498007.999324,200,140.3837539255619,qwen15b-npu6,
1782498008.0040336,200,120.2478283084929,qwen15b-npu5,
1782498008.0050364,200,119.70118479803205,qwen15b-npu5,
1782498008.0196393,200,135.61469176784158,qwen15b-npu7,
1782498008.0205252,200,138.0469878204167,qwen15b-npu7,
1782498008.0208433,200,132.9784938134253,qwen15b-npu7,
1782498008.0216074,200,132.27445911616087,qwen15b-npu3,
1782498008.022165,200,151.31710702553391,qwen15b-npu3,
1782498008.0233693,200,134.79334628209472,qwen15b-npu4,
1782498008.0241168,200,128.1386213377118,qwen15b-npu4,
1782498008.024376,200,134.50051378458738,qwen15b-npu4,
1782498008.028944,200,124.13296522572637,qwen15b-npu5,
1782498008.0294843,200,124.25372516736388,qwen15b-npu5,
1782498008.0297685,200,142.30512594804168,qwen15b-npu6,
1782498008.0300415,200,134.51877376064658,qwen15b-npu6,
1782498008.0444202,200,118.89845971018076,qwen15b-npu4,
1782498008.0475006,200,129.53723082318902,qwen15b-npu7,
1782498008.0479357,200,133.0255540087819,qwen15b-npu3,
1782498008.0516407,200,120.3257692977786,qwen15b-npu5,
1782498008.0543783,200,129.9502942711115,qwen15b-npu6,
1782498008.068382,200,110.8418251387775,qwen15b-npu4,
1782498008.0721238,200,130.47691714018583,qwen15b-npu7,
1782498008.0735939,200,149.39780393615365,qwen15b-npu3,
1782498008.0759718,200,117.01864702627063,qwen15b-npu5,
1782498008.08321,200,134.0626017190516,qwen15b-npu6,
1782498008.084377,200,134.78883588686585,qwen15b-npu6,
1782498008.0999718,200,134.2377420514822,qwen15b-npu7,
1782498008.1008897,200,127.82663898542523,qwen15b-npu5,
1782498008.1019523,200,129.72852308303118,qwen15b-npu3,
1782498008.102328,200,130.44131686910987,qwen15b-npu3,
1782498008.1031055,200,144.73561337217689,qwen15b-npu3,
1782498008.1104581,200,126.08532793819904,qwen15b-npu6,
1782498008.1171634,200,117.75331199169159,qwen15b-npu4,
1782498008.1271703,200,121.8274193815887,qwen15b-npu3,
1782498008.1275516,200,123.15818760544062,qwen15b-npu3,
1782498008.142738,200,123.00051702186465,qwen15b-npu4,
1782498008.1430702,200,113.51730301976204,qwen15b-npu4,
1782498008.1436026,200,113.77125466242433,qwen15b-npu4,
1782498008.1504414,200,128.75247607007623,qwen15b-npu5,
1782498008.1510553,200,126.87043286859989,qwen15b-npu5,
1782498008.155382,200,130.94406994059682,qwen15b-npu3,
1782498008.1648526,200,120.33325899392366,qwen15b-npu4,
1782498008.1685598,200,138.44881998375058,qwen15b-npu7,
1782498008.169752,200,149.1214819252491,qwen15b-npu7,
1782498008.1700675,200,141.0200479440391,qwen15b-npu7,
1782498008.1703982,200,146.959048230201,qwen15b-npu7,
1782498008.174648,200,126.59989111125469,qwen15b-npu5,
1782498008.1784618,200,157.52709889784455,qwen15b-npu6,
1782498008.178821,200,156.5914419479668,qwen15b-npu6,
1782498008.1798484,200,128.1154309399426,qwen15b-npu3,
1782498008.1890326,200,115.37898611277342,qwen15b-npu4,
1782498008.1893444,200,120.90061279013753,qwen15b-npu4,
1782498008.2055657,200,133.37655598297715,qwen15b-npu6,
1782498008.2059972,200,151.5570692718029,qwen15b-npu6,
1782498008.2063668,200,158.78346795216203,qwen15b-npu6,
1782498008.2073693,200,131.32676295936108,qwen15b-npu3,
1782498008.2122064,200,112.1478141285479,qwen15b-npu4,
1782498008.220723,200,137.45151413604617,qwen15b-npu7,
1782498008.22324,200,122.2341419197619,qwen15b-npu5,
1782498008.2235453,200,121.1267039179802,qwen15b-npu5,
1782498008.2242758,200,121.10369373112917,qwen15b-npu5,
1782498008.2251492,200,107.9211663454771,qwen15b-npu5,
1782498008.2322035,200,147.6729130372405,qwen15b-npu6,
1782498008.2488556,200,146.83559676632285,qwen15b-npu7,
1782498008.249619,200,139.0670952387154,qwen15b-npu7,
1782498008.2578027,200,130.15646487474442,qwen15b-npu6,
1782498008.2597423,200,132.47632095590234,qwen15b-npu3,
1782498008.2600107,200,116.81799497455359,qwen15b-npu3,
1782498008.2607572,200,109.6065966412425,qwen15b-npu4,
1782498008.2697508,200,126.03079807013273,qwen15b-npu5,
1782498008.2754886,200,132.6556713320315,qwen15b-npu7,
1782498008.2843301,200,128.8695870898664,qwen15b-npu6,
1782498008.2856233,200,120.69215206429362,qwen15b-npu4,
1782498008.2863643,200,135.8570228330791,qwen15b-npu3,
1782498008.2873483,200,118.70965827256441,qwen15b-npu3,
1782498008.2948627,200,124.73283894360065,qwen15b-npu5,
1782498008.2951171,200,105.99548183381557,qwen15b-npu5,
1782498008.3031998,200,128.45211382955313,qwen15b-npu7,
1782498008.3040726,200,125.13682199642062,qwen15b-npu7,
1782498008.3096695,200,120.23616768419743,qwen15b-npu4,
1782498008.314427,200,143.9552577212453,qwen15b-npu6,
1782498008.314779,200,136.23836589977145,qwen15b-npu3,
1782498008.3151512,200,135.22179890424013,qwen15b-npu3,
1782498008.3154624,200,145.61207918450236,qwen15b-npu6,
1782498008.330338,200,123.90367314219475,qwen15b-npu7,
1782498008.3314064,200,125.29503181576729,qwen15b-npu7,
1782498008.3350606,200,111.42741935327649,qwen15b-npu4,
1782498008.3358002,200,123.51719103753567,qwen15b-npu4,
1782498008.3403265,200,134.66304494068027,qwen15b-npu6,
1782498008.3406494,200,133.19102488458157,qwen15b-npu3,
1782498008.3428693,200,122.08051979541779,qwen15b-npu5,
1782498008.3579974,200,134.66986501589417,qwen15b-npu7,
1782498008.3588405,200,126.48620083928108,qwen15b-npu7,
1782498008.3597517,200,110.81813462078571,qwen15b-npu4,
1782498008.360098,200,110.3944219648838,qwen15b-npu4,
1782498008.3670535,200,142.67557905986905,qwen15b-npu3,
1782498008.3678818,200,142.6342292688787,qwen15b-npu6,
1782498008.3815773,200,105.99077306687832,qwen15b-npu4,
1782498008.3842309,200,126.34937884286046,qwen15b-npu7,
1782498008.3938274,200,134.007191285491,qwen15b-npu5,
1782498008.3941748,200,124.28647512570024,qwen15b-npu5,
1782498008.3947349,200,134.6576646901667,qwen15b-npu5,
1782498008.396226,200,135.38994966074824,qwen15b-npu6,
1782498008.4069965,200,120.53319066762924,qwen15b-npu4,
1782498008.4074957,200,120.04731688648462,qwen15b-npu4,
1782498008.4165163,200,130.81334996968508,qwen15b-npu5,
1782498008.4167807,200,107.03149903565645,qwen15b-npu5,
1782498008.4243371,200,121.00377306342125,qwen15b-npu3,
1782498008.4247122,200,129.78086294606328,qwen15b-npu3,
1782498008.4251916,200,140.80150704830885,qwen15b-npu3,
1782498008.4260576,200,130.8722198009491,qwen15b-npu6,
1782498008.4401975,200,124.64388832449913,qwen15b-npu7,
1782498008.4405594,200,136.41122728586197,qwen15b-npu7,
1782498008.441316,200,126.42558012157679,qwen15b-npu5,
1782498008.450502,200,135.97369380295277,qwen15b-npu3,
1782498008.4544153,200,113.67566417902708,qwen15b-npu4,
1782498008.4546475,200,123.13906801864505,qwen15b-npu4,
1782498008.456059,200,140.8166759647429,qwen15b-npu6,
1782498008.4563699,200,125.9319856762886,qwen15b-npu6,
1782498008.4646988,200,128.84046602994204,qwen15b-npu5,
1782498008.4791324,200,138.73335300013423,qwen15b-npu3,
1782498008.4838445,200,148.71237985789776,qwen15b-npu6,
1782498008.4846756,200,141.71735290437937,qwen15b-npu6,
1782498008.48999,200,130.13646472245455,qwen15b-npu5,
1782498008.4903667,200,130.17914537340403,qwen15b-npu5,
1782498008.4930284,200,125.87310606613755,qwen15b-npu7,
1782498008.4932654,200,135.1875588297844,qwen15b-npu7,
1782498008.501841,200,120.19306793808937,qwen15b-npu4,
1782498008.5020843,200,107.23513085395098,qwen15b-npu4,
1782498008.507428,200,123.11791814863682,qwen15b-npu3,
1782498008.5125492,200,144.5711823180318,qwen15b-npu6,
1782498008.5131118,200,154.10293592140079,qwen15b-npu6,
1782498008.5195951,200,125.27867313474417,qwen15b-npu7,
1782498008.5204523,200,124.14838373661041,qwen15b-npu7,
1782498008.5364032,200,142.48118828982115,qwen15b-npu3,
1782498008.5367203,200,129.6009123325348,qwen15b-npu3,
1782498008.538465,200,114.01749588549137,qwen15b-npu5,
1782498008.5388882,200,131.27582194283605,qwen15b-npu6,
1782498008.546414,200,129.5767012052238,qwen15b-npu7,
1782498008.5467644,200,121.5002671815455,qwen15b-npu7,
1782498008.551208,200,110.54705316200852,qwen15b-npu4,
1782498008.5514338,200,110.05441006273031,qwen15b-npu4,
1782498008.5639625,200,109.25756534561515,qwen15b-npu5,
1782498008.5642738,200,109.79327792301774,qwen15b-npu5,
1782498008.5644834,200,124.17038390412927,qwen15b-npu5,
1782498008.5655105,200,139.3831567838788,qwen15b-npu3,
1782498008.5664701,200,149.87607765942812,qwen15b-npu3,
1782498008.5668132,200,141.9860846363008,qwen15b-npu6,
1782498008.5734684,200,117.32404911890626,qwen15b-npu7,
1782498008.5914066,200,134.9205868318677,qwen15b-npu3,
1782498008.5941327,200,143.54724483564496,qwen15b-npu6,
1782498008.5983973,200,108.30686800181866,qwen15b-npu4,
1782498008.5987926,200,114.00126619264483,qwen15b-npu4,
1782498008.6007497,200,135.953264310956,qwen15b-npu7,
1782498008.6109023,200,108.99410210549831,qwen15b-npu5,
1782498008.6113787,200,118.2876662351191,qwen15b-npu5,
1782498008.6199813,200,136.06715388596058,qwen15b-npu3,
1782498008.6233275,200,110.03845976665616,qwen15b-npu4,
1782498008.6238782,200,144.67801293358207,qwen15b-npu6,
1782498008.6242263,200,133.77227913588285,qwen15b-npu6,
1782498008.6244602,200,111.81940184906125,qwen15b-npu4,
1782498008.627139,200,133.80698021501303,qwen15b-npu7,
1782498008.6462026,200,107.62212425470352,qwen15b-npu4,
1782498008.6500697,200,142.5553592853248,qwen15b-npu6,
1782498008.6504185,200,148.26722722500563,qwen15b-npu3,
1782498008.6507893,200,131.07877224683762,qwen15b-npu3,
1782498008.6551466,200,134.61266504600644,qwen15b-npu7,
1782498008.659419,200,112.91834013536572,qwen15b-npu5,
1782498008.6603022,200,123.47787106409669,qwen15b-npu5,
1782498008.6704166,200,123.56285098940134,qwen15b-npu4,
1782498008.6772227,200,125.72844512760639,qwen15b-npu3,
1782498008.6782615,200,141.76841313019395,qwen15b-npu6,
1782498008.683234,200,119.17174095287919,qwen15b-npu5,
1782498008.6840174,200,132.7484119683504,qwen15b-npu7,
1782498008.6844008,200,145.39996767416596,qwen15b-npu7,
1782498008.6951835,200,121.6018870472908,qwen15b-npu4,
1782498008.6955266,200,131.19723182171583,qwen15b-npu4,
1782498008.705383,200,138.47715081647038,qwen15b-npu3,
1782498008.707274,200,108.37436793372035,qwen15b-npu5,
1782498008.7082236,200,142.6229290664196,qwen15b-npu6,
1782498008.712285,200,147.7421629242599,qwen15b-npu7,
1782498008.712693,200,146.12739300355315,qwen15b-npu7,
1782498008.7183123,200,119.80955582112074,qwen15b-npu4,
1782498008.7324023,200,108.90365205705166,qwen15b-npu5,
1782498008.7327013,200,112.65457700937986,qwen15b-npu5,
1782498008.733659,200,142.17363577336073,qwen15b-npu3,
1782498008.738147,200,143.91215797513723,qwen15b-npu7,
1782498008.739609,200,138.76402284950018,qwen15b-npu6,
1782498008.7398696,200,128.42227378860116,qwen15b-npu6,
1782498008.7402592,200,129.28988924250007,qwen15b-npu6,
1782498008.7422915,200,117.76740197092295,qwen15b-npu4,
1782498008.7645411,200,140.25124302133918,qwen15b-npu3,
1782498008.7651823,200,141.19212003424764,qwen15b-npu3,
1782498008.7654784,200,138.27842008322477,qwen15b-npu6,
1782498008.766312,200,105.90660199522972,qwen15b-npu4,
1782498008.7679076,200,121.59259663894773,qwen15b-npu7,
1782498008.7816484,200,130.74038922786713,qwen15b-npu5,
1782498008.7820303,200,131.52175396680832,qwen15b-npu5,
1782498008.7904139,200,119.89863589406013,qwen15b-npu4,
1782498008.7929118,200,133.4284469485283,qwen15b-npu3,
1782498008.7932837,200,138.05234897881746,qwen15b-npu3,
1782498008.793882,200,143.70928704738617,qwen15b-npu6,
1782498008.8069317,200,122.84808605909348,qwen15b-npu5,
1782498008.8073883,200,129.06886683776975,qwen15b-npu5,
1782498008.8203576,200,125.09881099686027,qwen15b-npu3,
1782498008.8250582,200,129.4155498035252,qwen15b-npu7,
1782498008.8255024,200,142.15474482625723,qwen15b-npu7,
1782498008.8258548,200,141.34839083999395,qwen15b-npu6,
1782498008.8261275,200,148.84192030876875,qwen15b-npu6,
1782498008.8306806,200,122.3566927947104,qwen15b-npu5,
1782498008.839567,200,121.1693650111556,qwen15b-npu4,
1782498008.8400862,200,127.68540810793638,qwen15b-npu4,
1782498008.8485088,200,135.71417285129428,qwen15b-npu3,
1782498008.8513775,200,143.9985283650458,qwen15b-npu7,
1782498008.8516834,200,146.2042829953134,qwen15b-npu7,
1782498008.8556113,200,121.84087885543704,qwen15b-npu5,
1782498008.8630536,200,120.67784182727337,qwen15b-npu4,
1782498008.8877082,200,147.35155971720815,qwen15b-npu3,
1782498008.8880794,200,149.8486972413957,qwen15b-npu7,
1782498008.8884444,200,122.02818971127272,qwen15b-npu5,
1782498008.889253,200,156.45002201199532,qwen15b-npu7,
1782498008.8903286,200,157.83784119412303,qwen15b-npu6,
1782498008.8908908,200,151.21218701824546,qwen15b-npu6,
1782498008.891247,200,151.28286695107818,qwen15b-npu3,
1782498008.892193,200,110.0992108695209,qwen15b-npu4,
1782498008.9048347,200,114.35431893914938,qwen15b-npu5,
1782498008.909392,200,143.8218066468835,qwen15b-npu6,
1782498008.9096751,200,144.41348100081086,qwen15b-npu6,
1782498008.9115367,200,118.19103499874473,qwen15b-npu4,
1782498008.9125943,200,130.84095995873213,qwen15b-npu3,
1782498008.9132998,200,148.67625012993813,qwen15b-npu3,
1782498008.9137685,200,145.78643022105098,qwen15b-npu3,
1782498008.9359696,200,110.03981996327639,qwen15b-npu4,
1782498008.9366763,200,116.25235201790929,qwen15b-npu4,
1782498008.9370306,200,129.9991738051176,qwen15b-npu3,
1782498008.9398336,200,146.85528725385666,qwen15b-npu6,
1782498008.940071,200,132.61892227455974,qwen15b-npu6,
1782498008.9410748,200,147.10978930816054,qwen15b-npu6,
1782498008.953194,200,127.00481433421373,qwen15b-npu5,
1782498008.9596415,200,128.88191640377045,qwen15b-npu7,
1782498008.960585,200,120.3693188726902,qwen15b-npu7,
1782498008.9611158,200,135.50172094255686,qwen15b-npu7,
1782498008.9614682,200,121.80015863850713,qwen15b-npu4,
1782498008.966874,200,141.67842315509915,qwen15b-npu6,
1782498008.978692,200,130.0875940360129,qwen15b-npu5,
1782498008.9789746,200,127.5123069062829,qwen15b-npu5,
1782498008.983245,200,127.52796802669764,qwen15b-npu4,
1782498008.984466,200,121.30345590412617,qwen15b-npu7,
1782498008.9917727,200,139.99072089791298,qwen15b-npu3,
1782498009.0026321,200,113.2654813118279,qwen15b-npu5,
1782498009.007288,200,119.10926969721913,qwen15b-npu4,
1782498009.0141585,200,121.86713004484773,qwen15b-npu7,
1782498009.0144587,200,123.1125476770103,qwen15b-npu7,
1782498009.0148478,200,126.26754911616445,qwen15b-npu7,
1782498009.0201619,200,132.3445402085781,qwen15b-npu3,
1782498009.0205703,200,129.5816209167242,qwen15b-npu3,
1782498009.0241303,200,133.65829875692725,qwen15b-npu6,
1782498009.028623,200,117.0035470277071,qwen15b-npu5,
1782498009.0293443,200,115.94049027189612,qwen15b-npu5,
1782498009.0323784,200,127.46258685365319,qwen15b-npu4,
1782498009.0399575,200,127.29906616732478,qwen15b-npu7,
1782498009.0484366,200,134.5513449050486,qwen15b-npu3,
1782498009.048915,200,139.4588965922594,qwen15b-npu3,
1782498009.0528116,200,143.0265624076128,qwen15b-npu6,
1782498009.0530915,200,111.92458169534802,qwen15b-npu5,
1782498009.0563846,200,119.25425194203854,qwen15b-npu4,
1782498009.05712,200,120.33839896321297,qwen15b-npu4,
1782498009.0669134,200,127.01742397621274,qwen15b-npu7,
1782498009.0782874,200,111.34611908346415,qwen15b-npu5,
1782498009.0785913,200,117.02307732775807,qwen15b-npu5,
1782498009.0805879,200,119.35946205630898,qwen15b-npu4,
1782498009.0828495,200,146.77800610661507,qwen15b-npu6,
1782498009.0831604,200,143.01592204719782,qwen15b-npu6,
1782498009.084019,200,130.76476892456412,qwen15b-npu6,
1782498009.1016502,200,117.12097842246294,qwen15b-npu5,
1782498009.105228,200,113.37183229625225,qwen15b-npu4,
1782498009.1212754,200,161.55334608629346,qwen15b-npu3,
1782498009.1215932,200,142.8313497453928,qwen15b-npu3,
1782498009.1218975,200,161.18621407076716,qwen15b-npu3,
1782498009.123135,200,144.0802081488073,qwen15b-npu7,
1782498009.123848,200,140.52929496392608,qwen15b-npu7,
1782498009.127772,200,113.53764310479164,qwen15b-npu5,
1782498009.131456,200,110.79459497705102,qwen15b-npu4,
1782498009.13182,200,116.8923657387495,qwen15b-npu4,
1782498009.1368818,200,134.1889421455562,qwen15b-npu6,
1782498009.1465018,200,139.15251521393657,qwen15b-npu3,
1782498009.1496532,200,135.05503814667463,qwen15b-npu7,
1782498009.1524193,200,128.22761200368404,qwen15b-npu5,
1782498009.1559381,200,127.25476594641805,qwen15b-npu4,
1782498009.1664352,200,126.38462893664837,qwen15b-npu6,
1782498009.1667163,200,146.44225407391787,qwen15b-npu6,
1782498009.1670778,200,137.62567611411214,qwen15b-npu6,
1782498009.175442,200,122.28728225454688,qwen15b-npu5,
1782498009.1757495,200,143.3011731132865,qwen15b-npu7,
1782498009.1760678,200,127.49891728162766,qwen15b-npu7,
1782498009.1807234,200,113.74841397628188,qwen15b-npu4,
1782498009.1810584,200,123.85162292048335,qwen15b-npu4,
1782498009.193416,200,136.93940080702305,qwen15b-npu6,
1782498009.2036705,200,150.79529397189617,qwen15b-npu3,
1782498009.2039082,200,154.88175116479397,qwen15b-npu3,
1782498009.2041576,200,125.39070285856724,qwen15b-npu7,
1782498009.2046366,200,123.93258325755596,qwen15b-npu7,
1782498009.2050228,200,121.75764888525009,qwen15b-npu7,
1782498009.2225688,200,139.63654916733503,qwen15b-npu6,
1782498009.2239218,200,122.20949167385697,qwen15b-npu5,
1782498009.2298808,200,145.77816985547543,qwen15b-npu3,
1782498009.2305622,200,152.19835378229618,qwen15b-npu3,
1782498009.23085,200,125.56353490799665,qwen15b-npu4,
1782498009.251912,200,127.93694995343685,qwen15b-npu5,
1782498009.2522504,200,130.88324014097452,qwen15b-npu5,
1782498009.2525518,200,120.61866093426943,qwen15b-npu5,
1782498009.2535512,200,121.99199991300702,qwen15b-npu5,
1782498009.254153,200,132.1850693784654,qwen15b-npu6,
1782498009.2544672,200,126.60410115495324,qwen15b-npu6,
1782498009.254717,200,117.77457175776362,qwen15b-npu5,
1782498009.2563963,200,134.70086501911283,qwen15b-npu7,
1782498009.256755,200,133.5209677927196,qwen15b-npu4,
1782498009.2800713,200,130.3247157484293,qwen15b-npu6,
1782498009.2808154,200,124.80769911780953,qwen15b-npu7,
1782498009.282111,200,129.61376132443547,qwen15b-npu4,
1782498009.282413,200,115.59781711548567,qwen15b-npu4,
1782498009.2834756,200,136.91317988559604,qwen15b-npu3,
1782498009.2972648,200,116.14106083288789,qwen15b-npu5,
1782498009.3060875,200,129.93270298466086,qwen15b-npu4,
1782498009.3068564,200,113.37851220741868,qwen15b-npu4,
1782498009.3075967,200,126.78698217496276,qwen15b-npu7,
1782498009.3091595,200,133.3490270189941,qwen15b-npu6,
1782498009.309507,200,133.96927993744612,qwen15b-npu6,
1782498009.3125122,200,145.34313790500164,qwen15b-npu3,
1782498009.313208,200,146.69675612822175,qwen15b-npu3,
1782498009.3314426,200,108.78529166802764,qwen15b-npu4,
1782498009.3317769,200,128.04258102551103,qwen15b-npu4,
1782498009.3357322,200,131.76842592656612,qwen15b-npu6,
1782498009.3396614,200,134.91266686469316,qwen15b-npu3,
1782498009.3409073,200,135.78947260975838,qwen15b-npu3,
1782498009.3413758,200,137.04351196065545,qwen15b-npu3,
1782498009.3567026,200,132.70367309451103,qwen15b-npu4,
1782498009.3570557,200,126.14068808034062,qwen15b-npu4,
1782498009.3618002,200,131.8619973026216,qwen15b-npu7,
1782498009.362263,200,131.64027500897646,qwen15b-npu7,
1782498009.3711514,200,116.37531314045191,qwen15b-npu5,
1782498009.3714743,200,119.44955307990313,qwen15b-npu5,
1782498009.3889146,200,132.06810783594847,qwen15b-npu7,
1782498009.389496,200,134.96614713221788,qwen15b-npu7,
1782498009.3913522,200,137.1255018748343,qwen15b-npu6,
1782498009.3920557,200,139.3952569924295,qwen15b-npu6,
1782498009.3946476,200,142.31730671599507,qwen15b-npu3,
1782498009.394954,200,138.4557313285768,qwen15b-npu3,
1782498009.3952663,200,141.64630183950067,qwen15b-npu3,
1782498009.3966014,200,115.69836782291532,qwen15b-npu5,
1782498009.3968334,200,114.66006003320217,qwen15b-npu5,
1782498009.4169056,200,119.58044394850731,qwen15b-npu7,
1782498009.417813,200,137.64929492026567,qwen15b-npu7,
1782498009.4204462,200,137.92661670595407,qwen15b-npu3,
1782498009.4212792,200,115.10783433914185,qwen15b-npu5,
1782498009.4220088,200,138.45611130818725,qwen15b-npu6,
1782498009.4223135,200,114.65667095035315,qwen15b-npu5,
1782498009.433408,200,120.11713720858097,qwen15b-npu4,
1782498009.434059,200,124.80059918016195,qwen15b-npu4,
1782498009.4451435,200,132.55046121776104,qwen15b-npu7,
1782498009.4458177,200,138.88037437573075,qwen15b-npu7,
1782498009.4477518,200,138.1014990620315,qwen15b-npu6,
1782498009.4592724,200,117.7303409203887,qwen15b-npu4,
1782498009.4601657,200,119.1598610021174,qwen15b-npu4,
1782498009.4681213,200,128.37984273210168,qwen15b-npu5,
1782498009.4739974,200,142.13007502257824,qwen15b-npu7,
1782498009.4743648,200,138.5712418705225,qwen15b-npu7,
1782498009.4786258,200,147.1036891452968,qwen15b-npu3,
1782498009.4836283,200,126.51235098019242,qwen15b-npu4,
1782498009.5014586,200,139.60038917139173,qwen15b-npu7,
1782498009.504627,200,142.30497693642974,qwen15b-npu6,
1782498009.5056634,200,134.09067085012794,qwen15b-npu6,
1782498009.5060346,200,149.23262409865856,qwen15b-npu6,
1782498009.5067756,200,135.55249199271202,qwen15b-npu3,
1782498009.5188794,200,123.5187603160739,qwen15b-npu5,
1782498009.519189,200,127.76927882805467,qwen15b-npu5,
1782498009.519543,200,124.80304902419448,qwen15b-npu5,
1782498009.5201783,200,131.18529180064797,qwen15b-npu5,
1782498009.5295362,200,132.63934198766947,qwen15b-npu7,
1782498009.5329745,200,136.3124269992113,qwen15b-npu6,
1782498009.5336895,200,113.11704106628895,qwen15b-npu4,
1782498009.53475,200,113.34973201155663,qwen15b-npu4,
1782498009.536583,200,144.46238055825233,qwen15b-npu3,
1782498009.5370216,200,141.98883483186364,qwen15b-npu3,
1782498009.5374835,200,147.92597386986017,qwen15b-npu3,
1782498009.5447128,200,111.21258791536093,qwen15b-npu5,
1782498009.5587432,200,110.85357517004013,qwen15b-npu4,
1782498009.5593832,200,137.00608117505908,qwen15b-npu7,
1782498009.561956,200,144.03601922094822,qwen15b-npu3,
1782498009.5641801,200,130.0623151473701,qwen15b-npu6,
1782498009.564513,200,142.4412578344345,qwen15b-npu6,
1782498009.5655408,200,148.57197925448418,qwen15b-npu6,
1782498009.5866725,200,118.4394471347332,qwen15b-npu4,
1782498009.597261,200,123.18277778103948,qwen15b-npu5,
1782498009.5979064,200,152.66739623621106,qwen15b-npu7,
1782498009.5982604,200,138.83248390629888,qwen15b-npu5,
1782498009.5985687,200,138.29329004511237,qwen15b-npu7,
1782498009.5999837,200,154.08614603802562,qwen15b-npu6,
1782498009.6109655,200,132.23151862621307,qwen15b-npu4,
1782498009.633433,200,158.9591889642179,qwen15b-npu3,
1782498009.6337373,200,150.04849899560213,qwen15b-npu3,
1782498009.645452,200,125.19119214266539,qwen15b-npu5,
1782498009.6458046,200,126.16043770685792,qwen15b-npu5,
1782498009.6486733,200,129.42725094035268,qwen15b-npu7,
1782498009.649135,200,130.1916860975325,qwen15b-npu7,
1782498009.6580324,200,121.35202577337623,qwen15b-npu4,
1782498009.6591625,200,157.6107800938189,qwen15b-npu6,
1782498009.6601675,200,154.39333813264966,qwen15b-npu6,
1782498009.6605172,200,155.829596798867,qwen15b-npu6,
1782498009.6611373,200,154.2684268206358,qwen15b-npu3,
1782498009.6619146,200,155.7842679321766,qwen15b-npu3,
1782498009.668794,200,131.22202176600695,qwen15b-npu5,
1782498009.6766896,200,143.65571597591043,qwen15b-npu7,
1782498009.6769664,200,139.84045991674066,qwen15b-npu7,
1782498009.6773896,200,142.5085780210793,qwen15b-npu7,
1782498009.682389,200,122.86911578848958,qwen15b-npu4,
1782498009.6827319,200,118.45792690292001,qwen15b-npu4,
1782498009.6875687,200,157.97333233058453,qwen15b-npu3,
1782498009.6887167,200,154.93906196206808,qwen15b-npu6,
1782498009.6894572,200,144.6833531372249,qwen15b-npu6,
1782498009.692835,200,127.19366606324911,qwen15b-npu5,
1782498009.7062063,200,119.42952312529087,qwen15b-npu4,
1782498009.7065663,200,107.88052529096603,qwen15b-npu4,
1782498009.716663,200,154.62215011939406,qwen15b-npu3,
1782498009.716954,200,158.08321302756667,qwen15b-npu3,
1782498009.7182856,200,120.26185914874077,qwen15b-npu5,
1782498009.7186213,200,153.98347470909357,qwen15b-npu6,
1782498009.7189522,200,118.87432914227247,qwen15b-npu5,
1782498009.7293205,200,118.27935464680195,qwen15b-npu4,
1782498009.7441876,200,145.83583129569888,qwen15b-npu3,
1782498009.744976,200,147.6403633132577,qwen15b-npu3,
1782498009.7667956,200,117.54077998921275,qwen15b-npu5,
1782498009.7768312,200,130.95990009605885,qwen15b-npu6,
1782498009.777088,200,143.5623150318861,qwen15b-npu6,
1782498009.7773702,200,143.57482502236962,qwen15b-npu6,
1782498009.7780828,200,119.97689679265022,qwen15b-npu4,
1782498009.7805946,200,135.02478785812855,qwen15b-npu3,
1782498009.7834628,200,123.1913878582418,qwen15b-npu7,
1782498009.783801,200,135.02749800682068,qwen15b-npu7,
1782498009.7840269,200,123.41558979824185,qwen15b-npu7,
1782498009.7842953,200,125.06128987297416,qwen15b-npu7,
1782498009.792113,200,130.91708021238446,qwen15b-npu5,
1782498009.7931223,200,131.1144521459937,qwen15b-npu5,
1782498009.803423,200,125.95969717949629,qwen15b-npu4,
1782498009.803738,200,120.91374304145575,qwen15b-npu4,
1782498009.8046358,200,116.98486609384418,qwen15b-npu4,
1782498009.805512,200,128.43505339697003,qwen15b-npu6,
1782498009.8094654,200,126.98747403919697,qwen15b-npu7,
1782498009.8104792,200,133.72032903134823,qwen15b-npu3,
1782498009.810784,200,141.91101491451263,qwen15b-npu3,
1782498009.8169038,200,128.12786223366857,qwen15b-npu5,
1782498009.826366,200,109.31850504130125,qwen15b-npu4,
1782498009.834035,200,127.71852873265743,qwen15b-npu6,
1782498009.8345149,200,141.58784225583076,qwen15b-npu6,
1782498009.8380005,200,148.44310795888305,qwen15b-npu3,
1782498009.8383596,200,131.73227617517114,qwen15b-npu3,
1782498009.842393,200,123.3675992116332,qwen15b-npu5,
1782498009.862737,200,144.02353903278708,qwen15b-npu6,
1782498009.8639042,200,147.163650020957,qwen15b-npu3,
1782498009.865729,200,136.33255707100034,qwen15b-npu7,
1782498009.866284,200,147.91719475761056,qwen15b-npu7,
1782498009.87446,200,130.03099523484707,qwen15b-npu4,
1782498009.8931446,200,147.94699382036924,qwen15b-npu7,
1782498009.8935728,200,126.69978197664022,qwen15b-npu7,
1782498009.8986564,200,106.47924616932869,qwen15b-npu4,
1782498009.8990078,200,121.5612180531025,qwen15b-npu4,
1782498009.9159012,200,122.66682367771864,qwen15b-npu5,
1782498009.9176831,200,133.286545984447,qwen15b-npu3,
1782498009.917993,200,140.82248602062464,qwen15b-npu3,
1782498009.9188583,200,138.14564934000373,qwen15b-npu3,
1782498009.920113,200,136.54243806377053,qwen15b-npu7,
1782498009.9223495,200,138.25238961726427,qwen15b-npu6,
1782498009.9226046,200,144.40381061285734,qwen15b-npu6,
1782498009.9228563,200,145.9560808725655,qwen15b-npu6,
1782498009.9239824,200,140.11790230870247,qwen15b-npu6,
1782498009.9244158,200,107.43910167366266,qwen15b-npu4,
1782498009.94345,200,137.87291711196303,qwen15b-npu3,
1782498009.9444966,200,133.94582038745284,qwen15b-npu5,
1782498009.944841,200,140.10095177218318,qwen15b-npu5,
1782498009.946213,200,142.39809708669782,qwen15b-npu5,
1782498009.9469054,200,137.35122373327613,qwen15b-npu5,
1782498009.947207,200,120.77701231464744,qwen15b-npu4,
1782498009.9481175,200,113.52196289226413,qwen15b-npu4,
1782498009.948713,200,145.1979959383607,qwen15b-npu7,
1782498009.9494836,200,138.63156223669648,qwen15b-npu7,
1782498009.9664564,200,128.00341984257102,qwen15b-npu5,
1782498009.9701378,200,135.99478360265493,qwen15b-npu3,
1782498009.9743404,200,131.88754674047232,qwen15b-npu7,
1782498009.9750032,200,136.88536081463099,qwen15b-npu6,
1782498009.9941595,200,127.80625885352492,qwen15b-npu5,
1782498009.994517,200,130.55058801546693,qwen15b-npu5,
1782498009.9976647,200,123.09613777324557,qwen15b-npu3,
1782498010.0026338,200,139.80172015726566,qwen15b-npu7,
1782498010.0033953,200,137.60598516091704,qwen15b-npu6,
1782498010.0185282,200,125.27107214555144,qwen15b-npu4,
1782498010.0250201,200,126.26937916502357,qwen15b-npu3,
1782498010.0252962,200,131.61596516147256,qwen15b-npu3,
1782498010.0306296,200,131.5605752170086,qwen15b-npu7,
1782498010.0410242,200,118.0498730391264,qwen15b-npu5,
1782498010.041355,200,123.2528192922473,qwen15b-npu5,
1782498010.0443854,200,125.43786270543933,qwen15b-npu4,
1782498010.044964,200,122.54235427826643,qwen15b-npu4,
1782498010.045769,200,128.00200004130602,qwen15b-npu4,
1782498010.0524483,200,132.25221913307905,qwen15b-npu3,
1782498010.060391,200,135.87600365281105,qwen15b-npu7,
1782498010.0607014,200,136.61362929269671,qwen15b-npu7,
1782498010.0615551,200,138.88926384970546,qwen15b-npu6,
1782498010.0619626,200,145.97903098911047,qwen15b-npu6,
1782498010.0668602,200,120.531490072608,qwen15b-npu5,
1782498010.0675583,200,120.5697413533926,qwen15b-npu5,
1782498010.0678623,200,120.56334130465984,qwen15b-npu4,
1782498010.0807617,200,131.96637807413936,qwen15b-npu3,
1782498010.087484,200,137.92949728667736,qwen15b-npu7,
1782498010.0883229,200,143.72323639690876,qwen15b-npu7,
1782498010.0909476,200,120.74844166636467,qwen15b-npu4,
1782498010.0923452,200,148.8130008801818,qwen15b-npu6,
1782498010.0926023,200,147.64690166339278,qwen15b-npu6,
1782498010.0930927,200,144.89450491964817,qwen15b-npu6,
1782498010.1084235,200,141.87620393931866,qwen15b-npu3,
1782498010.1087065,200,134.3090427108109,qwen15b-npu3,
1782498010.1151657,200,117.39903874695301,qwen15b-npu5,
1782498010.1157794,200,113.08300029486418,qwen15b-npu4,
1782498010.1180573,200,142.97055127099156,qwen15b-npu6,
1782498010.1408403,200,122.21323186531663,qwen15b-npu5,
1782498010.1416814,200,116.59846408292651,qwen15b-npu4,
1782498010.142617,200,111.92666180431843,qwen15b-npu5,
1782498010.1429114,200,148.31429673358798,qwen15b-npu7,
1782498010.1433651,200,139.90964088588953,qwen15b-npu7,
1782498010.1474853,200,153.2201603986323,qwen15b-npu6,
1782498010.1622856,200,136.92984078079462,qwen15b-npu3,
1782498010.1651196,200,119.26789209246635,qwen15b-npu5,
1782498010.1654792,200,120.40776899084449,qwen15b-npu4,
1782498010.1687384,200,127.63287778943777,qwen15b-npu7,
1782498010.1774209,200,136.00070402026176,qwen15b-npu6,
1782498010.1897824,200,122.80838610604405,qwen15b-npu4,
1782498010.1906137,200,128.58746387064457,qwen15b-npu5,
1782498010.192105,200,131.33462285622954,qwen15b-npu4,
1782498010.1923983,200,147.85781409591436,qwen15b-npu3,
1782498010.1929555,200,112.09813365712762,qwen15b-npu5,
1782498010.1933184,200,125.3879233263433,qwen15b-npu3,
1782498010.1971326,200,136.6632590070367,qwen15b-npu7,
1782498010.2086704,200,141.0215189680457,qwen15b-npu6,
1782498010.2089744,200,147.35398115590215,qwen15b-npu6,
1782498010.209756,200,157.2264269925654,qwen15b-npu6,
1782498010.2140856,200,121.37528602033854,qwen15b-npu4,
1782498010.2145286,200,123.49120993167162,qwen15b-npu4,
1782498010.2173388,200,128.89241706579924,qwen15b-npu3,
1782498010.2176654,200,124.48007706552744,qwen15b-npu3,
1782498010.2241983,200,131.78557623177767,qwen15b-npu7,
1782498010.237343,200,149.79765703901649,qwen15b-npu6,
1782498010.237679,200,128.90703696757555,qwen15b-npu6,
1782498010.2381415,200,122.30134289711714,qwen15b-npu4,
1782498010.2393486,200,130.85791002959013,qwen15b-npu5,
1782498010.243114,200,124.99671010300517,qwen15b-npu3,
1782498010.2514453,200,136.19855605065823,qwen15b-npu7,
1782498010.2646585,200,123.73527185991406,qwen15b-npu5,
1782498010.2706788,200,127.24763480946422,qwen15b-npu3,
1782498010.2710645,200,129.30856877937913,qwen15b-npu3,
1782498010.279652,200,136.96000073105097,qwen15b-npu7,
1782498010.2799904,200,136.98585098609328,qwen15b-npu7,
1782498010.2859545,200,120.38441933691502,qwen15b-npu4,
1782498010.2862554,200,121.04627396911383,qwen15b-npu4,
1782498010.2945106,200,132.1429288946092,qwen15b-npu6,
1782498010.2948823,200,147.33651001006365,qwen15b-npu6,
1782498010.2965107,200,119.02634985744953,qwen15b-npu3,
1782498010.2968981,200,128.081020899117,qwen15b-npu3,
1782498010.3087857,200,115.71988835930824,qwen15b-npu4,
1782498010.315589,200,125.70649478584528,qwen15b-npu5,
1782498010.323416,200,131.2428219243884,qwen15b-npu6,
1782498010.3250456,200,127.79513886198401,qwen15b-npu6,
1782498010.32568,200,135.00397698953748,qwen15b-npu6,
1782498010.3260672,200,133.53144796565175,qwen15b-npu3,
1782498010.3335283,200,116.08973983675241,qwen15b-npu4,
1782498010.3338816,200,119.26477076485753,qwen15b-npu4,
1782498010.3347697,200,125.70837512612343,qwen15b-npu7,
1782498010.3349953,200,125.15436206012964,qwen15b-npu7,
1782498010.3358965,200,142.51107815653086,qwen15b-npu7,
1782498010.3417897,200,127.58267764002085,qwen15b-npu5,
1782498010.34222,200,117.96180298551917,qwen15b-npu5,
1782498010.3514578,200,142.70049007609487,qwen15b-npu6,
1782498010.3611798,200,143.42731423676014,qwen15b-npu7,
1782498010.361554,200,122.12797114625573,qwen15b-npu7,
1782498010.3669684,200,129.1900291107595,qwen15b-npu5,
1782498010.3673255,200,129.8856632784009,qwen15b-npu5,
1782498010.368257,200,125.06198091432452,qwen15b-npu5,
1782498010.379122,200,127.61442828923464,qwen15b-npu3,
1782498010.3794253,200,141.16888912394643,qwen15b-npu3,
1782498010.3801932,200,109.01126312091947,qwen15b-npu4,
1782498010.3918622,200,121.08108401298523,qwen15b-npu5,
1782498010.3923872,200,112.299885135144,qwen15b-npu5,
1782498010.4046955,200,110.05988018587232,qwen15b-npu4,
1782498010.405063,200,125.3317128866911,qwen15b-npu4,
1782498010.406941,200,142.20182597637177,qwen15b-npu6,
1782498010.4147863,200,118.17161412909627,qwen15b-npu7,
1782498010.4151313,200,120.15711795538664,qwen15b-npu7,
1782498010.4337506,200,136.7559703066945,qwen15b-npu3,
1782498010.435779,200,149.46325402706861,qwen15b-npu6,
1782498010.4361272,200,150.10014921426773,qwen15b-npu6,
1782498010.4402788,200,131.42600376158953,qwen15b-npu5,
1782498010.4425743,200,126.89660303294659,qwen15b-npu7,
1782498010.4506912,200,124.87974995747209,qwen15b-npu4,
1782498010.463046,200,129.09321812912822,qwen15b-npu3,
1782498010.4636843,200,121.36937584728003,qwen15b-npu3,
1782498010.4653268,200,140.1853021234274,qwen15b-npu3,
1782498010.4657624,200,123.85591305792332,qwen15b-npu6,
1782498010.4661367,200,130.17289619892836,qwen15b-npu3,
1782498010.4674475,200,132.6166307553649,qwen15b-npu5,
1782498010.4679246,200,141.7760537005961,qwen15b-npu6,
1782498010.4686496,200,134.99405700713396,qwen15b-npu6,
1782498010.4736953,200,150.22024000063539,qwen15b-npu7,
1782498010.4739525,200,122.41085292771459,qwen15b-npu7,
1782498010.474183,200,139.11523576825857,qwen15b-npu7,
1782498010.475634,200,114.0090860426426,qwen15b-npu4,
1782498010.4899414,200,122.87419615313411,qwen15b-npu5,
1782498010.4902163,200,122.79726471751928,qwen15b-npu5,
1782498010.4908614,200,122.52221396192908,qwen15b-npu6,
1782498010.4977725,200,136.47878682240844,qwen15b-npu7,
1782498010.5137262,200,108.9291232638061,qwen15b-npu5,
1782498010.516615,200,136.33763696998358,qwen15b-npu3,
1782498010.5173934,200,138.18523893132806,qwen15b-npu3,
1782498010.51773,200,138.2361389696598,qwen15b-npu3,
1782498010.5231185,200,116.09180085361004,qwen15b-npu4,
1782498010.5234084,200,118.27121581882238,qwen15b-npu4,
1782498010.525065,200,133.12082504853606,qwen15b-npu7,
1782498010.5254123,200,132.96396424993873,qwen15b-npu7,
1782498010.5385542,200,123.31277877092361,qwen15b-npu5,
1782498010.5433984,200,128.53158405050635,qwen15b-npu3,
1782498010.547606,200,111.41189886257052,qwen15b-npu4,
1782498010.5484953,200,105.84127111360431,qwen15b-npu4,
1782498010.5487733,200,112.88480879738927,qwen15b-npu4,
1782498010.5658941,200,115.1356240734458,qwen15b-npu5,
1782498010.5663228,200,132.51233100891113,qwen15b-npu5,
1782498010.5722864,200,131.9097471423447,qwen15b-npu6,
1782498010.5889554,200,123.11722664162517,qwen15b-npu5,
1782498010.5945756,200,131.42747338861227,qwen15b-npu4,
1782498010.5949001,200,129.4393101707101,qwen15b-npu4,
1782498010.599331,200,123.63046081736684,qwen15b-npu3,
1782498010.6000714,200,136.2892957404256,qwen15b-npu3,
1782498010.601936,200,127.91887996718287,qwen15b-npu6,
1782498010.6024883,200,134.95008694007993,qwen15b-npu6,
1782498010.6028597,200,136.619308963418,qwen15b-npu6,
1782498010.604745,200,135.98131434991956,qwen15b-npu7,
1782498010.6050837,200,137.03906210139394,qwen15b-npu6,
1782498010.6054957,200,131.7277462221682,qwen15b-npu7,
1782498010.6059096,200,131.6561046987772,qwen15b-npu7,
1782498010.6137075,200,123.42295981943607,qwen15b-npu5,
1782498010.6175416,200,119.6884149685502,qwen15b-npu4,
1782498010.6268709,200,136.84952026233077,qwen15b-npu3,
1782498010.6285677,200,137.6398359425366,qwen15b-npu7,
1782498010.638877,200,115.40143564343452,qwen15b-npu5,
1782498010.6397784,200,125.96247717738152,qwen15b-npu5,
1782498010.6402102,200,117.00502689927816,qwen15b-npu5,
1782498010.641612,200,116.08804995194077,qwen15b-npu4,
1782498010.652904,200,127.7516488917172,qwen15b-npu6,
1782498010.655741,200,137.950137257576,qwen15b-npu3,
1782498010.6563623,200,139.68446012586355,qwen15b-npu3,
1782498010.6565952,200,139.11729492247105,qwen15b-npu7,
1782498010.6665304,200,117.95856337994337,qwen15b-npu4,
1782498010.6668677,200,128.25557170435786,qwen15b-npu4,
1782498010.6836135,200,134.7498558461666,qwen15b-npu7,
1782498010.683984,200,136.31552597507834,qwen15b-npu6,
1782498010.6843626,200,140.88208740577102,qwen15b-npu6,
1782498010.6907537,200,124.72008913755417,qwen15b-npu4,
1782498010.7092197,200,142.82510010525584,qwen15b-npu3,
1782498010.7095234,200,137.15646229684353,qwen15b-npu7,
1782498010.7134516,200,124.38800605013967,qwen15b-npu5,
1782498010.7144973,200,119.84454467892647,qwen15b-npu4,
1782498010.7356448,200,135.48796065151691,qwen15b-npu6,
1782498010.7363322,200,130.31408609822392,qwen15b-npu6,
1782498010.7370212,200,131.835016887635,qwen15b-npu6,
1782498010.7374115,200,134.4603542238474,qwen15b-npu3,
1782498010.7381983,200,136.1845158971846,qwen15b-npu6,
1782498010.7394269,200,144.46198102086782,qwen15b-npu3,
1782498010.7401438,200,137.5543149188161,qwen15b-npu5,
1782498010.7404995,200,141.08869805932045,qwen15b-npu7,
1782498010.7408006,200,135.2159189991653,qwen15b-npu7,
1782498010.7411952,200,123.58506070449948,qwen15b-npu5,
1782498010.7420158,200,128.22612188756466,qwen15b-npu4,
1782498010.7435977,200,138.77509301528335,qwen15b-npu5,
1782498010.7640631,200,122.36408330500126,qwen15b-npu5,
1782498010.7643437,200,124.04064368456602,qwen15b-npu4,
1782498010.765811,200,109.14977267384529,qwen15b-npu4,
1782498010.7662292,200,127.28905584663153,qwen15b-npu3,
1782498010.7669477,200,139.9996606633067,qwen15b-npu3,
1782498010.7673676,200,127.49425694346428,qwen15b-npu7,
1782498010.7682347,200,139.6063193678856,qwen15b-npu7,
1782498010.786777,200,120.14932697638869,qwen15b-npu4,
1782498010.7895808,200,133.75838892534375,qwen15b-npu5,
1782498010.7899864,200,136.98534108698368,qwen15b-npu3,
1782498010.7908273,200,134.40106390044093,qwen15b-npu6,
1782498010.794756,200,127.81622912734747,qwen15b-npu7,
1782498010.8163607,200,132.26468907669187,qwen15b-npu3,
1782498010.8207824,200,136.35278725996614,qwen15b-npu6,
1782498010.8212316,200,137.50728499144316,qwen15b-npu6,
1782498010.8229938,200,132.14071886613965,qwen15b-npu7,
1782498010.8405392,200,131.2423530034721,qwen15b-npu5,
1782498010.840884,200,126.31292873993516,qwen15b-npu5,
1782498010.848152,200,138.53655103594065,qwen15b-npu6,
1782498010.8503115,200,136.73700904473662,qwen15b-npu7,
1782498010.8577693,200,115.6636280938983,qwen15b-npu4,
1782498010.8647268,200,129.00614691898227,qwen15b-npu5,
1782498010.8651483,200,126.84512324631214,qwen15b-npu5,
1782498010.8708067,200,130.22510521113873,qwen15b-npu3,
1782498010.8711746,200,133.65152897313237,qwen15b-npu3,
1782498010.8719103,200,134.76925576105714,qwen15b-npu3,
1782498010.8723018,200,135.85893297567964,qwen15b-npu3,
1782498010.885875,200,117.56574083119631,qwen15b-npu4,
1782498010.8861618,200,146.65666595101357,qwen15b-npu7,
1782498010.8865063,200,120.17162796109915,qwen15b-npu4,
1782498010.8868003,200,143.11333186924458,qwen15b-npu7,
1782498010.8879287,200,147.02621800825,qwen15b-npu6,
1782498010.8882666,200,146.959587931633,qwen15b-npu6,
1782498010.8895447,200,149.28290294483304,qwen15b-npu6,
1782498010.8902829,200,123.22686798870564,qwen15b-npu5,
1782498010.8907373,200,126.59341096878052,qwen15b-npu5,
1782498010.895728,200,128.2553719356656,qwen15b-npu3,
1782498010.9056644,200,139.74409038200974,qwen15b-npu7,
1782498010.9059546,200,141.54775207862258,qwen15b-npu7,
1782498010.906788,200,111.92200193181634,qwen15b-npu4,
1782498010.9079065,200,121.06418376788497,qwen15b-npu4,
1782498010.922011,200,131.09966227784753,qwen15b-npu3,
1782498010.9312649,200,108.18597814068198,qwen15b-npu4,
1782498010.9316697,200,115.24175433441997,qwen15b-npu4,
1782498010.932883,200,143.19267310202122,qwen15b-npu7,
1782498010.9332597,200,143.17788183689117,qwen15b-npu6,
1782498010.9385085,200,117.20632808282971,qwen15b-npu5,
1782498010.9580786,200,117.06271721050143,qwen15b-npu7,
1782498010.9594758,200,138.5738207027316,qwen15b-npu6,
1782498010.9635797,200,115.34908600151539,qwen15b-npu5,
1782498010.9736521,200,133.03668471053243,qwen15b-npu3,
1782498010.9795823,200,129.1722389869392,qwen15b-npu4,
1782498010.9846241,200,126.76329305395484,qwen15b-npu7,
1782498010.9870212,200,122.18403210863471,qwen15b-npu6,
1782498010.9999096,200,128.66783514618874,qwen15b-npu3,
1782498011.0048158,200,133.90091992914677,qwen15b-npu4,
1782498011.0053892,200,114.55619987100363,qwen15b-npu4,
1782498011.0120428,200,139.6431289613247,qwen15b-npu7,
1782498011.012319,200,122.65954492613673,qwen15b-npu7,
1782498011.014595,200,126.26134930178523,qwen15b-npu5,
1782498011.0149624,200,128.36988316848874,qwen15b-npu5,
1782498011.0157049,200,125.3297021612525,qwen15b-npu5,
1782498011.0176969,200,130.82651980221272,qwen15b-npu6,
1782498011.01802,200,146.00638207048178,qwen15b-npu6,
1782498011.0185509,200,132.59923178702593,qwen15b-npu6,
1782498011.0195103,200,154.24194699153304,qwen15b-npu6,
1782498011.0296252,200,133.81372019648552,qwen15b-npu3,
1782498011.0300653,200,143.79774685949087,qwen15b-npu3,
1782498011.0304155,200,142.39756716415286,qwen15b-npu3,
1782498011.0306787,200,122.67931504175067,qwen15b-npu3,
1782498011.0318923,200,125.01215981319547,qwen15b-npu4,
1782498011.0324697,200,126.72894168645144,qwen15b-npu4,
1782498011.0385695,200,116.49500299245119,qwen15b-npu5,
1782498011.0389154,200,132.8448443673551,qwen15b-npu5,
1782498011.0541215,200,121.15756515413523,qwen15b-npu4,
1782498011.064957,200,133.62131919711828,qwen15b-npu7,
1782498011.0652778,200,133.5184881463647,qwen15b-npu7,
1782498011.0697393,200,131.1486721970141,qwen15b-npu6,
1782498011.070099,200,136.7482990026474,qwen15b-npu6,
1782498011.0781174,200,119.9231962673366,qwen15b-npu3,
1782498011.0870898,200,123.42848861590028,qwen15b-npu5,
1782498011.0919409,200,132.36043974757195,qwen15b-npu7,
1782498011.10362,200,129.907944239676,qwen15b-npu4,
1782498011.112818,200,125.69134496152401,qwen15b-npu5,
1782498011.113063,200,107.60365286841989,qwen15b-npu5,
1782498011.1192129,200,134.50192427262664,qwen15b-npu7,
1782498011.1236002,200,143.91634799540043,qwen15b-npu6,
1782498011.123951,200,119.05056005343795,qwen15b-npu6,
1782498011.1300554,200,117.66033107414842,qwen15b-npu3,
1782498011.1314046,200,115.60718715190887,qwen15b-npu4,
1782498011.132099,200,113.97785600274801,qwen15b-npu4,
1782498011.1324933,200,132.46985105797648,qwen15b-npu4,
1782498011.1327863,200,117.7346520125866,qwen15b-npu3,
1782498011.1369283,200,118.28855518251657,qwen15b-npu5,
1782498011.1474907,200,132.78672192245722,qwen15b-npu7,
1782498011.1478817,200,128.27953230589628,qwen15b-npu7,
1782498011.1504352,200,118.45947615802288,qwen15b-npu6,
1782498011.1508145,200,120.33212883397937,qwen15b-npu6,
1782498011.1520076,200,139.89976095035672,qwen15b-npu6,
1782498011.1545749,200,124.40650630742311,qwen15b-npu4,
1782498011.1594594,200,126.92256271839142,qwen15b-npu3,
1782498011.1598084,200,142.0161249116063,qwen15b-npu3,
1782498011.1601217,200,129.34880889952183,qwen15b-npu3,
1782498011.1603737,200,121.70428782701492,qwen15b-npu3,
1782498011.161709,200,122.73158505558968,qwen15b-npu5,
1782498011.174214,200,144.4706409238279,qwen15b-npu7,
1782498011.1788135,200,124.61152812466025,qwen15b-npu4,
1782498011.1883879,200,118.55930695310235,qwen15b-npu5,
1782498011.1886332,200,123.28458903357387,qwen15b-npu5,
1782498011.2003932,200,135.35452028736472,qwen15b-npu7,
1782498011.200911,200,122.69455520436168,qwen15b-npu7,
1782498011.2043505,200,117.16925771906972,qwen15b-npu4,
1782498011.2046697,200,112.64096712693572,qwen15b-npu4,
1782498011.2102838,200,140.0966621004045,qwen15b-npu3,
1782498011.211787,200,108.10238681733608,qwen15b-npu5,
1782498011.2372725,200,113.5746231302619,qwen15b-npu5,
1782498011.2376244,200,124.73839800804853,qwen15b-npu5,
1782498011.251757,200,120.25327794253826,qwen15b-npu7,
1782498011.2526016,200,139.45640716701746,qwen15b-npu7,
1782498011.2536862,200,129.6393913216889,qwen15b-npu4,
1782498011.2539692,200,121.76045821979642,qwen15b-npu4,
1782498011.2594633,200,122.46805289760232,qwen15b-npu6,
1782498011.2597456,200,140.4548343271017,qwen15b-npu6,
1782498011.2600844,200,127.5202869437635,qwen15b-npu6,
1782498011.2640917,200,131.2063718214631,qwen15b-npu3,
1782498011.26442,200,134.2961830087006,qwen15b-npu3,
1782498011.2777169,200,130.13038504868746,qwen15b-npu4,
1782498011.2808757,200,119.10399980843067,qwen15b-npu7,
1782498011.2820618,200,122.49696301296353,qwen15b-npu7,
1782498011.2824092,200,131.47807400673628,qwen15b-npu7,
1782498011.2827883,200,134.8278159275651,qwen15b-npu7,
1782498011.286923,200,126.46763026714325,qwen15b-npu5,
1782498011.2872825,200,112.9839988425374,qwen15b-npu5,
1782498011.287599,200,127.40387627854943,qwen15b-npu6,
1782498011.2879226,200,133.25937604531646,qwen15b-npu6,
1782498011.2904475,200,138.35273077711463,qwen15b-npu3,
1782498011.2907279,200,130.82137005403638,qwen15b-npu3,
1782498011.2911303,200,140.5845251865685,qwen15b-npu3,
1782498011.3021731,200,123.30079870298505,qwen15b-npu4,
1782498011.3123238,200,123.59714135527611,qwen15b-npu6,
1782498011.3156953,200,127.24554492160678,qwen15b-npu3,
1782498011.3272023,200,122.46574414893985,qwen15b-npu4,
1782498011.336005,200,131.573264952749,qwen15b-npu5,
1782498011.33629,200,125.94663724303246,qwen15b-npu5,
1782498011.340711,200,140.24062268435955,qwen15b-npu6,
1782498011.3409927,200,139.9618606083095,qwen15b-npu6,
1782498011.3416822,200,129.799862857908,qwen15b-npu3,
1782498011.3603354,200,122.60013399645686,qwen15b-npu5,
1782498011.3680584,200,130.68611780181527,qwen15b-npu3,
1782498011.3779972,200,113.51282289251685,qwen15b-npu4,
1782498011.3783166,200,126.49842025712132,qwen15b-npu4,
1782498011.3787172,200,118.90067905187607,qwen15b-npu4,
1782498011.384171,200,130.0984346307814,qwen15b-npu5,
1782498011.3848815,200,131.1191120184958,qwen15b-npu7,
1782498011.3857093,200,125.52196392789483,qwen15b-npu7,
1782498011.3939862,200,134.4392141327262,qwen15b-npu3,
1782498011.3963861,200,132.21120880916715,qwen15b-npu6,
1782498011.3966749,200,143.97677825763822,qwen15b-npu6,
1782498011.4022179,200,119.682174641639,qwen15b-npu4,
1782498011.4026272,200,115.60257663950324,qwen15b-npu4,
1782498011.4112735,200,129.11448813974857,qwen15b-npu5,
1782498011.4116187,200,133.80449917167425,qwen15b-npu5,
1782498011.4120471,200,121.23936507850885,qwen15b-npu5,
1782498011.4136548,200,132.67830200493336,qwen15b-npu7,
1782498011.4139714,200,126.59936072304845,qwen15b-npu7,
1782498011.4142947,200,131.4353928901255,qwen15b-npu7,
1782498011.4155385,200,125.00864127650857,qwen15b-npu7,
1782498011.42239,200,120.1553181745112,qwen15b-npu3,
1782498011.4226637,200,131.4413039945066,qwen15b-npu3,
1782498011.4229486,200,135.25352906435728,qwen15b-npu3,
1782498011.4270427,200,139.02143482118845,qwen15b-npu6,
1782498011.4500558,200,108.95498283207417,qwen15b-npu4,
1782498011.4542,200,141.78667403757572,qwen15b-npu6,
1782498011.4545245,200,138.74909281730652,qwen15b-npu6,
1782498011.4596984,200,132.41239124909043,qwen15b-npu5,
1782498011.460373,200,124.02158416807652,qwen15b-npu5,
1782498011.4652402,200,129.16635908186436,qwen15b-npu7,
1782498011.473291,200,131.53827376663685,qwen15b-npu3,
1782498011.4815013,200,140.71466587483883,qwen15b-npu6,
1782498011.4818494,200,121.4210158213973,qwen15b-npu6,
1782498011.4932008,200,125.02877088263631,qwen15b-npu7,
1782498011.5002544,200,122.16275092214346,qwen15b-npu4,
1782498011.5008848,200,116.61957390606403,qwen15b-npu4,
1782498011.5011985,200,115.40241586044431,qwen15b-npu3,
1782498011.5065026,200,121.53920717537403,qwen15b-npu5,
1782498011.506795,200,112.72887792438269,qwen15b-npu5,
1782498011.5093546,200,130.9478604234755,qwen15b-npu6,
1782498011.5096655,200,130.85745880380273,qwen15b-npu6,
1782498011.5265818,200,112.52415599301457,qwen15b-npu4,
1782498011.5268862,200,130.42840734124184,qwen15b-npu4,
1782498011.5271888,200,113.4526920504868,qwen15b-npu4,
1782498011.527866,200,125.1407521776855,qwen15b-npu4,
1782498011.5286365,200,126.31400907412171,qwen15b-npu3,
1782498011.5290458,200,132.30566028505564,qwen15b-npu3,
1782498011.5351624,200,123.42060031369328,qwen15b-npu6,
1782498011.5512767,200,139.12259507924318,qwen15b-npu7,
1782498011.5516155,200,137.20442168414593,qwen15b-npu7,
1782498011.5520978,200,140.72625571861863,qwen15b-npu7,
1782498011.5566912,200,141.07161900028586,qwen15b-npu3,
1782498011.5569692,200,133.9191901497543,qwen15b-npu3,
1782498011.5573835,200,130.23899495601654,qwen15b-npu3,
1782498011.5629823,200,140.25644259527326,qwen15b-npu6,
1782498011.563416,200,140.94642829149961,qwen15b-npu6,
1782498011.5738606,200,123.72664222493768,qwen15b-npu4,
1782498011.5795994,200,124.98309137299657,qwen15b-npu5,
1782498011.5809393,200,126.64346164092422,qwen15b-npu5,
1782498011.581255,200,120.8162922412157,qwen15b-npu5,
1782498011.5919256,200,132.14467791840434,qwen15b-npu6,
1782498011.5989678,200,117.02616699039936,qwen15b-npu4,
1782498011.6073623,200,114.04925584793091,qwen15b-npu5,
1782498011.6080801,200,134.6922949887812,qwen15b-npu7,
1782498011.6084843,200,143.17514281719923,qwen15b-npu7,
1782498011.6088455,200,127.25693499669433,qwen15b-npu5,
1782498011.6232653,200,116.67366372421384,qwen15b-npu4,
1782498011.6331336,200,123.37413989007473,qwen15b-npu3,
1782498011.6334496,200,126.5811906196177,qwen15b-npu3,
1782498011.6385283,200,138.17822886630893,qwen15b-npu7,
1782498011.638848,200,129.4033396989107,qwen15b-npu7,
1782498011.6498172,200,122.55138391628861,qwen15b-npu4,
1782498011.6501565,200,121.40969606116414,qwen15b-npu4,
1782498011.6539276,200,152.94759813696146,qwen15b-npu6,
1782498011.65457,200,153.30125065520406,qwen15b-npu6,
1782498011.655707,200,127.76747904717922,qwen15b-npu5,
1782498011.6560168,200,129.0407469496131,qwen15b-npu5,
1782498011.6564486,200,121.19755474850535,qwen15b-npu5,
1782498011.6590362,200,129.8985038883984,qwen15b-npu3,
1782498011.664574,200,137.90721725672483,qwen15b-npu7,
1782498011.6736407,200,116.60535400733352,qwen15b-npu4,
1782498011.6789026,200,115.81641808152199,qwen15b-npu5,
1782498011.6797252,200,127.51483684405684,qwen15b-npu6,
1782498011.6866417,200,135.2667990140617,qwen15b-npu3,
1782498011.6869614,200,135.24426892399788,qwen15b-npu3,
1782498011.687776,200,130.29437558725476,qwen15b-npu3,
1782498011.6930234,200,136.25112641602755,qwen15b-npu7,
1782498011.703192,200,111.1573581583798,qwen15b-npu5,
1782498011.711946,200,130.63044799491763,qwen15b-npu3,
1782498011.7225373,200,159.05735967680812,qwen15b-npu6,
1782498011.723428,200,115.94509007409215,qwen15b-npu4,
1782498011.7275922,200,128.52347362786531,qwen15b-npu5,
1782498011.7379646,200,158.26636366546154,qwen15b-npu7,
1782498011.7387733,200,164.80626817792654,qwen15b-npu7,
1782498011.751887,200,170.84638914093375,qwen15b-npu6,
1782498011.7562582,200,132.92253343388438,qwen15b-npu4,
1782498011.7566407,200,118.04005410522223,qwen15b-npu4,
1782498011.7693174,200,161.1522831954062,qwen15b-npu7,
1782498011.769771,200,160.86013102903962,qwen15b-npu7,
1782498011.7704864,200,120.5870509147644,qwen15b-npu3,
1782498011.770729,200,162.1343200094998,qwen15b-npu7,
1782498011.7738543,200,109.20110484585166,qwen15b-npu4,
1782498011.7815251,200,126.87330320477486,qwen15b-npu5,
1782498011.7822204,200,123.09025833383203,qwen15b-npu5,
1782498011.7825482,200,149.33510404080153,qwen15b-npu6,
1782498011.782824,200,132.55832064896822,qwen15b-npu5,
1782498011.7836802,200,144.73282312974334,qwen15b-npu6,
1782498011.7970476,200,143.042822368443,qwen15b-npu3,
1782498011.7974687,200,163.94363204017282,qwen15b-npu7,
1782498011.798206,200,124.48804685845971,qwen15b-npu3,
1782498011.7985055,200,118.71775798499584,qwen15b-npu4,
1782498011.8047576,200,111.64257023483515,qwen15b-npu5,
1782498011.8109026,200,155.10585298761725,qwen15b-npu6,
1782498011.82381,200,137.0773520320654,qwen15b-npu3,
1782498011.8241272,200,136.280276812613,qwen15b-npu3,
1782498011.8329415,200,176.85339879244566,qwen15b-npu7,
1782498011.8333228,200,176.78045807406306,qwen15b-npu7,
1782498011.8452504,200,133.21762578561902,qwen15b-npu6,
1782498011.8455951,200,166.60436987876892,qwen15b-npu6,
1782498011.8468351,200,159.76708428934216,qwen15b-npu6,
1782498011.847984,200,124.43665694445372,qwen15b-npu4,
1782498011.8488457,200,126.22633902356029,qwen15b-npu4,
1782498011.8608353,200,157.55019895732403,qwen15b-npu7,
1782498011.8725233,200,133.64065764471889,qwen15b-npu4,
1782498011.8839102,200,156.22447105124593,qwen15b-npu6,
1782498011.8853474,200,128.62117495387793,qwen15b-npu3,
1782498011.8856974,200,147.6604430936277,qwen15b-npu5,
1782498011.8870285,200,134.86630702391267,qwen15b-npu3,
1782498011.889694,200,133.35013622418046,qwen15b-npu7,
1782498011.8981347,200,115.81519804894924,qwen15b-npu4,
1782498011.8984442,200,116.7850149795413,qwen15b-npu4,
1782498011.8990114,200,128.21946199983358,qwen15b-npu4,
1782498011.9030952,200,132.53217097371817,qwen15b-npu3,
1782498011.9089477,200,126.32705923169851,qwen15b-npu5,
1782498011.909247,200,139.38074698671699,qwen15b-npu5,
1782498011.919347,200,149.8879580758512,qwen15b-npu7,
1782498011.920741,200,146.79477689787745,qwen15b-npu7,
1782498011.9211593,200,116.30771216005087,qwen15b-npu4,
1782498011.9348292,200,123.85822273790836,qwen15b-npu5,
1782498011.9353793,200,136.7762996815145,qwen15b-npu5,
1782498011.9380248,200,154.24108691513538,qwen15b-npu6,
1782498011.9383104,200,155.38396406918764,qwen15b-npu6,
1782498011.9387722,200,140.48707438632846,qwen15b-npu6,
1782498011.939078,200,141.90182369202375,qwen15b-npu6,
1782498011.9445133,200,111.08602723106742,qwen15b-npu4,
1782498011.9480748,200,150.50658211112022,qwen15b-npu7,
1782498011.956115,200,131.86233630403876,qwen15b-npu3,
1782498011.9594336,200,112.48693568632007,qwen15b-npu5,
1782498011.9642737,200,140.37754386663437,qwen15b-npu6,
1782498011.9775755,200,129.51890006661415,qwen15b-npu7,
1782498011.9779668,200,144.92743415758014,qwen15b-npu7,
1782498011.985231,200,124.32575598359108,qwen15b-npu3,
1782498011.9855468,200,136.59415813162923,qwen15b-npu3,
1782498011.9858634,200,140.5118447728455,qwen15b-npu3,
1782498011.9937127,200,148.0142050422728,qwen15b-npu6,
1782498012.0050867,200,132.44757009670138,qwen15b-npu7,
1782498012.0097265,200,122.59059399366379,qwen15b-npu3,
1782498012.0100477,200,124.20950504019856,qwen15b-npu3,
1782498012.012303,200,122.53516400232911,qwen15b-npu5,
1782498012.0125422,200,127.09787394851446,qwen15b-npu5,
1782498012.012793,200,128.78274591639638,qwen15b-npu5,
1782498012.013111,200,114.89169206470251,qwen15b-npu5,
1782498012.0187953,200,120.23239769041538,qwen15b-npu4,
1782498012.0191503,200,109.84069900587201,qwen15b-npu4,
1782498012.019903,200,116.72741500660777,qwen15b-npu4,
1782498012.033782,200,134.6706347540021,qwen15b-npu7,
1782498012.036548,200,117.1000269241631,qwen15b-npu3,
1782498012.0369325,200,127.91005987673998,qwen15b-npu3,
1782498012.0414321,200,106.52850707992911,qwen15b-npu4,
1782498012.051311,200,130.44277718290687,qwen15b-npu6,
1782498012.0601442,200,111.98925180360675,qwen15b-npu5,
1782498012.0609004,200,121.71146925538778,qwen15b-npu5,
1782498012.064245,200,125.8097761310637,qwen15b-npu7,
1782498012.0645576,200,143.29222263768315,qwen15b-npu7,
1782498012.0650156,200,129.53499099239707,qwen15b-npu7,
1782498012.065954,200,106.45006597042084,qwen15b-npu4,
1782498012.0808678,200,142.00606476515532,qwen15b-npu6,
1782498012.0812092,200,143.11150182038546,qwen15b-npu6,
1782498012.0884376,200,132.2281090542674,qwen15b-npu3,
1782498012.0904841,200,145.89654002338648,qwen15b-npu7,
1782498012.1095037,200,124.17701492086053,qwen15b-npu5,
1782498012.1109874,200,133.30692565068603,qwen15b-npu6,
1782498012.1114047,200,147.04118901863694,qwen15b-npu6,
1782498012.1120682,200,133.99810111150146,qwen15b-npu6,
1782498012.11323,200,127.27518519386649,qwen15b-npu4,
1782498012.116736,200,131.11544214189053,qwen15b-npu3,
1782498012.1189494,200,125.15242211520672,qwen15b-npu7,
1782498012.1355078,200,122.62078374624252,qwen15b-npu5,
1782498012.1363053,200,116.33468186482787,qwen15b-npu5,
1782498012.1393175,200,126.9485242664814,qwen15b-npu6,
1782498012.1395714,200,129.76221228018403,qwen15b-npu6,
1782498012.1406267,200,128.01666092127562,qwen15b-npu4,
1782498012.1408865,200,107.04787913709879,qwen15b-npu4,
1782498012.1420598,200,131.94402679800987,qwen15b-npu4,
1782498012.1428874,200,123.99453390389681,qwen15b-npu3,
1782498012.1433678,200,130.168495234102,qwen15b-npu3,
1782498012.1490579,200,129.81911282986403,qwen15b-npu7,
1782498012.1497638,200,144.56160180270672,qwen15b-npu7,
1782498012.1605074,200,123.85923182591796,qwen15b-npu5,
1782498012.1671138,200,115.70170801132917,qwen15b-npu3,
1782498012.1682317,200,131.21156208217144,qwen15b-npu6,
1782498012.1687088,200,127.21525505185127,qwen15b-npu6,
1782498012.1856117,200,120.95471285283566,qwen15b-npu4,
1782498012.1861744,200,125.17535220831633,qwen15b-npu4,
1782498012.1865628,200,126.35342869907618,qwen15b-npu4,
1782498012.187325,200,121.25819595530629,qwen15b-npu5,
1782498012.1967018,200,132.37470015883446,qwen15b-npu6,
1782498012.207609,200,142.4996480345726,qwen15b-npu7,
1782498012.208265,200,126.96936307474971,qwen15b-npu7,
1782498012.2120066,200,123.45949001610279,qwen15b-npu5,
1782498012.2192402,200,138.28349020332098,qwen15b-npu3,
1782498012.2360768,200,145.51845798268914,qwen15b-npu7,
1782498012.2370644,200,125.94503676518798,qwen15b-npu5,
1782498012.246913,200,135.40327036753297,qwen15b-npu3,
1782498012.2485144,200,138.909833971411,qwen15b-npu3,
1782498012.248913,200,129.90095419809222,qwen15b-npu3,
1782498012.2561467,200,139.32904694229364,qwen15b-npu6,
1782498012.2565954,200,144.4520908407867,qwen15b-npu6,
1782498012.257764,200,121.35743582621217,qwen15b-npu4,
1782498012.25827,200,109.14303315803409,qwen15b-npu4,
1782498012.2585545,200,122.98374576494098,qwen15b-npu4,
1782498012.258845,200,117.88726225495338,qwen15b-npu4,
1782498012.265447,200,122.44704412296414,qwen15b-npu5,
1782498012.2658541,200,126.46258994936943,qwen15b-npu5,
1782498012.266151,200,125.43983291834593,qwen15b-npu5,
1782498012.2664409,200,153.14299892634153,qwen15b-npu7,
1782498012.27276,200,122.90423642843962,qwen15b-npu3,
1782498012.2731466,200,131.01006112992764,qwen15b-npu3,
1782498012.2832615,200,139.80463985353708,qwen15b-npu6,
1782498012.2884197,200,121.2273146957159,qwen15b-npu5,
1782498012.2936363,200,154.0074348449707,qwen15b-npu7,
1782498012.2966187,200,128.3096121624112,qwen15b-npu3,
1782498012.3153806,200,129.09784680232406,qwen15b-npu6,
1782498012.316323,200,155.73845710605383,qwen15b-npu6,
1782498012.3166177,200,147.84246403723955,qwen15b-npu6,
1782498012.324817,200,139.1298254020512,qwen15b-npu7,
1782498012.3250763,200,138.42530129477382,qwen15b-npu7,
1782498012.325401,200,137.99023814499378,qwen15b-npu7,
1782498012.3261204,200,114.00336679071188,qwen15b-npu4,
1782498012.3397782,200,120.42811885476112,qwen15b-npu5,
1782498012.3401732,200,131.84927590191364,qwen15b-npu5,
1782498012.342737,200,135.03490714356303,qwen15b-npu6,
1782498012.3541782,200,157.40596828982234,qwen15b-npu7,
1782498012.3662064,200,119.19782124459743,qwen15b-npu5,
1782498012.3745542,200,116.71494413167238,qwen15b-npu4,
1782498012.3748665,200,126.20659824460745,qwen15b-npu4,
1782498012.3757415,200,119.47295302525163,qwen15b-npu4,
1782498012.3773983,200,140.22535225376487,qwen15b-npu3,
1782498012.3778958,200,121.20540486648679,qwen15b-npu3,
1782498012.3788118,200,142.59446877986193,qwen15b-npu3,
1782498012.3794498,200,120.83007209002972,qwen15b-npu3,
1782498012.3905911,200,132.2512193582952,qwen15b-npu5,
1782498012.3976595,200,114.31553866714239,qwen15b-npu4,
1782498012.3979945,200,104.29608123376966,qwen15b-npu4,
1782498012.4017756,200,135.54528122767806,qwen15b-npu3,
1782498012.4021254,200,136.55585795640945,qwen15b-npu3,
1782498012.4037502,200,130.88328996673226,qwen15b-npu6,
1782498012.404035,200,155.04400338977575,qwen15b-npu6,
1782498012.40431,200,137.76960596442223,qwen15b-npu6,
1782498012.4165065,200,128.0256099998951,qwen15b-npu5,
1782498012.4205322,200,105.04977591335773,qwen15b-npu4,
1782498012.424542,200,165.62708327546716,qwen15b-npu7,
1782498012.4248464,200,151.62923885509372,qwen15b-npu7,
1782498012.42536,200,159.4168720766902,qwen15b-npu7,
1782498012.4429154,200,126.51372095569968,qwen15b-npu5,
1782498012.4439955,200,119.10741124302149,qwen15b-npu5,
1782498012.445322,200,105.04709603264928,qwen15b-npu4,
1782498012.4457345,200,120.25907915085554,qwen15b-npu4,
1782498012.451781,200,155.08709335699677,qwen15b-npu7,
1782498012.453866,200,128.72338574379683,qwen15b-npu3,
1782498012.4544888,200,114.61068084463477,qwen15b-npu3,
1782498012.467519,200,101.22825996950269,qwen15b-npu4,
1782498012.4686441,200,125.84724556654692,qwen15b-npu5,
1782498012.4692276,200,114.93383301422,qwen15b-npu5,
1782498012.4803972,200,163.691280875355,qwen15b-npu7,
1782498012.4812317,200,155.01685300841928,qwen15b-npu7,
1782498012.490699,200,116.05640035122633,qwen15b-npu4,
1782498012.5064452,200,131.47601392120123,qwen15b-npu3,
1782498012.5180743,200,115.8401588909328,qwen15b-npu5,
1782498012.5184882,200,120.76305178925395,qwen15b-npu5,
1782498012.5222244,200,142.6822990179062,qwen15b-npu6,
1782498012.5225089,200,143.5864046216011,qwen15b-npu6,
1782498012.5234916,200,147.6499829441309,qwen15b-npu6,
1782498012.533715,200,129.32879896834493,qwen15b-npu3,
1782498012.5344753,200,130.3680669516325,qwen15b-npu3,
1782498012.5388365,200,136.97717105969787,qwen15b-npu7,
1782498012.5391712,200,161.1883738078177,qwen15b-npu7,
1782498012.5394247,200,113.97639708593488,qwen15b-npu4,
1782498012.5404985,200,162.96979598701,qwen15b-npu7,
1782498012.5408428,200,120.21687813103199,qwen15b-npu4,
1782498012.5527637,200,136.17614516988397,qwen15b-npu6,
1782498012.5531852,200,149.35957361012697,qwen15b-npu6,
1782498012.5536182,200,162.9615151323378,qwen15b-npu6,
1782498012.5539417,200,155.8820577338338,qwen15b-npu6,
1782498012.5614233,200,118.40289598330855,qwen15b-npu3,
1782498012.5617325,200,136.7820198647678,qwen15b-npu3,
1782498012.5621278,200,108.18282701075077,qwen15b-npu4,
1782498012.5636513,200,139.02272516861558,qwen15b-npu7,
1782498012.5685208,200,122.69797502085567,qwen15b-npu5,
1782498012.568862,200,124.77088859304786,qwen15b-npu5,
1782498012.5791345,200,133.71436903253198,qwen15b-npu6,
1782498012.5794969,200,127.64139799401164,qwen15b-npu6,
1782498012.5865803,200,132.01411813497543,qwen15b-npu3,
1782498012.5912285,200,121.88089918345213,qwen15b-npu7,
1782498012.5917306,200,122.97263601794839,qwen15b-npu5,
1782498012.6063867,200,138.76667292788625,qwen15b-npu6,
1782498012.6083539,200,117.56268003955483,qwen15b-npu4,
1782498012.6125648,200,132.08689913153648,qwen15b-npu3,
1782498012.6188102,200,137.48803408816457,qwen15b-npu7,
1782498012.631863,200,109.56477606669068,qwen15b-npu4,
1782498012.6331515,200,126.63144106045365,qwen15b-npu6,
1782498012.6384318,200,119.8561848141253,qwen15b-npu3,
1782498012.6485004,200,130.3171063773334,qwen15b-npu7,
1782498012.6489258,200,125.32853288576007,qwen15b-npu7,
1782498012.6567206,200,116.16029078140855,qwen15b-npu4,
1782498012.6570702,200,117.82650230452418,qwen15b-npu4,
1782498012.660663,200,138.048957567662,qwen15b-npu6,
1782498012.6654582,200,126.52274128049612,qwen15b-npu3,
1782498012.665814,200,131.2706428579986,qwen15b-npu3,
1782498012.6687307,200,134.90204699337482,qwen15b-npu5,
1782498012.6691165,200,116.22789176180959,qwen15b-npu5,
1782498012.66938,200,115.33405492082238,qwen15b-npu5,
1782498012.6698604,200,116.14715121686459,qwen15b-npu5,
1782498012.670962,200,131.46890373900533,qwen15b-npu5,
1782498012.676168,200,135.22001868113875,qwen15b-npu7,
1782498012.6800926,200,118.29715594649315,qwen15b-npu4,
1782498012.6913357,200,122.73781467229128,qwen15b-npu6,
1782498012.6917098,200,129.50054090470076,qwen15b-npu6,
1782498012.6926584,200,131.13995222374797,qwen15b-npu5,
1782498012.7041132,200,124.8771701939404,qwen15b-npu4,
1782498012.7045095,200,113.14585106447339,qwen15b-npu4,
1782498012.7147577,200,145.7326002418995,qwen15b-npu7,
1782498012.715128,200,161.8125280365348,qwen15b-npu7,
1782498012.715623,200,151.8834107555449,qwen15b-npu7,
1782498012.7172453,200,125.39865309372544,qwen15b-npu5,
1782498012.7204826,200,133.80454014986753,qwen15b-npu6,
1782498012.7211227,200,141.5637508034706,qwen15b-npu6,
1782498012.7440798,200,131.44247373566031,qwen15b-npu3,
1782498012.744388,200,135.94722421839833,qwen15b-npu3,
1782498012.74959,200,143.09531217440963,qwen15b-npu6,
1782498012.764309,200,145.40545782074332,qwen15b-npu7,
1782498012.7647688,200,131.5595549531281,qwen15b-npu7,
1782498012.770158,200,121.5462270192802,qwen15b-npu5,
1782498012.7708075,200,132.3052989318967,qwen15b-npu3,
1782498012.77186,200,139.9112599901855,qwen15b-npu3,
1782498012.775477,200,118.3406263589859,qwen15b-npu4,
1782498012.7758498,200,126.8039420247078,qwen15b-npu4,
1782498012.79231,200,131.55250390991569,qwen15b-npu7,
1782498012.7964053,200,126.91145297139883,qwen15b-npu5,
1782498012.7968595,200,130.94352092593908,qwen15b-npu5,
1782498012.7980723,200,141.2565098144114,qwen15b-npu3,
1782498012.7984128,200,128.44964396208525,qwen15b-npu3,
1782498012.8000538,200,130.8608097024262,qwen15b-npu4,
1782498012.8004334,200,109.00160297751427,qwen15b-npu4,
1782498012.8035793,200,138.03119771182537,qwen15b-npu6,
1782498012.8042097,200,133.17976472899318,qwen15b-npu6,
1782498012.8224998,200,153.65019300952554,qwen15b-npu7,
1782498012.8232012,200,143.03364185616374,qwen15b-npu7,
1782498012.8236308,200,147.38277066498995,qwen15b-npu7,
1782498012.8239937,200,119.7778251953423,qwen15b-npu5,
1782498012.824825,200,109.96191995218396,qwen15b-npu4,
1782498012.8256252,200,132.88518320769072,qwen15b-npu3,
1782498012.8259683,200,108.63341018557549,qwen15b-npu4,
1782498012.8327973,200,128.16741224378347,qwen15b-npu6,
1782498012.833156,200,141.3429006934166,qwen15b-npu6,
1782498012.8500662,200,128.8649057969451,qwen15b-npu7,
1782498012.8521934,200,136.47906808182597,qwen15b-npu3,
1782498012.8528757,200,137.68302462995052,qwen15b-npu3,
1782498012.8583589,200,137.79116608202457,qwen15b-npu6,
1782498012.8739266,200,124.24633605405688,qwen15b-npu5,
1782498012.8850558,200,140.90114831924438,qwen15b-npu6,
1782498012.8858073,200,141.3459712639451,qwen15b-npu7,
1782498012.8991613,200,123.22091776877642,qwen15b-npu5,
1782498012.8994966,200,127.5568981654942,qwen15b-npu5,
1782498012.9050379,200,140.6015451066196,qwen15b-npu3,
1782498012.908767,200,137.87933671846986,qwen15b-npu7,
1782498012.9090877,200,144.21555027365685,qwen15b-npu7,
1782498012.909503,200,133.92794085666537,qwen15b-npu7,
1782498012.9128585,200,142.6195679232478,qwen15b-npu6,
1782498012.9135687,200,121.14729406312108,qwen15b-npu6,
1782498012.921372,200,117.70898196846247,qwen15b-npu4,
1782498012.9216914,200,123.52842092514038,qwen15b-npu4,
1782498012.926303,200,127.821059897542,qwen15b-npu5,
1782498012.9266133,200,122.33839277178049,qwen15b-npu5,
1782498012.9269853,200,130.05571393296123,qwen15b-npu5,
1782498012.9313226,200,131.16057217121124,qwen15b-npu3,
1782498012.93158,200,135.0602782331407,qwen15b-npu3,
1782498012.9319358,200,131.43992377445102,qwen15b-npu3,
1782498012.947406,200,124.80404879897833,qwen15b-npu4,
1782498012.9477222,200,124.40459709614515,qwen15b-npu4,
1782498012.9480715,200,124.00234397500753,qwen15b-npu4,
1782498012.9508276,200,127.06935498863459,qwen15b-npu5,
1782498012.9553275,200,122.04401101917028,qwen15b-npu3,
1782498012.9557607,200,130.86618995293975,qwen15b-npu3,
1782498012.9644935,200,131.60134525969625,qwen15b-npu7,
1782498012.9651504,200,139.04768461361527,qwen15b-npu7,
1782498012.965939,200,140.23080235347152,qwen15b-npu6,
1782498012.969943,200,111.52100004255772,qwen15b-npu4,
1782498012.9774506,200,125.18612202256918,qwen15b-npu5,
1782498012.995219,200,142.26068602874875,qwen15b-npu6,
1782498012.9959042,200,145.7421202212572,qwen15b-npu6,
1782498013.003452,200,117.55346087738872,qwen15b-npu5,
1782498013.0218043,200,147.78907410800457,qwen15b-npu7,
1782498013.0232494,200,138.12635885551572,qwen15b-npu6,
1782498013.0313036,200,122.44566297158599,qwen15b-npu5,
1782498013.0315857,200,121.9920702278614,qwen15b-npu5,
1782498013.0319934,200,126.82514172047377,qwen15b-npu5,
1782498013.0343316,200,135.07593795657158,qwen15b-npu3,
1782498013.0346067,200,125.42327307164669,qwen15b-npu3,
1782498013.0348723,200,135.31279005110264,qwen15b-npu3,
1782498013.0351937,200,121.53155729174614,qwen15b-npu3,
1782498013.0460649,200,119.352872017771,qwen15b-npu4,
1782498013.046396,200,124.61366783827543,qwen15b-npu4,
1782498013.047231,200,120.14322821050882,qwen15b-npu4,
1782498013.0526917,200,139.7699099034071,qwen15b-npu7,
1782498013.0547411,200,122.73880513384938,qwen15b-npu5,
1782498013.0573406,200,135.87590400129557,qwen15b-npu3,
1782498013.0705009,200,115.05751311779022,qwen15b-npu4,
1782498013.0710936,200,123.28195897862315,qwen15b-npu4,
1782498013.071484,200,123.31376876682043,qwen15b-npu4,
1782498013.0793762,200,123.48145991563797,qwen15b-npu6,
1782498013.0797372,200,148.34321709349751,qwen15b-npu6,
1782498013.0805018,200,129.56974189728498,qwen15b-npu6,
1782498013.0819104,200,150.26429994031787,qwen15b-npu7,
1782498013.0823147,200,117.09193792194128,qwen15b-npu5,
1782498013.0834334,200,135.93591377139091,qwen15b-npu7,
1782498013.0837624,200,157.37513778731227,qwen15b-npu7,
1782498013.0849903,200,118.9826400950551,qwen15b-npu3,
1782498013.1057892,200,135.75933314859867,qwen15b-npu6,
1782498013.106543,200,129.022347740829,qwen15b-npu6,
1782498013.1069417,200,142.3729071393609,qwen15b-npu6,
1782498013.1164422,200,120.46094983816147,qwen15b-npu4,
1782498013.1345296,200,131.0119810514152,qwen15b-npu3,
1782498013.1367803,200,141.49773074313998,qwen15b-npu7,
1782498013.1534026,200,131.53511472046375,qwen15b-npu5,
1782498013.1538823,200,122.23381223157048,qwen15b-npu5,
1782498013.1587355,200,135.40011085569859,qwen15b-npu6,
1782498013.1601005,200,127.98179127275944,qwen15b-npu3,
1782498013.168732,200,134.3226833269,qwen15b-npu4,
1782498013.169347,200,134.38430428504944,qwen15b-npu4,
1782498013.169863,200,138.47711123526096,qwen15b-npu7,
1782498013.1701612,200,124.0025027655065,qwen15b-npu4,
1782498013.1704311,200,113.0023100413382,qwen15b-npu4,
1782498013.1707869,200,135.49846084788442,qwen15b-npu7,
1782498013.171331,200,136.6487587802112,qwen15b-npu7,
1782498013.1799011,200,125.08032098412514,qwen15b-npu5,
1782498013.1803286,200,109.10901427268982,qwen15b-npu5,
1782498013.1869037,200,134.12856217473745,qwen15b-npu3,
1782498013.1900256,200,118.43146570026875,qwen15b-npu4,
1782498013.1963425,200,149.01524130254984,qwen15b-npu7,
1782498013.1967256,200,150.2179498784244,qwen15b-npu7,
1782498013.2038708,200,120.34433893859386,qwen15b-npu5,
1782498013.2046275,200,123.99982381612062,qwen15b-npu5,
1782498013.2140296,200,143.42234376817942,qwen15b-npu6,
1782498013.216664,200,136.81497983634472,qwen15b-npu3,
1782498013.2169986,200,134.98300733044744,qwen15b-npu3,
1782498013.2173572,200,134.9174869246781,qwen15b-npu3,
1782498013.2179077,200,134.07325092703104,qwen15b-npu4,
1782498013.2183776,200,133.30348674207926,qwen15b-npu3,
1782498013.2222855,200,142.82652037218213,qwen15b-npu7,
1782498013.2432115,200,136.1571648158133,qwen15b-npu6,
1782498013.2436202,200,127.08751391619444,qwen15b-npu6,
1782498013.25096,200,145.09085612371564,qwen15b-npu7,
1782498013.2513473,200,144.73194302991033,qwen15b-npu7,
1782498013.2650023,200,111.06005683541298,qwen15b-npu4,
1782498013.271362,200,136.73589983955026,qwen15b-npu6,
1782498013.2716458,200,134.78416670113802,qwen15b-npu6,
1782498013.2793593,200,120.48915075138211,qwen15b-npu5,
1782498013.2797124,200,126.23826880007982,qwen15b-npu5,
1782498013.2909222,200,110.4800128377974,qwen15b-npu4,
1782498013.2921126,200,122.67913483083248,qwen15b-npu4,
1782498013.293052,200,124.21032600104809,qwen15b-npu3,
1782498013.2935777,200,123.64425137639046,qwen15b-npu3,
1782498013.3004982,200,140.32222423702478,qwen15b-npu6,
1782498013.3007984,200,130.29893580824137,qwen15b-npu6,
1782498013.3016243,200,131.39233272522688,qwen15b-npu6,
1782498013.303794,200,123.77346213907003,qwen15b-npu5,
1782498013.304089,200,132.6381121762097,qwen15b-npu5,
1782498013.3059251,200,135.07396820932627,qwen15b-npu7,
1782498013.3166816,200,119.82227489352226,qwen15b-npu4,
1782498013.3180866,200,128.002910874784,qwen15b-npu3,
1782498013.3296528,200,112.89041908457875,qwen15b-npu5,
1782498013.330021,200,115.9093789756298,qwen15b-npu5,
1782498013.3332376,200,146.25170407816768,qwen15b-npu7,
1782498013.3339512,200,137.5172850675881,qwen15b-npu7,
1782498013.343074,200,125.97082694992423,qwen15b-npu4,
1782498013.3434455,200,125.3786226734519,qwen15b-npu4,
1782498013.3468125,200,124.45501703768969,qwen15b-npu3,
1782498013.3477452,200,129.25007892772555,qwen15b-npu3,
1782498013.3562763,200,152.32354402542114,qwen15b-npu6,
1782498013.3566148,200,151.8943510018289,qwen15b-npu6,
1782498013.35708,200,139.61745891720057,qwen15b-npu6,
1782498013.370051,200,126.32732884958386,qwen15b-npu4,
1782498013.3721058,200,128.7958058528602,qwen15b-npu3,
1782498013.3794265,200,128.0116201378405,qwen15b-npu5,
1782498013.3797557,200,128.71760595589876,qwen15b-npu5,
1782498013.394479,200,115.03401305526495,qwen15b-npu4,
1782498013.3952224,200,123.46334988251328,qwen15b-npu4,
1782498013.3985338,200,127.09550466388464,qwen15b-npu3,
1782498013.4036481,200,112.63661691918969,qwen15b-npu5,
1782498013.410282,200,145.219047088176,qwen15b-npu6,
1782498013.419339,200,127.08364520221949,qwen15b-npu7,
1782498013.4197087,200,139.85591987147927,qwen15b-npu7,
1782498013.4199808,200,126.84122286736965,qwen15b-npu7,
1782498013.421102,200,127.41871597245336,qwen15b-npu7,
1782498013.4214108,200,117.22463881596923,qwen15b-npu4,
1782498013.4258804,200,125.29721297323704,qwen15b-npu3,
1782498013.4298835,200,123.8892930559814,qwen15b-npu5,
1782498013.4387732,200,137.87105726078153,qwen15b-npu6,
1782498013.4390767,200,135.19861921668053,qwen15b-npu6,
1782498013.444082,200,113.97500615566969,qwen15b-npu4,
1782498013.4465902,200,144.8527341708541,qwen15b-npu7,
1782498013.4468846,200,128.71830584481359,qwen15b-npu7,
1782498013.450465,200,133.66576889529824,qwen15b-npu3,
1782498013.4512691,200,117.22180806100368,qwen15b-npu3,
1782498013.4562747,200,112.76314780116081,qwen15b-npu5,
1782498013.4566715,200,126.92051380872726,qwen15b-npu5,
1782498013.4652872,200,131.97159813717008,qwen15b-npu6,
1782498013.4691434,200,122.2046809270978,qwen15b-npu4,
1782498013.4747326,200,131.54600420966744,qwen15b-npu7,
1782498013.478053,200,120.89051213115454,qwen15b-npu3,
1782498013.4783592,200,130.5418168194592,qwen15b-npu3,
1782498013.494209,200,122.00492015108466,qwen15b-npu4,
1782498013.503981,200,124.14747523143888,qwen15b-npu5,
1782498013.5058577,200,135.718431789428,qwen15b-npu6,
1782498013.5061424,200,149.7708265669644,qwen15b-npu6,
1782498013.5064447,200,149.72133561968803,qwen15b-npu6,
1782498013.515558,200,136.04714488610625,qwen15b-npu7,
1782498013.519156,200,108.79660211503506,qwen15b-npu4,
1782498013.5306413,200,132.02891778200865,qwen15b-npu5,
1782498013.5312476,200,127.51894677057862,qwen15b-npu5,
1782498013.532056,200,136.731568723917,qwen15b-npu3,
1782498013.5443976,200,114.4342590123415,qwen15b-npu4,
1782498013.5455284,200,150.98664490506053,qwen15b-npu7,
1782498013.555736,200,129.78005269542336,qwen15b-npu5,
1782498013.5595984,200,139.52397787943482,qwen15b-npu3,
1782498013.5599062,200,140.46433474868536,qwen15b-npu3,
1782498013.5695343,200,130.358065944165,qwen15b-npu4,
1782498013.5759566,200,154.77641113102436,qwen15b-npu7,
1782498013.5762775,200,156.4914919435978,qwen15b-npu7,
1782498013.576585,200,155.07829282432795,qwen15b-npu7,
1782498013.582799,200,136.13492622971535,qwen15b-npu5,
1782498013.5831084,200,131.74455566331744,qwen15b-npu5,
1782498013.5834744,200,126.71018205583096,qwen15b-npu5,
1782498013.5875752,200,118.32020618021488,qwen15b-npu3,
1782498013.5879242,200,143.78374675288796,qwen15b-npu3,
1782498013.588283,200,131.89829606562853,qwen15b-npu3,
1782498013.5894012,200,150.55670216679573,qwen15b-npu6,
1782498013.5897574,200,142.81209977343678,qwen15b-npu6,
1782498013.595526,200,120.71938067674637,qwen15b-npu4,
1782498013.5958624,200,117.43164900690317,qwen15b-npu4,
1782498013.6035857,200,138.21698911488056,qwen15b-npu7,
1782498013.60441,200,153.84862385690212,qwen15b-npu7,
1782498013.6135497,200,135.42613992467523,qwen15b-npu6,
1782498013.6138701,200,119.58403326570988,qwen15b-npu6,
1782498013.6190183,200,112.80714813619852,qwen15b-npu4,
1782498013.6307294,200,126.65492203086615,qwen15b-npu5,
1782498013.6394515,200,132.89989298209548,qwen15b-npu3,
1782498013.6414351,200,135.4931709356606,qwen15b-npu6,
1782498013.6446524,200,113.32379095256329,qwen15b-npu4,
1782498013.6553013,200,109.69454701989889,qwen15b-npu5,
1782498013.6659172,200,150.2799796871841,qwen15b-npu7,
1782498013.6668308,200,147.61439291760325,qwen15b-npu7,
1782498013.6670926,200,122.60380387306213,qwen15b-npu3,
1782498013.6684067,200,108.3897091448307,qwen15b-npu4,
1782498013.6719618,200,139.79331962764263,qwen15b-npu6,
1782498013.672603,200,141.8957943096757,qwen15b-npu6,
1782498013.6811788,200,121.51417694985867,qwen15b-npu5,
1782498013.681466,200,125.66629517823458,qwen15b-npu5,
1782498013.692791,200,123.18202806636691,qwen15b-npu4,
1782498013.69366,200,117.01080715283751,qwen15b-npu4,
1782498013.6939678,200,117.58843064308167,qwen15b-npu3,
1782498013.7047348,200,116.72197422012687,qwen15b-npu5,
1782498013.7164192,200,126.57078122720122,qwen15b-npu4,
1782498013.7200897,200,124.47690730914474,qwen15b-npu3,
1782498013.7209632,200,131.4574140124023,qwen15b-npu3,
1782498013.7262964,200,137.90962705388665,qwen15b-npu7,
1782498013.7266648,200,150.6208428181708,qwen15b-npu7,
1782498013.7278621,200,144.97871464118361,qwen15b-npu7,
1782498013.7313926,200,126.87716307118535,qwen15b-npu5,
1782498013.7330236,200,149.45740532130003,qwen15b-npu6,
1782498013.7333388,200,137.40353425964713,qwen15b-npu6,
1782498013.733674,200,150.47305170446634,qwen15b-npu6,
1782498013.7340984,200,146.42085507512093,qwen15b-npu6,
1782498013.7403383,200,121.24297488480806,qwen15b-npu4,
1782498013.7542224,200,140.5937848612666,qwen15b-npu3,
1782498013.758468,200,154.78410106152296,qwen15b-npu7,
1782498013.7596116,200,145.67195903509855,qwen15b-npu6,
1782498013.7666688,200,111.28789791837335,qwen15b-npu4,
1782498013.767004,200,125.48177363350987,qwen15b-npu4,
1782498013.7754781,200,135.9341940842569,qwen15b-npu3,
1782498013.7822583,200,115.35368580371141,qwen15b-npu5,
1782498013.7826052,200,114.07894734293222,qwen15b-npu5,
1782498013.7841592,200,153.3533209003508,qwen15b-npu7,
1782498013.784735,200,140.00388095155358,qwen15b-npu7,
1782498013.7852585,200,119.27358200773597,qwen15b-npu5,
1782498013.8034225,200,130.73795894160867,qwen15b-npu3,
1782498013.8038318,200,136.64118899032474,qwen15b-npu3,
1782498013.811845,200,130.59450779110193,qwen15b-npu7,
1782498013.813194,200,119.16504194959998,qwen15b-npu4,
1782498013.8192701,200,137.74079596623778,qwen15b-npu6,
1782498013.820038,200,148.00587529316545,qwen15b-npu6,
1782498013.83183,200,111.64764082059264,qwen15b-npu5,
1782498013.8367214,200,115.65768765285611,qwen15b-npu4,
1782498013.8402731,200,135.46289131045341,qwen15b-npu7,
1782498013.8407106,200,147.85971399396658,qwen15b-npu7,
1782498013.8418841,200,125.40256278589368,qwen15b-npu7,
1782498013.8482857,200,154.53234920278192,qwen15b-npu6,
1782498013.856904,200,125.41911285370588,qwen15b-npu3,
1782498013.8572505,200,130.48903783783317,qwen15b-npu3,
1782498013.858403,200,125.28853258118033,qwen15b-npu5,
1782498013.858723,200,130.79591980203986,qwen15b-npu5,
1782498013.862277,200,128.05184116587043,qwen15b-npu4,
1782498013.8626735,200,128.8852859288454,qwen15b-npu4,
1782498013.8848014,200,151.36499796062708,qwen15b-npu6,
1782498013.8852394,200,126.66195165365934,qwen15b-npu5,
1782498013.8860028,200,126.28568895161152,qwen15b-npu3,
1782498013.8867311,200,119.94896596297622,qwen15b-npu5,
1782498013.8870895,200,120.00756617635489,qwen15b-npu3,
1782498013.8880687,200,161.6618470288813,qwen15b-npu6,
1782498013.8966937,200,142.35452702268958,qwen15b-npu7,
1782498013.897269,200,156.85424488037825,qwen15b-npu7,
1782498013.907702,200,122.34887341037393,qwen15b-npu5,
1782498013.9110491,200,107.12167108431458,qwen15b-npu4,
1782498013.9114182,200,129.05875826254487,qwen15b-npu4,
1782498013.911807,200,136.2345959059894,qwen15b-npu3,
1782498013.923129,200,138.2907498627901,qwen15b-npu7,
1782498013.923527,200,139.27674619480968,qwen15b-npu7,
1782498013.9336643,200,113.53741399943829,qwen15b-npu5,
1782498013.9340405,200,120.74588192626834,qwen15b-npu5,
1782498013.9368405,200,154.1386661119759,qwen15b-npu6,
1782498013.9371114,200,133.59756814315915,qwen15b-npu6,
1782498013.9570813,200,115.11908425018191,qwen15b-npu4,
1782498013.9641626,200,123.79736313596368,qwen15b-npu3,
1782498013.9647465,200,123.96154412999749,qwen15b-npu3,
1782498013.9655898,200,133.69011925533414,qwen15b-npu3,
1782498013.9673827,200,130.56524796411395,qwen15b-npu6,
1782498013.9677374,200,148.38153822347522,qwen15b-npu6,
1782498013.9681058,200,156.1700701713562,qwen15b-npu6,
1782498013.9741046,200,116.75256537273526,qwen15b-npu7,
1782498013.9744427,200,126.06443790718913,qwen15b-npu7,
1782498013.9811852,200,124.19703509658575,qwen15b-npu4,
1782498013.983431,200,124.95825998485088,qwen15b-npu5,
1782498013.9914598,200,128.66823514923453,qwen15b-npu3,
1782498013.9918919,200,133.0973948352039,qwen15b-npu3,
1782498013.9950793,200,132.69945234060287,qwen15b-npu6,
1782498014.0071707,200,109.8360987380147,qwen15b-npu4,
1782498014.0075717,200,110.79817404970527,qwen15b-npu4,
1782498014.0078108,200,121.6961583122611,qwen15b-npu4,
1782498014.0091305,200,122.3008818924427,qwen15b-npu5,
1782498014.0098546,200,121.68613774701953,qwen15b-npu5,
1782498014.0220068,200,136.64937810972333,qwen15b-npu6,
1782498014.0271723,200,139.98693134635687,qwen15b-npu7,
1782498014.027504,200,142.58200814947486,qwen15b-npu7,
1782498014.027901,200,116.38708179816604,qwen15b-npu7,
1782498014.02998,200,122.19548085704446,qwen15b-npu4,
1782498014.0306542,200,107.42092272266746,qwen15b-npu4,
1782498014.0340898,200,110.45885272324085,qwen15b-npu5,
1782498014.0430868,200,131.93507678806782,qwen15b-npu3,
1782498014.0514925,200,139.58115875720978,qwen15b-npu6,
1782498014.0523272,200,115.41279591619968,qwen15b-npu7,
1782498014.0584412,200,121.23651476576924,qwen15b-npu5,
1782498014.0706282,200,136.87092019245028,qwen15b-npu3,
1782498014.0709667,200,136.85785979032516,qwen15b-npu3,
1782498014.0785348,200,110.36077188327909,qwen15b-npu4,
1782498014.0789046,200,113.2199508138001,qwen15b-npu4,
1782498014.0844674,200,120.2276679687202,qwen15b-npu5,
1782498014.084859,200,117.36930906772614,qwen15b-npu5,
1782498014.0971684,200,115.90610910207033,qwen15b-npu3,
1782498014.1024115,200,107.23071079701185,qwen15b-npu4,
1782498014.105846,200,131.65735499933362,qwen15b-npu7,
1782498014.1108418,200,136.30168698728085,qwen15b-npu6,
1782498014.1111984,200,146.386643871665,qwen15b-npu6,
1782498014.1119463,200,154.79529090225697,qwen15b-npu6,
1782498014.1122644,200,144.43247066810727,qwen15b-npu6,
1782498014.1257875,200,142.27503584697843,qwen15b-npu3,
1782498014.1260378,200,134.05445124953985,qwen15b-npu3,
1782498014.1317475,200,140.1958423666656,qwen15b-npu7,
1782498014.1327724,200,125.51675410941243,qwen15b-npu7,
1782498014.1331315,200,125.48612430691719,qwen15b-npu7,
1782498014.1340816,200,126.20244780555367,qwen15b-npu5,
1782498014.138292,200,128.35377315059304,qwen15b-npu6,
1782498014.1389887,200,129.77563310414553,qwen15b-npu6,
1782498014.1519365,200,121.89357914030552,qwen15b-npu4,
1782498014.152216,200,130.11514488607645,qwen15b-npu4,
1782498014.1526334,200,121.90116010606289,qwen15b-npu4,
1782498014.1566377,200,129.03303792700171,qwen15b-npu3,
1782498014.1570618,200,129.7935419715941,qwen15b-npu7,
1782498014.1606,200,132.60415103286505,qwen15b-npu5,
1782498014.1609292,200,117.75647103786469,qwen15b-npu5,
1782498014.1656814,200,131.50511402636766,qwen15b-npu6,
1782498014.180416,200,121.89495982602239,qwen15b-npu3,
1782498014.1828463,200,130.44418720528483,qwen15b-npu7,
1782498014.1838572,200,132.25576002150774,qwen15b-npu5,
1782498014.1982641,200,113.69480472058058,qwen15b-npu4,
1782498014.2083564,200,129.72762202844024,qwen15b-npu7,
1782498014.209303,200,138.2692400366068,qwen15b-npu3,
1782498014.2097325,200,139.01594514027238,qwen15b-npu3,
1782498014.2107182,200,131.71724509447813,qwen15b-npu5,
1782498014.2223377,200,125.06258999928832,qwen15b-npu6,
1782498014.223049,200,138.0967078730464,qwen15b-npu6,
1782498014.2239504,200,118.02010284736753,qwen15b-npu4,
1782498014.2243893,200,121.90532917156816,qwen15b-npu4,
1782498014.234328,200,123.03629703819752,qwen15b-npu7,
1782498014.2353935,200,123.0574669316411,qwen15b-npu5,
1782498014.236386,200,125.43840380385518,qwen15b-npu5,
1782498014.2387328,200,126.70773174613714,qwen15b-npu3,
1782498014.246915,200,112.76502907276154,qwen15b-npu4,
1782498014.2474244,200,115.59432744979858,qwen15b-npu4,
1782498014.2598972,200,120.82205200567842,qwen15b-npu5,
1782498014.2610211,200,135.1657579652965,qwen15b-npu7,
1782498014.2617848,200,128.90048697590828,qwen15b-npu7,
1782498014.2665532,200,133.3484468050301,qwen15b-npu3,
1782498014.2669103,200,140.8026870340109,qwen15b-npu3,
1782498014.2704854,200,109.80896838009357,qwen15b-npu4,
1782498014.2815328,200,129.2250780388713,qwen15b-npu6,
1782498014.28188,200,143.51768465712667,qwen15b-npu6,
1782498014.282801,200,130.1006251014769,qwen15b-npu6,
1782498014.284643,200,127.47422698885202,qwen15b-npu5,
1782498014.2872198,200,121.4573266915977,qwen15b-npu7,
1782498014.287983,200,131.23110262677073,qwen15b-npu7,
1782498014.2940223,200,111.08345724642277,qwen15b-npu4,
1782498014.2948654,200,142.85245025530457,qwen15b-npu3,
1782498014.309835,200,148.81121087819338,qwen15b-npu6,
1782498014.3116348,200,113.2812318392098,qwen15b-npu5,
1782498014.3119943,200,128.07121081277728,qwen15b-npu5,
1782498014.3180273,200,108.22481801733375,qwen15b-npu4,
1782498014.3224163,200,141.9376339763403,qwen15b-npu3,
1782498014.3365169,200,112.02078312635422,qwen15b-npu5,
1782498014.3369946,200,127.5978279300034,qwen15b-npu5,
1782498014.3382692,200,127.48445710167289,qwen15b-npu7,
1782498014.3390923,200,130.66759845241904,qwen15b-npu6,
1782498014.3425128,200,119.34088170528412,qwen15b-npu4,
1782498014.3516533,200,129.22193901613355,qwen15b-npu3,
1782498014.36068,200,113.13749989494681,qwen15b-npu5,
1782498014.364323,200,128.86063614860177,qwen15b-npu7,
1782498014.3647375,200,117.71597201004624,qwen15b-npu7,
1782498014.3655798,200,126.76730193197727,qwen15b-npu4,
1782498014.3684232,200,131.9019771181047,qwen15b-npu6,
1782498014.368809,200,144.75375274196267,qwen15b-npu6,
1782498014.3794663,200,145.0570346787572,qwen15b-npu3,
1782498014.3892758,200,127.39766668528318,qwen15b-npu7,
1782498014.390275,200,123.6405810341239,qwen15b-npu4,
1782498014.3905785,200,108.54873899370432,qwen15b-npu4,
1782498014.3988328,200,128.28311184421182,qwen15b-npu6,
1782498014.3993464,200,138.25945928692818,qwen15b-npu6,
1782498014.4128034,200,128.0665909871459,qwen15b-npu5,
1782498014.413467,200,126.1681979522109,qwen15b-npu5,
1782498014.4201965,200,160.206267144531,qwen15b-npu3,
1782498014.420498,200,137.60320469737053,qwen15b-npu3,
1782498014.4213305,200,154.32783728465438,qwen15b-npu3,
1782498014.4240446,200,142.41386717185378,qwen15b-npu7,
1782498014.4251137,200,131.01731101050973,qwen15b-npu7,
1782498014.4312136,200,143.1373730301857,qwen15b-npu6,
1782498014.4363992,200,118.30207565799356,qwen15b-npu5,
1782498014.4372783,200,127.30359518900514,qwen15b-npu4,
1782498014.448364,200,153.4144007600844,qwen15b-npu3,
1782498014.449033,200,136.92006981000304,qwen15b-npu3,
1782498014.4493802,200,126.87843292951584,qwen15b-npu7,
1782498014.4578903,200,146.17069298401475,qwen15b-npu6,
1782498014.4605107,200,121.31773633882403,qwen15b-npu4,
1782498014.4624553,200,125.79822586849332,qwen15b-npu5,
1782498014.475456,200,137.07881094887853,qwen15b-npu3,
1782498014.4763217,200,139.1892759129405,qwen15b-npu7,
1782498014.4766536,200,134.05889132991433,qwen15b-npu7,
1782498014.4865165,200,106.90319770947099,qwen15b-npu4,
1782498014.486836,200,122.38679314032197,qwen15b-npu4,
1782498014.4878726,200,119.34503307566047,qwen15b-npu4,
1782498014.49028,200,138.51841166615486,qwen15b-npu6,
1782498014.493167,200,127.50290706753731,qwen15b-npu5,
1782498014.4938784,200,133.1030852161348,qwen15b-npu5,
1782498014.5014138,200,132.48985074460506,qwen15b-npu7,
1782498014.5030818,200,138.22586880996823,qwen15b-npu3,
1782498014.5270634,200,128.14614130184054,qwen15b-npu7,
1782498014.532771,200,112.49197600409389,qwen15b-npu4,
1782498014.540266,200,140.84407687187195,qwen15b-npu5,
1782498014.5405815,200,119.1593506373465,qwen15b-npu5,
1782498014.5469036,200,156.54535172507167,qwen15b-npu6,
1782498014.547232,200,157.86544186994433,qwen15b-npu6,
1782498014.5475628,200,156.86562517657876,qwen15b-npu6,
1782498014.5478065,200,134.27129294723272,qwen15b-npu6,
1782498014.553417,200,129.28562937304378,qwen15b-npu7,
1782498014.5574968,200,120.1211977750063,qwen15b-npu4,
1782498014.5578308,200,109.3879253603518,qwen15b-npu4,
1782498014.5625262,200,149.61335621774197,qwen15b-npu3,
1782498014.563624,200,143.01501167938113,qwen15b-npu3,
1782498014.5641012,200,132.8192730434239,qwen15b-npu3,
1782498014.5740693,200,148.82837980985641,qwen15b-npu6,
1782498014.5743756,200,137.90988735854626,qwen15b-npu6,
1782498014.579702,200,121.74516916275024,qwen15b-npu7,
1782498014.5805132,200,131.3787428662181,qwen15b-npu7,
1782498014.5812423,200,120.67132070660591,qwen15b-npu4,
1782498014.5914557,200,115.05557410418987,qwen15b-npu5,
1782498014.5921004,200,129.58557112142444,qwen15b-npu5,
1782498014.5927007,200,143.22434272617102,qwen15b-npu3,
1782498014.6038303,200,116.89458601176739,qwen15b-npu7,
1782498014.6041598,200,127.40993592888117,qwen15b-npu7,
1782498014.6052577,200,111.29962792620063,qwen15b-npu4,
1782498014.618767,200,130.82242012023926,qwen15b-npu5,
1782498014.619034,200,132.4253100901842,qwen15b-npu5,
1782498014.6238961,200,133.50668689236045,qwen15b-npu3,
1782498014.6242661,200,148.69861956685781,qwen15b-npu3,
1782498014.631253,200,128.05725075304508,qwen15b-npu6,
1782498014.6315668,200,130.08807506412268,qwen15b-npu6,
1782498014.6320643,200,138.80801293998957,qwen15b-npu6,
1782498014.6539192,200,121.08824402093887,qwen15b-npu4,
1782498014.654208,200,127.05385405570269,qwen15b-npu4,
1782498014.66942,200,128.77369578927755,qwen15b-npu5,
1782498014.6767616,200,129.4285310432315,qwen15b-npu4,
1782498014.6814716,200,133.60278820618987,qwen15b-npu3,
1782498014.6817136,200,141.36625127866864,qwen15b-npu3,
1782498014.682947,200,125.04814099520445,qwen15b-npu7,
1782498014.6832218,200,135.59007225558162,qwen15b-npu7,
1782498014.6838565,200,121.25464482232928,qwen15b-npu7,
1782498014.6841536,200,126.56854093074799,qwen15b-npu7,
1782498014.6869087,200,123.18483786657453,qwen15b-npu6,
1782498014.6872008,200,140.2081330306828,qwen15b-npu6,
1782498014.6961694,200,131.9328472018242,qwen15b-npu5,
1782498014.6965802,200,122.43454298004508,qwen15b-npu5,
1782498014.7020726,200,109.30036520585418,qwen15b-npu4,
1782498014.7024374,200,121.11706379801035,qwen15b-npu4,
1782498014.71198,200,137.53997394815087,qwen15b-npu3,
1782498014.712366,200,158.8671780191362,qwen15b-npu3,
1782498014.7160888,200,135.4843908920884,qwen15b-npu6,
1782498014.71687,200,137.08594115450978,qwen15b-npu6,
1782498014.7218866,200,117.65439063310623,qwen15b-npu5,
1782498014.7222526,200,130.7310089468956,qwen15b-npu5,
1782498014.7234845,200,118.16686484962702,qwen15b-npu4,
1782498014.732885,200,113.74230496585369,qwen15b-npu7,
1782498014.7332444,200,129.32702898979187,qwen15b-npu7,
1782498014.743134,200,150.96963476389647,qwen15b-npu3,
1782498014.747239,200,128.40141309425235,qwen15b-npu5,
1782498014.7730348,200,141.35655062273145,qwen15b-npu3,
1782498014.7741125,200,150.11723898351192,qwen15b-npu6,
1782498014.7744792,200,150.13661002740264,qwen15b-npu3,
1782498014.7747614,200,142.60300807654858,qwen15b-npu6,
1782498014.7754474,200,121.17838533595204,qwen15b-npu5,
1782498014.7756934,200,144.35369102284312,qwen15b-npu6,
1782498014.7858758,200,131.8912268616259,qwen15b-npu7,
1782498014.7961931,200,114.65322133153677,qwen15b-npu4,
1782498014.7966702,200,127.17949505895376,qwen15b-npu4,
1782498014.7969427,200,113.65138506516814,qwen15b-npu4,
1782498014.797169,200,115.3826960362494,qwen15b-npu4,
1782498014.8005176,200,116.29461217671633,qwen15b-npu5,
1782498014.813353,200,126.35939009487629,qwen15b-npu7,
1782498014.8137965,200,117.50666005536914,qwen15b-npu7,
1782498014.8278415,200,140.57744480669498,qwen15b-npu5,
1782498014.8282762,200,131.62949495017529,qwen15b-npu5,
1782498014.8293314,200,146.31823310628533,qwen15b-npu6,
1782498014.8300245,200,127.50776670873165,qwen15b-npu6,
1782498014.8341112,200,157.27702714502811,qwen15b-npu3,
1782498014.8344371,200,150.5014719441533,qwen15b-npu3,
1782498014.8384407,200,136.2791070714593,qwen15b-npu7,
1782498014.8397946,200,123.60580079257488,qwen15b-npu4,
1782498014.8540368,200,141.9534138403833,qwen15b-npu5,
1782498014.854351,200,130.77973993495107,qwen15b-npu5,
1782498014.8564994,200,123.16205818206072,qwen15b-npu6,
1782498014.8635588,200,141.2066393531859,qwen15b-npu3,
1782498014.8638594,200,151.36880706995726,qwen15b-npu3,
1782498014.8646014,200,142.62632839381695,qwen15b-npu3,
1782498014.8648741,200,147.9119942523539,qwen15b-npu3,
1782498014.8662899,200,133.30685580149293,qwen15b-npu7,
1782498014.886946,200,139.62295884266496,qwen15b-npu5,
1782498014.8875697,200,144.3500411696732,qwen15b-npu5,
1782498014.9137354,200,137.93882820755243,qwen15b-npu6,
1782498014.91479,200,117.78669198974967,qwen15b-npu4,
1782498014.9150932,200,129.13933815434575,qwen15b-npu4,
1782498014.9153953,200,142.2493662685156,qwen15b-npu6,
1782498014.9157436,200,119.46812318637967,qwen15b-npu4,
1782498014.9161053,200,118.87133913114667,qwen15b-npu4,
1782498014.91863,200,144.39588086679578,qwen15b-npu7,
1782498014.9189386,200,144.38637113198638,qwen15b-npu7,
1782498014.9195428,200,144.03285877779126,qwen15b-npu7,
1782498014.9209676,200,146.10198233276606,qwen15b-npu3,
1782498014.9301848,200,133.44648713245988,qwen15b-npu5,
1782498014.93535,200,121.41606584191322,qwen15b-npu4,
1782498014.9406548,200,127.18097493052483,qwen15b-npu6,
1782498014.9430702,200,112.97805979847908,qwen15b-npu7,
1782498014.9518414,200,151.26088680699468,qwen15b-npu3,
1782498014.956227,200,116.34317226707935,qwen15b-npu5,
1782498014.9568038,200,128.4061628393829,qwen15b-npu5,
1782498014.959354,200,124.84679883345962,qwen15b-npu4,
1782498014.9600356,200,105.56741990149021,qwen15b-npu4,
1782498014.9679089,200,138.49329110234976,qwen15b-npu6,
1782498014.9712253,200,137.02797098085284,qwen15b-npu7,
1782498014.9719563,200,115.39375595748425,qwen15b-npu7,
1782498014.9722106,200,118.08701418340206,qwen15b-npu7,
1782498014.980105,200,116.14949069917202,qwen15b-npu5,
1782498014.9811869,200,142.67356880009174,qwen15b-npu3,
1782498014.9815176,200,153.55816297233105,qwen15b-npu3,
1782498014.983945,200,119.2717719823122,qwen15b-npu4,
1782498015.0262213,200,161.25291399657726,qwen15b-npu6,
1782498015.0264995,200,160.13526683673263,qwen15b-npu6,
1782498015.0274394,200,163.79548097029328,qwen15b-npu6,
1782498015.0328538,200,117.00729699805379,qwen15b-npu4,
1782498015.0331545,200,114.43490022793412,qwen15b-npu4,
1782498015.040225,200,153.1901196576655,qwen15b-npu3,
1782498015.040572,200,152.9030678793788,qwen15b-npu3,
1782498015.0537517,200,134.11770202219486,qwen15b-npu7,
1782498015.0539908,200,123.74036200344563,qwen15b-npu7,
1782498015.054336,200,135.32515987753868,qwen15b-npu7,
1782498015.0565145,200,141.3326896727085,qwen15b-npu6,
1782498015.0569692,200,143.11802200973034,qwen15b-npu6,
1782498015.0576434,200,142.13978499174118,qwen15b-npu6,
1782498015.0580633,200,114.89417171105742,qwen15b-npu4,
1782498015.0586584,200,142.48748822137713,qwen15b-npu6,
1782498015.0712526,200,130.4955082014203,qwen15b-npu3,
1782498015.071583,200,156.70220414176583,qwen15b-npu3,
1782498015.0720165,200,150.98814526572824,qwen15b-npu3,
1782498015.0722847,200,136.84527995064855,qwen15b-npu3,
1782498015.079351,200,107.32901096343994,qwen15b-npu5,
1782498015.0801418,200,123.27121896669269,qwen15b-npu7,
1782498015.082203,200,125.88816601783037,qwen15b-npu6,
1782498015.0824938,200,122.37047217786312,qwen15b-npu4,
1782498015.0828624,200,130.958981346339,qwen15b-npu4,
1782498015.0831773,200,123.73884208500385,qwen15b-npu4,
1782498015.0980778,200,130.09185390546918,qwen15b-npu3,
1782498015.1040275,200,119.93816588073969,qwen15b-npu4,
1782498015.106045,200,124.43309696391225,qwen15b-npu5,
1782498015.1078265,200,135.51374105736613,qwen15b-npu7,
1782498015.1114714,200,130.18738478422165,qwen15b-npu6,
1782498015.1123781,200,132.17614777386189,qwen15b-npu6,
1782498015.1301615,200,158.84601837024093,qwen15b-npu3,
1782498015.1504982,200,117.56835086271167,qwen15b-npu4,
1782498015.1573503,200,130.77461021021008,qwen15b-npu3,
1782498015.15802,200,117.70780105143785,qwen15b-npu5,
1782498015.159379,200,133.07645404711366,qwen15b-npu5,
1782498015.1596549,200,126.43565004691482,qwen15b-npu5,
1782498015.160384,200,119.71970507875085,qwen15b-npu5,
1782498015.165492,200,137.98722717911005,qwen15b-npu6,
1782498015.1830342,200,125.27731200680137,qwen15b-npu5,
1782498015.1835508,200,125.39718300104141,qwen15b-npu5,
1782498015.1864421,200,129.3672500178218,qwen15b-npu3,
1782498015.186905,200,130.3026657551527,qwen15b-npu3,
1782498015.1924505,200,138.00324825569987,qwen15b-npu7,
1782498015.192787,200,138.96755408495665,qwen15b-npu7,
1782498015.193136,200,139.08125506713986,qwen15b-npu7,
1782498015.1938956,200,135.17233775928617,qwen15b-npu6,
1782498015.194557,200,122.1695919521153,qwen15b-npu6,
1782498015.2094123,200,138.06072901934385,qwen15b-npu5,
1782498015.2097452,200,138.0699877627194,qwen15b-npu5,
1782498015.2100878,200,127.476807218045,qwen15b-npu5,
1782498015.2176824,200,135.40078978985548,qwen15b-npu3,
1782498015.2181165,200,134.86637687310576,qwen15b-npu3,
1782498015.2196882,200,147.60185312479734,qwen15b-npu7,
1782498015.2200089,200,140.5650950036943,qwen15b-npu7,
1782498015.2226644,200,142.42969825863838,qwen15b-npu6,
1782498015.2231183,200,140.1629727333784,qwen15b-npu6,
1782498015.224157,200,126.0114866308868,qwen15b-npu4,
1782498015.2243881,200,120.2841280028224,qwen15b-npu4,
1782498015.233959,200,126.02710770443082,qwen15b-npu5,
1782498015.2415605,200,129.9666236154735,qwen15b-npu3,
1782498015.2469633,200,140.78386593610048,qwen15b-npu7,
1782498015.250444,200,137.95589795336127,qwen15b-npu6,
1782498015.2609491,200,130.69745898246765,qwen15b-npu5,
1782498015.2701654,200,109.70931686460972,qwen15b-npu4,
1782498015.2705047,200,111.0525862313807,qwen15b-npu4,
1782498015.2860806,200,128.65332514047623,qwen15b-npu5,
1782498015.2941947,200,107.19856107607484,qwen15b-npu4,
1782498015.2944956,200,110.84614600986242,qwen15b-npu4,
1782498015.2983863,200,147.81480422243476,qwen15b-npu3,
1782498015.3027854,200,137.23059184849262,qwen15b-npu7,
1782498015.3050144,200,145.26752615347505,qwen15b-npu6,
1782498015.305741,200,147.6351022720337,qwen15b-npu6,
1782498015.3115416,200,116.92078597843647,qwen15b-npu5,
1782498015.3124554,200,125.87513588368893,qwen15b-npu5,
1782498015.3267303,200,134.1832922771573,qwen15b-npu3,
1782498015.3326101,200,139.403416775167,qwen15b-npu6,
1782498015.3329377,200,149.80580704286695,qwen15b-npu7,
1782498015.333244,200,139.28376603871584,qwen15b-npu7,
1782498015.3335261,200,140.65010473132133,qwen15b-npu7,
1782498015.3361354,200,125.95387687906623,qwen15b-npu5,
1782498015.336918,200,119.1139412112534,qwen15b-npu5,
1782498015.3426018,200,124.32806612923741,qwen15b-npu4,
1782498015.3429906,200,118.52803733199835,qwen15b-npu4,
1782498015.356651,200,147.13869988918304,qwen15b-npu3,
1782498015.35734,200,147.5065308623016,qwen15b-npu3,
1782498015.358809,200,138.7302428483963,qwen15b-npu7,
1782498015.3590605,200,139.29138705134392,qwen15b-npu7,
1782498015.3606913,200,119.03272103518248,qwen15b-npu5,
1782498015.36157,200,138.35898088291287,qwen15b-npu6,
1782498015.361847,200,137.6283960416913,qwen15b-npu6,
1782498015.3627589,200,139.99556191265583,qwen15b-npu6,
1782498015.3667543,200,119.65656513348222,qwen15b-npu4,
1782498015.3839324,200,149.88554827868938,qwen15b-npu3,
1782498015.3873947,200,126.35277910158038,qwen15b-npu7,
1782498015.38806,200,137.52294518053532,qwen15b-npu6,
1782498015.3900304,200,119.78698475286365,qwen15b-npu4,
1782498015.409156,200,122.99019703641534,qwen15b-npu5,
1782498015.4139926,200,143.3947440236807,qwen15b-npu7,
1782498015.415297,200,121.0285141132772,qwen15b-npu4,
1782498015.4160478,200,117.59364139288664,qwen15b-npu4,
1782498015.4165235,200,111.44719878211617,qwen15b-npu4,
1782498015.4171302,200,122.57376406341791,qwen15b-npu6,
1782498015.434062,200,107.2549712844193,qwen15b-npu5,
1782498015.4381359,200,105.43125821277499,qwen15b-npu4,
1782498015.4432647,200,137.44232384487987,qwen15b-npu3,
1782498015.443588,200,131.02246075868607,qwen15b-npu3,
1782498015.4440696,200,132.44717987254262,qwen15b-npu3,
1782498015.4443583,200,141.5044409222901,qwen15b-npu7,
1782498015.4597976,200,116.70462461188436,qwen15b-npu5,
1782498015.460127,200,123.10360698029399,qwen15b-npu5,
1782498015.4691062,200,135.77696308493614,qwen15b-npu3,
1782498015.4694116,200,135.81464299932122,qwen15b-npu3,
1782498015.4745429,200,141.5147609077394,qwen15b-npu6,
1782498015.4748127,200,132.1032177656889,qwen15b-npu6,
1782498015.4750211,200,138.8080227188766,qwen15b-npu6,
1782498015.4842112,200,122.29776196181774,qwen15b-npu5,
1782498015.4845545,200,123.78495279699564,qwen15b-npu5,
1782498015.4863749,200,119.52426377683878,qwen15b-npu4,
1782498015.4866822,200,123.82513284683228,qwen15b-npu4,
1782498015.4973986,200,140.6682962551713,qwen15b-npu3,
1782498015.499343,200,140.46112401410937,qwen15b-npu7,
1782498015.4996305,200,137.98044761642814,qwen15b-npu7,
1782498015.5001774,200,141.02693926542997,qwen15b-npu7,
1782498015.5003867,200,142.9658210836351,qwen15b-npu7,
1782498015.5095031,200,119.39388187602162,qwen15b-npu4,
1782498015.5252635,200,137.77984585613012,qwen15b-npu7,
1782498015.5277534,200,143.7135860323906,qwen15b-npu3,
1782498015.5291781,200,141.03930909186602,qwen15b-npu6,
1782498015.5319102,200,115.31549505889416,qwen15b-npu5,
1782498015.5337608,200,116.57169321551919,qwen15b-npu4,
1782498015.5542367,200,138.1196491420269,qwen15b-npu7,
1782498015.5573423,200,112.92420933023095,qwen15b-npu5,
1782498015.5576088,200,114.25683787092566,qwen15b-npu5,
1782498015.5584846,200,149.26094422116876,qwen15b-npu3,
1782498015.5602064,200,126.04923732578754,qwen15b-npu6,
1782498015.5605662,200,145.18803684040904,qwen15b-npu6,
1782498015.5613751,200,147.30291021987796,qwen15b-npu6,
1782498015.5811894,200,106.10522283241153,qwen15b-npu5,
1782498015.5822167,200,138.49971117451787,qwen15b-npu7,
1782498015.5827134,200,113.52890264242887,qwen15b-npu4,
1782498015.5839403,200,123.70766187086701,qwen15b-npu4,
1782498015.584275,200,124.39861567690969,qwen15b-npu4,
1782498015.585272,200,147.05768879503012,qwen15b-npu3,
1782498015.5861547,200,141.99635526165366,qwen15b-npu3,
1782498015.605389,200,105.6886212900281,qwen15b-npu4,
1782498015.605772,200,119.30818296968937,qwen15b-npu5,
1782498015.6099963,200,135.12010918930173,qwen15b-npu7,
1782498015.610761,200,123.95244278013706,qwen15b-npu7,
1782498015.6129332,200,128.63765517249703,qwen15b-npu3,
1782498015.6136816,200,139.05760506168008,qwen15b-npu3,
1782498015.6162848,200,146.80799702182412,qwen15b-npu6,
1782498015.6166372,200,131.99382787570357,qwen15b-npu6,
1782498015.6283693,200,103.03224204108119,qwen15b-npu4,
1782498015.6313863,200,130.93643123283982,qwen15b-npu5,
1782498015.6379187,200,138.48983077332377,qwen15b-npu7,
1782498015.6423175,200,132.75196217000484,qwen15b-npu3,
1782498015.6426523,200,145.16154490411282,qwen15b-npu3,
1782498015.6466296,200,146.3886839337647,qwen15b-npu6,
1782498015.6553576,200,123.36893985047936,qwen15b-npu5,
1782498015.6661694,200,136.89519092440605,qwen15b-npu7,
1782498015.6665542,200,138.70451226830482,qwen15b-npu7,
1782498015.6745179,200,140.69396583363414,qwen15b-npu6,
1782498015.6812205,200,119.76556479930878,qwen15b-npu5,
1782498015.682812,200,125.39413338527083,qwen15b-npu5,
1782498015.6954815,200,136.9050508365035,qwen15b-npu7,
1782498015.703362,200,118.99676965549588,qwen15b-npu4,
1782498015.7036796,200,121.34302593767643,qwen15b-npu4,
1782498015.7042005,200,117.98429302871227,qwen15b-npu4,
1782498015.7058334,200,145.17807634547353,qwen15b-npu6,
1782498015.706248,200,145.9350911900401,qwen15b-npu6,
1782498015.7065861,200,123.78334207460284,qwen15b-npu4,
1782498015.7079465,200,150.24978993460536,qwen15b-npu6,
1782498015.713099,200,158.80380803719163,qwen15b-npu3,
1782498015.7230628,200,139.02453472837806,qwen15b-npu7,
1782498015.723495,200,142.24099600687623,qwen15b-npu7,
1782498015.7260838,200,116.02968024089932,qwen15b-npu4,
1782498015.7303028,200,124.8398800380528,qwen15b-npu5,
1782498015.7389598,200,153.62028311938047,qwen15b-npu3,
1782498015.7482445,200,110.25802092626691,qwen15b-npu4,
1782498015.7498345,200,133.46315687522292,qwen15b-npu7,
1782498015.7531738,200,124.72044909372926,qwen15b-npu5,
1782498015.7613306,200,150.46010119840503,qwen15b-npu6,
1782498015.7617764,200,145.0511049479246,qwen15b-npu6,
1782498015.7688415,200,155.07971309125423,qwen15b-npu3,
1782498015.76908,200,163.21720741689205,qwen15b-npu3,
1782498015.7699018,200,156.89285518601537,qwen15b-npu3,
1782498015.7727573,200,106.49126581847668,qwen15b-npu4,
1782498015.7774737,200,122.05324089154601,qwen15b-npu5,
1782498015.778445,200,146.99648832902312,qwen15b-npu7,
1782498015.788952,200,146.55493525788188,qwen15b-npu6,
1782498015.7971122,200,150.4062912426889,qwen15b-npu3,
1782498015.7974854,200,154.7439401037991,qwen15b-npu3,
1782498015.802081,200,106.52423603460193,qwen15b-npu5,
1782498015.806767,200,140.08104195818305,qwen15b-npu7,
1782498015.8197238,200,138.33844009786844,qwen15b-npu6,
1782498015.8200781,200,145.48124792054296,qwen15b-npu6,
1782498015.8216052,200,138.50942207500339,qwen15b-npu4,
1782498015.8220792,200,115.72755826637149,qwen15b-npu4,
1782498015.8272436,200,123.44311038032174,qwen15b-npu5,
1782498015.8275921,200,124.14488522335887,qwen15b-npu5,
1782498015.8352475,200,130.95441041514277,qwen15b-npu7,
1782498015.8359358,200,122.74763500317931,qwen15b-npu7,
1782498015.8442943,200,120.66485080868006,qwen15b-npu4,
1782498015.8478303,200,141.9163141399622,qwen15b-npu6,
1782498015.8511817,200,125.03076018765569,qwen15b-npu5,
1782498015.8539186,200,145.88745078071952,qwen15b-npu3,
1782498015.8542237,200,147.5474019534886,qwen15b-npu3,
1782498015.8628197,200,132.38198030740023,qwen15b-npu7,
1782498015.8690393,200,107.58303292095661,qwen15b-npu4,
1782498015.8694031,200,121.09155394136906,qwen15b-npu4,
1782498015.882464,200,159.27663072943687,qwen15b-npu6,
1782498015.8854759,200,146.42238384112716,qwen15b-npu3,
1782498015.8861017,200,136.19220489636064,qwen15b-npu3,
1782498015.8920193,200,138.78231309354305,qwen15b-npu7,
1782498015.8926935,200,123.78456303849816,qwen15b-npu7,
1782498015.8929822,200,120.07380742579699,qwen15b-npu4,
1782498015.893846,200,104.81055406853557,qwen15b-npu4,
1782498015.8985183,200,120.9796741604805,qwen15b-npu5,
1782498015.9076173,200,137.6504860818386,qwen15b-npu6,
1782498015.9081323,200,146.2426632642746,qwen15b-npu6,
1782498015.9111512,200,142.00271479785442,qwen15b-npu3,
1782498015.918729,200,140.19966311752796,qwen15b-npu7,
1782498015.9381096,200,140.89861698448658,qwen15b-npu6,
1782498015.9384599,200,131.5909642726183,qwen15b-npu6,
1782498015.9394996,200,141.92011440172791,qwen15b-npu3,
1782498015.9402473,200,118.54758718982339,qwen15b-npu4,
1782498015.9470148,200,144.85169388353825,qwen15b-npu7,
1782498015.9473395,200,127.50946683809161,qwen15b-npu7,
1782498015.950068,200,114.05777698382735,qwen15b-npu5,
1782498015.9503546,200,128.14770126715302,qwen15b-npu5,
1782498015.9510708,200,115.76125817373395,qwen15b-npu5,
1782498015.9514809,200,123.79252165555954,qwen15b-npu5,
1782498015.9650197,200,120.64624112099409,qwen15b-npu4,
1782498015.9652708,200,114.01071632280946,qwen15b-npu4,
1782498015.9688969,200,148.71229976415634,qwen15b-npu3,
1782498015.969698,200,142.36716739833355,qwen15b-npu3,
1782498015.97425,200,126.3399999588728,qwen15b-npu7,
1782498015.9942484,200,139.9359698407352,qwen15b-npu6,
1782498015.998206,200,144.2158198915422,qwen15b-npu3,
1782498015.999644,200,136.7490398697555,qwen15b-npu7,
1782498016.000674,200,131.52582477778196,qwen15b-npu5,
1782498016.0010252,200,115.45494617894292,qwen15b-npu5,
1782498016.001671,200,115.49388617277145,qwen15b-npu5,
1782498016.0121677,200,120.06769701838493,qwen15b-npu4,
1782498016.0124955,200,104.79552485048771,qwen15b-npu4,
1782498016.0225368,200,123.93638398498297,qwen15b-npu5,
1782498016.0228953,200,111.68097099289298,qwen15b-npu5,
1782498016.024568,200,142.0152047649026,qwen15b-npu6,
1782498016.0249574,200,130.99764101207256,qwen15b-npu6,
1782498016.0282807,200,158.78440672531724,qwen15b-npu3,
1782498016.028596,200,135.81892289221287,qwen15b-npu7,
1782498016.029017,200,135.9545043669641,qwen15b-npu3,
1782498016.0508025,200,131.98270788416266,qwen15b-npu6,
1782498016.0552108,200,147.02025800943375,qwen15b-npu3,
1782498016.058423,200,110.99046608433127,qwen15b-npu4,
1782498016.0590563,200,111.94227309897542,qwen15b-npu4,
1782498016.0703564,200,119.89737581461668,qwen15b-npu5,
1782498016.070746,200,119.18825190514326,qwen15b-npu5,
1782498016.079335,200,128.16148111596704,qwen15b-npu6,
1782498016.080053,200,141.85793418437243,qwen15b-npu6,
1782498016.0836103,200,118.27462492510676,qwen15b-npu4,
1782498016.0842109,200,143.90449691563845,qwen15b-npu3,
1782498016.0851164,200,145.52119793370366,qwen15b-npu7,
1782498016.0862408,200,136.09001506119967,qwen15b-npu7,
1782498016.0865655,200,147.9924852028489,qwen15b-npu7,
1782498016.086914,200,121.8112288042903,qwen15b-npu7,
1782498016.1081417,200,138.34441034123302,qwen15b-npu6,
1782498016.1133637,200,139.03522491455078,qwen15b-npu3,
1782498016.1137042,200,144.71805281937122,qwen15b-npu3,
1782498016.1190608,200,124.74270770326257,qwen15b-npu5,
1782498016.1195674,200,118.7887592241168,qwen15b-npu5,
1782498016.1200228,200,107.43769211694598,qwen15b-npu5,
1782498016.1281164,200,103.4351852722466,qwen15b-npu4,
1782498016.1389058,200,126.65717210620642,qwen15b-npu7,
1782498016.1392016,200,138.08801909908652,qwen15b-npu7,
1782498016.139635,200,141.35055104270577,qwen15b-npu7,
1782498016.1430635,200,141.3167300634086,qwen15b-npu3,
1782498016.143522,200,143.78841686993837,qwen15b-npu3,
1782498016.1520133,200,122.93622689321637,qwen15b-npu4,
1782498016.1656418,200,143.0163918994367,qwen15b-npu7,
1782498016.1669083,200,141.87273383140564,qwen15b-npu6,
1782498016.1674025,200,139.02944419533014,qwen15b-npu6,
1782498016.1697807,200,146.78921597078443,qwen15b-npu3,
1782498016.1703832,200,141.69912319630384,qwen15b-npu3,
1782498016.176254,200,105.42220901697874,qwen15b-npu4,
1782498016.1933851,200,142.5011078827083,qwen15b-npu7,
1782498016.195254,200,136.10306521877646,qwen15b-npu6,
1782498016.195978,200,140.69079561159015,qwen15b-npu6,
1782498016.1979175,200,139.43143794313073,qwen15b-npu3,
1782498016.2017336,200,115.40019605308771,qwen15b-npu4,
1782498016.202007,200,121.87769869342446,qwen15b-npu4,
1782498016.2023697,200,115.69899786263704,qwen15b-npu4,
1782498016.2027612,200,123.3540391549468,qwen15b-npu4,
1782498016.2149594,200,130.68584818392992,qwen15b-npu5,
1782498016.2152512,200,130.06581366062164,qwen15b-npu5,
1782498016.21609,200,132.40199023857713,qwen15b-npu5,
1782498016.221049,200,134.02180094271898,qwen15b-npu7,
1782498016.2237573,200,153.29584991559386,qwen15b-npu6,
1782498016.2376215,200,123.85779293254018,qwen15b-npu5,
1782498016.246115,200,125.98218722268939,qwen15b-npu4,
1782498016.2485573,200,135.10300824418664,qwen15b-npu7,
1782498016.2528825,200,124.66140789911151,qwen15b-npu3,
1782498016.2533133,200,134.15986159816384,qwen15b-npu3,
1782498016.2539413,200,145.6913691945374,qwen15b-npu3,
1782498016.254492,200,134.82778565958142,qwen15b-npu6,
1782498016.2618325,200,122.84379592165351,qwen15b-npu5,
1782498016.2773268,200,125.23536197841167,qwen15b-npu7,
1782498016.278171,200,138.44528095796704,qwen15b-npu7,
1782498016.2785735,200,135.40344964712858,qwen15b-npu7,
1782498016.2829535,200,139.36068722978234,qwen15b-npu6,
1782498016.2833173,200,144.04546888545156,qwen15b-npu6,
1782498016.2856941,200,115.83303939551115,qwen15b-npu5,
1782498016.2940516,200,126.55802117660642,qwen15b-npu4,
1782498016.2944021,200,123.95769264549017,qwen15b-npu4,
1782498016.3110194,200,115.70474784821272,qwen15b-npu5,
1782498016.3113327,200,115.2744353748858,qwen15b-npu5,
1782498016.3123052,200,109.82485907152295,qwen15b-npu5,
1782498016.313716,200,147.99598464742303,qwen15b-npu6,
1782498016.3140066,200,137.67563505098224,qwen15b-npu6,
1782498016.3143892,200,147.3833112977445,qwen15b-npu6,
1782498016.3179169,200,115.83895795047283,qwen15b-npu4,
1782498016.3338943,200,118.84989915415645,qwen15b-npu5,
1782498016.3363376,200,134.5250140875578,qwen15b-npu3,
1782498016.3368526,200,138.87099409475923,qwen15b-npu3,
1782498016.3372042,200,134.353362955153,qwen15b-npu3,
1782498016.3375266,200,144.07106814906,qwen15b-npu3,
1782498016.340665,200,116.79955525323749,qwen15b-npu4,
1782498016.3420165,200,125.85765589028597,qwen15b-npu6,
1782498016.3585029,200,120.7960918545723,qwen15b-npu5,
1782498016.35883,200,143.51667370647192,qwen15b-npu7,
1782498016.3594708,200,138.36010033264756,qwen15b-npu7,
1782498016.3649647,200,118.77346923574805,qwen15b-npu4,
1782498016.3652773,200,103.36346505209804,qwen15b-npu4,
1782498016.3851688,200,131.7597357556224,qwen15b-npu7,
1782498016.3854823,200,136.8448198772967,qwen15b-npu7,
1782498016.389326,200,106.29735514521599,qwen15b-npu4,
1782498016.389639,200,106.2560947611928,qwen15b-npu4,
1782498016.3905077,200,137.51872396096587,qwen15b-npu3,
1782498016.399256,200,144.69270315021276,qwen15b-npu6,
1782498016.3998997,200,145.86509112268686,qwen15b-npu6,
1782498016.4066682,200,128.42656299471855,qwen15b-npu5,
1782498016.4070687,200,128.39350290596485,qwen15b-npu5,
1782498016.4114466,200,134.03962086886168,qwen15b-npu7,
1782498016.4122233,200,118.0823827162385,qwen15b-npu7,
1782498016.419538,200,133.76461993902922,qwen15b-npu3,
1782498016.4288542,200,134.36271296814084,qwen15b-npu6,
1782498016.4307592,200,116.68018391355872,qwen15b-npu5,
1782498016.4345014,200,120.6978908739984,qwen15b-npu4,
1782498016.4380474,200,123.55745118111372,qwen15b-npu7,
1782498016.4501832,200,137.75876723229885,qwen15b-npu3,
1782498016.450654,200,132.66124203801155,qwen15b-npu3,
1782498016.456108,200,122.1331711858511,qwen15b-npu5,
1782498016.4600842,200,148.9615710452199,qwen15b-npu6,
1782498016.4606009,200,149.17995315045118,qwen15b-npu6,
1782498016.4609492,200,118.8379293307662,qwen15b-npu4,
1782498016.4783282,200,141.03573793545365,qwen15b-npu3,
1782498016.478673,200,141.06726832687855,qwen15b-npu3,
1782498016.4790585,200,138.30283982679248,qwen15b-npu3,
1782498016.480217,200,121.6182978823781,qwen15b-npu5,
1782498016.4903357,200,130.79077005386353,qwen15b-npu6,
1782498016.4907985,200,154.37130769714713,qwen15b-npu6,
1782498016.4914134,200,154.46657920256257,qwen15b-npu6,
1782498016.494443,200,129.07047802582383,qwen15b-npu7,
1782498016.5042763,200,114.87388191744685,qwen15b-npu5,
1782498016.5059354,200,140.89973783120513,qwen15b-npu3,
1782498016.5062537,200,147.33704086393118,qwen15b-npu3,
1782498016.5081913,200,122.63158475980163,qwen15b-npu4,
1782498016.5230076,200,133.3068162202835,qwen15b-npu7,
1782498016.5235763,200,138.32947984337807,qwen15b-npu7,
1782498016.5292926,200,109.67239830642939,qwen15b-npu5,
1782498016.5296683,200,122.48826259747148,qwen15b-npu5,
1782498016.5311444,200,119.61392406374216,qwen15b-npu4,
1782498016.5314486,200,124.67622803524137,qwen15b-npu4,
1782498016.5322783,200,132.94770382344723,qwen15b-npu3,
1782498016.547415,200,156.800274271518,qwen15b-npu6,
1782498016.5478687,200,147.8944136761129,qwen15b-npu6,
1782498016.550969,200,138.65130208432674,qwen15b-npu7,
1782498016.5526047,200,121.70179793611169,qwen15b-npu5,
1782498016.5546274,200,120.02450693398714,qwen15b-npu4,
1782498016.55828,200,120.12044712901115,qwen15b-npu3,
1782498016.5750544,200,146.1392417550087,qwen15b-npu6,
1782498016.5769694,200,116.72614514827728,qwen15b-npu5,
1782498016.5786276,200,127.86943884566426,qwen15b-npu4,
1782498016.579923,200,123.71296202763915,qwen15b-npu7,
1782498016.5802872,200,129.97207278385758,qwen15b-npu7,
1782498016.5855598,200,124.54124726355076,qwen15b-npu3,
1782498016.6013935,200,110.47670198604465,qwen15b-npu5,
1782498016.6043544,200,112.86485893651843,qwen15b-npu4,
1782498016.605368,200,126.94318313151598,qwen15b-npu4,
1782498016.6056905,200,125.40146289393306,qwen15b-npu4,
1782498016.6060438,200,145.32052678987384,qwen15b-npu6,
1782498016.6124094,200,133.25564609840512,qwen15b-npu3,
1782498016.6257358,200,119.39315311610699,qwen15b-npu5,
1782498016.6265469,200,122.19549110159278,qwen15b-npu4,
1782498016.6348817,200,156.07487875968218,qwen15b-npu6,
1782498016.6370704,200,146.59884478896856,qwen15b-npu7,
1782498016.6373608,200,131.35325303301215,qwen15b-npu7,
1782498016.6376715,200,143.15013168379664,qwen15b-npu7,
1782498016.6500366,200,117.61130997911096,qwen15b-npu5,
1782498016.6506908,200,121.30671599879861,qwen15b-npu4,
1782498016.664347,200,140.6989060342312,qwen15b-npu7,
1782498016.666075,200,136.3071259111166,qwen15b-npu6,
1782498016.6666322,200,158.35590520873666,qwen15b-npu6,
1782498016.6672752,200,135.7602127827704,qwen15b-npu6,
1782498016.6675785,200,136.34855626150966,qwen15b-npu3,
1782498016.6678329,200,144.75252339616418,qwen15b-npu3,
1782498016.674364,200,126.80420279502869,qwen15b-npu5,
1782498016.6751664,200,116.80519534274936,qwen15b-npu4,
1782498016.6950507,200,119.90245617926121,qwen15b-npu3,
1782498016.6953728,200,142.668928951025,qwen15b-npu3,
1782498016.695771,200,147.74732384830713,qwen15b-npu7,
1782498016.6964846,200,141.75492338836193,qwen15b-npu7,
1782498016.6969707,200,145.92073112726212,qwen15b-npu3,
1782498016.6998515,200,122.76855483651161,qwen15b-npu5,
1782498016.7001603,200,119.79764513671398,qwen15b-npu5,
1782498016.7004166,200,120.40068907663226,qwen15b-npu4,
1782498016.7006912,200,115.03540398553014,qwen15b-npu5,
1782498016.7226431,200,116.84839520603418,qwen15b-npu5,
1782498016.7230172,200,110.52999272942543,qwen15b-npu5,
1782498016.7237005,200,122.24778207018971,qwen15b-npu4,
1782498016.724073,200,118.61369712278247,qwen15b-npu4,
1782498016.7338526,200,155.1431529223919,qwen15b-npu7,
1782498016.745291,200,119.4751737639308,qwen15b-npu4,
1782498016.746799,200,109.06566306948662,qwen15b-npu5,
1782498016.7627192,200,158.29953365027905,qwen15b-npu6,
1782498016.764689,200,158.53200620040298,qwen15b-npu7,
1782498016.7650328,200,138.3939702063799,qwen15b-npu7,
1782498016.7719252,200,134.48653370141983,qwen15b-npu3,
1782498016.7925785,200,157.59538998827338,qwen15b-npu6,
1782498016.7930481,200,155.89205780997872,qwen15b-npu6,
1782498016.794419,200,127.71068885922432,qwen15b-npu4,
1782498016.7946937,200,144.5955322124064,qwen15b-npu7,
1782498016.7954626,200,144.68990312889218,qwen15b-npu7,
1782498016.7992566,200,133.1081548705697,qwen15b-npu5,
1782498016.8020818,200,134.43386368453503,qwen15b-npu3,
1782498016.8027256,200,127.46673682704568,qwen15b-npu3,
1782498016.8030481,200,138.618481811136,qwen15b-npu3,
1782498016.8033333,200,135.4028000496328,qwen15b-npu3,
1782498016.8186378,200,121.57535832375288,qwen15b-npu4,
1782498016.8189664,200,118.15532390028238,qwen15b-npu4,
1782498016.8212314,200,120.99691294133663,qwen15b-npu5,
1782498016.8224466,200,155.07552167400718,qwen15b-npu6,
1782498016.8232768,200,148.81417993456125,qwen15b-npu6,
1782498016.8273213,200,130.71805890649557,qwen15b-npu3,
1782498016.8419082,200,107.99174616113305,qwen15b-npu4,
1782498016.8453324,200,121.55330693349242,qwen15b-npu5,
1782498016.845689,200,122.56813421845436,qwen15b-npu5,
1782498016.8548894,200,154.40185833722353,qwen15b-npu6,
1782498016.855579,200,155.63711617141962,qwen15b-npu6,
1782498016.8558416,200,133.0816950649023,qwen15b-npu7,
1782498016.8561034,200,160.95652198418975,qwen15b-npu6,
1782498016.8565779,200,160.72994098067284,qwen15b-npu7,
1782498016.8569422,200,161.4429452456534,qwen15b-npu6,
1782498016.8572204,200,133.05542431771755,qwen15b-npu7,
1782498016.8666637,200,121.29207607358694,qwen15b-npu4,
1782498016.8833303,200,136.45007833838463,qwen15b-npu6,
1782498016.9089217,200,144.15084896609187,qwen15b-npu3,
1782498016.9093926,200,146.56442496925592,qwen15b-npu3,
1782498016.9101732,200,145.03016509115696,qwen15b-npu7,
1782498016.9109263,200,138.9242340810597,qwen15b-npu6,
1782498016.9146178,200,112.43691621348262,qwen15b-npu4,
1782498016.9150653,200,115.720818284899,qwen15b-npu4,
1782498016.9214103,200,125.85421605035663,qwen15b-npu5,
1782498016.9217896,200,129.0766871534288,qwen15b-npu5,
1782498016.9222617,200,119.44442382082343,qwen15b-npu5,
1782498016.936859,200,142.09964592009783,qwen15b-npu3,
1782498016.9375417,200,134.13013191893697,qwen15b-npu3,
1782498016.9379392,200,144.78888269513845,qwen15b-npu3,
1782498016.938335,200,135.20047906786203,qwen15b-npu7,
1782498016.9395075,200,112.07442311570048,qwen15b-npu4,
1782498016.940762,200,146.26554306596518,qwen15b-npu6,
1782498016.9427395,200,119.35114208608866,qwen15b-npu5,
1782498016.9612978,200,119.30511193349957,qwen15b-npu3,
1782498016.9656305,200,143.0859616957605,qwen15b-npu7,
1782498016.9660037,200,147.29159092530608,qwen15b-npu7,
1782498016.9674246,200,111.51438998058438,qwen15b-npu5,
1782498016.967788,200,122.01068131253123,qwen15b-npu5,
1782498016.970769,200,149.4169752113521,qwen15b-npu6,
1782498016.9713247,200,152.25767297670245,qwen15b-npu6,
1782498016.9868047,200,129.49429964646697,qwen15b-npu4,
1782498016.9871123,200,120.36815006285906,qwen15b-npu4,
1782498016.9882667,200,131.56994385644794,qwen15b-npu4,
1782498016.9893968,200,133.17047525197268,qwen15b-npu3,
1782498016.9912875,200,145.86290065199137,qwen15b-npu7,
1782498016.9921334,200,135.1183378137648,qwen15b-npu7,
1782498016.9994216,200,143.75690603628755,qwen15b-npu6,
1782498016.9999433,200,144.94316512718797,qwen15b-npu6,
1782498017.0180614,200,134.58208460360765,qwen15b-npu7,
1782498017.032789,200,123.71791200712323,qwen15b-npu4,
1782498017.0330772,200,110.7166949659586,qwen15b-npu4,
1782498017.0378788,200,126.88778294250369,qwen15b-npu5,
1782498017.0384958,200,123.7351018935442,qwen15b-npu5,
1782498017.0423837,200,132.91093287989497,qwen15b-npu3,
1782498017.0427582,200,120.82903319969773,qwen15b-npu3,
1782498017.0449555,200,134.71207534894347,qwen15b-npu7,
1782498017.0574586,200,119.43408288061619,qwen15b-npu4,
1782498017.0592506,200,137.73144595324993,qwen15b-npu6,
1782498017.059989,200,144.8287540115416,qwen15b-npu6,
1782498017.0604012,200,120.805021841079,qwen15b-npu4,
1782498017.0696104,200,131.20313175022602,qwen15b-npu3,
1782498017.0747495,200,133.91134096309543,qwen15b-npu7,
1782498017.075061,200,137.43425393477082,qwen15b-npu7,
1782498017.0872824,200,144.44385142996907,qwen15b-npu6,
1782498017.0882208,200,151.25470701605082,qwen15b-npu6,
1782498017.0893078,200,118.43515699729323,qwen15b-npu5,
1782498017.0905063,200,124.77608863264322,qwen15b-npu5,
1782498017.0989292,200,132.82421277835965,qwen15b-npu3,
1782498017.0995367,200,132.00776698067784,qwen15b-npu3,
1782498017.1029778,200,141.59884210675955,qwen15b-npu7,
1782498017.103421,200,131.92343711853027,qwen15b-npu7,
1782498017.1078014,200,120.91592280194163,qwen15b-npu4,
1782498017.1085632,200,121.35727610439062,qwen15b-npu4,
1782498017.116854,200,148.97541189566255,qwen15b-npu6,
1782498017.1270835,200,137.58637523278594,qwen15b-npu3,
1782498017.127423,200,127.83934036269784,qwen15b-npu3,
1782498017.1277137,200,139.32716706767678,qwen15b-npu3,
1782498017.1281269,200,135.8846640214324,qwen15b-npu3,
1782498017.129516,200,129.45823976770043,qwen15b-npu7,
1782498017.14709,200,155.74017679318786,qwen15b-npu6,
1782498017.1548257,200,109.79087790474296,qwen15b-npu4,
1782498017.1553369,200,122.48373357579112,qwen15b-npu4,
1782498017.156227,200,138.08371918275952,qwen15b-npu7,
1782498017.1625907,200,119.764044880867,qwen15b-npu5,
1782498017.17543,200,142.29226717725396,qwen15b-npu6,
1782498017.1781814,200,118.83058911189437,qwen15b-npu4,
1782498017.1801732,200,120.05627760663629,qwen15b-npu3,
1782498017.1805356,200,138.05356808006763,qwen15b-npu3,
1782498017.1812706,200,142.70688965916634,qwen15b-npu3,
1782498017.182337,200,144.38323117792606,qwen15b-npu7,
1782498017.188378,200,127.85783968865871,qwen15b-npu5,
1782498017.1886883,200,131.13250164315104,qwen15b-npu5,
1782498017.1890974,200,114.26855903118849,qwen15b-npu5,
1782498017.2063098,200,131.17565214633942,qwen15b-npu6,
1782498017.2065864,200,136.88758993521333,qwen15b-npu6,
1782498017.209678,200,120.25961931794882,qwen15b-npu7,
1782498017.2136254,200,113.98267606273293,qwen15b-npu5,
1782498017.2142553,200,126.84957310557365,qwen15b-npu5,
1782498017.2150352,200,116.00349005311728,qwen15b-npu5,
1782498017.2157986,200,125.18454203382134,qwen15b-npu5,
1782498017.2269666,200,123.88801295310259,qwen15b-npu4,
1782498017.227347,200,119.46246307343245,qwen15b-npu4,
1782498017.236279,200,132.75861321017146,qwen15b-npu6,
1782498017.236706,200,148.36535789072514,qwen15b-npu6,
1782498017.2374136,200,128.76330502331257,qwen15b-npu7,
1782498017.2502975,200,122.7995059452951,qwen15b-npu4,
1782498017.257736,200,129.88669332116842,qwen15b-npu3,
1782498017.2667801,200,149.84493795782328,qwen15b-npu6,
1782498017.2677274,200,139.51978785917163,qwen15b-npu6,
1782498017.27268,200,143.09048186987638,qwen15b-npu7,
1782498017.2733169,200,126.11512839794159,qwen15b-npu7,
1782498017.2741222,200,146.92972833290696,qwen15b-npu7,
1782498017.2813993,200,125.9981170296669,qwen15b-npu4,
1782498017.2911615,200,128.4611038863659,qwen15b-npu5,
1782498017.291593,200,136.67876925319433,qwen15b-npu5,
1782498017.2942681,200,137.98363786190748,qwen15b-npu6,
1782498017.3143632,200,138.85311409831047,qwen15b-npu3,
1782498017.314699,200,136.43421698361635,qwen15b-npu3,
1782498017.3159952,200,133.59913881868124,qwen15b-npu5,
1782498017.3168368,200,136.22852601110935,qwen15b-npu5,
1782498017.3241363,200,142.78154959902167,qwen15b-npu6,
1782498017.3244767,200,135.6934425421059,qwen15b-npu6,
1782498017.326301,200,111.15023726597428,qwen15b-npu4,
1782498017.3269582,200,138.49253114312887,qwen15b-npu7,
1782498017.3276901,200,117.91558191180229,qwen15b-npu4,
1782498017.3281045,200,138.9252943918109,qwen15b-npu7,
1782498017.3284822,200,148.19710701704025,qwen15b-npu7,
1782498017.3289967,200,114.66574110090733,qwen15b-npu4,
1782498017.3401554,200,126.45500991493464,qwen15b-npu5,
1782498017.3412762,200,134.90408705547452,qwen15b-npu3,
1782498017.3490658,200,121.64766807109118,qwen15b-npu4,
1782498017.3493648,200,122.3199819214642,qwen15b-npu4,
1782498017.3514698,200,144.8271330446005,qwen15b-npu6,
1782498017.3533497,200,137.4508640728891,qwen15b-npu7,
1782498017.3651319,200,128.7391958758235,qwen15b-npu5,
1782498017.3679335,200,131.10837200656533,qwen15b-npu3,
1782498017.3803685,200,142.89123006165028,qwen15b-npu6,
1782498017.396327,200,122.10939126089215,qwen15b-npu4,
1782498017.3967092,200,128.7664151750505,qwen15b-npu4,
1782498017.3979464,200,147.58462319150567,qwen15b-npu3,
1782498017.4101555,200,143.09790218248963,qwen15b-npu7,
1782498017.4107456,200,137.90562702342868,qwen15b-npu7,
1782498017.4113317,200,137.78231712058187,qwen15b-npu6,
1782498017.4116209,200,153.7454640492797,qwen15b-npu6,
1782498017.4119818,200,130.48343686386943,qwen15b-npu6,
1782498017.4157138,200,124.42815629765391,qwen15b-npu5,
1782498017.418696,200,124.36685618013144,qwen15b-npu4,
1782498017.4380288,200,146.33905421942472,qwen15b-npu7,
1782498017.440455,200,116.22527102008462,qwen15b-npu5,
1782498017.4408505,200,116.29260191693902,qwen15b-npu5,
1782498017.4430335,200,126.09291821718216,qwen15b-npu4,
1782498017.4435642,200,115.75469793751836,qwen15b-npu4,
1782498017.453422,200,137.33782386407256,qwen15b-npu3,
1782498017.453808,200,139.00918373838067,qwen15b-npu3,
1782498017.4654083,200,113.8757849112153,qwen15b-npu5,
1782498017.4658265,200,116.39633169397712,qwen15b-npu5,
1782498017.466968,200,152.5266864337027,qwen15b-npu6,
1782498017.4672976,200,138.6943031102419,qwen15b-npu6,
1782498017.467934,200,126.57663086429238,qwen15b-npu7,
1782498017.4694598,200,140.3829832561314,qwen15b-npu7,
1782498017.4701908,200,141.97121374309063,qwen15b-npu7,
1782498017.4827948,200,129.3070986866951,qwen15b-npu3,
1782498017.484204,200,157.15693682432175,qwen15b-npu3,
1782498017.4848964,200,144.666681997478,qwen15b-npu3,
1782498017.4854918,200,159.1041092760861,qwen15b-npu3,
1782498017.494391,200,145.25177609175444,qwen15b-npu7,
1782498017.4966815,200,128.66414478048682,qwen15b-npu6,
1782498017.4970286,200,131.79595582187176,qwen15b-npu6,
1782498017.5084586,200,127.96190101653337,qwen15b-npu3,
1782498017.5144024,200,117.63004120439291,qwen15b-npu5,
1782498017.5147529,200,118.29272517934442,qwen15b-npu5,
1782498017.52173,200,123.70677199214697,qwen15b-npu7,
1782498017.5360942,200,124.3961863219738,qwen15b-npu3,
1782498017.5387914,200,126.72480195760727,qwen15b-npu4,
1782498017.539126,200,128.31223290413618,qwen15b-npu4,
1782498017.541239,200,129.83136298134923,qwen15b-npu5,
1782498017.5415819,200,122.79680510982871,qwen15b-npu5,
1782498017.55003,200,134.17529221624136,qwen15b-npu7,
1782498017.5552425,200,144.98134469613433,qwen15b-npu6,
1782498017.562984,200,124.89029904827476,qwen15b-npu4,
1782498017.56364,200,110.11921102181077,qwen15b-npu4,
1782498017.5771604,200,136.23119611293077,qwen15b-npu7,
1782498017.584757,200,144.1654902882874,qwen15b-npu6,
1782498017.5865204,200,120.96281396225095,qwen15b-npu4,
1782498017.5901568,200,124.25250466912985,qwen15b-npu5,
1782498017.5918348,200,148.19516614079475,qwen15b-npu3,
1782498017.5921643,200,149.00886127725244,qwen15b-npu3,
1782498017.5925686,200,138.6399520561099,qwen15b-npu3,
1782498017.6069434,200,139.57470888271928,qwen15b-npu7,
1782498017.6077921,200,139.78258008137345,qwen15b-npu7,
1782498017.6081824,200,137.88406690582633,qwen15b-npu7,
1782498017.6116061,200,127.3222560994327,qwen15b-npu4,
1782498017.6162517,200,121.7834479175508,qwen15b-npu5,
1782498017.6172981,200,147.7218526415527,qwen15b-npu6,
1782498017.6181579,200,151.0966857895255,qwen15b-npu6,
1782498017.6194773,200,133.88004014268517,qwen15b-npu3,
1782498017.6197915,200,122.66118405386806,qwen15b-npu5,
1782498017.6201437,200,135.12546895071864,qwen15b-npu3,
1782498017.6210585,200,138.16860876977444,qwen15b-npu3,
1782498017.6352305,200,126.6586221754551,qwen15b-npu4,
1782498017.6404839,200,125.63729379326105,qwen15b-npu5,
1782498017.6444328,200,129.94055403396487,qwen15b-npu6,
1782498017.644799,200,148.0317753739655,qwen15b-npu6,
1782498017.659471,200,117.79420217499137,qwen15b-npu4,
1782498017.6609256,200,139.0817048959434,qwen15b-npu7,
1782498017.6670077,200,116.83134594932199,qwen15b-npu5,
1782498017.66804,200,126.71608198434114,qwen15b-npu5,
1782498017.6684866,200,132.29596987366676,qwen15b-npu5,
1782498017.6700866,200,131.20114197954535,qwen15b-npu3,
1782498017.673092,200,133.86358972638845,qwen15b-npu6,
1782498017.683894,200,128.4639840014279,qwen15b-npu4,
1782498017.6881409,200,125.08247094228864,qwen15b-npu7,
1782498017.6956332,200,131.92645693197846,qwen15b-npu3,
1782498017.708096,200,115.41015608236194,qwen15b-npu4,
1782498017.7139475,200,127.35077599063516,qwen15b-npu5,
1782498017.7153625,200,130.4785767570138,qwen15b-npu7,
1782498017.7222385,200,130.30509604141116,qwen15b-npu3,
1782498017.7225714,200,132.35446996986866,qwen15b-npu3,
1782498017.729919,200,137.6805561594665,qwen15b-npu6,
1782498017.7303188,200,153.07288896292448,qwen15b-npu6,
1782498017.7339623,200,113.69622498750687,qwen15b-npu4,
1782498017.734336,200,127.316455822438,qwen15b-npu4,
1782498017.7350833,200,117.67315119504929,qwen15b-npu4,
1782498017.7392,200,118.03081398829818,qwen15b-npu5,
1782498017.7395973,200,121.3546758517623,qwen15b-npu5,
1782498017.7435243,200,127.18984531238675,qwen15b-npu7,
1782498017.7437835,200,135.52315114066005,qwen15b-npu7,
1782498017.7472072,200,127.63836793601513,qwen15b-npu3,
1782498017.7571821,200,121.84108886867762,qwen15b-npu4,
1782498017.7601857,200,152.32144389301538,qwen15b-npu6,
1782498017.7605205,200,140.63769485801458,qwen15b-npu6,
1782498017.760824,200,149.13900243118405,qwen15b-npu6,
1782498017.7709694,200,130.3924173116684,qwen15b-npu7,
1782498017.773703,200,128.83368600159883,qwen15b-npu3,
1782498017.7821176,200,111.94438301026821,qwen15b-npu4,
1782498017.7827458,200,123.21341875940561,qwen15b-npu4,
1782498017.7871938,200,142.66100898385048,qwen15b-npu6,
1782498017.7883775,200,120.21179916337132,qwen15b-npu5,
1782498017.7968736,200,135.85447380319238,qwen15b-npu7,
1782498017.8008707,200,132.26812006905675,qwen15b-npu3,
1782498017.8133261,200,125.11969124898314,qwen15b-npu5,
1782498017.818478,200,145.29703743755817,qwen15b-npu6,
1782498017.8189166,200,151.72528009861708,qwen15b-npu6,
1782498017.8247962,200,140.8271761611104,qwen15b-npu7,
1782498017.8281631,200,132.4699497781694,qwen15b-npu3,
1782498017.8300745,200,116.05227971449494,qwen15b-npu4,
1782498017.839263,200,116.59978423267603,qwen15b-npu5,
1782498017.83976,200,131.58413534983993,qwen15b-npu5,
1782498017.8466294,200,131.16036169230938,qwen15b-npu6,
1782498017.8519099,200,129.5888009481132,qwen15b-npu7,
1782498017.8554387,200,116.13212991505861,qwen15b-npu4,
1782498017.8562841,200,122.2069407813251,qwen15b-npu4,
1782498017.8567047,200,126.26609904691577,qwen15b-npu3,
1782498017.8576868,200,127.66213901340961,qwen15b-npu3,
1782498017.8642602,200,124.57557767629623,qwen15b-npu5,
1782498017.8645864,200,130.16292499378324,qwen15b-npu5,
1782498017.8855948,200,124.6986179612577,qwen15b-npu3,
1782498017.885973,200,128.69401508942246,qwen15b-npu4,
1782498017.8876,200,116.56455369666219,qwen15b-npu4,
1782498017.8883638,200,144.49465181678534,qwen15b-npu6,
1782498017.8888147,200,141.53380179777741,qwen15b-npu7,
1782498017.8896308,200,129.00899723172188,qwen15b-npu7,
1782498017.890236,200,155.04935197532177,qwen15b-npu7,
1782498017.8906677,200,147.07507798448205,qwen15b-npu7,
1782498017.8924854,200,132.2010993026197,qwen15b-npu5,
1782498017.904474,200,115.99119985476136,qwen15b-npu4,
1782498017.9064596,200,119.1907818429172,qwen15b-npu7,
1782498017.9105575,200,127.75195902213454,qwen15b-npu3,
1782498017.911082,200,137.30030274018645,qwen15b-npu3,
1782498017.9157946,200,114.81810174882412,qwen15b-npu5,
1782498017.9285905,200,109.50625594705343,qwen15b-npu4,
1782498017.932059,200,135.1080988533795,qwen15b-npu6,
1782498017.9328687,200,150.68169310688972,qwen15b-npu6,
1782498017.941077,200,127.67148809507489,qwen15b-npu5,
1782498017.941364,200,111.23432824388146,qwen15b-npu5,
1782498017.952158,200,112.8262490965426,qwen15b-npu4,
1782498017.959864,200,141.27264032140374,qwen15b-npu7,
1782498017.9631355,200,138.2598001509905,qwen15b-npu3,
1782498017.9634159,200,135.19249763339758,qwen15b-npu3,
1782498017.9761326,200,119.31188218295574,qwen15b-npu4,
1782498017.98687,200,130.45972725376487,qwen15b-npu7,
1782498017.9887137,200,136.73083996400237,qwen15b-npu3,
1782498017.9905415,200,134.99056780710816,qwen15b-npu5,
1782498017.9913464,200,126.70239200815558,qwen15b-npu5,
1782498017.9924595,200,134.65499598532915,qwen15b-npu6,
1782498017.9931712,200,153.31015083938837,qwen15b-npu6,
1782498017.9935322,200,146.7925771139562,qwen15b-npu6,
1782498017.9939187,200,129.57166181877255,qwen15b-npu6,
1782498018.000135,200,112.42021480575204,qwen15b-npu4,
1782498018.015022,200,124.25261503085494,qwen15b-npu5,
1782498018.0164886,200,123.92186280339956,qwen15b-npu7,
1782498018.0167596,200,130.63321821391582,qwen15b-npu7,
1782498018.0175576,200,129.08399710431695,qwen15b-npu7,
1782498018.0182242,200,132.52507103607059,qwen15b-npu3,
1782498018.0189795,200,129.27155895158648,qwen15b-npu7,
1782498018.019324,200,128.9621670730412,qwen15b-npu3,
1782498018.0210576,200,132.16011878103018,qwen15b-npu6,
1782498018.0248528,200,120.28800882399082,qwen15b-npu4,
1782498018.0397782,200,128.6242250353098,qwen15b-npu5,
1782498018.0411859,200,125.31055230647326,qwen15b-npu7,
1782498018.0419858,200,135.43072110041976,qwen15b-npu3,
1782498018.0456915,200,135.0583378225565,qwen15b-npu6,
1782498018.0493765,200,117.2078880481422,qwen15b-npu4,
1782498018.0497625,200,121.01920414716005,qwen15b-npu4,
1782498018.0645683,200,112.34541609883308,qwen15b-npu5,
1782498018.0685651,200,127.12537404149771,qwen15b-npu3,
1782498018.0692332,200,128.09321098029613,qwen15b-npu3,
1782498018.0744033,200,141.44659135490656,qwen15b-npu6,
1782498018.0890644,200,125.582714099437,qwen15b-npu5,
1782498018.0963867,200,107.60166309773922,qwen15b-npu4,
1782498018.0968091,200,120.59418996796012,qwen15b-npu4,
1782498018.1034868,200,140.26733301579952,qwen15b-npu6,
1782498018.1042109,200,144.25051026046276,qwen15b-npu6,
1782498018.1140168,200,123.36685927584767,qwen15b-npu5,
1782498018.1211789,200,120.96473295241594,qwen15b-npu3,
1782498018.1214905,200,130.04585402086377,qwen15b-npu3,
1782498018.1263802,200,139.39517689868808,qwen15b-npu7,
1782498018.126686,200,134.12447227165103,qwen15b-npu7,
1782498018.1269238,200,133.2700359635055,qwen15b-npu7,
1782498018.1328049,200,138.79747316241264,qwen15b-npu6,
1782498018.1331575,200,139.87735100090504,qwen15b-npu6,
1782498018.1402574,200,125.14271074905992,qwen15b-npu5,
1782498018.1405666,200,123.70006088167429,qwen15b-npu5,
1782498018.1410117,200,121.56541692093015,qwen15b-npu5,
1782498018.1433382,200,118.40015603229403,qwen15b-npu4,
1782498018.1440606,200,122.90449626743793,qwen15b-npu4,
1782498018.146785,200,128.4714830107987,qwen15b-npu3,
1782498018.151001,200,131.94382702931762,qwen15b-npu7,
1782498018.1620421,200,144.3807310424745,qwen15b-npu6,
1782498018.1623628,200,145.80535981804132,qwen15b-npu6,
1782498018.1635268,200,117.77251213788986,qwen15b-npu5,
1782498018.1683152,200,118.3819561265409,qwen15b-npu4,
1782498018.1688542,200,119.367313105613,qwen15b-npu4,
1782498018.1792314,200,139.36859695240855,qwen15b-npu7,
1782498018.1795819,200,138.3172501809895,qwen15b-npu7,
1782498018.1882985,200,119.67022391036153,qwen15b-npu5,
1782498018.1906018,200,148.52407900616527,qwen15b-npu6,
1782498018.1970532,200,122.58915416896343,qwen15b-npu3,
1782498018.2059753,200,141.32231008261442,qwen15b-npu7,
1782498018.2127159,200,123.5926509834826,qwen15b-npu5,
1782498018.2146728,200,118.16975520923734,qwen15b-npu4,
1782498018.2194479,200,150.1442501321435,qwen15b-npu6,
1782498018.2233257,200,126.40452990308404,qwen15b-npu3,
1782498018.233163,200,129.59767132997513,qwen15b-npu7,
1782498018.23764,200,111.16834729909897,qwen15b-npu5,
1782498018.2391536,200,112.160534132272,qwen15b-npu4,
1782498018.2393942,200,112.6340669579804,qwen15b-npu4,
1782498018.2489738,200,144.67075187712908,qwen15b-npu6,
1782498018.2525191,200,138.4069798514247,qwen15b-npu3,
1782498018.252851,200,131.6032442264259,qwen15b-npu3,
1782498018.2627215,200,121.63634784519672,qwen15b-npu7,
1782498018.2631211,200,141.53928076848388,qwen15b-npu7,
1782498018.2635758,200,130.32588735222816,qwen15b-npu7,
1782498018.2653182,200,121.16950424388051,qwen15b-npu5,
1782498018.2665434,200,115.48038618639112,qwen15b-npu4,
1782498018.2796934,200,139.02771519497037,qwen15b-npu3,
1782498018.2802706,200,147.37380109727383,qwen15b-npu6,
1782498018.280496,200,133.63102823495865,qwen15b-npu6,
1782498018.2810676,200,137.66318513080478,qwen15b-npu3,
1782498018.28137,200,141.02705800905824,qwen15b-npu6,
1782498018.2816992,200,119.55533316358924,qwen15b-npu3,
1782498018.2887788,200,126.33577873930335,qwen15b-npu7,
1782498018.2898984,200,110.22606072947383,qwen15b-npu4,
1782498018.292556,200,123.57622059062123,qwen15b-npu5,
1782498018.2929692,200,129.3767001479864,qwen15b-npu5,
1782498018.3052442,200,136.7759401910007,qwen15b-npu3,
1782498018.3089237,200,129.60970075801015,qwen15b-npu6,
1782498018.3152375,200,126.86071265488863,qwen15b-npu4,
1782498018.3158004,200,109.76176802068949,qwen15b-npu4,
1782498018.3165238,200,119.4006921723485,qwen15b-npu7,
1782498018.3330235,200,118.25447482988238,qwen15b-npu3,
1782498018.3334594,200,142.79432967305183,qwen15b-npu3,
1782498018.3414268,200,128.64578515291214,qwen15b-npu5,
1782498018.341793,200,118.38744627311826,qwen15b-npu5,
1782498018.3626325,200,124.9001189135015,qwen15b-npu4,
1782498018.3664212,200,133.17676493898034,qwen15b-npu5,
1782498018.3667426,200,127.52080708742142,qwen15b-npu6,
1782498018.3673708,200,147.84586429595947,qwen15b-npu6,
1782498018.3733966,200,133.9293010532856,qwen15b-npu7,
1782498018.3738093,200,120.89216336607933,qwen15b-npu7,
1782498018.38566,200,136.57306786626577,qwen15b-npu3,
1782498018.3860247,200,122.36129259690642,qwen15b-npu3,
1782498018.3871996,200,106.64600739255548,qwen15b-npu4,
1782498018.3877218,200,124.50253684073687,qwen15b-npu4,
1782498018.398353,200,145.7469197921455,qwen15b-npu6,
1782498018.3987343,200,132.1248379535973,qwen15b-npu6,
1782498018.399741,200,134.34831285849214,qwen15b-npu7,
1782498018.4006848,200,137.8451557829976,qwen15b-npu7,
1782498018.4109366,200,117.89401201531291,qwen15b-npu4,
1782498018.413067,200,131.91773695871234,qwen15b-npu3,
1782498018.4137497,200,123.7723222002387,qwen15b-npu3,
1782498018.416856,200,135.41564997285604,qwen15b-npu5,
1782498018.417164,200,136.83124026283622,qwen15b-npu5,
1782498018.4175339,200,137.77341693639755,qwen15b-npu5,
1782498018.421607,200,128.90584720298648,qwen15b-npu6,
1782498018.421946,200,133.08822503313422,qwen15b-npu6,
1782498018.4268525,200,145.06767503917217,qwen15b-npu7,
1782498018.4274826,200,122.16760078445077,qwen15b-npu7,
1782498018.4359214,200,126.90071295946836,qwen15b-npu4,
1782498018.4362576,200,119.63658407330513,qwen15b-npu4,
1782498018.4410334,200,125.72768609970808,qwen15b-npu5,
1782498018.449028,200,133.15658504143357,qwen15b-npu6,
1782498018.4531152,200,119.51723415404558,qwen15b-npu7,
1782498018.4599335,200,126.78488297387958,qwen15b-npu4,
1782498018.4659014,200,124.01418387889862,qwen15b-npu3,
1782498018.4667,200,125.18457090482116,qwen15b-npu3,
1782498018.4829834,200,116.13315111026168,qwen15b-npu4,
1782498018.490088,200,116.1629306152463,qwen15b-npu5,
1782498018.4923594,200,129.61789220571518,qwen15b-npu3,
1782498018.492677,200,119.16994117200375,qwen15b-npu3,
1782498018.5075972,200,121.48498697206378,qwen15b-npu4,
1782498018.5086925,200,142.17849494889379,qwen15b-npu7,
1782498018.5090523,200,141.58950187265873,qwen15b-npu7,
1782498018.5093946,200,110.53156293928623,qwen15b-npu4,
1782498018.5146453,200,116.18953105062246,qwen15b-npu5,
1782498018.5191538,200,131.37068320065737,qwen15b-npu3,
1782498018.5194993,200,132.21364887431264,qwen15b-npu3,
1782498018.5310392,200,113.4206228889525,qwen15b-npu4,
1782498018.5318165,200,104.8635053448379,qwen15b-npu4,
1782498018.5350733,200,121.24033505097032,qwen15b-npu7,
1782498018.5354578,200,135.6280012987554,qwen15b-npu7,
1782498018.5382676,200,152.51268493011594,qwen15b-npu6,
1782498018.5386045,200,137.83166697248816,qwen15b-npu6,
1782498018.5396154,200,128.60797438770533,qwen15b-npu6,
1782498018.5419593,200,125.0176397152245,qwen15b-npu5,
1782498018.5427237,200,125.45878300443292,qwen15b-npu5,
1782498018.5466206,200,124.55855729058385,qwen15b-npu3,
1782498018.5617752,200,120.67917082458735,qwen15b-npu7,
1782498018.5620825,200,134.4979638233781,qwen15b-npu7,
1782498018.565117,200,129.10584779456258,qwen15b-npu5,
1782498018.5672169,200,130.89320017024875,qwen15b-npu6,
1782498018.5674598,200,154.31424789130688,qwen15b-npu6,
1782498018.5678205,200,146.1186520755291,qwen15b-npu6,
1782498018.5778723,200,124.67807903885841,qwen15b-npu4,
1782498018.5884879,200,121.70603824779391,qwen15b-npu7,
1782498018.589175,200,123.18105902522802,qwen15b-npu7,
1782498018.5915017,200,131.45200395956635,qwen15b-npu5,
1782498018.595049,200,145.9584808908403,qwen15b-npu6,
1782498018.6155553,200,132.49387126415968,qwen15b-npu5,
1782498018.624001,200,131.55534490942955,qwen15b-npu6,
1782498018.6255202,200,116.37193197384477,qwen15b-npu4,
1782498018.627553,200,119.85242599621415,qwen15b-npu3,
1782498018.6278584,200,137.64945603907108,qwen15b-npu3,
1782498018.6283386,200,135.53886115550995,qwen15b-npu3,
1782498018.6413136,200,132.51817133277655,qwen15b-npu7,
1782498018.6421142,200,122.55141418427229,qwen15b-npu5,
1782498018.6429727,200,123.73743206262589,qwen15b-npu5,
1782498018.643238,200,128.52702382951975,qwen15b-npu5,
1782498018.6508114,200,118.91470989212394,qwen15b-npu4,
1782498018.6511986,200,120.10131776332855,qwen15b-npu4,
1782498018.6526906,200,117.51453997567296,qwen15b-npu3,
1782498018.653012,200,143.50914489477873,qwen15b-npu6,
1782498018.6666873,200,126.98500417172909,qwen15b-npu5,
1782498018.6669996,200,120.30773889273405,qwen15b-npu5,
1782498018.6754491,200,113.5859340429306,qwen15b-npu4,
1782498018.6757233,200,110.53157318383455,qwen15b-npu4,
1782498018.6759756,200,113.80170471966267,qwen15b-npu4,
1782498018.6814299,200,139.3907070159912,qwen15b-npu3,
1782498018.6817331,200,143.0352721363306,qwen15b-npu3,
1782498018.687801,200,144.9749548919499,qwen15b-npu6,
1782498018.6881752,200,149.82239669188857,qwen15b-npu6,
1782498018.68856,200,152.97423908486962,qwen15b-npu6,
1782498018.6929562,200,125.43516280129552,qwen15b-npu5,
1782498018.696954,200,129.6720621176064,qwen15b-npu7,
1782498018.6982083,200,120.27551932260394,qwen15b-npu4,
1782498018.6985989,200,109.34173502027988,qwen15b-npu4,
1782498018.7077916,200,139.87686997279525,qwen15b-npu3,
1782498018.7161584,200,127.59089702740312,qwen15b-npu5,
1782498018.7242382,200,129.10250760614872,qwen15b-npu7,
1782498018.7406466,200,112.23254492506385,qwen15b-npu5,
1782498018.7424378,200,150.82015423104167,qwen15b-npu6,
1782498018.751631,200,127.56040832027793,qwen15b-npu7,
1782498018.7657704,200,138.1402388215065,qwen15b-npu3,
1782498018.7667787,200,138.78666330128908,qwen15b-npu3,
1782498018.7680588,200,126.66339101269841,qwen15b-npu5,
1782498018.7683823,200,126.20444782078266,qwen15b-npu4,
1782498018.7735603,200,157.92081132531166,qwen15b-npu6,
1782498018.7744358,200,131.40044314786792,qwen15b-npu6,
1782498018.7747445,200,149.1618133150041,qwen15b-npu6,
1782498018.7844546,200,141.11531805247068,qwen15b-npu7,
1782498018.7847438,200,131.66837487369776,qwen15b-npu7,
1782498018.7855253,200,134.26051335409284,qwen15b-npu7,
1782498018.792029,200,116.49762280285358,qwen15b-npu4,
1782498018.7926033,200,116.82003503665328,qwen15b-npu5,
1782498018.7940521,200,126.90786318853498,qwen15b-npu3,
1782498018.7944307,200,127.66427919268608,qwen15b-npu3,
1782498018.8026476,200,151.75465028733015,qwen15b-npu6,
1782498018.8030176,200,150.24401992559433,qwen15b-npu6,
1782498018.8114312,200,123.16435808315873,qwen15b-npu7,
1782498018.812132,200,130.6255590170622,qwen15b-npu7,
1782498018.8169382,200,119.92599628865719,qwen15b-npu4,
1782498018.8171582,200,124.12745412439108,qwen15b-npu4,
1782498018.8220773,200,134.16219176724553,qwen15b-npu5,
1782498018.8223627,200,123.69204079732299,qwen15b-npu5,
1782498018.822605,200,133.95071122795343,qwen15b-npu5,
1782498018.8229406,200,115.09128427132964,qwen15b-npu5,
1782498018.8246872,200,148.6170287244022,qwen15b-npu3,
1782498018.8249562,200,143.1501330807805,qwen15b-npu3,
1782498018.837951,200,139.65992908924818,qwen15b-npu7,
1782498018.847527,200,123.23071900755167,qwen15b-npu3,
1782498018.8478544,200,131.6175451502204,qwen15b-npu3,
1782498018.8640146,200,121.46625574678183,qwen15b-npu7,
1782498018.8666303,200,125.88225584477186,qwen15b-npu5,
1782498018.8861973,200,134.50353499501944,qwen15b-npu6,
1782498018.8886654,200,120.21570792421699,qwen15b-npu4,
1782498018.8889685,200,122.07389110699296,qwen15b-npu4,
1782498018.8913774,200,123.23305802419782,qwen15b-npu7,
1782498018.89176,200,125.89880684390664,qwen15b-npu7,
1782498018.9122736,200,118.12027404084802,qwen15b-npu4,
1782498018.9126546,200,118.1577742099762,qwen15b-npu4,
1782498018.9149568,200,140.44698420912027,qwen15b-npu6,
1782498018.9153397,200,140.49494406208396,qwen15b-npu6,
1782498018.9156513,200,130.84116019308567,qwen15b-npu6,
1782498018.9178293,200,144.19460901990533,qwen15b-npu7,
1782498018.9181573,200,125.48940302804112,qwen15b-npu7,
1782498018.9305923,200,146.05646207928658,qwen15b-npu3,
1782498018.930938,200,145.32133704051375,qwen15b-npu3,
1782498018.9313076,200,139.21100599691272,qwen15b-npu3,
1782498018.931565,200,128.822416998446,qwen15b-npu3,
1782498018.936115,200,123.91892308369279,qwen15b-npu4,
1782498018.9364734,200,114.31070882827044,qwen15b-npu4,
1782498018.9430358,200,126.03665795177221,qwen15b-npu5,
1782498018.943358,200,120.93333341181278,qwen15b-npu5,
1782498018.9436808,200,120.97585294395685,qwen15b-npu5,
1782498018.9439194,200,118.86235000565648,qwen15b-npu5,
1782498018.9476082,200,136.0950949601829,qwen15b-npu6,
1782498018.9486074,200,145.4781680367887,qwen15b-npu6,
1782498018.9492104,200,131.99122715741396,qwen15b-npu6,
1782498018.9499006,200,125.14118198305368,qwen15b-npu7,
1782498018.9501717,200,127.1641249768436,qwen15b-npu7,
1782498018.9568343,200,118.80435794591904,qwen15b-npu3,
1782498018.9576967,200,110.08695000782609,qwen15b-npu4,
1782498018.9737575,200,125.84361620247364,qwen15b-npu6,
1782498018.9827242,200,118.62183781340718,qwen15b-npu3,
1782498019.0023026,200,135.54735109210014,qwen15b-npu6,
1782498019.0095665,200,120.81745220348239,qwen15b-npu3,
1782498019.0155694,200,123.7082309089601,qwen15b-npu5,
1782498019.0293057,200,140.23023331537843,qwen15b-npu7,
1782498019.0297275,200,143.44531437382102,qwen15b-npu7,
1782498019.030493,200,139.01778496801853,qwen15b-npu6,
1782498019.0376062,200,122.1582111902535,qwen15b-npu3,
1782498019.0379503,200,122.23488232120872,qwen15b-npu3,
1782498019.0434508,200,128.39466286823153,qwen15b-npu5,
1782498019.0437381,200,131.01761089637876,qwen15b-npu5,
1782498019.0447443,200,126.84081215411425,qwen15b-npu5,
1782498019.0541022,200,110.36073183640838,qwen15b-npu4,
1782498019.0543444,200,110.88728532195091,qwen15b-npu4,
1782498019.0546863,200,110.6655839830637,qwen15b-npu4,
1782498019.0570264,200,125.64507499337196,qwen15b-npu7,
1782498019.0573118,200,144.92948399856687,qwen15b-npu7,
1782498019.0577545,200,126.10871810466051,qwen15b-npu7,
1782498019.0591638,200,128.12550086528063,qwen15b-npu6,
1782498019.0598817,200,123.67960112169385,qwen15b-npu6,
1782498019.0601485,200,141.90379437059164,qwen15b-npu6,
1782498019.0652366,200,134.54512413591146,qwen15b-npu3,
1782498019.0656662,200,129.0804180316627,qwen15b-npu3,
1782498019.0687222,200,118.4840272180736,qwen15b-npu5,
1782498019.0691028,200,120.39689905941486,qwen15b-npu5,
1782498019.0773036,200,119.53139305114746,qwen15b-npu4,
1782498019.077614,200,128.31446202471852,qwen15b-npu4,
1782498019.0809412,200,137.8055470995605,qwen15b-npu7,
1782498019.0874684,200,130.5758678354323,qwen15b-npu6,
1782498019.0916872,200,141.70339284464717,qwen15b-npu3,
1782498019.0920134,200,144.3187897093594,qwen15b-npu3,
1782498019.0931087,200,119.29387180134654,qwen15b-npu5,
1782498019.1008887,200,118.07830398902297,qwen15b-npu4,
1782498019.1196795,200,117.2532276250422,qwen15b-npu5,
1782498019.124642,200,114.99911407008767,qwen15b-npu4,
1782498019.14283,200,127.17782519757748,qwen15b-npu6,
1782498019.1482267,200,104.38310215249658,qwen15b-npu4,
1782498019.1611993,200,117.67316097393632,qwen15b-npu7,
1782498019.161511,200,131.66758604347706,qwen15b-npu7,
1782498019.162069,200,131.49136397987604,qwen15b-npu7,
1782498019.1710944,200,133.08403501287103,qwen15b-npu6,
1782498019.1718273,200,126.98370404541492,qwen15b-npu3,
1782498019.1720877,200,142.65413908287883,qwen15b-npu3,
1782498019.1736627,200,135.9661240130663,qwen15b-npu5,
1782498019.1739936,200,119.59067406132817,qwen15b-npu5,
1782498019.1751502,200,117.2983581200242,qwen15b-npu4,
1782498019.1758857,200,110.54046265780926,qwen15b-npu4,
1782498019.1762683,200,117.03818710520864,qwen15b-npu5,
1782498019.1765375,200,119.43451315164566,qwen15b-npu4,
1782498019.1874213,200,127.47192708775401,qwen15b-npu7,
1782498019.1877987,200,133.02020402625203,qwen15b-npu7,
1782498019.1881363,200,118.97085001692176,qwen15b-npu7,
1782498019.1956499,200,108.10077702626586,qwen15b-npu4,
1782498019.1983762,200,120.99578278139234,qwen15b-npu5,
1782498019.1992135,200,141.80103270336986,qwen15b-npu3,
1782498019.2002075,200,131.37675402686,qwen15b-npu3,
1782498019.2014217,200,123.74701211228967,qwen15b-npu3,
1782498019.2034273,200,137.63776514679193,qwen15b-npu6,
1782498019.203785,200,143.56934605166316,qwen15b-npu6,
1782498019.2042038,200,150.03749867901206,qwen15b-npu6,
1782498019.2114522,200,119.3438321352005,qwen15b-npu7,
1782498019.225744,200,133.9823198504746,qwen15b-npu5,
1782498019.2260587,200,125.08758995682001,qwen15b-npu3,
1782498019.2299218,200,148.9238510839641,qwen15b-npu6,
1782498019.2302547,200,137.0862922631204,qwen15b-npu6,
1782498019.2492673,200,124.53810824081302,qwen15b-npu7,
1782498019.2551847,200,135.3832301683724,qwen15b-npu4,
1782498019.2751753,200,113.01157996058464,qwen15b-npu4,
1782498019.2818978,200,120.61168113723397,qwen15b-npu5,
1782498019.2822042,200,139.28935723379254,qwen15b-npu5,
1782498019.2925296,200,144.18789884075522,qwen15b-npu3,
1782498019.2942622,200,132.64931179583073,qwen15b-npu6,
1782498019.30088,200,127.11219489574432,qwen15b-npu4,
1782498019.3011382,200,125.15683099627495,qwen15b-npu4,
1782498019.302013,200,130.12366509065032,qwen15b-npu7,
1782498019.3022435,200,128.18551203235984,qwen15b-npu7,
1782498019.3082232,200,137.01566075906157,qwen15b-npu5,
1782498019.3085117,200,120.27388904243708,qwen15b-npu5,
1782498019.3198571,200,143.2613329961896,qwen15b-npu3,
1782498019.3201838,200,144.93717392906547,qwen15b-npu3,
1782498019.3239183,200,136.04125380516052,qwen15b-npu6,
1782498019.324186,200,147.82803412526846,qwen15b-npu6,
1782498019.3250203,200,152.79880724847317,qwen15b-npu6,
1782498019.3269088,200,127.59800814092159,qwen15b-npu4,
1782498019.3272636,200,122.95677699148655,qwen15b-npu4,
1782498019.3276856,200,129.22988878563046,qwen15b-npu4,
1782498019.3309321,200,143.40236503630877,qwen15b-npu7,
1782498019.3318822,200,136.1655555665493,qwen15b-npu7,
1782498019.3335192,200,129.98750433325768,qwen15b-npu5,
1782498019.346682,200,145.17206605523825,qwen15b-npu3,
1782498019.3470368,200,143.15739320591092,qwen15b-npu3,
1782498019.3517613,200,151.4410488307476,qwen15b-npu6,
1782498019.3579671,200,127.65175802633166,qwen15b-npu5,
1782498019.3589787,200,147.44865102693439,qwen15b-npu7,
1782498019.3592813,200,133.15321505069733,qwen15b-npu7,
1782498019.373451,200,143.4381240978837,qwen15b-npu3,
1782498019.3737202,200,124.21255465596914,qwen15b-npu3,
1782498019.373983,200,148.1344262138009,qwen15b-npu3,
1782498019.3752148,200,119.90447621792555,qwen15b-npu4,
1782498019.41015,200,134.89020662382245,qwen15b-npu6,
1782498019.4108465,200,128.86496726423502,qwen15b-npu5,
1782498019.411304,200,128.98739660158753,qwen15b-npu5,
1782498019.4116282,200,117.2662079334259,qwen15b-npu5,
1782498019.4240682,200,121.99022015556693,qwen15b-npu4,
1782498019.424375,200,123.16663796082139,qwen15b-npu4,
1782498019.4385092,200,145.831021014601,qwen15b-npu6,
1782498019.4389653,200,136.65630901232362,qwen15b-npu6,
1782498019.4422994,200,133.72474908828735,qwen15b-npu7,
1782498019.442547,200,141.59300178289413,qwen15b-npu7,
1782498019.4431229,200,134.83651680871844,qwen15b-npu7,
1782498019.449258,200,121.47388700395823,qwen15b-npu4,
1782498019.4495173,200,124.38420625403523,qwen15b-npu4,
1782498019.455341,200,135.08003810420632,qwen15b-npu3,
1782498019.4555814,200,121.95728998631239,qwen15b-npu3,
1782498019.4564242,200,136.48152723908424,qwen15b-npu3,
1782498019.4613376,200,133.9623797684908,qwen15b-npu5,
1782498019.461743,200,130.71397878229618,qwen15b-npu5,
1782498019.4682293,200,136.24765584245324,qwen15b-npu6,
1782498019.468586,200,144.58967186510563,qwen15b-npu6,
1782498019.469487,200,145.237575750798,qwen15b-npu6,
1782498019.4702494,200,143.2469431310892,qwen15b-npu7,
1782498019.4710433,200,123.92178364098072,qwen15b-npu7,
1782498019.473336,200,115.28628505766392,qwen15b-npu4,
1782498019.479307,200,119.93805598467588,qwen15b-npu3,
1782498019.4796803,200,132.9035540111363,qwen15b-npu3,
1782498019.486208,200,134.36510367318988,qwen15b-npu5,
1782498019.4944563,200,135.39825985208154,qwen15b-npu6,
1782498019.496738,200,123.206228017807,qwen15b-npu7,
1782498019.4982529,200,124.47434710338712,qwen15b-npu4,
1782498019.5253341,200,113.63629437983036,qwen15b-npu4,
1782498019.5385127,200,164.4388851709664,qwen15b-npu6,
1782498019.53883,200,163.48897898569703,qwen15b-npu6,
1782498019.541092,200,116.64646491408348,qwen15b-npu5,
1782498019.5414562,200,130.53842820227146,qwen15b-npu5,
1782498019.5454626,200,134.05857095494866,qwen15b-npu3,
1782498019.5491397,200,124.9977108091116,qwen15b-npu4,
1782498019.5663207,200,116.74205493181944,qwen15b-npu5,
1782498019.566643,200,124.00939268991351,qwen15b-npu5,
1782498019.5674784,200,157.21865696832538,qwen15b-npu7,
1782498019.5731726,200,134.5262541435659,qwen15b-npu3,
1782498019.574604,200,131.41392404213548,qwen15b-npu4,
1782498019.5911334,200,134.61932493373752,qwen15b-npu5,
1782498019.5915222,200,122.82934598624706,qwen15b-npu5,
1782498019.5953052,200,152.9390481300652,qwen15b-npu7,
1782498019.5983388,200,159.27520021796227,qwen15b-npu6,
1782498019.5991626,200,149.83946736901999,qwen15b-npu6,
1782498019.6007879,200,127.3906771093607,qwen15b-npu4,
1782498019.6011305,200,114.8424819111824,qwen15b-npu4,
1782498019.6031232,200,147.71514385938644,qwen15b-npu3,
1782498019.6034422,200,147.79198355972767,qwen15b-npu3,
1782498019.6040776,200,142.63996900990605,qwen15b-npu3,
1782498019.615413,200,120.88658288121223,qwen15b-npu5,
1782498019.625126,200,154.77120084688067,qwen15b-npu7,
1782498019.6262753,200,156.69742319732904,qwen15b-npu7,
1782498019.6266365,200,158.29903492704034,qwen15b-npu7,
1782498019.6282403,200,166.36068793013692,qwen15b-npu6,
1782498019.6286507,200,130.33822597935796,qwen15b-npu4,
1782498019.6291604,200,158.00525294616818,qwen15b-npu6,
1782498019.629408,200,150.00926796346903,qwen15b-npu7,
1782498019.6303935,200,150.61005298048258,qwen15b-npu3,
1782498019.6499658,200,124.4359272532165,qwen15b-npu7,
1782498019.6507528,200,112.16768389567733,qwen15b-npu4,
1782498019.6543906,200,157.58924884721637,qwen15b-npu6,
1782498019.6657548,200,120.20590901374817,qwen15b-npu5,
1782498019.6790347,200,137.48182402923703,qwen15b-npu7,
1782498019.682219,200,143.32666294649243,qwen15b-npu6,
1782498019.6850164,200,143.82732706144452,qwen15b-npu3,
1782498019.6855493,200,136.34725706651807,qwen15b-npu3,
1782498019.6920273,200,125.61131408438087,qwen15b-npu5,
1782498019.701306,200,127.99342069774866,qwen15b-npu4,
1782498019.7016468,200,134.0879420749843,qwen15b-npu4,
1782498019.7112818,200,136.59509923309088,qwen15b-npu3,
1782498019.7120223,200,145.29471704736352,qwen15b-npu6,
1782498019.7191846,200,127.59429821744561,qwen15b-npu5,
1782498019.7195158,200,115.97654968500137,qwen15b-npu5,
1782498019.7278886,200,124.6746783144772,qwen15b-npu4,
1782498019.7281704,200,132.78392190113664,qwen15b-npu4,
1782498019.7284706,200,127.58406717330217,qwen15b-npu4,
1782498019.7367268,200,145.511738024652,qwen15b-npu7,
1782498019.7372139,200,132.99594400450587,qwen15b-npu7,
1782498019.740549,200,142.13117631152272,qwen15b-npu3,
1782498019.7409058,200,139.6753187291324,qwen15b-npu3,
1782498019.7430246,200,143.75197608023882,qwen15b-npu6,
1782498019.7479632,200,122.73344490677118,qwen15b-npu5,
1782498019.7482839,200,121.91363982856274,qwen15b-npu5,
1782498019.748562,200,133.05683387443423,qwen15b-npu5,
1782498019.749051,200,120.30813936144114,qwen15b-npu5,
1782498019.7528944,200,123.67311213165522,qwen15b-npu4,
1782498019.7660701,200,135.59237215667963,qwen15b-npu7,
1782498019.767249,200,140.51839523017406,qwen15b-npu3,
1782498019.7677314,200,139.36629705131054,qwen15b-npu3,
1782498019.7687457,200,139.24022624269128,qwen15b-npu6,
1782498019.7708385,200,116.36642226949334,qwen15b-npu5,
1782498019.7953548,200,129.51370095834136,qwen15b-npu3,
1782498019.7956648,200,145.61716886237264,qwen15b-npu3,
1782498019.7963264,200,117.19233822077513,qwen15b-npu5,
1782498019.7970526,200,146.23443316668272,qwen15b-npu6,
1782498019.8025072,200,116.84661591425538,qwen15b-npu4,
1782498019.8036723,200,118.49237699061632,qwen15b-npu4,
1782498019.8208327,200,119.43957302719355,qwen15b-npu5,
1782498019.8215458,200,129.4128098525107,qwen15b-npu7,
1782498019.8268056,200,125.08200109004974,qwen15b-npu6,
1782498019.8272648,200,115.15358509495854,qwen15b-npu4,
1782498019.8276718,200,145.37074696272612,qwen15b-npu6,
1782498019.8493304,200,121.35255569592118,qwen15b-npu3,
1782498019.8515863,200,131.95541687309742,qwen15b-npu7,
1782498019.8518474,200,140.47896536067128,qwen15b-npu7,
1782498019.8521638,200,123.91799269244075,qwen15b-npu4,
1782498019.8530412,200,133.7748900987208,qwen15b-npu6,
1782498019.870951,200,122.89639608934522,qwen15b-npu5,
1782498019.8714552,200,122.73681582883,qwen15b-npu5,
1782498019.88329,200,130.31730614602566,qwen15b-npu3,
1782498019.8858354,200,119.6797238662839,qwen15b-npu4,
1782498019.886129,200,118.32077475264668,qwen15b-npu4,
1782498019.8863692,200,137.24458310753107,qwen15b-npu4,
1782498019.8886206,200,151.28361713141203,qwen15b-npu6,
1782498019.888926,200,148.26507726684213,qwen15b-npu7,
1782498019.8892758,200,148.295097053051,qwen15b-npu7,
1782498019.8903537,200,147.257249802351,qwen15b-npu6,
1782498019.8912978,200,142.9432611912489,qwen15b-npu7,
1782498019.8917801,200,163.24512707069516,qwen15b-npu7,
1782498019.8922849,200,155.4372450336814,qwen15b-npu6,
1782498019.8966212,200,129.30350005626678,qwen15b-npu5,
1782498019.9084368,200,137.5329541042447,qwen15b-npu3,
1782498019.9087458,200,139.93513025343418,qwen15b-npu3,
1782498019.9221754,200,125.05478085950017,qwen15b-npu5,
1782498019.9349678,200,139.52223816886544,qwen15b-npu6,
1782498019.9355109,200,132.92944291606545,qwen15b-npu3,
1782498019.9365091,200,140.77686564996839,qwen15b-npu3,
1782498019.9380548,200,141.65793219581246,qwen15b-npu7,
1782498019.9384034,200,134.5782047137618,qwen15b-npu7,
1782498019.94976,200,128.8347658701241,qwen15b-npu4,
1782498019.95025,200,128.6312942393124,qwen15b-npu4,
1782498019.9636657,200,136.72855962067842,qwen15b-npu6,
1782498019.9647756,200,136.98182068765163,qwen15b-npu6,
1782498019.9661808,200,138.77882296219468,qwen15b-npu7,
1782498019.976476,200,124.81649871915579,qwen15b-npu5,
1782498019.976893,200,123.78596281632781,qwen15b-npu5,
1782498019.990575,200,138.33271991461515,qwen15b-npu3,
1782498019.991081,200,139.1663858667016,qwen15b-npu6,
1782498019.9946375,200,145.21744661033154,qwen15b-npu7,
1782498019.9966736,200,125.1414017751813,qwen15b-npu4,
1782498020.0183494,200,125.93440571799874,qwen15b-npu3,
1782498020.018636,200,129.22854907810688,qwen15b-npu3,
1782498020.0211484,200,135.21326892077923,qwen15b-npu6,
1782498020.02154,200,135.09619934484363,qwen15b-npu6,
1782498020.0219948,200,133.00338434055448,qwen15b-npu6,
1782498020.0230935,200,114.28591795265675,qwen15b-npu4,
1782498020.0235016,200,132.98539398238063,qwen15b-npu6,
1782498020.0248013,200,133.3855572156608,qwen15b-npu4,
1782498020.025175,200,141.76512323319912,qwen15b-npu7,
1782498020.0255857,200,136.8809100240469,qwen15b-npu7,
1782498020.0267992,200,155.76688712462783,qwen15b-npu7,
1782498020.028796,200,142.6011179573834,qwen15b-npu5,
1782498020.0293674,200,132.65417190268636,qwen15b-npu5,
1782498020.0296555,200,137.75384612381458,qwen15b-npu5,
1782498020.0456336,200,109.02837291359901,qwen15b-npu4,
1782498020.0507104,200,128.46594396978617,qwen15b-npu7,
1782498020.0510056,200,142.49564800411463,qwen15b-npu7,
1782498020.0531852,200,117.54726013168693,qwen15b-npu5,
1782498020.0696619,200,131.5328241325915,qwen15b-npu4,
1782498020.0699875,200,106.2199636362493,qwen15b-npu4,
1782498020.0735064,200,123.17489786073565,qwen15b-npu3,
1782498020.0744119,200,135.93508396297693,qwen15b-npu6,
1782498020.0748217,200,139.77614976465702,qwen15b-npu6,
1782498020.0804696,200,130.56705798953772,qwen15b-npu7,
1782498020.1004348,200,134.15973214432597,qwen15b-npu6,
1782498020.101125,200,136.20443595573306,qwen15b-npu3,
1782498020.104638,200,127.6753880083561,qwen15b-npu5,
1782498020.1056786,200,129.07276721671224,qwen15b-npu7,
1782498020.1322126,200,135.4640810750425,qwen15b-npu5,
1782498020.132515,200,137.76928605511785,qwen15b-npu5,
1782498020.1327646,200,141.56081108376384,qwen15b-npu3,
1782498020.133006,200,142.2934466972947,qwen15b-npu3,
1782498020.1440563,200,114.2697581090033,qwen15b-npu4,
1782498020.144987,200,119.30230166763067,qwen15b-npu4,
1782498020.145365,200,120.08003704249859,qwen15b-npu4,
1782498020.146001,200,124.73559798672795,qwen15b-npu4,
1782498020.1557531,200,133.64919880405068,qwen15b-npu6,
1782498020.1560864,200,134.4239031895995,qwen15b-npu6,
1782498020.156454,200,129.53849090263247,qwen15b-npu6,
1782498020.1572123,200,133.57792794704437,qwen15b-npu5,
1782498020.1577294,200,128.8298056460917,qwen15b-npu5,
1782498020.1592493,200,134.34568420052528,qwen15b-npu3,
1782498020.1596591,200,141.2251489236951,qwen15b-npu3,
1782498020.1598723,200,136.6977789439261,qwen15b-npu3,
1782498020.1622252,200,143.52107513695955,qwen15b-npu7,
1782498020.1627762,200,133.34177574142814,qwen15b-npu7,
1782498020.1812098,200,130.42185688391328,qwen15b-npu5,
1782498020.1814423,200,111.70472111552954,qwen15b-npu5,
1782498020.1825848,200,131.4425733871758,qwen15b-npu6,
1782498020.1860864,200,132.80988344922662,qwen15b-npu3,
1782498020.1881306,200,142.41618802770972,qwen15b-npu7,
1782498020.1893842,200,114.4525888375938,qwen15b-npu4,
1782498020.208703,200,135.03981800749898,qwen15b-npu6,
1782498020.2146301,200,108.85805217549205,qwen15b-npu4,
1782498020.2149425,200,134.38609428703785,qwen15b-npu3,
1782498020.2153592,200,114.85730204731226,qwen15b-npu4,
1782498020.218875,200,144.33781011030078,qwen15b-npu7,
1782498020.2193365,200,149.2165639065206,qwen15b-npu7,
1782498020.2416418,200,136.88701018691063,qwen15b-npu3,
1782498020.2419949,200,140.78090712428093,qwen15b-npu3,
1782498020.2544947,200,109.38935587182641,qwen15b-npu5,
1782498020.262523,200,129.68563195317984,qwen15b-npu4,
1782498020.2628663,200,129.7948518767953,qwen15b-npu4,
1782498020.263083,200,130.50197763368487,qwen15b-npu4,
1782498020.2682424,200,135.9350336715579,qwen15b-npu3,
1782498020.274253,200,128.1691319309175,qwen15b-npu7,
1782498020.2745397,200,130.3533772006631,qwen15b-npu7,
1782498020.2748225,200,129.3975398875773,qwen15b-npu7,
1782498020.2807353,200,117.89726186543703,qwen15b-npu5,
1782498020.2810886,200,121.16092490032315,qwen15b-npu5,
1782498020.2855577,200,125.84116589277983,qwen15b-npu4,
1782498020.2859166,200,128.12885083258152,qwen15b-npu4,
1782498020.293398,200,136.11964508891106,qwen15b-npu6,
1782498020.2938585,200,138.02793808281422,qwen15b-npu6,
1782498020.2942314,200,131.9470671005547,qwen15b-npu6,
1782498020.294496,200,135.18295902758837,qwen15b-npu6,
1782498020.301115,200,144.56787193194032,qwen15b-npu7,
1782498020.3015108,200,145.3255768865347,qwen15b-npu7,
1782498020.3050277,200,116.83759558945894,qwen15b-npu5,
1782498020.3053777,200,119.22625219449401,qwen15b-npu5,
1782498020.328666,200,146.01763198152184,qwen15b-npu3,
1782498020.3304904,200,115.07045431062579,qwen15b-npu5,
1782498020.3309145,200,122.05883115530014,qwen15b-npu5,
1782498020.3314435,200,150.1679988577962,qwen15b-npu3,
1782498020.331802,200,150.29258094727993,qwen15b-npu7,
1782498020.3321967,200,142.6954693160951,qwen15b-npu3,
1782498020.3411992,200,121.79397884756327,qwen15b-npu6,
1782498020.3551705,200,136.17941597476602,qwen15b-npu3,
1782498020.3562388,200,141.2301198579371,qwen15b-npu3,
1782498020.3567088,200,141.98354398831725,qwen15b-npu7,
1782498020.368478,200,126.74587173387408,qwen15b-npu6,
1782498020.3773038,200,114.14169799536467,qwen15b-npu5,
1782498020.380537,200,105.6539798155427,qwen15b-npu4,
1782498020.3813252,200,118.39144630357623,qwen15b-npu4,
1782498020.3853405,200,122.71235510706902,qwen15b-npu7,
1782498020.385583,200,143.47047405317426,qwen15b-npu7,
1782498020.397606,200,142.99067109823227,qwen15b-npu6,
1782498020.398015,200,129.70806192606688,qwen15b-npu6,
1782498020.4027855,200,108.48979000002146,qwen15b-npu5,
1782498020.4031146,200,128.78691591322422,qwen15b-npu5,
1782498020.4043384,200,123.13372828066349,qwen15b-npu4,
1782498020.4045935,200,109.98809896409512,qwen15b-npu4,
1782498020.4093912,200,134.76030575111508,qwen15b-npu3,
1782498020.413121,200,127.14084424078465,qwen15b-npu7,
1782498020.426765,200,125.15979120507836,qwen15b-npu5,
1782498020.428998,200,143.2981239631772,qwen15b-npu6,
1782498020.429597,200,124.15848486125469,qwen15b-npu6,
1782498020.4301908,200,136.22432621195912,qwen15b-npu6,
1782498020.4305277,200,125.40027312934399,qwen15b-npu4,
1782498020.4307604,200,149.93055816739798,qwen15b-npu6,
1782498020.4413695,200,147.8283740580082,qwen15b-npu3,
1782498020.4517086,200,121.10766395926476,qwen15b-npu4,
1782498020.4534426,200,112.15568380430341,qwen15b-npu5,
1782498020.453745,200,124.96794993057847,qwen15b-npu5,
1782498020.4540462,200,152.82211685553193,qwen15b-npu7,
1782498020.4705098,200,138.1937088444829,qwen15b-npu3,
1782498020.4709198,200,139.36688704416156,qwen15b-npu3,
1782498020.4766028,200,120.25550799444318,qwen15b-npu5,
1782498020.4768958,200,108.35373774170876,qwen15b-npu4,
1782498020.4951653,200,163.24464790523052,qwen15b-npu7,
1782498020.4968386,200,140.01702098175883,qwen15b-npu3,
1782498020.5023522,200,121.75595806911588,qwen15b-npu5,
1782498020.5027876,200,121.35530589148402,qwen15b-npu5,
1782498020.5049555,200,173.87872887775302,qwen15b-npu6,
1782498020.5242836,200,169.0297368913889,qwen15b-npu7,
1782498020.5261652,200,140.75626619160175,qwen15b-npu3,
1782498020.5265164,200,140.86043694987893,qwen15b-npu3,
1782498020.5269573,200,123.77781188115478,qwen15b-npu4,
1782498020.5509448,200,120.11905759572983,qwen15b-npu5,
1782498020.5513666,200,109.86803937703371,qwen15b-npu5,
1782498020.5521705,200,122.9623262770474,qwen15b-npu4,
1782498020.5536716,200,126.7914017662406,qwen15b-npu4,
1782498020.5539706,200,124.25668491050601,qwen15b-npu4,
1782498020.5543635,200,141.17814879864454,qwen15b-npu3,
1782498020.5555341,200,150.8810450322926,qwen15b-npu3,
1782498020.5561068,200,178.74290188774467,qwen15b-npu7,
1782498020.5571067,200,152.70747570320964,qwen15b-npu7,
1782498020.5631511,200,160.2731877937913,qwen15b-npu6,
1782498020.563552,200,165.38666235283017,qwen15b-npu6,
1782498020.5642462,200,166.5301090106368,qwen15b-npu6,
1782498020.5646284,200,155.1704127341509,qwen15b-npu6,
1782498020.5758529,200,124.0678639151156,qwen15b-npu4,
1782498020.5811758,200,127.00124364346266,qwen15b-npu3,
1782498020.5815253,200,127.70836893469095,qwen15b-npu3,
1782498020.582745,200,152.1549727767706,qwen15b-npu7,
1782498020.5869956,200,156.73136292025447,qwen15b-npu6,
1782498020.5996237,200,122.94376594945788,qwen15b-npu5,
1782498020.6005504,200,129.50742105022073,qwen15b-npu4,
1782498020.6132135,200,136.25104585662484,qwen15b-npu7,
1782498020.6135745,200,160.04194598644972,qwen15b-npu7,
1782498020.6149554,200,144.3397500552237,qwen15b-npu6,
1782498020.6253664,200,120.29317812994123,qwen15b-npu5,
1782498020.6258492,200,123.38910019025207,qwen15b-npu5,
1782498020.6363704,200,141.134908888489,qwen15b-npu3,
1782498020.642566,200,145.6158091314137,qwen15b-npu7,
1782498020.6430194,200,140.0064709596336,qwen15b-npu7,
1782498020.6502264,200,123.57266992330551,qwen15b-npu4,
1782498020.6505928,200,123.5054899007082,qwen15b-npu5,
1782498020.6663356,200,141.97702519595623,qwen15b-npu3,
1782498020.6712368,200,144.9934048578143,qwen15b-npu7,
1782498020.6746445,200,120.56380091235042,qwen15b-npu5,
1782498020.676425,200,121.93773966282606,qwen15b-npu4,
1782498020.6766655,200,124.42203611135483,qwen15b-npu4,
1782498020.6770256,200,123.29076929017901,qwen15b-npu4,
1782498020.6952982,200,130.9872712008655,qwen15b-npu3,
1782498020.69557,200,139.38657706603408,qwen15b-npu3,
1782498020.6959624,200,144.46830097585917,qwen15b-npu3,
1782498020.6987758,200,122.82922584563494,qwen15b-npu5,
1782498020.6996193,200,118.34322614595294,qwen15b-npu4,
1782498020.7007031,200,136.00139506161213,qwen15b-npu7,
1782498020.700982,200,137.7176158130169,qwen15b-npu7,
1782498020.7024586,200,138.77877313643694,qwen15b-npu6,
1782498020.7026885,200,147.09211932495236,qwen15b-npu6,
1782498020.7032385,200,152.18006307259202,qwen15b-npu6,
1782498020.7034667,200,146.28963312134147,qwen15b-npu6,
1782498020.7219644,200,139.15401604026556,qwen15b-npu3,
1782498020.7240305,200,123.41360002756119,qwen15b-npu5,
1782498020.7248836,200,125.18483074381948,qwen15b-npu5,
1782498020.7285285,200,141.4683209732175,qwen15b-npu7,
1782498020.7300117,200,148.41136801987886,qwen15b-npu6,
1782498020.7486222,200,123.11136815696955,qwen15b-npu4,
1782498020.7489629,200,135.2482787333429,qwen15b-npu3,
1782498020.7494092,200,123.43023996800184,qwen15b-npu4,
1782498020.7563238,200,143.02531210705638,qwen15b-npu7,
1782498020.757954,200,142.89895119145513,qwen15b-npu6,
1782498020.7718964,200,121.1760938167572,qwen15b-npu5,
1782498020.7760184,200,139.56098770722747,qwen15b-npu3,
1782498020.7838066,200,140.6660657376051,qwen15b-npu7,
1782498020.7871466,200,144.45594139397144,qwen15b-npu6,
1782498020.7878747,200,137.5566548667848,qwen15b-npu6,
1782498020.7955925,200,118.46749717369676,qwen15b-npu4,
1782498020.7966688,200,130.22376503795385,qwen15b-npu5,
1782498020.8037019,200,126.97155307978392,qwen15b-npu3,
1782498020.8118684,200,140.55038476362824,qwen15b-npu7,
1782498020.8124592,200,135.96945395693183,qwen15b-npu7,
1782498020.8159554,200,141.24444965273142,qwen15b-npu6,
1782498020.8210297,200,120.24533888325095,qwen15b-npu4,
1782498020.8213754,200,120.33273885026574,qwen15b-npu4,
1782498020.8227377,200,123.86744190007448,qwen15b-npu5,
1782498020.8230922,200,127.71416921168566,qwen15b-npu4,
1782498020.8238156,200,121.06446409597993,qwen15b-npu5,
1782498020.830822,200,128.29909287393093,qwen15b-npu3,
1782498020.8317852,200,135.75312308967113,qwen15b-npu3,
1782498020.8404152,200,137.11748225614429,qwen15b-npu7,
1782498020.8407588,200,141.05817768722773,qwen15b-npu7,
1782498020.8433592,200,119.20422129333019,qwen15b-npu4,
1782498020.8455417,200,149.8997281305492,qwen15b-npu6,
1782498020.846207,200,142.67671899870038,qwen15b-npu6,
1782498020.8583753,200,128.25376214459538,qwen15b-npu3,
1782498020.858683,200,133.70255893096328,qwen15b-npu3,
1782498020.867151,200,138.52490112185478,qwen15b-npu7,
1782498020.8708198,200,112.79836902394891,qwen15b-npu5,
1782498020.87137,200,114.97047310695052,qwen15b-npu5,
1782498020.8734949,200,151.41356782987714,qwen15b-npu6,
1782498020.8846834,200,135.967334266752,qwen15b-npu3,
1782498020.8891418,200,105.27331801131368,qwen15b-npu4,
1782498020.8947847,200,106.79456777870655,qwen15b-npu5,
1782498020.9039357,200,154.45105824619532,qwen15b-npu6,
1782498020.9042656,200,155.17639322206378,qwen15b-npu6,
1782498020.91178,200,139.7855202667415,qwen15b-npu3,
1782498020.912087,200,124.87833015620708,qwen15b-npu3,
1782498020.9191823,200,115.40243588387966,qwen15b-npu5,
1782498020.9234874,200,126.7335619777441,qwen15b-npu7,
1782498020.9242127,200,148.13182596117258,qwen15b-npu7,
1782498020.9317708,200,136.07914512977004,qwen15b-npu6,
1782498020.9400735,200,124.05387405306101,qwen15b-npu4,
1782498020.940505,200,109.58956694230437,qwen15b-npu4,
1782498020.9408214,200,119.37378207221627,qwen15b-npu4,
1782498020.9411292,200,109.2573837377131,qwen15b-npu4,
1782498020.9444804,200,123.3473988249898,qwen15b-npu5,
1782498020.952826,200,129.99416375532746,qwen15b-npu7,
1782498020.9536407,200,141.7095218785107,qwen15b-npu7,
1782498020.9539993,200,130.11798495426774,qwen15b-npu7,
1782498020.9614859,200,138.31485016271472,qwen15b-npu6,
1782498020.9618363,200,149.30773386731744,qwen15b-npu6,
1782498020.9648767,200,118.58208710327744,qwen15b-npu3,
1782498020.9652188,200,124.36999613419175,qwen15b-npu3,
1782498020.9710054,200,127.58014816790819,qwen15b-npu5,
1782498020.9713957,200,130.89236011728644,qwen15b-npu5,
1782498020.9812374,200,122.45845282450318,qwen15b-npu7,
1782498020.9858315,200,114.87024184316397,qwen15b-npu4,
1782498020.9862566,200,119.04001096263528,qwen15b-npu4,
1782498020.9899392,200,131.48889411240816,qwen15b-npu6,
1782498020.9906225,200,145.02086490392685,qwen15b-npu6,
1782498021.0085819,200,104.5619030483067,qwen15b-npu4,
1782498021.0181446,200,133.37985705584288,qwen15b-npu3,
1782498021.0184863,200,147.03975804150105,qwen15b-npu3,
1782498021.0195844,200,145.99705208092928,qwen15b-npu6,
1782498021.0199194,200,115.54749682545662,qwen15b-npu5,
1782498021.0205996,200,131.3687041401863,qwen15b-npu5,
1782498021.0328941,200,108.61515020951629,qwen15b-npu4,
1782498021.0389247,200,144.00963811203837,qwen15b-npu7,
1782498021.0422928,200,130.10733388364315,qwen15b-npu5,
1782498021.0438607,200,132.00507778674364,qwen15b-npu3,
1782498021.0567744,200,116.17630114778876,qwen15b-npu4,
1782498021.0684938,200,123.94171394407749,qwen15b-npu5,
1782498021.0690005,200,116.11040076240897,qwen15b-npu5,
1782498021.0701718,200,128.97479720413685,qwen15b-npu7,
1782498021.070446,200,151.1931070126593,qwen15b-npu7,
1782498021.0714138,200,131.21044170111418,qwen15b-npu7,
1782498021.0734868,200,119.4237731397152,qwen15b-npu3,
1782498021.073826,200,132.9114129766822,qwen15b-npu3,
1782498021.0780873,200,154.5037990435958,qwen15b-npu6,
1782498021.0784128,200,146.55489521101117,qwen15b-npu6,
1782498021.081804,200,110.31848192214966,qwen15b-npu4,
1782498021.0926526,200,127.33607599511743,qwen15b-npu5,
1782498021.0988421,200,136.94334076717496,qwen15b-npu7,
1782498021.1000924,200,129.00216691195965,qwen15b-npu3,
1782498021.1006854,200,135.71715215221047,qwen15b-npu3,
1782498021.1047733,200,114.74970169365406,qwen15b-npu4,
1782498021.106358,200,144.76876286789775,qwen15b-npu6,
1782498021.106694,200,152.9899979941547,qwen15b-npu6,
1782498021.1174421,200,131.48423377424479,qwen15b-npu5,
1782498021.1179392,200,131.5839746966958,qwen15b-npu5,
1782498021.1268516,200,145.5441089347005,qwen15b-npu7,
1782498021.1301956,200,111.5853600203991,qwen15b-npu4,
1782498021.1305692,200,110.58646440505981,qwen15b-npu4,
1782498021.1340742,200,143.3661230839789,qwen15b-npu6,
1782498021.1540406,200,133.35711741819978,qwen15b-npu3,
1782498021.155071,200,135.38726093247533,qwen15b-npu3,
1782498021.1556637,200,147.00106903910637,qwen15b-npu7,
1782498021.1641014,200,131.13921089097857,qwen15b-npu6,
1782498021.1643884,200,125.40226290002465,qwen15b-npu6,
1782498021.165145,200,146.9031572341919,qwen15b-npu6,
1782498021.1776927,200,107.43193328380585,qwen15b-npu4,
1782498021.1780128,200,121.16260500624776,qwen15b-npu4,
1782498021.1839724,200,140.02909092232585,qwen15b-npu7,
1782498021.1842809,200,141.92893402650952,qwen15b-npu7,
1782498021.2012563,200,123.08441707864404,qwen15b-npu4,
1782498021.209261,200,130.7600592263043,qwen15b-npu3,
1782498021.2096088,200,140.96538675948977,qwen15b-npu3,
1782498021.2138023,200,139.9075910449028,qwen15b-npu7,
1782498021.2141054,200,143.58502626419067,qwen15b-npu7,
1782498021.2150683,200,143.55992479249835,qwen15b-npu7,
1782498021.216407,200,109.98146887868643,qwen15b-npu5,
1782498021.2170446,200,124.323686119169,qwen15b-npu5,
1782498021.2173536,200,135.4851401410997,qwen15b-npu5,
1782498021.2207494,200,147.15238893404603,qwen15b-npu6,
1782498021.2210977,200,151.96964191272855,qwen15b-npu6,
1782498021.2325544,200,114.53014006838202,qwen15b-npu4,
1782498021.2337234,200,134.80994617566466,qwen15b-npu4,
1782498021.2346773,200,117.1190282329917,qwen15b-npu4,
1782498021.2457569,200,118.8219590112567,qwen15b-npu5,
1782498021.2460878,200,115.42296595871449,qwen15b-npu5,
1782498021.247783,200,142.93318102136254,qwen15b-npu3,
1782498021.2482271,200,141.46161079406738,qwen15b-npu3,
1782498021.248527,200,148.3538169413805,qwen15b-npu3,
1782498021.249861,200,149.1126432083547,qwen15b-npu6,
1782498021.270499,200,140.20012319087982,qwen15b-npu7,
1782498021.2709672,200,116.85739597305655,qwen15b-npu5,
1782498021.2766802,200,142.5480181351304,qwen15b-npu6,
1782498021.2799733,200,114.73620124161243,qwen15b-npu4,
1782498021.2951748,200,130.99267100915313,qwen15b-npu5,
1782498021.297791,200,142.5965391099453,qwen15b-npu7,
1782498021.302034,200,137.5740049406886,qwen15b-npu3,
1782498021.3059711,200,127.89677968248725,qwen15b-npu6,
1782498021.3061898,200,150.4275519400835,qwen15b-npu6,
1782498021.3262026,200,141.84844307601452,qwen15b-npu7,
1782498021.3271055,200,143.03436130285263,qwen15b-npu7,
1782498021.327883,200,118.53009695187211,qwen15b-npu4,
1782498021.3293998,200,151.62704000249505,qwen15b-npu3,
1782498021.3327987,200,131.46338379010558,qwen15b-npu6,
1782498021.3443282,200,123.43078991398215,qwen15b-npu5,
1782498021.3449616,200,130.79112861305475,qwen15b-npu5,
1782498021.345675,200,131.77984626963735,qwen15b-npu5,
1782498021.3542361,200,120.18481828272343,qwen15b-npu4,
1782498021.3550296,200,109.18894410133362,qwen15b-npu4,
1782498021.3553662,200,138.8254128396511,qwen15b-npu7,
1782498021.3556912,200,134.52537404373288,qwen15b-npu4,
1782498021.3561544,200,139.01450484991074,qwen15b-npu7,
1782498021.3609114,200,143.4826049953699,qwen15b-npu3,
1782498021.361192,200,151.47990779951215,qwen15b-npu3,
1782498021.3618944,200,146.72437589615583,qwen15b-npu6,
1782498021.3626118,200,129.67196200042963,qwen15b-npu6,
1782498021.3694177,200,123.26180888339877,qwen15b-npu5,
1782498021.3697317,200,134.93376737460494,qwen15b-npu5,
1782498021.3754609,200,126.85646209865808,qwen15b-npu4,
1782498021.3788085,200,130.90929994359612,qwen15b-npu7,
1782498021.3849483,200,136.6317579522729,qwen15b-npu3,
1782498021.388398,200,138.4712108410895,qwen15b-npu6,
1782498021.392922,200,122.28646175935864,qwen15b-npu5,
1782498021.4036756,200,132.60368071496487,qwen15b-npu7,
1782498021.4122553,200,135.48171101137996,qwen15b-npu3,
1782498021.4168181,200,136.7753492668271,qwen15b-npu6,
1782498021.417131,200,111.10058706253767,qwen15b-npu5,
1782498021.430827,200,132.9365437850356,qwen15b-npu7,
1782498021.440434,200,134.18119214475155,qwen15b-npu3,
1782498021.4406874,200,145.42295783758163,qwen15b-npu3,
1782498021.4455564,200,143.45993474125862,qwen15b-npu6,
1782498021.4491835,200,116.30676221102476,qwen15b-npu4,
1782498021.449573,200,123.30704927444458,qwen15b-npu4,
1782498021.4581413,200,130.94343012198806,qwen15b-npu7,
1782498021.4662368,200,109.97603973373771,qwen15b-npu5,
1782498021.4665353,200,122.14158102869987,qwen15b-npu5,
1782498021.4675586,200,112.41848580539227,qwen15b-npu5,
1782498021.4678447,200,139.8719009011984,qwen15b-npu3,
1782498021.4722478,200,126.51359010487795,qwen15b-npu4,
1782498021.4734108,200,143.92924774438143,qwen15b-npu6,
1782498021.4878716,200,125.17874082550406,qwen15b-npu7,
1782498021.488177,200,126.8932232633233,qwen15b-npu7,
1782498021.4884715,200,118.64813696593046,qwen15b-npu7,
1782498021.4887118,200,143.6652960255742,qwen15b-npu7,
1782498021.4924912,200,116.95032566785812,qwen15b-npu5,
1782498021.4995403,200,144.0779590047896,qwen15b-npu3,
1782498021.5002093,200,145.79784963279963,qwen15b-npu3,
1782498021.5008912,200,131.3800741918385,qwen15b-npu4,
1782498021.5018158,200,116.79741507396102,qwen15b-npu4,
1782498021.503027,200,141.05079788714647,qwen15b-npu6,
1782498021.5033336,200,142.34471693634987,qwen15b-npu6,
1782498021.5043318,200,148.55318889021873,qwen15b-npu6,
1782498021.5218024,200,142.92096067219973,qwen15b-npu3,
1782498021.5232818,200,130.24644507095218,qwen15b-npu4,
1782498021.5311124,200,127.35693575814366,qwen15b-npu6,
1782498021.531443,200,142.982121091336,qwen15b-npu6,
1782498021.538853,200,121.66066793724895,qwen15b-npu7,
1782498021.5393991,200,127.05980474129319,qwen15b-npu7,
1782498021.547137,200,116.23606225475669,qwen15b-npu3,
1782498021.5475063,200,130.59812830761075,qwen15b-npu4,
1782498021.5644338,200,123.68183210492134,qwen15b-npu5,
1782498021.5651271,200,119.4872441701591,qwen15b-npu7,
1782498021.5714967,200,113.28666098415852,qwen15b-npu4,
1782498021.5721426,200,122.85588588565588,qwen15b-npu4,
1782498021.5737681,200,133.2531962543726,qwen15b-npu3,
1782498021.5841858,200,134.52183501794934,qwen15b-npu6,
1782498021.5923126,200,118.8222891651094,qwen15b-npu7,
1782498021.593091,200,125.45056408271194,qwen15b-npu7,
1782498021.5970824,200,130.4760673083365,qwen15b-npu4,
1782498021.5973818,200,125.07327040657401,qwen15b-npu4,
1782498021.6011522,200,133.24164599180222,qwen15b-npu3,
1782498021.6117756,200,145.44971799477935,qwen15b-npu6,
1782498021.6160843,200,114.18083775788546,qwen15b-npu5,
1782498021.616371,200,112.94457875192165,qwen15b-npu5,
1782498021.616626,200,112.23031487315893,qwen15b-npu5,
1782498021.619124,200,119.51050395146012,qwen15b-npu7,
1782498021.6194115,200,130.87619002908468,qwen15b-npu7,
1782498021.6349397,200,146.67700603604317,qwen15b-npu3,
1782498021.6353014,200,142.72706909105182,qwen15b-npu3,
1782498021.6365287,200,148.55378912761807,qwen15b-npu3,
1782498021.6370378,200,148.25118705630302,qwen15b-npu3,
1782498021.6387,200,115.2870049700141,qwen15b-npu5,
1782498021.6428802,200,141.86770375818014,qwen15b-npu6,
1782498021.6433306,200,142.96417078003287,qwen15b-npu6,
1782498021.6437185,200,140.62136504799128,qwen15b-npu6,
1782498021.644704,200,105.76920164749026,qwen15b-npu4,
1782498021.6450832,200,113.56967315077782,qwen15b-npu4,
1782498021.6554646,200,133.5738180205226,qwen15b-npu3,
1782498021.6644602,200,124.99903002753854,qwen15b-npu5,
1782498021.6651273,200,117.89914267137647,qwen15b-npu5,
1782498021.6697264,200,138.53408209979534,qwen15b-npu6,
1782498021.6725128,200,124.9170103110373,qwen15b-npu7,
1782498021.681781,200,116.5756843984127,qwen15b-npu3,
1782498021.6883214,200,116.76111491397023,qwen15b-npu5,
1782498021.6917965,200,119.57346415147185,qwen15b-npu4,
1782498021.695035,200,130.51129691302776,qwen15b-npu6,
1782498021.6996496,200,125.822386238724,qwen15b-npu7,
1782498021.71391,200,116.74110498279333,qwen15b-npu5,
1782498021.714173,200,112.95924987643957,qwen15b-npu5,
1782498021.7148857,200,130.62253827229142,qwen15b-npu5,
1782498021.71568,200,122.50672420486808,qwen15b-npu4,
1782498021.7226837,200,130.28890592977405,qwen15b-npu6,
1782498021.7360237,200,119.84560638666153,qwen15b-npu3,
1782498021.7363095,200,138.8387829065323,qwen15b-npu3,
1782498021.7365813,200,117.38247936591506,qwen15b-npu3,
1782498021.7378352,200,121.39772577211261,qwen15b-npu5,
1782498021.7413423,200,124.65366814285517,qwen15b-npu4,
1782498021.7527986,200,133.30460619181395,qwen15b-npu6,
1782498021.7543042,200,142.44117680937052,qwen15b-npu7,
1782498021.7636347,200,120.59655087068677,qwen15b-npu5,
1782498021.7680275,200,123.23850858956575,qwen15b-npu4,
1782498021.7684727,200,131.84258714318275,qwen15b-npu4,
1782498021.7688305,200,133.38278699666262,qwen15b-npu4,
1782498021.7829666,200,145.82157973200083,qwen15b-npu6,
1782498021.7833564,200,139.9575211107731,qwen15b-npu6,
1782498021.785394,200,129.84152184799314,qwen15b-npu7,
1782498021.785695,200,141.87419321388006,qwen15b-npu7,
1782498021.786078,200,151.0438248515129,qwen15b-npu7,
1782498021.7866893,200,141.53020083904266,qwen15b-npu7,
1782498021.7873354,200,148.56374775990844,qwen15b-npu7,
1782498021.7893906,200,124.84543910250068,qwen15b-npu5,
1782498021.790131,200,117.54060024395585,qwen15b-npu5,
1782498021.7947478,200,124.95459988713264,qwen15b-npu4,
1782498021.8095949,200,144.38421092927456,qwen15b-npu6,
1782498021.814015,200,122.13584082201123,qwen15b-npu5,
1782498021.8149364,200,126.54880108311772,qwen15b-npu4,
1782498021.8169231,200,117.2116482630372,qwen15b-npu3,
1782498021.8172708,200,135.43309085071087,qwen15b-npu3,
1782498021.8376694,200,123.6879019998014,qwen15b-npu7,
1782498021.8379881,200,123.72356187552214,qwen15b-npu7,
1782498021.838705,200,143.58569495379925,qwen15b-npu6,
1782498021.8432589,200,127.5155283510685,qwen15b-npu3,
1782498021.8627849,200,126.10718794167042,qwen15b-npu5,
1782498021.863424,200,109.03865285217762,qwen15b-npu5,
1782498021.8642116,200,126.24744791537523,qwen15b-npu4,
1782498021.864643,200,128.53443389758468,qwen15b-npu4,
1782498021.8675373,200,126.10623799264431,qwen15b-npu6,
1782498021.8683984,200,145.63367003574967,qwen15b-npu6,
1782498021.8688238,200,153.87501381337643,qwen15b-npu6,
1782498021.8708951,200,134.51975444331765,qwen15b-npu3,
1782498021.8874722,200,123.75275185331702,qwen15b-npu5,
1782498021.8918896,200,139.01060400530696,qwen15b-npu7,
1782498021.8922224,200,124.06497402116656,qwen15b-npu7,
1782498021.899234,200,130.34092634916306,qwen15b-npu3,
1782498021.8996992,200,131.1016008257866,qwen15b-npu3,
1782498021.9120305,200,122.56201403215528,qwen15b-npu4,
1782498021.912287,200,124.8244196176529,qwen15b-npu4,
1782498021.912684,200,125.89412601664662,qwen15b-npu4,
1782498021.9199932,200,134.52022382989526,qwen15b-npu7,
1782498021.9233658,200,133.160965051502,qwen15b-npu6,
1782498021.923738,200,137.574034743011,qwen15b-npu6,
1782498021.9247842,200,129.9461843445897,qwen15b-npu6,
1782498021.927562,200,141.76304312422872,qwen15b-npu3,
1782498021.927847,200,144.76756285876036,qwen15b-npu3,
1782498021.928225,200,144.73059307783842,qwen15b-npu3,
1782498021.9346132,200,120.5262909643352,qwen15b-npu4,
1782498021.9365184,200,126.82988308370113,qwen15b-npu5,
1782498021.9369078,200,119.88213611766696,qwen15b-npu5,
1782498021.9489334,200,133.92505003139377,qwen15b-npu6,
1782498021.9523096,200,134.97657794505358,qwen15b-npu3,
1782498021.9588175,200,121.06099305674434,qwen15b-npu4,
1782498021.9628377,200,124.03452303260565,qwen15b-npu5,
1782498021.9633794,200,120.04272686317563,qwen15b-npu5,
1782498021.977893,200,139.82959976419806,qwen15b-npu7,
1782498021.9837902,200,115.30846497043967,qwen15b-npu4,
1782498021.9841177,200,121.25771632418036,qwen15b-npu4,
1782498021.9860013,200,121.6986677609384,qwen15b-npu5,
1782498022.0032747,200,132.28684896603227,qwen15b-npu6,
1782498022.0054033,200,140.66448574885726,qwen15b-npu3,
1782498022.0058942,200,118.3221060782671,qwen15b-npu3,
1782498022.00712,200,143.5814551077783,qwen15b-npu7,
1782498022.0080814,200,139.18634597212076,qwen15b-npu7,
1782498022.0094905,200,141.86449395492673,qwen15b-npu5,
1782498022.0305974,200,105.71947135031223,qwen15b-npu4,
1782498022.0308685,200,118.11989406123757,qwen15b-npu4,
1782498022.0326302,200,132.81762320548296,qwen15b-npu3,
1782498022.0328615,200,133.50724708288908,qwen15b-npu3,
1782498022.0337877,200,110.31354079023004,qwen15b-npu5,
1782498022.0347238,200,142.4198281019926,qwen15b-npu7,
1782498022.0350459,200,143.07038206607103,qwen15b-npu7,
1782498022.0546358,200,119.9174071662128,qwen15b-npu4,
1782498022.0549564,200,105.95044307410717,qwen15b-npu4,
1782498022.059521,200,139.41653678193688,qwen15b-npu6,
1782498022.0597785,200,147.42338098585606,qwen15b-npu6,
1782498022.0602326,200,123.61032096669078,qwen15b-npu3,
1782498022.0604653,200,132.17424880713224,qwen15b-npu6,
1782498022.0615292,200,133.88042990118265,qwen15b-npu5,
1782498022.0619872,200,149.88779788836837,qwen15b-npu6,
1782498022.0622754,200,134.35994274914265,qwen15b-npu6,
1782498022.0632858,200,110.88201589882374,qwen15b-npu5,
1782498022.0636427,200,126.61834061145782,qwen15b-npu7,
1782498022.0639849,200,140.12805186212063,qwen15b-npu7,
1782498022.0854664,200,122.54573404788971,qwen15b-npu6,
1782498022.0858355,200,122.37929180264473,qwen15b-npu5,
1782498022.086629,200,127.7227490209043,qwen15b-npu5,
1782498022.1125116,200,126.45067973062396,qwen15b-npu6,
1782498022.114733,200,130.84552017971873,qwen15b-npu3,
1782498022.1151185,200,137.16164231300354,qwen15b-npu3,
1782498022.1177373,200,133.52615758776665,qwen15b-npu7,
1782498022.1260688,200,120.11321820318699,qwen15b-npu4,
1782498022.1413455,200,135.8807641081512,qwen15b-npu3,
1782498022.1416755,200,132.1040978655219,qwen15b-npu3,
1782498022.1471276,200,138.9268240891397,qwen15b-npu7,
1782498022.1478577,200,140.68035501986742,qwen15b-npu7,
1782498022.1482232,200,144.8859740048647,qwen15b-npu7,
1782498022.1509519,200,120.27408787980676,qwen15b-npu4,
1782498022.1548927,200,121.03934399783611,qwen15b-npu5,
1782498022.1669765,200,134.28480317816138,qwen15b-npu6,
1782498022.1674192,200,136.49178761988878,qwen15b-npu3,
1782498022.16764,200,134.71673475578427,qwen15b-npu6,
1782498022.1740475,200,138.89958336949348,qwen15b-npu7,
1782498022.174466,200,139.65765899047256,qwen15b-npu7,
1782498022.1760142,200,113.66135394200683,qwen15b-npu4,
1782498022.1763296,200,121.31134606897831,qwen15b-npu4,
1782498022.1767247,200,113.3648119866848,qwen15b-npu4,
1782498022.182982,200,123.14464803785086,qwen15b-npu5,
1782498022.1832547,200,128.5406742244959,qwen15b-npu5,
1782498022.1835284,200,123.94204316660762,qwen15b-npu5,
1782498022.1837673,200,119.70861488953233,qwen15b-npu5,
1782498022.194548,200,130.82935893908143,qwen15b-npu3,
1782498022.194782,200,132.7188122086227,qwen15b-npu3,
1782498022.1951818,200,134.88131714984775,qwen15b-npu3,
1782498022.19614,200,135.60778181999922,qwen15b-npu6,
1782498022.1989658,200,113.3945919573307,qwen15b-npu4,
1782498022.1993992,200,112.70248796790838,qwen15b-npu4,
1782498022.2032013,200,141.53800113126636,qwen15b-npu7,
1782498022.2226105,200,136.6483187302947,qwen15b-npu6,
1782498022.2276638,200,112.8069581463933,qwen15b-npu5,
1782498022.2458277,200,119.64850360527635,qwen15b-npu4,
1782498022.2504714,200,135.25808928534389,qwen15b-npu6,
1782498022.2551665,200,142.56436889991164,qwen15b-npu7,
1782498022.255403,200,137.60186498984694,qwen15b-npu7,
1782498022.2697093,200,121.786889154464,qwen15b-npu4,
1782498022.2728574,200,131.0703307390213,qwen15b-npu3,
1782498022.2754548,200,124.44484606385231,qwen15b-npu5,
1782498022.276103,200,128.8955071941018,qwen15b-npu5,
1782498022.2805212,200,125.56951399892569,qwen15b-npu6,
1782498022.280802,200,132.51941092312336,qwen15b-npu6,
1782498022.281686,200,140.24798339232802,qwen15b-npu7,
1782498022.2958114,200,112.21758415922523,qwen15b-npu4,
1782498022.2966425,200,120.53122092038393,qwen15b-npu4,
1782498022.2968798,200,129.1842982172966,qwen15b-npu4,
1782498022.3003225,200,132.84138310700655,qwen15b-npu3,
1782498022.3007443,200,116.90341588109732,qwen15b-npu3,
1782498022.302014,200,125.22448180243373,qwen15b-npu5,
1782498022.3023348,200,128.16127203404903,qwen15b-npu5,
1782498022.3078175,200,131.42499420791864,qwen15b-npu6,
1782498022.3085468,200,141.5116316638887,qwen15b-npu6,
1782498022.31034,200,135.80742292106152,qwen15b-npu7,
1782498022.3106182,200,127.5685578584671,qwen15b-npu7,
1782498022.310889,200,127.5760168209672,qwen15b-npu7,
1782498022.3243666,200,124.89885976538062,qwen15b-npu5,
1782498022.3250077,200,130.39700593799353,qwen15b-npu5,
1782498022.3275516,200,128.49149433895946,qwen15b-npu3,
1782498022.3278162,200,131.6083949059248,qwen15b-npu3,
1782498022.3280888,200,124.77399874478579,qwen15b-npu3,
1782498022.3371239,200,141.7421828955412,qwen15b-npu7,
1782498022.337659,200,142.81458966434002,qwen15b-npu6,
1782498022.342523,200,114.76455070078373,qwen15b-npu4,
1782498022.3636196,200,140.9247270785272,qwen15b-npu6,
1782498022.3663352,200,110.86501507088542,qwen15b-npu4,
1782498022.3800197,200,124.78368915617466,qwen15b-npu3,
1782498022.39109,200,109.34602469205856,qwen15b-npu4,
1782498022.3919764,200,141.44096104428172,qwen15b-npu7,
1782498022.3926275,200,146.72193629667163,qwen15b-npu6,
1782498022.3967943,200,127.02199397608638,qwen15b-npu5,
1782498022.407237,200,126.65309105068445,qwen15b-npu3,
1782498022.408096,200,135.14661928638816,qwen15b-npu3,
1782498022.415227,200,113.12977084890008,qwen15b-npu4,
1782498022.418418,200,121.71093793585896,qwen15b-npu7,
1782498022.4194345,200,143.26043287292123,qwen15b-npu7,
1782498022.4197373,200,138.87325301766396,qwen15b-npu6,
1782498022.4205663,200,145.03288501873612,qwen15b-npu6,
1782498022.4255524,200,116.92050565034151,qwen15b-npu5,
1782498022.425799,200,128.85569594800472,qwen15b-npu5,
1782498022.4260519,200,123.62065073102713,qwen15b-npu5,
1782498022.4262893,200,130.41555602103472,qwen15b-npu5,
1782498022.4336846,200,132.85880303010345,qwen15b-npu3,
1782498022.4414556,200,130.7716486044228,qwen15b-npu4,
1782498022.4417474,200,130.7647991925478,qwen15b-npu4,
1782498022.4420779,200,114.45816000923514,qwen15b-npu4,
1782498022.4448137,200,134.39439376816154,qwen15b-npu7,
1782498022.4478743,200,139.9903311394155,qwen15b-npu6,
1782498022.4483407,200,123.91360383480787,qwen15b-npu6,
1782498022.4486053,200,111.32293799892068,qwen15b-npu5,
1782498022.4488328,200,148.37546832859516,qwen15b-npu6,
1782498022.4608173,200,135.72606211528182,qwen15b-npu3,
1782498022.4611542,200,118.54036711156368,qwen15b-npu3,
1782498022.4644058,200,126.63547182455659,qwen15b-npu4,
1782498022.4705667,200,142.68256910145283,qwen15b-npu7,
1782498022.470878,200,142.69291888922453,qwen15b-npu7,
1782498022.487277,200,120.87667221203446,qwen15b-npu3,
1782498022.4878,200,124.10018360242248,qwen15b-npu3,
1782498022.4979038,200,117.77334194630384,qwen15b-npu5,
1782498022.512281,200,120.21098798140883,qwen15b-npu4,
1782498022.5226533,200,125.7656249217689,qwen15b-npu5,
1782498022.5318563,200,139.16355604305863,qwen15b-npu6,
1782498022.5321796,200,123.99008311331272,qwen15b-npu6,
1782498022.532463,200,141.28756988793612,qwen15b-npu6,
1782498022.5374012,200,111.78093124181032,qwen15b-npu4,
1782498022.5377326,200,130.4318467155099,qwen15b-npu4,
1782498022.5406692,200,122.18571081757545,qwen15b-npu3,
1782498022.5414271,200,126.11509673297405,qwen15b-npu3,
1782498022.549172,200,122.81735613942146,qwen15b-npu5,
1782498022.5494149,200,128.75561555847526,qwen15b-npu5,
1782498022.5519056,200,132.06142792478204,qwen15b-npu7,
1782498022.5521786,200,132.66571192070842,qwen15b-npu7,
1782498022.5524178,200,126.2981491163373,qwen15b-npu7,
1782498022.5526514,200,118.89811884611845,qwen15b-npu7,
1782498022.5576167,200,131.74372492358088,qwen15b-npu6,
1782498022.5605814,200,118.43398585915565,qwen15b-npu4,
1782498022.566496,200,124.9697096645832,qwen15b-npu3,
1782498022.5733402,200,125.40346290916204,qwen15b-npu5,
1782498022.5736623,200,112.44525574147701,qwen15b-npu5,
1782498022.5779302,200,129.5205312781036,qwen15b-npu7,
1782498022.5781898,200,133.31164699047804,qwen15b-npu7,
1782498022.5871415,200,126.22644891962409,qwen15b-npu4,
1782498022.5879908,200,146.17270277813077,qwen15b-npu6,
1782498022.588262,200,139.5912477746606,qwen15b-npu6,
1782498022.5886502,200,117.71160084754229,qwen15b-npu4,
1782498022.5890875,200,140.18519315868616,qwen15b-npu6,
1782498022.5976508,200,109.78756798431277,qwen15b-npu5,
1782498022.5987787,200,134.31129325181246,qwen15b-npu3,
1782498022.5995412,200,128.87254590168595,qwen15b-npu3,
1782498022.6048717,200,117.5094498321414,qwen15b-npu7,
1782498022.6228101,200,110.46205274760723,qwen15b-npu5,
1782498022.63253,200,109.8142578266561,qwen15b-npu4,
1782498022.64088,200,142.89257116615772,qwen15b-npu6,
1782498022.6564267,200,106.91446904093027,qwen15b-npu4,
1782498022.6611032,200,128.85910598561168,qwen15b-npu7,
1782498022.6614444,200,123.64403111860156,qwen15b-npu7,
1782498022.6697056,200,128.1887018121779,qwen15b-npu6,
1782498022.6700728,200,132.57429096847773,qwen15b-npu6,
1782498022.675076,200,134.34442318975925,qwen15b-npu5,
1782498022.6754472,200,114.8069310002029,qwen15b-npu5,
1782498022.67606,200,124.07341506332159,qwen15b-npu5,
1782498022.677404,200,124.91717981174588,qwen15b-npu3,
1782498022.677889,200,145.33424703404307,qwen15b-npu3,
1782498022.6784325,200,146.47498494014144,qwen15b-npu3,
1782498022.6837723,200,131.52097398415208,qwen15b-npu4,
1782498022.6841466,200,131.4260638318956,qwen15b-npu4,
1782498022.686676,200,137.4419340863824,qwen15b-npu7,
1782498022.6870482,200,120.49502972513437,qwen15b-npu7,
1782498022.69855,200,140.85078705102205,qwen15b-npu6,
1782498022.7038898,200,125.89706713333726,qwen15b-npu3,
1782498022.7041922,200,125.9438768029213,qwen15b-npu3,
1782498022.704738,200,131.31618173792958,qwen15b-npu3,
1782498022.7052047,200,107.46617335826159,qwen15b-npu4,
1782498022.7140193,200,140.2649530209601,qwen15b-npu7,
1782498022.714712,200,125.944416038692,qwen15b-npu7,
1782498022.7226703,200,133.47323704510927,qwen15b-npu5,
1782498022.725948,200,126.29246897995472,qwen15b-npu6,
1782498022.7268708,200,139.56893794238567,qwen15b-npu6,
1782498022.7274768,200,139.41447716206312,qwen15b-npu6,
1782498022.7323222,200,133.43239668756723,qwen15b-npu3,
1782498022.7326732,200,144.2963401786983,qwen15b-npu3,
1782498022.7402127,200,135.2346488274634,qwen15b-npu7,
1782498022.7475693,200,124.6676379814744,qwen15b-npu5,
1782498022.7679563,200,135.34522987902164,qwen15b-npu7,
1782498022.7733357,200,132.37774977460504,qwen15b-npu5,
1782498022.7737374,200,117.21563804894686,qwen15b-npu5,
1782498022.7772756,200,115.76182767748833,qwen15b-npu4,
1782498022.786871,200,125.67195482552052,qwen15b-npu3,
1782498022.7975464,200,127.38152593374252,qwen15b-npu5,
1782498022.797858,200,113.64633496850729,qwen15b-npu5,
1782498022.8033304,200,127.20376532524824,qwen15b-npu4,
1782498022.8039474,200,126.39421876519918,qwen15b-npu4,
1782498022.8042254,200,126.23373791575432,qwen15b-npu4,
1782498022.8044693,200,117.68629075959325,qwen15b-npu4,
1782498022.8099928,200,126.08690792694688,qwen15b-npu6,
1782498022.8103566,200,131.8580568768084,qwen15b-npu6,
1782498022.810677,200,140.86586702615023,qwen15b-npu6,
1782498022.8139937,200,138.47696082666516,qwen15b-npu3,
1782498022.8225965,200,117.31828888878226,qwen15b-npu5,
1782498022.8240433,200,125.41405437514186,qwen15b-npu7,
1782498022.824374,200,149.21478275209665,qwen15b-npu7,
1782498022.8247476,200,137.5573049299419,qwen15b-npu7,
1782498022.8361404,200,131.32736273109913,qwen15b-npu6,
1782498022.8424892,200,138.23268003761768,qwen15b-npu3,
1782498022.8431726,200,139.20916570350528,qwen15b-npu3,
1782498022.846155,200,131.37392280623317,qwen15b-npu5,
1782498022.8511174,200,118.70760889723897,qwen15b-npu4,
1782498022.8513813,200,123.62053105607629,qwen15b-npu4,
1782498022.8519304,200,124.95383992791176,qwen15b-npu4,
1782498022.862209,200,139.46062698960304,qwen15b-npu7,
1782498022.8625364,200,148.44457805156708,qwen15b-npu7,
1782498022.8699088,200,129.60117077454925,qwen15b-npu5,
1782498022.8729837,200,146.96510881185532,qwen15b-npu3,
1782498022.8733244,200,140.53125493228436,qwen15b-npu6,
1782498022.8953168,200,121.45586684346199,qwen15b-npu5,
1782498022.8968015,200,119.43041300401092,qwen15b-npu3,
1782498022.897418,200,123.97880433127284,qwen15b-npu4,
1782498022.9019394,200,133.87172995135188,qwen15b-npu6,
1782498022.9023736,200,154.74002016708255,qwen15b-npu6,
1782498022.9214468,200,110.66464427858591,qwen15b-npu5,
1782498022.922216,200,112.10794420912862,qwen15b-npu4,
1782498022.9225492,200,118.52778680622578,qwen15b-npu5,
1782498022.9233432,200,119.90237608551979,qwen15b-npu4,
1782498022.9279554,200,140.97902784124017,qwen15b-npu6,
1782498022.9441411,200,146.4973553083837,qwen15b-npu7,
1782498022.9444432,200,139.90716077387333,qwen15b-npu7,
1782498022.9453278,200,147.40894082933664,qwen15b-npu7,
1782498022.946632,200,132.56636215373874,qwen15b-npu5,
1782498022.9473917,200,136.97768095880747,qwen15b-npu7,
1782498022.9513006,200,128.60814481973648,qwen15b-npu3,
1782498022.951653,200,126.81986158713698,qwen15b-npu3,
1782498022.956077,200,151.7827999778092,qwen15b-npu6,
1782498022.9568057,200,132.6651619747281,qwen15b-npu6,
1782498022.9572005,200,132.721743080765,qwen15b-npu6,
1782498022.9681818,200,121.94614019244909,qwen15b-npu7,
1782498022.9695246,200,126.25768920406699,qwen15b-npu4,
1782498022.970939,200,118.89442941173911,qwen15b-npu5,
1782498022.9797714,200,128.59053490683436,qwen15b-npu3,
1782498022.98008,200,117.77727212756872,qwen15b-npu3,
1782498022.9807148,200,138.16483924165368,qwen15b-npu3,
1782498022.981004,200,144.7789641097188,qwen15b-npu3,
1782498022.9841807,200,121.58313672989607,qwen15b-npu6,
1782498022.9845042,200,132.99399381503463,qwen15b-npu6,
1782498022.9947505,200,121.30033504217863,qwen15b-npu4,
1782498022.9955046,200,122.43936304003,qwen15b-npu4,
1782498023.0046751,200,134.68433590605855,qwen15b-npu3,
1782498023.0184207,200,121.55882734805346,qwen15b-npu4,
1782498023.0220582,200,119.59018371999264,qwen15b-npu5,
1782498023.022473,200,120.40972011163831,qwen15b-npu5,
1782498023.0232887,200,127.87841027602553,qwen15b-npu5,
1782498023.0373845,200,139.88174125552177,qwen15b-npu6,
1782498023.0424106,200,120.09021826088428,qwen15b-npu4,
1782498023.043687,200,115.66257709637284,qwen15b-npu5,
1782498023.0581217,200,136.60526787862182,qwen15b-npu3,
1782498023.065201,200,141.77053282037377,qwen15b-npu6,
1782498023.0654705,200,142.81788002699614,qwen15b-npu6,
1782498023.0680382,200,110.72334414348006,qwen15b-npu4,
1782498023.0683172,200,123.76301176846027,qwen15b-npu4,
1782498023.068566,200,111.68020125478506,qwen15b-npu4,
1782498023.070354,200,126.12570775672793,qwen15b-npu5,
1782498023.0713434,200,115.18911365419626,qwen15b-npu5,
1782498023.075235,200,123.83849220350385,qwen15b-npu7,
1782498023.0763092,200,129.52234130352736,qwen15b-npu7,
1782498023.0767903,200,125.05318131297827,qwen15b-npu7,
1782498023.0852475,200,116.9912968762219,qwen15b-npu3,
1782498023.0906467,200,106.37359507381916,qwen15b-npu4,
1782498023.0940475,200,148.63137900829315,qwen15b-npu6,
1782498023.0942953,200,146.81777823716402,qwen15b-npu6,
1782498023.0951507,200,125.55904407054186,qwen15b-npu6,
1782498023.1010828,200,130.04296412691474,qwen15b-npu7,
1782498023.1134574,200,133.30453634262085,qwen15b-npu3,
1782498023.1138573,200,132.74513185024261,qwen15b-npu3,
1782498023.1149693,200,120.14949787408113,qwen15b-npu4,
1782498023.1178796,200,133.3145359531045,qwen15b-npu5,
1782498023.1182249,200,137.44107400998473,qwen15b-npu5,
1782498023.1185994,200,138.73751275241375,qwen15b-npu5,
1782498023.1279633,200,132.3696100153029,qwen15b-npu7,
1782498023.1287463,200,123.98788286373019,qwen15b-npu7,
1782498023.1467922,200,123.38715931400657,qwen15b-npu6,
1782498023.1532102,200,134.73027618601918,qwen15b-npu7,
1782498023.15348,200,130.94282010570168,qwen15b-npu7,
1782498023.1542838,200,132.091517560184,qwen15b-npu7,
1782498023.1680872,200,130.6249788030982,qwen15b-npu3,
1782498023.1683865,200,124.64139796793461,qwen15b-npu3,
1782498023.1686442,200,126.17374816909432,qwen15b-npu3,
1782498023.17825,200,120.04794692620635,qwen15b-npu7,
1782498023.1875112,200,110.62769405543804,qwen15b-npu4,
1782498023.1887183,200,120.08784711360931,qwen15b-npu4,
1782498023.1892214,200,118.80167899653316,qwen15b-npu4,
1782498023.1902292,200,124.69250801950693,qwen15b-npu5,
1782498023.1910684,200,125.8018659427762,qwen15b-npu5,
1782498023.1917663,200,123.38525988161564,qwen15b-npu5,
1782498023.1961367,200,124.68543788418174,qwen15b-npu3,
1782498023.1964424,200,121.12175393849611,qwen15b-npu3,
1782498023.2029173,200,126.49800116196275,qwen15b-npu6,
1782498023.203958,200,135.83777286112309,qwen15b-npu6,
1782498023.212388,200,117.13338689878583,qwen15b-npu5,
1782498023.221368,200,127.25210608914495,qwen15b-npu3,
1782498023.2382808,200,152.9655489139259,qwen15b-npu6,
1782498023.2391627,200,148.44824839383364,qwen15b-npu6,
1782498023.2409477,200,112.91259899735451,qwen15b-npu5,
1782498023.243136,200,124.43657591938972,qwen15b-npu4,
1782498023.2434998,200,129.5621911995113,qwen15b-npu4,
1782498023.2475889,200,132.51918088644743,qwen15b-npu7,
1782498023.2482414,200,129.94259409606457,qwen15b-npu7,
1782498023.2486675,200,147.48143078759313,qwen15b-npu7,
1782498023.2493668,200,155.0000123679638,qwen15b-npu7,
1782498023.2605875,200,131.74386601895094,qwen15b-npu3,
1782498023.2624474,200,108.90380199998617,qwen15b-npu5,
1782498023.2631416,200,108.76500187441707,qwen15b-npu4,
1782498023.2663326,200,148.34788674488664,qwen15b-npu6,
1782498023.2665527,200,152.9853790998459,qwen15b-npu6,
1782498023.287719,200,119.54094376415014,qwen15b-npu5,
1782498023.288448,200,141.57702215015888,qwen15b-npu3,
1782498023.2938793,200,140.5901350080967,qwen15b-npu6,
1782498023.3121378,200,120.28283905237913,qwen15b-npu5,
1782498023.313732,200,124.89392003044486,qwen15b-npu4,
1782498023.3145068,200,117.98952287063003,qwen15b-npu4,
1782498023.316956,200,148.48467893898487,qwen15b-npu3,
1782498023.3172624,200,148.5447189770639,qwen15b-npu3,
1782498023.3225021,200,132.1848388761282,qwen15b-npu6,
1782498023.3282168,200,140.63310530036688,qwen15b-npu7,
1782498023.3285103,200,150.18206974491477,qwen15b-npu7,
1782498023.328801,200,139.50671814382076,qwen15b-npu7,
1782498023.3384793,200,117.01574688777328,qwen15b-npu4,
1782498023.338732,200,134.67829581350088,qwen15b-npu4,
1782498023.3453074,200,154.12172582000494,qwen15b-npu3,
1782498023.345609,200,133.09589494019747,qwen15b-npu3,
1782498023.3504558,200,154.2230169288814,qwen15b-npu6,
1782498023.3539197,200,150.91833472251892,qwen15b-npu7,
1782498023.3632293,200,114.44691987708211,qwen15b-npu5,
1782498023.363528,200,119.95931714773178,qwen15b-npu5,
1782498023.3641403,200,123.01680725067854,qwen15b-npu5,
1782498023.3644755,200,125.90584671124816,qwen15b-npu4,
1782498023.3724055,200,129.14828769862652,qwen15b-npu3,
1782498023.3790362,200,131.34309323504567,qwen15b-npu6,
1782498023.3830945,200,133.66047805175185,qwen15b-npu7,
1782498023.3835025,200,143.97648815065622,qwen15b-npu7,
1782498023.3838346,200,135.47139102593064,qwen15b-npu7,
1782498023.3886333,200,122.23988119512796,qwen15b-npu4,
1782498023.388905,200,125.70642493665218,qwen15b-npu4,
1782498023.39974,200,137.2281932272017,qwen15b-npu3,
1782498023.4079268,200,147.23828993737698,qwen15b-npu6,
1782498023.4084394,200,141.8265337124467,qwen15b-npu6,
1782498023.409077,200,120.5590208992362,qwen15b-npu7,
1782498023.4104557,200,116.49488331750035,qwen15b-npu5,
1782498023.4346747,200,146.86567708849907,qwen15b-npu6,
1782498023.4358509,200,118.51368704810739,qwen15b-npu7,
1782498023.4362721,200,124.0528142079711,qwen15b-npu5,
1782498023.4374564,200,108.58535021543503,qwen15b-npu5,
1782498023.4377186,200,123.11758706346154,qwen15b-npu4,
1782498023.4550645,200,126.75613211467862,qwen15b-npu3,
1782498023.455379,200,138.34008993580937,qwen15b-npu3,
1782498023.4598339,200,109.31482492014766,qwen15b-npu5,
1782498023.4622686,200,133.69988789781928,qwen15b-npu7,
1782498023.4637413,200,118.3612048625946,qwen15b-npu4,
1782498023.464082,200,110.0774803198874,qwen15b-npu4,
1782498023.464648,200,125.85475575178862,qwen15b-npu4,
1782498023.4651277,200,142.53940898925066,qwen15b-npu6,
1782498023.465816,200,127.2724149748683,qwen15b-npu6,
1782498023.4661407,200,152.3457351140678,qwen15b-npu6,
1782498023.4840457,200,111.57240997999907,qwen15b-npu5,
1782498023.4843812,200,138.68971215561032,qwen15b-npu3,
1782498023.484694,200,120.48327038064599,qwen15b-npu3,
1782498023.4862964,200,107.17677092179656,qwen15b-npu4,
1782498023.4907103,200,127.39223707467318,qwen15b-npu7,
1782498023.4910722,200,127.46873684227467,qwen15b-npu7,
1782498023.4921293,200,127.57859798148274,qwen15b-npu6,
1782498023.5091705,200,109.34462491422892,qwen15b-npu5,
1782498023.5094833,200,126.30766909569502,qwen15b-npu5,
1782498023.5103512,200,121.37524597346783,qwen15b-npu3,
1782498023.5106232,200,127.05150479450822,qwen15b-npu3,
1782498023.5168087,200,128.11130098998547,qwen15b-npu7,
1782498023.5177517,200,133.8370987214148,qwen15b-npu6,
1782498023.5351377,200,125.99143711850047,qwen15b-npu4,
1782498023.5354538,200,126.93323288112879,qwen15b-npu4,
1782498023.5471287,200,139.0409548766911,qwen15b-npu6,
1782498023.547473,200,136.94761041551828,qwen15b-npu6,
1782498023.5565784,200,119.05024107545614,qwen15b-npu5,
1782498023.5576243,200,119.84789604321122,qwen15b-npu4,
1782498023.566735,200,130.75755909085274,qwen15b-npu3,
1782498023.5720391,200,137.27032206952572,qwen15b-npu7,
1782498023.5724103,200,136.04270480573177,qwen15b-npu7,
1782498023.5825007,200,118.65240801125765,qwen15b-npu4,
1782498023.5828333,200,116.95173615589738,qwen15b-npu4,
1782498023.596597,200,132.4337306432426,qwen15b-npu3,
1782498023.5969238,200,130.70287881419063,qwen15b-npu3,
1782498023.59763,200,142.1884261071682,qwen15b-npu3,
1782498023.5985324,200,136.2048457376659,qwen15b-npu3,
1782498023.60021,200,135.02357760444283,qwen15b-npu7,
1782498023.6008272,200,140.9319769591093,qwen15b-npu7,
1782498023.6017268,200,146.56001515686512,qwen15b-npu6,
1782498023.6019537,200,137.23725313320756,qwen15b-npu6,
1782498023.606095,200,121.95157911628485,qwen15b-npu5,
1782498023.6072023,200,122.71118490025401,qwen15b-npu4,
1782498023.607666,200,115.43847573921084,qwen15b-npu4,
1782498023.622926,200,132.10849883034825,qwen15b-npu3,
1782498023.6267815,200,140.37508377805352,qwen15b-npu7,
1782498023.6299636,200,145.1934459619224,qwen15b-npu6,
1782498023.6303067,200,139.10421496257186,qwen15b-npu6,
1782498023.6329532,200,116.03826005011797,qwen15b-npu5,
1782498023.6332207,200,123.95572382956743,qwen15b-npu5,
1782498023.6334755,200,115.62581826001406,qwen15b-npu5,
1782498023.6510932,200,140.65988594666123,qwen15b-npu3,
1782498023.6542623,200,144.7104630060494,qwen15b-npu7,
1782498023.656071,200,120.51027966663241,qwen15b-npu5,
1782498023.657586,200,146.89472783356905,qwen15b-npu6,
1782498023.6769903,200,119.31135226041079,qwen15b-npu4,
1782498023.6773303,200,105.18230684101582,qwen15b-npu4,
1782498023.6805,200,123.84717259556055,qwen15b-npu5,
1782498023.6809864,200,145.7760101184249,qwen15b-npu3,
1782498023.6824427,200,134.86254680901766,qwen15b-npu7,
1782498023.6856697,200,138.4493801742792,qwen15b-npu6,
1782498023.705714,200,123.13444819301367,qwen15b-npu5,
1782498023.711197,200,144.36566084623337,qwen15b-npu7,
1782498023.711555,200,128.624324221164,qwen15b-npu7,
1782498023.7148278,200,142.31185615062714,qwen15b-npu6,
1782498023.724739,200,122.94837599620223,qwen15b-npu4,
1782498023.725757,200,128.04248090833426,qwen15b-npu4,
1782498023.7263672,200,118.60183672979474,qwen15b-npu4,
1782498023.731638,200,124.33059513568878,qwen15b-npu5,
1782498023.7318907,200,129.8744031228125,qwen15b-npu5,
1782498023.732115,200,131.81874714791775,qwen15b-npu5,
1782498023.7370865,200,136.19432598352432,qwen15b-npu3,
1782498023.7373245,200,140.63368597999215,qwen15b-npu3,
1782498023.7375815,200,140.5557249672711,qwen15b-npu3,
1782498023.738727,200,140.12743206694722,qwen15b-npu7,
1782498023.738947,200,132.76363303884864,qwen15b-npu7,
1782498023.7658405,200,135.4547101072967,qwen15b-npu5,
1782498023.7748058,200,141.52237214148045,qwen15b-npu3,
1782498023.7751226,200,152.11453335359693,qwen15b-npu3,
1782498023.7757466,200,145.6891093403101,qwen15b-npu7,
1782498023.7771134,200,150.27294028550386,qwen15b-npu6,
1782498023.7774682,200,144.43565113469958,qwen15b-npu6,
1782498023.7778096,200,144.26832040771842,qwen15b-npu6,
1782498023.7804935,200,129.3137287721038,qwen15b-npu4,
1782498023.8027928,200,146.63731586188078,qwen15b-npu3,
1782498023.8047836,200,147.1147290430963,qwen15b-npu6,
1782498023.8060768,200,125.02817064523697,qwen15b-npu4,
1782498023.8064048,200,125.8388557471335,qwen15b-npu4,
1782498023.810824,200,156.48726234212518,qwen15b-npu7,
1782498023.8178651,200,132.08176800981164,qwen15b-npu5,
1782498023.8312173,200,153.82679412141442,qwen15b-npu3,
1782498023.8317664,200,120.12782832607627,qwen15b-npu4,
1782498023.832872,200,155.7994270697236,qwen15b-npu6,
1782498023.8429017,200,160.36926861852407,qwen15b-npu7,
1782498023.844566,200,138.75627284869552,qwen15b-npu5,
1782498023.8449593,200,130.06750401109457,qwen15b-npu5,
1782498023.8545551,200,128.0741011723876,qwen15b-npu4,
1782498023.861576,200,136.7727890610695,qwen15b-npu6,
1782498023.8619142,200,150.6321420893073,qwen15b-npu6,
1782498023.870708,200,131.92178588360548,qwen15b-npu5,
1782498023.8709762,200,139.26732586696744,qwen15b-npu5,
1782498023.8874419,200,149.79320717975497,qwen15b-npu6,
1782498023.8889003,200,151.5073087066412,qwen15b-npu3,
1782498023.8892078,200,152.056731749326,qwen15b-npu3,
1782498023.889646,200,163.77169080078602,qwen15b-npu3,
1782498023.8954153,200,114.85838331282139,qwen15b-npu5,
1782498023.8993442,200,167.16403421014547,qwen15b-npu7,
1782498023.8997078,200,167.74181695654988,qwen15b-npu7,
1782498023.8999603,200,160.95631197094917,qwen15b-npu7,
1782498023.9025507,200,127.36459681764245,qwen15b-npu4,
1782498023.903092,200,128.22167202830315,qwen15b-npu4,
1782498023.9140086,200,138.19369859993458,qwen15b-npu3,
1782498023.9159713,200,150.05608880892396,qwen15b-npu6,
1782498023.916312,200,138.77060310915112,qwen15b-npu6,
1782498023.9223366,200,119.47504431009293,qwen15b-npu5,
1782498023.9226985,200,116.23529111966491,qwen15b-npu5,
1782498023.9268382,200,149.6585961431265,qwen15b-npu7,
1782498023.9276145,200,149.7430270537734,qwen15b-npu7,
1782498023.927889,200,123.03776713088155,qwen15b-npu4,
1782498023.9281688,200,121.9791597686708,qwen15b-npu4,
1782498023.9416714,200,123.67313215509057,qwen15b-npu3,
1782498023.9509792,200,118.04556287825108,qwen15b-npu4,
1782498023.9546366,200,123.3225492760539,qwen15b-npu7,
1782498023.955224,200,144.3378208205104,qwen15b-npu7,
1782498023.9700751,200,125.40398398414254,qwen15b-npu3,
1782498023.970394,200,138.42954114079475,qwen15b-npu6,
1782498023.9727902,200,129.78748325258493,qwen15b-npu5,
1782498023.982205,200,137.1396421454847,qwen15b-npu7,
1782498023.9974115,200,142.77605013921857,qwen15b-npu6,
1782498023.9986534,200,136.65547920390964,qwen15b-npu5,
1782498023.9994848,200,128.69732500985265,qwen15b-npu4,
1782498024.000228,200,138.5395210236311,qwen15b-npu3,
1782498024.0008228,200,129.76736202836037,qwen15b-npu4,
1782498024.0236971,200,109.61854690685868,qwen15b-npu4,
1782498024.0245583,200,121.93401996046305,qwen15b-npu4,
1782498024.0248306,200,125.03827083855867,qwen15b-npu5,
1782498024.02622,200,136.9341709651053,qwen15b-npu5,
1782498024.0268993,200,137.13274197652936,qwen15b-npu6,
1782498024.0275686,200,124.39580587670207,qwen15b-npu3,
1782498024.0288906,200,133.4038069471717,qwen15b-npu3,
1782498024.0291297,200,141.55766228213906,qwen15b-npu3,
1782498024.039144,200,150.15357034280896,qwen15b-npu7,
1782498024.0394115,200,139.39129700884223,qwen15b-npu7,
1782498024.0402014,200,140.74371615424752,qwen15b-npu7,
1782498024.0474122,200,119.71993464976549,qwen15b-npu4,
1782498024.048984,200,132.6027512550354,qwen15b-npu5,
1782498024.0534785,200,125.51769381389022,qwen15b-npu6,
1782498024.0538986,200,137.81680585816503,qwen15b-npu6,
1782498024.0541546,200,131.38963421806693,qwen15b-npu6,
1782498024.0554936,200,127.25659599527717,qwen15b-npu3,
1782498024.0562751,200,133.8311000727117,qwen15b-npu3,
1782498024.0654137,200,138.5013721883297,qwen15b-npu7,
1782498024.0742357,200,132.4691609479487,qwen15b-npu5,
1782498024.0808976,200,129.85551310703158,qwen15b-npu6,
1782498024.0812976,200,126.60018121823668,qwen15b-npu6,
1782498024.093131,200,137.84486707299948,qwen15b-npu7,
1782498024.0965676,200,123.70409211143851,qwen15b-npu4,
1782498024.0969589,200,126.39931030571461,qwen15b-npu4,
1782498024.1068795,200,136.7414891719818,qwen15b-npu6,
1782498024.1098104,200,127.51275720074773,qwen15b-npu3,
1782498024.1223578,200,122.02359968796372,qwen15b-npu7,
1782498024.1228108,200,125.33568171784282,qwen15b-npu7,
1782498024.125886,200,127.11455393582582,qwen15b-npu5,
1782498024.134918,200,135.35396987572312,qwen15b-npu6,
1782498024.1377573,200,136.82592986151576,qwen15b-npu3,
1782498024.1444848,200,115.5278068035841,qwen15b-npu4,
1782498024.1448586,200,117.84477345645428,qwen15b-npu4,
1782498024.149349,200,121.71548791229725,qwen15b-npu7,
1782498024.1570501,200,116.73807492479682,qwen15b-npu5,
1782498024.157449,200,128.2576322555542,qwen15b-npu5,
1782498024.157953,200,131.5996553748846,qwen15b-npu5,
1782498024.158561,200,133.6566088721156,qwen15b-npu5,
1782498024.1636918,200,139.89830017089844,qwen15b-npu6,
1782498024.1662014,200,141.57438185065985,qwen15b-npu3,
1782498024.1664257,200,127.20864592120051,qwen15b-npu3,
1782498024.1689317,200,129.45297081023455,qwen15b-npu4,
1782498024.1694834,200,120.43289886787534,qwen15b-npu4,
1782498024.1779041,200,123.66425199434161,qwen15b-npu7,
1782498024.1781995,200,124.23495529219508,qwen15b-npu7,
1782498024.1913986,200,143.89178808778524,qwen15b-npu6,
1782498024.192444,200,126.92807428538799,qwen15b-npu4,
1782498024.1930857,200,136.70365884900093,qwen15b-npu6,
1782498024.1945589,200,140.9480981528759,qwen15b-npu3,
1782498024.1949365,200,139.3726272508502,qwen15b-npu3,
1782498024.2037706,200,122.76241602376103,qwen15b-npu5,
1782498024.204724,200,130.40776690468192,qwen15b-npu7,
1782498024.2140956,200,104.22636102885008,qwen15b-npu4,
1782498024.219231,200,126.01020699366927,qwen15b-npu6,
1782498024.2196596,200,138.23904003947973,qwen15b-npu6,
1782498024.2299201,200,132.89060397073627,qwen15b-npu5,
1782498024.2329934,200,136.3155161961913,qwen15b-npu7,
1782498024.2481034,200,122.13258119300008,qwen15b-npu6,
1782498024.2483764,200,141.39938121661544,qwen15b-npu6,
1782498024.2493105,200,126.83795299381018,qwen15b-npu6,
1782498024.253601,200,118.60514804720879,qwen15b-npu5,
1782498024.2612813,200,138.36457999423146,qwen15b-npu7,
1782498024.262239,200,124.37429605051875,qwen15b-npu4,
1782498024.276787,200,132.1912589482963,qwen15b-npu3,
1782498024.279364,200,129.92280395701528,qwen15b-npu5,
1782498024.2801294,200,116.34439183399081,qwen15b-npu5,
1782498024.2805028,200,122.92514694854617,qwen15b-npu5,
1782498024.2886431,200,130.5725579150021,qwen15b-npu4,
1782498024.2890208,200,119.47533302009106,qwen15b-npu4,
1782498024.2893875,200,130.7023479603231,qwen15b-npu4,
1782498024.2896638,200,132.49416090548038,qwen15b-npu4,
1782498024.2904952,200,145.56151861324906,qwen15b-npu7,
1782498024.3021424,200,135.87752310559154,qwen15b-npu6,
1782498024.3026114,200,133.6193378083408,qwen15b-npu6,
1782498024.3058174,200,139.3309268169105,qwen15b-npu3,
1782498024.306362,200,128.39471409097314,qwen15b-npu3,
1782498024.3181658,200,139.83390992507339,qwen15b-npu7,
1782498024.3185604,200,127.06886511296034,qwen15b-npu7,
1782498024.3279474,200,134.78640699759126,qwen15b-npu5,
1782498024.3283565,200,109.0478328987956,qwen15b-npu5,
1782498024.3296201,200,134.95411723852158,qwen15b-npu5,
1782498024.3302603,200,125.44307298958302,qwen15b-npu6,
1782498024.3305445,200,135.49727108329535,qwen15b-npu6,
1782498024.3336413,200,141.08222909271717,qwen15b-npu3,
1782498024.3457587,200,141.88501378521323,qwen15b-npu7,
1782498024.3460739,200,131.9154859520495,qwen15b-npu7,
1782498024.350727,200,120.69317186251283,qwen15b-npu5,
1782498024.3617113,200,141.9732146896422,qwen15b-npu3,
1782498024.3620396,200,128.98575700819492,qwen15b-npu3,
1782498024.3716927,200,123.51666111499071,qwen15b-npu7,
1782498024.3747363,200,112.38154489547014,qwen15b-npu5,
1782498024.3855865,200,106.1602239497006,qwen15b-npu4,
1782498024.3907983,200,137.1172619983554,qwen15b-npu3,
1782498024.3918447,200,143.36948422715068,qwen15b-npu3,
1782498024.392173,200,142.7575391717255,qwen15b-npu3,
1782498024.3988667,200,109.08942297101021,qwen15b-npu5,
1782498024.4004636,200,139.11034492775798,qwen15b-npu7,
1782498024.4007506,200,120.55897992104292,qwen15b-npu7,
1782498024.411595,200,134.70546575263143,qwen15b-npu6,
1782498024.4122627,200,123.50667035207152,qwen15b-npu6,
1782498024.4129977,200,110.79420382156968,qwen15b-npu4,
1782498024.4134004,200,123.94656287506223,qwen15b-npu4,
1782498024.4142737,200,133.6988490074873,qwen15b-npu4,
1782498024.4193141,200,130.17627503722906,qwen15b-npu3,
1782498024.4248729,200,118.44979599118233,qwen15b-npu5,
1782498024.4252703,200,106.98622884228826,qwen15b-npu5,
1782498024.4277472,200,137.15047296136618,qwen15b-npu7,
1782498024.4363854,200,108.31241915002465,qwen15b-npu4,
1782498024.436829,200,108.36414899677038,qwen15b-npu4,
1782498024.438787,200,136.11655496060848,qwen15b-npu6,
1782498024.44805,200,114.3265487626195,qwen15b-npu5,
1782498024.4490376,200,130.38454670459032,qwen15b-npu3,
1782498024.449361,200,143.48211511969566,qwen15b-npu3,
1782498024.4550922,200,124.76869812235236,qwen15b-npu7,
1782498024.4675646,200,136.96163101121783,qwen15b-npu6,
1782498024.4680607,200,122.19962198287249,qwen15b-npu6,
1782498024.472624,200,126.47210014984012,qwen15b-npu5,
1782498024.4778397,200,148.1516663916409,qwen15b-npu3,
1782498024.4781597,200,127.33145710080862,qwen15b-npu3,
1782498024.4830265,200,121.22251512482762,qwen15b-npu7,
1782498024.4839513,200,121.84340879321098,qwen15b-npu4,
1782498024.4842942,200,109.49827590957284,qwen15b-npu4,
1782498024.495963,200,124.20865520834923,qwen15b-npu6,
1782498024.507501,200,116.64381437003613,qwen15b-npu4,
1782498024.5104399,200,124.79214882478118,qwen15b-npu7,
1782498024.5219846,200,121.17155408486724,qwen15b-npu5,
1782498024.5222535,200,108.78802090883255,qwen15b-npu5,
1782498024.5236714,200,123.10694810003042,qwen15b-npu6,
1782498024.5239391,200,131.65084505453706,qwen15b-npu6,
1782498024.5318656,200,139.92958096787333,qwen15b-npu3,
1782498024.5327113,200,118.36972599849105,qwen15b-npu4,
1782498024.5329404,200,121.25169485807419,qwen15b-npu4,
1782498024.5383399,200,139.373027253896,qwen15b-npu7,
1782498024.538978,200,125.87765604257584,qwen15b-npu7,
1782498024.5469055,200,109.96497981250286,qwen15b-npu5,
1782498024.5475042,200,122.16283194720745,qwen15b-npu5,
1782498024.551133,200,123.29963874071836,qwen15b-npu6,
1782498024.5518937,200,126.91679270938039,qwen15b-npu6,
1782498024.556961,200,120.45656982809305,qwen15b-npu4,
1782498024.5572627,200,108.13389671966434,qwen15b-npu4,
1782498024.5625882,200,143.21197289973497,qwen15b-npu3,
1782498024.5629742,200,150.5725528113544,qwen15b-npu3,
1782498024.5646122,200,125.73897605761886,qwen15b-npu7,
1782498024.569665,200,120.19560812041163,qwen15b-npu5,
1782498024.592072,200,143.9510271884501,qwen15b-npu7,
1782498024.592445,200,137.27545319125056,qwen15b-npu7,
1782498024.5934584,200,109.4444659538567,qwen15b-npu5,
1782498024.6045961,200,108.54782024398446,qwen15b-npu4,
1782498024.60662,200,123.52987006306648,qwen15b-npu6,
1782498024.6068945,200,139.24605585634708,qwen15b-npu6,
1782498024.617942,200,145.24718606844544,qwen15b-npu3,
1782498024.6186495,200,140.4199143871665,qwen15b-npu3,
1782498024.619045,200,150.85388394072652,qwen15b-npu3,
1782498024.6205106,200,136.14679593592882,qwen15b-npu7,
1782498024.6208508,200,142.9115808568895,qwen15b-npu7,
1782498024.6339903,200,126.41298025846481,qwen15b-npu6,
1782498024.6429834,200,110.20635114982724,qwen15b-npu5,
1782498024.6434839,200,121.43881618976593,qwen15b-npu5,
1782498024.6455295,200,123.17703757435083,qwen15b-npu3,
1782498024.64589,200,135.36773016676307,qwen15b-npu3,
1782498024.653556,200,129.55783074721694,qwen15b-npu4,
1782498024.6538017,200,115.3808650560677,qwen15b-npu4,
1782498024.6541595,200,130.42173720896244,qwen15b-npu4,
1782498024.6613584,200,129.41059982404113,qwen15b-npu6,
1782498024.6665163,200,127.45382683351636,qwen15b-npu5,
1782498024.6736062,200,140.5985662713647,qwen15b-npu7,
1782498024.6739764,200,126.34661933407187,qwen15b-npu3,
1782498024.6744578,200,122.49914277344942,qwen15b-npu7,
1782498024.6763859,200,106.61365697160363,qwen15b-npu4,
1782498024.6767292,200,112.02013399451971,qwen15b-npu4,
1782498024.6909761,200,127.87928897887468,qwen15b-npu6,
1782498024.691286,200,144.28179990500212,qwen15b-npu6,
1782498024.6915429,200,134.21956170350313,qwen15b-npu6,
1782498024.6925805,200,129.90784319117665,qwen15b-npu5,
1782498024.699567,200,107.02577885240316,qwen15b-npu4,
1782498024.702265,200,145.23606607690454,qwen15b-npu3,
1782498024.7025926,200,151.36239724233747,qwen15b-npu3,
1782498024.7169693,200,124.79281891137362,qwen15b-npu5,
1782498024.7172687,200,110.58707302436233,qwen15b-npu5,
1782498024.7271209,200,133.58027767390013,qwen15b-npu7,
1782498024.7274654,200,120.51159096881747,qwen15b-npu7,
1782498024.745488,200,140.8305768854916,qwen15b-npu6,
1782498024.7457876,200,126.61597086116672,qwen15b-npu6,
1782498024.7470074,200,126.08117796480656,qwen15b-npu4,
1782498024.7540197,200,133.41099675744772,qwen15b-npu7,
1782498024.759247,200,141.1711387336254,qwen15b-npu3,
1782498024.7601414,200,141.36937027797103,qwen15b-npu3,
1782498024.7675464,200,121.91709969192743,qwen15b-npu5,
1782498024.7682574,200,134.2055518180132,qwen15b-npu5,
1782498024.77107,200,125.12024119496346,qwen15b-npu4,
1782498024.7831483,200,139.58744797855616,qwen15b-npu7,
1782498024.7835486,200,129.68309223651886,qwen15b-npu7,
1782498024.7889218,200,127.49380711466074,qwen15b-npu3,
1782498024.7892828,200,146.14193188026547,qwen15b-npu3,
1782498024.7923129,200,125.72467559948564,qwen15b-npu5,
1782498024.792641,200,118.11003414914012,qwen15b-npu5,
1782498024.7958717,200,119.36700297519565,qwen15b-npu4,
1782498024.8024008,200,128.30934207886457,qwen15b-npu6,
1782498024.8027298,200,149.10417282953858,qwen15b-npu6,
1782498024.803118,200,148.83065968751907,qwen15b-npu6,
1782498024.8113222,200,134.51711414381862,qwen15b-npu7,
1782498024.81175,200,138.03489785641432,qwen15b-npu7,
1782498024.817902,200,126.23368902131915,qwen15b-npu3,
1782498024.8182871,200,118.65437682718039,qwen15b-npu5,
1782498024.818682,200,127.62715807184577,qwen15b-npu5,
1782498024.828325,200,135.64800191670656,qwen15b-npu6,
1782498024.8393416,200,147.9852949269116,qwen15b-npu7,
1782498024.8402693,200,137.92858691886067,qwen15b-npu7,
1782498024.840545,200,137.83319713547826,qwen15b-npu7,
1782498024.8413236,200,113.73435473069549,qwen15b-npu5,
1782498024.8440278,200,126.68666103854775,qwen15b-npu4,
1782498024.8446724,200,127.62522790580988,qwen15b-npu4,
1782498024.8554206,200,128.20236198604107,qwen15b-npu6,
1782498024.8655975,200,111.48587893694639,qwen15b-npu5,
1782498024.8676386,200,122.05786071717739,qwen15b-npu4,
1782498024.8830416,200,137.19175290316343,qwen15b-npu3,
1782498024.8855972,200,138.46368109807372,qwen15b-npu6,
1782498024.8858585,200,126.49360112845898,qwen15b-npu6,
1782498024.890765,200,122.441743966192,qwen15b-npu5,
1782498024.8923624,200,124.75267797708511,qwen15b-npu7,
1782498024.906426,200,135.28429018333554,qwen15b-npu3,
1782498024.9072635,200,147.02164800837636,qwen15b-npu3,
1782498024.9160016,200,123.2894891873002,qwen15b-npu5,
1782498024.9163601,200,123.94294422119856,qwen15b-npu5,
1782498024.9172022,200,114.70132088288665,qwen15b-npu4,
1782498024.9174361,200,114.64230110868812,qwen15b-npu4,
1782498024.920383,200,130.98604138940573,qwen15b-npu7,
1782498024.9367926,200,153.16430013626814,qwen15b-npu3,
1782498024.9370651,200,153.786804061383,qwen15b-npu3,
1782498024.9373991,200,148.39094830676913,qwen15b-npu3,
1782498024.9392307,200,121.21610483154655,qwen15b-npu4,
1782498024.9399571,200,128.13961086794734,qwen15b-npu6,
1782498024.941236,200,122.48204415664077,qwen15b-npu6,
1782498024.941565,200,138.3212599903345,qwen15b-npu6,
1782498024.9420738,200,146.06564305722713,qwen15b-npu6,
1782498024.9494705,200,131.04023085907102,qwen15b-npu7,
1782498024.950312,200,138.87445395812392,qwen15b-npu7,
1782498024.962521,200,118.42793598771095,qwen15b-npu4,
1782498024.9631388,200,107.61706298217177,qwen15b-npu4,
1782498024.9633815,200,123.01702704280615,qwen15b-npu6,
1782498024.9649973,200,136.6024287417531,qwen15b-npu3,
1782498024.965371,200,120.63154112547636,qwen15b-npu5,
1782498024.9897704,200,124.10441366955638,qwen15b-npu5,
1782498024.990268,200,122.56722385063767,qwen15b-npu5,
1782498024.9944835,200,153.06094894185662,qwen15b-npu3,
1782498024.9952073,200,155.7986680418253,qwen15b-npu3,
1782498024.9954433,200,154.83861090615392,qwen15b-npu3,
1782498025.0144181,200,121.9967301003635,qwen15b-npu5,
1782498025.021897,200,131.0690608806908,qwen15b-npu3,
1782498025.0324583,200,149.34415416792035,qwen15b-npu7,
1782498025.0326822,200,146.75891678780317,qwen15b-npu7,
1782498025.0328856,200,147.23154017701745,qwen15b-npu7,
1782498025.0350401,200,118.5954581014812,qwen15b-npu4,
1782498025.0355253,200,129.0405779145658,qwen15b-npu4,
1782498025.0358112,200,128.4298738464713,qwen15b-npu4,
1782498025.0360396,200,118.77293791621923,qwen15b-npu4,
1782498025.0451229,200,127.62246793136,qwen15b-npu6,
1782498025.0598235,200,139.33303719386458,qwen15b-npu7,
1782498025.0600932,200,120.75287196785212,qwen15b-npu4,
1782498025.0604353,200,144.32134991511703,qwen15b-npu7,
1782498025.061315,200,119.09660091623664,qwen15b-npu4,
1782498025.066932,200,129.4621699489653,qwen15b-npu5,
1782498025.0680106,200,117.59502999484539,qwen15b-npu5,
1782498025.0754044,200,125.8323760703206,qwen15b-npu6,
1782498025.0757458,200,134.41148307174444,qwen15b-npu6,
1782498025.0807369,200,139.1031346283853,qwen15b-npu3,
1782498025.0817366,200,144.86967399716377,qwen15b-npu3,
1782498025.081954,200,144.82064405456185,qwen15b-npu3,
1782498025.0861254,200,146.05043176561594,qwen15b-npu7,
1782498025.0916855,200,129.06964728608727,qwen15b-npu5,
1782498025.104771,200,139.30968567728996,qwen15b-npu6,
1782498025.1057603,200,142.55288802087307,qwen15b-npu6,
1782498025.106057,200,142.608598805964,qwen15b-npu6,
1782498025.1073475,200,117.50832013785839,qwen15b-npu4,
1782498025.1080847,200,112.57897736504674,qwen15b-npu4,
1782498025.1095796,200,144.45788227021694,qwen15b-npu3,
1782498025.1142416,200,123.91109298914671,qwen15b-npu7,
1782498025.117859,200,123.31684911623597,qwen15b-npu5,
1782498025.131292,200,136.0193253494799,qwen15b-npu6,
1782498025.1421218,200,127.6460075750947,qwen15b-npu7,
1782498025.1619408,200,128.98985808715224,qwen15b-npu4,
1782498025.163062,200,127.18481523916125,qwen15b-npu4,
1782498025.1646516,200,128.54779371991754,qwen15b-npu6,
1782498025.1739974,200,138.88384401798248,qwen15b-npu5,
1782498025.1743782,200,138.78875272348523,qwen15b-npu5,
1782498025.1788888,200,146.36941393837333,qwen15b-npu7,
1782498025.179611,200,134.4311940483749,qwen15b-npu7,
1782498025.1853495,200,117.22544813528657,qwen15b-npu4,
1782498025.18588,200,163.92082208767533,qwen15b-npu3,
1782498025.1866803,200,153.93557539209723,qwen15b-npu3,
1782498025.1933916,200,131.90927682444453,qwen15b-npu6,
1782498025.1938329,200,133.67563905194402,qwen15b-npu6,
1782498025.1987438,200,138.16293887794018,qwen15b-npu5,
1782498025.198973,200,123.47849970683455,qwen15b-npu5,
1782498025.2082958,200,141.27327874302864,qwen15b-npu7,
1782498025.209489,200,127.46778735890985,qwen15b-npu4,
1782498025.213222,200,153.318181168288,qwen15b-npu3,
1782498025.2201607,200,133.97567067295313,qwen15b-npu6,
1782498025.2236683,200,117.83206183463335,qwen15b-npu5,
1782498025.233541,200,125.39564305916429,qwen15b-npu4,
1782498025.2338886,200,127.6907678693533,qwen15b-npu4,
1782498025.23915,200,147.4084509536624,qwen15b-npu7,
1782498025.2394824,200,158.68394682183862,qwen15b-npu7,
1782498025.242407,200,166.59655002877116,qwen15b-npu3,
1782498025.2429247,200,161.12146293744445,qwen15b-npu3,
1782498025.2482035,200,143.37582420557737,qwen15b-npu6,
1782498025.2484694,200,134.1384812258184,qwen15b-npu6,
1782498025.2505324,200,132.6064309105277,qwen15b-npu5,
1782498025.2508368,200,119.48363296687603,qwen15b-npu5,
1782498025.2574768,200,115.28819520026445,qwen15b-npu4,
1782498025.2678483,200,160.40466912090778,qwen15b-npu7,
1782498025.2692063,200,159.50568160042167,qwen15b-npu3,
1782498025.2963355,200,122.23630165681243,qwen15b-npu3,
1782498025.296993,200,133.7795602157712,qwen15b-npu7,
1782498025.3018107,200,115.05910335108638,qwen15b-npu5,
1782498025.302105,200,116.5866837836802,qwen15b-npu5,
1782498025.3033895,200,128.94102698192,qwen15b-npu5,
1782498025.3049154,200,111.39883892610669,qwen15b-npu4,
1782498025.3053317,200,140.58205485343933,qwen15b-npu6,
1782498025.305938,200,143.52599484845996,qwen15b-npu6,
1782498025.3260548,200,127.01633432880044,qwen15b-npu7,
1782498025.3263404,200,140.34207398071885,qwen15b-npu7,
1782498025.3270118,200,147.34220085665584,qwen15b-npu3,
1782498025.3278017,200,148.85093085467815,qwen15b-npu3,
1782498025.328018,200,134.07497061416507,qwen15b-npu3,
1782498025.3325346,200,133.72848881408572,qwen15b-npu6,
1782498025.3477964,200,127.54976702854037,qwen15b-npu5,
1782498025.3517592,200,118.13773401081562,qwen15b-npu4,
1782498025.3525283,200,144.17141862213612,qwen15b-npu3,
1782498025.355325,200,142.02200481668115,qwen15b-npu7,
1782498025.3561268,200,146.49316482245922,qwen15b-npu7,
1782498025.360961,200,137.23075296729803,qwen15b-npu6,
1782498025.3721347,200,129.15008794516325,qwen15b-npu5,
1782498025.3771822,200,119.64564491063356,qwen15b-npu4,
1782498025.3774743,200,128.94290732219815,qwen15b-npu4,
1782498025.3777134,200,129.45127999410033,qwen15b-npu4,
1782498025.377929,200,127.03208392485976,qwen15b-npu4,
1782498025.3800678,200,140.52045438438654,qwen15b-npu3,
1782498025.382037,200,148.0252449400723,qwen15b-npu7,
1782498025.3912156,200,151.9824219867587,qwen15b-npu6,
1782498025.3916903,200,141.08140813186765,qwen15b-npu6,
1782498025.392586,200,150.11750906705856,qwen15b-npu6,
1782498025.4116442,200,143.73498689383268,qwen15b-npu7,
1782498025.4122825,200,142.9894119501114,qwen15b-npu7,
1782498025.4223132,200,125.88338600471616,qwen15b-npu5,
1782498025.422632,200,125.5744039081037,qwen15b-npu5,
1782498025.4374235,200,133.93525080755353,qwen15b-npu3,
1782498025.4378111,200,135.56212093681097,qwen15b-npu3,
1782498025.438245,200,133.20307480171323,qwen15b-npu3,
1782498025.438544,200,132.5348108075559,qwen15b-npu3,
1782498025.4399915,200,134.54838376492262,qwen15b-npu7,
1782498025.445072,200,143.1855820119381,qwen15b-npu6,
1782498025.4471276,200,114.53375034034252,qwen15b-npu5,
1782498025.450299,200,122.4355329759419,qwen15b-npu4,
1782498025.45059,200,123.51544015109539,qwen15b-npu4,
1782498025.45094,200,122.85985564813018,qwen15b-npu4,
1782498025.466355,200,139.95130080729723,qwen15b-npu3,
1782498025.468279,200,142.1641050837934,qwen15b-npu7,
1782498025.4714727,200,118.8855292275548,qwen15b-npu5,
1782498025.4730134,200,116.79182527586818,qwen15b-npu4,
1782498025.474528,200,126.67598063126206,qwen15b-npu6,
1782498025.4943082,200,138.87032307684422,qwen15b-npu3,
1782498025.4970398,200,119.77454600855708,qwen15b-npu4,
1782498025.4972577,200,145.4369379207492,qwen15b-npu7,
1782498025.4986174,200,120.62596110627055,qwen15b-npu5,
1782498025.4994574,200,127.26193573325872,qwen15b-npu5,
1782498025.5052934,200,144.2480101250112,qwen15b-npu6,
1782498025.505641,200,127.86453031003475,qwen15b-npu6,
1782498025.5210912,200,129.7306721098721,qwen15b-npu4,
1782498025.521934,200,139.80619003996253,qwen15b-npu3,
1782498025.5226524,200,142.52640772610903,qwen15b-npu3,
1782498025.5272765,200,134.58628533408046,qwen15b-npu7,
1782498025.527643,200,135.84617292508483,qwen15b-npu7,
1782498025.5284371,200,150.89262509718537,qwen15b-npu7,
1782498025.545207,200,122.81666602939367,qwen15b-npu4,
1782498025.5455513,200,122.78836593031883,qwen15b-npu5,
1782498025.5597444,200,148.02243513986468,qwen15b-npu6,
1782498025.5600867,200,147.73190394043922,qwen15b-npu6,
1782498025.5700226,200,124.88827900961041,qwen15b-npu4,
1782498025.5703633,200,119.71227498725057,qwen15b-npu4,
1782498025.5713263,200,133.79239896312356,qwen15b-npu5,
1782498025.5724692,200,134.13939205929637,qwen15b-npu5,
1782498025.57293,200,132.85151310265064,qwen15b-npu5,
1782498025.5767498,200,138.08259880170226,qwen15b-npu3,
1782498025.5776458,200,130.45440707355738,qwen15b-npu3,
1782498025.5848894,200,134.50332405045629,qwen15b-npu7,
1782498025.5851986,200,134.17996233329177,qwen15b-npu7,
1782498025.5865035,200,148.55154883116484,qwen15b-npu6,
1782498025.5932043,200,120.07469683885574,qwen15b-npu4,
1782498025.5950704,200,120.47280976548791,qwen15b-npu5,
1782498025.6037333,200,137.31706282123923,qwen15b-npu3,
1782498025.6043859,200,132.85688310861588,qwen15b-npu3,
1782498025.6130054,200,144.66747222468257,qwen15b-npu7,
1782498025.6179533,200,112.18867497518659,qwen15b-npu4,
1782498025.6183465,200,121.24554486945271,qwen15b-npu4,
1782498025.6202826,200,125.89068617671728,qwen15b-npu5,
1782498025.620642,200,121.96241971105337,qwen15b-npu5,
1782498025.642085,200,144.77084297686815,qwen15b-npu7,
1782498025.6424127,200,137.02692091464996,qwen15b-npu7,
1782498025.6436179,200,121.62789795547724,qwen15b-npu6,
1782498025.644195,200,144.6502022445202,qwen15b-npu6,
1782498025.6578393,200,136.67176896706223,qwen15b-npu3,
1782498025.658131,200,135.393591132015,qwen15b-npu3,
1782498025.6651986,200,105.36613781005144,qwen15b-npu4,
1782498025.6680682,200,107.91922593489289,qwen15b-npu5,
1782498025.670354,200,142.64546893537045,qwen15b-npu7,
1782498025.6710308,200,125.71877520531416,qwen15b-npu7,
1782498025.673667,200,128.05258110165596,qwen15b-npu6,
1782498025.6745005,200,147.10715925320983,qwen15b-npu6,
1782498025.6749012,200,146.36534405872226,qwen15b-npu6,
1782498025.6895545,200,112.74351784959435,qwen15b-npu4,
1782498025.6940055,200,116.24432215467095,qwen15b-npu5,
1782498025.694577,200,123.19209799170494,qwen15b-npu5,
1782498025.7090852,200,136.04010408744216,qwen15b-npu7,
1782498025.7122507,200,139.63895896449685,qwen15b-npu3,
1782498025.7127092,200,126.09440786764026,qwen15b-npu3,
1782498025.7130582,200,142.63357920572162,qwen15b-npu3,
1782498025.713294,200,143.18594289943576,qwen15b-npu6,
1782498025.714021,200,118.83222917094827,qwen15b-npu4,
1782498025.7183974,200,125.09602075442672,qwen15b-npu5,
1782498025.7189686,200,114.51940005645156,qwen15b-npu5,
1782498025.7380788,200,117.70393094047904,qwen15b-npu4,
1782498025.7393198,200,135.4904412291944,qwen15b-npu7,
1782498025.7397835,200,121.71447928994894,qwen15b-npu4,
1782498025.7413669,200,156.39888076111674,qwen15b-npu6,
1782498025.7417276,200,156.45980183035135,qwen15b-npu6,
1782498025.7425418,200,121.7800690792501,qwen15b-npu3,
1782498025.7434664,200,125.04246970638633,qwen15b-npu5,
1782498025.7622643,200,119.7656150907278,qwen15b-npu4,
1782498025.769083,200,125.40489295497537,qwen15b-npu3,
1782498025.769338,200,156.2736602500081,qwen15b-npu6,
1782498025.7879777,200,113.40482300147414,qwen15b-npu4,
1782498025.7883487,200,123.08769719675183,qwen15b-npu4,
1782498025.7920663,200,121.629998087883,qwen15b-npu5,
1782498025.7924588,200,117.45748994871974,qwen15b-npu5,
1782498025.7968838,200,154.7062210738659,qwen15b-npu7,
1782498025.7975574,200,139.64897906407714,qwen15b-npu7,
1782498025.797813,200,153.53527199476957,qwen15b-npu6,
1782498025.7988465,200,140.6233860179782,qwen15b-npu3,
1782498025.7991467,200,128.03679099306464,qwen15b-npu3,
1782498025.8164127,200,126.79751310497522,qwen15b-npu5,
1782498025.8221858,200,148.44791777431965,qwen15b-npu7,
1782498025.8262954,200,131.65080500766635,qwen15b-npu6,
1782498025.8266263,200,158.4752663038671,qwen15b-npu6,
1782498025.8275933,200,133.4985769353807,qwen15b-npu6,
1782498025.83641,200,117.94486315920949,qwen15b-npu4,
1782498025.8367255,200,123.60372114926577,qwen15b-npu4,
1782498025.840973,200,128.15124168992043,qwen15b-npu5,
1782498025.8496068,200,140.44109359383583,qwen15b-npu7,
1782498025.8498461,200,135.76381281018257,qwen15b-npu7,
1782498025.8515246,200,139.13460494950414,qwen15b-npu3,
1782498025.8523166,200,138.95712420344353,qwen15b-npu3,
1782498025.8534484,200,134.4211744144559,qwen15b-npu6,
1782498025.8597012,200,120.22910825908184,qwen15b-npu4,
1782498025.865976,200,123.3410588465631,qwen15b-npu5,
1782498025.8825402,200,141.0689582116902,qwen15b-npu3,
1782498025.884069,200,145.9256410598755,qwen15b-npu6,
1782498025.8852482,200,145.39377810433507,qwen15b-npu6,
1782498025.8857968,200,143.94379686564207,qwen15b-npu7,
1782498025.8861628,200,142.5872491672635,qwen15b-npu7,
1782498025.902134,200,132.9792239703238,qwen15b-npu7,
1782498025.9076536,200,145.30115714296699,qwen15b-npu3,
1782498025.9079018,200,119.4549729116261,qwen15b-npu3,
1782498025.9094603,200,110.5440529063344,qwen15b-npu4,
1782498025.9097245,200,140.32467314973474,qwen15b-npu3,
1782498025.9102051,200,110.99066585302353,qwen15b-npu4,
1782498025.9123094,200,114.4190700724721,qwen15b-npu4,
1782498025.9128911,200,124.82328992336988,qwen15b-npu6,
1782498025.9168406,200,119.21673081815243,qwen15b-npu5,
1782498025.9171684,200,120.1542280614376,qwen15b-npu5,
1782498025.9290242,200,136.8724899366498,qwen15b-npu7,
1782498025.93195,200,115.46166706830263,qwen15b-npu4,
1782498025.9390764,200,146.53219608590007,qwen15b-npu6,
1782498025.9400315,200,113.63247409462929,qwen15b-npu5,
1782498025.955514,200,133.22696601971984,qwen15b-npu7,
1782498025.9566588,200,106.74316808581352,qwen15b-npu4,
1782498025.9601583,200,123.36370907723904,qwen15b-npu3,
1782498025.960552,200,133.8523398153484,qwen15b-npu3,
1782498025.966533,200,114.12413697689772,qwen15b-npu5,
1782498025.96682,200,130.32315578311682,qwen15b-npu5,
1782498025.9671128,200,126.03965681046247,qwen15b-npu5,
1782498025.9682941,200,140.59821516275406,qwen15b-npu6,
1782498025.9806957,200,127.18539498746395,qwen15b-npu4,
1782498025.985641,200,134.01289144530892,qwen15b-npu3,
1782498025.989665,200,123.62619116902351,qwen15b-npu5,
1782498025.9985352,200,138.77389300614595,qwen15b-npu6,
1782498025.9988759,200,149.20087298378348,qwen15b-npu6,
1782498026.0046816,200,119.27218176424503,qwen15b-npu4,
1782498026.0133553,200,127.44736671447754,qwen15b-npu3,
1782498026.01369,200,131.0349409468472,qwen15b-npu3,
1782498026.0273814,200,143.2059332728386,qwen15b-npu6,
1782498026.0277262,200,141.44335081800818,qwen15b-npu6,
1782498026.0294867,200,112.19755373895168,qwen15b-npu4,
1782498026.0303068,200,120.03103690221906,qwen15b-npu4,
1782498026.0306623,200,122.9403861798346,qwen15b-npu4,
1782498026.036496,200,134.263233281672,qwen15b-npu7,
1782498026.0368176,200,119.89667639136314,qwen15b-npu7,
1782498026.03941,200,129.5702108182013,qwen15b-npu3,
1782498026.0411751,200,131.65087485685945,qwen15b-npu5,
1782498026.0424712,200,130.0053638406098,qwen15b-npu5,
1782498026.0429385,200,134.96782770380378,qwen15b-npu5,
1782498026.0551126,200,142.10934564471245,qwen15b-npu6,
1782498026.0627754,200,107.17888036742806,qwen15b-npu5,
1782498026.064696,200,125.5469243042171,qwen15b-npu7,
1782498026.064992,200,135.8763831667602,qwen15b-npu7,
1782498026.0665133,200,134.5032937824726,qwen15b-npu3,
1782498026.076942,200,110.32947199419141,qwen15b-npu4,
1782498026.077242,200,120.43278990313411,qwen15b-npu4,
1782498026.0860217,200,145.87966073304415,qwen15b-npu6,
1782498026.0863583,200,126.09054800122976,qwen15b-npu6,
1782498026.0874302,200,126.75121193751693,qwen15b-npu5,
1782498026.0924315,200,125.24697231128812,qwen15b-npu7,
1782498026.0927658,200,125.87437639012933,qwen15b-npu7,
1782498026.1151044,200,146.73068653792143,qwen15b-npu6,
1782498026.1155546,200,134.7614759579301,qwen15b-npu6,
1782498026.1194947,200,133.75326013192534,qwen15b-npu7,
1782498026.1202233,200,130.4865968413651,qwen15b-npu3,
1782498026.1210802,200,122.44817288592458,qwen15b-npu3,
1782498026.1373293,200,123.57780989259481,qwen15b-npu5,
1782498026.1376917,200,110.22129096090794,qwen15b-npu5,
1782498026.1470542,200,133.58486769720912,qwen15b-npu3,
1782498026.1474292,200,117.02701589092612,qwen15b-npu3,
1782498026.1484504,200,118.90106881037354,qwen15b-npu4,
1782498026.1488886,200,121.09480379149318,qwen15b-npu4,
1782498026.1504183,200,107.79879381880164,qwen15b-npu4,
1782498026.1509535,200,152.01166225597262,qwen15b-npu7,
1782498026.151309,200,146.52077527716756,qwen15b-npu7,
1782498026.1614249,200,124.54664707183838,qwen15b-npu5,
1782498026.1712983,200,104.70241401344538,qwen15b-npu4,
1782498026.1737163,200,118.54289704933763,qwen15b-npu3,
1782498026.1746814,200,135.20667888224125,qwen15b-npu6,
1782498026.174953,200,131.90143601968884,qwen15b-npu6,
1782498026.1779819,200,141.4055908098817,qwen15b-npu7,
1782498026.178489,200,147.76349300518632,qwen15b-npu7,
1782498026.179403,200,138.16518895328045,qwen15b-npu7,
1782498026.1852922,200,108.27943775802851,qwen15b-npu5,
1782498026.2005632,200,137.72883592173457,qwen15b-npu3,
1782498026.2030506,200,137.96250708401203,qwen15b-npu7,
1782498026.2043254,200,139.55823797732592,qwen15b-npu6,
1782498026.2099996,200,123.88913286849856,qwen15b-npu5,
1782498026.2199788,200,127.1191737614572,qwen15b-npu4,
1782498026.2278075,200,140.28962282463908,qwen15b-npu3,
1782498026.2298334,200,143.38135393336415,qwen15b-npu7,
1782498026.2341902,200,141.6631629690528,qwen15b-npu6,
1782498026.235051,200,115.45431660488248,qwen15b-npu5,
1782498026.235448,200,158.10725279152393,qwen15b-npu6,
1782498026.2364826,200,116.17516074329615,qwen15b-npu5,
1782498026.2456684,200,124.49411721900105,qwen15b-npu4,
1782498026.2459984,200,108.56206994503736,qwen15b-npu4,
1782498026.2550223,200,139.79730987921357,qwen15b-npu3,
1782498026.2584815,200,142.8121803328395,qwen15b-npu7,
1782498026.2593203,200,110.78644497320056,qwen15b-npu5,
1782498026.2694242,200,118.35718620568514,qwen15b-npu4,
1782498026.2697878,200,120.8301717415452,qwen15b-npu4,
1782498026.2844503,200,109.69781829044223,qwen15b-npu5,
1782498026.284877,200,137.3494928702712,qwen15b-npu3,
1782498026.2852259,200,138.0688981153071,qwen15b-npu3,
1782498026.285463,200,134.09577123820782,qwen15b-npu3,
1782498026.2942116,200,132.72334169596434,qwen15b-npu6,
1782498026.2947662,200,119.74820494651794,qwen15b-npu4,
1782498026.2950451,200,144.4796216674149,qwen15b-npu6,
1782498026.2957697,200,157.9567319713533,qwen15b-npu6,
1782498026.2961967,200,110.81128474324942,qwen15b-npu4,
1782498026.2964458,200,118.36636578664184,qwen15b-npu4,
1782498026.308042,200,107.42138186469674,qwen15b-npu5,
1782498026.3099945,200,131.4148330129683,qwen15b-npu3,
1782498026.3105931,200,139.19822499155998,qwen15b-npu3,
1782498026.3191583,200,145.37967694923282,qwen15b-npu6,
1782498026.3200645,200,140.54725505411625,qwen15b-npu6,
1782498026.3327396,200,129.55883098766208,qwen15b-npu5,
1782498026.3422573,200,122.21978092566133,qwen15b-npu7,
1782498026.342606,200,132.54775200039148,qwen15b-npu7,
1782498026.3459938,200,141.5747506543994,qwen15b-npu6,
1782498026.3590186,200,123.87347314506769,qwen15b-npu5,
1782498026.3598497,200,131.95063825696707,qwen15b-npu5,
1782498026.3602602,200,126.01191690191627,qwen15b-npu5,
1782498026.3645175,200,118.76092897728086,qwen15b-npu3,
1782498026.3648975,200,135.00382704660296,qwen15b-npu3,
1782498026.3666945,200,107.26786172017455,qwen15b-npu4,
1782498026.366953,200,120.88764179497957,qwen15b-npu4,
1782498026.367511,200,131.97156693786383,qwen15b-npu4,
1782498026.3687093,200,132.110808044672,qwen15b-npu7,
1782498026.3820462,200,112.52279719337821,qwen15b-npu5,
1782498026.390533,200,131.9572669453919,qwen15b-npu3,
1782498026.3957865,200,125.94024697318673,qwen15b-npu7,
1782498026.400186,200,145.0490546412766,qwen15b-npu6,
1782498026.412754,200,117.56118014454842,qwen15b-npu4,
1782498026.4187376,200,123.90887318179011,qwen15b-npu3,
1782498026.4190884,200,122.57637362927198,qwen15b-npu3,
1782498026.4265828,200,142.00192457064986,qwen15b-npu7,
1782498026.4272864,200,133.00588401034474,qwen15b-npu7,
1782498026.4276004,200,142.30779698118567,qwen15b-npu7,
1782498026.4283478,200,132.47906137257814,qwen15b-npu7,
1782498026.4286647,200,143.6689360998571,qwen15b-npu6,
1782498026.4293747,200,133.10128496959805,qwen15b-npu7,
1782498026.4306226,200,145.10014513507485,qwen15b-npu6,
1782498026.4375813,200,117.40047903731465,qwen15b-npu4,
1782498026.4468663,200,136.81357959285378,qwen15b-npu3,
1782498026.4471695,200,136.51689793914557,qwen15b-npu3,
1782498026.4515426,200,143.44058372080326,qwen15b-npu7,
1782498026.4535682,200,134.35004418715835,qwen15b-npu6,
1782498026.4588401,200,126.02204689756036,qwen15b-npu5,
1782498026.4592981,200,116.6244838386774,qwen15b-npu5,
1782498026.4601371,200,114.08268706873059,qwen15b-npu5,
1782498026.462123,200,119.76966494694352,qwen15b-npu4,
1782498026.4823117,200,121.97843985632062,qwen15b-npu5,
1782498026.487269,200,118.49143588915467,qwen15b-npu4,
1782498026.488103,200,128.1349421478808,qwen15b-npu4,
1782498026.5006733,200,133.64745769649744,qwen15b-npu3,
1782498026.5010374,200,141.94298489019275,qwen15b-npu3,
1782498026.5039375,200,138.91546428203583,qwen15b-npu7,
1782498026.5069323,200,116.34005233645439,qwen15b-npu5,
1782498026.5126295,200,147.9995851404965,qwen15b-npu6,
1782498026.512977,200,130.83584001287818,qwen15b-npu6,
1782498026.5132413,200,146.47404477000237,qwen15b-npu6,
1782498026.5134845,200,145.897860173136,qwen15b-npu6,
1782498026.5272756,200,131.42743287608027,qwen15b-npu3,
1782498026.5317473,200,131.44883420318365,qwen15b-npu5,
1782498026.534159,200,121.3247049599886,qwen15b-npu4,
1782498026.5538917,200,127.1824948489666,qwen15b-npu3,
1782498026.5573745,200,129.98387357220054,qwen15b-npu5,
1782498026.5578065,200,129.03038691729307,qwen15b-npu5,
1782498026.5586965,200,128.01078986376524,qwen15b-npu5,
1782498026.5610187,200,123.34060901775956,qwen15b-npu4,
1782498026.5620162,200,143.1828229688108,qwen15b-npu7,
1782498026.5623448,200,133.9204702526331,qwen15b-npu4,
1782498026.5626974,200,143.5334449633956,qwen15b-npu7,
1782498026.563357,200,135.69448282942176,qwen15b-npu7,
1782498026.5638964,200,134.42817283794284,qwen15b-npu7,
1782498026.5807688,200,118.57063695788383,qwen15b-npu5,
1782498026.5817208,200,134.75711597129703,qwen15b-npu3,
1782498026.5819995,200,130.35665592178702,qwen15b-npu3,
1782498026.5878854,200,128.9701173081994,qwen15b-npu7,
1782498026.588218,200,140.98028792068362,qwen15b-npu7,
1782498026.5885801,200,129.1387681849301,qwen15b-npu7,
1782498026.58932,200,135.68956218659878,qwen15b-npu6,
1782498026.59006,200,129.8446631990373,qwen15b-npu6,
1782498026.6052778,200,104.12172973155975,qwen15b-npu4,
1782498026.6140714,200,131.67476607486606,qwen15b-npu6,
1782498026.615035,200,126.85940321534872,qwen15b-npu6,
1782498026.6155403,200,128.1343218870461,qwen15b-npu7,
1782498026.629746,200,125.70416508242488,qwen15b-npu4,
1782498026.6310012,200,117.44805984199047,qwen15b-npu5,
1782498026.6317174,200,124.67341823503375,qwen15b-npu5,
1782498026.6355548,200,122.81570583581924,qwen15b-npu3,
1782498026.6358707,200,122.82430520281196,qwen15b-npu3,
1782498026.6411319,200,127.82200984656811,qwen15b-npu7,
1782498026.6420279,200,141.26790966838598,qwen15b-npu6,
1782498026.6535842,200,126.20990816503763,qwen15b-npu4,
1782498026.6544814,200,120.20952813327312,qwen15b-npu5,
1782498026.6678886,200,136.04218512773514,qwen15b-npu7,
1782498026.678602,200,121.09356513246894,qwen15b-npu4,
1782498026.678934,200,116.16945127025247,qwen15b-npu5,
1782498026.6794775,200,125.48646284267306,qwen15b-npu4,
1782498026.6884763,200,127.34300596639514,qwen15b-npu3,
1782498026.6973557,200,133.8920807465911,qwen15b-npu6,
1782498026.6977308,200,135.6204617768526,qwen15b-npu7,
1782498026.6981015,200,134.12964204326272,qwen15b-npu7,
1782498026.6984363,200,135.98093437030911,qwen15b-npu6,
1782498026.6986964,200,139.891701284796,qwen15b-npu6,
1782498026.699083,200,141.16510888561606,qwen15b-npu6,
1782498026.7036397,200,114.95049297809601,qwen15b-npu4,
1782498026.7048192,200,115.41703622788191,qwen15b-npu5,
1782498026.7051828,200,123.39023919776082,qwen15b-npu5,
1782498026.7185898,200,128.44642298296094,qwen15b-npu3,
1782498026.7188294,200,136.75979897379875,qwen15b-npu3,
1782498026.7191153,200,138.26648984104395,qwen15b-npu3,
1782498026.7217112,200,133.71949875727296,qwen15b-npu6,
1782498026.723514,200,135.23245975375175,qwen15b-npu7,
1782498026.7271383,200,111.53006972745061,qwen15b-npu4,
1782498026.7274766,200,122.1383810043335,qwen15b-npu4,
1782498026.7460985,200,130.9336102567613,qwen15b-npu3,
1782498026.749325,200,135.19543875008821,qwen15b-npu6,
1782498026.7499928,200,108.80244197323918,qwen15b-npu4,
1782498026.7518463,200,121.98086036369205,qwen15b-npu7,
1782498026.75235,200,120.50062045454979,qwen15b-npu7,
1782498026.7564127,200,114.27099909633398,qwen15b-npu5,
1782498026.7567787,200,125.66540483385324,qwen15b-npu5,
1782498026.773623,200,137.98440713435411,qwen15b-npu3,
1782498026.775014,200,107.05203982070088,qwen15b-npu4,
1782498026.7779593,200,123.35430970415473,qwen15b-npu5,
1782498026.7786322,200,142.7005692385137,qwen15b-npu6,
1782498026.8019037,200,122.35929304733872,qwen15b-npu3,
1782498026.8021612,200,148.48167775198817,qwen15b-npu3,
1782498026.8028047,200,114.2645487561822,qwen15b-npu5,
1782498026.804979,200,125.93941576778889,qwen15b-npu6,
1782498026.8087976,200,130.10166538879275,qwen15b-npu7,
1782498026.8354595,200,136.25371595844626,qwen15b-npu4,
1782498026.8358254,200,137.32197415083647,qwen15b-npu4,
1782498026.8394754,200,134.1833220794797,qwen15b-npu5,
1782498026.8414276,200,142.61299883946776,qwen15b-npu6,
1782498026.8416584,200,143.45031511038542,qwen15b-npu6,
1782498026.8418696,200,144.02594789862633,qwen15b-npu6,
1782498026.8432348,200,139.4886770285666,qwen15b-npu3,
1782498026.8438494,200,146.3843546807766,qwen15b-npu7,
1782498026.844607,200,139.70066979527473,qwen15b-npu7,
1782498026.8572094,200,137.95577688142657,qwen15b-npu4,
1782498026.8642347,200,142.44717825204134,qwen15b-npu5,
1782498026.8729918,200,154.33927811682224,qwen15b-npu7,
1782498026.8736238,200,150.01737931743264,qwen15b-npu7,
1782498026.8741004,200,146.49028470739722,qwen15b-npu3,
1782498026.8743472,200,147.1333298832178,qwen15b-npu3,
1782498026.8745801,200,155.6882169097662,qwen15b-npu3,
1782498026.887268,200,137.88279797881842,qwen15b-npu4,
1782498026.8876371,200,131.12409226596355,qwen15b-npu4,
1782498026.8899136,200,143.72243592515588,qwen15b-npu5,
1782498026.8907676,200,138.7885231524706,qwen15b-npu5,
1782498026.894665,200,142.16988580301404,qwen15b-npu6,
1782498026.8985581,200,141.70316234230995,qwen15b-npu3,
1782498026.899328,200,149.27208423614502,qwen15b-npu7,
1782498026.906956,200,131.86382688581944,qwen15b-npu4,
1782498026.914221,200,135.52606105804443,qwen15b-npu5,
1782498026.9227219,200,144.64421337470412,qwen15b-npu6,
1782498026.9232817,200,149.53012624755502,qwen15b-npu6,
1782498026.9316707,200,126.62671087309718,qwen15b-npu4,
1782498026.9388201,200,129.96087409555912,qwen15b-npu5,
1782498026.9498672,200,147.89133379235864,qwen15b-npu3,
1782498026.9503944,200,148.17201625555754,qwen15b-npu6,
1782498026.9533668,200,150.48956219106913,qwen15b-npu7,
1782498026.957073,200,113.77750523388386,qwen15b-npu4,
1782498026.9573615,200,117.81829176470637,qwen15b-npu4,
1782498026.965434,200,123.70792217552662,qwen15b-npu5,
1782498026.9656997,200,124.2083553224802,qwen15b-npu5,
1782498026.9777546,200,142.20939623191953,qwen15b-npu3,
1782498026.978609,200,121.33932579308748,qwen15b-npu3,
1782498026.9789004,200,142.99655193462968,qwen15b-npu6,
1782498026.981792,200,137.12134212255478,qwen15b-npu7,
1782498026.982114,200,140.17544174566865,qwen15b-npu7,
1782498026.982551,200,138.6389317922294,qwen15b-npu7,
1782498027.00402,200,116.67243437841535,qwen15b-npu3,
1782498027.0069818,200,133.28831596300006,qwen15b-npu4,
1782498027.0077095,200,119.89590618759394,qwen15b-npu4,
1782498027.0081894,200,133.77687893807888,qwen15b-npu4,
1782498027.008517,200,135.46385103836656,qwen15b-npu7,
1782498027.0092406,200,144.94830463081598,qwen15b-npu6,
1782498027.0136695,200,139.49664821848273,qwen15b-npu5,
1782498027.0142403,200,139.58846777677536,qwen15b-npu5,
1782498027.030526,200,107.74199478328228,qwen15b-npu4,
1782498027.0309193,200,123.84968204423785,qwen15b-npu4,
1782498027.0318768,200,141.86818385496736,qwen15b-npu3,
1782498027.033081,200,142.20419572666287,qwen15b-npu3,
1782498027.0358698,200,136.4451479166746,qwen15b-npu6,
1782498027.0365753,200,141.76928298547864,qwen15b-npu6,
1782498027.0371804,200,122.87841597571969,qwen15b-npu7,
1782498027.0374744,200,138.84133286774158,qwen15b-npu7,
1782498027.0383692,200,115.02859275788069,qwen15b-npu5,
1782498027.0578349,200,126.05346692726016,qwen15b-npu3,
1782498027.0582175,200,119.30441204458475,qwen15b-npu3,
1782498027.0622067,200,108.77442173659801,qwen15b-npu5,
1782498027.079179,200,113.38463285937905,qwen15b-npu4,
1782498027.0843768,200,133.92129074782133,qwen15b-npu3,
1782498027.0886486,200,131.1855218373239,qwen15b-npu5,
1782498027.090073,200,124.5662672445178,qwen15b-npu6,
1782498027.09122,200,141.29252964630723,qwen15b-npu7,
1782498027.0919454,200,134.80565696954727,qwen15b-npu7,
1782498027.1146803,200,132.79665214940906,qwen15b-npu5,
1782498027.119274,200,141.45737094804645,qwen15b-npu6,
1782498027.1200054,200,137.79200613498688,qwen15b-npu6,
1782498027.1203492,200,137.69350619986653,qwen15b-npu7,
1782498027.1206148,200,141.92894427105784,qwen15b-npu6,
1782498027.1216486,200,142.6139590330422,qwen15b-npu7,
1782498027.1289308,200,121.83190882205963,qwen15b-npu4,
1782498027.1293435,200,115.04127318039536,qwen15b-npu4,
1782498027.139613,200,130.3129061125219,qwen15b-npu3,
1782498027.1399245,200,132.06147775053978,qwen15b-npu5,
1782498027.1401527,200,136.02972496300936,qwen15b-npu3,
1782498027.1465735,200,137.94772792607546,qwen15b-npu7,
1782498027.1468985,200,133.165264967829,qwen15b-npu6,
1782498027.1474266,200,139.14297614246607,qwen15b-npu6,
1782498027.1524184,200,115.16099376603961,qwen15b-npu4,
1782498027.1529863,200,116.3407419808209,qwen15b-npu4,
1782498027.1661437,200,135.49826107919216,qwen15b-npu5,
1782498027.1672833,200,129.70783188939095,qwen15b-npu3,
1782498027.1675746,200,134.38371289521456,qwen15b-npu3,
1782498027.1742165,200,138.23698973283172,qwen15b-npu7,
1782498027.1745515,200,143.5215650126338,qwen15b-npu6,
1782498027.1752868,200,136.84683991596103,qwen15b-npu6,
1782498027.1757514,200,143.7746468000114,qwen15b-npu7,
1782498027.1768744,200,114.55710092559457,qwen15b-npu4,
1782498027.189894,200,110.61659408733249,qwen15b-npu5,
1782498027.1901858,200,132.26004922762513,qwen15b-npu5,
1782498027.192709,200,134.381792973727,qwen15b-npu3,
1782498027.213927,200,125.21936185657978,qwen15b-npu5,
1782498027.2201452,200,130.01020392403007,qwen15b-npu3,
1782498027.2281084,200,143.66760617122054,qwen15b-npu6,
1782498027.228377,200,136.32775703445077,qwen15b-npu6,
1782498027.228956,200,137.6792462542653,qwen15b-npu6,
1782498027.2391973,200,119.09637087956071,qwen15b-npu5,
1782498027.2395093,200,117.7936322055757,qwen15b-npu5,
1782498027.2507877,200,131.41700392588973,qwen15b-npu4,
1782498027.2510326,200,110.8119753189385,qwen15b-npu4,
1782498027.2513926,200,111.68457102030516,qwen15b-npu4,
1782498027.254672,200,125.26306323707104,qwen15b-npu6,
1782498027.2576535,200,128.56931518763304,qwen15b-npu7,
1782498027.2581227,200,143.36834382265806,qwen15b-npu7,
1782498027.258804,200,138.0848279222846,qwen15b-npu7,
1782498027.2591312,200,138.7143130414188,qwen15b-npu7,
1782498027.2632458,200,123.24961787089705,qwen15b-npu5,
1782498027.2734118,200,120.91447319835424,qwen15b-npu3,
1782498027.2737105,200,127.03653378412127,qwen15b-npu3,
1782498027.2752848,200,128.32316290587187,qwen15b-npu3,
1782498027.2756066,200,108.2337568514049,qwen15b-npu4,
1782498027.275933,200,122.87390697747469,qwen15b-npu4,
1782498027.281178,200,133.67156870663166,qwen15b-npu7,
1782498027.2880006,200,112.6226969063282,qwen15b-npu5,
1782498027.2882311,200,120.60025101527572,qwen15b-npu5,
1782498027.2983432,200,108.37315814569592,qwen15b-npu4,
1782498027.2995002,200,122.56387388333678,qwen15b-npu3,
1782498027.2999973,200,125.35191187635064,qwen15b-npu3,
1782498027.3071945,200,140.9566579386592,qwen15b-npu7,
1782498027.308863,200,134.54579515382648,qwen15b-npu6,
1782498027.3091714,200,133.34437599405646,qwen15b-npu6,
1782498027.3120222,200,121.77040800452232,qwen15b-npu5,
1782498027.3328736,200,140.1004819199443,qwen15b-npu6,
1782498027.335511,200,121.50086695328355,qwen15b-npu7,
1782498027.346617,200,118.437466211617,qwen15b-npu4,
1782498027.3521185,200,123.6494118347764,qwen15b-npu3,
1782498027.3601441,200,131.1298618093133,qwen15b-npu6,
1782498027.3623333,200,122.75164481252432,qwen15b-npu5,
1782498027.362738,200,111.61895981058478,qwen15b-npu5,
1782498027.3640056,200,143.76263692975044,qwen15b-npu7,
1782498027.373553,200,122.69353494048119,qwen15b-npu4,
1782498027.3741508,200,119.38354279845953,qwen15b-npu4,
1782498027.3745737,200,115.70183793082833,qwen15b-npu4,
1782498027.3782022,200,138.92360404133797,qwen15b-npu3,
1782498027.3878174,200,114.00066688656807,qwen15b-npu5,
1782498027.388133,200,124.80690935626626,qwen15b-npu5,
1782498027.392612,200,141.15869905799627,qwen15b-npu7,
1782498027.3928492,200,133.632798679173,qwen15b-npu7,
1782498027.39307,200,135.27523912489414,qwen15b-npu7,
1782498027.3933153,200,135.11223904788494,qwen15b-npu7,
1782498027.3977945,200,109.48169603943825,qwen15b-npu4,
1782498027.4067228,200,125.45903399586678,qwen15b-npu3,
1782498027.407045,200,131.3606328330934,qwen15b-npu3,
1782498027.407593,200,131.5464349463582,qwen15b-npu3,
1782498027.4127765,200,112.7139376476407,qwen15b-npu5,
1782498027.4168324,200,128.76491574570537,qwen15b-npu6,
1782498027.41756,200,142.17369630932808,qwen15b-npu6,
1782498027.4179215,200,119.51202293857932,qwen15b-npu6,
1782498027.4182806,200,144.7896040044725,qwen15b-npu6,
1782498027.4221613,200,112.90199868381023,qwen15b-npu4,
1782498027.4314954,200,131.9293067790568,qwen15b-npu3,
1782498027.4375796,200,125.49073295667768,qwen15b-npu5,
1782498027.4439082,200,136.60954916849732,qwen15b-npu7,
1782498027.4443855,200,135.44210977852345,qwen15b-npu7,
1782498027.458344,200,125.39015291258693,qwen15b-npu3,
1782498027.4618132,200,126.230888068676,qwen15b-npu5,
1782498027.470057,200,123.37944004684687,qwen15b-npu6,
1782498027.4717267,200,119.54953381791711,qwen15b-npu4,
1782498027.4852712,200,122.8230562992394,qwen15b-npu3,
1782498027.4866555,200,112.97033866867423,qwen15b-npu5,
1782498027.49742,200,133.32483731210232,qwen15b-npu4,
1782498027.4982674,200,110.05205009132624,qwen15b-npu4,
1782498027.4991872,200,138.98226525634527,qwen15b-npu7,
1782498027.5007453,200,126.0477970354259,qwen15b-npu7,
1782498027.5017328,200,138.88887409120798,qwen15b-npu6,
1782498027.5021882,200,127.91541032493114,qwen15b-npu6,
1782498027.512368,200,119.2275108769536,qwen15b-npu5,
1782498027.513361,200,125.45787403360009,qwen15b-npu5,
1782498027.5143743,200,136.08934497460723,qwen15b-npu3,
1782498027.5218391,200,128.9251670241356,qwen15b-npu4,
1782498027.526397,200,133.71665915474296,qwen15b-npu7,
1782498027.5267823,200,119.9682061560452,qwen15b-npu7,
1782498027.5283668,200,134.99048817902803,qwen15b-npu6,
1782498027.5287018,200,130.77954901382327,qwen15b-npu6,
1782498027.5375593,200,119.18869195505977,qwen15b-npu5,
1782498027.5384374,200,120.77916180714965,qwen15b-npu5,
1782498027.5424945,200,134.8276468925178,qwen15b-npu3,
1782498027.542946,200,130.0764949992299,qwen15b-npu3,
1782498027.5487816,200,111.13319685682654,qwen15b-npu4,
1782498027.5491276,200,132.15139787644148,qwen15b-npu4,
1782498027.5558584,200,148.70192017406225,qwen15b-npu6,
1782498027.556131,200,138.1029379554093,qwen15b-npu6,
1782498027.557134,200,134.88871697336435,qwen15b-npu6,
1782498027.5612674,200,129.7054416500032,qwen15b-npu5,
1782498027.5801413,200,118.26017498970032,qwen15b-npu7,
1782498027.580611,200,136.63401873782277,qwen15b-npu7,
1782498027.582577,200,138.12700798735023,qwen15b-npu6,
1782498027.5885572,200,116.76819482818246,qwen15b-npu5,
1782498027.5889928,200,118.87399898841977,qwen15b-npu5,
1782498027.5921776,200,133.771900087595,qwen15b-npu3,
1782498027.5959451,200,109.22829387709498,qwen15b-npu4,
1782498027.6114693,200,126.12732779234648,qwen15b-npu6,
1782498027.6187623,200,116.50333274155855,qwen15b-npu3,
1782498027.6210258,200,119.10164123401046,qwen15b-npu4,
1782498027.6212976,200,123.80821304395795,qwen15b-npu4,
1782498027.6217368,200,122.42249259725213,qwen15b-npu4,
1782498027.6351273,200,121.61608831956983,qwen15b-npu7,
1782498027.6354272,200,134.54477488994598,qwen15b-npu7,
1782498027.6369908,200,124.56297688186169,qwen15b-npu7,
1782498027.6374073,200,122.95876676216722,qwen15b-npu5,
1782498027.6377995,200,110.88035488501191,qwen15b-npu5,
1782498027.6382973,200,139.9479010142386,qwen15b-npu7,
1782498027.6478183,200,118.99031978100538,qwen15b-npu3,
1782498027.6482003,200,119.74507477134466,qwen15b-npu3,
1782498027.6679726,200,145.99805092439055,qwen15b-npu6,
1782498027.6683018,200,141.8074737302959,qwen15b-npu6,
1782498027.6685855,200,130.05324406549335,qwen15b-npu6,
1782498027.6697803,200,126.70880230143666,qwen15b-npu4,
1782498027.670084,200,127.46103713288903,qwen15b-npu4,
1782498027.6766806,200,120.45435979962349,qwen15b-npu3,
1782498027.677042,200,139.37097694724798,qwen15b-npu3,
1782498027.6773715,200,128.18030174821615,qwen15b-npu3,
1782498027.6777678,200,128.88392573222518,qwen15b-npu3,
1782498027.6884155,200,132.4828010983765,qwen15b-npu7,
1782498027.6887944,200,127.44412710890174,qwen15b-npu7,
1782498027.6952248,200,137.95549795031548,qwen15b-npu6,
1782498027.7037687,200,121.1252836510539,qwen15b-npu3,
1782498027.7109914,200,130.27251604944468,qwen15b-npu5,
1782498027.711446,200,115.44162686914206,qwen15b-npu5,
1782498027.7145333,200,134.2597920447588,qwen15b-npu7,
1782498027.718195,200,125.92348735779524,qwen15b-npu4,
1782498027.7185147,200,129.45281015709043,qwen15b-npu4,
1782498027.723084,200,134.3883341178298,qwen15b-npu6,
1782498027.738154,200,126.5617711469531,qwen15b-npu5,
1782498027.742094,200,120.70199241861701,qwen15b-npu7,
1782498027.7423542,200,120.51979033276439,qwen15b-npu7,
1782498027.7459643,200,124.8682402074337,qwen15b-npu4,
1782498027.7557743,200,136.91692100837827,qwen15b-npu3,
1782498027.7647088,200,116.44251272082329,qwen15b-npu5,
1782498027.7651808,200,127.20732484012842,qwen15b-npu5,
1782498027.770825,200,132.41875963285565,qwen15b-npu7,
1782498027.771429,200,135.8882635831833,qwen15b-npu7,
1782498027.7729907,200,125.06997026503086,qwen15b-npu4,
1782498027.7734659,200,135.9532941132784,qwen15b-npu4,
1782498027.7802622,200,143.173742108047,qwen15b-npu6,
1782498027.7807772,200,145.5676988698542,qwen15b-npu6,
1782498027.790284,200,121.64139840751886,qwen15b-npu5,
1782498027.790687,200,122.6061237975955,qwen15b-npu5,
1782498027.7958796,200,126.0219868272543,qwen15b-npu4,
1782498027.7969792,200,126.7690728418529,qwen15b-npu7,
1782498027.805896,200,129.10973792895675,qwen15b-npu6,
1782498027.8062398,200,137.87340698763728,qwen15b-npu6,
1782498027.8146296,200,137.16001203283668,qwen15b-npu3,
1782498027.815086,200,137.23934208974242,qwen15b-npu3,
1782498027.8156095,200,138.47317127510905,qwen15b-npu5,
1782498027.8210528,200,117.17621795833111,qwen15b-npu4,
1782498027.8218708,200,133.35367711260915,qwen15b-npu4,
1782498027.8233788,200,128.048290964216,qwen15b-npu7,
1782498027.83359,200,118.94077016040683,qwen15b-npu6,
1782498027.8340306,200,145.13644622638822,qwen15b-npu6,
1782498027.839797,200,121.21366523206234,qwen15b-npu5,
1782498027.8407266,200,129.21292893588543,qwen15b-npu3,
1782498027.8410187,200,129.96030366048217,qwen15b-npu3,
1782498027.844807,200,121.59499665722251,qwen15b-npu4,
1782498027.850994,200,132.6967221684754,qwen15b-npu7,
1782498027.8637257,200,121.3053953833878,qwen15b-npu5,
1782498027.8680656,200,129.83489269390702,qwen15b-npu3,
1782498027.86844,200,126.27155892550945,qwen15b-npu3,
1782498027.883896,200,137.83336663618684,qwen15b-npu7,
1782498027.8881118,200,122.81489511951804,qwen15b-npu6,
1782498027.8911946,200,110.29856093227863,qwen15b-npu5,
1782498027.891532,200,118.44117613509297,qwen15b-npu5,
1782498027.8939257,200,129.08243667334318,qwen15b-npu4,
1782498027.8953414,200,139.5061081275344,qwen15b-npu3,
1782498027.9054186,200,134.48020396754146,qwen15b-npu7,
1782498027.916929,200,145.42743796482682,qwen15b-npu6,
1782498027.9173884,200,136.96877099573612,qwen15b-npu6,
1782498027.918396,200,144.8369538411498,qwen15b-npu6,
1782498027.9195154,200,129.14539873600006,qwen15b-npu4,
1782498027.9201672,200,129.35644993558526,qwen15b-npu4,
1782498027.9398744,200,118.70402796193957,qwen15b-npu5,
1782498027.940282,200,134.30535281077027,qwen15b-npu5,
1782498027.9441123,200,128.93393682315946,qwen15b-npu4,
1782498027.9446852,200,122.73814529180527,qwen15b-npu4,
1782498027.945761,200,148.66984030231833,qwen15b-npu6,
1782498027.946419,200,150.44626081362367,qwen15b-npu6,
1782498027.9516761,200,135.95642428845167,qwen15b-npu3,
1782498027.9520135,200,145.6591091118753,qwen15b-npu3,
1782498027.959986,200,136.5026580169797,qwen15b-npu7,
1782498027.960435,200,126.32961990311742,qwen15b-npu7,
1782498027.9606607,200,145.8728606812656,qwen15b-npu7,
1782498027.9650366,200,131.31590280681849,qwen15b-npu5,
1782498027.96589,200,124.76416816934943,qwen15b-npu4,
1782498027.970855,200,125.94830710440874,qwen15b-npu6,
1782498027.9783354,200,137.53324514254928,qwen15b-npu3,
1782498027.9786167,200,138.7448227033019,qwen15b-npu3,
1782498027.9856513,200,121.8322990462184,qwen15b-npu7,
1782498027.9859104,200,134.84372664242983,qwen15b-npu7,
1782498028.0052097,200,137.0218019001186,qwen15b-npu3,
1782498028.0054815,200,136.97382109239697,qwen15b-npu3,
1782498028.012219,200,118.18308522924781,qwen15b-npu7,
1782498028.012458,200,117.02291620895267,qwen15b-npu7,
1782498028.0152059,200,131.23430218547583,qwen15b-npu5,
1782498028.0154543,200,124.15803503245115,qwen15b-npu5,
1782498028.01589,200,110.34866096451879,qwen15b-npu4,
1782498028.0260632,200,134.4583141617477,qwen15b-npu6,
1782498028.0317917,200,143.5522548854351,qwen15b-npu3,
1782498028.0375311,200,117.29735881090164,qwen15b-npu7,
1782498028.038274,200,120.80996204167604,qwen15b-npu4,
1782498028.0387502,200,121.66363839060068,qwen15b-npu5,
1782498028.053948,200,134.33336280286312,qwen15b-npu6,
1782498028.0589216,200,140.4108041897416,qwen15b-npu3,
1782498028.0632794,200,123.29749902710319,qwen15b-npu4,
1782498028.0642886,200,112.49650595709682,qwen15b-npu5,
1782498028.064523,200,119.71533391624689,qwen15b-npu4,
1782498028.0648677,200,119.03100088238716,qwen15b-npu5,
1782498028.0832672,200,136.78253861144185,qwen15b-npu6,
1782498028.083517,200,122.79168469831347,qwen15b-npu6,
1782498028.0837688,200,143.3646841906011,qwen15b-npu6,
1782498028.0876577,200,143.40820396319032,qwen15b-npu3,
1782498028.087922,200,122.80701566487551,qwen15b-npu3,
1782498028.0890923,200,129.03584772720933,qwen15b-npu4,
1782498028.0893526,200,110.94868602231145,qwen15b-npu4,
1782498028.0896888,200,118.77334909513593,qwen15b-npu4,
1782498028.0904458,200,138.348410371691,qwen15b-npu7,
1782498028.0911088,200,130.61179826036096,qwen15b-npu7,
1782498028.110025,200,144.07077804207802,qwen15b-npu6,
1782498028.1133165,200,127.34134588390589,qwen15b-npu5,
1782498028.113559,200,108.28075790777802,qwen15b-npu5,
1782498028.1144612,200,128.7454948760569,qwen15b-npu3,
1782498028.1150172,200,136.31711713969707,qwen15b-npu3,
1782498028.134398,200,119.12678088992834,qwen15b-npu4,
1782498028.13628,200,120.74409192427993,qwen15b-npu5,
1782498028.137493,200,124.96916996315122,qwen15b-npu6,
1782498028.1409326,200,128.6464650183916,qwen15b-npu3,
1782498028.1430016,200,126.96819379925728,qwen15b-npu7,
1782498028.1434317,200,137.88138702511787,qwen15b-npu7,
1782498028.1586738,200,126.82057172060013,qwen15b-npu4,
1782498028.162869,200,108.85640187188983,qwen15b-npu5,
1782498028.1632729,200,124.94366010650992,qwen15b-npu5,
1782498028.1663344,200,127.51757679507136,qwen15b-npu6,
1782498028.1665797,200,128.9892578497529,qwen15b-npu6,
1782498028.1670806,200,140.93308802694082,qwen15b-npu3,
1782498028.1830795,200,118.7245394103229,qwen15b-npu4,
1782498028.1921723,200,127.24004592746496,qwen15b-npu3,
1782498028.1930206,200,128.42861283570528,qwen15b-npu6,
1782498028.1966064,200,133.25997488573194,qwen15b-npu7,
1782498028.1968877,200,137.90474692359567,qwen15b-npu7,
1782498028.206957,200,123.12007788568735,qwen15b-npu4,
1782498028.2105336,200,119.3553120829165,qwen15b-npu5,
1782498028.2107692,200,120.25727890431881,qwen15b-npu5,
1782498028.2192543,200,135.6760119087994,qwen15b-npu3,
1782498028.2195358,200,131.54947524890304,qwen15b-npu3,
1782498028.223328,200,135.604752227664,qwen15b-npu6,
1782498028.2237937,200,134.37128299847245,qwen15b-npu6,
1782498028.2259119,200,136.15086488425732,qwen15b-npu7,
1782498028.2262764,200,142.9336410947144,qwen15b-npu7,
1782498028.2267425,200,137.58258521556854,qwen15b-npu7,
1782498028.2325737,200,118.94303932785988,qwen15b-npu4,
1782498028.233042,200,119.65537397190928,qwen15b-npu4,
1782498028.2347143,200,120.1899079605937,qwen15b-npu5,
1782498028.2350767,200,119.97753707692027,qwen15b-npu5,
1782498028.2462084,200,136.119294911623,qwen15b-npu3,
1782498028.2496476,200,115.1835941709578,qwen15b-npu7,
1782498028.2554731,200,119.12835109978914,qwen15b-npu4,
1782498028.2732904,200,135.73552295565605,qwen15b-npu3,
1782498028.277857,200,136.86266029253602,qwen15b-npu7,
1782498028.2782192,200,135.15446754172444,qwen15b-npu6,
1782498028.278476,200,134.970607701689,qwen15b-npu6,
1782498028.280046,200,117.10812710225582,qwen15b-npu4,
1782498028.283486,200,124.74638875573874,qwen15b-npu5,
1782498028.2837994,200,117.15363804250956,qwen15b-npu5,
1782498028.3014681,200,134.31094260886312,qwen15b-npu3,
1782498028.3017468,200,138.4038496762514,qwen15b-npu3,
1782498028.3028219,200,110.58628372848034,qwen15b-npu4,
1782498028.3052304,200,122.06106074154377,qwen15b-npu7,
1782498028.3055036,200,139.1002363525331,qwen15b-npu7,
1782498028.327757,200,117.158277425915,qwen15b-npu4,
1782498028.3324318,200,121.59291794523597,qwen15b-npu7,
1782498028.3337529,200,126.7324429936707,qwen15b-npu5,
1782498028.3340738,200,110.67395424470305,qwen15b-npu5,
1782498028.3373249,200,140.36915404722095,qwen15b-npu6,
1782498028.3376024,200,144.50306072831154,qwen15b-npu6,
1782498028.3379667,200,141.28671027719975,qwen15b-npu6,
1782498028.3531966,200,126.33078917860985,qwen15b-npu4,
1782498028.3535006,200,118.70292806997895,qwen15b-npu4,
1782498028.354377,200,108.09797700494528,qwen15b-npu4,
1782498028.3578422,200,122.62758472934365,qwen15b-npu5,
1782498028.3586054,200,132.1693486534059,qwen15b-npu5,
1782498028.3596072,200,133.62180767580867,qwen15b-npu7,
1782498028.361745,200,129.0307678282261,qwen15b-npu3,
1782498028.3621395,200,142.53683807328343,qwen15b-npu3,
1782498028.3630283,200,139.1105749644339,qwen15b-npu3,
1782498028.3644495,200,131.28510303795338,qwen15b-npu6,
1782498028.3647413,200,145.4172278754413,qwen15b-npu6,
1782498028.3806412,200,125.10508112609386,qwen15b-npu5,
1782498028.3884008,200,138.64522194489837,qwen15b-npu3,
1782498028.4042988,200,126.02031696587801,qwen15b-npu5,
1782498028.415261,200,137.28737272322178,qwen15b-npu7,
1782498028.4155512,200,131.97798701003194,qwen15b-npu7,
1782498028.4159753,200,142.60203810408711,qwen15b-npu7,
1782498028.4166968,200,136.5755181759596,qwen15b-npu3,
1782498028.4226897,200,144.10096826031804,qwen15b-npu6,
1782498028.4229631,200,139.0720447525382,qwen15b-npu6,
1782498028.4255526,200,123.74236201867461,qwen15b-npu4,
1782498028.4257784,200,120.48865016549826,qwen15b-npu4,
1782498028.426265,200,120.69857213646173,qwen15b-npu4,
1782498028.4412217,200,139.69008903950453,qwen15b-npu7,
1782498028.4511468,200,148.26611708849669,qwen15b-npu6,
1782498028.453269,200,125.44646300375462,qwen15b-npu5,
1782498028.4680986,200,135.55905176326632,qwen15b-npu7,
1782498028.4730844,200,119.79222483932972,qwen15b-npu4,
1782498028.4734108,200,113.70057426393032,qwen15b-npu4,
1782498028.4750588,200,140.8832180313766,qwen15b-npu3,
1782498028.4754033,200,137.73654587566853,qwen15b-npu3,
1782498028.475749,200,138.34400987252593,qwen15b-npu3,
1782498028.4802387,200,146.39483392238617,qwen15b-npu6,
1782498028.4820402,200,143.9281669445336,qwen15b-npu6,
1782498028.4825492,200,124.63882798328996,qwen15b-npu5,
1782498028.4834576,200,118.94773971289396,qwen15b-npu5,
1782498028.4838781,200,119.0331201069057,qwen15b-npu5,
1782498028.4841907,200,130.62659790739417,qwen15b-npu5,
1782498028.4960887,200,134.22514218837023,qwen15b-npu7,
1782498028.4967804,200,142.29090698063374,qwen15b-npu7,
1782498028.4970775,200,108.61428081989288,qwen15b-npu4,
1782498028.5021389,200,139.8881608620286,qwen15b-npu3,
1782498028.5092337,200,146.1216020397842,qwen15b-npu6,
1782498028.509589,200,150.9053949266672,qwen15b-npu6,
1782498028.5208952,200,116.50148406624794,qwen15b-npu4,
1782498028.5241807,200,143.47256487235427,qwen15b-npu7,
1782498028.5449293,200,119.3139823153615,qwen15b-npu4,
1782498028.549637,200,123.79836197942495,qwen15b-npu5,
1782498028.5501928,200,108.91335317865014,qwen15b-npu5,
1782498028.5539997,200,127.67678825184703,qwen15b-npu7,
1782498028.5543327,200,138.9902252703905,qwen15b-npu7,
1782498028.55651,200,139.74648900330067,qwen15b-npu3,
1782498028.5568125,200,134.06379101797938,qwen15b-npu3,
1782498028.5574346,200,141.3662200793624,qwen15b-npu3,
1782498028.5646305,200,141.60479232668877,qwen15b-npu6,
1782498028.5649118,200,149.26589420065284,qwen15b-npu6,
1782498028.5691898,200,115.86264939978719,qwen15b-npu4,
1782498028.5815375,200,130.333106033504,qwen15b-npu7,
1782498028.593534,200,125.33931294456124,qwen15b-npu4,
1782498028.59917,200,115.19966507330537,qwen15b-npu5,
1782498028.599411,200,124.24588622525334,qwen15b-npu5,
1782498028.5997915,200,119.49169263243675,qwen15b-npu5,
1782498028.6113632,200,128.73720610514283,qwen15b-npu7,
1782498028.6119645,200,128.3949431963265,qwen15b-npu7,
1782498028.6171837,200,141.3734103552997,qwen15b-npu3,
1782498028.6176772,200,144.2053089849651,qwen15b-npu3,
1782498028.6179764,200,135.8109232969582,qwen15b-npu3,
1782498028.6184187,200,134.13539109751582,qwen15b-npu3,
1782498028.6203904,200,110.67480407655239,qwen15b-npu4,
1782498028.6207964,200,118.58009686693549,qwen15b-npu4,
1782498028.6221395,200,125.27631176635623,qwen15b-npu4,
1782498028.622539,200,126.33916875347495,qwen15b-npu6,
1782498028.622978,200,147.48398214578629,qwen15b-npu6,
1782498028.624057,200,150.89443372562528,qwen15b-npu6,
1782498028.6250155,200,127.85013020038605,qwen15b-npu6,
1782498028.6253357,200,116.0218003205955,qwen15b-npu5,
1782498028.6461115,200,121.85399001464248,qwen15b-npu5,
1782498028.6625047,200,117.49835032969713,qwen15b-npu7,
1782498028.6672485,200,112.78576916083694,qwen15b-npu4,
1782498028.6680503,200,113.97583596408367,qwen15b-npu4,
1782498028.669372,200,148.40203803032637,qwen15b-npu3,
1782498028.672621,200,115.74444826692343,qwen15b-npu5,
1782498028.6729255,200,108.23601810261607,qwen15b-npu5,
1782498028.673186,200,115.69168791174889,qwen15b-npu5,
1782498028.67703,200,127.33616633340716,qwen15b-npu6,
1782498028.6900673,200,133.46061715856194,qwen15b-npu7,
1782498028.6968374,200,146.581816021353,qwen15b-npu3,
1782498028.6972144,200,132.20982905477285,qwen15b-npu3,
1782498028.7067356,200,125.13760104775429,qwen15b-npu6,
1782498028.7070446,200,137.77799578383565,qwen15b-npu6,
1782498028.7152731,200,121.65260827168822,qwen15b-npu4,
1782498028.715585,200,115.70310825482011,qwen15b-npu4,
1782498028.7164748,200,116.98512686416507,qwen15b-npu4,
1782498028.718287,200,106.2226640060544,qwen15b-npu5,
1782498028.7223797,200,123.14443802461028,qwen15b-npu3,
1782498028.740266,200,114.83567208051682,qwen15b-npu4,
1782498028.7406065,200,119.69589488580823,qwen15b-npu4,
1782498028.7462568,200,122.13055090978742,qwen15b-npu5,
1782498028.7466393,200,124.37279568985105,qwen15b-npu5,
1782498028.7516124,200,133.87663010507822,qwen15b-npu3,
1782498028.75311,200,134.99421812593937,qwen15b-npu3,
1782498028.7535043,200,132.99655495211482,qwen15b-npu7,
1782498028.7537882,200,142.30366703122854,qwen15b-npu7,
1782498028.7551355,200,132.06900795921683,qwen15b-npu7,
1782498028.7556815,200,130.5800578556955,qwen15b-npu7,
1782498028.7683825,200,149.8533682897687,qwen15b-npu6,
1782498028.7693794,200,146.73787588253617,qwen15b-npu6,
1782498028.7697554,200,152.4980845861137,qwen15b-npu6,
1782498028.7793412,200,133.15334497019649,qwen15b-npu3,
1782498028.7875626,200,114.84676320105791,qwen15b-npu4,
1782498028.7916834,200,124.32466587051749,qwen15b-npu5,
1782498028.804972,200,136.83268008753657,qwen15b-npu7,
1782498028.805291,200,135.8080431818962,qwen15b-npu7,
1782498028.8071096,200,144.51179187744856,qwen15b-npu3,
1782498028.8075674,200,134.31467302143574,qwen15b-npu3,
1782498028.8173356,200,120.40091957896948,qwen15b-npu5,
1782498028.8181493,200,120.84223190322518,qwen15b-npu5,
1782498028.8266478,200,153.6628631874919,qwen15b-npu6,
1782498028.8269758,200,149.88431800156832,qwen15b-npu6,
1782498028.8306499,200,123.83574200794101,qwen15b-npu7,
1782498028.8337486,200,143.59815511852503,qwen15b-npu3,
1782498028.8365226,200,120.84873300045729,qwen15b-npu4,
1782498028.8568285,200,134.3827028758824,qwen15b-npu6,
1782498028.8574803,200,140.91895800083876,qwen15b-npu6,
1782498028.8577878,200,150.66877286881208,qwen15b-npu6,
1782498028.858576,200,143.2147934101522,qwen15b-npu7,
1782498028.861352,200,142.98472180962563,qwen15b-npu3,
1782498028.86218,200,108.5989298298955,qwen15b-npu4,
1782498028.8629167,200,122.24271195009351,qwen15b-npu4,
1782498028.863301,200,116.96161702275276,qwen15b-npu4,
1782498028.8696718,200,115.76787894591689,qwen15b-npu5,
1782498028.870426,200,123.63934237509966,qwen15b-npu5,
1782498028.8866982,200,133.46265675500035,qwen15b-npu6,
1782498028.887039,200,107.61195328086615,qwen15b-npu4,
1782498028.8886733,200,118.82609874010086,qwen15b-npu7,
1782498028.889877,200,134.0732011012733,qwen15b-npu7,
1782498028.8902311,200,149.8651378788054,qwen15b-npu7,
1782498028.8905678,200,135.36615995690227,qwen15b-npu7,
1782498028.890874,200,122.40724265575409,qwen15b-npu3,
1782498028.891337,200,139.62661800906062,qwen15b-npu3,
1782498028.9154708,200,145.9874720312655,qwen15b-npu6,
1782498028.918753,200,127.00449395924807,qwen15b-npu5,
1782498028.9193869,200,131.74292584881186,qwen15b-npu5,
1782498028.933952,200,126.31166912615299,qwen15b-npu4,
1782498028.9376633,200,130.45515678822994,qwen15b-npu7,
1782498028.94241,200,124.16260503232479,qwen15b-npu5,
1782498028.9430387,200,137.9816080443561,qwen15b-npu6,
1782498028.9462557,200,128.85585706681013,qwen15b-npu3,
1782498028.94671,200,141.28116006031632,qwen15b-npu3,
1782498028.9585552,200,124.74608793854713,qwen15b-npu4,
1782498028.9674304,200,109.5531270839274,qwen15b-npu5,
1782498028.9724483,200,141.73998264595866,qwen15b-npu6,
1782498028.9727383,200,146.0082922130823,qwen15b-npu6,
1782498028.9744282,200,137.84901658073068,qwen15b-npu3,
1782498028.9746647,200,147.62743329629302,qwen15b-npu3,
1782498028.9838803,200,122.43329314514995,qwen15b-npu4,
1782498028.9841769,200,121.85895862057805,qwen15b-npu4,
1782498028.9966712,200,133.645657915622,qwen15b-npu7,
1782498028.9970284,200,139.4589780829847,qwen15b-npu7,
1782498028.997712,200,134.344722609967,qwen15b-npu7,
1782498028.9980986,200,141.18641894310713,qwen15b-npu7,
1782498028.999437,200,140.7817560248077,qwen15b-npu6,
1782498029.0083368,200,117.39142891019583,qwen15b-npu4,
1782498029.0086925,200,138.9602543786168,qwen15b-npu4,
1782498029.0158756,200,125.21745171397924,qwen15b-npu5,
1782498029.0164654,200,126.49630103260279,qwen15b-npu5,
1782498029.0229957,200,135.8600533567369,qwen15b-npu7,
1782498029.0233607,200,136.54808793216944,qwen15b-npu7,
1782498029.0295513,200,159.01415003463626,qwen15b-npu6,
1782498029.0298426,200,139.50408808887005,qwen15b-npu6,
1782498029.0305057,200,141.73224288970232,qwen15b-npu6,
1782498029.0308928,200,139.45383811369538,qwen15b-npu6,
1782498029.0319076,200,116.33976176381111,qwen15b-npu4,
1782498029.0406325,200,121.18176510557532,qwen15b-npu5,
1782498029.0409672,200,122.13014112785459,qwen15b-npu5,
1782498029.0575979,200,114.46105875074863,qwen15b-npu4,
1782498029.058293,200,124.28452586755157,qwen15b-npu3,
1782498029.065016,200,122.5461340509355,qwen15b-npu5,
1782498029.0763783,200,129.98023442924023,qwen15b-npu7,
1782498029.0767276,200,138.98235512897372,qwen15b-npu7,
1782498029.080652,200,107.85377491265535,qwen15b-npu4,
1782498029.0839522,200,125.31524198129773,qwen15b-npu6,
1782498029.086254,200,139.46866802871227,qwen15b-npu3,
1782498029.1015158,200,127.02287407591939,qwen15b-npu7,
1782498029.1049838,200,107.83998528495431,qwen15b-npu4,
1782498029.1117961,200,139.28405568003654,qwen15b-npu6,
1782498029.1136491,200,115.84294913336635,qwen15b-npu5,
1782498029.1139724,200,129.66762203723192,qwen15b-npu5,
1782498029.1168044,200,132.84764299169183,qwen15b-npu3,
1782498029.1170835,200,149.5737861841917,qwen15b-npu3,
1782498029.117292,200,142.55251782014966,qwen15b-npu3,
1782498029.1294231,200,113.47842309623957,qwen15b-npu4,
1782498029.138283,200,114.82390202581882,qwen15b-npu5,
1782498029.1386294,200,129.8439633101225,qwen15b-npu5,
1782498029.141125,200,142.93544087558985,qwen15b-npu6,
1782498029.146401,200,149.62322590872645,qwen15b-npu3,
1782498029.1466553,200,138.2268792949617,qwen15b-npu3,
1782498029.1470327,200,147.4991012364626,qwen15b-npu3,
1782498029.153837,200,123.90355300158262,qwen15b-npu4,
1782498029.1549337,200,131.8696173839271,qwen15b-npu7,
1782498029.155187,200,124.5969869196415,qwen15b-npu7,
1782498029.1560519,200,139.52488778159022,qwen15b-npu7,
1782498029.1693394,200,137.3338233679533,qwen15b-npu6,
1782498029.1701283,200,140.49767469987273,qwen15b-npu6,
1782498029.1735132,200,142.52369804307818,qwen15b-npu3,
1782498029.1737409,200,133.02036421373487,qwen15b-npu3,
1782498029.1743462,200,133.2827559672296,qwen15b-npu3,
1782498029.178222,200,120.54141005501151,qwen15b-npu4,
1782498029.1813703,200,116.25885078683496,qwen15b-npu7,
1782498029.1871827,200,128.82624613121152,qwen15b-npu5,
1782498029.202468,200,116.10840074717999,qwen15b-npu4,
1782498029.208087,200,124.04945399612188,qwen15b-npu7,
1782498029.211581,200,109.97062874957919,qwen15b-npu5,
1782498029.225747,200,148.94566219300032,qwen15b-npu6,
1782498029.2266352,200,150.14684991911054,qwen15b-npu6,
1782498029.2276516,200,113.90820518136024,qwen15b-npu4,
1782498029.2284784,200,147.7401931770146,qwen15b-npu3,
1782498029.2365782,200,119.22307079657912,qwen15b-npu7,
1782498029.238077,200,124.02467289939523,qwen15b-npu5,
1782498029.2383487,200,121.46133603528142,qwen15b-npu5,
1782498029.2385755,200,126.7016720958054,qwen15b-npu5,
1782498029.251987,200,122.50375375151634,qwen15b-npu4,
1782498029.2523065,200,113.92158642411232,qwen15b-npu4,
1782498029.2531183,200,148.0258461087942,qwen15b-npu6,
1782498029.2559705,200,138.82110407575965,qwen15b-npu3,
1782498029.2612274,200,114.5043601281941,qwen15b-npu5,
1782498029.2753692,200,120.11031713336706,qwen15b-npu4,
1782498029.2808285,200,142.13789580389857,qwen15b-npu6,
1782498029.2811422,200,127.22452497109771,qwen15b-npu6,
1782498029.2847283,200,137.5759751535952,qwen15b-npu3,
1782498029.285026,200,143.83280742913485,qwen15b-npu3,
1782498029.286318,200,116.89125606790185,qwen15b-npu5,
1782498029.2931452,200,146.66998572647572,qwen15b-npu7,
1782498029.2934525,200,138.4570710361004,qwen15b-npu7,
1782498029.2936974,200,137.559883762151,qwen15b-npu7,
1782498029.2940447,200,123.83136292919517,qwen15b-npu7,
1782498029.3000147,200,126.43903959542513,qwen15b-npu4,
1782498029.3088114,200,127.3494060151279,qwen15b-npu6,
1782498029.3090394,200,130.7592699304223,qwen15b-npu6,
1782498029.3098435,200,135.4325208812952,qwen15b-npu6,
1782498029.310902,200,123.64562135189772,qwen15b-npu5,
1782498029.3160183,200,142.2150069847703,qwen15b-npu7,
1782498029.3241534,200,121.62050697952509,qwen15b-npu4,
1782498029.3348792,200,109.04977284371853,qwen15b-npu5,
1782498029.338557,200,126.89506309106946,qwen15b-npu3,
1782498029.342926,200,134.77430632337928,qwen15b-npu7,
1782498029.3496125,200,121.8462591059506,qwen15b-npu4,
1782498029.3499653,200,111.54488986358047,qwen15b-npu4,
1782498029.3600068,200,123.34173917770386,qwen15b-npu5,
1782498029.3615782,200,122.94354708865285,qwen15b-npu6,
1782498029.3677354,200,140.99404821172357,qwen15b-npu3,
1782498029.367981,200,139.42331727594137,qwen15b-npu3,
1782498029.3683228,200,130.17066521570086,qwen15b-npu3,
1782498029.3728697,200,120.46712031587958,qwen15b-npu4,
1782498029.3851433,200,133.0648143775761,qwen15b-npu5,
1782498029.3858345,200,132.63769168406725,qwen15b-npu5,
1782498029.3891015,200,133.05984530597925,qwen15b-npu6,
1782498029.3969395,200,135.64074225723743,qwen15b-npu7,
1782498029.3973212,200,116.1036198027432,qwen15b-npu7,
1782498029.3984847,200,123.03505698218942,qwen15b-npu4,
1782498029.41127,200,118.03192412480712,qwen15b-npu5,
1782498029.4118297,200,126.73788191750646,qwen15b-npu5,
1782498029.4176857,200,132.88575317710638,qwen15b-npu6,
1782498029.4185057,200,137.60093599557877,qwen15b-npu6,
1782498029.4235294,200,137.06243131309748,qwen15b-npu7,
1782498029.4240496,200,130.53629780188203,qwen15b-npu3,
1782498029.4243188,200,130.21343620494008,qwen15b-npu3,
1782498029.4252036,200,115.25097489356995,qwen15b-npu4,
1782498029.4256964,200,131.88855722546577,qwen15b-npu4,
1782498029.426258,200,126.18198897689581,qwen15b-npu3,
1782498029.4461746,200,130.0536748021841,qwen15b-npu6,
1782498029.4464557,200,135.4609802365303,qwen15b-npu6,
1782498029.4466815,200,137.5777148641646,qwen15b-npu6,
1782498029.4497457,200,140.87404822930694,qwen15b-npu7,
1782498029.4499857,200,115.03120278939605,qwen15b-npu7,
1782498029.4502192,200,125.99996663630009,qwen15b-npu3,
1782498029.463988,200,125.36288192495704,qwen15b-npu5,
1782498029.4642956,200,121.30244495347142,qwen15b-npu5,
1782498029.4720051,200,121.94315996021032,qwen15b-npu4,
1782498029.472294,200,110.64996430650353,qwen15b-npu4,
1782498029.475266,200,125.5607740022242,qwen15b-npu7,
1782498029.4858792,200,112.92620003223419,qwen15b-npu5,
1782498029.4861777,200,117.76281194761395,qwen15b-npu5,
1782498029.5071895,200,139.38526716083288,qwen15b-npu3,
1782498029.5080254,200,147.9461439885199,qwen15b-npu3,
1782498029.508858,200,140.81353694200516,qwen15b-npu3,
1782498029.509083,200,123.86196292936802,qwen15b-npu5,
1782498029.524878,200,127.44118738919497,qwen15b-npu6,
1782498029.5308008,200,119.4341629743576,qwen15b-npu7,
1782498029.5310638,200,134.01236105710268,qwen15b-npu7,
1782498029.5313077,200,132.71529227495193,qwen15b-npu7,
1782498029.5315704,200,142.36279670149088,qwen15b-npu7,
1782498029.5342066,200,148.2887570746243,qwen15b-npu3,
1782498029.5344577,200,122.56558379158378,qwen15b-npu3,
1782498029.5449226,200,126.33634964004159,qwen15b-npu4,
1782498029.5460594,200,128.26027208939195,qwen15b-npu4,
1782498029.5465147,200,121.23495480045676,qwen15b-npu4,
1782498029.5541565,200,128.39672388508916,qwen15b-npu6,
1782498029.5544796,200,130.096644628793,qwen15b-npu6,
1782498029.554904,200,131.2963329255581,qwen15b-npu6,
1782498029.5563474,200,132.22815934568644,qwen15b-npu7,
1782498029.5608325,200,134.5069338567555,qwen15b-npu3,
1782498029.5698166,200,123.28904867172241,qwen15b-npu4,
1782498029.5701349,200,120.07453665137291,qwen15b-npu4,
1782498029.5710561,200,124.80034865438938,qwen15b-npu4,
1782498029.5789545,200,132.21139879897237,qwen15b-npu6,
1782498029.5826602,200,132.84893333911896,qwen15b-npu7,
1782498029.582943,200,110.86499504745007,qwen15b-npu5,
1782498029.5894191,200,139.12554597482085,qwen15b-npu3,
1782498029.589705,200,125.33801281824708,qwen15b-npu3,
1782498029.5926776,200,117.34491866081953,qwen15b-npu4,
1782498029.606225,200,142.14652590453625,qwen15b-npu6,
1782498029.6094825,200,123.52383090183139,qwen15b-npu7,
1782498029.617171,200,109.07620331272483,qwen15b-npu4,
1782498029.617896,200,145.5273679457605,qwen15b-npu3,
1782498029.6187737,200,132.52352084964514,qwen15b-npu3,
1782498029.6337223,200,126.45689072087407,qwen15b-npu5,
1782498029.634147,200,125.00302027910948,qwen15b-npu5,
1782498029.6359427,200,127.0106928423047,qwen15b-npu7,
1782498029.6427917,200,108.26230701059103,qwen15b-npu4,
1782498029.6431344,200,111.99739295989275,qwen15b-npu4,
1782498029.6606505,200,115.6572480686009,qwen15b-npu5,
1782498029.6612296,200,130.35430619493127,qwen15b-npu5,
1782498029.6615455,200,129.9016340635717,qwen15b-npu5,
1782498029.6628807,200,128.60309518873692,qwen15b-npu7,
1782498029.6638005,200,138.84624419733882,qwen15b-npu7,
1782498029.6642776,200,132.89260398596525,qwen15b-npu6,
1782498029.6662064,200,109.78162800893188,qwen15b-npu4,
1782498029.6734054,200,126.77366193383932,qwen15b-npu3,
1782498029.6855025,200,115.24462513625622,qwen15b-npu5,
1782498029.6857896,200,114.62113074958324,qwen15b-npu5,
1782498029.6899252,200,129.025146830827,qwen15b-npu7,
1782498029.6902454,200,107.23457112908363,qwen15b-npu4,
1782498029.6946914,200,140.0668011046946,qwen15b-npu6,
1782498029.6951137,200,140.0686618871987,qwen15b-npu6,
1782498029.695676,200,141.43267087638378,qwen15b-npu6,
1782498029.6960115,200,149.8241270892322,qwen15b-npu6,
1782498029.7003152,200,121.26098526641726,qwen15b-npu3,
1782498029.7097523,200,119.9751771055162,qwen15b-npu5,
1782498029.7100868,200,127.35382607206702,qwen15b-npu5,
1782498029.7251894,200,155.28224408626556,qwen15b-npu6,
1782498029.7256005,200,132.81696289777756,qwen15b-npu6,
1782498029.7417877,200,123.78167221322656,qwen15b-npu5,
1782498029.7430131,200,136.71831926330924,qwen15b-npu3,
1782498029.7433524,200,153.85637525469065,qwen15b-npu3,
1782498029.7474666,200,137.8682772628963,qwen15b-npu4,
1782498029.7525861,200,135.33627009019256,qwen15b-npu6,
1782498029.7705264,200,151.65079897269607,qwen15b-npu3,
1782498029.7708893,200,137.07479182630777,qwen15b-npu3,
1782498029.771912,200,137.68265629187226,qwen15b-npu4,
1782498029.7812257,200,137.99937814474106,qwen15b-npu7,
1782498029.7815714,200,138.68575263768435,qwen15b-npu7,
1782498029.7829328,200,146.88320783898234,qwen15b-npu6,
1782498029.7926373,200,119.13779098540545,qwen15b-npu5,
1782498029.7929635,200,128.5897041670978,qwen15b-npu5,
1782498029.7959902,200,134.35095315799117,qwen15b-npu4,
1782498029.8097472,200,148.422968108207,qwen15b-npu7,
1782498029.8100038,200,149.25985364243388,qwen15b-npu7,
1782498029.8126214,200,146.30598295480013,qwen15b-npu6,
1782498029.8182557,200,122.17865139245987,qwen15b-npu5,
1782498029.8185246,200,128.21751227602363,qwen15b-npu5,
1782498029.824668,200,129.40769968554378,qwen15b-npu4,
1782498029.8250213,200,129.23617893829942,qwen15b-npu4,
1782498029.8255746,200,139.71455907449126,qwen15b-npu4,
1782498029.8266451,200,163.6888710781932,qwen15b-npu3,
1782498029.8269482,200,163.03597716614604,qwen15b-npu3,
1782498029.8382843,200,152.68787695094943,qwen15b-npu7,
1782498029.8385525,200,143.7601768411696,qwen15b-npu7,
1782498029.8387592,200,148.75403000041842,qwen15b-npu7,
1782498029.843121,200,142.72044925019145,qwen15b-npu6,
1782498029.8533058,200,127.63076787814498,qwen15b-npu3,
1782498029.854093,200,143.91156705096364,qwen15b-npu3,
1782498029.8646164,200,154.78487126529217,qwen15b-npu7,
1782498029.8679943,200,124.90977998822927,qwen15b-npu5,
1782498029.869261,200,116.58502416685224,qwen15b-npu4,
1782498029.87379,200,148.47729913890362,qwen15b-npu6,
1782498029.8921545,200,144.61589232087135,qwen15b-npu7,
1782498029.8938742,200,123.26590903103352,qwen15b-npu5,
1782498029.8953335,200,113.660654053092,qwen15b-npu4,
1782498029.8998635,200,157.99817210063338,qwen15b-npu6,
1782498029.9004881,200,157.01010636985302,qwen15b-npu6,
1782498029.9093225,200,137.31761276721954,qwen15b-npu3,
1782498029.9099584,200,138.96454544737935,qwen15b-npu3,
1782498029.9190047,200,126.285329926759,qwen15b-npu5,
1782498029.9197218,200,126.69527065008879,qwen15b-npu7,
1782498029.9204795,200,139.15061485022306,qwen15b-npu7,
1782498029.9274282,200,144.41644120961428,qwen15b-npu6,
1782498029.9366174,200,126.54473073780537,qwen15b-npu3,
1782498029.9368954,200,140.8372870646417,qwen15b-npu3,
1782498029.9440572,200,125.72196498513222,qwen15b-npu4,
1782498029.9447646,200,117.7282021380961,qwen15b-npu4,
1782498029.9449975,200,126.41332019120455,qwen15b-npu4,
1782498029.9468791,200,134.15670208632946,qwen15b-npu5,
1782498029.9472575,200,122.48508259654045,qwen15b-npu5,
1782498029.9476452,200,137.8145357593894,qwen15b-npu5,
1782498029.9484222,200,123.31025907769799,qwen15b-npu7,
1782498029.9547632,200,128.02823120728135,qwen15b-npu6,
1782498029.955519,200,129.8638926818967,qwen15b-npu6,
1782498029.963965,200,125.34814327955246,qwen15b-npu3,
1782498029.9645576,200,126.19751878082752,qwen15b-npu3,
1782498029.9667919,200,123.5776306129992,qwen15b-npu4,
1782498029.9700794,200,115.89937889948487,qwen15b-npu5,
1782498029.9819283,200,128.55219515040517,qwen15b-npu6,
1782498029.98255,200,143.73591728508472,qwen15b-npu6,
1782498029.989739,200,125.0316109508276,qwen15b-npu3,
1782498029.991528,200,123.46384022384882,qwen15b-npu4,
1782498029.991801,200,117.94230295345187,qwen15b-npu4,
1782498030.0089216,200,139.59000818431377,qwen15b-npu6,
1782498030.0215263,200,126.07806781306863,qwen15b-npu5,
1782498030.0218856,200,112.49834578484297,qwen15b-npu5,
1782498030.0310915,200,137.12218217551708,qwen15b-npu7,
1782498030.0314054,200,121.37515610083938,qwen15b-npu7,
1782498030.0318382,200,131.90960697829723,qwen15b-npu7,
1782498030.041749,200,149.49127472937107,qwen15b-npu6,
1782498030.043145,200,123.34120878949761,qwen15b-npu3,
1782498030.0434299,200,142.87112979218364,qwen15b-npu3,
1782498030.045992,200,125.42888289317489,qwen15b-npu5,
1782498030.0583372,200,130.84147917106748,qwen15b-npu7,
1782498030.058696,200,139.62769880890846,qwen15b-npu7,
1782498030.0701213,200,133.43325816094875,qwen15b-npu3,
1782498030.0705855,200,125.74944598600268,qwen15b-npu3,
1782498030.0724406,200,135.4840910062194,qwen15b-npu5,
1782498030.0731401,200,118.29032469540834,qwen15b-npu5,
1782498030.0741177,200,129.98654413968325,qwen15b-npu5,
1782498030.0860767,200,139.08729515969753,qwen15b-npu7,
1782498030.0864367,200,141.37075981125236,qwen15b-npu7,
1782498030.087685,200,120.80134311690927,qwen15b-npu4,
1782498030.096619,200,148.12589623034,qwen15b-npu6,
1782498030.0973947,200,133.3651472814381,qwen15b-npu6,
1782498030.0978987,200,133.271305821836,qwen15b-npu5,
1782498030.0981631,200,128.0027707107365,qwen15b-npu3,
1782498030.0984225,200,151.09909558668733,qwen15b-npu6,
1782498030.0987313,200,150.99340490996838,qwen15b-npu3,
1782498030.0993562,200,143.74557556584477,qwen15b-npu3,
1782498030.1147628,200,123.1592083349824,qwen15b-npu4,
1782498030.1151278,200,132.5025106780231,qwen15b-npu4,
1782498030.1154618,200,133.472157176584,qwen15b-npu4,
1782498030.1215894,200,131.78668590262532,qwen15b-npu5,
1782498030.1224709,200,130.56112686172128,qwen15b-npu6,
1782498030.1386993,200,129.69935173168778,qwen15b-npu7,
1782498030.1486814,200,126.72004196792841,qwen15b-npu6,
1782498030.149521,200,127.89769005030394,qwen15b-npu3,
1782498030.1631165,200,131.93828705698252,qwen15b-npu4,
1782498030.1634595,200,131.54900399968028,qwen15b-npu4,
1782498030.164106,200,122.22087103873491,qwen15b-npu4,
1782498030.1692939,200,126.06202717870474,qwen15b-npu7,
1782498030.1696246,200,126.11814821138978,qwen15b-npu7,
1782498030.1710143,200,124.93100017309189,qwen15b-npu5,
1782498030.175596,200,117.13346792384982,qwen15b-npu3,
1782498030.176891,200,145.37247689440846,qwen15b-npu6,
1782498030.1875834,200,117.33463872224092,qwen15b-npu4,
1782498030.1879125,200,114.66945009306073,qwen15b-npu4,
1782498030.1882122,200,114.01155591011047,qwen15b-npu4,
1782498030.1932201,200,134.4523038715124,qwen15b-npu7,
1782498030.2018623,200,129.35396889224648,qwen15b-npu3,
1782498030.204821,200,134.118122048676,qwen15b-npu6,
1782498030.2104347,200,111.00929602980614,qwen15b-npu4,
1782498030.220512,200,122.29086318984628,qwen15b-npu5,
1782498030.2241378,200,137.60606478899717,qwen15b-npu7,
1782498030.2244554,200,125.66227512434125,qwen15b-npu7,
1782498030.2248633,200,138.69049260392785,qwen15b-npu7,
1782498030.22525,200,127.27123498916626,qwen15b-npu7,
1782498030.2294579,200,130.9378007426858,qwen15b-npu3,
1782498030.229782,200,132.3260497301817,qwen15b-npu3,
1782498030.23596,200,148.1914557516575,qwen15b-npu6,
1782498030.2367804,200,140.08060190826654,qwen15b-npu6,
1782498030.2599144,200,144.70891281962395,qwen15b-npu3,
1782498030.260275,200,137.69205613061786,qwen15b-npu6,
1782498030.2623239,200,140.65963635221124,qwen15b-npu5,
1782498030.2625735,200,146.99386805295944,qwen15b-npu5,
1782498030.2631288,200,148.2621869072318,qwen15b-npu5,
1782498030.2772284,200,138.45185097306967,qwen15b-npu4,
1782498030.2858605,200,136.2655758857727,qwen15b-npu5,
1782498030.2866447,200,137.8665268421173,qwen15b-npu3,
1782498030.2872646,200,123.73012071475387,qwen15b-npu6,
1782498030.3034549,200,139.27772594615817,qwen15b-npu7,
1782498030.303936,200,140.72031620889902,qwen15b-npu7,
1782498030.3126183,200,143.2151929475367,qwen15b-npu5,
1782498030.3131967,200,137.53002462908626,qwen15b-npu5,
1782498030.313607,200,143.9036880619824,qwen15b-npu3,
1782498030.3167837,200,123.47980029881,qwen15b-npu6,
1782498030.3170137,200,145.89936984702945,qwen15b-npu6,
1782498030.3172193,200,140.2292726561427,qwen15b-npu6,
1782498030.3267725,200,124.83558896929026,qwen15b-npu4,
1782498030.3277621,200,139.4568281248212,qwen15b-npu4,
1782498030.3280635,200,140.3745338320732,qwen15b-npu4,
1782498030.3299065,200,141.92751422524452,qwen15b-npu7,
1782498030.3302343,200,119.72726508975029,qwen15b-npu7,
1782498030.3403535,200,135.46727038919926,qwen15b-npu3,
1782498030.34384,200,123.25775902718306,qwen15b-npu6,
1782498030.350904,200,125.96205715090036,qwen15b-npu4,
1782498030.3515022,200,126.97075307369232,qwen15b-npu4,
1782498030.355399,200,130.07060531526804,qwen15b-npu7,
1782498030.3619347,200,125.05252985283732,qwen15b-npu5,
1782498030.362373,200,132.83285312354565,qwen15b-npu5,
1782498030.368172,200,131.90208608284593,qwen15b-npu3,
1782498030.3685167,200,138.6582530103624,qwen15b-npu3,
1782498030.3717709,200,147.5332616828382,qwen15b-npu6,
1782498030.3822482,200,122.20744229853153,qwen15b-npu7,
1782498030.38571,200,125.37554278969765,qwen15b-npu5,
1782498030.394785,200,132.3911603540182,qwen15b-npu3,
1782498030.3954422,200,118.15141467377543,qwen15b-npu3,
1782498030.399344,200,136.6932885721326,qwen15b-npu6,
1782498030.4001327,200,136.9394096545875,qwen15b-npu6,
1782498030.4087539,200,122.81444482505322,qwen15b-npu7,
1782498030.4120672,200,125.34526223316789,qwen15b-npu5,
1782498030.412459,200,125.12934114784002,qwen15b-npu5,
1782498030.426316,200,122.73058481514454,qwen15b-npu6,
1782498030.4365008,200,132.4446308426559,qwen15b-npu7,
1782498030.4368184,200,123.13786800950766,qwen15b-npu7,
1782498030.4484792,200,121.64219794794917,qwen15b-npu4,
1782498030.4487708,200,131.9258171133697,qwen15b-npu4,
1782498030.4502892,200,122.09611013531685,qwen15b-npu4,
1782498030.450704,200,137.43451377376914,qwen15b-npu3,
1782498030.451349,200,123.50622098892927,qwen15b-npu3,
1782498030.4520693,200,139.37555672600865,qwen15b-npu3,
1782498030.454639,200,137.56027491763234,qwen15b-npu6,
1782498030.4549406,200,137.65662582591176,qwen15b-npu6,
1782498030.4611158,200,130.80914923921227,qwen15b-npu5,
1782498030.4628582,200,118.91880026087165,qwen15b-npu7,
1782498030.463233,200,133.24185507372022,qwen15b-npu7,
1782498030.4729698,200,110.88350601494312,qwen15b-npu4,
1782498030.4733741,200,122.39127326756716,qwen15b-npu4,
1782498030.4771652,200,125.53966417908669,qwen15b-npu3,
1782498030.4774613,200,121.99599016457796,qwen15b-npu3,
1782498030.4812436,200,140.81742707639933,qwen15b-npu6,
1782498030.486291,200,123.79901297390461,qwen15b-npu5,
1782498030.4865866,200,118.32839623093605,qwen15b-npu5,
1782498030.4877038,200,115.83648901432753,qwen15b-npu7,
1782498030.4949768,200,112.63666674494743,qwen15b-npu4,
1782498030.5097752,200,124.00451302528381,qwen15b-npu6,
1782498030.5101626,200,141.5344919078052,qwen15b-npu6,
1782498030.512532,200,113.08730021119118,qwen15b-npu5,
1782498030.512952,200,112.72203782573342,qwen15b-npu5,
1782498030.5202553,200,124.74526930600405,qwen15b-npu4,
1782498030.520896,200,126.01068709045649,qwen15b-npu4,
1782498030.5306444,200,121.78898882120848,qwen15b-npu3,
1782498030.5352468,200,108.83585177361965,qwen15b-npu5,
1782498030.5358896,200,123.71766194701195,qwen15b-npu6,
1782498030.5426397,200,130.06896385923028,qwen15b-npu7,
1782498030.562329,200,125.75226603075862,qwen15b-npu5,
1782498030.568893,200,131.95859687402844,qwen15b-npu7,
1782498030.5691376,200,120.30444899573922,qwen15b-npu7,
1782498030.5699918,200,119.58279367536306,qwen15b-npu7,
1782498030.5726233,200,117.56983119994402,qwen15b-npu4,
1782498030.5733643,200,110.38451176136732,qwen15b-npu4,
1782498030.5737936,200,123.02246689796448,qwen15b-npu4,
1782498030.574209,200,122.02724115923047,qwen15b-npu4,
1782498030.586487,200,123.15687816590071,qwen15b-npu3,
1782498030.5869026,200,138.34689976647496,qwen15b-npu3,
1782498030.5922558,200,140.79024689272046,qwen15b-npu6,
1782498030.5926435,200,137.92596803978086,qwen15b-npu6,
1782498030.592945,200,131.72292616218328,qwen15b-npu6,
1782498030.5944793,200,107.82451508566737,qwen15b-npu4,
1782498030.5949547,200,121.87729915603995,qwen15b-npu7,
1782498030.5959034,200,118.37525479495525,qwen15b-npu7,
1782498030.611954,200,130.64449792727828,qwen15b-npu5,
1782498030.6123006,200,135.0625678896904,qwen15b-npu5,
1782498030.6146765,200,126.90636375918984,qwen15b-npu3,
1782498030.615055,200,128.6938451230526,qwen15b-npu3,
1782498030.6159432,200,142.44746789336205,qwen15b-npu3,
1782498030.6189291,200,123.8838229328394,qwen15b-npu6,
1782498030.6371717,200,116.21420085430145,qwen15b-npu5,
1782498030.6375043,200,124.8571490868926,qwen15b-npu5,
1782498030.6411574,200,130.8969804085791,qwen15b-npu3,
1782498030.6423724,200,122.0231200568378,qwen15b-npu4,
1782498030.642746,200,107.40381199866533,qwen15b-npu4,
1782498030.6449041,200,135.02468774095178,qwen15b-npu7,
1782498030.6458266,200,132.75390211492777,qwen15b-npu6,
1782498030.6684966,200,125.74603641405702,qwen15b-npu3,
1782498030.6697652,200,133.81648994982243,qwen15b-npu7,
1782498030.672529,200,141.77571376785636,qwen15b-npu6,
1782498030.6862953,200,117.33225919306278,qwen15b-npu5,
1782498030.6867135,200,116.59946432337165,qwen15b-npu5,
1782498030.6903737,200,116.87045637518167,qwen15b-npu4,
1782498030.6966014,200,134.17661236599088,qwen15b-npu7,
1782498030.6968944,200,122.60546395555139,qwen15b-npu3,
1782498030.697728,200,123.84167313575745,qwen15b-npu3,
1782498030.7016523,200,128.88964591547847,qwen15b-npu6,
1782498030.7020066,200,132.80606316402555,qwen15b-npu6,
1782498030.7112288,200,116.65906431153417,qwen15b-npu5,
1782498030.7116013,200,124.58076700568199,qwen15b-npu5,
1782498030.7155676,200,122.49245401471853,qwen15b-npu4,
1782498030.7163148,200,123.933763243258,qwen15b-npu4,
1782498030.7238817,200,137.28336291387677,qwen15b-npu7,
1782498030.724271,200,128.25759314000607,qwen15b-npu3,
1782498030.7246823,200,131.96383696049452,qwen15b-npu7,
1782498030.728297,200,133.2292058505118,qwen15b-npu6,
1782498030.7357464,200,120.55810121819377,qwen15b-npu5,
1782498030.7365272,200,121.73779914155602,qwen15b-npu5,
1782498030.740138,200,128.0972808599472,qwen15b-npu4,
1782498030.7496417,200,133.59625823795795,qwen15b-npu7,
1782498030.7560198,200,143.60404619947076,qwen15b-npu6,
1782498030.7569158,200,137.88956683129072,qwen15b-npu6,
1782498030.7648072,200,122.34824290499091,qwen15b-npu4,
1782498030.7651532,200,127.8748088516295,qwen15b-npu4,
1782498030.778601,200,137.33811397105455,qwen15b-npu7,
1782498030.779402,200,133.49062716588378,qwen15b-npu7,
1782498030.7799175,200,137.0589518919587,qwen15b-npu3,
1782498030.7809312,200,135.92352299019694,qwen15b-npu3,
1782498030.7854002,200,147.82907394692302,qwen15b-npu6,
1782498030.7857213,200,117.12218821048737,qwen15b-npu5,
1782498030.7883992,200,115.75737921521068,qwen15b-npu4,
1782498030.806845,200,136.98685076087713,qwen15b-npu3,
1782498030.8110292,200,114.02764683589339,qwen15b-npu5,
1782498030.8115118,200,125.09900098666549,qwen15b-npu5,
1782498030.8125336,200,110.43822299689054,qwen15b-npu4,
1782498030.81355,200,126.71358184888959,qwen15b-npu6,
1782498030.8330584,200,142.5844789482653,qwen15b-npu7,
1782498030.833454,200,136.77270989865065,qwen15b-npu7,
1782498030.8346136,200,110.62080319970846,qwen15b-npu5,
1782498030.8355,200,133.7559693492949,qwen15b-npu3,
1782498030.8358161,200,124.12477377802134,qwen15b-npu3,
1782498030.8368416,200,108.4782793186605,qwen15b-npu4,
1782498030.8411605,200,129.84277307987213,qwen15b-npu6,
1782498030.8415108,200,143.68556579574943,qwen15b-npu6,
1782498030.8597662,200,144.12087807431817,qwen15b-npu7,
1782498030.8604226,200,136.03317504748702,qwen15b-npu7,
1782498030.8608124,200,120.60926109552383,qwen15b-npu5,
1782498030.8623838,200,112.67143720760942,qwen15b-npu4,
1782498030.8628004,200,126.95533409714699,qwen15b-npu4,
1782498030.8631823,200,146.77206613123417,qwen15b-npu3,
1782498030.8691938,200,132.56284082308412,qwen15b-npu6,
1782498030.86958,200,144.832463003695,qwen15b-npu6,
1782498030.888643,200,123.37458971887827,qwen15b-npu7,
1782498030.8889918,200,124.11007424816489,qwen15b-npu4,
1782498030.889809,200,133.69276793673635,qwen15b-npu5,
1782498030.8900874,200,133.0608637072146,qwen15b-npu3,
1782498030.911666,200,125.85379602387547,qwen15b-npu5,
1782498030.9119728,200,123.4914199449122,qwen15b-npu5,
1782498030.913711,200,133.6261280812323,qwen15b-npu7,
1782498030.917167,200,138.5023407638073,qwen15b-npu3,
1782498030.9174087,200,137.87686685100198,qwen15b-npu3,
1782498030.91798,200,132.48967099934816,qwen15b-npu3,
1782498030.9217162,200,140.70281572639942,qwen15b-npu6,
1782498030.934418,200,121.81489914655685,qwen15b-npu4,
1782498030.9420183,200,130.8362390846014,qwen15b-npu7,
1782498030.943853,200,130.20842568948865,qwen15b-npu3,
1782498030.9498637,200,142.9539411328733,qwen15b-npu6,
1782498030.950286,200,138.69148213416338,qwen15b-npu6,
1782498030.9595628,200,123.9820527844131,qwen15b-npu4,
1782498030.9598799,200,125.19147200509906,qwen15b-npu4,
1782498030.962818,200,129.6493411064148,qwen15b-npu5,
1782498030.963202,200,121.95500964298844,qwen15b-npu5,
1782498030.9634974,200,126.54102127999067,qwen15b-npu5,
1782498030.9706433,200,129.012247081846,qwen15b-npu3,
1782498030.9709835,200,137.44021393358707,qwen15b-npu7,
1782498030.976685,200,140.77900676056743,qwen15b-npu6,
1782498030.9832296,200,123.37152985855937,qwen15b-npu4,
1782498030.9868197,200,125.9415172971785,qwen15b-npu5,
1782498030.9967968,200,136.27605605870485,qwen15b-npu3,
1782498030.999281,200,135.97989408299327,qwen15b-npu7,
1782498031.0035024,200,140.58837480843067,qwen15b-npu6,
1782498031.004013,200,141.49779081344604,qwen15b-npu6,
1782498031.0084946,200,119.7376549243927,qwen15b-npu4,
1782498031.0088868,200,139.1913560219109,qwen15b-npu4,
1782498031.0243974,200,135.3009487502277,qwen15b-npu3,
1782498031.0267751,200,157.46587794274092,qwen15b-npu7,
1782498031.0277276,200,137.532704975456,qwen15b-npu7,
1782498031.0281746,200,138.29524023458362,qwen15b-npu7,
1782498031.0292094,200,117.17090802267194,qwen15b-npu6,
1782498031.03211,200,120.36678940057755,qwen15b-npu4,
1782498031.037728,200,123.92358295619488,qwen15b-npu5,
1782498031.0380352,200,116.22889107093215,qwen15b-npu5,
1782498031.0383127,200,121.07929401099682,qwen15b-npu5,
1782498031.051531,200,116.99422681704164,qwen15b-npu3,
1782498031.0543501,200,136.85642974451184,qwen15b-npu7,
1782498031.0546238,200,136.57446904107928,qwen15b-npu7,
1782498031.0581837,200,116.09308002516627,qwen15b-npu4,
1782498031.060754,200,116.80588591843843,qwen15b-npu5,
1782498031.0802536,200,120.59991108253598,qwen15b-npu7,
1782498031.0810895,200,117.48717911541462,qwen15b-npu4,
1782498031.0852385,200,114.1932369209826,qwen15b-npu5,
1782498031.0864632,200,136.05180522426963,qwen15b-npu6,
1782498031.0869417,200,123.67634195834398,qwen15b-npu6,
1782498031.0874076,200,137.42489367723465,qwen15b-npu6,
1782498031.088099,200,128.10566229745746,qwen15b-npu6,
1782498031.1052504,200,128.48258391022682,qwen15b-npu4,
1782498031.106193,200,143.25945312157273,qwen15b-npu3,
1782498031.1075943,200,136.8398703634739,qwen15b-npu7,
1782498031.110753,200,127.46325694024563,qwen15b-npu5,
1782498031.1111271,200,124.21187525615096,qwen15b-npu6,
1782498031.1311157,200,127.50051729381084,qwen15b-npu4,
1782498031.131549,200,107.04546002671123,qwen15b-npu4,
1782498031.1354308,200,126.82478269562125,qwen15b-npu5,
1782498031.1358018,200,136.45359687507153,qwen15b-npu3,
1782498031.136777,200,139.90888092666864,qwen15b-npu7,
1782498031.1370494,200,132.90400383993983,qwen15b-npu3,
1782498031.1377842,200,128.77997616305947,qwen15b-npu7,
1782498031.1548555,200,122.66295403242111,qwen15b-npu4,
1782498031.1551347,200,117.02678585425019,qwen15b-npu4,
1782498031.1620939,200,134.27339307963848,qwen15b-npu5,
1782498031.1623542,200,124.53476712107658,qwen15b-npu5,
1782498031.162782,200,111.18191806599498,qwen15b-npu5,
1782498031.1641488,200,134.84825659543276,qwen15b-npu7,
1782498031.1644306,200,137.58800504729152,qwen15b-npu3,
1782498031.1651187,200,136.8513498455286,qwen15b-npu7,
1782498031.1654265,200,127.04637413844466,qwen15b-npu6,
1782498031.1790771,200,124.34066599234939,qwen15b-npu4,
1782498031.1797326,200,121.44371680915356,qwen15b-npu4,
1782498031.1901138,200,129.26265876740217,qwen15b-npu3,
1782498031.1904523,200,136.0295652411878,qwen15b-npu3,
1782498031.2153032,200,127.82594002783298,qwen15b-npu7,
1782498031.2190602,200,133.75899894163013,qwen15b-npu3,
1782498031.2194455,200,131.2579927034676,qwen15b-npu3,
1782498031.2198133,200,132.79997324571013,qwen15b-npu3,
1782498031.2208717,200,134.34730330482125,qwen15b-npu6,
1782498031.2212338,200,140.9178781323135,qwen15b-npu6,
1782498031.2222047,200,141.05706801638007,qwen15b-npu6,
1782498031.2258873,200,119.59398398175836,qwen15b-npu4,
1782498031.2432604,200,135.5846719816327,qwen15b-npu7,
1782498031.2436826,200,132.4388408102095,qwen15b-npu7,
1782498031.2452497,200,139.91420110687613,qwen15b-npu3,
1782498031.2456136,200,134.77064575999975,qwen15b-npu3,
1782498031.2615106,200,123.65846196189523,qwen15b-npu5,
1782498031.261808,200,125.91401720419526,qwen15b-npu5,
1782498031.2626243,200,127.08033388480544,qwen15b-npu5,
1782498031.2700431,200,138.37401010096073,qwen15b-npu7,
1782498031.272221,200,135.07705926895142,qwen15b-npu3,
1782498031.27313,200,141.88036415725946,qwen15b-npu3,
1782498031.2734432,200,136.59563893452287,qwen15b-npu3,
1782498031.2752707,200,111.04593705385923,qwen15b-npu4,
1782498031.2755852,200,113.1281997077167,qwen15b-npu4,
1782498031.2758856,200,113.01444983109832,qwen15b-npu4,
1782498031.2764018,200,114.24078792333603,qwen15b-npu4,
1782498031.2879245,200,123.39593004435301,qwen15b-npu5,
1782498031.2882588,200,122.73715483024716,qwen15b-npu5,
1782498031.2992988,200,144.36350064352155,qwen15b-npu3,
1782498031.2996914,200,144.4852906279266,qwen15b-npu3,
1782498031.3044436,200,139.25384590402246,qwen15b-npu6,
1782498031.3047569,200,125.59597380459309,qwen15b-npu6,
1782498031.305112,200,125.31432323157787,qwen15b-npu6,
1782498031.3257835,200,135.580912232399,qwen15b-npu7,
1782498031.3318129,200,141.2984300404787,qwen15b-npu6,
1782498031.33649,200,117.30041867122054,qwen15b-npu5,
1782498031.3368185,200,116.92580580711365,qwen15b-npu5,
1782498031.3452795,200,119.32613328099251,qwen15b-npu4,
1782498031.3456306,200,123.34226910024881,qwen15b-npu4,
1782498031.3525164,200,131.53765397146344,qwen15b-npu7,
1782498031.3606803,200,145.31368669122458,qwen15b-npu6,
1782498031.3618283,200,140.4901146888733,qwen15b-npu6,
1782498031.3623867,200,142.87068089470267,qwen15b-npu6,
1782498031.3685217,200,106.91975895315409,qwen15b-npu4,
1782498031.3794563,200,134.1154114343226,qwen15b-npu3,
1782498031.3814688,200,135.76057320460677,qwen15b-npu7,
1782498031.3818822,200,138.06137815117836,qwen15b-npu7,
1782498031.3869355,200,113.42738289386034,qwen15b-npu5,
1782498031.388027,200,126.1493181809783,qwen15b-npu5,
1782498031.388543,200,145.17225604504347,qwen15b-npu6,
1782498031.3921807,200,115.71780825033784,qwen15b-npu4,
1782498031.4076643,200,134.447923861444,qwen15b-npu3,
1782498031.4078991,200,132.22255930304527,qwen15b-npu3,
1782498031.4104326,200,135.07296796888113,qwen15b-npu7,
1782498031.4107306,200,148.02862610667944,qwen15b-npu7,
1782498031.4114027,200,141.2975201383233,qwen15b-npu7,
1782498031.4130816,200,125.07755123078823,qwen15b-npu5,
1782498031.4134405,200,125.04446133971214,qwen15b-npu5,
1782498031.4147177,200,142.43489783257246,qwen15b-npu6,
1782498031.4152422,200,139.30118596181273,qwen15b-npu6,
1782498031.4353411,200,130.48858707770705,qwen15b-npu3,
1782498031.4357173,200,130.5394978262484,qwen15b-npu3,
1782498031.4370053,200,137.19196198508143,qwen15b-npu7,
1782498031.4378874,200,133.354346267879,qwen15b-npu5,
1782498031.4409685,200,115.07896380499005,qwen15b-npu4,
1782498031.4414105,200,109.51459594070911,qwen15b-npu4,
1782498031.4424427,200,143.033882137388,qwen15b-npu6,
1782498031.463555,200,126.99767388403416,qwen15b-npu5,
1782498031.4640117,200,127.087804954499,qwen15b-npu7,
1782498031.4650872,200,119.39386278390884,qwen15b-npu4,
1782498031.487956,200,119.33684162795544,qwen15b-npu5,
1782498031.4889657,200,128.2249023206532,qwen15b-npu4,
1782498031.4903607,200,144.98929493129253,qwen15b-npu7,
1782498031.4917786,200,139.2024359665811,qwen15b-npu3,
1782498031.497113,200,135.15082793310285,qwen15b-npu6,
1782498031.4975338,200,135.04872797057033,qwen15b-npu6,
1782498031.51225,200,125.22116210311651,qwen15b-npu4,
1782498031.5137463,200,121.5054071508348,qwen15b-npu5,
1782498031.5140746,200,134.5449648797512,qwen15b-npu5,
1782498031.5176177,200,136.0385539010167,qwen15b-npu7,
1782498031.5191143,200,130.45974681153893,qwen15b-npu3,
1782498031.5251968,200,143.19614227861166,qwen15b-npu6,
1782498031.5255756,200,137.4256038106978,qwen15b-npu6,
1782498031.536483,200,121.18129525333643,qwen15b-npu4,
1782498031.5384102,200,130.68137783557177,qwen15b-npu5,
1782498031.547932,200,133.13168520107865,qwen15b-npu7,
1782498031.5482013,200,137.34068302437663,qwen15b-npu3,
1782498031.5488966,200,135.70659281685948,qwen15b-npu7,
1782498031.5493512,200,138.84347397834063,qwen15b-npu3,
1782498031.5496166,200,138.13044829294086,qwen15b-npu7,
1782498031.55055,200,137.00748095288873,qwen15b-npu7,
1782498031.5523999,200,144.43885115906596,qwen15b-npu6,
1782498031.5610964,200,119.57301385700703,qwen15b-npu4,
1782498031.5614462,200,120.3588992357254,qwen15b-npu4,
1782498031.5642874,200,127.15988513082266,qwen15b-npu5,
1782498031.5741515,200,138.71373189613223,qwen15b-npu7,
1782498031.5745304,200,136.53857819736004,qwen15b-npu3,
1782498031.5817862,200,145.97222208976746,qwen15b-npu6,
1782498031.5820527,200,139.5410392433405,qwen15b-npu6,
1782498031.5894446,200,125.76545495539904,qwen15b-npu5,
1782498031.6016712,200,137.53638416528702,qwen15b-npu3,
1782498031.6086512,200,143.47353391349316,qwen15b-npu6,
1782498031.6092288,200,120.15863787382841,qwen15b-npu4,
1782498031.6167397,200,119.50913397595286,qwen15b-npu5,
1782498031.6171646,200,126.73883186653256,qwen15b-npu5,
1782498031.6292522,200,131.61861477419734,qwen15b-npu3,
1782498031.6296494,200,137.80898693948984,qwen15b-npu7,
1782498031.634108,200,108.80246199667454,qwen15b-npu4,
1782498031.63444,200,120.23420911282301,qwen15b-npu4,
1782498031.6379766,200,124.15482522919774,qwen15b-npu6,
1782498031.6383665,200,150.30128974467516,qwen15b-npu6,
1782498031.6410642,200,115.41660595685244,qwen15b-npu5,
1782498031.6583867,200,146.0567619651556,qwen15b-npu3,
1782498031.6588926,200,139.72001941874623,qwen15b-npu3,
1782498031.6591568,200,106.67952662333846,qwen15b-npu4,
1782498031.6595266,200,122.94910568743944,qwen15b-npu3,
1782498031.6599867,200,142.27648731321096,qwen15b-npu7,
1782498031.6678145,200,117.15757800266147,qwen15b-npu5,
1782498031.668149,200,118.40796610340476,qwen15b-npu5,
1782498031.6685646,200,130.09541388601065,qwen15b-npu5,
1782498031.6816294,200,107.37410187721252,qwen15b-npu4,
1782498031.6843865,200,134.97226824983954,qwen15b-npu3,
1782498031.6849236,200,136.92522002384067,qwen15b-npu3,
1782498031.686181,200,125.0048908405006,qwen15b-npu7,
1782498031.686475,200,124.90085000172257,qwen15b-npu7,
1782498031.6931412,200,128.78258526325226,qwen15b-npu6,
1782498031.6934276,200,144.43225134164095,qwen15b-npu6,
1782498031.6939354,200,145.6057890318334,qwen15b-npu6,
1782498031.7064059,200,116.85580620542169,qwen15b-npu4,
1782498031.7072387,200,125.12045120820403,qwen15b-npu4,
1782498031.7119505,200,137.3573737218976,qwen15b-npu3,
1782498031.714538,200,132.69338198006153,qwen15b-npu7,
1782498031.7303848,200,113.53100324049592,qwen15b-npu4,
1782498031.738872,200,121.59350793808699,qwen15b-npu3,
1782498031.740941,200,139.17806604877114,qwen15b-npu7,
1782498031.7437437,200,134.45559423416853,qwen15b-npu5,
1782498031.7471383,200,138.40783014893532,qwen15b-npu6,
1782498031.754736,200,113.60026383772492,qwen15b-npu4,
1782498031.76653,200,132.00751785188913,qwen15b-npu5,
1782498031.7709446,200,132.87145365029573,qwen15b-npu7,
1782498031.7713888,200,132.89836421608925,qwen15b-npu7,
1782498031.7749925,200,140.77442698180676,qwen15b-npu3,
1782498031.7763577,200,146.61402581259608,qwen15b-npu6,
1782498031.776703,200,147.35076995566487,qwen15b-npu6,
1782498031.7791393,200,120.6593718379736,qwen15b-npu4,
1782498031.7919195,200,123.65918233990669,qwen15b-npu5,
1782498031.792327,200,123.64757107570767,qwen15b-npu5,
1782498031.8017359,200,142.52084912732244,qwen15b-npu7,
1782498031.8019717,200,143.01687106490135,qwen15b-npu7,
1782498031.802312,200,142.70224887877703,qwen15b-npu7,
1782498031.8038192,200,122.12521210312843,qwen15b-npu6,
1782498031.8041086,200,136.1949946731329,qwen15b-npu3,
1782498031.805348,200,145.29271656647325,qwen15b-npu6,
1782498031.805674,200,119.06742071732879,qwen15b-npu4,
1782498031.8066022,200,113.05648973211646,qwen15b-npu4,
1782498031.8162262,200,108.8916421867907,qwen15b-npu5,
1782498031.8165088,200,131.52133440598845,qwen15b-npu5,
1782498031.8280783,200,121.59734824672341,qwen15b-npu4,
1782498031.830047,200,143.78914702683687,qwen15b-npu6,
1782498031.831348,200,137.2921927832067,qwen15b-npu3,
1782498031.8317108,200,147.26277021691203,qwen15b-npu3,
1782498031.8320892,200,138.87329399585724,qwen15b-npu6,
1782498031.8401136,200,109.61847705766559,qwen15b-npu5,
1782498031.8525646,200,111.5111387334764,qwen15b-npu4,
1782498031.85745,200,145.43604804202914,qwen15b-npu6,
1782498031.8587952,200,144.19857924804091,qwen15b-npu7,
1782498031.8832707,200,128.39592434465885,qwen15b-npu4,
1782498031.8851361,200,137.93527707457542,qwen15b-npu6,
1782498031.886036,200,142.21309637650847,qwen15b-npu3,
1782498031.8862724,200,147.30732003226876,qwen15b-npu3,
1782498031.8901224,200,113.29361191019416,qwen15b-npu5,
1782498031.8905337,200,123.91549395397305,qwen15b-npu5,
1782498031.9004543,200,108.01321594044566,qwen15b-npu4,
1782498031.9132087,200,121.16465531289577,qwen15b-npu3,
1782498031.9136477,200,137.19063205644488,qwen15b-npu3,
1782498031.9149272,200,135.7082026079297,qwen15b-npu6,
1782498031.9151883,200,112.79833782464266,qwen15b-npu5,
1782498031.915501,200,113.46719181165099,qwen15b-npu5,
1782498031.920976,200,149.4651148095727,qwen15b-npu7,
1782498031.9213662,200,150.29012085869908,qwen15b-npu7,
1782498031.921775,200,146.70908730477095,qwen15b-npu7,
1782498031.9263496,200,120.90282188728452,qwen15b-npu4,
1782498031.926656,200,119.94970589876175,qwen15b-npu4,
1782498031.9374185,200,121.13191513344646,qwen15b-npu5,
1782498031.9405897,200,136.35981688275933,qwen15b-npu3,
1782498031.941004,200,137.11214158684015,qwen15b-npu3,
1782498031.942219,200,125.63946470618248,qwen15b-npu6,
1782498031.9424696,200,140.67038614302874,qwen15b-npu6,
1782498031.9477544,200,141.9502436183393,qwen15b-npu7,
1782498031.9504406,200,120.29382772743702,qwen15b-npu4,
1782498031.950837,200,110.65150378271937,qwen15b-npu4,
1782498031.9707603,200,138.9329140074551,qwen15b-npu3,
1782498031.97115,200,142.95161236077547,qwen15b-npu6,
1782498031.971616,200,140.15786303207278,qwen15b-npu3,
1782498031.9774787,200,145.26969706639647,qwen15b-npu7,
1782498031.9978094,200,140.27533307671547,qwen15b-npu6,
1782498031.9980783,200,111.97578301653266,qwen15b-npu4,
1782498031.9989858,200,115.60061806812882,qwen15b-npu4,
1782498032.0069973,200,154.32724822312593,qwen15b-npu7,
1782498032.0073495,200,148.49129784852266,qwen15b-npu7,
1782498032.0127418,200,126.39949005097151,qwen15b-npu5,
1782498032.0130646,200,122.83202493563294,qwen15b-npu5,
1782498032.0133598,200,122.72507511079311,qwen15b-npu5,
1782498032.0258327,200,140.58753475546837,qwen15b-npu6,
1782498032.0262325,200,125.67449500784278,qwen15b-npu6,
1782498032.0360363,200,121.04766396805644,qwen15b-npu5,
1782498032.0367427,200,110.01677997410297,qwen15b-npu5,
1782498032.0452104,200,123.73387068510056,qwen15b-npu4,
1782498032.0459151,200,105.21491710096598,qwen15b-npu4,
1782498032.0529854,200,137.72992603480816,qwen15b-npu3,
1782498032.0533125,200,139.9760809727013,qwen15b-npu3,
1782498032.0537424,200,132.6455920934677,qwen15b-npu3,
1782498032.0549262,200,128.48229426890612,qwen15b-npu6,
1782498032.0552568,200,141.4956906810403,qwen15b-npu6,
1782498032.0601285,200,122.65085522085428,qwen15b-npu5,
1782498032.063584,200,148.01422506570816,qwen15b-npu7,
1782498032.063948,200,142.05268491059542,qwen15b-npu7,
1782498032.0690956,200,126.56526081264019,qwen15b-npu4,
1782498032.0805464,200,139.45052726194263,qwen15b-npu3,
1782498032.0808935,200,133.0268639139831,qwen15b-npu3,
1782498032.0819926,200,139.70467867329717,qwen15b-npu6,
1782498032.0865142,200,115.23363506421447,qwen15b-npu5,
1782498032.0917063,200,141.16378920152783,qwen15b-npu7,
1782498032.092095,200,141.13120874390006,qwen15b-npu7,
1782498032.110433,200,138.64849181845784,qwen15b-npu6,
1782498032.1178172,200,146.94174798205495,qwen15b-npu7,
1782498032.118256,200,140.7012459821999,qwen15b-npu7,
1782498032.1199696,200,106.84543801471591,qwen15b-npu4,
1782498032.1203136,200,113.22188097983599,qwen15b-npu4,
1782498032.1207116,200,121.6119178570807,qwen15b-npu4,
1782498032.1366906,200,123.26001888141036,qwen15b-npu5,
1782498032.13713,200,129.71606198698282,qwen15b-npu5,
1782498032.1389391,200,141.05232898145914,qwen15b-npu3,
1782498032.1394773,200,126.6333912499249,qwen15b-npu3,
1782498032.1398833,200,141.72970317304134,qwen15b-npu6,
1782498032.143982,200,117.68982233479619,qwen15b-npu7,
1782498032.159829,200,123.73369187116623,qwen15b-npu5,
1782498032.165223,200,119.21702092513442,qwen15b-npu4,
1782498032.1655684,200,139.62132902815938,qwen15b-npu6,
1782498032.171753,200,134.90126701071858,qwen15b-npu7,
1782498032.1859868,200,130.60826808214188,qwen15b-npu5,
1782498032.1863856,200,131.37756381183863,qwen15b-npu5,
1782498032.1892698,200,108.65285992622375,qwen15b-npu4,
1782498032.193088,200,129.40726010128856,qwen15b-npu6,
1782498032.1933491,200,124.17734414339066,qwen15b-npu6,
1782498032.1942806,200,134.05138161033392,qwen15b-npu6,
1782498032.196571,200,132.5517208315432,qwen15b-npu3,
1782498032.1975284,200,144.08125868067145,qwen15b-npu3,
1782498032.197976,200,152.6966169476509,qwen15b-npu3,
1782498032.203541,200,150.46384185552597,qwen15b-npu7,
1782498032.2044973,200,150.63901199027896,qwen15b-npu7,
1782498032.2099042,200,128.94137669354677,qwen15b-npu5,
1782498032.2202685,200,138.16506788134575,qwen15b-npu6,
1782498032.2260268,200,133.8539500720799,qwen15b-npu3,
1782498032.226843,200,135.02242788672447,qwen15b-npu3,
1782498032.2412739,200,130.74607914313674,qwen15b-npu5,
1782498032.2435386,200,156.87797497957945,qwen15b-npu7,
1782498032.2453325,200,126.95750361308455,qwen15b-npu4,
1782498032.2549279,200,134.8764062859118,qwen15b-npu6,
1782498032.2630675,200,142.2121161594987,qwen15b-npu3,
1782498032.2656894,200,126.0887780226767,qwen15b-npu5,
1782498032.2704525,200,130.44736674055457,qwen15b-npu4,
1782498032.2708166,200,133.6130378767848,qwen15b-npu4,
1782498032.274159,200,153.7807141430676,qwen15b-npu7,
1782498032.2744513,200,156.51511307805777,qwen15b-npu7,
1782498032.2835844,200,139.53580800443888,qwen15b-npu6,
1782498032.2897005,200,150.65345307812095,qwen15b-npu3,
1782498032.2903552,200,118.48323745653033,qwen15b-npu5,
1782498032.294334,200,128.99687699973583,qwen15b-npu4,
1782498032.2946837,200,134.75301582366228,qwen15b-npu4,
1782498032.3024719,200,165.62901297584176,qwen15b-npu7,
1782498032.3158736,200,121.48684682324529,qwen15b-npu5,
1782498032.316106,200,130.01000368967652,qwen15b-npu5,
1782498032.3179045,200,124.49001707136631,qwen15b-npu4,
1782498032.332879,200,143.48255516961217,qwen15b-npu7,
1782498032.333353,200,167.6948480308056,qwen15b-npu7,
1782498032.3403947,200,142.31817703694105,qwen15b-npu6,
1782498032.3407571,200,147.5952030159533,qwen15b-npu6,
1782498032.3409925,200,120.59258110821247,qwen15b-npu5,
1782498032.3412998,200,137.66929507255554,qwen15b-npu6,
1782498032.3423703,200,132.3976102285087,qwen15b-npu4,
1782498032.3481677,200,143.56014505028725,qwen15b-npu3,
1782498032.3488848,200,162.3751916922629,qwen15b-npu3,
1782498032.3601034,200,163.43074897304177,qwen15b-npu7,
1782498032.3608017,200,163.19324681535363,qwen15b-npu7,
1782498032.3639393,200,118.50574612617493,qwen15b-npu5,
1782498032.365799,200,124.45665709674358,qwen15b-npu4,
1782498032.3759043,200,149.61921609938145,qwen15b-npu3,
1782498032.3882327,200,144.57522192969918,qwen15b-npu7,
1782498032.3889349,200,161.88432835042477,qwen15b-npu7,
1782498032.3892813,200,114.76511182263494,qwen15b-npu5,
1782498032.3915036,200,125.74049597606063,qwen15b-npu4,
1782498032.3919914,200,128.80496587604284,qwen15b-npu4,
1782498032.3942566,200,123.32278909161687,qwen15b-npu6,
1782498032.4036727,200,148.6768890172243,qwen15b-npu3,
1782498032.4147491,200,124.32239577174187,qwen15b-npu5,
1782498032.4154193,200,141.19305927306414,qwen15b-npu7,
1782498032.419797,200,125.3506331704557,qwen15b-npu4,
1782498032.4223545,200,132.57707096636295,qwen15b-npu6,
1782498032.422701,200,152.15930296108127,qwen15b-npu6,
1782498032.433701,200,138.91263399273157,qwen15b-npu3,
1782498032.4340901,200,150.39884112775326,qwen15b-npu3,
1782498032.441422,200,138.8825229369104,qwen15b-npu7,
1782498032.4437778,200,125.76024513691664,qwen15b-npu4,
1782498032.4499624,200,134.02324123308063,qwen15b-npu6,
1782498032.4596107,200,143.44745501875877,qwen15b-npu3,
1782498032.4640925,200,123.58829099684954,qwen15b-npu5,
1782498032.4647257,200,131.71351607888937,qwen15b-npu5,
1782498032.4650633,200,116.07852997258306,qwen15b-npu5,
1782498032.4653327,200,124.51399676501751,qwen15b-npu5,
1782498032.468711,200,127.62646796181798,qwen15b-npu7,
1782498032.4700918,200,121.84586888179183,qwen15b-npu4,
1782498032.4704952,200,128.0081607401371,qwen15b-npu4,
1782498032.478572,200,137.20060233026743,qwen15b-npu6,
1782498032.478904,200,145.4352168366313,qwen15b-npu6,
1782498032.4881709,200,127.29813577607274,qwen15b-npu3,
1782498032.488824,200,128.6185751669109,qwen15b-npu3,
1782498032.4955115,200,119.4853731431067,qwen15b-npu7,
1782498032.4958847,200,131.8469261750579,qwen15b-npu7,
1782498032.5061624,200,140.2881839312613,qwen15b-npu6,
1782498032.510522,200,116.16643099114299,qwen15b-npu5,
1782498032.5154681,200,126.11735798418522,qwen15b-npu3,
1782498032.515815,200,126.77404191344976,qwen15b-npu3,
1782498032.5169082,200,113.16781118512154,qwen15b-npu4,
1782498032.5172236,200,125.61270501464605,qwen15b-npu4,
1782498032.521612,200,129.5392499305308,qwen15b-npu7,
1782498032.5334618,200,145.12213598936796,qwen15b-npu6,
1782498032.5347033,200,111.92966205999255,qwen15b-npu5,
1782498032.5385554,200,123.0593272484839,qwen15b-npu4,
1782498032.5427678,200,127.8991000726819,qwen15b-npu3,
1782498032.5487065,200,126.26047898083925,qwen15b-npu7,
1782498032.5588973,200,108.83162170648575,qwen15b-npu5,
1782498032.5629838,200,129.15021879598498,qwen15b-npu6,
1782498032.563412,200,143.51081382483244,qwen15b-npu6,
1782498032.5637925,200,119.93710603564978,qwen15b-npu4,
1782498032.5698683,200,128.36707290261984,qwen15b-npu3,
1782498032.5762577,200,142.09504565224051,qwen15b-npu7,
1782498032.5833678,200,113.15590096637607,qwen15b-npu5,
1782498032.5865858,200,107.91733488440514,qwen15b-npu4,
1782498032.586938,200,122.75326577946544,qwen15b-npu4,
1782498032.5914848,200,126.34526891633868,qwen15b-npu6,
1782498032.591723,200,126.32226943969727,qwen15b-npu6,
1782498032.5973244,200,132.5111398473382,qwen15b-npu3,
1782498032.5976706,200,137.99434807151556,qwen15b-npu3,
1782498032.6044216,200,135.6172119267285,qwen15b-npu7,
1782498032.6047409,200,134.1708218678832,qwen15b-npu7,
1782498032.6069026,200,118.62707789987326,qwen15b-npu5,
1782498032.6100652,200,114.0617267228663,qwen15b-npu4,
1782498032.6182146,200,129.32089995592833,qwen15b-npu6,
1782498032.6186259,200,139.65640868991613,qwen15b-npu6,
1782498032.624672,200,129.06941724941134,qwen15b-npu3,
1782498032.6307576,200,124.49521711096168,qwen15b-npu7,
1782498032.6320632,200,121.44555617123842,qwen15b-npu5,
1782498032.6324592,200,116.57201405614614,qwen15b-npu5,
1782498032.643616,200,121.90982000902295,qwen15b-npu6,
1782498032.64446,200,127.44860583916306,qwen15b-npu6,
1782498032.6516201,200,136.05378521606326,qwen15b-npu3,
1782498032.6586568,200,125.13367086648941,qwen15b-npu4,
1782498032.6594138,200,116.54165387153625,qwen15b-npu5,
1782498032.659796,200,121.14863377064466,qwen15b-npu5,
1782498032.6601555,200,111.38131935149431,qwen15b-npu4,
1782498032.660559,200,143.26894376426935,qwen15b-npu7,
1782498032.680352,200,121.35824607685208,qwen15b-npu3,
1782498032.680773,200,145.96275193616748,qwen15b-npu3,
1782498032.6817794,200,111.80688114836812,qwen15b-npu4,
1782498032.6873758,200,123.51291067898273,qwen15b-npu7,
1782498032.6877198,200,124.6264181099832,qwen15b-npu7,
1782498032.7062435,200,119.5624340325594,qwen15b-npu4,
1782498032.7067661,200,109.36417477205396,qwen15b-npu4,
1782498032.707127,200,143.60957639291883,qwen15b-npu3,
1782498032.7078674,200,131.51204492896795,qwen15b-npu5,
1782498032.7289636,200,137.17975188046694,qwen15b-npu6,
1782498032.7293417,200,122.37608293071389,qwen15b-npu6,
1782498032.7296686,200,146.19595278054476,qwen15b-npu6,
1782498032.7308006,200,143.77379696816206,qwen15b-npu6,
1782498032.73369,200,123.53212013840675,qwen15b-npu5,
1782498032.7340353,200,115.70575786754489,qwen15b-npu5,
1782498032.737854,200,133.3553260192275,qwen15b-npu3,
1782498032.738228,200,146.6743960045278,qwen15b-npu3,
1782498032.7455971,200,126.8958430737257,qwen15b-npu7,
1782498032.7462301,200,148.4461878426373,qwen15b-npu7,
1782498032.7465048,200,141.6549920104444,qwen15b-npu7,
1782498032.7537594,200,110.04523001611233,qwen15b-npu4,
1782498032.7541025,200,121.52825808152556,qwen15b-npu4,
1782498032.7573326,200,126.4749700203538,qwen15b-npu5,
1782498032.7656238,200,133.46159690991044,qwen15b-npu3,
1782498032.7660265,200,141.2606001831591,qwen15b-npu3,
1782498032.7704713,200,125.92518702149391,qwen15b-npu7,
1782498032.7770472,200,116.78077513352036,qwen15b-npu4,
1782498032.7822437,200,122.71350529044867,qwen15b-npu5,
1782498032.7825577,200,123.78458213061094,qwen15b-npu5,
1782498032.7835765,200,123.67134215310216,qwen15b-npu6,
1782498032.7924383,200,131.76432577893138,qwen15b-npu3,
1782498032.7981617,200,146.47935470566154,qwen15b-npu7,
1782498032.8022563,200,114.4611188210547,qwen15b-npu4,
1782498032.8068027,200,119.33234194293618,qwen15b-npu5,
1782498032.8109732,200,130.51385805010796,qwen15b-npu6,
1782498032.8269703,200,146.0703620687127,qwen15b-npu7,
1782498032.8275502,200,145.66987892612815,qwen15b-npu7,
1782498032.840296,200,133.08258540928364,qwen15b-npu6,
1782498032.8406157,200,134.30706318467855,qwen15b-npu6,
1782498032.8480363,200,141.17818884551525,qwen15b-npu3,
1782498032.848432,200,140.48631489276886,qwen15b-npu3,
1782498032.8504965,200,116.70806491747499,qwen15b-npu4,
1782498032.8508859,200,121.09169410541654,qwen15b-npu4,
1782498032.8529117,200,123.47452016547322,qwen15b-npu7,
1782498032.855707,200,109.39583601430058,qwen15b-npu5,
1782498032.8562262,200,122.12848057970405,qwen15b-npu5,
1782498032.867336,200,138.24156997725368,qwen15b-npu6,
1782498032.8678796,200,129.91707306355238,qwen15b-npu6,
1782498032.8836238,200,137.94263685122132,qwen15b-npu3,
1782498032.88563,200,119.89124584943056,qwen15b-npu4,
1782498032.8860147,200,139.44612676277757,qwen15b-npu7,
1782498032.8863645,200,132.50578101724386,qwen15b-npu4,
1782498032.8872511,200,156.35333117097616,qwen15b-npu3,
1782498032.8875427,200,149.20006319880486,qwen15b-npu7,
1782498032.8879497,200,133.74565867707133,qwen15b-npu4,
1782498032.8961544,200,130.06160501390696,qwen15b-npu6,
1782498032.897938,200,115.60425814241171,qwen15b-npu4,
1782498032.8983111,200,121.14661419764161,qwen15b-npu4,
1782498032.9016662,200,144.26974020898342,qwen15b-npu3,
1782498032.9027925,200,119.15175104513764,qwen15b-npu5,
1782498032.9035578,200,120.87911227717996,qwen15b-npu5,
1782498032.9081986,200,137.6217259094119,qwen15b-npu7,
1782498032.922992,200,130.48686692491174,qwen15b-npu6,
1782498032.9271927,200,128.97034687921405,qwen15b-npu5,
1782498032.9283774,200,125.9865271858871,qwen15b-npu3,
1782498032.9357069,200,128.7949150428176,qwen15b-npu7,
1782498032.944677,200,117.56339110434055,qwen15b-npu4,
1782498032.9512558,200,140.21995291113853,qwen15b-npu6,
1782498032.9520578,200,124.39140630885959,qwen15b-npu6,
1782498032.9523945,200,112.00585309416056,qwen15b-npu5,
1782498032.977012,200,123.9971132017672,qwen15b-npu5,
1782498032.9780295,200,127.03677406534553,qwen15b-npu5,
1782498032.9784782,200,122.70739488303661,qwen15b-npu6,
1782498032.9851253,200,144.44739138707519,qwen15b-npu3,
1782498032.9854636,200,136.8965501897037,qwen15b-npu3,
1782498032.9857466,200,135.15414902940392,qwen15b-npu3,
1782498032.9919915,200,135.68586204200983,qwen15b-npu7,
1782498032.9923284,200,144.19165905565023,qwen15b-npu7,
1782498032.9927013,200,125.27839280664921,qwen15b-npu7,
1782498033.0065968,200,138.65720201283693,qwen15b-npu6,
1782498033.011386,200,123.33328882232308,qwen15b-npu3,
1782498033.0120564,200,128.33868293091655,qwen15b-npu3,
1782498033.0176294,200,131.51619397103786,qwen15b-npu4,
1782498033.0182297,200,115.37348525598645,qwen15b-npu4,
1782498033.0202496,200,134.52128507196903,qwen15b-npu4,
1782498033.0208123,200,124.58516797050834,qwen15b-npu7,
1782498033.0211413,200,123.09827795252204,qwen15b-npu4,
1782498033.021444,200,134.9387769587338,qwen15b-npu7,
1782498033.0273485,200,123.68967197835445,qwen15b-npu5,
1782498033.0280514,200,119.78540476411581,qwen15b-npu5,
1782498033.0351493,200,147.82270370051265,qwen15b-npu6,
1782498033.0355113,200,147.84920495003462,qwen15b-npu6,
1782498033.0391872,200,140.80845564603806,qwen15b-npu3,
1782498033.0454853,200,143.73315684497356,qwen15b-npu7,
1782498033.0506713,200,122.20965093001723,qwen15b-npu5,
1782498033.0512753,200,128.1860419549048,qwen15b-npu5,
1782498033.0629883,200,110.83534499630332,qwen15b-npu4,
1782498033.0658422,200,138.56892101466656,qwen15b-npu3,
1782498033.0737412,200,137.97270832583308,qwen15b-npu7,
1782498033.087541,200,108.96511189639568,qwen15b-npu4,
1782498033.0886059,200,137.24059192463756,qwen15b-npu6,
1782498033.0895457,200,144.74912313744426,qwen15b-npu6,
1782498033.0926106,200,140.14730183407664,qwen15b-npu3,
1782498033.099351,200,113.50784311071038,qwen15b-npu5,
1782498033.1001859,200,123.1075469404459,qwen15b-npu5,
1782498033.1116896,200,105.02057615667582,qwen15b-npu4,
1782498033.116585,200,123.79180314019322,qwen15b-npu6,
1782498033.1168978,200,138.74895311892033,qwen15b-npu6,
1782498033.1208708,200,128.4448029473424,qwen15b-npu3,
1782498033.1217906,200,136.25419698655605,qwen15b-npu3,
1782498033.1231282,200,110.98925722762942,qwen15b-npu5,
1782498033.1296608,200,144.42783081904054,qwen15b-npu7,
1782498033.1300223,200,137.92525697499514,qwen15b-npu7,
1782498033.1363795,200,115.89301005005836,qwen15b-npu4,
1782498033.137073,200,115.85137899965048,qwen15b-npu4,
1782498033.143174,200,131.6891349852085,qwen15b-npu6,
1782498033.1468525,200,125.29380200430751,qwen15b-npu3,
1782498033.14847,200,120.31075917184353,qwen15b-npu5,
1782498033.1487947,200,131.08922075480223,qwen15b-npu5,
1782498033.1585743,200,137.67029577866197,qwen15b-npu7,
1782498033.158825,200,123.23784874752164,qwen15b-npu7,
1782498033.1595032,200,141.15331880748272,qwen15b-npu7,
1782498033.1598668,200,108.52862987667322,qwen15b-npu4,
1782498033.1720762,200,126.48881087079644,qwen15b-npu6,
1782498033.1726234,200,121.84692919254303,qwen15b-npu5,
1782498033.1728885,200,145.4254579730332,qwen15b-npu6,
1782498033.1757898,200,136.48696802556515,qwen15b-npu3,
1782498033.1767414,200,141.48865127936006,qwen15b-npu3,
1782498033.1827207,200,116.81861523538828,qwen15b-npu4,
1782498033.186238,200,123.17606806755066,qwen15b-npu7,
1782498033.1973424,200,107.67692374065518,qwen15b-npu5,
1782498033.1977901,200,110.17235089093447,qwen15b-npu5,
1782498033.2024274,200,128.62295471131802,qwen15b-npu3,
1782498033.2133129,200,124.64532814919949,qwen15b-npu7,
1782498033.2257771,200,125.48872409388423,qwen15b-npu6,
1782498033.2260702,200,133.34434665739536,qwen15b-npu6,
1782498033.230538,200,118.74353885650635,qwen15b-npu4,
1782498033.2446933,200,127.6997490786016,qwen15b-npu7,
1782498033.2449787,200,121.74862902611494,qwen15b-npu5,
1782498033.2452767,200,145.83141077309847,qwen15b-npu7,
1782498033.255031,200,124.94626035913825,qwen15b-npu6,
1782498033.2556167,200,108.68387995287776,qwen15b-npu4,
1782498033.2558637,200,126.10016809776425,qwen15b-npu4,
1782498033.2560914,200,118.94084978848696,qwen15b-npu4,
1782498033.256748,200,140.08775213733315,qwen15b-npu6,
1782498033.2574954,200,121.02947430685163,qwen15b-npu3,
1782498033.2583501,200,136.4417881704867,qwen15b-npu3,
1782498033.2591214,200,138.17252917215228,qwen15b-npu3,
1782498033.273712,200,125.15134131535888,qwen15b-npu7,
1782498033.2740188,200,130.74424909427762,qwen15b-npu7,
1782498033.2783089,200,118.72983817011118,qwen15b-npu4,
1782498033.2785792,200,119.69174491241574,qwen15b-npu4,
1782498033.281679,200,123.0334178544581,qwen15b-npu6,
1782498033.2828455,200,133.97952960804105,qwen15b-npu3,
1782498033.294034,200,107.737444806844,qwen15b-npu5,
1782498033.2943232,200,122.14789213612676,qwen15b-npu5,
1782498033.301392,200,128.69303487241268,qwen15b-npu7,
1782498033.3018732,200,141.93988405168056,qwen15b-npu7,
1782498033.3097746,200,132.9182730987668,qwen15b-npu6,
1782498033.3107107,200,137.7590959891677,qwen15b-npu3,
1782498033.3110037,200,135.10072929784656,qwen15b-npu6,
1782498033.3182411,200,115.63132703304291,qwen15b-npu5,
1782498033.3243117,200,110.90622516348958,qwen15b-npu4,
1782498033.3289149,200,146.12804213538766,qwen15b-npu7,
1782498033.3390045,200,141.09803875908256,qwen15b-npu3,
1782498033.3394246,200,141.9568951241672,qwen15b-npu3,
1782498033.3476167,200,121.76214903593063,qwen15b-npu4,
1782498033.3564677,200,130.2712052129209,qwen15b-npu7,
1782498033.3647327,200,134.09783225506544,qwen15b-npu3,
1782498033.3667321,200,109.90924900397658,qwen15b-npu5,
1782498033.3725855,200,116.89924588426948,qwen15b-npu4,
1782498033.372907,200,116.97920691221952,qwen15b-npu4,
1782498033.3834734,200,128.3355630002916,qwen15b-npu7,
1782498033.393122,200,147.78378373011947,qwen15b-npu6,
1782498033.393808,200,149.02732195332646,qwen15b-npu6,
1782498033.3941658,200,136.57232793048024,qwen15b-npu6,
1782498033.39455,200,149.50413489714265,qwen15b-npu6,
1782498033.397104,200,140.95014799386263,qwen15b-npu3,
1782498033.3975232,200,138.2776591926813,qwen15b-npu3,
1782498033.3978815,200,119.23610186204314,qwen15b-npu5,
1782498033.3984067,200,139.9206300266087,qwen15b-npu6,
1782498033.3994133,200,117.6638207398355,qwen15b-npu5,
1782498033.3997738,200,125.60500530526042,qwen15b-npu3,
1782498033.400482,200,117.53547005355358,qwen15b-npu4,
1782498033.4129672,200,134.58135491237044,qwen15b-npu7,
1782498033.413259,200,139.47012787684798,qwen15b-npu7,
1782498033.4177818,200,123.67534218356013,qwen15b-npu6,
1782498033.4185987,200,124.21085499227047,qwen15b-npu5,
1782498033.418993,200,117.53808101639152,qwen15b-npu5,
1782498033.422716,200,120.78006193041801,qwen15b-npu3,
1782498033.4395127,200,121.17423489689827,qwen15b-npu7,
1782498033.4440398,200,115.06268288940191,qwen15b-npu5,
1782498033.4443564,200,134.51942382380366,qwen15b-npu5,
1782498033.444636,200,120.2652184292674,qwen15b-npu5,
1782498033.4451356,200,134.35059320181608,qwen15b-npu6,
1782498033.4483733,200,137.21104199066758,qwen15b-npu3,
1782498033.4664783,200,118.76510782167315,qwen15b-npu7,
1782498033.4691665,200,112.63463692739606,qwen15b-npu4,
1782498033.4725506,200,132.99280405044556,qwen15b-npu6,
1782498033.4771044,200,138.01981788128614,qwen15b-npu3,
1782498033.4903615,200,123.56704100966454,qwen15b-npu5,
1782498033.493748,200,120.77793199568987,qwen15b-npu7,
1782498033.4950228,200,130.16668520867825,qwen15b-npu4,
1782498033.4952917,200,122.62870511040092,qwen15b-npu4,
1782498033.5197115,200,119.86769596114755,qwen15b-npu5,
1782498033.520219,200,121.73331808298826,qwen15b-npu5,
1782498033.521143,200,127.93031986802816,qwen15b-npu5,
1782498033.5224946,200,125.28019258752465,qwen15b-npu4,
1782498033.5239031,200,123.35679912939668,qwen15b-npu7,
1782498033.5246365,200,126.62027077749372,qwen15b-npu4,
1782498033.5249634,200,131.03795098140836,qwen15b-npu4,
1782498033.5253434,200,127.71339900791645,qwen15b-npu7,
1782498033.525964,200,131.7279962822795,qwen15b-npu7,
1782498033.5271266,200,132.45969079434872,qwen15b-npu6,
1782498033.5341005,200,134.58215491846204,qwen15b-npu3,
1782498033.5344355,200,150.89858463034034,qwen15b-npu3,
1782498033.5453153,200,127.41886731237173,qwen15b-npu4,
1782498033.5553129,200,132.53691140562296,qwen15b-npu6,
1782498033.555965,200,136.84963015839458,qwen15b-npu6,
1782498033.5627127,200,144.04427772387862,qwen15b-npu3,
1782498033.563144,200,150.10815858840942,qwen15b-npu3,
1782498033.563639,200,150.31794970855117,qwen15b-npu3,
1782498033.5688026,200,124.11102373152971,qwen15b-npu5,
1782498033.5699232,200,121.45343609154224,qwen15b-npu4,
1782498033.5750506,200,129.85484302043915,qwen15b-npu7,
1782498033.5851324,200,140.7092558220029,qwen15b-npu6,
1782498033.5854766,200,145.8686706610024,qwen15b-npu6,
1782498033.5864406,200,142.3054370097816,qwen15b-npu6,
1782498033.592237,200,125.66429376602173,qwen15b-npu5,
1782498033.594285,200,117.09558684378862,qwen15b-npu4,
1782498033.5946307,200,121.90940044820309,qwen15b-npu4,
1782498033.6167614,200,121.40291603282094,qwen15b-npu5,
1782498033.6171937,200,147.96786522492766,qwen15b-npu3,
1782498033.6181073,200,123.00547724589705,qwen15b-npu4,
1782498033.6303427,200,136.52676763013005,qwen15b-npu7,
1782498033.6309614,200,140.51197515800595,qwen15b-npu7,
1782498033.6424263,200,121.15377513691783,qwen15b-npu5,
1782498033.642813,200,122.524444013834,qwen15b-npu5,
1782498033.6436646,200,119.68871392309666,qwen15b-npu4,
1782498033.6450906,200,120.3785203397274,qwen15b-npu4,
1782498033.6455948,200,125.77671511098742,qwen15b-npu3,
1782498033.6577992,200,132.29114888235927,qwen15b-npu7,
1782498033.6582234,200,123.68996115401387,qwen15b-npu7,
1782498033.666227,200,110.81735510379076,qwen15b-npu5,
1782498033.6701384,200,142.91059086099267,qwen15b-npu6,
1782498033.6705048,200,144.41556110978127,qwen15b-npu6,
1782498033.6709452,200,136.75782969221473,qwen15b-npu6,
1782498033.675952,200,130.5737178772688,qwen15b-npu3,
1782498033.6763294,200,151.25446673482656,qwen15b-npu3,
1782498033.6775723,200,154.98076239600778,qwen15b-npu3,
1782498033.6927958,200,129.95334388688207,qwen15b-npu5,
1782498033.6933236,200,129.57038078457117,qwen15b-npu5,
1782498033.6935673,200,118.4315956197679,qwen15b-npu5,
1782498033.6981812,200,134.93030704557896,qwen15b-npu6,
1782498033.6990504,200,143.02325202152133,qwen15b-npu6,
1782498033.6994658,200,129.40696021541953,qwen15b-npu6,
1782498033.7128117,200,143.9442876726389,qwen15b-npu7,
1782498033.7132545,200,127.71004904061556,qwen15b-npu7,
1782498033.7160814,200,121.38159619644284,qwen15b-npu4,
1782498033.7164602,200,124.1092849522829,qwen15b-npu4,
1782498033.7261586,200,140.91782784089446,qwen15b-npu6,
1782498033.7305777,200,136.19433622807264,qwen15b-npu3,
1782498033.730905,200,144.36416095122695,qwen15b-npu3,
1782498033.7399623,200,121.7279490083456,qwen15b-npu4,
1782498033.7403617,200,123.05222684517503,qwen15b-npu7,
1782498033.741095,200,124.20993484556675,qwen15b-npu7,
1782498033.7422247,200,111.80969187989831,qwen15b-npu5,
1782498033.7427216,200,111.6937710903585,qwen15b-npu5,
1782498033.765033,200,122.49432317912579,qwen15b-npu4,
1782498033.7654746,200,107.1245102211833,qwen15b-npu4,
1782498033.7666545,200,120.98801275715232,qwen15b-npu7,
1782498033.7851503,200,142.23494613543153,qwen15b-npu3,
1782498033.7859101,200,142.14152609929442,qwen15b-npu6,
1782498033.7862525,200,141.04724815115333,qwen15b-npu3,
1782498033.7886846,200,112.61979723349214,qwen15b-npu4,
1782498033.7910335,200,113.35558211430907,qwen15b-npu5,
1782498033.795295,200,137.38031405955553,qwen15b-npu7,
1782498033.795532,200,125.28987228870392,qwen15b-npu7,
1782498033.796536,200,130.2038850262761,qwen15b-npu7,
1782498033.8125024,200,141.43142104148865,qwen15b-npu3,
1782498033.8134234,200,120.03290699794888,qwen15b-npu4,
1782498033.8153937,200,138.9447939582169,qwen15b-npu6,
1782498033.8157709,200,145.14170493930578,qwen15b-npu6,
1782498033.8168979,200,118.65438800305128,qwen15b-npu5,
1782498033.8215182,200,128.62201500684023,qwen15b-npu7,
1782498033.8372636,200,111.0033462755382,qwen15b-npu4,
1782498033.8375282,200,106.55640717595816,qwen15b-npu4,
1782498033.8412,200,141.98026433587074,qwen15b-npu3,
1782498033.8415585,200,142.03311502933502,qwen15b-npu3,
1782498033.8431375,200,126.93937309086323,qwen15b-npu5,
1782498033.843459,200,112.7809090539813,qwen15b-npu5,
1782498033.8437157,200,127.12769396603107,qwen15b-npu5,
1782498033.8459203,200,152.2874040529132,qwen15b-npu6,
1782498033.8462946,200,133.35735723376274,qwen15b-npu6,
1782498033.846721,200,133.3374259993434,qwen15b-npu6,
1782498033.8608074,200,118.4762162156403,qwen15b-npu4,
1782498033.8702753,200,129.792972933501,qwen15b-npu3,
1782498033.8706818,200,130.5973781272769,qwen15b-npu3,
1782498033.877144,200,134.30568296462297,qwen15b-npu6,
1782498033.8774734,200,136.3106262870133,qwen15b-npu6,
1782498033.8904417,200,125.28398213908076,qwen15b-npu5,
1782498033.9037294,200,118.46378678455949,qwen15b-npu7,
1782498033.9040382,200,138.44692101702094,qwen15b-npu7,
1782498033.904495,200,137.7785257063806,qwen15b-npu7,
1782498033.909699,200,113.03937993943691,qwen15b-npu4,
1782498033.9099889,200,121.20093498378992,qwen15b-npu4,
1782498033.9175913,200,121.99860997498035,qwen15b-npu5,
1782498033.9179635,200,131.9440072402358,qwen15b-npu5,
1782498033.9265416,200,131.17992179468274,qwen15b-npu3,
1782498033.9270024,200,135.86193323135376,qwen15b-npu3,
1782498033.9298935,200,143.58363579958677,qwen15b-npu6,
1782498033.9330637,200,119.52214362099767,qwen15b-npu4,
1782498033.9527643,200,131.18339190259576,qwen15b-npu3,
1782498033.9579256,200,111.08971666544676,qwen15b-npu4,
1782498033.9582777,200,141.27266872674227,qwen15b-npu7,
1782498033.9593086,200,112.90498916059732,qwen15b-npu4,
1782498033.9600565,200,144.5500710979104,qwen15b-npu7,
1782498033.9605525,200,147.94789487496018,qwen15b-npu6,
1782498033.960941,200,145.06238512694836,qwen15b-npu7,
1782498033.962337,200,120.71902211755514,qwen15b-npu7,
1782498033.9698446,200,126.32181914523244,qwen15b-npu5,
1782498033.970201,200,132.5993719510734,qwen15b-npu5,
1782498033.9811947,200,137.95563811436296,qwen15b-npu3,
1782498033.9814813,200,135.4423901066184,qwen15b-npu3,
1782498033.982279,200,140.98280807957053,qwen15b-npu3,
1782498033.9835365,200,122.62384407222271,qwen15b-npu7,
1782498033.9877977,200,144.00596776977181,qwen15b-npu6,
1782498033.9886308,200,151.30549762398005,qwen15b-npu6,
1782498033.9947484,200,117.16810800135136,qwen15b-npu5,
1782498034.0040998,200,126.86084304004908,qwen15b-npu4,
1782498034.0052478,200,134.47498390451074,qwen15b-npu3,
1782498034.0207944,200,130.27231581509113,qwen15b-npu5,
1782498034.025293,200,154.90677068009973,qwen15b-npu6,
1782498034.029058,200,124.91391925141215,qwen15b-npu4,
1782498034.0293684,200,111.68338032439351,qwen15b-npu4,
1782498034.0481782,200,138.40603129938245,qwen15b-npu5,
1782498034.048578,200,115.42801605537534,qwen15b-npu5,
1782498034.0501263,200,120.15297776088119,qwen15b-npu5,
1782498034.0505867,200,140.52505511790514,qwen15b-npu7,
1782498034.0510633,200,147.24894985556602,qwen15b-npu7,
1782498034.0564547,200,138.39210104197264,qwen15b-npu6,
1782498034.0568476,200,152.25367294624448,qwen15b-npu6,
1782498034.0589445,200,132.27738859131932,qwen15b-npu3,
1782498034.0758865,200,148.77109043300152,qwen15b-npu7,
1782498034.0767648,200,117.34106903895736,qwen15b-npu4,
1782498034.0770063,200,107.07441018894315,qwen15b-npu4,
1782498034.0890136,200,118.70707804337144,qwen15b-npu3,
1782498034.0893672,200,129.2196591384709,qwen15b-npu3,
1782498034.0896862,200,136.84262009337544,qwen15b-npu3,
1782498034.0900085,200,128.95287666469812,qwen15b-npu3,
1782498034.0993183,200,136.85690006241202,qwen15b-npu5,
1782498034.0996604,200,118.38124599307775,qwen15b-npu5,
1782498034.1003246,200,117.95642273500562,qwen15b-npu5,
1782498034.1013653,200,119.80866501107812,qwen15b-npu4,
1782498034.1064694,200,148.09579588472843,qwen15b-npu7,
1782498034.113585,200,155.57115618139505,qwen15b-npu6,
1782498034.1138299,200,153.18328980356455,qwen15b-npu6,
1782498034.1147187,200,131.07604067772627,qwen15b-npu3,
1782498034.123523,200,134.81569616124034,qwen15b-npu5,
1782498034.130972,200,125.66427467390895,qwen15b-npu7,
1782498034.1433537,200,148.5244589857757,qwen15b-npu6,
1782498034.1435995,200,155.7153658941388,qwen15b-npu6,
1782498034.143868,200,139.68914886936545,qwen15b-npu6,
1782498034.1485019,200,127.64881830662489,qwen15b-npu4,
1782498034.1586883,200,129.22413926571608,qwen15b-npu7,
1782498034.1589208,200,129.7745918855071,qwen15b-npu7,
1782498034.1700537,200,144.6691621094942,qwen15b-npu6,
1782498034.1736975,200,122.99034697934985,qwen15b-npu4,
1782498034.1746469,200,125.95560681074858,qwen15b-npu5,
1782498034.1962159,200,139.27290588617325,qwen15b-npu7,
1782498034.206172,200,155.94098810106516,qwen15b-npu3,
1782498034.206447,200,147.41497114300728,qwen15b-npu3,
1782498034.2097702,200,161.4727252162993,qwen15b-npu6,
1782498034.210598,200,159.41740199923515,qwen15b-npu6,
1782498034.2108922,200,154.32526776567101,qwen15b-npu6,
1782498034.2116525,200,121.87704909592867,qwen15b-npu4,
1782498034.2126718,200,136.70687889680266,qwen15b-npu4,
1782498034.21297,200,135.89667389169335,qwen15b-npu5,
1782498034.224311,200,147.4785809405148,qwen15b-npu7,
1782498034.2245471,200,134.44851385429502,qwen15b-npu7,
1782498034.2353077,200,145.84704115986824,qwen15b-npu3,
1782498034.2355585,200,135.83253370597959,qwen15b-npu3,
1782498034.2360556,200,146.93362824618816,qwen15b-npu3,
1782498034.2363958,200,121.57440697774291,qwen15b-npu4,
1782498034.239198,200,139.77232994511724,qwen15b-npu5,
1782498034.2395113,200,125.85608614608645,qwen15b-npu5,
1782498034.2399125,200,126.02220708504319,qwen15b-npu5,
1782498034.2525394,200,152.11615292355418,qwen15b-npu7,
1782498034.2533598,200,151.93023113533854,qwen15b-npu7,
1782498034.2694592,200,162.8939057700336,qwen15b-npu6,
1782498034.2697613,200,138.725102879107,qwen15b-npu6,
1782498034.2700608,200,146.46821469068527,qwen15b-npu6,
1782498034.2787442,200,135.31898986548185,qwen15b-npu7,
1782498034.2861638,200,127.40805698558688,qwen15b-npu5,
1782498034.286458,200,127.47462699189782,qwen15b-npu5,
1782498034.2877314,200,143.79645604640245,qwen15b-npu4,
1782498034.2880583,200,144.38988082110882,qwen15b-npu4,
1782498034.2920206,200,143.4555039741099,qwen15b-npu3,
1782498034.3096547,200,139.54239804297686,qwen15b-npu5,
1782498034.312239,200,137.51820428296924,qwen15b-npu4,
1782498034.3125257,200,138.69605166837573,qwen15b-npu4,
1782498034.324216,200,127.91216000914574,qwen15b-npu6,
1782498034.3348503,200,122.09533108398318,qwen15b-npu5,
1782498034.3351305,200,110.75239442288876,qwen15b-npu5,
1782498034.33796,200,131.4231432043016,qwen15b-npu4,
1782498034.3382776,200,127.59670801460743,qwen15b-npu4,
1782498034.3386736,200,127.7167689986527,qwen15b-npu4,
1782498034.3493612,200,143.12051190063357,qwen15b-npu3,
1782498034.3496153,200,137.88822758942842,qwen15b-npu3,
1782498034.3498468,200,125.23557199165225,qwen15b-npu3,
1782498034.3500865,200,137.05776212736964,qwen15b-npu3,
1782498034.3580852,200,118.78929799422622,qwen15b-npu5,
1782498034.3621504,200,125.68529509007931,qwen15b-npu4,
1782498034.362383,200,122.80232505872846,qwen15b-npu4,
1782498034.363295,200,153.4619713202119,qwen15b-npu6,
1782498034.3696682,200,129.63269092142582,qwen15b-npu7,
1782498034.3780465,200,142.66593009233475,qwen15b-npu3,
1782498034.3783705,200,124.90875972434878,qwen15b-npu3,
1782498034.3939366,200,141.30974002182484,qwen15b-npu6,
1782498034.3942103,200,158.58164615929127,qwen15b-npu6,
1782498034.3945532,200,158.4347956813872,qwen15b-npu6,
1782498034.4122758,200,124.44819696247578,qwen15b-npu4,
1782498034.4125664,200,120.46458013355732,qwen15b-npu4,
1782498034.4194531,200,149.31743405759335,qwen15b-npu6,
1782498034.4261658,200,139.92074085399508,qwen15b-npu7,
1782498034.4267006,200,156.8624647334218,qwen15b-npu7,
1782498034.4270275,200,157.46310912072659,qwen15b-npu7,
1782498034.4273589,200,148.53899832814932,qwen15b-npu7,
1782498034.4276502,200,141.09230833128095,qwen15b-npu7,
1782498034.4329226,200,123.20731906220317,qwen15b-npu5,
1782498034.4335783,200,109.2773349955678,qwen15b-npu5,
1782498034.4338315,200,145.67192969843745,qwen15b-npu3,
1782498034.4472036,200,134.87788708880544,qwen15b-npu6,
1782498034.4496315,200,137.02379073947668,qwen15b-npu7,
1782498034.4557545,200,117.38393874838948,qwen15b-npu5,
1782498034.4561138,200,117.35107889398932,qwen15b-npu5,
1782498034.459083,200,109.40366517752409,qwen15b-npu4,
1782498034.4593837,200,109.95019972324371,qwen15b-npu4,
1782498034.4617927,200,123.74475225806236,qwen15b-npu3,
1782498034.476875,200,141.96109399199486,qwen15b-npu7,
1782498034.4772935,200,127.12638499215245,qwen15b-npu7,
1782498034.4783103,200,128.39627265930176,qwen15b-npu6,
1782498034.4786146,200,143.38836399838328,qwen15b-npu6,
1782498034.4795659,200,116.20859056711197,qwen15b-npu5,
1782498034.4824803,200,104.01925956830382,qwen15b-npu4,
1782498034.4914196,200,128.97130707278848,qwen15b-npu3,
1782498034.4917865,200,133.6136180907488,qwen15b-npu3,
1782498034.5026581,200,140.44434390962124,qwen15b-npu7,
1782498034.5040162,200,125.87512657046318,qwen15b-npu5,
1782498034.5198889,200,125.58274390175939,qwen15b-npu3,
1782498034.5201645,200,150.3878110088408,qwen15b-npu3,
1782498034.5285344,200,109.02062337845564,qwen15b-npu5,
1782498034.5293674,200,134.72694624215364,qwen15b-npu7,
1782498034.5307384,200,118.10976406559348,qwen15b-npu4,
1782498034.534266,200,140.256242826581,qwen15b-npu6,
1782498034.5541961,200,126.44835002720356,qwen15b-npu5,
1782498034.5545418,200,121.53089698404074,qwen15b-npu5,
1782498034.5563395,200,128.92330577597022,qwen15b-npu4,
1782498034.5566118,200,129.44555981084704,qwen15b-npu4,
1782498034.5574913,200,123.84136207401752,qwen15b-npu4,
1782498034.5632758,200,129.38174977898598,qwen15b-npu6,
1782498034.5635283,200,136.73290982842445,qwen15b-npu6,
1782498034.5637927,200,151.42027800902724,qwen15b-npu6,
1782498034.5752015,200,125.50802389159799,qwen15b-npu3,
1782498034.5757747,200,149.53621523454785,qwen15b-npu3,
1782498034.5794733,200,120.28554920107126,qwen15b-npu5,
1782498034.582645,200,120.79253187403083,qwen15b-npu7,
1782498034.582877,200,127.03232420608401,qwen15b-npu7,
1782498034.5830743,200,123.6232309602201,qwen15b-npu7,
1782498034.5924942,200,136.29259588196874,qwen15b-npu6,
1782498034.5930686,200,145.7755700685084,qwen15b-npu6,
1782498034.6040773,200,125.36458298563957,qwen15b-npu3,
1782498034.6044064,200,124.77762904018164,qwen15b-npu5,
1782498034.604693,200,126.3032490387559,qwen15b-npu5,
1782498034.6049552,200,127.99076968804002,qwen15b-npu3,
1782498034.6062183,200,123.65955207496881,qwen15b-npu4,
1782498034.6066315,200,129.24962770193815,qwen15b-npu4,
1782498034.608477,200,116.97304667904973,qwen15b-npu7,
1782498034.6211312,200,129.27462859079242,qwen15b-npu6,
1782498034.627507,200,107.54797281697392,qwen15b-npu4,
1782498034.6305332,200,127.79197888448834,qwen15b-npu3,
1782498034.635023,200,130.92870032414794,qwen15b-npu7,
1782498034.6510756,200,116.74644472077489,qwen15b-npu5,
1782498034.6584735,200,138.2454289123416,qwen15b-npu3,
1782498034.6622658,200,131.44157407805324,qwen15b-npu7,
1782498034.6626046,200,133.9982906356454,qwen15b-npu7,
1782498034.6754885,200,119.06721023842692,qwen15b-npu4,
1782498034.6758187,200,111.96593288332224,qwen15b-npu4,
1782498034.6768045,200,113.45720337703824,qwen15b-npu5,
1782498034.677077,200,122.439653147012,qwen15b-npu5,
1782498034.6780157,200,121.34225526824594,qwen15b-npu5,
1782498034.678348,200,148.9063212648034,qwen15b-npu6,
1782498034.6858563,200,131.56834384426475,qwen15b-npu3,
1782498034.698418,200,115.48083694651723,qwen15b-npu4,
1782498034.6992564,200,123.42404015362263,qwen15b-npu5,
1782498034.7077148,200,150.14355909079313,qwen15b-npu6,
1782498034.7080007,200,144.4047810509801,qwen15b-npu6,
1782498034.7083054,200,133.04066425189376,qwen15b-npu6,
1782498034.7160923,200,133.3832461386919,qwen15b-npu7,
1782498034.7163742,200,123.24068788439035,qwen15b-npu7,
1782498034.7166715,200,124.11504425108433,qwen15b-npu7,
1782498034.7172477,200,134.10982117056847,qwen15b-npu3,
1782498034.717916,200,138.38617084547877,qwen15b-npu3,
1782498034.7241082,200,119.93884621188045,qwen15b-npu4,
1782498034.7244728,200,115.91640999540687,qwen15b-npu4,
1782498034.735277,200,128.56141384691,qwen15b-npu6,
1782498034.7360458,200,131.54590502381325,qwen15b-npu6,
1782498034.740899,200,134.58226528018713,qwen15b-npu7,
1782498034.7412286,200,120.03115704283118,qwen15b-npu7,
1782498034.744316,200,139.30151611566544,qwen15b-npu3,
1782498034.7446473,200,139.8939797654748,qwen15b-npu3,
1782498034.7480812,200,112.88767913356423,qwen15b-npu4,
1782498034.748633,200,121.01086275652051,qwen15b-npu5,
1782498034.7717297,200,141.13596780225635,qwen15b-npu3,
1782498034.7729342,200,114.36791904270649,qwen15b-npu4,
1782498034.7735472,200,122.37899284809828,qwen15b-npu4,
1782498034.7917953,200,129.12966823205352,qwen15b-npu6,
1782498034.7921326,200,129.75215259939432,qwen15b-npu6,
1782498034.794423,200,118.85828943923116,qwen15b-npu7,
1782498034.798351,200,122.45483323931694,qwen15b-npu5,
1782498034.8185182,200,132.59219098836184,qwen15b-npu6,
1782498034.8198485,200,111.74508091062307,qwen15b-npu4,
1782498034.8204477,200,112.07871418446302,qwen15b-npu4,
1782498034.8231444,200,123.83229192346334,qwen15b-npu5,
1782498034.823578,200,125.10035093873739,qwen15b-npu5,
1782498034.8250089,200,148.1369356624782,qwen15b-npu7,
1782498034.825322,200,148.16677616909146,qwen15b-npu7,
1782498034.8258505,200,147.44090056046844,qwen15b-npu7,
1782498034.8267372,200,148.64875888451934,qwen15b-npu3,
1782498034.8438046,200,127.63825803995132,qwen15b-npu4,
1782498034.84543,200,128.96864721551538,qwen15b-npu5,
1782498034.8457124,200,109.58871711045504,qwen15b-npu5,
1782498034.8496068,200,125.40390295907855,qwen15b-npu6,
1782498034.8499131,200,132.59492116048932,qwen15b-npu6,
1782498034.8502529,200,132.2711887769401,qwen15b-npu6,
1782498034.8571286,200,132.56681198254228,qwen15b-npu3,
1782498034.857423,200,140.6791559420526,qwen15b-npu3,
1782498034.8577442,200,149.95471807196736,qwen15b-npu3,
1782498034.867977,200,126.6796519048512,qwen15b-npu4,
1782498034.8687046,200,127.72092781960964,qwen15b-npu5,
1782498034.8840067,200,135.79055294394493,qwen15b-npu7,
1782498034.8865259,200,137.77399621903896,qwen15b-npu7,
1782498034.886924,200,142.52221817150712,qwen15b-npu7,
1782498034.8875213,200,152.1604028530419,qwen15b-npu3,
1782498034.8886437,200,143.9333981834352,qwen15b-npu3,
1782498034.8948827,200,121.1941041983664,qwen15b-npu5,
1782498034.8954291,200,123.6363910138607,qwen15b-npu5,
1782498034.9021578,200,129.16223797947168,qwen15b-npu7,
1782498034.9158635,200,117.45062004774809,qwen15b-npu4,
1782498034.9164038,200,121.9012588262558,qwen15b-npu4,
1782498034.934914,200,143.0290718562901,qwen15b-npu6,
1782498034.9356792,200,143.44883477315307,qwen15b-npu3,
1782498034.9410903,200,117.39474907517433,qwen15b-npu4,
1782498034.9413638,200,115.42466608807445,qwen15b-npu4,
1782498034.941991,200,121.47975713014603,qwen15b-npu5,
1782498034.9422374,200,119.00679999962449,qwen15b-npu4,
1782498034.953712,200,135.1145477965474,qwen15b-npu7,
1782498034.9628773,200,136.08336495235562,qwen15b-npu3,
1782498034.9657738,200,140.34343278035522,qwen15b-npu6,
1782498034.9661355,200,141.04504883289337,qwen15b-npu6,
1782498034.9663754,200,146.45385509356856,qwen15b-npu6,
1782498034.9669018,200,109.6915677189827,qwen15b-npu5,
1782498034.9675157,200,117.81875183805823,qwen15b-npu5,
1782498034.9824243,200,136.6499592550099,qwen15b-npu7,
1782498034.982744,200,125.23337174206972,qwen15b-npu7,
1782498034.9830477,200,139.17463505640626,qwen15b-npu7,
1782498034.991751,200,141.76428318023682,qwen15b-npu3,
1782498034.992059,200,141.74161292612553,qwen15b-npu3,
1782498034.9929888,200,147.49429188668728,qwen15b-npu6,
1782498034.993227,200,135.4098911397159,qwen15b-npu6,
1782498035.008085,200,121.44416710361838,qwen15b-npu7,
1782498035.0126133,200,117.11698677390814,qwen15b-npu4,
1782498035.0129235,200,125.88880583643913,qwen15b-npu4,
1782498035.0139859,200,126.38761987909675,qwen15b-npu5,
1782498035.0198905,200,151.09959617257118,qwen15b-npu3,
1782498035.0201697,200,125.19988184794784,qwen15b-npu6,
1782498035.0203915,200,131.6576348617673,qwen15b-npu3,
1782498035.0206268,200,152.57279621437192,qwen15b-npu3,
1782498035.021158,200,137.07550102844834,qwen15b-npu6,
1782498035.0358925,200,119.9659169651568,qwen15b-npu4,
1782498035.0452018,200,142.98371085897088,qwen15b-npu3,
1782498035.0472267,200,130.76028879731894,qwen15b-npu6,
1782498035.0598667,200,117.79603222385049,qwen15b-npu4,
1782498035.0633047,200,122.14256124570966,qwen15b-npu5,
1782498035.0635414,200,109.76480832323432,qwen15b-npu5,
1782498035.0641904,200,128.44422366470098,qwen15b-npu7,
1782498035.0727935,200,137.81827688217163,qwen15b-npu3,
1782498035.0730658,200,130.76881924644113,qwen15b-npu3,
1782498035.0843668,200,117.93338228017092,qwen15b-npu4,
1782498035.084857,200,121.91683007404208,qwen15b-npu4,
1782498035.0869489,200,119.99096721410751,qwen15b-npu5,
1782498035.0876808,200,146.22281305491924,qwen15b-npu6,
1782498035.099059,200,133.20768531411886,qwen15b-npu3,
1782498035.1026685,200,136.46261719986796,qwen15b-npu7,
1782498035.1031692,200,135.58393204584718,qwen15b-npu7,
1782498035.1084244,200,116.58553406596184,qwen15b-npu4,
1782498035.1121964,200,129.37469966709614,qwen15b-npu5,
1782498035.112459,200,119.40353224053979,qwen15b-npu5,
1782498035.1279895,200,145.46935772523284,qwen15b-npu3,
1782498035.1315873,200,138.28457985073328,qwen15b-npu7,
1782498035.1319406,200,139.80259001255035,qwen15b-npu7,
1782498035.1327698,200,120.0673570856452,qwen15b-npu4,
1782498035.137468,200,116.23896099627018,qwen15b-npu5,
1782498035.1381025,200,129.9348040483892,qwen15b-npu5,
1782498035.138398,200,125.38402294740081,qwen15b-npu5,
1782498035.144335,200,161.18288412690163,qwen15b-npu6,
1782498035.155547,200,135.30666986480355,qwen15b-npu3,
1782498035.15675,200,111.49104032665491,qwen15b-npu4,
1782498035.1582217,200,144.15925927460194,qwen15b-npu7,
1782498035.1602101,200,124.25108533352613,qwen15b-npu5,
1782498035.174505,200,154.545608907938,qwen15b-npu6,
1782498035.1747813,200,154.09311559051275,qwen15b-npu6,
1782498035.17504,200,154.58729909732938,qwen15b-npu6,
1782498035.1808197,200,120.8910932764411,qwen15b-npu4,
1782498035.184435,200,111.57812038436532,qwen15b-npu5,
1782498035.1868012,200,139.50726808980107,qwen15b-npu7,
1782498035.200753,200,137.38054409623146,qwen15b-npu6,
1782498035.2096553,200,146.04191202670336,qwen15b-npu3,
1782498035.209939,200,145.688540302217,qwen15b-npu3,
1782498035.2102466,200,125.32675312831998,qwen15b-npu3,
1782498035.2156107,200,131.18361169472337,qwen15b-npu7,
1782498035.2158642,200,142.73268915712833,qwen15b-npu7,
1782498035.2162604,200,129.24780929461122,qwen15b-npu7,
1782498035.2307215,200,131.58891396597028,qwen15b-npu6,
1782498035.2310264,200,128.29672219231725,qwen15b-npu4,
1782498035.2313662,200,143.61850591376424,qwen15b-npu6,
1782498035.2316542,200,119.37902309000492,qwen15b-npu4,
1782498035.2332036,200,120.68131100386381,qwen15b-npu5,
1782498035.2347367,200,131.50408398360014,qwen15b-npu3,
1782498035.2608793,200,152.35018404200673,qwen15b-npu6,
1782498035.2681715,200,130.57821802794933,qwen15b-npu4,
1782498035.2719116,200,143.82776711136103,qwen15b-npu5,
1782498035.2721894,200,127.74506863206625,qwen15b-npu5,
1782498035.2786937,200,145.85224073380232,qwen15b-npu7,
1782498035.2790008,200,146.98232803493738,qwen15b-npu7,
1782498035.280786,200,149.11308279260993,qwen15b-npu3,
1782498035.2810667,200,142.60606886819005,qwen15b-npu3,
1782498035.2895892,200,151.39978798106313,qwen15b-npu6,
1782498035.289866,200,134.20826196670532,qwen15b-npu6,
1782498035.2923105,200,134.0300408191979,qwen15b-npu4,
1782498035.297077,200,136.78517984226346,qwen15b-npu5,
1782498035.2973444,200,140.53267519921064,qwen15b-npu5,
1782498035.3039062,200,129.32429928332567,qwen15b-npu7,
1782498035.3161776,200,141.04350795969367,qwen15b-npu6,
1782498035.3180902,200,131.2294532544911,qwen15b-npu4,
1782498035.3183284,200,137.4402241781354,qwen15b-npu4,
1782498035.3308232,200,146.3071028701961,qwen15b-npu7,
1782498035.3339896,200,159.1262798756361,qwen15b-npu3,
1782498035.342529,200,132.52754090353847,qwen15b-npu4,
1782498035.3437445,200,134.00772120803595,qwen15b-npu6,
1782498035.3450882,200,129.15774807333946,qwen15b-npu5,
1782498035.3594477,200,149.13333300501108,qwen15b-npu7,
1782498035.3596995,200,143.35938403382897,qwen15b-npu7,
1782498035.3599713,200,129.16350830346346,qwen15b-npu7,
1782498035.3619123,200,161.09565272927284,qwen15b-npu3,
1782498035.3621426,200,146.45983511582017,qwen15b-npu3,
1782498035.3684013,200,133.58436804264784,qwen15b-npu4,
1782498035.3686404,200,137.19366304576397,qwen15b-npu4,
1782498035.3706467,200,137.3350629583001,qwen15b-npu5,
1782498035.3709216,200,139.17658617720008,qwen15b-npu5,
1782498035.3730612,200,141.9214140623808,qwen15b-npu6,
1782498035.3888972,200,127.8250003233552,qwen15b-npu3,
1782498035.3956363,200,116.85743601992726,qwen15b-npu5,
1782498035.4166982,200,119.27020223811269,qwen15b-npu4,
1782498035.417039,200,124.66481793671846,qwen15b-npu4,
1782498035.418276,200,139.20869585126638,qwen15b-npu3,
1782498035.4186375,200,121.49451719596982,qwen15b-npu3,
1782498035.4193037,200,138.1695489399135,qwen15b-npu3,
1782498035.424071,200,155.7898768223822,qwen15b-npu7,
1782498035.424433,200,152.18474296852946,qwen15b-npu7,
1782498035.42483,200,152.83491741865873,qwen15b-npu7,
1782498035.4385455,200,148.60797906294465,qwen15b-npu6,
1782498035.438806,200,157.94669231399894,qwen15b-npu6,
1782498035.4391215,200,149.4624949991703,qwen15b-npu6,
1782498035.4401524,200,121.99372006580234,qwen15b-npu4,
1782498035.4437327,200,112.8461491316557,qwen15b-npu5,
1782498035.4444044,200,128.16012185066938,qwen15b-npu5,
1782498035.4458165,200,141.8471042998135,qwen15b-npu3,
1782498035.4461813,200,127.78576882556081,qwen15b-npu3,
1782498035.46579,200,131.73807598650455,qwen15b-npu6,
1782498035.4694822,200,107.2788923047483,qwen15b-npu5,
1782498035.47009,200,124.94031991809607,qwen15b-npu5,
1782498035.473983,200,130.17197512090206,qwen15b-npu7,
1782498035.4910302,200,129.04758704826236,qwen15b-npu4,
1782498035.4913778,200,120.38929015398026,qwen15b-npu4,
1782498035.4967227,200,154.12903623655438,qwen15b-npu6,
1782498035.4970765,200,137.55591493099928,qwen15b-npu6,
1782498035.5017073,200,141.9393438845873,qwen15b-npu3,
1782498035.5020294,200,131.31485227495432,qwen15b-npu7,
1782498035.502694,200,142.64951925724745,qwen15b-npu7,
1782498035.5034063,200,134.9376579746604,qwen15b-npu3,
1782498035.5154827,200,119.73418528214097,qwen15b-npu4,
1782498035.5158396,200,126.87022285535932,qwen15b-npu4,
1782498035.5285115,200,159.8096340894699,qwen15b-npu6,
1782498035.52887,200,155.74396727606654,qwen15b-npu6,
1782498035.5566068,200,139.8232700303197,qwen15b-npu3,
1782498035.5569503,200,132.45464116334915,qwen15b-npu3,
1782498035.5651448,200,126.27302901819348,qwen15b-npu4,
1782498035.5655713,200,146.8701078556478,qwen15b-npu6,
1782498035.5664113,200,148.05344492197037,qwen15b-npu6,
1782498035.5723264,200,127.83490866422653,qwen15b-npu5,
1782498035.5727022,200,134.0829120017588,qwen15b-npu5,
1782498035.5737605,200,129.96703386306763,qwen15b-npu5,
1782498035.5741029,200,156.96231508627534,qwen15b-npu7,
1782498035.5747588,200,149.83252715319395,qwen15b-npu7,
1782498035.5754755,200,136.2868258729577,qwen15b-npu7,
1782498035.575854,200,151.67168015614152,qwen15b-npu7,
1782498035.5767086,200,157.3138078674674,qwen15b-npu7,
1782498035.5839386,200,137.6801459118724,qwen15b-npu3,
1782498035.5846865,200,138.7902032583952,qwen15b-npu3,
1782498035.5898964,200,115.84749864414334,qwen15b-npu4,
1782498035.5944705,200,154.25703674554825,qwen15b-npu6,
1782498035.5949502,200,129.09963773563504,qwen15b-npu5,
1782498035.612264,200,142.7231701090932,qwen15b-npu3,
1782498035.6170034,200,114.21833699569106,qwen15b-npu4,
1782498035.6172643,200,125.7808250375092,qwen15b-npu4,
1782498035.6178253,200,116.01742031052709,qwen15b-npu4,
1782498035.6211338,200,124.3086657486856,qwen15b-npu5,
1782498035.624424,200,154.26309686154127,qwen15b-npu6,
1782498035.6387017,200,136.6025279276073,qwen15b-npu3,
1782498035.6390657,200,123.06293798610568,qwen15b-npu3,
1782498035.6557457,200,152.25368412211537,qwen15b-npu6,
1782498035.6561093,200,164.9622987024486,qwen15b-npu6,
1782498035.6564476,200,140.88907837867737,qwen15b-npu7,
1782498035.656797,200,127.83653987571597,qwen15b-npu7,
1782498035.6574774,200,160.2992475964129,qwen15b-npu7,
1782498035.6720636,200,115.36700604483485,qwen15b-npu5,
1782498035.672739,200,115.6943179666996,qwen15b-npu5,
1782498035.6871834,200,158.5761159658432,qwen15b-npu6,
1782498035.6940665,200,121.62957806140184,qwen15b-npu4,
1782498035.694359,200,118.42394666746259,qwen15b-npu4,
1782498035.6950073,200,129.32356027886271,qwen15b-npu4,
1782498035.7018378,200,127.0060739479959,qwen15b-npu5,
1782498035.7020986,200,128.2454328611493,qwen15b-npu5,
1782498035.702667,200,117.89987189695239,qwen15b-npu5,
1782498035.702943,200,137.67360523343086,qwen15b-npu5,
1782498035.7119787,200,136.4204972051084,qwen15b-npu7,
1782498035.7122352,200,135.4405707679689,qwen15b-npu7,
1782498035.7170312,200,142.852240242064,qwen15b-npu6,
1782498035.7179306,200,151.41534805297852,qwen15b-npu6,
1782498035.7224958,200,132.5288307853043,qwen15b-npu3,
1782498035.722779,200,138.75997299328446,qwen15b-npu3,
1782498035.7233615,200,150.53934324532747,qwen15b-npu3,
1782498035.7235959,200,128.52583406493068,qwen15b-npu3,
1782498035.7443938,200,132.04722804948688,qwen15b-npu4,
1782498035.7450657,200,120.56710012257099,qwen15b-npu4,
1782498035.749627,200,155.06566176190972,qwen15b-npu6,
1782498035.7519987,200,134.66194504871964,qwen15b-npu5,
1782498035.7523682,200,135.2886101230979,qwen15b-npu5,
1782498035.7651231,200,125.97222672775388,qwen15b-npu7,
1782498035.7654705,200,144.2777900956571,qwen15b-npu7,
1782498035.7685864,200,111.04235704988241,qwen15b-npu4,
1782498035.7744544,200,156.5625830553472,qwen15b-npu6,
1782498035.7754488,200,136.64936879649758,qwen15b-npu5,
1782498035.7906475,200,134.43512376397848,qwen15b-npu7,
1782498035.7983155,200,126.18595780804753,qwen15b-npu4,
1782498035.798636,200,125.81567605957389,qwen15b-npu4,
1782498035.801786,200,145.9312210790813,qwen15b-npu6,
1782498035.816373,200,159.48290191590786,qwen15b-npu3,
1782498035.8168592,200,160.31593782827258,qwen15b-npu3,
1782498035.8178701,200,115.70529825985432,qwen15b-npu7,
1782498035.8265219,200,124.60857769474387,qwen15b-npu4,
1782498035.8278165,200,132.73914298042655,qwen15b-npu5,
1782498035.8281453,200,133.9989509433508,qwen15b-npu5,
1782498035.8296428,200,126.90967321395874,qwen15b-npu6,
1782498035.8307142,200,136.25466637313366,qwen15b-npu6,
1782498035.831472,200,144.21042939648032,qwen15b-npu6,
1782498035.8432271,200,140.20960172638297,qwen15b-npu3,
1782498035.844909,200,121.47468701004982,qwen15b-npu7,
1782498035.845231,200,132.9234540462494,qwen15b-npu7,
1782498035.8455935,200,133.54858802631497,qwen15b-npu7,
1782498035.852125,200,135.0287077948451,qwen15b-npu4,
1782498035.8524642,200,134.42831300199032,qwen15b-npu5,
1782498035.8584087,200,135.82823285833,qwen15b-npu6,
1782498035.8689947,200,119.26349205896258,qwen15b-npu7,
1782498035.8740675,200,150.3831809386611,qwen15b-npu3,
1782498035.8743393,200,151.49772865697742,qwen15b-npu3,
1782498035.8746936,200,130.18173491582274,qwen15b-npu3,
1782498035.884212,200,131.7261061631143,qwen15b-npu4,
1782498035.8871346,200,141.85268385335803,qwen15b-npu5,
1782498035.8878143,200,122.26954195648432,qwen15b-npu5,
1782498035.8881059,200,136.0176238231361,qwen15b-npu6,
1782498035.8945231,200,125.86586596444249,qwen15b-npu7,
1782498035.8983967,200,133.18580528721213,qwen15b-npu3,
1782498035.9027498,200,128.22134187445045,qwen15b-npu4,
1782498035.9030585,200,127.54144798964262,qwen15b-npu4,
1782498035.9201806,200,118.2866059243679,qwen15b-npu7,
1782498035.9252493,200,134.52881528064609,qwen15b-npu3,
1782498035.9260619,200,127.66300793737173,qwen15b-npu4,
1782498035.9284275,200,129.67477180063725,qwen15b-npu5,
1782498035.9467807,200,120.17941800877452,qwen15b-npu7,
1782498035.947975,200,117.14459815993905,qwen15b-npu7,
1782498035.9486718,200,131.68988516554236,qwen15b-npu7,
1782498035.9515018,200,133.5407868027687,qwen15b-npu4,
1782498035.951807,200,123.55931010097265,qwen15b-npu4,
1782498035.9529488,200,136.44410716369748,qwen15b-npu3,
1782498035.9541593,200,110.83437502384186,qwen15b-npu5,
1782498035.954902,200,127.01429380103946,qwen15b-npu5,
1782498035.965423,200,135.70434227585793,qwen15b-npu6,
1782498035.9661343,200,134.55782504752278,qwen15b-npu6,
1782498035.9799926,200,121.4978271164,qwen15b-npu5,
1782498035.9803593,200,127.82258912920952,qwen15b-npu5,
1782498035.9874117,200,141.74355287104845,qwen15b-npu3,
1782498035.9877503,200,142.74626038968563,qwen15b-npu3,
1782498035.9941921,200,141.98595378547907,qwen15b-npu6,
1782498035.994563,200,149.23606300726533,qwen15b-npu6,
1782498035.9989505,200,124.51958702877164,qwen15b-npu4,
1782498036.0035927,200,129.45202086120844,qwen15b-npu5,
1782498036.0042872,200,116.38998193666339,qwen15b-npu5,
1782498036.0124695,200,143.38356396183372,qwen15b-npu3,
1782498036.0213723,200,146.5542451478541,qwen15b-npu6,
1782498036.0216177,200,137.28548306971788,qwen15b-npu6,
1782498036.0222015,200,133.9993611909449,qwen15b-npu6,
1782498036.0235653,200,128.9558270946145,qwen15b-npu7,
1782498036.0241559,200,125.68588508293033,qwen15b-npu4,
1782498036.0244908,200,137.27316306903958,qwen15b-npu7,
1782498036.0404193,200,137.28329306468368,qwen15b-npu3,
1782498036.047492,200,144.66897305101156,qwen15b-npu6,
1782498036.0480182,200,127.72528827190399,qwen15b-npu7,
1782498036.0488944,200,123.57878126204014,qwen15b-npu4,
1782498036.049691,200,121.17594433948398,qwen15b-npu4,
1782498036.0500228,200,123.89933317899704,qwen15b-npu4,
1782498036.0718596,200,105.64376087859273,qwen15b-npu4,
1782498036.0751138,200,120.88692234829068,qwen15b-npu6,
1782498036.0756454,200,124.05763380229473,qwen15b-npu7,
1782498036.0793335,200,130.54336793720722,qwen15b-npu5,
1782498036.079813,200,131.71187601983547,qwen15b-npu5,
1782498036.080039,200,125.05517108365893,qwen15b-npu5,
1782498036.096526,200,143.47060397267342,qwen15b-npu3,
1782498036.0968206,200,144.9225740507245,qwen15b-npu3,
1782498036.0970645,200,150.20254999399185,qwen15b-npu3,
1782498036.097292,200,109.40674599260092,qwen15b-npu4,
1782498036.1012537,200,120.78741192817688,qwen15b-npu7,
1782498036.1035573,200,138.07322923094034,qwen15b-npu6,
1782498036.1039329,200,109.63147738948464,qwen15b-npu5,
1782498036.1197164,200,107.13241994380951,qwen15b-npu4,
1782498036.1222181,200,142.14183622971177,qwen15b-npu3,
1782498036.1266859,200,132.0567480288446,qwen15b-npu7,
1782498036.1286352,200,124.97796956449747,qwen15b-npu5,
1782498036.1309357,200,126.57346064224839,qwen15b-npu6,
1782498036.1317892,200,132.73834204301238,qwen15b-npu6,
1782498036.132386,200,144.90000391379,qwen15b-npu6,
1782498036.1478715,200,124.24308620393276,qwen15b-npu4,
1782498036.1481504,200,123.89321299269795,qwen15b-npu4,
1782498036.1502082,200,128.76563472673297,qwen15b-npu3,
1782498036.152903,200,131.2003922648728,qwen15b-npu7,
1782498036.1544366,200,132.17143900692463,qwen15b-npu5,
1782498036.1593132,200,134.75278625264764,qwen15b-npu6,
1782498036.1715837,200,121.8102490529418,qwen15b-npu4,
1782498036.1794107,200,130.444907117635,qwen15b-npu3,
1782498036.1796653,200,132.10859801620245,qwen15b-npu7,
1782498036.1799905,200,139.48253775015473,qwen15b-npu3,
1782498036.1811774,200,131.0921609401703,qwen15b-npu5,
1782498036.183923,200,135.84096310660243,qwen15b-npu6,
1782498036.205642,200,130.4627670906484,qwen15b-npu7,
1782498036.2062147,200,134.26355319097638,qwen15b-npu7,
1782498036.2067273,200,126.85599271208048,qwen15b-npu3,
1782498036.207339,200,131.63288543000817,qwen15b-npu3,
1782498036.2077048,200,128.28586297109723,qwen15b-npu5,
1782498036.211658,200,131.5561137162149,qwen15b-npu6,
1782498036.220103,200,118.77316795289516,qwen15b-npu4,
1782498036.2323253,200,135.71036187931895,qwen15b-npu7,
1782498036.2326696,200,128.6164247430861,qwen15b-npu7,
1782498036.2333596,200,113.55707328766584,qwen15b-npu5,
1782498036.2348526,200,131.2036020681262,qwen15b-npu5,
1782498036.23523,200,138.34303012117743,qwen15b-npu3,
1782498036.2356977,200,138.56882229447365,qwen15b-npu3,
1782498036.2368362,200,139.47863783687353,qwen15b-npu6,
1782498036.2451913,200,118.4445763938129,qwen15b-npu4,
1782498036.2454674,200,116.7737147770822,qwen15b-npu4,
1782498036.2580414,200,135.73033176362514,qwen15b-npu7,
1782498036.259487,200,127.59576784446836,qwen15b-npu5,
1782498036.2616236,200,129.1460278443992,qwen15b-npu3,
1782498036.2634654,200,132.468830794096,qwen15b-npu6,
1782498036.269526,200,119.20335097238421,qwen15b-npu4,
1782498036.285592,200,137.65018619596958,qwen15b-npu5,
1782498036.2859156,200,126.5362910926342,qwen15b-npu5,
1782498036.2921073,200,120.44829875230789,qwen15b-npu6,
1782498036.2927475,200,138.24426010251045,qwen15b-npu6,
1782498036.2935245,200,145.28957707807422,qwen15b-npu6,
1782498036.2938972,200,112.64956695958972,qwen15b-npu4,
1782498036.29503,200,142.05353474244475,qwen15b-npu3,
1782498036.3114333,200,131.68800482526422,qwen15b-npu5,
1782498036.312212,200,132.7240220271051,qwen15b-npu7,
1782498036.3164144,200,132.42389122024179,qwen15b-npu3,
1782498036.3182812,200,111.98803270235658,qwen15b-npu4,
1782498036.3189325,200,138.86705413460732,qwen15b-npu6,
1782498036.337128,200,130.32695604488254,qwen15b-npu5,
1782498036.3384671,200,118.2705252431333,qwen15b-npu7,
1782498036.338737,200,126.98385398834944,qwen15b-npu7,
1782498036.3441358,200,136.72599894925952,qwen15b-npu3,
1782498036.3444457,200,138.72556202113628,qwen15b-npu3,
1782498036.3451076,200,137.3265441507101,qwen15b-npu6,
1782498036.3652568,200,119.99604711309075,qwen15b-npu5,
1782498036.365582,200,132.82717298716307,qwen15b-npu7,
1782498036.3660228,200,132.6015810482204,qwen15b-npu5,
1782498036.3663394,200,120.8075419999659,qwen15b-npu5,
1782498036.367076,200,134.65557480230927,qwen15b-npu7,
1782498036.3680148,200,132.19980895519257,qwen15b-npu4,
1782498036.3683143,200,133.0149550922215,qwen15b-npu4,
1782498036.3715343,200,136.60039799287915,qwen15b-npu3,
1782498036.3721972,200,135.28103986755013,qwen15b-npu6,
1782498036.390737,200,129.0328069590032,qwen15b-npu7,
1782498036.391139,200,121.51492713019252,qwen15b-npu7,
1782498036.39874,200,140.6378848478198,qwen15b-npu3,
1782498036.3990655,200,135.5415009893477,qwen15b-npu6,
1782498036.4001267,200,140.5414748005569,qwen15b-npu6,
1782498036.413989,200,119.99221704900265,qwen15b-npu4,
1782498036.4144258,200,121.56457779929042,qwen15b-npu5,
1782498036.416521,200,130.5374181829393,qwen15b-npu7,
1782498036.4168313,200,123.19858837872744,qwen15b-npu7,
1782498036.426329,200,131.21584197506309,qwen15b-npu6,
1782498036.4270797,200,134.89470724016428,qwen15b-npu3,
1782498036.427392,200,141.70545293018222,qwen15b-npu3,
1782498036.4378917,200,126.37416925281286,qwen15b-npu4,
1782498036.4402359,200,121.21921498328447,qwen15b-npu5,
1782498036.4415712,200,125.08485093712807,qwen15b-npu7,
1782498036.4549046,200,136.5555077791214,qwen15b-npu3,
1782498036.4551842,200,142.87847094237804,qwen15b-npu3,
1782498036.4644449,200,127.18204502016306,qwen15b-npu4,
1782498036.46473,200,120.51853025332093,qwen15b-npu4,
1782498036.4653513,200,120.82936195656657,qwen15b-npu4,
1782498036.4675336,200,128.72568564489484,qwen15b-npu5,
1782498036.4680033,200,129.4405204243958,qwen15b-npu5,
1782498036.4805927,200,135.4089006781578,qwen15b-npu6,
1782498036.4875915,200,121.18924502283335,qwen15b-npu4,
1782498036.4881442,200,122.42668308317661,qwen15b-npu4,
1782498036.491518,200,124.36385592445731,qwen15b-npu5,
1782498036.49433,200,122.69068509340286,qwen15b-npu7,
1782498036.4950876,200,126.7045522108674,qwen15b-npu7,
1782498036.4954352,200,129.335458856076,qwen15b-npu7,
1782498036.5078804,200,135.61464194208384,qwen15b-npu6,
1782498036.50814,200,142.8011399693787,qwen15b-npu3,
1782498036.5084338,200,140.34062391147017,qwen15b-npu6,
1782498036.517881,200,117.6755609922111,qwen15b-npu5,
1782498036.5181956,200,119.36736200004816,qwen15b-npu5,
1782498036.5347774,200,107.2640810161829,qwen15b-npu4,
1782498036.5356016,200,119.00488007813692,qwen15b-npu6,
1782498036.53653,200,145.68806998431683,qwen15b-npu6,
1782498036.5368114,200,145.5485988408327,qwen15b-npu3,
1782498036.5371287,200,123.03431797772646,qwen15b-npu3,
1782498036.5377638,200,138.56835197657347,qwen15b-npu3,
1782498036.5428483,200,125.94469683244824,qwen15b-npu5,
1782498036.5433056,200,128.80634609609842,qwen15b-npu5,
1782498036.56183,200,134.65933594852686,qwen15b-npu6,
1782498036.5622432,200,135.8053833246231,qwen15b-npu6,
1782498036.5630047,200,121.367366053164,qwen15b-npu3,
1782498036.572362,200,132.05104786902666,qwen15b-npu7,
1782498036.5727367,200,134.72975604236126,qwen15b-npu7,
1782498036.5877776,200,132.78255285695195,qwen15b-npu4,
1782498036.588211,200,120.10532710701227,qwen15b-npu4,
1782498036.588593,200,123.79513308405876,qwen15b-npu4,
1782498036.5891237,200,133.87636002153158,qwen15b-npu4,
1782498036.5933807,200,112.68761800602078,qwen15b-npu5,
1782498036.5994363,200,131.76439609378576,qwen15b-npu7,
1782498036.5997674,200,134.3450928106904,qwen15b-npu7,
1782498036.6005137,200,135.9871537424624,qwen15b-npu7,
1782498036.6088743,200,117.28963907808065,qwen15b-npu4,
1782498036.6186068,200,130.94229996204376,qwen15b-npu5,
1782498036.6189623,200,124.56416804343462,qwen15b-npu5,
1782498036.6217866,200,126.28223933279514,qwen15b-npu3,
1782498036.622228,200,134.01363091543317,qwen15b-npu3,
1782498036.6246421,200,129.47295000776649,qwen15b-npu7,
1782498036.624997,200,116.78631510585546,qwen15b-npu7,
1782498036.632843,200,114.88654185086489,qwen15b-npu4,
1782498036.6438906,200,125.63061388209462,qwen15b-npu6,
1782498036.6442142,200,135.70848340168595,qwen15b-npu6,
1782498036.6485472,200,140.5906048603356,qwen15b-npu3,
1782498036.6496606,200,112.77589807286859,qwen15b-npu7,
1782498036.657932,200,120.73225202038884,qwen15b-npu4,
1782498036.6582448,200,122.57340410724282,qwen15b-npu4,
1782498036.6665936,200,128.761176019907,qwen15b-npu5,
1782498036.6715753,200,136.7191500030458,qwen15b-npu6,
1782498036.6754408,200,132.52386078238487,qwen15b-npu7,
1782498036.6775196,200,134.13569191470742,qwen15b-npu3,
1782498036.6779053,200,141.2952896207571,qwen15b-npu3,
1782498036.6923394,200,129.26407903432846,qwen15b-npu5,
1782498036.692797,200,120.3569290228188,qwen15b-npu5,
1782498036.69993,200,138.01759807392955,qwen15b-npu6,
1782498036.7015464,200,112.8305890597403,qwen15b-npu7,
1782498036.7048388,200,132.02552683651447,qwen15b-npu3,
1782498036.7051058,200,142.78982020914555,qwen15b-npu3,
1782498036.706376,200,105.74637074023485,qwen15b-npu4,
1782498036.706709,200,118.37801616638899,qwen15b-npu4,
1782498036.7160544,200,126.8016928806901,qwen15b-npu5,
1782498036.7290704,200,120.12187717482448,qwen15b-npu7,
1782498036.7293906,200,129.25190897658467,qwen15b-npu6,
1782498036.7300184,200,142.0949650928378,qwen15b-npu6,
1782498036.7302768,200,136.78670907393098,qwen15b-npu6,
1782498036.7308683,200,112.16691415756941,qwen15b-npu4,
1782498036.7316382,200,112.57269605994225,qwen15b-npu4,
1782498036.7329617,200,133.43924703076482,qwen15b-npu3,
1782498036.7415864,200,119.6750639937818,qwen15b-npu5,
1782498036.7418668,200,116.74683494493365,qwen15b-npu5,
1782498036.7569783,200,132.24474899470806,qwen15b-npu6,
1782498036.7579648,200,135.61766082420945,qwen15b-npu6,
1782498036.7625265,200,129.6179611235857,qwen15b-npu3,
1782498036.7843509,200,140.01661213114858,qwen15b-npu7,
1782498036.784737,200,136.12153474241495,qwen15b-npu7,
1782498036.7860496,200,127.6964982971549,qwen15b-npu6,
1782498036.7864153,200,128.40845389291644,qwen15b-npu6,
1782498036.7891006,200,122.41714261472225,qwen15b-npu5,
1782498036.791781,200,147.81251410022378,qwen15b-npu3,
1782498036.7920742,200,142.34441705048084,qwen15b-npu3,
1782498036.8053484,200,112.4325362034142,qwen15b-npu4,
1782498036.8064678,200,130.94323966652155,qwen15b-npu4,
1782498036.8068085,200,129.18095896020532,qwen15b-npu4,
1782498036.8107114,200,139.06565494835377,qwen15b-npu7,
1782498036.8123407,200,134.3624829314649,qwen15b-npu6,
1782498036.8162901,200,111.38801882043481,qwen15b-npu5,
1782498036.8166106,200,111.41975922510028,qwen15b-npu5,
1782498036.8169727,200,124.50841721147299,qwen15b-npu5,
1782498036.828086,200,121.30661588162184,qwen15b-npu4,
1782498036.837222,200,135.59551071375608,qwen15b-npu7,
1782498036.8383021,200,122.14946234598756,qwen15b-npu6,
1782498036.8386266,200,109.4667362049222,qwen15b-npu5,
1782498036.8513846,200,144.92849400267005,qwen15b-npu3,
1782498036.8517408,200,151.7104497179389,qwen15b-npu3,
1782498036.8531969,200,120.14435790479183,qwen15b-npu4,
1782498036.8535526,200,124.09288389608264,qwen15b-npu4,
1782498036.8621953,200,120.22452801465988,qwen15b-npu5,
1782498036.8650742,200,134.10555198788643,qwen15b-npu7,
1782498036.865381,200,135.29278011992574,qwen15b-npu7,
1782498036.866086,200,124.41476574167609,qwen15b-npu6,
1782498036.8884745,200,156.77128406241536,qwen15b-npu3,
1782498036.8887627,200,158.4155047312379,qwen15b-npu3,
1782498036.8918617,200,134.74583625793457,qwen15b-npu6,
1782498036.8928435,200,134.79684619233012,qwen15b-npu7,
1782498036.9009142,200,114.42450899630785,qwen15b-npu4,
1782498036.9059358,200,143.33618292585015,qwen15b-npu3,
1782498036.9102075,200,125.75813569128513,qwen15b-npu5,
1782498036.9107888,200,118.92096977680922,qwen15b-npu5,
1782498036.9194376,200,134.62626514956355,qwen15b-npu6,
1782498036.920385,200,131.17613224312663,qwen15b-npu7,
1782498036.9206553,200,134.47977416217327,qwen15b-npu7,
1782498036.9258642,200,109.47926621884108,qwen15b-npu4,
1782498036.9266465,200,109.97014911845326,qwen15b-npu4,
1782498036.9334965,200,122.67345516011119,qwen15b-npu5,
1782498036.9345918,200,129.17702924460173,qwen15b-npu3,
1782498036.9352105,200,143.06568214669824,qwen15b-npu3,
1782498036.9471369,200,134.6944752149284,qwen15b-npu7,
1782498036.9475367,200,140.96094807609916,qwen15b-npu6,
1782498036.9478488,200,130.77300880104303,qwen15b-npu7,
1782498036.9481542,200,141.2734999321401,qwen15b-npu6,
1782498036.958841,200,120.15330791473389,qwen15b-npu5,
1782498036.9594858,200,107.67971398308873,qwen15b-npu5,
1782498036.9623842,200,134.22014331445098,qwen15b-npu3,
1782498036.9631872,200,125.90153561905026,qwen15b-npu3,
1782498036.9744806,200,109.0037627145648,qwen15b-npu4,
1782498036.9750583,200,112.80379816889763,qwen15b-npu4,
1782498036.9758346,200,124.36200631782413,qwen15b-npu4,
1782498036.976082,200,122.45748285204172,qwen15b-npu6,
1782498036.9763243,200,123.03657736629248,qwen15b-npu6,
1782498036.9766257,200,138.22146924212575,qwen15b-npu6,
1782498036.9900823,200,124.92231978103518,qwen15b-npu3,
1782498037.007322,200,118.74598916620016,qwen15b-npu5,
1782498037.019318,200,153.13930017873645,qwen15b-npu3,
1782498037.020349,200,109.50039606541395,qwen15b-npu4,
1782498037.021222,200,120.23099791258574,qwen15b-npu4,
1782498037.0246062,200,135.78410306945443,qwen15b-npu7,
1782498037.0250118,200,132.05389818176627,qwen15b-npu7,
1782498037.0300305,200,138.10550887137651,qwen15b-npu6,
1782498037.0306573,200,109.92220882326365,qwen15b-npu5,
1782498037.0490959,200,143.0982919409871,qwen15b-npu3,
1782498037.0512545,200,125.31298212707043,qwen15b-npu7,
1782498037.0522149,200,131.7546060308814,qwen15b-npu7,
1782498037.0524447,200,132.86027312278748,qwen15b-npu7,
1782498037.0566013,200,129.8710131086409,qwen15b-npu5,
1782498037.0568461,200,121.56798783689737,qwen15b-npu5,
1782498037.0607274,200,150.45869210734963,qwen15b-npu6,
1782498037.06102,200,126.36029999703169,qwen15b-npu6,
1782498037.0689712,200,120.72439072653651,qwen15b-npu4,
1782498037.0692935,200,110.33595213666558,qwen15b-npu4,
1782498037.076903,200,129.2883399873972,qwen15b-npu7,
1782498037.0782516,200,144.65525327250361,qwen15b-npu3,
1782498037.0789008,200,131.6419350914657,qwen15b-npu3,
1782498037.0809555,200,121.37302616611123,qwen15b-npu5,
1782498037.0812287,200,118.78544883802533,qwen15b-npu5,
1782498037.0889695,200,125.65935496240854,qwen15b-npu6,
1782498037.0892444,200,141.32499089464545,qwen15b-npu6,
1782498037.0931673,200,117.01736692339182,qwen15b-npu4,
1782498037.0937304,200,117.03459685668349,qwen15b-npu4,
1782498037.103496,200,128.34381218999624,qwen15b-npu5,
1782498037.1037161,200,129.1445279493928,qwen15b-npu5,
1782498037.1091282,200,132.74671230465174,qwen15b-npu3,
1782498037.116497,200,140.59136481955647,qwen15b-npu6,
1782498037.127137,200,119.68933371827006,qwen15b-npu5,
1782498037.1344168,200,144.26955999806523,qwen15b-npu3,
1782498037.1398525,200,115.12397369369864,qwen15b-npu4,
1782498037.14453,200,125.11525070294738,qwen15b-npu6,
1782498037.157452,200,132.36246025189757,qwen15b-npu7,
1782498037.1577005,200,137.27941317483783,qwen15b-npu7,
1782498037.157911,200,127.18638498336077,qwen15b-npu7,
1782498037.1631522,200,141.8043440207839,qwen15b-npu3,
1782498037.1639216,200,107.25242085754871,qwen15b-npu4,
1782498037.1754735,200,114.6711609326303,qwen15b-npu5,
1782498037.175958,200,124.60604822263122,qwen15b-npu5,
1782498037.1855726,200,155.4694245569408,qwen15b-npu6,
1782498037.1880822,200,109.11739291623235,qwen15b-npu4,
1782498037.1888034,200,107.7898945659399,qwen15b-npu4,
1782498037.1891532,200,110.81048520281911,qwen15b-npu4,
1782498037.1907372,200,129.6563521027565,qwen15b-npu3,
1782498037.1909602,200,138.6821330524981,qwen15b-npu3,
1782498037.1940644,200,144.87155387178063,qwen15b-npu7,
1782498037.1990678,200,122.05362133681774,qwen15b-npu5,
1782498037.2137196,200,156.8114347755909,qwen15b-npu6,
1782498037.213992,200,161.48677514865994,qwen15b-npu6,
1782498037.217788,200,148.7077297642827,qwen15b-npu3,
1782498037.220298,200,130.98518084734678,qwen15b-npu7,
1782498037.2207544,200,131.72124605625868,qwen15b-npu7,
1782498037.2210023,200,151.64724877104163,qwen15b-npu7,
1782498037.2212377,200,139.93422081694007,qwen15b-npu7,
1782498037.2238507,200,107.2946316562593,qwen15b-npu5,
1782498037.2240741,200,120.51677005365491,qwen15b-npu5,
1782498037.238036,200,110.83466513082385,qwen15b-npu4,
1782498037.2484975,200,139.30694619193673,qwen15b-npu7,
1782498037.2518108,200,158.00112299621105,qwen15b-npu3,
1782498037.2524216,200,148.64558959379792,qwen15b-npu3,
1782498037.252719,200,159.49030267074704,qwen15b-npu3,
1782498037.2684119,200,128.49738402292132,qwen15b-npu4,
1782498037.2699506,200,135.47602063044906,qwen15b-npu6,
1782498037.2768488,200,132.26129906252027,qwen15b-npu3,
1782498037.284781,200,120.78599212691188,qwen15b-npu5,
1782498037.2850466,200,127.07749381661415,qwen15b-npu5,
1782498037.3002145,200,142.44725788012147,qwen15b-npu6,
1782498037.3004806,200,142.9576613008976,qwen15b-npu6,
1782498037.3007398,200,137.51312531530857,qwen15b-npu6,
1782498037.3010006,200,124.98363992199302,qwen15b-npu6,
1782498037.307842,200,132.29926908388734,qwen15b-npu3,
1782498037.3184083,200,124.28450491279364,qwen15b-npu4,
1782498037.3186653,200,127.64593819156289,qwen15b-npu4,
1782498037.327635,200,139.48480691760778,qwen15b-npu7,
1782498037.3280065,200,139.13528574630618,qwen15b-npu7,
1782498037.3282933,200,137.49419478699565,qwen15b-npu7,
1782498037.3285863,200,142.947880551219,qwen15b-npu6,
1782498037.3330753,200,119.29414235055447,qwen15b-npu5,
1782498037.336137,200,136.9901211000979,qwen15b-npu3,
1782498037.3364725,200,147.2570300102234,qwen15b-npu3,
1782498037.3421526,200,121.33469618856907,qwen15b-npu4,
1782498037.354442,200,130.5283079855144,qwen15b-npu7,
1782498037.3547883,200,140.72932582348585,qwen15b-npu7,
1782498037.356128,200,135.7580330222845,qwen15b-npu6,
1782498037.357086,200,132.9564438201487,qwen15b-npu5,
1782498037.357336,200,136.03424513712525,qwen15b-npu6,
1782498037.3652022,200,147.33790094032884,qwen15b-npu3,
1782498037.3656423,200,144.5740917697549,qwen15b-npu3,
1782498037.3667796,200,114.26642909646034,qwen15b-npu4,
1782498037.3818526,200,133.2768159918487,qwen15b-npu7,
1782498037.3822432,200,143.9402182586491,qwen15b-npu7,
1782498037.387263,200,134.47903422638774,qwen15b-npu6,
1782498037.388016,200,136.1057348549366,qwen15b-npu6,
1782498037.3924174,200,107.55133302882314,qwen15b-npu4,
1782498037.3926988,200,124.21937519684434,qwen15b-npu4,
1782498037.4072394,200,130.33076701685786,qwen15b-npu5,
1782498037.407832,200,122.7174149826169,qwen15b-npu5,
1782498037.416973,200,116.68425379320979,qwen15b-npu4,
1782498037.4172919,200,116.48060288280249,qwen15b-npu4,
1782498037.418909,200,148.89785088598728,qwen15b-npu3,
1782498037.4317703,200,113.2864709943533,qwen15b-npu5,
1782498037.4324794,200,124.57235669717193,qwen15b-npu5,
1782498037.4352741,200,134.2072319239378,qwen15b-npu7,
1782498037.4405494,200,107.40765277296305,qwen15b-npu4,
1782498037.441477,200,113.10802074149251,qwen15b-npu4,
1782498037.4418578,200,141.30401983857155,qwen15b-npu6,
1782498037.4564502,200,127.78778886422515,qwen15b-npu5,
1782498037.4567332,200,128.6474452354014,qwen15b-npu5,
1782498037.462344,200,120.11581705883145,qwen15b-npu7,
1782498037.4700265,200,151.29303699359298,qwen15b-npu6,
1782498037.4735355,200,136.9826509617269,qwen15b-npu3,
1782498037.4737957,200,137.57342472672462,qwen15b-npu3,
1782498037.4740918,200,146.3702442124486,qwen15b-npu3,
1782498037.4812243,200,114.34192908927798,qwen15b-npu5,
1782498037.4814923,200,115.78991869464517,qwen15b-npu5,
1782498037.4888556,200,131.44826283678412,qwen15b-npu7,
1782498037.498518,200,133.18176520988345,qwen15b-npu6,
1782498037.4991689,200,142.01241498813033,qwen15b-npu6,
1782498037.5002735,200,144.05905781313777,qwen15b-npu3,
1782498037.5005598,200,146.03947196155787,qwen15b-npu3,
1782498037.501218,200,146.3564638979733,qwen15b-npu3,
1782498037.5134118,200,120.64712075516582,qwen15b-npu4,
1782498037.5137002,200,121.21475487947464,qwen15b-npu4,
1782498037.5156085,200,128.25137190520763,qwen15b-npu7,
1782498037.5248768,200,136.7685799486935,qwen15b-npu3,
1782498037.5270474,200,144.74110305309296,qwen15b-npu6,
1782498037.5274467,200,145.4738681204617,qwen15b-npu6,
1782498037.543412,200,136.09466468915343,qwen15b-npu7,
1782498037.544459,200,136.55938813462853,qwen15b-npu7,
1782498037.5447547,200,127.40769609808922,qwen15b-npu7,
1782498037.5513277,200,132.32966884970665,qwen15b-npu3,
1782498037.5542364,200,137.1692419052124,qwen15b-npu6,
1782498037.5552826,200,122.73682514205575,qwen15b-npu5,
1782498037.556002,200,124.12553513422608,qwen15b-npu5,
1782498037.5706236,200,129.99481381848454,qwen15b-npu7,
1782498037.570937,200,129.36923000961542,qwen15b-npu7,
1782498037.579762,200,117.33854794874787,qwen15b-npu5,
1782498037.5837796,200,148.40836822986603,qwen15b-npu6,
1782498037.5844452,200,142.51828799024224,qwen15b-npu6,
1782498037.588768,200,118.67986805737019,qwen15b-npu4,
1782498037.5890758,200,132.27698858827353,qwen15b-npu4,
1782498037.5894465,200,132.92263401672244,qwen15b-npu4,
1782498037.6045418,200,130.93845965340734,qwen15b-npu5,
1782498037.6068285,200,132.9337926581502,qwen15b-npu3,
1782498037.6122992,200,138.1390281021595,qwen15b-npu6,
1782498037.6132636,200,112.63570794835687,qwen15b-npu4,
1782498037.6135037,200,124.58030739799142,qwen15b-npu4,
1782498037.6137767,200,132.2200088761747,qwen15b-npu4,
1782498037.6232493,200,141.9477639719844,qwen15b-npu7,
1782498037.6237998,200,122.5169338285923,qwen15b-npu7,
1782498037.6301553,200,116.39304179698229,qwen15b-npu5,
1782498037.6304007,200,131.15178188309073,qwen15b-npu5,
1782498037.6352034,200,134.84488567337394,qwen15b-npu3,
1782498037.6354754,200,121.98737030848861,qwen15b-npu3,
1782498037.637232,200,110.10533990338445,qwen15b-npu4,
1782498037.6413615,200,125.69037498906255,qwen15b-npu6,
1782498037.641625,200,143.04079115390778,qwen15b-npu6,
1782498037.654263,200,126.74678210169077,qwen15b-npu5,
1782498037.6615224,200,136.57590793445706,qwen15b-npu3,
1782498037.6729212,200,129.42971009761095,qwen15b-npu6,
1782498037.6796603,200,123.57431091368198,qwen15b-npu5,
1782498037.6799362,200,128.54133406654,qwen15b-npu5,
1782498037.6810277,200,136.48139731958508,qwen15b-npu7,
1782498037.6812973,200,136.47150713950396,qwen15b-npu7,
1782498037.6887608,200,133.4164571017027,qwen15b-npu4,
1782498037.7028272,200,148.52192904800177,qwen15b-npu6,
1782498037.708536,200,124.68645768240094,qwen15b-npu7,
1782498037.716271,200,145.2601058408618,qwen15b-npu3,
1782498037.716893,200,146.18257200345397,qwen15b-npu3,
1782498037.7171984,200,127.66159931197762,qwen15b-npu3,
1782498037.7175057,200,137.6751558855176,qwen15b-npu4,
1782498037.7184243,200,133.90095019713044,qwen15b-npu4,
1782498037.7282622,200,123.64897085353732,qwen15b-npu5,
1782498037.729581,200,140.724026132375,qwen15b-npu6,
1782498037.7360103,200,146.85141667723656,qwen15b-npu7,
1782498037.7413042,200,127.97352112829685,qwen15b-npu3,
1782498037.741655,200,134.76143591105938,qwen15b-npu3,
1782498037.7427545,200,119.43947291001678,qwen15b-npu4,
1782498037.7430189,200,130.6535778567195,qwen15b-npu4,
1782498037.7541811,200,118.9095489680767,qwen15b-npu5,
1782498037.7544966,200,124.02629386633635,qwen15b-npu5,
1782498037.7591727,200,145.32857667654753,qwen15b-npu6,
1782498037.759548,200,145.97821095958352,qwen15b-npu6,
1782498037.7659163,200,128.6237253807485,qwen15b-npu7,
1782498037.7661576,200,142.29478733614087,qwen15b-npu7,
1782498037.7667356,200,136.5119176916778,qwen15b-npu7,
1782498037.7680335,200,126.60753121599555,qwen15b-npu4,
1782498037.76828,200,126.59156089648604,qwen15b-npu3,
1782498037.768548,200,133.0036441795528,qwen15b-npu3,
1782498037.7870061,200,132.6738717034459,qwen15b-npu6,
1782498037.7926776,200,131.0871709138155,qwen15b-npu4,
1782498037.8039885,200,131.00125081837177,qwen15b-npu5,
1782498037.8042793,200,123.18503763526678,qwen15b-npu5,
1782498037.8158782,200,134.51063400134444,qwen15b-npu6,
1782498037.820911,200,117.93327331542969,qwen15b-npu3,
1782498037.8212085,200,141.2023799493909,qwen15b-npu3,
1782498037.8243847,200,144.65743210166693,qwen15b-npu7,
1782498037.824666,200,135.8418227173388,qwen15b-npu7,
1782498037.8290427,200,120.39915891364217,qwen15b-npu5,
1782498037.8426263,200,125.33313315361738,qwen15b-npu6,
1782498037.8441565,200,125.65111508592963,qwen15b-npu4,
1782498037.8445508,200,114.9021927267313,qwen15b-npu4,
1782498037.845669,200,128.68659477680922,qwen15b-npu4,
1782498037.8517845,200,135.41898969560862,qwen15b-npu7,
1782498037.8522418,200,134.6549247391522,qwen15b-npu7,
1782498037.8536806,200,112.2863651253283,qwen15b-npu5,
1782498037.8695402,200,126.45011022686958,qwen15b-npu4,
1782498037.873123,200,144.78440396487713,qwen15b-npu6,
1782498037.8735425,200,131.79150596261024,qwen15b-npu6,
1782498037.875663,200,139.5883089862764,qwen15b-npu3,
1782498037.8759074,200,133.0812550149858,qwen15b-npu3,
1782498037.88675,200,127.1282839588821,qwen15b-npu5,
1782498037.887427,200,120.61812076717615,qwen15b-npu5,
1782498037.8881886,200,133.92650987952948,qwen15b-npu5,
1782498037.8885145,200,133.95409006625414,qwen15b-npu5,
1782498037.895921,200,129.93216328322887,qwen15b-npu4,
1782498037.8989775,200,130.6302291341126,qwen15b-npu6,
1782498037.9022498,200,136.03555504232645,qwen15b-npu3,
1782498037.9079206,200,139.2814270220697,qwen15b-npu7,
1782498037.9082274,200,140.12441225349903,qwen15b-npu7,
1782498037.9092839,200,150.0051491893828,qwen15b-npu7,
1782498037.9265134,200,133.76204017549753,qwen15b-npu6,
1782498037.9268656,200,139.77354997768998,qwen15b-npu6,
1782498037.9293296,200,125.26811193674803,qwen15b-npu3,
1782498037.932329,200,127.98332097008824,qwen15b-npu7,
1782498037.9491088,200,119.9934771284461,qwen15b-npu4,
1782498037.94952,200,124.78425772860646,qwen15b-npu4,
1782498037.9582088,200,133.7492591701448,qwen15b-npu3,
1782498037.958604,200,142.65641989186406,qwen15b-npu3,
1782498037.95896,200,137.97436794266105,qwen15b-npu3,
1782498037.961813,200,140.53248520940542,qwen15b-npu7,
1782498037.9737163,200,121.3825661689043,qwen15b-npu4,
1782498037.9774828,200,123.74449102208018,qwen15b-npu5,
1782498037.9782474,200,133.99925082921982,qwen15b-npu5,
1782498037.978515,200,133.79475893452764,qwen15b-npu5,
1782498037.981491,200,129.57226112484932,qwen15b-npu6,
1782498037.9824176,200,139.68303939327598,qwen15b-npu6,
1782498037.9828253,200,137.07788102328777,qwen15b-npu6,
1782498038.0002687,200,130.6080180220306,qwen15b-npu4,
1782498038.0005844,200,124.60940796881914,qwen15b-npu4,
1782498038.0022416,200,113.63233393058181,qwen15b-npu5,
1782498038.0029469,200,115.43212598189712,qwen15b-npu5,
1782498038.0071132,200,120.28779881075025,qwen15b-npu6,
1782498038.0106275,200,137.3684429563582,qwen15b-npu3,
1782498038.0159116,200,140.1805728673935,qwen15b-npu7,
1782498038.0161378,200,142.5321283750236,qwen15b-npu7,
1782498038.0255728,200,137.27714261040092,qwen15b-npu4,
1782498038.0263906,200,127.35012592747808,qwen15b-npu4,
1782498038.034982,200,138.93031375482678,qwen15b-npu6,
1782498038.0354903,200,127.16431403532624,qwen15b-npu6,
1782498038.0389829,200,130.97784109413624,qwen15b-npu3,
1782498038.039751,200,130.34842582419515,qwen15b-npu3,
1782498038.0425832,200,140.26416279375553,qwen15b-npu7,
1782498038.051178,200,124.23850502818823,qwen15b-npu5,
1782498038.0515218,200,124.91937028244138,qwen15b-npu4,
1782498038.0665607,200,134.16029186919332,qwen15b-npu3,
1782498038.067255,200,137.8502668812871,qwen15b-npu3,
1782498038.0693736,200,120.15969771891832,qwen15b-npu7,
1782498038.0769718,200,118.64717723801732,qwen15b-npu5,
1782498038.0772872,200,127.64113815501332,qwen15b-npu4,
1782498038.09368,200,134.64516587555408,qwen15b-npu3,
1782498038.098773,200,136.89219020307064,qwen15b-npu7,
1782498038.0990558,200,120.7314720377326,qwen15b-npu7,
1782498038.0994704,200,140.74206724762917,qwen15b-npu7,
1782498038.101123,200,122.5479943677783,qwen15b-npu5,
1782498038.101453,200,119.86124608665705,qwen15b-npu5,
1782498038.1170845,200,139.54057823866606,qwen15b-npu6,
1782498038.117853,200,135.35564998164773,qwen15b-npu6,
1782498038.118853,200,145.04678500816226,qwen15b-npu6,
1782498038.1228786,200,139.96488088741899,qwen15b-npu3,
1782498038.1233299,200,121.02043395861983,qwen15b-npu7,
1782498038.1263871,200,110.41109310463071,qwen15b-npu5,
1782498038.1270363,200,124.01724373921752,qwen15b-npu5,
1782498038.128042,200,127.32347613200545,qwen15b-npu4,
1782498038.145784,200,145.43153811246157,qwen15b-npu6,
1782498038.1461818,200,138.99670541286469,qwen15b-npu6,
1782498038.1499634,200,139.26954613998532,qwen15b-npu3,
1782498038.1513429,200,125.67618489265442,qwen15b-npu7,
1782498038.1518025,200,135.60415105894208,qwen15b-npu7,
1782498038.1536405,200,113.79702528938651,qwen15b-npu4,
1782498038.154385,200,127.9105399735272,qwen15b-npu4,
1782498038.171524,200,135.8916936442256,qwen15b-npu6,
1782498038.1749427,200,107.61990444734693,qwen15b-npu5,
1782498038.1752818,200,123.68936091661453,qwen15b-npu5,
1782498038.1762273,200,133.54525808244944,qwen15b-npu4,
1782498038.1778467,200,126.56014133244753,qwen15b-npu7,
1782498038.1794581,200,144.400040153414,qwen15b-npu3,
1782498038.1801338,200,141.06874773278832,qwen15b-npu3,
1782498038.197955,200,131.31530303508043,qwen15b-npu6,
1782498038.201091,200,124.05700422823429,qwen15b-npu4,
1782498038.2014272,200,124.00658382102847,qwen15b-npu4,
1782498038.205827,200,136.3577670417726,qwen15b-npu3,
1782498038.2228167,200,123.24165925383568,qwen15b-npu5,
1782498038.2249131,200,123.35781892761588,qwen15b-npu4,
1782498038.226289,200,127.43795709684491,qwen15b-npu6,
1782498038.2266152,200,125.41086273267865,qwen15b-npu6,
1782498038.2304718,200,136.71770924702287,qwen15b-npu7,
1782498038.230755,200,131.59222388640046,qwen15b-npu7,
1782498038.2482162,200,129.24827868118882,qwen15b-npu5,
1782498038.2485526,200,131.3879331573844,qwen15b-npu5,
1782498038.2495954,200,126.19859911501408,qwen15b-npu4,
1782498038.2529297,200,129.9296128563583,qwen15b-npu6,
1782498038.2569559,200,129.858722910285,qwen15b-npu7,
1782498038.2572207,200,139.2723862081766,qwen15b-npu7,
1782498038.263,200,136.54630817472935,qwen15b-npu3,
1782498038.2636573,200,135.50747092813253,qwen15b-npu3,
1782498038.2718842,200,125.58354530483484,qwen15b-npu5,
1782498038.2738044,200,121.93875014781952,qwen15b-npu4,
1782498038.27973,200,133.8349198922515,qwen15b-npu6,
1782498038.2800126,200,125.53176376968622,qwen15b-npu6,
1782498038.2835174,200,129.79633314535022,qwen15b-npu7,
1782498038.2897332,200,139.7048789076507,qwen15b-npu3,
1782498038.2900562,200,138.61372182145715,qwen15b-npu3,
1782498038.296558,200,118.59015794470906,qwen15b-npu5,
1782498038.2988405,200,123.8291529007256,qwen15b-npu4,
1782498038.2996824,200,119.48379408568144,qwen15b-npu4,
1782498038.306425,200,130.1174247637391,qwen15b-npu6,
1782498038.3091981,200,137.5793246552348,qwen15b-npu7,
1782498038.3187509,200,143.40429427102208,qwen15b-npu3,
1782498038.3190067,200,139.45419806987047,qwen15b-npu3,
1782498038.3222506,200,120.75844081118703,qwen15b-npu5,
1782498038.3225687,200,116.6821550577879,qwen15b-npu5,
1782498038.3232799,200,122.09085002541542,qwen15b-npu4,
1782498038.337246,200,139.17997619137168,qwen15b-npu7,
1782498038.3454692,200,114.91387337446213,qwen15b-npu5,
1782498038.346999,200,120.61688071116805,qwen15b-npu4,
1782498038.362293,200,139.40322771668434,qwen15b-npu6,
1782498038.3625593,200,131.72746496275067,qwen15b-npu6,
1782498038.3629525,200,136.22111594304442,qwen15b-npu6,
1782498038.3705714,200,113.54425316676497,qwen15b-npu5,
1782498038.3709152,200,113.60456375405192,qwen15b-npu5,
1782498038.3717175,200,123.4213300049305,qwen15b-npu4,
1782498038.3747473,200,149.72542598843575,qwen15b-npu3,
1782498038.3880155,200,124.2971858009696,qwen15b-npu6,
1782498038.3924675,200,143.81613722071052,qwen15b-npu7,
1782498038.392712,200,118.84687934070826,qwen15b-npu7,
1782498038.3929772,200,143.28369265422225,qwen15b-npu7,
1782498038.3932164,200,121.25045619904995,qwen15b-npu7,
1782498038.3939362,200,114.14464702829719,qwen15b-npu5,
1782498038.3976,200,113.97286597639322,qwen15b-npu4,
1782498038.3978243,200,117.73174209520221,qwen15b-npu4,
1782498038.4036515,200,150.62702307477593,qwen15b-npu3,
1782498038.4042678,200,141.20355993509293,qwen15b-npu3,
1782498038.4150536,200,118.39961586520076,qwen15b-npu6,
1782498038.4181972,200,119.27769100293517,qwen15b-npu5,
1782498038.4205472,200,114.04804605990648,qwen15b-npu4,
1782498038.430936,200,121.68020801618695,qwen15b-npu3,
1782498038.4312506,200,141.11655903980136,qwen15b-npu3,
1782498038.4323137,200,142.49872788786888,qwen15b-npu3,
1782498038.442845,200,120.48394000157714,qwen15b-npu6,
1782498038.443975,200,144.21435026451945,qwen15b-npu6,
1782498038.4443154,200,125.4962538369,qwen15b-npu7,
1782498038.444716,200,125.60227513313293,qwen15b-npu7,
1782498038.4455912,200,122.96575680375099,qwen15b-npu4,
1782498038.456746,200,133.40033683925867,qwen15b-npu3,
1782498038.4671743,200,120.11898774653673,qwen15b-npu5,
1782498038.4678416,200,122.29365203529596,qwen15b-npu5,
1782498038.4690945,200,106.42635589465499,qwen15b-npu4,
1782498038.4736052,200,136.24828588217497,qwen15b-npu6,
1782498038.4914129,200,120.40308024734259,qwen15b-npu5,
1782498038.495824,200,132.78258219361305,qwen15b-npu7,
1782498038.496792,200,121.98340985924006,qwen15b-npu7,
1782498038.4970326,200,134.67088621109724,qwen15b-npu7,
1782498038.4980311,200,126.24674895778298,qwen15b-npu6,
1782498038.5102744,200,117.23212897777557,qwen15b-npu3,
1782498038.5110486,200,140.38409385830164,qwen15b-npu3,
1782498038.5114179,200,123.3394187875092,qwen15b-npu3,
1782498038.5156453,200,117.98142362385988,qwen15b-npu5,
1782498038.5190668,200,126.53435114771128,qwen15b-npu4,
1782498038.519328,200,126.04755675420165,qwen15b-npu4,
1782498038.5196626,200,121.77811888977885,qwen15b-npu4,
1782498038.5226116,200,128.6094542592764,qwen15b-npu7,
1782498038.5228767,200,118.52946737781167,qwen15b-npu7,
1782498038.5252595,200,132.4705402366817,qwen15b-npu6,
1782498038.537263,200,133.550887927413,qwen15b-npu3,
1782498038.5382311,200,123.0658171698451,qwen15b-npu3,
1782498038.5422423,200,121.6343967244029,qwen15b-npu4,
1782498038.5425816,200,124.28833590820432,qwen15b-npu5,
1782498038.5430434,200,110.63928389921784,qwen15b-npu5,
1782498038.5476918,200,116.35464197024703,qwen15b-npu7,
1782498038.5517297,200,120.70763064548373,qwen15b-npu6,
1782498038.5649526,200,120.1659981161356,qwen15b-npu3,
1782498038.5659142,200,121.84428004547954,qwen15b-npu4,
1782498038.5661979,200,120.535041205585,qwen15b-npu5,
1782498038.566923,200,124.0167929790914,qwen15b-npu5,
1782498038.5798616,200,123.05375700816512,qwen15b-npu6,
1782498038.580171,200,135.7492320239544,qwen15b-npu6,
1782498038.5897186,200,120.54548133164644,qwen15b-npu5,
1782498038.5909002,200,117.19186790287495,qwen15b-npu4,
1782498038.6073382,200,139.41011717543006,qwen15b-npu6,
1782498038.6083646,200,141.10155869275331,qwen15b-npu6,
1782498038.6174903,200,120.62026094645262,qwen15b-npu3,
1782498038.617814,200,126.30251003429294,qwen15b-npu3,
1782498038.627613,200,130.51725691184402,qwen15b-npu7,
1782498038.628167,200,132.26734893396497,qwen15b-npu7,
1782498038.6352625,200,137.14553182944655,qwen15b-npu6,
1782498038.6405303,200,117.58651025593281,qwen15b-npu4,
1782498038.6411867,200,115.84867909550667,qwen15b-npu4,
1782498038.641609,200,131.2674731016159,qwen15b-npu4,
1782498038.6419315,200,130.79281011596322,qwen15b-npu4,
1782498038.6439943,200,132.5035309419036,qwen15b-npu3,
1782498038.6443086,200,124.5761476457119,qwen15b-npu3,
1782498038.6560557,200,140.32611390575767,qwen15b-npu7,
1782498038.656381,200,133.6927986703813,qwen15b-npu7,
1782498038.6566904,200,137.54836516454816,qwen15b-npu7,
1782498038.6613314,200,141.93320414051414,qwen15b-npu6,
1782498038.6625073,200,120.16349798068404,qwen15b-npu5,
1782498038.6627808,200,110.99012615159154,qwen15b-npu5,
1782498038.6630464,200,125.71984576061368,qwen15b-npu5,
1782498038.6638553,200,120.71162136271596,qwen15b-npu4,
1782498038.6719396,200,133.59011802822351,qwen15b-npu3,
1782498038.6723921,200,129.72421199083328,qwen15b-npu3,
1782498038.687237,200,120.96441304311156,qwen15b-npu4,
1782498038.687571,200,122.5350541062653,qwen15b-npu5,
1782498038.687888,200,120.88180286809802,qwen15b-npu5,
1782498038.688954,200,141.2001489661634,qwen15b-npu6,
1782498038.7107646,200,144.7688527405262,qwen15b-npu7,
1782498038.7110722,200,121.23287608847022,qwen15b-npu7,
1782498038.7115667,200,131.3351229764521,qwen15b-npu7,
1782498038.7163875,200,136.44942687824368,qwen15b-npu6,
1782498038.7240872,200,133.06582486256957,qwen15b-npu3,
1782498038.734997,200,117.10576713085175,qwen15b-npu4,
1782498038.7353826,200,127.90186004713178,qwen15b-npu4,
1782498038.736977,200,128.50192422047257,qwen15b-npu7,
1782498038.7447348,200,127.16200482100248,qwen15b-npu6,
1782498038.7593822,200,115.29489466920495,qwen15b-npu5,
1782498038.7596881,200,118.38515615090728,qwen15b-npu5,
1782498038.7601295,200,118.12773393467069,qwen15b-npu5,
1782498038.7651067,200,137.43212400004268,qwen15b-npu7,
1782498038.774159,200,145.93014121055603,qwen15b-npu6,
1782498038.7744646,200,132.76859279721975,qwen15b-npu6,
1782498038.7747576,200,130.35872718319297,qwen15b-npu6,
1782498038.7792554,200,138.6062316596508,qwen15b-npu3,
1782498038.780158,200,144.7842330671847,qwen15b-npu3,
1782498038.7830195,200,126.57483061775565,qwen15b-npu4,
1782498038.7834275,200,126.66359171271324,qwen15b-npu5,
1782498038.7838771,200,121.28983484581113,qwen15b-npu4,
1782498038.793062,200,131.66065514087677,qwen15b-npu7,
1782498038.79365,200,130.5265282280743,qwen15b-npu7,
1782498038.805269,200,132.8027229756117,qwen15b-npu6,
1782498038.8056784,200,141.75043301656842,qwen15b-npu6,
1782498038.8061428,200,149.9733291566372,qwen15b-npu6,
1782498038.8075655,200,120.22807775065303,qwen15b-npu4,
1782498038.809356,200,137.30720337480307,qwen15b-npu3,
1782498038.8096614,200,122.02994991093874,qwen15b-npu5,
1782498038.8099303,200,147.07243908196688,qwen15b-npu3,
1782498038.8103049,200,121.28571607172489,qwen15b-npu5,
1782498038.810806,200,122.84072581678629,qwen15b-npu3,
1782498038.8310218,200,119.35272207483649,qwen15b-npu4,
1782498038.8347788,200,123.6301907338202,qwen15b-npu3,
1782498038.8539677,200,118.89606900513172,qwen15b-npu5,
1782498038.8552582,200,118.1641542352736,qwen15b-npu4,
1782498038.860971,200,150.11618891730905,qwen15b-npu6,
1782498038.8618476,200,145.37593675777316,qwen15b-npu6,
1782498038.863364,200,127.85059912130237,qwen15b-npu3,
1782498038.8641167,200,139.94585070759058,qwen15b-npu3,
1782498038.8739452,200,129.13092877715826,qwen15b-npu7,
1782498038.8833177,200,123.52377083152533,qwen15b-npu4,
1782498038.8851082,200,119.86448615789413,qwen15b-npu5,
1782498038.9036317,200,129.09033801406622,qwen15b-npu7,
1782498038.9042423,200,143.9769179560244,qwen15b-npu7,
1782498038.905129,200,124.86309884116054,qwen15b-npu7,
1782498038.905764,200,146.29750419408083,qwen15b-npu7,
1782498038.9061644,200,131.91641680896282,qwen15b-npu5,
1782498038.9068854,200,122.94278712943196,qwen15b-npu4,
1782498038.9073677,200,123.84657189249992,qwen15b-npu4,
1782498038.9177277,200,134.5800650306046,qwen15b-npu6,
1782498038.9184177,200,143.57188623398542,qwen15b-npu6,
1782498038.918895,200,139.57339897751808,qwen15b-npu3,
1782498038.9198735,200,126.72694167122245,qwen15b-npu3,
1782498038.927847,200,134.1234021820128,qwen15b-npu7,
1782498038.929727,200,119.31742308661342,qwen15b-npu4,
1782498038.930039,200,123.77971224486828,qwen15b-npu4,
1782498038.9303875,200,119.50831254944205,qwen15b-npu4,
1782498038.9463851,200,140.5877461656928,qwen15b-npu3,
1782498038.9472456,200,137.51517375931144,qwen15b-npu6,
1782498038.9475806,200,137.53907522186637,qwen15b-npu3,
1782498038.9478333,200,142.4411372281611,qwen15b-npu6,
1782498038.9531643,200,118.29019477590919,qwen15b-npu5,
1782498038.9555702,200,124.44454617798328,qwen15b-npu7,
1782498038.955916,200,148.26233685016632,qwen15b-npu7,
1782498038.9561813,200,146.752396132797,qwen15b-npu7,
1782498038.9794428,200,125.39935298264027,qwen15b-npu5,
1782498038.9798672,200,118.8266989775002,qwen15b-npu5,
1782498038.9808688,200,118.92111878842115,qwen15b-npu5,
1782498038.9996662,200,116.27209233120084,qwen15b-npu4,
1782498039.0002768,200,144.95259523391724,qwen15b-npu3,
1782498039.0005074,200,137.0555912144482,qwen15b-npu3,
1782498039.0011475,200,136.9382212869823,qwen15b-npu6,
1782498039.0037217,200,129.6965922228992,qwen15b-npu5,
1782498039.004088,200,118.87964000925422,qwen15b-npu5,
1782498039.02441,200,105.40156811475754,qwen15b-npu4,
1782498039.0248177,200,118.55284729972482,qwen15b-npu4,
1782498039.0271072,200,121.83285923674703,qwen15b-npu3,
1782498039.0276318,200,120.16388773918152,qwen15b-npu5,
1782498039.0336921,200,115.15101511031389,qwen15b-npu7,
1782498039.0340004,200,127.03544413670897,qwen15b-npu7,
1782498039.0347946,200,128.93637688830495,qwen15b-npu7,
1782498039.0476968,200,117.8803532384336,qwen15b-npu4,
1782498039.0519764,200,121.46672699600458,qwen15b-npu5,
1782498039.0544233,200,124.30726597085595,qwen15b-npu3,
1782498039.0620172,200,144.16570914909244,qwen15b-npu6,
1782498039.0623767,200,134.44512290880084,qwen15b-npu6,
1782498039.0627513,200,159.0164490044117,qwen15b-npu6,
1782498039.0634198,200,159.0816187672317,qwen15b-npu6,
1782498039.0637388,200,143.78523686900735,qwen15b-npu6,
1782498039.0779366,200,121.66540790349245,qwen15b-npu5,
1782498039.07825,200,122.5790437310934,qwen15b-npu5,
1782498039.078636,200,125.37416303530335,qwen15b-npu5,
1782498039.083197,200,135.86113322526217,qwen15b-npu3,
1782498039.0840523,200,137.56212498992682,qwen15b-npu3,
1782498039.0870285,200,131.04123109951615,qwen15b-npu7,
1782498039.0892565,200,141.61299169063568,qwen15b-npu6,
1782498039.089553,200,141.59730216488242,qwen15b-npu6,
1782498039.095548,200,114.57666009664536,qwen15b-npu4,
1782498039.0957742,200,115.77807832509279,qwen15b-npu4,
1782498039.110148,200,130.58338779956102,qwen15b-npu3,
1782498039.117602,200,117.03276727348566,qwen15b-npu4,
1782498039.1254177,200,121.21916515752673,qwen15b-npu5,
1782498039.1394029,200,135.5907409451902,qwen15b-npu3,
1782498039.1414802,200,140.2684929780662,qwen15b-npu7,
1782498039.141786,200,142.0259950682521,qwen15b-npu7,
1782498039.1421063,200,141.76360284909606,qwen15b-npu7,
1782498039.1431491,200,115.4490658082068,qwen15b-npu4,
1782498039.1668367,200,131.95696659386158,qwen15b-npu3,
1782498039.1676776,200,133.55720834806561,qwen15b-npu3,
1782498039.1682222,200,134.4469441100955,qwen15b-npu7,
1782498039.1695042,200,144.5633419789374,qwen15b-npu7,
1782498039.1698446,200,117.76340194046497,qwen15b-npu7,
1782498039.1743414,200,147.16078899800777,qwen15b-npu6,
1782498039.1747153,200,150.1964400522411,qwen15b-npu6,
1782498039.1758516,200,121.29675503820181,qwen15b-npu5,
1782498039.176735,200,114.6138496696949,qwen15b-npu5,
1782498039.1922965,200,113.93933556973934,qwen15b-npu4,
1782498039.1935084,200,130.66383777186275,qwen15b-npu4,
1782498039.1938143,200,130.00359386205673,qwen15b-npu4,
1782498039.1940875,200,131.5957149490714,qwen15b-npu4,
1782498039.1948764,200,147.0956988632679,qwen15b-npu3,
1782498039.202153,200,138.65860179066658,qwen15b-npu6,
1782498039.2028651,200,124.8421692289412,qwen15b-npu6,
1782498039.2031662,200,124.43869700655341,qwen15b-npu5,
1782498039.2150052,200,119.16430201381445,qwen15b-npu4,
1782498039.2192476,200,129.62680123746395,qwen15b-npu7,
1782498039.2195535,200,132.4239601381123,qwen15b-npu7,
1782498039.220263,200,130.91342989355326,qwen15b-npu3,
1782498039.2210684,200,137.7574959769845,qwen15b-npu3,
1782498039.2329412,200,148.78841023892164,qwen15b-npu6,
1782498039.2334287,200,137.8201860934496,qwen15b-npu6,
1782498039.2517328,200,141.47327188402414,qwen15b-npu7,
1782498039.2521985,200,126.67781161144376,qwen15b-npu3,
1782498039.2595232,200,141.83017378672957,qwen15b-npu5,
1782498039.2601924,200,120.72686105966568,qwen15b-npu5,
1782498039.271596,200,129.39401995390654,qwen15b-npu4,
1782498039.279197,200,135.93815406784415,qwen15b-npu3,
1782498039.284295,200,142.7265489473939,qwen15b-npu5,
1782498039.2922513,200,150.40456131100655,qwen15b-npu6,
1782498039.2987223,200,122.77285475283861,qwen15b-npu4,
1782498039.2991285,200,129.55555133521557,qwen15b-npu4,
1782498039.3029916,200,126.17323780432343,qwen15b-npu7,
1782498039.3078067,200,133.37744725868106,qwen15b-npu3,
1782498039.3082159,200,139.87177005037665,qwen15b-npu3,
1782498039.3105555,200,143.61917600035667,qwen15b-npu5,
1782498039.310927,200,136.09725469723344,qwen15b-npu5,
1782498039.321653,200,127.77312891557813,qwen15b-npu4,
1782498039.3220983,200,119.14279079064727,qwen15b-npu4,
1782498039.322996,200,155.24597419425845,qwen15b-npu6,
1782498039.323741,200,153.828504960984,qwen15b-npu6,
1782498039.329158,200,126.90307339653373,qwen15b-npu7,
1782498039.3341067,200,139.16716491803527,qwen15b-npu3,
1782498039.3343377,200,131.10824208706617,qwen15b-npu3,
1782498039.3350563,200,140.8753669820726,qwen15b-npu5,
1782498039.3454957,200,125.15261210501194,qwen15b-npu4,
1782498039.3516283,200,159.2430998571217,qwen15b-npu6,
1782498039.3519604,200,132.65161076560616,qwen15b-npu6,
1782498039.3523672,200,158.7663870304823,qwen15b-npu6,
1782498039.3579354,200,136.7522799409926,qwen15b-npu7,
1782498039.3585663,200,143.47234508022666,qwen15b-npu7,
1782498039.358964,200,139.30910592898726,qwen15b-npu7,
1782498039.3611357,200,127.64463806524873,qwen15b-npu5,
1782498039.361428,200,128.31805320456624,qwen15b-npu5,
1782498039.378503,200,126.1774580925703,qwen15b-npu6,
1782498039.3827794,200,130.91081101447344,qwen15b-npu7,
1782498039.3858051,200,125.54293358698487,qwen15b-npu5,
1782498039.3890486,200,129.45978110656142,qwen15b-npu3,
1782498039.396182,200,111.79229198023677,qwen15b-npu4,
1782498039.4079752,200,128.66228492930532,qwen15b-npu6,
1782498039.4167151,200,145.0551049783826,qwen15b-npu3,
1782498039.4211426,200,110.46753311529756,qwen15b-npu4,
1782498039.4219418,200,113.65875415503979,qwen15b-npu4,
1782498039.437048,200,115.2784451842308,qwen15b-npu5,
1782498039.4373827,200,114.32142928242683,qwen15b-npu5,
1782498039.437734,200,129.81496285647154,qwen15b-npu7,
1782498039.4381113,200,139.27584700286388,qwen15b-npu7,
1782498039.4384446,200,146.12539298832417,qwen15b-npu6,
1782498039.4462943,200,143.2054629549384,qwen15b-npu3,
1782498039.4465995,200,135.57831197977066,qwen15b-npu3,
1782498039.4475684,200,148.36472691968083,qwen15b-npu3,
1782498039.4479856,200,125.80334581434727,qwen15b-npu4,
1782498039.4487662,200,124.92794962599874,qwen15b-npu4,
1782498039.4614656,200,127.06099497154355,qwen15b-npu5,
1782498039.461774,200,132.52199115231633,qwen15b-npu5,
1782498039.4620955,200,116.51695379987359,qwen15b-npu5,
1782498039.4649837,200,129.83158323913813,qwen15b-npu6,
1782498039.469824,200,111.19186831638217,qwen15b-npu4,
1782498039.473466,200,139.2955961637199,qwen15b-npu3,
1782498039.484902,200,123.6781608313322,qwen15b-npu5,
1782498039.490949,200,131.9084968417883,qwen15b-npu7,
1782498039.4915626,200,139.51262831687927,qwen15b-npu7,
1782498039.494025,200,108.11935691162944,qwen15b-npu4,
1782498039.4951134,200,137.06867210566998,qwen15b-npu6,
1782498039.4955063,200,143.78085592761636,qwen15b-npu6,
1782498039.5014935,200,149.02140200138092,qwen15b-npu3,
1782498039.5021553,200,140.66462591290474,qwen15b-npu3,
1782498039.5183141,200,110.23030104115605,qwen15b-npu4,
1782498039.5190234,200,140.45765483751893,qwen15b-npu7,
1782498039.5236468,200,134.53981513157487,qwen15b-npu6,
1782498039.5244963,200,141.59617200493813,qwen15b-npu6,
1782498039.5275197,200,131.2796026468277,qwen15b-npu3,
1782498039.5431306,200,121.92399008199573,qwen15b-npu4,
1782498039.5469966,200,124.94802009314299,qwen15b-npu7,
1782498039.551192,200,134.41267423331738,qwen15b-npu6,
1782498039.5700347,200,121.95499008521438,qwen15b-npu5,
1782498039.5704362,200,122.74332530796528,qwen15b-npu5,
1782498039.5709152,200,133.08290392160416,qwen15b-npu5,
1782498039.5834413,200,144.908735062927,qwen15b-npu7,
1782498039.583724,200,146.56473603099585,qwen15b-npu7,
1782498039.5839815,200,145.76925989240408,qwen15b-npu7,
1782498039.5856483,200,136.78942015394568,qwen15b-npu4,
1782498039.5859678,200,148.47718877717853,qwen15b-npu6,
1782498039.5924816,200,130.6376880966127,qwen15b-npu5,
1782498039.5991542,200,152.77254674583673,qwen15b-npu3,
1782498039.5994823,200,152.81425788998604,qwen15b-npu3,
1782498039.5999217,200,137.72862497717142,qwen15b-npu3,
1782498039.6104646,200,136.901400052011,qwen15b-npu7,
1782498039.6107643,200,145.67323867231607,qwen15b-npu4,
1782498039.6111288,200,149.57175590097904,qwen15b-npu7,
1782498039.615839,200,130.8771800249815,qwen15b-npu6,
1782498039.6180425,200,123.93036298453808,qwen15b-npu5,
1782498039.6183748,200,126.71637162566185,qwen15b-npu5,
1782498039.6271083,200,136.04433415457606,qwen15b-npu3,
1782498039.6275146,200,157.62189030647278,qwen15b-npu3,
1782498039.63468,200,139.4615969620645,qwen15b-npu4,
1782498039.6365392,200,140.92707820236683,qwen15b-npu7,
1782498039.642546,200,123.43202019110322,qwen15b-npu5,
1782498039.643591,200,142.03121466562152,qwen15b-npu6,
1782498039.6443653,200,142.12442515417933,qwen15b-npu6,
1782498039.6605382,200,135.93439385294914,qwen15b-npu4,
1782498039.660953,200,133.3317868411541,qwen15b-npu4,
1782498039.6637568,200,140.02631232142448,qwen15b-npu7,
1782498039.6684577,200,121.39592599123716,qwen15b-npu5,
1782498039.6731472,200,154.7501808963716,qwen15b-npu6,
1782498039.681598,200,138.3548309095204,qwen15b-npu3,
1782498039.6834476,200,112.91003925725818,qwen15b-npu4,
1782498039.6921675,200,122.00662074610591,qwen15b-npu7,
1782498039.6925356,200,121.54935719445348,qwen15b-npu7,
1782498039.701034,200,149.77075718343258,qwen15b-npu6,
1782498039.7088287,200,108.83861221373081,qwen15b-npu4,
1782498039.7092533,200,116.69850489124656,qwen15b-npu4,
1782498039.7193575,200,133.31653596833348,qwen15b-npu5,
1782498039.7202733,200,136.18785608559847,qwen15b-npu7,
1782498039.7206285,200,136.84329017996788,qwen15b-npu5,
1782498039.730439,200,144.71353311091661,qwen15b-npu6,
1782498039.7308154,200,147.28984097018838,qwen15b-npu6,
1782498039.7327936,200,114.6499109454453,qwen15b-npu4,
1782498039.7331328,200,122.24277202039957,qwen15b-npu4,
1782498039.7437897,200,144.23759980127215,qwen15b-npu3,
1782498039.7441208,200,144.86780390143394,qwen15b-npu3,
1782498039.7449064,200,117.31739901006222,qwen15b-npu5,
1782498039.7474651,200,131.5305340103805,qwen15b-npu7,
1782498039.7479012,200,136.69463898986578,qwen15b-npu7,
1782498039.756291,200,113.66038396954536,qwen15b-npu4,
1782498039.7582455,200,147.7036029100418,qwen15b-npu6,
1782498039.7725518,200,128.08662140741944,qwen15b-npu5,
1782498039.7728415,200,145.62030881643295,qwen15b-npu3,
1782498039.7732677,200,154.80130072683096,qwen15b-npu3,
1782498039.773636,200,137.01234105974436,qwen15b-npu3,
1782498039.7893589,200,154.60657887160778,qwen15b-npu6,
1782498039.7896898,200,129.02720691636205,qwen15b-npu6,
1782498039.7899263,200,146.22496301308274,qwen15b-npu6,
1782498039.7972662,200,124.02288382872939,qwen15b-npu5,
1782498039.799141,200,130.6137782521546,qwen15b-npu3,
1782498039.7995112,200,138.44033982604742,qwen15b-npu3,
1782498039.8052735,200,141.41181111335754,qwen15b-npu7,
1782498039.8056536,200,122.14235216379166,qwen15b-npu7,
1782498039.8231237,200,130.85970981046557,qwen15b-npu5,
1782498039.826725,200,145.02934506163,qwen15b-npu3,
1782498039.8285275,200,127.42270575836301,qwen15b-npu4,
1782498039.8291945,200,108.4657390601933,qwen15b-npu4,
1782498039.8342302,200,125.29194308444858,qwen15b-npu7,
1782498039.8346605,200,142.02868519350886,qwen15b-npu7,
1782498039.844607,200,124.25742577761412,qwen15b-npu6,
1782498039.84575,200,136.37687731534243,qwen15b-npu6,
1782498039.849292,200,129.8603629693389,qwen15b-npu5,
1782498039.8498788,200,116.64698366075754,qwen15b-npu5,
1782498039.853856,200,122.94971710070968,qwen15b-npu3,
1782498039.8561583,200,125.61797397211194,qwen15b-npu4,
1782498039.8571727,200,109.59319723770022,qwen15b-npu4,
1782498039.8604174,200,127.54611810669303,qwen15b-npu7,
1782498039.8757727,200,130.75720891356468,qwen15b-npu6,
1782498039.8761578,200,119.76811615750194,qwen15b-npu5,
1782498039.877009,200,132.82144255936146,qwen15b-npu5,
1782498039.877247,200,133.35526688024402,qwen15b-npu6,
1782498039.8849459,200,126.63874169811606,qwen15b-npu3,
1782498039.8874784,200,139.4481179304421,qwen15b-npu7,
1782498039.8984704,200,125.08986098691821,qwen15b-npu5,
1782498039.9053118,200,115.31546618789434,qwen15b-npu4,
1782498039.9057343,200,131.98521826416254,qwen15b-npu4,
1782498039.9104202,200,137.44644401594996,qwen15b-npu3,
1782498039.91078,200,121.01635336875916,qwen15b-npu3,
1782498039.91435,200,141.7242418974638,qwen15b-npu7,
1782498039.9310637,200,141.60331198945642,qwen15b-npu6,
1782498039.9314334,200,132.18800770118833,qwen15b-npu5,
1782498039.931661,200,125.93750702217221,qwen15b-npu6,
1782498039.9395823,200,134.2020221054554,qwen15b-npu3,
1782498039.9399836,200,140.34707425162196,qwen15b-npu3,
1782498039.9428144,200,145.4521375708282,qwen15b-npu7,
1782498039.9431298,200,119.9108762666583,qwen15b-npu7,
1782498039.9565578,200,127.27196514606476,qwen15b-npu5,
1782498039.9579692,200,129.37211990356445,qwen15b-npu6,
1782498039.961031,200,126.24780833721161,qwen15b-npu4,
1782498039.9617178,200,134.8988967947662,qwen15b-npu4,
1782498039.9692414,200,119.28994301706553,qwen15b-npu7,
1782498039.9696052,200,135.26239898055792,qwen15b-npu7,
1782498039.9863262,200,136.96036022156477,qwen15b-npu4,
1782498039.986722,200,129.43721981719136,qwen15b-npu4,
1782498039.9881127,200,127.60806828737259,qwen15b-npu6,
1782498039.9888804,200,144.19281017035246,qwen15b-npu6,
1782498039.989225,200,135.28423011302948,qwen15b-npu6,
1782498039.9940338,200,137.7884759567678,qwen15b-npu3,
1782498039.9943745,200,148.5394681803882,qwen15b-npu3,
1782498040.0086684,200,121.08152406290174,qwen15b-npu5,
1782498040.009002,200,132.72030325606465,qwen15b-npu5,
1782498040.0094535,200,132.37253995612264,qwen15b-npu5,
1782498040.0101807,200,125.17442181706429,qwen15b-npu4,
1782498040.0197687,200,143.88068672269583,qwen15b-npu3,
1782498040.031636,200,117.18690767884254,qwen15b-npu5,
1782498040.0345504,200,129.1218986734748,qwen15b-npu7,
1782498040.034956,200,157.64031000435352,qwen15b-npu7,
1782498040.0470586,200,141.22632006183267,qwen15b-npu3,
1782498040.055307,200,144.4510011933744,qwen15b-npu6,
1782498040.0557387,200,157.17304684221745,qwen15b-npu6,
1782498040.0583518,200,115.44349743053317,qwen15b-npu5,
1782498040.058709,200,119.03437972068787,qwen15b-npu5,
1782498040.06194,200,130.75308920815587,qwen15b-npu7,
1782498040.0624754,200,151.9596609286964,qwen15b-npu7,
1782498040.0629156,200,131.19712192565203,qwen15b-npu4,
1782498040.0634599,200,131.95258704945445,qwen15b-npu4,
1782498040.075191,200,135.09373785927892,qwen15b-npu3,
1782498040.0818045,200,120.01518718898296,qwen15b-npu5,
1782498040.0826404,200,139.44309810176492,qwen15b-npu6,
1782498040.086679,200,125.57731429114938,qwen15b-npu4,
1782498040.0881603,200,131.532093975693,qwen15b-npu7,
1782498040.1023433,200,144.28014028817415,qwen15b-npu3,
1782498040.108229,200,113.78738516941667,qwen15b-npu5,
1782498040.1088288,200,119.8497461155057,qwen15b-npu5,
1782498040.1117887,200,142.45950803160667,qwen15b-npu6,
1782498040.1125598,200,142.84333027899265,qwen15b-npu6,
1782498040.1136553,200,124.3367763236165,qwen15b-npu4,
1782498040.114468,200,128.02186096087098,qwen15b-npu4,
1782498040.1318123,200,123.04966803640127,qwen15b-npu3,
1782498040.1326206,200,144.40498081967235,qwen15b-npu3,
1782498040.1408014,200,131.27444265410304,qwen15b-npu4,
1782498040.1410966,200,131.9815069437027,qwen15b-npu4,
1782498040.1415615,200,147.4398011341691,qwen15b-npu6,
1782498040.1446369,200,124.76123869419098,qwen15b-npu7,
1782498040.1449633,200,158.12111273407936,qwen15b-npu7,
1782498040.1452944,200,135.05437830463052,qwen15b-npu7,
1782498040.159235,200,124.16571471840143,qwen15b-npu3,
1782498040.1601207,200,125.46411389485002,qwen15b-npu3,
1782498040.1643937,200,132.66571192070842,qwen15b-npu5,
1782498040.1710312,200,123.88181313872337,qwen15b-npu7,
1782498040.1865575,200,123.56926081702113,qwen15b-npu3,
1782498040.19119,200,127.66656884923577,qwen15b-npu4,
1782498040.1914473,200,128.89797566458583,qwen15b-npu4,
1782498040.192114,200,136.7009887471795,qwen15b-npu4,
1782498040.1988313,200,140.3918038122356,qwen15b-npu6,
1782498040.1992238,200,137.21008272841573,qwen15b-npu6,
1782498040.2005472,200,144.6925732307136,qwen15b-npu6,
1782498040.200837,200,125.5507948808372,qwen15b-npu7,
1782498040.201066,200,142.2573160380125,qwen15b-npu7,
1782498040.215833,200,129.06300695613027,qwen15b-npu5,
1782498040.2261794,200,143.45466485247016,qwen15b-npu7,
1782498040.2281284,200,146.21858298778534,qwen15b-npu6,
1782498040.228507,200,140.26490319520235,qwen15b-npu6,
1782498040.2386725,200,126.00843701511621,qwen15b-npu4,
1782498040.2390904,200,130.19216619431973,qwen15b-npu4,
1782498040.2410154,200,138.58390180394053,qwen15b-npu5,
1782498040.2423782,200,130.52150793373585,qwen15b-npu3,
1782498040.242653,200,128.89009714126587,qwen15b-npu3,
1782498040.2539172,200,145.62026923522353,qwen15b-npu7,
1782498040.2548609,200,140.30255284160376,qwen15b-npu6,
1782498040.2623472,200,121.18436489254236,qwen15b-npu4,
1782498040.2674284,200,125.74135512113571,qwen15b-npu5,
1782498040.2677603,200,135.86998404935002,qwen15b-npu5,
1782498040.2702055,200,125.47860387712717,qwen15b-npu3,
1782498040.270581,200,125.4974827170372,qwen15b-npu3,
1782498040.2715333,200,130.63836796209216,qwen15b-npu3,
1782498040.2826858,200,123.3883798122406,qwen15b-npu7,
1782498040.2830124,200,137.65108538791537,qwen15b-npu7,
1782498040.2844567,200,151.7378599382937,qwen15b-npu6,
1782498040.2951176,200,123.97350324317813,qwen15b-npu5,
1782498040.2954223,200,135.19233791157603,qwen15b-npu5,
1782498040.2962444,200,131.7537259310484,qwen15b-npu5,
1782498040.3122435,200,125.5854950286448,qwen15b-npu4,
1782498040.318554,200,127.29182606562972,qwen15b-npu5,
1782498040.3233862,200,122.25713115185499,qwen15b-npu3,
1782498040.3241503,200,124.78767894208431,qwen15b-npu3,
1782498040.338123,200,137.22219318151474,qwen15b-npu7,
1782498040.3384447,200,146.92275831475854,qwen15b-npu7,
1782498040.3431637,200,142.5399580039084,qwen15b-npu6,
1782498040.34347,200,144.53697204589844,qwen15b-npu6,
1782498040.3446376,200,152.45320461690426,qwen15b-npu6,
1782498040.3450696,200,116.43429286777973,qwen15b-npu5,
1782498040.3513577,200,125.0970121473074,qwen15b-npu3,
1782498040.3516724,200,135.76164282858372,qwen15b-npu3,
1782498040.361988,200,119.54092420637608,qwen15b-npu4,
1782498040.3626697,200,119.945686776191,qwen15b-npu4,
1782498040.3629498,200,121.8634289689362,qwen15b-npu4,
1782498040.365394,200,137.16393196955323,qwen15b-npu7,
1782498040.3702333,200,116.20625108480453,qwen15b-npu5,
1782498040.3705752,200,115.64443819224834,qwen15b-npu5,
1782498040.3738353,200,135.02700813114643,qwen15b-npu6,
1782498040.3741071,200,134.88761615008116,qwen15b-npu6,
1782498040.383641,200,113.32899238914251,qwen15b-npu4,
1782498040.393196,200,125.37109293043613,qwen15b-npu7,
1782498040.393861,200,131.41424302011728,qwen15b-npu7,
1782498040.3957007,200,112.55367705598474,qwen15b-npu5,
1782498040.3965013,200,125.79290568828583,qwen15b-npu5,
1782498040.401716,200,130.10917510837317,qwen15b-npu6,
1782498040.4059663,200,138.43093113973737,qwen15b-npu3,
1782498040.4064121,200,121.85264006257057,qwen15b-npu3,
1782498040.4217854,200,126.26065919175744,qwen15b-npu7,
1782498040.4221234,200,139.35976708307862,qwen15b-npu7,
1782498040.4299684,200,134.7677456215024,qwen15b-npu6,
1782498040.4328141,200,136.47306663915515,qwen15b-npu3,
1782498040.44616,200,122.66439478844404,qwen15b-npu5,
1782498040.448401,200,124.18379494920373,qwen15b-npu7,
1782498040.4593124,200,121.07639433816075,qwen15b-npu4,
1782498040.459701,200,116.44843313843012,qwen15b-npu4,
1782498040.4599614,200,108.5244701243937,qwen15b-npu4,
1782498040.4604533,200,121.93294009193778,qwen15b-npu4,
1782498040.4611843,200,142.56454911082983,qwen15b-npu6,
1782498040.4624872,200,150.12416010722518,qwen15b-npu6,
1782498040.4630418,200,119.495103135705,qwen15b-npu4,
1782498040.4756978,200,123.92919417470694,qwen15b-npu7,
1782498040.4760337,200,130.8381101116538,qwen15b-npu7,
1782498040.4815078,200,118.76800889149308,qwen15b-npu4,
1782498040.4822567,200,120.15022803097963,qwen15b-npu4,
1782498040.487015,200,123.96735418587923,qwen15b-npu3,
1782498040.4883842,200,143.6410560272634,qwen15b-npu6,
1782498040.498891,200,115.15674367547035,qwen15b-npu5,
1782498040.4992745,200,128.63101484254003,qwen15b-npu5,
1782498040.4996085,200,129.26560919731855,qwen15b-npu5,
1782498040.5152025,200,141.2961296737194,qwen15b-npu3,
1782498040.5158734,200,141.69833296909928,qwen15b-npu3,
1782498040.517506,200,152.0043918862939,qwen15b-npu6,
1782498040.5223618,200,125.76548475772142,qwen15b-npu5,
1782498040.527921,200,134.66260582208633,qwen15b-npu7,
1782498040.5282774,200,134.3310228548944,qwen15b-npu7,
1782498040.5430322,200,136.50452764704823,qwen15b-npu3,
1782498040.5433867,200,137.288142926991,qwen15b-npu3,
1782498040.5464993,200,144.68282321467996,qwen15b-npu6,
1782498040.5473962,200,151.58894006162882,qwen15b-npu6,
1782498040.5482628,200,126.3911691494286,qwen15b-npu5,
1782498040.5535355,200,123.47865011543036,qwen15b-npu4,
1782498040.5538583,200,120.98065298050642,qwen15b-npu7,
1782498040.574238,200,112.9659186117351,qwen15b-npu5,
1782498040.5745177,200,128.26896226033568,qwen15b-npu5,
1782498040.5751605,200,152.93257823213935,qwen15b-npu6,
1782498040.5788443,200,130.3728469647467,qwen15b-npu4,
1782498040.5792882,200,119.85630588606,qwen15b-npu4,
1782498040.5811646,200,121.08225421980023,qwen15b-npu7,
1782498040.5815432,200,118.97740978747606,qwen15b-npu7,
1782498040.598176,200,137.6233254559338,qwen15b-npu3,
1782498040.5984478,200,135.3248399682343,qwen15b-npu3,
1782498040.5987403,200,122.95400677248836,qwen15b-npu3,
1782498040.600001,200,117.64858104288578,qwen15b-npu5,
1782498040.6008863,200,141.1177390255034,qwen15b-npu5,
1782498040.6077545,200,131.64340471848845,qwen15b-npu7,
1782498040.625287,200,143.68425635620952,qwen15b-npu3,
1782498040.6256669,200,138.54181161150336,qwen15b-npu3,
1782498040.6272447,200,109.67060690745711,qwen15b-npu4,
1782498040.6280947,200,128.40822339057922,qwen15b-npu4,
1782498040.6319308,200,132.59174209088087,qwen15b-npu6,
1782498040.6328962,200,133.88320989906788,qwen15b-npu6,
1782498040.6334426,200,144.9497239664197,qwen15b-npu6,
1782498040.6356833,200,119.72564505413175,qwen15b-npu7,
1782498040.6496406,200,134.34645300731063,qwen15b-npu5,
1782498040.6516252,200,129.18868800625205,qwen15b-npu3,
1782498040.6519287,200,123.54907998815179,qwen15b-npu4,
1782498040.6615157,200,133.4998682141304,qwen15b-npu7,
1782498040.6743386,200,131.21070200577378,qwen15b-npu5,
1782498040.6784174,200,134.93329705670476,qwen15b-npu3,
1782498040.6879678,200,140.4714547097683,qwen15b-npu7,
1782498040.6893659,200,135.4413810186088,qwen15b-npu6,
1782498040.6898391,200,143.26880313456059,qwen15b-npu6,
1782498040.6904476,200,142.0809249393642,qwen15b-npu6,
1782498040.6906838,200,137.0409713126719,qwen15b-npu6,
1782498040.6999848,200,118.3272348716855,qwen15b-npu4,
1782498040.700466,200,126.15263788029552,qwen15b-npu5,
1782498040.7007625,200,125.53734378889203,qwen15b-npu5,
1782498040.7057085,200,126.77235202863812,qwen15b-npu3,
1782498040.7166178,200,142.01806485652924,qwen15b-npu6,
1782498040.718108,200,136.82685000821948,qwen15b-npu7,
1782498040.7184567,200,119.64891524985433,qwen15b-npu7,
1782498040.7188506,200,139.4584272056818,qwen15b-npu7,
1782498040.7231693,200,123.06109722703695,qwen15b-npu5,
1782498040.7242644,200,126.00969802588224,qwen15b-npu4,
1782498040.7247124,200,126.19106890633702,qwen15b-npu4,
1782498040.7339838,200,126.06834806501865,qwen15b-npu3,
1782498040.7453415,200,144.38743004575372,qwen15b-npu6,
1782498040.7479823,200,114.99490309506655,qwen15b-npu5,
1782498040.7485063,200,122.73676600307226,qwen15b-npu5,
1782498040.749494,200,113.70121408253908,qwen15b-npu4,
1782498040.749742,200,124.36157558113337,qwen15b-npu4,
1782498040.7608616,200,128.8418062031269,qwen15b-npu3,
1782498040.7611356,200,133.78372974693775,qwen15b-npu3,
1782498040.7697508,200,118.02562372758985,qwen15b-npu7,
1782498040.7718449,200,119.85493591055274,qwen15b-npu5,
1782498040.7786534,200,145.11337503790855,qwen15b-npu6,
1782498040.7795336,200,151.34940668940544,qwen15b-npu6,
1782498040.788268,200,138.54275131598115,qwen15b-npu3,
1782498040.796111,200,106.2052440829575,qwen15b-npu5,
1782498040.797041,200,118.53060685098171,qwen15b-npu4,
1782498040.797695,200,123.2541180215776,qwen15b-npu7,
1782498040.8043616,200,142.7634498104453,qwen15b-npu6,
1782498040.8202038,200,114.42665010690689,qwen15b-npu5,
1782498040.821511,200,120.68524165078998,qwen15b-npu4,
1782498040.8238442,200,133.0781546421349,qwen15b-npu7,
1782498040.8337502,200,145.71238961070776,qwen15b-npu6,
1782498040.8339825,200,143.47407408058643,qwen15b-npu6,
1782498040.8346703,200,145.23930568248034,qwen15b-npu6,
1782498040.8438606,200,124.90424001589417,qwen15b-npu3,
1782498040.8441832,200,144.01425840333104,qwen15b-npu3,
1782498040.8445046,200,143.9368980936706,qwen15b-npu3,
1782498040.8448565,200,126.64306070655584,qwen15b-npu3,
1782498040.845625,200,111.5788109600544,qwen15b-npu5,
1782498040.8469772,200,128.4368638880551,qwen15b-npu4,
1782498040.8481545,200,123.35078977048397,qwen15b-npu4,
1782498040.8612556,200,144.53818229958415,qwen15b-npu6,
1782498040.8710039,200,121.18493532761931,qwen15b-npu4,
1782498040.8713386,200,110.14341982081532,qwen15b-npu4,
1782498040.8755882,200,151.21498703956604,qwen15b-npu3,
1782498040.8758245,200,127.78223911300302,qwen15b-npu3,
1782498040.8764782,200,153.21252029389143,qwen15b-npu3,
1782498040.8856022,200,136.03897392749786,qwen15b-npu7,
1782498040.8860984,200,137.52845488488674,qwen15b-npu7,
1782498040.8910356,200,130.10687520727515,qwen15b-npu6,
1782498040.891363,200,145.96314122900367,qwen15b-npu6,
1782498040.8947456,200,106.40834597870708,qwen15b-npu4,
1782498040.8986511,200,126.72097189351916,qwen15b-npu3,
1782498040.9051125,200,125.48640416935086,qwen15b-npu7,
1782498040.9054334,200,126.7102719284594,qwen15b-npu7,
1782498040.9180148,200,120.9123726002872,qwen15b-npu5,
1782498040.9187016,200,148.84049072861671,qwen15b-npu6,
1782498040.9319584,200,127.51706689596176,qwen15b-npu7,
1782498040.9321933,200,134.41565399989486,qwen15b-npu7,
1782498040.9325192,200,136.3221569918096,qwen15b-npu7,
1782498040.9448802,200,110.82351533696055,qwen15b-npu4,
1782498040.9471529,200,112.3972749337554,qwen15b-npu4,
1782498040.947514,200,123.60968114808202,qwen15b-npu4,
1782498040.947814,200,114.00256678462029,qwen15b-npu5,
1782498040.9485028,200,126.90321309491992,qwen15b-npu5,
1782498040.948859,200,128.58900520950556,qwen15b-npu5,
1782498040.9680915,200,123.1378079392016,qwen15b-npu4,
1782498040.9701607,200,124.44571731612086,qwen15b-npu5,
1782498040.9704678,200,109.11689419299364,qwen15b-npu5,
1782498040.9709895,200,126.70907098799944,qwen15b-npu5,
1782498040.9764695,200,132.51595059409738,qwen15b-npu6,
1782498040.9767928,200,129.68165194615722,qwen15b-npu6,
1782498040.9802523,200,132.0163276977837,qwen15b-npu3,
1782498040.9831095,200,138.50809121504426,qwen15b-npu7,
1782498040.992773,200,106.61622695624828,qwen15b-npu4,
1782498041.0063717,200,129.83156321570277,qwen15b-npu3,
1782498041.0066354,200,135.52409131079912,qwen15b-npu3,
1782498041.010832,200,125.17076125368476,qwen15b-npu7,
1782498041.0110443,200,139.64085886254907,qwen15b-npu7,
1782498041.018254,200,123.447319958359,qwen15b-npu4,
1782498041.0185242,200,127.3817359469831,qwen15b-npu5,
1782498041.0188575,200,113.3605819195509,qwen15b-npu4,
1782498041.019824,200,121.08700396493077,qwen15b-npu5,
1782498041.0205,200,115.27752503752708,qwen15b-npu5,
1782498041.0330548,200,141.63346216082573,qwen15b-npu3,
1782498041.0340936,200,158.20206375792623,qwen15b-npu6,
1782498041.034406,200,158.752357121557,qwen15b-npu6,
1782498041.0418603,200,123.09171771630645,qwen15b-npu5,
1782498041.0426664,200,124.57266682758927,qwen15b-npu4,
1782498041.0429616,200,110.70146411657333,qwen15b-npu4,
1782498041.0630674,200,130.4791779257357,qwen15b-npu6,
1782498041.0648475,200,132.8260633163154,qwen15b-npu7,
1782498041.065566,200,120.57892000302672,qwen15b-npu7,
1782498041.066611,200,118.72999835759401,qwen15b-npu5,
1782498041.0673096,200,118.70559817180037,qwen15b-npu5,
1782498041.0865448,200,139.26899572834373,qwen15b-npu3,
1782498041.086891,200,139.28953697904944,qwen15b-npu3,
1782498041.0897555,200,119.1327809356153,qwen15b-npu4,
1782498041.090731,200,114.17402792721987,qwen15b-npu4,
1782498041.0910254,200,110.68020388484001,qwen15b-npu5,
1782498041.0923553,200,143.43056408688426,qwen15b-npu6,
1782498041.0926318,200,124.48096740990877,qwen15b-npu7,
1782498041.112884,200,136.02963415905833,qwen15b-npu3,
1782498041.113453,200,106.75778705626726,qwen15b-npu4,
1782498041.1141481,200,143.02412187680602,qwen15b-npu3,
1782498041.1229916,200,152.75353705510497,qwen15b-npu6,
1782498041.1232326,200,140.04105096682906,qwen15b-npu6,
1782498041.1234705,200,130.64033910632133,qwen15b-npu6,
1782498041.1388986,200,118.3098154142499,qwen15b-npu4,
1782498041.139263,200,120.93806266784668,qwen15b-npu4,
1782498041.1403058,200,120.40302017703652,qwen15b-npu5,
1782498041.140576,200,129.44901082664728,qwen15b-npu3,
1782498041.1408062,200,129.9165729433298,qwen15b-npu5,
1782498041.141892,200,123.270268086344,qwen15b-npu5,
1782498041.1481867,200,141.7538425885141,qwen15b-npu7,
1782498041.1485274,200,129.57868073135614,qwen15b-npu7,
1782498041.1630092,200,128.54269379749894,qwen15b-npu5,
1782498041.1675906,200,125.67332526668906,qwen15b-npu3,
1782498041.1759748,200,133.24842602014542,qwen15b-npu7,
1782498041.1762521,200,133.22958583012223,qwen15b-npu7,
1782498041.1798422,200,145.66620020195842,qwen15b-npu6,
1782498041.1805193,200,147.38431107252836,qwen15b-npu6,
1782498041.1863236,200,118.93313890323043,qwen15b-npu4,
1782498041.1873882,200,121.73889763653278,qwen15b-npu5,
1782498041.2029357,200,136.24586630612612,qwen15b-npu7,
1782498041.2111468,200,147.96292502433062,qwen15b-npu6,
1782498041.2117736,200,146.86693670228124,qwen15b-npu6,
1782498041.2146344,200,122.1958021633327,qwen15b-npu5,
1782498041.235399,200,144.26880003884435,qwen15b-npu7,
1782498041.236151,200,145.33867686986923,qwen15b-npu7,
1782498041.2381778,200,148.3521480113268,qwen15b-npu3,
1782498041.238427,200,145.7327902317047,qwen15b-npu3,
1782498041.2386777,200,151.64958871901035,qwen15b-npu3,
1782498041.240094,200,116.56828364357352,qwen15b-npu5,
1782498041.24085,200,154.22627702355385,qwen15b-npu6,
1782498041.2457938,200,131.58287480473518,qwen15b-npu4,
1782498041.2648218,200,151.30618680268526,qwen15b-npu3,
1782498041.265151,200,152.20401296392083,qwen15b-npu3,
1782498041.2705555,200,122.28101212531328,qwen15b-npu4,
1782498041.2709324,200,131.9306567311287,qwen15b-npu4,
1782498041.2721074,200,132.75670306757092,qwen15b-npu4,
1782498041.2727232,200,131.85632601380348,qwen15b-npu6,
1782498041.273129,200,150.0770291313529,qwen15b-npu6,
1782498041.273369,200,150.0764787197113,qwen15b-npu6,
1782498041.2909944,200,150.6279930472374,qwen15b-npu7,
1782498041.2913308,200,128.24453180655837,qwen15b-npu7,
1782498041.2916267,200,149.63606605306268,qwen15b-npu7,
1782498041.2930908,200,152.4512250907719,qwen15b-npu3,
1782498041.2939284,200,145.3034169971943,qwen15b-npu3,
1782498041.2942438,200,118.20727493613958,qwen15b-npu4,
1782498041.299069,200,131.42071291804314,qwen15b-npu6,
1782498041.3126936,200,125.24060159921646,qwen15b-npu5,
1782498041.3201344,200,133.73302901163697,qwen15b-npu7,
1782498041.3204637,200,144.15102917701006,qwen15b-npu7,
1782498041.3208213,200,140.21638222038746,qwen15b-npu3,
1782498041.327596,200,147.69306313246489,qwen15b-npu6,
1782498041.337999,200,126.61018082872033,qwen15b-npu5,
1782498041.3383474,200,135.34686993807554,qwen15b-npu5,
1782498041.3390481,200,127.19745468348265,qwen15b-npu5,
1782498041.3568852,200,141.98305504396558,qwen15b-npu6,
1782498041.3604357,200,124.20138483867049,qwen15b-npu5,
1782498041.3652754,200,124.36169618740678,qwen15b-npu4,
1782498041.3655748,200,127.32812622562051,qwen15b-npu4,
1782498041.3756266,200,136.8816001340747,qwen15b-npu3,
1782498041.3758802,200,137.3745840974152,qwen15b-npu7,
1782498041.3762455,200,140.76552633196115,qwen15b-npu3,
1782498041.3769295,200,131.03026058524847,qwen15b-npu7,
1782498041.386603,200,146.4381250552833,qwen15b-npu6,
1782498041.3902,200,119.5337139070034,qwen15b-npu4,
1782498041.3905313,200,117.10121715441346,qwen15b-npu4,
1782498041.3908792,200,125.96692610532045,qwen15b-npu4,
1782498041.4041674,200,130.97100099548697,qwen15b-npu3,
1782498041.4048035,200,133.76108882948756,qwen15b-npu3,
1782498041.4055793,200,132.7568218111992,qwen15b-npu7,
1782498041.4059098,200,133.72723013162613,qwen15b-npu7,
1782498041.4061558,200,140.9441870637238,qwen15b-npu7,
1782498041.4109988,200,116.6555848903954,qwen15b-npu5,
1782498041.4123855,200,113.21516102179885,qwen15b-npu4,
1782498041.430365,200,138.6698721908033,qwen15b-npu3,
1782498041.4310293,200,139.93633026257157,qwen15b-npu7,
1782498041.4344077,200,113.84982522577047,qwen15b-npu5,
1782498041.4369178,200,116.01250991225243,qwen15b-npu4,
1782498041.4443116,200,150.29519144445658,qwen15b-npu6,
1782498041.4455414,200,154.13498599082232,qwen15b-npu6,
1782498041.4460042,200,152.80334698036313,qwen15b-npu6,
1782498041.4591846,200,120.74447190389037,qwen15b-npu7,
1782498041.4602425,200,147.48060191050172,qwen15b-npu3,
1782498041.4617584,200,134.07555129379034,qwen15b-npu3,
1782498041.4621296,200,122.98597721382976,qwen15b-npu5,
1782498041.4731276,200,135.02249727025628,qwen15b-npu6,
1782498041.4734688,200,153.24112121015787,qwen15b-npu6,
1782498041.4872081,200,126.70233193784952,qwen15b-npu7,
1782498041.4878447,200,122.19128105789423,qwen15b-npu3,
1782498041.4884918,200,131.53755478560925,qwen15b-npu3,
1782498041.4887946,200,112.83175926655531,qwen15b-npu5,
1782498041.4899595,200,114.26573898643255,qwen15b-npu4,
1782498041.490652,200,114.29376807063818,qwen15b-npu4,
1782498041.501903,200,136.55570801347494,qwen15b-npu6,
1782498041.511631,200,124.87553898245096,qwen15b-npu5,
1782498041.5124705,200,122.17386113479733,qwen15b-npu4,
1782498041.514543,200,123.57094092294574,qwen15b-npu3,
1782498041.514805,200,137.81422702595592,qwen15b-npu7,
1782498041.5150826,200,124.46485692635179,qwen15b-npu7,
1782498041.5370367,200,125.95678679645061,qwen15b-npu4,
1782498041.5373201,200,131.10169116407633,qwen15b-npu4,
1782498041.5385277,200,126.05602713301778,qwen15b-npu5,
1782498041.5388865,200,134.6383960917592,qwen15b-npu5,
1782498041.5394447,200,134.56794386729598,qwen15b-npu5,
1782498041.543866,200,137.87619723007083,qwen15b-npu3,
1782498041.5525935,200,146.91088814288378,qwen15b-npu7,
1782498041.5608404,200,115.19136419519782,qwen15b-npu4,
1782498041.5620236,200,125.02396991476417,qwen15b-npu5,
1782498041.5625625,200,132.13370880112052,qwen15b-npu5,
1782498041.5703385,200,124.21879498288035,qwen15b-npu3,
1782498041.5706675,200,139.56831814721227,qwen15b-npu3,
1782498041.5733035,200,138.811522629112,qwen15b-npu6,
1782498041.579715,200,135.3239598684013,qwen15b-npu7,
1782498041.5846732,200,124.28495474159718,qwen15b-npu4,
1782498041.5874798,200,125.2287020906806,qwen15b-npu5,
1782498041.5880413,200,114.80983207002282,qwen15b-npu5,
1782498041.5971346,200,123.59722098335624,qwen15b-npu3,
1782498041.5995507,200,137.68136501312256,qwen15b-npu6,
1782498041.6067584,200,147.47597184032202,qwen15b-npu7,
1782498041.6098266,200,107.81108401715755,qwen15b-npu4,
1782498041.6101716,200,122.8478061966598,qwen15b-npu4,
1782498041.6242409,200,136.3086560741067,qwen15b-npu3,
1782498041.629707,200,138.98948393762112,qwen15b-npu6,
1782498041.6300247,200,141.15150878205895,qwen15b-npu6,
1782498041.6302369,200,140.18277265131474,qwen15b-npu6,
1782498041.6341186,200,145.5472488887608,qwen15b-npu7,
1782498041.6356404,200,121.02697417140007,qwen15b-npu5,
1782498041.6520872,200,139.51834803447127,qwen15b-npu3,
1782498041.6573749,200,120.27267785742879,qwen15b-npu4,
1782498041.657775,200,146.05289231985807,qwen15b-npu6,
1782498041.66033,200,116.34880164638162,qwen15b-npu5,
1782498041.66274,200,147.8446340188384,qwen15b-npu7,
1782498041.6630626,200,147.90432387962937,qwen15b-npu7,
1782498041.6637185,200,124.20838512480259,qwen15b-npu7,
1782498041.6812656,200,143.8777269795537,qwen15b-npu3,
1782498041.6815963,200,142.61730900034308,qwen15b-npu3,
1782498041.6826198,200,111.84403160586953,qwen15b-npu4,
1782498041.6862493,200,123.62475087866187,qwen15b-npu5,
1782498041.6881762,200,127.23902519792318,qwen15b-npu6,
1782498041.6885407,200,135.876574087888,qwen15b-npu6,
1782498041.689233,200,127.12769396603107,qwen15b-npu6,
1782498041.6895282,200,150.9019541554153,qwen15b-npu6,
1782498041.7076406,200,122.8950759395957,qwen15b-npu4,
1782498041.7080526,200,108.43790881335735,qwen15b-npu4,
1782498041.7084122,200,111.18513718247414,qwen15b-npu4,
1782498041.7091584,200,138.74203199520707,qwen15b-npu3,
1782498041.711691,200,131.9013461470604,qwen15b-npu5,
1782498041.7120543,200,123.9470443688333,qwen15b-npu5,
1782498041.712461,200,124.90647984668612,qwen15b-npu5,
1782498041.7157238,200,142.27454597130418,qwen15b-npu6,
1782498041.7340975,200,109.78657798841596,qwen15b-npu5,
1782498041.7581584,200,147.92203484103084,qwen15b-npu7,
1782498041.7585702,200,148.62940972670913,qwen15b-npu7,
1782498041.7593987,200,152.53663528710604,qwen15b-npu7,
1782498041.7603707,200,126.1400580406189,qwen15b-npu5,
1782498041.7663417,200,136.5336081944406,qwen15b-npu3,
1782498041.7667184,200,136.62723824381828,qwen15b-npu3,
1782498041.7787347,200,120.82920223474503,qwen15b-npu4,
1782498041.779328,200,121.85423914343119,qwen15b-npu4,
1782498041.7815945,200,145.86999034509063,qwen15b-npu6,
1782498041.7824328,200,152.0987027324736,qwen15b-npu6,
1782498041.7921004,200,128.95357701927423,qwen15b-npu3,
1782498041.802251,200,120.89998321607709,qwen15b-npu4,
1782498041.8025525,200,116.21239129453897,qwen15b-npu4,
1782498041.8080742,200,118.74100798740983,qwen15b-npu5,
1782498041.8084798,200,126.73470238223672,qwen15b-npu5,
1782498041.8092577,200,157.11144637316465,qwen15b-npu6,
1782498041.8137357,200,150.89730406180024,qwen15b-npu7,
1782498041.8141174,200,150.33710096031427,qwen15b-npu7,
1782498041.8145514,200,154.14867596700788,qwen15b-npu7,
1782498041.8198419,200,131.56134402379394,qwen15b-npu3,
1782498041.8262506,200,114.08412689343095,qwen15b-npu4,
1782498041.8269298,200,118.76076832413673,qwen15b-npu4,
1782498041.8312066,200,123.4386102296412,qwen15b-npu5,
1782498041.8360744,200,146.4891149662435,qwen15b-npu6,
1782498041.8386104,200,155.88452806696296,qwen15b-npu7,
1782498041.839315,200,150.65476205199957,qwen15b-npu7,
1782498041.8478854,200,139.40311688929796,qwen15b-npu3,
1782498041.848296,200,132.47917080298066,qwen15b-npu3,
1782498041.8648384,200,152.24655391648412,qwen15b-npu6,
1782498041.8652065,200,153.41118210926652,qwen15b-npu6,
1782498041.8662097,200,132.0036370307207,qwen15b-npu7,
1782498041.866528,200,157.28257689625025,qwen15b-npu7,
1782498041.8849463,200,118.47645603120327,qwen15b-npu4,
1782498041.8857265,200,126.26069830730557,qwen15b-npu5,
1782498041.8862183,200,127.5161481462419,qwen15b-npu5,
1782498041.8923404,200,134.06758103519678,qwen15b-npu6,
1782498041.9047222,200,125.86103612557054,qwen15b-npu3,
1782498041.90507,200,138.27724987640977,qwen15b-npu3,
1782498041.905303,200,144.85509414225817,qwen15b-npu3,
1782498041.905539,200,122.9967069812119,qwen15b-npu3,
1782498041.919222,200,139.7724999114871,qwen15b-npu7,
1782498041.9211054,200,128.93228698521852,qwen15b-npu6,
1782498041.921914,200,140.20125288516283,qwen15b-npu6,
1782498041.925249,200,122.91820580139756,qwen15b-npu4,
1782498041.9260993,200,123.42040007933974,qwen15b-npu4,
1782498041.926909,200,112.23715404048562,qwen15b-npu4,
1782498041.9287417,200,114.50375989079475,qwen15b-npu5,
1782498041.92908,200,120.88976288214326,qwen15b-npu5,
1782498041.929776,200,121.19098519906402,qwen15b-npu3,
1782498041.9482238,200,134.37748420983553,qwen15b-npu6,
1782498041.9488692,200,128.92413698136806,qwen15b-npu7,
1782498041.9496334,200,140.27937268838286,qwen15b-npu7,
1782498041.950287,200,118.97196900099516,qwen15b-npu4,
1782498041.9507363,200,112.03225422650576,qwen15b-npu4,
1782498041.9517646,200,124.73603757098317,qwen15b-npu7,
1782498041.9570527,200,130.7334192097187,qwen15b-npu3,
1782498041.9763129,200,127.899379003793,qwen15b-npu6,
1782498041.9766026,200,140.43500367552042,qwen15b-npu6,
1782498041.9782987,200,130.30111603438854,qwen15b-npu5,
1782498041.9841235,200,144.73546296358109,qwen15b-npu3,
1782498042.00193,200,135.6418919749558,qwen15b-npu7,
1782498042.0039816,200,137.34969403594732,qwen15b-npu5,
1782498042.0043163,200,139.36114683747292,qwen15b-npu6,
1782498042.0045526,200,118.70452808216214,qwen15b-npu5,
1782498042.004768,200,139.490548055619,qwen15b-npu5,
1782498042.0112402,200,126.17862783372402,qwen15b-npu3,
1782498042.0260649,200,120.45479984954,qwen15b-npu5,
1782498042.029681,200,124.53530728816986,qwen15b-npu6,
1782498042.0307171,200,144.42369062453508,qwen15b-npu7,
1782498042.031093,200,126.27681903541088,qwen15b-npu6,
1782498042.0393455,200,133.96786013618112,qwen15b-npu3,
1782498042.0397851,200,147.37617084756494,qwen15b-npu3,
1782498042.0449853,200,123.80939209833741,qwen15b-npu4,
1782498042.0453358,200,125.98510831594467,qwen15b-npu4,
1782498042.0513911,200,122.55315436050296,qwen15b-npu5,
1782498042.0518134,200,125.59836404398084,qwen15b-npu5,
1782498042.0582004,200,136.18202600628138,qwen15b-npu6,
1782498042.0597181,200,132.72684207186103,qwen15b-npu7,
1782498042.0602574,200,134.9060870707035,qwen15b-npu7,
1782498042.0607991,200,131.65570609271526,qwen15b-npu7,
1782498042.0668545,200,137.01522117480636,qwen15b-npu3,
1782498042.0697591,200,117.84233339130878,qwen15b-npu4,
1782498042.0701728,200,121.8345002271235,qwen15b-npu4,
1782498042.0759234,200,125.51421392709017,qwen15b-npu5,
1782498042.0856264,200,136.68063934892416,qwen15b-npu7,
1782498042.0861664,200,135.31611999496818,qwen15b-npu6,
1782498042.0940645,200,115.64989713951945,qwen15b-npu4,
1782498042.0961318,200,146.4186841621995,qwen15b-npu3,
1782498042.0965157,200,139.3803469836712,qwen15b-npu3,
1782498042.1002269,200,123.55643091723323,qwen15b-npu5,
1782498042.1135662,200,129.37106983736157,qwen15b-npu6,
1782498042.1141405,200,137.7595760859549,qwen15b-npu7,
1782498042.1198626,200,115.24706520140171,qwen15b-npu4,
1782498042.1201906,200,115.8022889867425,qwen15b-npu4,
1782498042.1224458,200,120.41962007060647,qwen15b-npu3,
1782498042.1245246,200,120.44470012187958,qwen15b-npu5,
1782498042.14115,200,136.32691698148847,qwen15b-npu7,
1782498042.1422303,200,130.9010600671172,qwen15b-npu6,
1782498042.1435742,200,112.73621814325452,qwen15b-npu4,
1782498042.149237,200,123.10779793187976,qwen15b-npu3,
1782498042.149678,200,109.77803776040673,qwen15b-npu5,
1782498042.1686907,200,110.39239168167114,qwen15b-npu4,
1782498042.169033,200,123.96676326170564,qwen15b-npu4,
1782498042.1703248,200,140.56274527683854,qwen15b-npu7,
1782498042.1706843,200,131.20140181854367,qwen15b-npu6,
1782498042.1721978,200,141.02213829755783,qwen15b-npu6,
1782498042.1742222,200,113.85108483955264,qwen15b-npu5,
1782498042.1794999,200,127.5617778301239,qwen15b-npu3,
1782498042.179847,200,134.39006404951215,qwen15b-npu3,
1782498042.1980386,200,122.04150995239615,qwen15b-npu5,
1782498042.205306,200,138.3499400690198,qwen15b-npu3,
1782498042.2099392,200,149.02244182303548,qwen15b-npu6,
1782498042.2106867,200,150.84934420883656,qwen15b-npu6,
1782498042.2110496,200,159.55747291445732,qwen15b-npu6,
1782498042.211479,200,141.60133199766278,qwen15b-npu7,
1782498042.2119913,200,141.74276310950518,qwen15b-npu7,
1782498042.2173393,200,121.10100360587239,qwen15b-npu4,
1782498042.21773,200,131.49220403283834,qwen15b-npu4,
1782498042.2229428,200,128.7774359807372,qwen15b-npu5,
1782498042.2234116,200,123.1145178899169,qwen15b-npu5,
1782498042.2384057,200,141.8186742812395,qwen15b-npu7,
1782498042.2386818,200,152.9827183112502,qwen15b-npu7,
1782498042.2415743,200,127.93300021439791,qwen15b-npu4,
1782498042.2419057,200,121.93323019891977,qwen15b-npu4,
1782498042.246387,200,126.11411791294813,qwen15b-npu5,
1782498042.260155,200,135.5524519458413,qwen15b-npu3,
1782498042.2621844,200,139.64707823470235,qwen15b-npu6,
1782498042.2649226,200,150.7155727595091,qwen15b-npu7,
1782498042.2887306,200,145.04034537822008,qwen15b-npu3,
1782498042.2890522,200,109.07147312536836,qwen15b-npu4,
1782498042.2900572,200,140.25378273800015,qwen15b-npu3,
1782498042.2905352,200,119.73016522824764,qwen15b-npu4,
1782498042.291683,200,142.3562467098236,qwen15b-npu6,
1782498042.2932565,200,150.8949138224125,qwen15b-npu7,
1782498042.2935586,200,152.34750416129827,qwen15b-npu7,
1782498042.295524,200,125.09403098374605,qwen15b-npu5,
1782498042.3123312,200,114.18913770467043,qwen15b-npu4,
1782498042.3156955,200,146.9166879542172,qwen15b-npu3,
1782498042.3160791,200,146.9169375486672,qwen15b-npu3,
1782498042.3190656,200,144.73752304911613,qwen15b-npu6,
1782498042.32001,200,147.73685298860073,qwen15b-npu6,
1782498042.3205123,200,140.92869777232409,qwen15b-npu7,
1782498042.3233314,200,113.2474523037672,qwen15b-npu5,
1782498042.323704,200,112.91006905958056,qwen15b-npu5,
1782498042.3239973,200,118.61598724499345,qwen15b-npu5,
1782498042.337955,200,114.4650299102068,qwen15b-npu4,
1782498042.338367,200,120.51683105528355,qwen15b-npu4,
1782498042.3460996,200,123.06101806461811,qwen15b-npu3,
1782498042.3466578,200,135.06181817501783,qwen15b-npu3,
1782498042.3485665,200,137.373483274132,qwen15b-npu6,
1782498042.3489668,200,131.50925375521183,qwen15b-npu7,
1782498042.3493266,200,137.2585422359407,qwen15b-npu7,
1782498042.3735237,200,131.8327863700688,qwen15b-npu3,
1782498042.3750615,200,136.31935603916645,qwen15b-npu7,
1782498042.3753262,200,128.86511581018567,qwen15b-npu7,
1782498042.3760962,200,134.12918103858829,qwen15b-npu6,
1782498042.376329,200,137.85670697689056,qwen15b-npu6,
1782498042.3852203,200,125.00370107591152,qwen15b-npu4,
1782498042.392403,200,127.42130691185594,qwen15b-npu5,
1782498042.403276,200,141.01328793913126,qwen15b-npu6,
1782498042.4094675,200,115.7962391152978,qwen15b-npu4,
1782498042.4177113,200,128.52825410664082,qwen15b-npu5,
1782498042.4180734,200,126.2999102473259,qwen15b-npu5,
1782498042.4288073,200,139.9990119971335,qwen15b-npu3,
1782498042.429122,200,138.48203094676137,qwen15b-npu3,
1782498042.4295626,200,136.22390618547797,qwen15b-npu3,
1782498042.4305074,200,134.88059723749757,qwen15b-npu7,
1782498042.4321232,200,141.9778149574995,qwen15b-npu6,
1782498042.4351296,200,115.0464927777648,qwen15b-npu4,
1782498042.4355361,200,116.3571523502469,qwen15b-npu4,
1782498042.443611,200,131.20467215776443,qwen15b-npu5,
1782498042.4439197,200,123.34481906145811,qwen15b-npu5,
1782498042.4443848,200,120.92292308807373,qwen15b-npu5,
1782498042.4548585,200,131.08910201117396,qwen15b-npu3,
1782498042.457156,200,119.09268004819751,qwen15b-npu7,
1782498042.4578543,200,141.6222620755434,qwen15b-npu7,
1782498042.4587898,200,110.10421020910144,qwen15b-npu4,
1782498042.4622416,200,146.4604940265417,qwen15b-npu6,
1782498042.4626079,200,138.49105080589652,qwen15b-npu6,
1782498042.464917,200,118.19262383505702,qwen15b-npu5,
1782498042.4813924,200,132.3168189264834,qwen15b-npu3,
1782498042.4817042,200,135.53751120343804,qwen15b-npu3,
1782498042.4844797,200,135.05799835547805,qwen15b-npu7,
1782498042.4857242,200,112.1096727438271,qwen15b-npu4,
1782498042.486023,200,110.61790306121111,qwen15b-npu4,
1782498042.4899786,200,113.58466418460011,qwen15b-npu5,
1782498042.4902852,200,115.14400411397219,qwen15b-npu5,
1782498042.4910169,200,152.53227576613426,qwen15b-npu6,
1782498042.5077934,200,131.63378508761525,qwen15b-npu3,
1782498042.5132153,200,120.7425519824028,qwen15b-npu7,
1782498042.5135279,200,128.24369221925735,qwen15b-npu7,
1782498042.5345588,200,116.72266479581594,qwen15b-npu3,
1782498042.538251,200,108.59363107010722,qwen15b-npu5,
1782498042.5450513,200,141.71363320201635,qwen15b-npu6,
1782498042.5454314,200,127.28647608309984,qwen15b-npu6,
1782498042.5462065,200,136.67756877839565,qwen15b-npu6,
1782498042.5580654,200,113.53922402486205,qwen15b-npu4,
1782498042.5584419,200,129.22324892133474,qwen15b-npu4,
1782498042.5635304,200,127.87454901263118,qwen15b-npu5,
1782498042.5652895,200,134.66248475015163,qwen15b-npu3,
1782498042.566077,200,137.18488300219178,qwen15b-npu3,
1782498042.5663376,200,122.34099209308624,qwen15b-npu3,
1782498042.566625,200,134.39814280718565,qwen15b-npu7,
1782498042.5669074,200,111.93442204967141,qwen15b-npu5,
1782498042.5681896,200,124.49216702952981,qwen15b-npu3,
1782498042.5716176,200,136.3889672793448,qwen15b-npu6,
1782498042.5841644,200,121.47954665124416,qwen15b-npu4,
1782498042.5844553,200,127.18840502202511,qwen15b-npu4,
1782498042.5882447,200,123.26183868572116,qwen15b-npu5,
1782498042.5891676,200,130.2697160281241,qwen15b-npu7,
1782498042.5986733,200,140.7526871189475,qwen15b-npu6,
1782498042.5990036,200,136.64730917662382,qwen15b-npu6,
1782498042.6126478,200,130.86410984396935,qwen15b-npu5,
1782498042.615988,200,130.17327478155494,qwen15b-npu7,
1782498042.6163032,200,126.2502889148891,qwen15b-npu7,
1782498042.6170394,200,125.92091597616673,qwen15b-npu7,
1782498042.6192932,200,128.9349957369268,qwen15b-npu3,
1782498042.6197333,200,135.16329787671566,qwen15b-npu3,
1782498042.6256435,200,144.14876885712147,qwen15b-npu6,
1782498042.626268,200,140.18254214897752,qwen15b-npu6,
1782498042.632451,200,119.1587308421731,qwen15b-npu4,
1782498042.6547346,200,146.850798279047,qwen15b-npu6,
1782498042.6550572,200,141.41687098890543,qwen15b-npu6,
1782498042.656492,200,118.1714441627264,qwen15b-npu4,
1782498042.6617534,200,127.08201538771391,qwen15b-npu5,
1782498042.6620808,200,115.79196806997061,qwen15b-npu5,
1782498042.6656833,200,120.52076030522585,qwen15b-npu7,
1782498042.672998,200,127.44736578315496,qwen15b-npu3,
1782498042.6811652,200,114.18669717386365,qwen15b-npu4,
1782498042.6818578,200,123.32096882164478,qwen15b-npu6,
1782498042.6850467,200,118.63496666774154,qwen15b-npu5,
1782498042.6936624,200,121.94966990500689,qwen15b-npu7,
1782498042.6940024,200,127.3065758869052,qwen15b-npu7,
1782498042.6943505,200,128.97377694025636,qwen15b-npu7,
1782498042.7017152,200,138.0804292857647,qwen15b-npu3,
1782498042.7028322,200,134.5728049054742,qwen15b-npu3,
1782498042.70339,200,145.22681664675474,qwen15b-npu3,
1782498042.7097023,200,143.55324488133192,qwen15b-npu6,
1782498042.7110126,200,122.65601521357894,qwen15b-npu5,
1782498042.7113516,200,126.82410189881921,qwen15b-npu5,
1782498042.719184,200,134.92343667894602,qwen15b-npu7,
1782498042.7197304,200,130.45049691572785,qwen15b-npu7,
1782498042.7349305,200,118.84972872212529,qwen15b-npu4,
1782498042.7352755,200,122.52796394750476,qwen15b-npu4,
1782498042.7355857,200,115.74197793379426,qwen15b-npu4,
1782498042.735956,200,119.58382371813059,qwen15b-npu5,
1782498042.73624,200,119.10541076213121,qwen15b-npu4,
1782498042.7372308,200,138.15862918272614,qwen15b-npu4,
1782498042.7384279,200,139.64825915172696,qwen15b-npu6,
1782498042.7437794,200,117.44013894349337,qwen15b-npu7,
1782498042.7551174,200,122.58509499952197,qwen15b-npu3,
1782498042.7554748,200,136.06632500886917,qwen15b-npu3,
1782498042.765594,200,139.87154001370072,qwen15b-npu6,
1782498042.7705147,200,113.91101591289043,qwen15b-npu7,
1782498042.7842476,200,122.07124987617135,qwen15b-npu3,
1782498042.7846494,200,129.8211431130767,qwen15b-npu5,
1782498042.7850566,200,129.88423323258758,qwen15b-npu3,
1782498042.794041,200,132.207908667624,qwen15b-npu6,
1782498042.7950454,200,129.27926937118173,qwen15b-npu6,
1782498042.8067946,200,113.03716991096735,qwen15b-npu4,
1782498042.8071342,200,113.01587987691164,qwen15b-npu4,
1782498042.8074622,200,126.22285773977637,qwen15b-npu4,
1782498042.80859,200,114.16027694940567,qwen15b-npu5,
1782498042.8101225,200,128.18557070568204,qwen15b-npu3,
1782498042.8219466,200,148.84273102506995,qwen15b-npu6,
1782498042.8223774,200,137.24226271733642,qwen15b-npu6,
1782498042.8239837,200,120.45259959995747,qwen15b-npu7,
1782498042.8305287,200,127.61095771566033,qwen15b-npu4,
1782498042.833656,200,123.84676281362772,qwen15b-npu5,
1782498042.8385448,200,127.4567861109972,qwen15b-npu3,
1782498042.851211,200,131.3519929535687,qwen15b-npu6,
1782498042.8515968,200,132.29107903316617,qwen15b-npu6,
1782498042.8520665,200,150.27474984526634,qwen15b-npu6,
1782498042.853444,200,142.01428508386016,qwen15b-npu7,
1782498042.8539352,200,110.00755010172725,qwen15b-npu4,
1782498042.8592825,200,124.25775593146682,qwen15b-npu5,
1782498042.859558,200,123.52984072640538,qwen15b-npu5,
1782498042.8661718,200,128.8676457479596,qwen15b-npu3,
1782498042.8665328,200,131.164341699332,qwen15b-npu3,
1782498042.8860698,200,115.43886596336961,qwen15b-npu4,
1782498042.8864205,200,130.82976872101426,qwen15b-npu4,
1782498042.8867877,200,131.5679349936545,qwen15b-npu5,
1782498042.887469,200,151.82165009900928,qwen15b-npu7,
1782498042.8883657,200,151.9999816082418,qwen15b-npu7,
1782498042.8887262,200,123.05120704695582,qwen15b-npu5,
1782498042.8897116,200,151.1839060112834,qwen15b-npu6,
1782498042.9040308,200,119.270462077111,qwen15b-npu7,
1782498042.9114234,200,117.28128837421536,qwen15b-npu5,
1782498042.9118571,200,126.67859112843871,qwen15b-npu5,
1782498042.92064,200,136.27888588234782,qwen15b-npu3,
1782498042.9305613,200,122.98524705693126,qwen15b-npu7,
1782498042.9309459,200,135.75882324948907,qwen15b-npu7,
1782498042.9321778,200,124.98135026544333,qwen15b-npu6,
1782498042.9359474,200,129.0529570542276,qwen15b-npu5,
1782498042.947848,200,139.18890478089452,qwen15b-npu3,
1782498042.9527194,200,130.27516612783074,qwen15b-npu4,
1782498042.9530957,200,128.99648817256093,qwen15b-npu4,
1782498042.9539633,200,131.89527578651905,qwen15b-npu4,
1782498042.956558,200,122.83123563975096,qwen15b-npu7,
1782498042.95965,200,149.46230500936508,qwen15b-npu6,
1782498042.9603188,200,129.68384195119143,qwen15b-npu6,
1782498042.9624152,200,123.76563204452395,qwen15b-npu5,
1782498042.9766662,200,122.6229639723897,qwen15b-npu3,
1782498042.9772785,200,125.5541043356061,qwen15b-npu3,
1782498042.9776711,200,118.31849627196789,qwen15b-npu4,
1782498042.9781096,200,124.54670807346702,qwen15b-npu4,
1782498042.9825878,200,131.26565283164382,qwen15b-npu7,
1782498042.9829278,200,130.73903881013393,qwen15b-npu7,
1782498042.9852922,200,118.69962839409709,qwen15b-npu6,
1782498042.9885266,200,128.8993270136416,qwen15b-npu5,
1782498042.9889295,200,122.65753513202071,qwen15b-npu5,
1782498043.001378,200,111.58880963921547,qwen15b-npu4,
1782498043.0017045,200,114.12096675485373,qwen15b-npu4,
1782498043.012816,200,123.97865299135447,qwen15b-npu5,
1782498043.0131161,200,126.58821139484644,qwen15b-npu5,
1782498043.013543,200,125.07558101788163,qwen15b-npu6,
1782498043.0241234,200,112.13865410536528,qwen15b-npu4,
1782498043.032107,200,145.21325565874577,qwen15b-npu3,
1782498043.032521,200,146.34037390351295,qwen15b-npu3,
1782498043.0365894,200,115.86815910413861,qwen15b-npu5,
1782498043.040183,200,128.6787847056985,qwen15b-npu6,
1782498043.0405192,200,136.40822703018785,qwen15b-npu6,
1782498043.0573921,200,125.11871103197336,qwen15b-npu3,
1782498043.0625012,200,114.56158990040421,qwen15b-npu7,
1782498043.062849,200,126.83924287557602,qwen15b-npu7,
1782498043.063156,200,132.0797479711473,qwen15b-npu7,
1782498043.0634542,200,132.78088299557567,qwen15b-npu7,
1782498043.086377,200,125.98657701164484,qwen15b-npu3,
1782498043.0884664,200,134.39891394227743,qwen15b-npu3,
1782498043.0890741,200,136.24715618789196,qwen15b-npu3,
1782498043.08938,200,126.89174339175224,qwen15b-npu7,
1782498043.0898526,200,130.13733504340053,qwen15b-npu5,
1782498043.0902998,200,133.67425883188844,qwen15b-npu7,
1782498043.0947003,200,141.4862722158432,qwen15b-npu6,
1782498043.1003885,200,111.37946881353855,qwen15b-npu4,
1782498043.1009588,200,117.90689313784242,qwen15b-npu4,
1782498043.1013567,200,118.67359699681401,qwen15b-npu4,
1782498043.1016724,200,124.9108798801899,qwen15b-npu4,
1782498043.1135635,200,135.3676300495863,qwen15b-npu3,
1782498043.1158834,200,127.2460650652647,qwen15b-npu5,
1782498043.1162505,200,114.47385000064969,qwen15b-npu5,
1782498043.1167634,200,131.40090322121978,qwen15b-npu5,
1782498043.1225486,200,109.33198500424623,qwen15b-npu4,
1782498043.1245573,200,147.17221911996603,qwen15b-npu6,
1782498043.1248426,200,147.03177800402045,qwen15b-npu6,
1782498043.1257625,200,124.30512486025691,qwen15b-npu6,
1782498043.1383514,200,114.14690734818578,qwen15b-npu7,
1782498043.1386673,200,125.01948000863194,qwen15b-npu7,
1782498043.1420085,200,129.10994794219732,qwen15b-npu3,
1782498043.1463156,200,105.70232104510069,qwen15b-npu4,
1782498043.1631744,200,130.52847795188427,qwen15b-npu7,
1782498043.1652825,200,125.0118799507618,qwen15b-npu5,
1782498043.1699715,200,133.29012598842382,qwen15b-npu3,
1782498043.170885,200,107.33438190072775,qwen15b-npu4,
1782498043.1770985,200,144.89205507561564,qwen15b-npu6,
1782498043.1776395,200,120.17807783558965,qwen15b-npu6,
1782498043.1913004,200,128.3628628589213,qwen15b-npu5,
1782498043.191601,200,128.99786699563265,qwen15b-npu5,
1782498043.2037196,200,140.480135101825,qwen15b-npu6,
1782498043.2222986,200,120.85192278027534,qwen15b-npu5,
1782498043.2230074,200,121.94417975842953,qwen15b-npu4,
1782498043.2235148,200,134.36829391866922,qwen15b-npu4,
1782498043.2255063,200,125.02542976289988,qwen15b-npu7,
1782498043.2258117,200,139.31433716788888,qwen15b-npu7,
1782498043.2262251,200,135.80973260104656,qwen15b-npu7,
1782498043.2321737,200,142.63953873887658,qwen15b-npu6,
1782498043.2325358,200,130.76531933620572,qwen15b-npu6,
1782498043.2380788,200,148.10246601700783,qwen15b-npu3,
1782498043.2391543,200,144.3470506928861,qwen15b-npu3,
1782498043.2395604,200,151.00754611194134,qwen15b-npu3,
1782498043.2411947,200,124.8226803727448,qwen15b-npu5,
1782498043.2439392,200,127.9628099873662,qwen15b-npu7,
1782498043.2447042,200,122.06486007198691,qwen15b-npu7,
1782498043.2457347,200,119.87366620451212,qwen15b-npu4,
1782498043.2593257,200,142.4710568971932,qwen15b-npu6,
1782498043.267599,200,142.6580990664661,qwen15b-npu3,
1782498043.2689095,200,144.27398005500436,qwen15b-npu3,
1782498043.2694032,200,155.7550667785108,qwen15b-npu3,
1782498043.26973,200,131.2855719588697,qwen15b-npu5,
1782498043.270527,200,128.45314387232065,qwen15b-npu4,
1782498043.2875564,200,141.09699800610542,qwen15b-npu6,
1782498043.2960079,200,125.05158083513379,qwen15b-npu5,
1782498043.296339,200,157.5669590383768,qwen15b-npu3,
1782498043.2976313,200,134.38113266602159,qwen15b-npu7,
1782498043.2979665,200,127.90565006434917,qwen15b-npu7,
1782498043.2993503,200,121.65234796702862,qwen15b-npu4,
1782498043.2996843,200,134.33676306158304,qwen15b-npu4,
1782498043.3170543,200,125.37961313501,qwen15b-npu6,
1782498043.3179367,200,140.77284699305892,qwen15b-npu6,
1782498043.3219352,200,118.11215430498123,qwen15b-npu5,
1782498043.3459563,200,122.3718929104507,qwen15b-npu4,
1782498043.3502219,200,127.81667010858655,qwen15b-npu7,
1782498043.3505254,200,159.14969006553292,qwen15b-npu3,
1782498043.3507643,200,118.47818596288562,qwen15b-npu7,
1782498043.3707294,200,132.5816111639142,qwen15b-npu4,
1782498043.3720539,200,112.64471663162112,qwen15b-npu5,
1782498043.3723245,200,139.68385895714164,qwen15b-npu5,
1782498043.373487,200,133.80623003467917,qwen15b-npu4,
1782498043.3740876,200,132.79213337227702,qwen15b-npu5,
1782498043.3744068,200,151.32105676457286,qwen15b-npu6,
1782498043.3758407,200,130.01700397580862,qwen15b-npu5,
1782498043.376155,200,136.88103016465902,qwen15b-npu6,
1782498043.3768294,200,151.24223567545414,qwen15b-npu6,
1782498043.3773787,200,132.57992081344128,qwen15b-npu7,
1782498043.3799202,200,153.61553290858865,qwen15b-npu3,
1782498043.3802238,200,136.1852651461959,qwen15b-npu3,
1782498043.380507,200,154.55797920003533,qwen15b-npu3,
1782498043.3948534,200,125.04610093310475,qwen15b-npu4,
1782498043.3990786,200,128.46060376614332,qwen15b-npu6,
1782498043.4027321,200,135.0545878522098,qwen15b-npu7,
1782498043.4030144,200,133.50931834429502,qwen15b-npu7,
1782498043.4066758,200,137.665085028857,qwen15b-npu3,
1782498043.4201338,200,120.35014014691114,qwen15b-npu4,
1782498043.4204316,200,124.03286388143897,qwen15b-npu4,
1782498043.4207494,200,133.1090652383864,qwen15b-npu5,
1782498043.4210522,200,123.32878867164254,qwen15b-npu5,
1782498043.4259505,200,129.82957297936082,qwen15b-npu6,
1782498043.4291759,200,129.74883196875453,qwen15b-npu7,
1782498043.431604,200,133.54963809251785,qwen15b-npu3,
1782498043.4437764,200,126.6392320394516,qwen15b-npu5,
1782498043.452082,200,134.02903079986572,qwen15b-npu6,
1782498043.4550781,200,133.03571473807096,qwen15b-npu7,
1782498043.467922,200,117.09328694269061,qwen15b-npu4,
1782498043.4686668,200,122.63426510617137,qwen15b-npu4,
1782498043.4793153,200,129.00711689144373,qwen15b-npu6,
1782498043.4860506,200,135.45048097148538,qwen15b-npu3,
1782498043.4921992,200,114.70964131876826,qwen15b-npu4,
1782498043.4929004,200,120.47385005280375,qwen15b-npu4,
1782498043.493765,200,113.18749096244574,qwen15b-npu5,
1782498043.4944515,200,118.53621667250991,qwen15b-npu5,
1782498043.5083709,200,134.19478200376034,qwen15b-npu6,
1782498043.5086935,200,134.17478185147047,qwen15b-npu6,
1782498043.5090618,200,136.935549788177,qwen15b-npu7,
1782498043.509634,200,129.6241506934166,qwen15b-npu7,
1782498043.5099819,200,136.40457717701793,qwen15b-npu7,
1782498043.5164795,200,145.6819591112435,qwen15b-npu3,
1782498043.517102,200,140.15092281624675,qwen15b-npu3,
1782498043.5175202,200,141.28592004999518,qwen15b-npu3,
1782498043.5179107,200,137.6165351830423,qwen15b-npu3,
1782498043.5186021,200,119.41912258043885,qwen15b-npu5,
1782498043.5195427,200,116.45774263888597,qwen15b-npu5,
1782498043.5342631,200,127.4909470230341,qwen15b-npu7,
1782498043.5345814,200,139.65844875201583,qwen15b-npu7,
1782498043.54051,200,108.84672217071056,qwen15b-npu4,
1782498043.5408418,200,120.00275682657957,qwen15b-npu4,
1782498043.5418622,200,120.72313204407692,qwen15b-npu4,
1782498043.5424929,200,121.9664802774787,qwen15b-npu5,
1782498043.542974,200,113.7373736128211,qwen15b-npu5,
1782498043.5439255,200,141.10814919695258,qwen15b-npu3,
1782498043.5602593,200,134.24363313242793,qwen15b-npu7,
1782498043.562077,200,141.85823360458016,qwen15b-npu6,
1782498043.566727,200,122.88024602457881,qwen15b-npu5,
1782498043.589825,200,121.06716260313988,qwen15b-npu6,
1782498043.5909505,200,122.94635688886046,qwen15b-npu6,
1782498043.591247,200,136.04622520506382,qwen15b-npu6,
1782498043.5980175,200,145.85072081536055,qwen15b-npu3,
1782498043.6111834,200,125.06788084283471,qwen15b-npu4,
1782498043.6147077,200,120.86693290621042,qwen15b-npu5,
1782498043.6180673,200,125.80738496035337,qwen15b-npu6,
1782498043.6253119,200,130.78748900443316,qwen15b-npu3,
1782498043.626333,200,133.34116712212563,qwen15b-npu3,
1782498043.6268904,200,147.49129163101315,qwen15b-npu3,
1782498043.6358955,200,116.26942083239555,qwen15b-npu4,
1782498043.6361752,200,117.49699991196394,qwen15b-npu4,
1782498043.6400738,200,123.52622020989656,qwen15b-npu5,
1782498043.640544,200,132.07378704100847,qwen15b-npu5,
1782498043.642223,200,133.0669247545302,qwen15b-npu7,
1782498043.6426008,200,124.9493402428925,qwen15b-npu7,
1782498043.6428514,200,125.6355051882565,qwen15b-npu7,
1782498043.645753,200,135.68080170080066,qwen15b-npu6,
1782498043.6464334,200,137.67827581614256,qwen15b-npu6,
1782498043.6528575,200,143.12935201451182,qwen15b-npu3,
1782498043.6531603,200,135.17574919387698,qwen15b-npu3,
1782498043.6605954,200,125.91881630942225,qwen15b-npu4,
1782498043.660886,200,116.87967600300908,qwen15b-npu4,
1782498043.6615531,200,120.62540091574192,qwen15b-npu4,
1782498043.6647549,200,122.80338490381837,qwen15b-npu5,
1782498043.6651154,200,122.54912406206131,qwen15b-npu5,
1782498043.6663947,200,125.78369490802288,qwen15b-npu7,
1782498043.666685,200,132.34241027384996,qwen15b-npu7,
1782498043.679685,200,136.61862909793854,qwen15b-npu3,
1782498043.6924348,200,132.11558805778623,qwen15b-npu7,
1782498043.6932664,200,131.09215116128325,qwen15b-npu7,
1782498043.699839,200,133.03629402071238,qwen15b-npu6,
1782498043.7081423,200,116.79108487442136,qwen15b-npu4,
1782498043.7120864,200,113.97411627694964,qwen15b-npu5,
1782498043.7271645,200,137.27264292538166,qwen15b-npu6,
1782498043.7328646,200,141.8360131792724,qwen15b-npu3,
1782498043.7364798,200,118.34761500358582,qwen15b-npu5,
1782498043.7452846,200,119.89459581673145,qwen15b-npu7,
1782498043.7564204,200,110.59768358245492,qwen15b-npu4,
1782498043.7567608,200,116.15027068182826,qwen15b-npu4,
1782498043.7595696,200,144.78663401678205,qwen15b-npu6,
1782498043.7598648,200,148.5783993266523,qwen15b-npu6,
1782498043.760166,200,133.18821601569653,qwen15b-npu6,
1782498043.7614095,200,134.95785742998123,qwen15b-npu3,
1782498043.7622037,200,125.93688583001494,qwen15b-npu3,
1782498043.7625859,200,120.24100823327899,qwen15b-npu5,
1782498043.763637,200,120.95678318291903,qwen15b-npu5,
1782498043.7744353,200,138.47371097654104,qwen15b-npu7,
1782498043.7747493,200,131.83537730947137,qwen15b-npu7,
1782498043.7814343,200,116.59675417467952,qwen15b-npu4,
1782498043.7817225,200,121.04589398950338,qwen15b-npu4,
1782498043.7820344,200,121.08772434294224,qwen15b-npu4,
1782498043.784862,200,144.70464270561934,qwen15b-npu6,
1782498043.7851171,200,123.49409982562065,qwen15b-npu6,
1782498043.7860985,200,139.58169799298048,qwen15b-npu6,
1782498043.787214,200,107.45121305808425,qwen15b-npu5,
1782498043.7875273,200,121.0469538345933,qwen15b-npu5,
1782498043.7904487,200,137.18006201088428,qwen15b-npu3,
1782498043.790721,200,137.7937258221209,qwen15b-npu3,
1782498043.7910116,200,124.25761483609676,qwen15b-npu3,
1782498043.8020148,200,136.78552955389023,qwen15b-npu7,
1782498043.829979,200,130.0628138706088,qwen15b-npu7,
1782498043.830341,200,137.84194737672806,qwen15b-npu7,
1782498043.8350878,200,107.86564508453012,qwen15b-npu5,
1782498043.8376133,200,144.24943877384067,qwen15b-npu6,
1782498043.8461363,200,137.91944785043597,qwen15b-npu3,
1782498043.8512838,200,114.7313411347568,qwen15b-npu4,
1782498043.8553293,200,143.18359317258,qwen15b-npu7,
1782498043.8659785,200,120.61303108930588,qwen15b-npu6,
1782498043.8667285,200,133.78874910995364,qwen15b-npu6,
1782498043.88339,200,121.8736688606441,qwen15b-npu7,
1782498043.8843858,200,127.54870811477304,qwen15b-npu7,
1782498043.8854687,200,125.24428218603134,qwen15b-npu4,
1782498043.885737,200,123.06773709133267,qwen15b-npu4,
1782498043.8869998,200,124.69129776582122,qwen15b-npu5,
1782498043.888275,200,131.75907637923956,qwen15b-npu5,
1782498043.8885925,200,113.75100491568446,qwen15b-npu5,
1782498043.8928494,200,132.91214406490326,qwen15b-npu6,
1782498043.9028044,200,128.28535307198763,qwen15b-npu3,
1782498043.90365,200,139.9327297694981,qwen15b-npu3,
1782498043.903977,200,144.32144118472934,qwen15b-npu3,
1782498043.904277,200,122.1616817638278,qwen15b-npu4,
1782498043.9046752,200,123.15534800291061,qwen15b-npu4,
1782498043.9091303,200,118.3519046753645,qwen15b-npu7,
1782498043.9094088,200,127.60814791545272,qwen15b-npu7,
1782498043.9102535,200,125.32033305615187,qwen15b-npu5,
1782498043.9111297,200,120.5988610163331,qwen15b-npu5,
1782498043.92371,200,132.6254610903561,qwen15b-npu6,
1782498043.9241138,200,137.92533706873655,qwen15b-npu6,
1782498043.9243937,200,137.09100196138024,qwen15b-npu6,
1782498043.928923,200,141.3004701025784,qwen15b-npu3,
1782498043.9292324,200,144.03918804600835,qwen15b-npu3,
1782498043.9349835,200,132.87163339555264,qwen15b-npu7,
1782498043.9498398,200,114.66379137709737,qwen15b-npu4,
1782498043.9555736,200,117.86122201010585,qwen15b-npu3,
1782498043.9561877,200,125.76968595385551,qwen15b-npu3,
1782498043.9590847,200,112.8411591053009,qwen15b-npu5,
1782498043.9738855,200,122.5203643552959,qwen15b-npu4,
1782498043.9761062,200,146.02637197822332,qwen15b-npu6,
1782498043.985364,200,119.31370198726654,qwen15b-npu5,
1782498043.9870794,200,131.67510507628322,qwen15b-npu7,
1782498044.0016809,200,115.86312903091311,qwen15b-npu4,
1782498044.002101,200,135.2898390032351,qwen15b-npu4,
1782498044.0091205,200,121.96134915575385,qwen15b-npu3,
1782498044.0097554,200,121.05895392596722,qwen15b-npu5,
1782498044.010523,200,122.1618507988751,qwen15b-npu5,
1782498044.0145555,200,121.63752829656005,qwen15b-npu7,
1782498044.0148895,200,131.42488291487098,qwen15b-npu7,
1782498044.024266,200,113.90807572752237,qwen15b-npu4,
1782498044.0320768,200,128.0162907205522,qwen15b-npu6,
1782498044.032718,200,148.226086050272,qwen15b-npu6,
1782498044.0331316,200,129.37969993799925,qwen15b-npu6,
1782498044.0334806,200,147.9315939359367,qwen15b-npu6,
1782498044.0351164,200,125.90148625895381,qwen15b-npu5,
1782498044.035477,200,130.6910989806056,qwen15b-npu5,
1782498044.0424545,200,139.4869084469974,qwen15b-npu3,
1782498044.0430222,200,138.62953195348382,qwen15b-npu3,
1782498044.0437381,200,132.51037057489157,qwen15b-npu3,
1782498044.0486863,200,124.21303521841764,qwen15b-npu7,
1782498044.0490959,200,139.620928093791,qwen15b-npu7,
1782498044.0538414,200,129.65488201007247,qwen15b-npu4,
1782498044.05417,200,130.32957632094622,qwen15b-npu4,
1782498044.0615573,200,132.2523388080299,qwen15b-npu6,
1782498044.0618525,200,126.79730169475079,qwen15b-npu6,
1782498044.0719335,200,142.92873069643974,qwen15b-npu3,
1782498044.076534,200,117.37182922661304,qwen15b-npu4,
1782498044.0768492,200,121.18723522871733,qwen15b-npu4,
1782498044.0854332,200,111.48389987647533,qwen15b-npu5,
1782498044.0885358,200,132.2829988785088,qwen15b-npu6,
1782498044.1000185,200,150.09552985429764,qwen15b-npu3,
1782498044.1045756,200,128.39623261243105,qwen15b-npu7,
1782498044.1113687,200,124.20276505872607,qwen15b-npu5,
1782498044.111883,200,126.37699907645583,qwen15b-npu5,
1782498044.1250777,200,115.24262512102723,qwen15b-npu4,
1782498044.1328187,200,131.02424098178744,qwen15b-npu7,
1782498044.1331596,200,130.95771986991167,qwen15b-npu7,
1782498044.1435874,200,132.97467399388552,qwen15b-npu6,
1782498044.1538558,200,129.44772094488144,qwen15b-npu4,
1782498044.155128,200,145.93095099553466,qwen15b-npu3,
1782498044.155436,200,140.48156421631575,qwen15b-npu3,
1782498044.162312,200,118.48852643743157,qwen15b-npu5,
1782498044.1628516,200,127.3042457178235,qwen15b-npu5,
1782498044.163265,200,114.44952990859747,qwen15b-npu5,
1782498044.1738489,200,141.03011833503842,qwen15b-npu7,
1782498044.1742437,200,159.60545325651765,qwen15b-npu7,
1782498044.1796741,200,125.73376530781388,qwen15b-npu4,
1782498044.1800144,200,137.46696384623647,qwen15b-npu4,
1782498044.1818922,200,146.68564591556787,qwen15b-npu3,
1782498044.182218,200,127.97508994117379,qwen15b-npu3,
1782498044.1825366,200,149.2996229790151,qwen15b-npu3,
1782498044.1834128,200,134.23806196078658,qwen15b-npu6,
1782498044.1842923,200,150.7132826372981,qwen15b-npu6,
1782498044.184958,200,152.78804814442992,qwen15b-npu6,
1782498044.18577,200,108.8434518314898,qwen15b-npu5,
1782498044.1865196,200,124.86785929650068,qwen15b-npu5,
1782498044.2016873,200,158.40266505256295,qwen15b-npu7,
1782498044.2020793,200,140.15000173822045,qwen15b-npu7,
1782498044.2033377,200,117.83552216365933,qwen15b-npu4,
1782498044.2072585,200,135.2064087986946,qwen15b-npu3,
1782498044.2084262,200,131.80777616798878,qwen15b-npu6,
1782498044.2297323,200,141.13453915342689,qwen15b-npu7,
1782498044.2352326,200,123.27338894829154,qwen15b-npu3,
1782498044.2355108,200,123.9857841283083,qwen15b-npu5,
1782498044.2358224,200,135.66878205165267,qwen15b-npu3,
1782498044.2552466,200,150.57537192478776,qwen15b-npu7,
1782498044.2588239,200,125.60310401022434,qwen15b-npu5,
1782498044.2614248,200,128.51440394297242,qwen15b-npu3,
1782498044.2655923,200,140.42004430666566,qwen15b-npu6,
1782498044.274574,200,119.03842026367784,qwen15b-npu4,
1782498044.2830472,200,127.83028883859515,qwen15b-npu7,
1782498044.2833676,200,129.3815798126161,qwen15b-npu7,
1782498044.2842247,200,121.23144511133432,qwen15b-npu5,
1782498044.288225,200,144.5607622154057,qwen15b-npu3,
1782498044.293614,200,131.13322108983994,qwen15b-npu6,
1782498044.293991,200,130.64754894003272,qwen15b-npu6,
1782498044.302818,200,120.84074225276709,qwen15b-npu4,
1782498044.303209,200,120.87969295680523,qwen15b-npu4,
1782498044.3034873,200,119.99941663816571,qwen15b-npu4,
1782498044.3040047,200,130.04921423271298,qwen15b-npu4,
1782498044.3044994,200,117.90100205689669,qwen15b-npu4,
1782498044.309336,200,129.18673921376467,qwen15b-npu5,
1782498044.3097997,200,125.42830314487219,qwen15b-npu5,
1782498044.3106506,200,125.62989490106702,qwen15b-npu7,
1782498044.3167713,200,130.92273008078337,qwen15b-npu3,
1782498044.3170924,200,134.47139412164688,qwen15b-npu3,
1782498044.3201628,200,145.82434110343456,qwen15b-npu6,
1782498044.3209262,200,141.15142915397882,qwen15b-npu6,
1782498044.3231387,200,114.64286083355546,qwen15b-npu4,
1782498044.33211,200,129.9201832152903,qwen15b-npu5,
1782498044.3392024,200,131.85912696644664,qwen15b-npu7,
1782498044.339669,200,137.84911716356874,qwen15b-npu7,
1782498044.3436396,200,140.2385733090341,qwen15b-npu3,
1782498044.3469145,200,111.59906070679426,qwen15b-npu4,
1782498044.3634298,200,127.85181030631065,qwen15b-npu7,
1782498044.36888,200,132.98444403335452,qwen15b-npu3,
1782498044.374062,200,144.26656998693943,qwen15b-npu6,
1782498044.381679,200,115.96704926341772,qwen15b-npu5,
1782498044.3941052,200,105.80140072852373,qwen15b-npu4,
1782498044.3953133,200,120.6565611064434,qwen15b-npu3,
1782498044.4033537,200,141.86528371647,qwen15b-npu6,
1782498044.4044275,200,149.1131717339158,qwen15b-npu6,
1782498044.404713,200,145.82746010273695,qwen15b-npu6,
1782498044.4069583,200,112.88340901955962,qwen15b-npu5,
1782498044.4074154,200,113.67121385410428,qwen15b-npu5,
1782498044.4186919,200,115.40833581238985,qwen15b-npu4,
1782498044.4197314,200,136.29792584106326,qwen15b-npu7,
1782498044.4199805,200,136.85373961925507,qwen15b-npu7,
1782498044.4240203,200,120.42832979932427,qwen15b-npu3,
1782498044.4317734,200,127.17457488179207,qwen15b-npu6,
1782498044.432319,200,147.99312502145767,qwen15b-npu6,
1782498044.4325402,200,129.61026094853878,qwen15b-npu5,
1782498044.4327981,200,122.06063093617558,qwen15b-npu6,
1782498044.4330251,200,116.1646912805736,qwen15b-npu5,
1782498044.4430835,200,119.85349608585238,qwen15b-npu4,
1782498044.4477417,200,127.49438686296344,qwen15b-npu7,
1782498044.4479778,200,138.07882787659764,qwen15b-npu7,
1782498044.4481924,200,127.17322492972016,qwen15b-npu7,
1782498044.4484575,200,144.35112988576293,qwen15b-npu7,
1782498044.4536314,200,136.4800278097391,qwen15b-npu3,
1782498044.4538684,200,144.37310118228197,qwen15b-npu3,
1782498044.4552078,200,115.38269557058811,qwen15b-npu5,
1782498044.4558015,200,112.06769431009889,qwen15b-npu5,
1782498044.456825,200,124.62197802960873,qwen15b-npu6,
1782498044.4672713,200,120.25166908279061,qwen15b-npu4,
1782498044.4774485,200,138.15839914605021,qwen15b-npu3,
1782498044.4989016,200,135.3916903026402,qwen15b-npu7,
1782498044.4991283,200,130.18967490643263,qwen15b-npu7,
1782498044.5097969,200,128.00885131582618,qwen15b-npu6,
1782498044.5100632,200,135.94450429081917,qwen15b-npu6,
1782498044.515618,200,121.43656704574823,qwen15b-npu4,
1782498044.515879,200,120.4897309653461,qwen15b-npu4,
1782498044.5161483,200,111.63968034088612,qwen15b-npu4,
1782498044.5248067,200,117.31299897655845,qwen15b-npu7,
1782498044.5299056,200,109.85480900853872,qwen15b-npu5,
1782498044.5302446,200,123.20125801488757,qwen15b-npu5,
1782498044.5309513,200,127.52091698348522,qwen15b-npu3,
1782498044.5359108,200,131.114870775491,qwen15b-npu6,
1782498044.5394447,200,106.83145793154836,qwen15b-npu4,
1782498044.5396996,200,107.84501489251852,qwen15b-npu4,
1782498044.5399532,200,120.15288695693016,qwen15b-npu4,
1782498044.5539954,200,110.83219479769468,qwen15b-npu5,
1782498044.5542595,200,121.88010988757014,qwen15b-npu5,
1782498044.5598805,200,126.7910422757268,qwen15b-npu3,
1782498044.560139,200,136.05125527828932,qwen15b-npu3,
1782498044.5604734,200,141.70724200084805,qwen15b-npu3,
1782498044.5617356,200,105.86999170482159,qwen15b-npu4,
1782498044.5624392,200,129.57023177295923,qwen15b-npu6,
1782498044.5775967,200,123.89739183709025,qwen15b-npu7,
1782498044.5778966,200,123.96218441426754,qwen15b-npu7,
1782498044.5790715,200,122.18050099909306,qwen15b-npu5,
1782498044.5795155,200,130.97784016281366,qwen15b-npu5,
1782498044.5851367,200,136.86842983588576,qwen15b-npu3,
1782498044.585417,200,137.6097947359085,qwen15b-npu3,
1782498044.5904062,200,135.1302289403975,qwen15b-npu6,
1782498044.5906763,200,142.63934921473265,qwen15b-npu6,
1782498044.6024108,200,124.89935895428061,qwen15b-npu5,
1782498044.6036227,200,136.28778606653214,qwen15b-npu7,
1782498044.611005,200,111.81281227618456,qwen15b-npu4,
1782498044.6274445,200,111.22499825432897,qwen15b-npu5,
1782498044.6311297,200,132.1616182103753,qwen15b-npu7,
1782498044.631364,200,115.41780596598983,qwen15b-npu7,
1782498044.6350012,200,119.31041209027171,qwen15b-npu4,
1782498044.6454568,200,135.33185003325343,qwen15b-npu6,
1782498044.6460779,200,136.21332589536905,qwen15b-npu6,
1782498044.6516232,200,115.6480866484344,qwen15b-npu5,
1782498044.6591156,200,119.09619113430381,qwen15b-npu4,
1782498044.660025,200,120.24456914514303,qwen15b-npu7,
1782498044.6603673,200,129.34657977893949,qwen15b-npu7,
1782498044.6609051,200,130.58705814182758,qwen15b-npu4,
1782498044.666043,200,141.17384888231754,qwen15b-npu3,
1782498044.6667442,200,136.7545099928975,qwen15b-npu3,
1782498044.6670723,200,127.55754776299,qwen15b-npu3,
1782498044.672576,200,118.23598528280854,qwen15b-npu6,
1782498044.676158,200,114.35627890750766,qwen15b-npu5,
1782498044.682208,200,122.25580215454102,qwen15b-npu4,
1782498044.6826816,200,122.13995074853301,qwen15b-npu4,
1782498044.6924584,200,138.38660111650825,qwen15b-npu3,
1782498044.692934,200,132.72307207807899,qwen15b-npu3,
1782498044.6993592,200,136.85708958655596,qwen15b-npu6,
1782498044.7028296,200,123.24479781091213,qwen15b-npu5,
1782498044.7031298,200,125.1596612855792,qwen15b-npu5,
1782498044.7040153,200,124.81354922056198,qwen15b-npu5,
1782498044.7107584,200,120.01047702506185,qwen15b-npu7,
1782498044.7114623,200,126.2583383359015,qwen15b-npu7,
1782498044.719745,200,142.06840516999364,qwen15b-npu3,
1782498044.7273152,200,124.84101904556155,qwen15b-npu6,
1782498044.7282267,200,137.75294600054622,qwen15b-npu6,
1782498044.728567,200,143.08573119342327,qwen15b-npu6,
1782498044.7544994,200,119.43366285413504,qwen15b-npu6,
1782498044.7584453,200,130.92415034770966,qwen15b-npu5,
1782498044.7613204,200,157.63546992093325,qwen15b-npu3,
1782498044.7616456,200,150.50790226086974,qwen15b-npu3,
1782498044.7622318,200,130.79450000077486,qwen15b-npu4,
1782498044.7638113,200,132.6210512779653,qwen15b-npu7,
1782498044.764192,200,118.67537815123796,qwen15b-npu7,
1782498044.785679,200,118.86864900588989,qwen15b-npu5,
1782498044.7860541,200,125.94593688845634,qwen15b-npu5,
1782498044.7874615,200,120.31741812825203,qwen15b-npu4,
1782498044.787788,200,128.61050525680184,qwen15b-npu4,
1782498044.7880702,200,127.05305498093367,qwen15b-npu4,
1782498044.7931395,200,120.50252081826329,qwen15b-npu7,
1782498044.7934794,200,141.79666293784976,qwen15b-npu7,
1782498044.7972798,200,151.1322157457471,qwen15b-npu3,
1782498044.8096855,200,133.46991734579206,qwen15b-npu6,
1782498044.8099315,200,143.82499689236283,qwen15b-npu6,
1782498044.8107448,200,117.75084212422371,qwen15b-npu5,
1782498044.8113728,200,129.1050179861486,qwen15b-npu4,
1782498044.819422,200,126.90428318455815,qwen15b-npu7,
1782498044.8197255,200,136.98652107268572,qwen15b-npu7,
1782498044.8255076,200,164.9726890027523,qwen15b-npu3,
1782498044.8374257,200,125.84699597209692,qwen15b-npu6,
1782498044.8381145,200,118.26440505683422,qwen15b-npu4,
1782498044.838507,200,127.6192581281066,qwen15b-npu5,
1782498044.8388057,200,134.690725710243,qwen15b-npu4,
1782498044.8571458,200,154.24202661961317,qwen15b-npu3,
1782498044.8573883,200,157.9679623246193,qwen15b-npu3,
1782498044.8577478,200,154.47816858068109,qwen15b-npu3,
1782498044.8618524,200,134.4648040831089,qwen15b-npu4,
1782498044.8639305,200,135.60335198417306,qwen15b-npu5,
1782498044.8839092,200,155.27293412014842,qwen15b-npu3,
1782498044.887376,200,125.61726430431008,qwen15b-npu4,
1782498044.8904526,200,126.56939076259732,qwen15b-npu6,
1782498044.8907733,200,132.2434190660715,qwen15b-npu6,
1782498044.8919408,200,127.67625926062465,qwen15b-npu5,
1782498044.8989584,200,137.5467348843813,qwen15b-npu7,
1782498044.8994906,200,137.17094296589494,qwen15b-npu7,
1782498044.9122896,200,157.68066002056003,qwen15b-npu3,
1782498044.9125607,200,119.33223297819495,qwen15b-npu4,
1782498044.912839,200,124.70296816900373,qwen15b-npu4,
1782498044.9177773,200,131.60115526989102,qwen15b-npu5,
1782498044.9182382,200,124.68879856169224,qwen15b-npu6,
1782498044.9184716,200,132.70873203873634,qwen15b-npu6,
1782498044.9252014,200,127.8627198189497,qwen15b-npu7,
1782498044.9254408,200,137.89424719288945,qwen15b-npu7,
1782498044.9355366,200,116.04707967489958,qwen15b-npu4,
1782498044.9401083,200,152.23643369972706,qwen15b-npu3,
1782498044.9445913,200,133.15552473068237,qwen15b-npu6,
1782498044.945032,200,135.27602003887296,qwen15b-npu6,
1782498044.9464743,200,136.47667784243822,qwen15b-npu5,
1782498044.9471273,200,136.3097568973899,qwen15b-npu5,
1782498044.951276,200,125.61870506033301,qwen15b-npu7,
1782498044.9516172,200,131.82761566713452,qwen15b-npu7,
1782498044.9601924,200,122.65842501074076,qwen15b-npu4,
1782498044.968934,200,130.68375922739506,qwen15b-npu3,
1782498044.9711661,200,132.58229196071625,qwen15b-npu5,
1782498044.9770696,200,138.1505592726171,qwen15b-npu7,
1782498044.9774728,200,115.54600717499852,qwen15b-npu7,
1782498044.984495,200,127.28390609845519,qwen15b-npu4,
1782498044.9971917,200,139.30844701826572,qwen15b-npu3,
1782498044.999391,200,135.36571012809873,qwen15b-npu6,
1782498045.0000713,200,142.62101892381907,qwen15b-npu6,
1782498045.008497,200,109.46674598380923,qwen15b-npu4,
1782498045.0223513,200,138.3293098770082,qwen15b-npu5,
1782498045.022624,200,135.12028893455863,qwen15b-npu5,
1782498045.0257447,200,135.20549004897475,qwen15b-npu6,
1782498045.0286,200,137.7622871659696,qwen15b-npu3,
1782498045.0288465,200,136.827630456537,qwen15b-npu3,
1782498045.0291667,200,129.60850214585662,qwen15b-npu3,
1782498045.0344234,200,109.15374383330345,qwen15b-npu4,
1782498045.0346558,200,122.02409002929926,qwen15b-npu4,
1782498045.0349596,200,117.11277719587088,qwen15b-npu4,
1782498045.0475793,200,135.21049870178103,qwen15b-npu5,
1782498045.0484548,200,129.92078298702836,qwen15b-npu5,
1782498045.0540864,200,128.56871401891112,qwen15b-npu6,
1782498045.0544124,200,141.5099212899804,qwen15b-npu6,
1782498045.0548232,200,136.51476800441742,qwen15b-npu6,
1782498045.0564601,200,120.85889279842377,qwen15b-npu7,
1782498045.0567558,200,116.54330370947719,qwen15b-npu7,
1782498045.0578344,200,112.69264668226242,qwen15b-npu4,
1782498045.0739777,200,126.74475181847811,qwen15b-npu5,
1782498045.0800018,200,135.29394892975688,qwen15b-npu6,
1782498045.0809648,200,120.7026019692421,qwen15b-npu7,
1782498045.0839996,200,137.40506395697594,qwen15b-npu3,
1782498045.0843701,200,132.99685483798385,qwen15b-npu3,
1782498045.0846407,200,132.9607330262661,qwen15b-npu3,
1782498045.1081336,200,136.90512999892235,qwen15b-npu6,
1782498045.1084476,200,130.86684979498386,qwen15b-npu7,
1782498045.1086667,200,124.08068403601646,qwen15b-npu6,
1782498045.108904,200,139.9047109298408,qwen15b-npu7,
1782498045.113062,200,135.88177412748337,qwen15b-npu3,
1782498045.1270323,200,127.54027731716633,qwen15b-npu5,
1782498045.1273913,200,130.0576850771904,qwen15b-npu5,
1782498045.1337976,200,133.65927897393703,qwen15b-npu7,
1782498045.1406798,200,132.1226777508855,qwen15b-npu3,
1782498045.1517708,200,129.07411763444543,qwen15b-npu5,
1782498045.152604,200,130.1834350451827,qwen15b-npu5,
1782498045.1585999,200,123.88234306126833,qwen15b-npu4,
1782498045.1589475,200,124.45958703756332,qwen15b-npu4,
1782498045.1593268,200,111.68525135144591,qwen15b-npu4,
1782498045.1595619,200,130.89462975040078,qwen15b-npu4,
1782498045.1610703,200,126.04444706812501,qwen15b-npu7,
1782498045.162016,200,132.78112327679992,qwen15b-npu7,
1782498045.1627169,200,133.79967911168933,qwen15b-npu6,
1782498045.1634371,200,137.62862514704466,qwen15b-npu6,
1782498045.1781783,200,123.23028780519962,qwen15b-npu5,
1782498045.1786075,200,130.02773420885205,qwen15b-npu5,
1782498045.191111,200,134.240981657058,qwen15b-npu6,
1782498045.191495,200,137.30726297944784,qwen15b-npu6,
1782498045.1925135,200,135.9766237437725,qwen15b-npu6,
1782498045.1963823,200,138.44764092937112,qwen15b-npu3,
1782498045.1971133,200,142.635069321841,qwen15b-npu3,
1782498045.2044427,200,119.99945715069771,qwen15b-npu4,
1782498045.204994,200,130.95499109476805,qwen15b-npu4,
1782498045.2131321,200,129.01365663856268,qwen15b-npu7,
1782498045.2179081,200,136.88505999743938,qwen15b-npu6,
1782498045.2185278,200,138.46421102061868,qwen15b-npu6,
1782498045.2241914,200,139.48931777849793,qwen15b-npu3,
1782498045.2285025,200,119.99381706118584,qwen15b-npu4,
1782498045.2413895,200,132.6572117395699,qwen15b-npu7,
1782498045.242492,200,129.32554027065635,qwen15b-npu7,
1782498045.2431111,200,134.87620698288083,qwen15b-npu7,
1782498045.253415,200,126.28302909433842,qwen15b-npu3,
1782498045.2538939,200,144.92619410157204,qwen15b-npu3,
1782498045.254105,200,113.36319195106626,qwen15b-npu4,
1782498045.2695453,200,141.9922849163413,qwen15b-npu6,
1782498045.2784986,200,125.78373588621616,qwen15b-npu4,
1782498045.2788005,200,119.73656481131911,qwen15b-npu4,
1782498045.2812564,200,147.36513001844287,qwen15b-npu3,
1782498045.281678,200,129.83245309442282,qwen15b-npu3,
1782498045.2829704,200,120.83405302837491,qwen15b-npu5,
1782498045.2833912,200,120.60896120965481,qwen15b-npu5,
1782498045.2936962,200,134.3090827576816,qwen15b-npu7,
1782498045.2949166,200,116.1938407458365,qwen15b-npu7,
1782498045.2953334,200,135.70373179391026,qwen15b-npu7,
1782498045.2970786,200,135.90925419703126,qwen15b-npu6,
1782498045.3028932,200,124.59559785202146,qwen15b-npu4,
1782498045.3066738,200,115.05376314744353,qwen15b-npu5,
1782498045.3092573,200,150.5522527731955,qwen15b-npu3,
1782498045.3096602,200,146.1221519857645,qwen15b-npu3,
1782498045.31959,200,126.97566393762827,qwen15b-npu7,
1782498045.3274198,200,130.2394662052393,qwen15b-npu4,
1782498045.332733,200,136.25829620286822,qwen15b-npu5,
1782498045.3332875,200,128.23435198515654,qwen15b-npu5,
1782498045.338462,200,147.23266987130046,qwen15b-npu3,
1782498045.3389096,200,134.40503412857652,qwen15b-npu3,
1782498045.3449674,200,126.37859024107456,qwen15b-npu7,
1782498045.3522224,200,139.02911357581615,qwen15b-npu6,
1782498045.3524578,200,134.48945386335254,qwen15b-npu6,
1782498045.3532088,200,124.6487582102418,qwen15b-npu4,
1782498045.3581197,200,133.86970991268754,qwen15b-npu5,
1782498045.3588321,200,116.21135100722313,qwen15b-npu5,
1782498045.3661249,200,122.90040636435151,qwen15b-npu3,
1782498045.3714697,200,117.51769995316863,qwen15b-npu7,
1782498045.3773906,200,107.73619497194886,qwen15b-npu4,
1782498045.3790543,200,137.60027522221208,qwen15b-npu6,
1782498045.3797076,200,125.53723435848951,qwen15b-npu6,
1782498045.383662,200,130.18059497699142,qwen15b-npu5,
1782498045.3977854,200,114.71363110467792,qwen15b-npu7,
1782498045.4027672,200,121.40522617846727,qwen15b-npu4,
1782498045.405353,200,121.8983200378716,qwen15b-npu6,
1782498045.4111786,200,115.7248979434371,qwen15b-npu5,
1782498045.4121704,200,133.59939912334085,qwen15b-npu5,
1782498045.412409,200,133.53668758645654,qwen15b-npu5,
1782498045.4200544,200,122.911237180233,qwen15b-npu3,
1782498045.4206338,200,138.83662316948175,qwen15b-npu3,
1782498045.4242196,200,130.46290772035718,qwen15b-npu7,
1782498045.4279573,200,132.91162392124534,qwen15b-npu4,
1782498045.4331768,200,123.40321997180581,qwen15b-npu6,
1782498045.4335225,200,126.75575166940689,qwen15b-npu6,
1782498045.4354343,200,126.05316797271371,qwen15b-npu5,
1782498045.4357667,200,116.07393994927406,qwen15b-npu5,
1782498045.4481454,200,145.14401508495212,qwen15b-npu3,
1782498045.4521723,200,124.65621810406446,qwen15b-npu7,
1782498045.453163,200,114.1419573687017,qwen15b-npu4,
1782498045.4536462,200,120.85327226668596,qwen15b-npu4,
1782498045.4591813,200,120.59277109801769,qwen15b-npu6,
1782498045.4745755,200,121.29085464403033,qwen15b-npu3,
1782498045.4751601,200,141.81159297004342,qwen15b-npu3,
1782498045.477404,200,119.22735115513206,qwen15b-npu4,
1782498045.478909,200,133.8820499368012,qwen15b-npu7,
1782498045.479423,200,127.13823514059186,qwen15b-npu7,
1782498045.4838285,200,124.88195905461907,qwen15b-npu5,
1782498045.485601,200,133.07573413476348,qwen15b-npu6,
1782498045.5018945,200,124.39759681001306,qwen15b-npu4,
1782498045.504031,200,137.81072571873665,qwen15b-npu7,
1782498045.5059536,200,126.79697200655937,qwen15b-npu3,
1782498045.5065684,200,135.04265807569027,qwen15b-npu3,
1782498045.5076246,200,127.85878870636225,qwen15b-npu5,
1782498045.5125597,200,128.84091632440686,qwen15b-npu6,
1782498045.527147,200,121.73501867800951,qwen15b-npu4,
1782498045.527758,200,124.93458995595574,qwen15b-npu4,
1782498045.5320666,200,134.2236027121544,qwen15b-npu7,
1782498045.5324142,200,120.169788133353,qwen15b-npu7,
1782498045.533187,200,121.89459940418601,qwen15b-npu5,
1782498045.5568902,200,121.34870514273643,qwen15b-npu5,
1782498045.5585332,200,122.70056502893567,qwen15b-npu7,
1782498045.559186,200,125.91494666412473,qwen15b-npu7,
1782498045.5637348,200,143.613135907799,qwen15b-npu3,
1782498045.564059,200,151.57913928851485,qwen15b-npu3,
1782498045.5646186,200,136.5947681479156,qwen15b-npu3,
1782498045.5648413,200,144.14216903969646,qwen15b-npu3,
1782498045.5664732,200,142.1844158321619,qwen15b-npu6,
1782498045.5667772,200,133.189775981009,qwen15b-npu6,
1782498045.5760145,200,122.7924250997603,qwen15b-npu4,
1782498045.5764067,200,117.11752787232399,qwen15b-npu4,
1782498045.5830483,200,107.82402520999312,qwen15b-npu5,
1782498045.5833683,200,129.66255191713572,qwen15b-npu5,
1782498045.5839715,200,131.71007623896003,qwen15b-npu5,
1782498045.5871816,200,138.96298361942172,qwen15b-npu7,
1782498045.6062202,200,126.73484161496162,qwen15b-npu5,
1782498045.6065667,200,120.87273225188255,qwen15b-npu5,
1782498045.6136277,200,138.96026369184256,qwen15b-npu7,
1782498045.6143975,200,136.9322701357305,qwen15b-npu3,
1782498045.618926,200,134.98856779187918,qwen15b-npu6,
1782498045.6194088,200,140.44187404215336,qwen15b-npu6,
1782498045.6265342,200,122.40879330784082,qwen15b-npu4,
1782498045.6267688,200,114.15265686810017,qwen15b-npu4,
1782498045.627073,200,120.43806863948703,qwen15b-npu4,
1782498045.6274588,200,125.4614139907062,qwen15b-npu4,
1782498045.6410382,200,133.35596630349755,qwen15b-npu7,
1782498045.6423354,200,136.32308691740036,qwen15b-npu3,
1782498045.6505377,200,117.99069307744503,qwen15b-npu4,
1782498045.6673427,200,134.08690132200718,qwen15b-npu7,
1782498045.6676707,200,139.85165022313595,qwen15b-npu7,
1782498045.6697946,200,142.5836686976254,qwen15b-npu3,
1782498045.6701694,200,138.0255981348455,qwen15b-npu3,
1782498045.6743915,200,109.70429703593254,qwen15b-npu4,
1782498045.6807585,200,123.79350187256932,qwen15b-npu5,
1782498045.6810434,200,114.15247712284327,qwen15b-npu5,
1782498045.6817625,200,116.8507463298738,qwen15b-npu5,
1782498045.6820612,200,118.2252150028944,qwen15b-npu5,
1782498045.6942809,200,117.74990102276206,qwen15b-npu7,
1782498045.694626,200,130.49583788961172,qwen15b-npu7,
1782498045.6949606,200,128.40229365974665,qwen15b-npu7,
1782498045.6969068,200,120.83429330959916,qwen15b-npu3,
1782498045.6980402,200,139.44083685055375,qwen15b-npu3,
1782498045.6985283,200,139.24929592758417,qwen15b-npu3,
1782498045.699813,200,115.78243784606457,qwen15b-npu4,
1782498045.700151,200,112.86068893969059,qwen15b-npu4,
1782498045.7187295,200,135.57470170781016,qwen15b-npu7,
1782498045.7245922,200,141.15945901721716,qwen15b-npu3,
1782498045.727986,200,121.66888825595379,qwen15b-npu6,
1782498045.7283118,200,121.6849279589951,qwen15b-npu5,
1782498045.7452614,200,118.43277607113123,qwen15b-npu7,
1782498045.7465272,200,127.48111691325903,qwen15b-npu4,
1782498045.7520666,200,124.91388991475105,qwen15b-npu5,
1782498045.7593963,200,145.71037981659174,qwen15b-npu6,
1782498045.7600014,200,140.4819437302649,qwen15b-npu6,
1782498045.7602441,200,145.7912498153746,qwen15b-npu6,
1782498045.7610447,200,134.446213953197,qwen15b-npu6,
1782498045.761549,200,133.96053994074464,qwen15b-npu6,
1782498045.7757037,200,108.26603835448623,qwen15b-npu5,
1782498045.7786875,200,137.5586148351431,qwen15b-npu3,
1782498045.7839143,200,141.48877141997218,qwen15b-npu6,
1782498045.784301,200,133.64774780347943,qwen15b-npu6,
1782498045.7960334,200,125.76992530375719,qwen15b-npu4,
1782498045.796442,200,114.30786829441786,qwen15b-npu4,
1782498045.8006377,200,126.14184757694602,qwen15b-npu5,
1782498045.802008,200,134.22402227297425,qwen15b-npu7,
1782498045.8086228,200,127.481107134372,qwen15b-npu3,
1782498045.8112428,200,129.38419030979276,qwen15b-npu6,
1782498045.8116288,200,141.7114231735468,qwen15b-npu6,
1782498045.8121994,200,131.36348314583302,qwen15b-npu6,
1782498045.8204253,200,125.35522179678082,qwen15b-npu4,
1782498045.8252919,200,127.15036515146494,qwen15b-npu5,
1782498045.8283024,200,128.41235334053636,qwen15b-npu7,
1782498045.8292992,200,130.6599280796945,qwen15b-npu7,
1782498045.8297765,200,132.7836331911385,qwen15b-npu7,
1782498045.837091,200,142.70071871578693,qwen15b-npu3,
1782498045.8377893,200,137.51813489943743,qwen15b-npu3,
1782498045.8381276,200,143.44204403460026,qwen15b-npu6,
1782498045.8492188,200,124.53455664217472,qwen15b-npu5,
1782498045.8631241,200,134.71466535702348,qwen15b-npu3,
1782498045.8706896,200,124.09869395196438,qwen15b-npu4,
1782498045.871126,200,111.64209013804793,qwen15b-npu4,
1782498045.8715477,200,110.42326223105192,qwen15b-npu4,
1782498045.8737185,200,128.37726389989257,qwen15b-npu5,
1782498045.8875709,200,168.747094925493,qwen15b-npu6,
1782498045.8881457,200,160.06543720141053,qwen15b-npu6,
1782498045.8927245,200,131.03405106812716,qwen15b-npu3,
1782498045.893166,200,141.01124834269285,qwen15b-npu3,
1782498045.8945386,200,110.10366072878242,qwen15b-npu4,
1782498045.8960724,200,135.7645126990974,qwen15b-npu7,
1782498045.8964195,200,136.3564869388938,qwen15b-npu7,
1782498045.9005692,200,121.78169889375567,qwen15b-npu5,
1782498045.900972,200,125.19014207646251,qwen15b-npu5,
1782498045.9175804,200,133.57996800914407,qwen15b-npu3,
1782498045.919058,200,106.78934771567583,qwen15b-npu4,
1782498045.9241805,200,123.47018020227551,qwen15b-npu5,
1782498045.9245212,200,115.83420867100358,qwen15b-npu5,
1782498045.9447744,200,115.3982961550355,qwen15b-npu4,
1782498045.9455664,200,133.85616010054946,qwen15b-npu3,
1782498045.946219,200,116.31626170128584,qwen15b-npu4,
1782498045.9475682,200,119.1637609153986,qwen15b-npu5,
1782498045.9510107,200,154.44556763395667,qwen15b-npu7,
1782498045.9519012,200,155.76216718181968,qwen15b-npu7,
1782498045.9719505,200,133.75214906409383,qwen15b-npu3,
1782498045.9723184,200,123.01999796181917,qwen15b-npu5,
1782498045.9741242,200,162.7619848586619,qwen15b-npu6,
1782498045.9745045,200,149.13437236100435,qwen15b-npu6,
1782498045.9748232,200,154.3097565881908,qwen15b-npu6,
1782498045.9753985,200,173.2975048944354,qwen15b-npu6,
1782498045.988902,200,151.0046049952507,qwen15b-npu7,
1782498045.9924536,200,120.83817273378372,qwen15b-npu4,
1782498045.992801,200,129.58150124177337,qwen15b-npu4,
1782498045.9955418,200,107.87799581885338,qwen15b-npu5,
1782498045.998515,200,161.31371492519975,qwen15b-npu6,
1782498046.0026212,200,131.3828327693045,qwen15b-npu3,
1782498046.0160758,200,115.3864860534668,qwen15b-npu4,
1782498046.0171545,200,143.33048416301608,qwen15b-npu7,
1782498046.0203757,200,119.34068286791444,qwen15b-npu5,
1782498046.0211754,200,124.69112779945135,qwen15b-npu5,
1782498046.0259855,200,155.16519313678145,qwen15b-npu6,
1782498046.0263884,200,133.09089513495564,qwen15b-npu6,
1782498046.0283108,200,140.10152174159884,qwen15b-npu3,
1782498046.0287092,200,135.83561405539513,qwen15b-npu3,
1782498046.0404499,200,122.7652058005333,qwen15b-npu4,
1782498046.045461,200,150.83890408277512,qwen15b-npu7,
1782498046.0539162,200,157.7473497018218,qwen15b-npu6,
1782498046.0546978,200,135.519340634346,qwen15b-npu3,
1782498046.067035,200,120.6980012357235,qwen15b-npu5,
1782498046.0752501,200,150.60281287878752,qwen15b-npu7,
1782498046.0755699,200,151.29989804700017,qwen15b-npu7,
1782498046.079527,200,131.85856584459543,qwen15b-npu6,
1782498046.0798779,200,134.17865196242929,qwen15b-npu6,
1782498046.083148,200,132.0725679397583,qwen15b-npu3,
1782498046.0904734,200,114.9600031785667,qwen15b-npu4,
1782498046.090823,200,115.89820915833116,qwen15b-npu4,
1782498046.0912359,200,118.84507909417152,qwen15b-npu4,
1782498046.0920696,200,119.99498680233955,qwen15b-npu5,
1782498046.1025934,200,150.61071189120412,qwen15b-npu7,
1782498046.103221,200,158.35228515788913,qwen15b-npu7,
1782498046.1079748,200,133.73340992257,qwen15b-npu6,
1782498046.1094344,200,134.8379161208868,qwen15b-npu3,
1782498046.1407638,200,138.0392382852733,qwen15b-npu7,
1782498046.141132,200,145.53029788658023,qwen15b-npu7,
1782498046.1419563,200,149.40775418654084,qwen15b-npu7,
1782498046.143781,200,126.55205093324184,qwen15b-npu4,
1782498046.1442847,200,115.86819915100932,qwen15b-npu4,
1782498046.1447105,200,123.43373987823725,qwen15b-npu4,
1782498046.1506724,200,161.66536696255207,qwen15b-npu3,
1782498046.1510715,200,158.20647310465574,qwen15b-npu3,
1782498046.1516728,200,153.09907915070653,qwen15b-npu3,
1782498046.1650097,200,138.5441212914884,qwen15b-npu7,
1782498046.1674619,200,112.70088702440262,qwen15b-npu5,
1782498046.16783,200,122.28544196113944,qwen15b-npu5,
1782498046.170733,200,154.54957028850913,qwen15b-npu6,
1782498046.1710372,200,142.2051968984306,qwen15b-npu6,
1782498046.1720707,200,151.6282493248582,qwen15b-npu6,
1782498046.1724205,200,131.87079690396786,qwen15b-npu6,
1782498046.1763566,200,150.2684699371457,qwen15b-npu3,
1782498046.1903627,200,114.6814813837409,qwen15b-npu4,
1782498046.1916318,200,111.68897105380893,qwen15b-npu5,
1782498046.1919408,200,116.60000355914235,qwen15b-npu5,
1782498046.205239,200,151.26378601416945,qwen15b-npu3,
1782498046.2158356,200,124.50311705470085,qwen15b-npu5,
1782498046.2161596,200,132.90979387238622,qwen15b-npu4,
1782498046.2169325,200,124.79210924357176,qwen15b-npu5,
1782498046.2185037,200,151.36224776506424,qwen15b-npu7,
1782498046.223884,200,132.9375938512385,qwen15b-npu6,
1782498046.2349036,200,144.32722004130483,qwen15b-npu3,
1782498046.2353616,200,155.74061684310436,qwen15b-npu3,
1782498046.2398424,200,130.28183579444885,qwen15b-npu4,
1782498046.2463868,200,143.71164608746767,qwen15b-npu7,
1782498046.2515855,200,148.30236695706844,qwen15b-npu6,
1782498046.2617395,200,153.58593175187707,qwen15b-npu3,
1782498046.2650864,200,113.89125604182482,qwen15b-npu4,
1782498046.2662377,200,121.83652957901359,qwen15b-npu5,
1782498046.26749,200,125.46678399667144,qwen15b-npu4,
1782498046.2678428,200,117.04503698274493,qwen15b-npu5,
1782498046.268521,200,124.58427809178829,qwen15b-npu5,
1782498046.2745922,200,133.7537090294063,qwen15b-npu7,
1782498046.281846,200,137.06097193062305,qwen15b-npu6,
1782498046.2824798,200,130.73926884680986,qwen15b-npu6,
1782498046.2888858,200,118.06543404236436,qwen15b-npu5,
1782498046.2909977,200,123.41303983703256,qwen15b-npu4,
1782498046.2915003,200,115.07014324888587,qwen15b-npu4,
1782498046.2929401,200,125.00688014551997,qwen15b-npu3,
1782498046.2932963,200,152.09561306983232,qwen15b-npu3,
1782498046.3012931,200,136.15722488611937,qwen15b-npu7,
1782498046.3113554,200,140.2156427502632,qwen15b-npu6,
1782498046.312045,200,139.5100778900087,qwen15b-npu6,
1782498046.3140826,200,108.74465107917786,qwen15b-npu4,
1782498046.3220534,200,130.3350660018623,qwen15b-npu3,
1782498046.3223765,200,131.94648688659072,qwen15b-npu3,
1782498046.3227496,200,150.57759312912822,qwen15b-npu3,
1782498046.3296678,200,137.61287508532405,qwen15b-npu7,
1782498046.3389816,200,122.73988593369722,qwen15b-npu4,
1782498046.3394325,200,120.83373311907053,qwen15b-npu4,
1782498046.3472264,200,123.23086801916361,qwen15b-npu3,
1782498046.3579016,200,122.41841293871403,qwen15b-npu7,
1782498046.3620596,200,115.61075691133738,qwen15b-npu5,
1782498046.362437,200,127.42193602025509,qwen15b-npu4,
1782498046.364457,200,147.4395408295095,qwen15b-npu6,
1782498046.364782,200,148.85326102375984,qwen15b-npu6,
1782498046.3859735,200,120.79632328823209,qwen15b-npu4,
1782498046.3874595,200,118.79981914535165,qwen15b-npu5,
1782498046.3889039,200,121.00071273744106,qwen15b-npu5,
1782498046.3891928,200,137.54598470404744,qwen15b-npu7,
1782498046.389558,200,127.71815899759531,qwen15b-npu7,
1782498046.390039,200,150.09832894429564,qwen15b-npu7,
1782498046.3915238,200,125.20899204537272,qwen15b-npu6,
1782498046.4042857,200,129.59882197901607,qwen15b-npu3,
1782498046.4102256,200,117.20108799636364,qwen15b-npu5,
1782498046.4106648,200,117.25334916263819,qwen15b-npu4,
1782498046.4137135,200,146.12593222409487,qwen15b-npu7,
1782498046.420269,200,131.26862235367298,qwen15b-npu6,
1782498046.4206111,200,138.58855096623302,qwen15b-npu6,
1782498046.4211457,200,129.548451397568,qwen15b-npu6,
1782498046.4220695,200,130.94893982633948,qwen15b-npu6,
1782498046.430708,200,148.13141617923975,qwen15b-npu3,
1782498046.4339702,200,104.22652028501034,qwen15b-npu4,
1782498046.437008,200,114.8575721308589,qwen15b-npu5,
1782498046.4373991,200,114.55394001677632,qwen15b-npu5,
1782498046.4377925,200,115.34114507958293,qwen15b-npu5,
1782498046.4417763,200,127.600088249892,qwen15b-npu7,
1782498046.442119,200,140.76534612104297,qwen15b-npu7,
1782498046.4591858,200,147.04733900725842,qwen15b-npu3,
1782498046.459685,200,148.24389573186636,qwen15b-npu3,
1782498046.4634035,200,124.32698626071215,qwen15b-npu5,
1782498046.470119,200,122.780105099082,qwen15b-npu7,
1782498046.470529,200,131.00686110556126,qwen15b-npu7,
1782498046.4835896,200,121.43057631328702,qwen15b-npu4,
1782498046.4852035,200,120.67623203620315,qwen15b-npu5,
1782498046.4979112,200,135.40299981832504,qwen15b-npu7,
1782498046.4982345,200,133.3567458204925,qwen15b-npu7,
1782498046.500714,200,142.74364011362195,qwen15b-npu6,
1782498046.5092657,200,123.21079894900322,qwen15b-npu4,
1782498046.5104456,200,121.1325041949749,qwen15b-npu5,
1782498046.5343084,200,123.53361118584871,qwen15b-npu4,
1782498046.535732,200,114.52055023983121,qwen15b-npu5,
1782498046.5362332,200,131.88488688319921,qwen15b-npu5,
1782498046.5378227,200,148.14544608816504,qwen15b-npu7,
1782498046.5382142,200,149.23296310007572,qwen15b-npu6,
1782498046.5580888,200,167.93102910742164,qwen15b-npu3,
1782498046.5588129,200,171.23382212594151,qwen15b-npu3,
1782498046.5592015,200,148.8535008393228,qwen15b-npu3,
1782498046.560608,200,169.02003670111299,qwen15b-npu3,
1782498046.5609877,200,126.9595930352807,qwen15b-npu4,
1782498046.561322,200,119.10634115338326,qwen15b-npu5,
1782498046.5618553,200,123.96504310891032,qwen15b-npu5,
1782498046.5678575,200,147.4795714020729,qwen15b-npu6,
1782498046.5685134,200,146.343894302845,qwen15b-npu6,
1782498046.5688834,200,138.09530809521675,qwen15b-npu6,
1782498046.5692186,200,155.4451948031783,qwen15b-npu6,
1782498046.569597,200,148.9087911322713,qwen15b-npu7,
1782498046.5845265,200,113.88209601864219,qwen15b-npu4,
1782498046.5848725,200,121.39541609212756,qwen15b-npu4,
1782498046.5857437,200,148.62085971981287,qwen15b-npu3,
1782498046.5868385,200,149.3337037973106,qwen15b-npu3,
1782498046.593119,200,133.33387579768896,qwen15b-npu6,
1782498046.5943341,200,135.00600680708885,qwen15b-npu7,
1782498046.5950823,200,153.21865072473884,qwen15b-npu7,
1782498046.6079812,200,109.9954191595316,qwen15b-npu4,
1782498046.6119506,200,141.72153268009424,qwen15b-npu3,
1782498046.6206079,200,136.95161091163754,qwen15b-npu7,
1782498046.6320145,200,122.60049395263195,qwen15b-npu4,
1782498046.6402493,200,154.98690214008093,qwen15b-npu3,
1782498046.6406252,200,139.80867015197873,qwen15b-npu3,
1782498046.648242,200,149.9118278734386,qwen15b-npu7,
1782498046.6499283,200,139.3450773321092,qwen15b-npu6,
1782498046.6568744,200,120.5325499176979,qwen15b-npu4,
1782498046.657235,200,122.84045619890094,qwen15b-npu4,
1782498046.6585448,200,120.60649134218693,qwen15b-npu5,
1782498046.6589358,200,123.04465658962727,qwen15b-npu5,
1782498046.666581,200,128.2969620078802,qwen15b-npu3,
1782498046.6802015,200,121.9984102062881,qwen15b-npu4,
1782498046.6825156,200,113.87675488367677,qwen15b-npu5,
1782498046.6832085,200,122.48918414115906,qwen15b-npu5,
1782498046.6953478,200,125.62909489497542,qwen15b-npu3,
1782498046.6958072,200,134.75431594997644,qwen15b-npu3,
1782498046.7048573,200,109.6764481626451,qwen15b-npu4,
1782498046.7056324,200,112.44367575272918,qwen15b-npu4,
1782498046.7078283,200,139.89511970430613,qwen15b-npu7,
1782498046.7081673,200,149.22579284757376,qwen15b-npu7,
1782498046.709563,200,147.58663205429912,qwen15b-npu7,
1782498046.7098505,200,148.45089800655842,qwen15b-npu7,
1782498046.7103248,200,141.0417379811406,qwen15b-npu6,
1782498046.7105894,200,151.29886707291007,qwen15b-npu6,
1782498046.7115614,200,126.58385094255209,qwen15b-npu5,
1782498046.7127924,200,143.81898706778884,qwen15b-npu6,
1782498046.7226546,200,136.81042985990644,qwen15b-npu3,
1782498046.73138,200,123.31949872896075,qwen15b-npu5,
1782498046.7326663,200,138.2421301677823,qwen15b-npu7,
1782498046.7355337,200,148.60519906505942,qwen15b-npu6,
1782498046.736233,200,151.60493925213814,qwen15b-npu6,
1782498046.7511115,200,139.03432432562113,qwen15b-npu3,
1782498046.7537887,200,113.44577325507998,qwen15b-npu4,
1782498046.7565382,200,124.43794729188085,qwen15b-npu5,
1782498046.7633572,200,142.65264896675944,qwen15b-npu6,
1782498046.7788775,200,121.90343905240297,qwen15b-npu4,
1782498046.7802603,200,139.50596703216434,qwen15b-npu3,
1782498046.7819448,200,131.92483689635992,qwen15b-npu5,
1782498046.782268,200,123.61509073525667,qwen15b-npu5,
1782498046.790561,200,142.23729679360986,qwen15b-npu7,
1782498046.7910545,200,133.76036891713738,qwen15b-npu7,
1782498046.7920113,200,125.35887211561203,qwen15b-npu6,
1782498046.792686,200,133.67778901010752,qwen15b-npu6,
1782498046.803712,200,121.10933382064104,qwen15b-npu4,
1782498046.8068745,200,110.957195982337,qwen15b-npu5,
1782498046.807696,200,127.3997868411243,qwen15b-npu3,
1782498046.816836,200,121.36576604098082,qwen15b-npu6,
1782498046.8176696,200,134.37919318675995,qwen15b-npu7,
1782498046.828077,200,122.37046333029866,qwen15b-npu4,
1782498046.8337908,200,122.13508086279035,qwen15b-npu5,
1782498046.8341036,200,121.22820504009724,qwen15b-npu5,
1782498046.834457,200,124.48703730478883,qwen15b-npu5,
1782498046.835841,200,127.89828982204199,qwen15b-npu3,
1782498046.8363085,200,128.06113110855222,qwen15b-npu3,
1782498046.8448672,200,134.4755939207971,qwen15b-npu6,
1782498046.845275,200,134.56678530201316,qwen15b-npu6,
1782498046.8467636,200,137.12593214586377,qwen15b-npu7,
1782498046.8475914,200,142.63913920149207,qwen15b-npu7,
1782498046.853652,200,130.89122017845511,qwen15b-npu4,
1782498046.8540423,200,122.53034440800548,qwen15b-npu4,
1782498046.8565693,200,120.24373887106776,qwen15b-npu5,
1782498046.8615246,200,125.9273667819798,qwen15b-npu3,
1782498046.8731136,200,140.37116384133697,qwen15b-npu6,
1782498046.8741744,200,122.94542696326971,qwen15b-npu7,
1782498046.8837683,200,120.29690807685256,qwen15b-npu4,
1782498046.8887005,200,132.05852825194597,qwen15b-npu3,
1782498046.9004204,200,118.39607590809464,qwen15b-npu4,
1782498046.9017484,200,122.77352530509233,qwen15b-npu7,
1782498046.9021003,200,148.21456698700786,qwen15b-npu7,
1782498046.9057164,200,114.56379014998674,qwen15b-npu5,
1782498046.9191842,200,126.43177108839154,qwen15b-npu3,
1782498046.9196024,200,139.20179614797235,qwen15b-npu3,
1782498046.9200249,200,127.9027801938355,qwen15b-npu3,
1782498046.925013,200,117.2483591362834,qwen15b-npu4,
1782498046.927452,200,145.1050159521401,qwen15b-npu6,
1782498046.9278967,200,137.22416292876005,qwen15b-npu6,
1782498046.9288635,200,121.90934037789702,qwen15b-npu7,
1782498046.9337964,200,116.02589022368193,qwen15b-npu5,
1782498046.9432952,200,139.49926802888513,qwen15b-npu3,
1782498046.9493735,200,115.49492599442601,qwen15b-npu4,
1782498046.9528477,200,135.89816400781274,qwen15b-npu6,
1782498046.9556973,200,119.31328196078539,qwen15b-npu7,
1782498046.9560208,200,127.8476188890636,qwen15b-npu7,
1782498046.9573512,200,122.82218597829342,qwen15b-npu5,
1782498046.9578636,200,123.67030186578631,qwen15b-npu5,
1782498046.9717097,200,126.31199974566698,qwen15b-npu3,
1782498046.9726057,200,136.6528789512813,qwen15b-npu3,
1782498046.9742749,200,127.4300767108798,qwen15b-npu4,
1782498046.9746468,200,129.67074057087302,qwen15b-npu4,
1782498046.9812174,200,127.46498733758926,qwen15b-npu6,
1782498046.9815743,200,127.42860708385706,qwen15b-npu6,
1782498046.9828632,200,135.16133883967996,qwen15b-npu7,
1782498046.9832501,200,121.65655801072717,qwen15b-npu5,
1782498046.9835532,200,126.90582312643528,qwen15b-npu5,
1782498046.9983418,200,114.47554966434836,qwen15b-npu4,
1782498047.0071409,200,132.85950291901827,qwen15b-npu6,
1782498047.0081534,200,134.96909802779555,qwen15b-npu7,
1782498047.0260022,200,137.22614292055368,qwen15b-npu3,
1782498047.0267274,200,124.56321809440851,qwen15b-npu3,
1782498047.0340953,200,132.25119933485985,qwen15b-npu6,
1782498047.0350797,200,134.56161506474018,qwen15b-npu7,
1782498047.0356398,200,129.86276298761368,qwen15b-npu7,
1782498047.0482297,200,128.92127688974142,qwen15b-npu4,
1782498047.0486486,200,128.90087720006704,qwen15b-npu4,
1782498047.0526078,200,127.50087818130851,qwen15b-npu3,
1782498047.0570831,200,129.0861782617867,qwen15b-npu5,
1782498047.0574045,200,128.46007384359837,qwen15b-npu5,
1782498047.058561,200,130.9950710274279,qwen15b-npu5,
1782498047.061814,200,127.92258011177182,qwen15b-npu7,
1782498047.0632823,200,143.14087200909853,qwen15b-npu6,
1782498047.0726974,200,129.33545000851154,qwen15b-npu4,
1782498047.0813258,200,125.55373506620526,qwen15b-npu3,
1782498047.0828562,200,124.93320973590016,qwen15b-npu5,
1782498047.0834033,200,130.49531821161509,qwen15b-npu5,
1782498047.0885026,200,131.0720108449459,qwen15b-npu7,
1782498047.0892706,200,133.1488350406289,qwen15b-npu6,
1782498047.089521,200,140.0855523534119,qwen15b-npu6,
1782498047.0971067,200,115.46067707240582,qwen15b-npu4,
1782498047.097336,200,122.97484744340181,qwen15b-npu4,
1782498047.1058466,200,124.52451698482037,qwen15b-npu5,
1782498047.110167,200,138.35675083100796,qwen15b-npu3,
1782498047.1104524,200,127.4840971454978,qwen15b-npu3,
1782498047.1168745,200,133.534817956388,qwen15b-npu6,
1782498047.117105,200,144.38683073967695,qwen15b-npu6,
1782498047.1173697,200,133.75447923317552,qwen15b-npu7,
1782498047.1176093,200,142.8533410653472,qwen15b-npu7,
1782498047.120845,200,122.41809302940965,qwen15b-npu4,
1782498047.1413443,200,134.11033200100064,qwen15b-npu7,
1782498047.1435575,200,135.30434994027019,qwen15b-npu6,
1782498047.1469753,200,111.21740797534585,qwen15b-npu4,
1782498047.1474774,200,120.66584080457687,qwen15b-npu4,
1782498047.1657927,200,130.58118801563978,qwen15b-npu3,
1782498047.1660855,200,139.9969207122922,qwen15b-npu3,
1782498047.168453,200,134.29668312892318,qwen15b-npu7,
1782498047.1687615,200,116.09070980921388,qwen15b-npu7,
1782498047.1701949,200,121.43113603815436,qwen15b-npu6,
1782498047.1792629,200,117.36310925334692,qwen15b-npu5,
1782498047.179852,200,122.67662491649389,qwen15b-npu5,
1782498047.1930091,200,129.63248090818524,qwen15b-npu4,
1782498047.1936765,200,145.33787732943892,qwen15b-npu3,
1782498047.1985888,200,139.91908077150583,qwen15b-npu6,
1782498047.19886,200,141.36716071516275,qwen15b-npu6,
1782498047.2039924,200,122.55175411701202,qwen15b-npu5,
1782498047.2042792,200,121.33824592456222,qwen15b-npu5,
1782498047.2190053,200,108.75739110633731,qwen15b-npu4,
1782498047.2192588,200,122.08835082128644,qwen15b-npu4,
1782498047.2195349,200,130.9658009558916,qwen15b-npu4,
1782498047.2222376,200,124.84297901391983,qwen15b-npu7,
1782498047.222501,200,133.1616546958685,qwen15b-npu7,
1782498047.2264745,200,153.68532296270132,qwen15b-npu3,
1782498047.2267575,200,143.2837131433189,qwen15b-npu3,
1782498047.226993,200,121.07852380722761,qwen15b-npu6,
1782498047.2272568,200,137.67404574900866,qwen15b-npu6,
1782498047.2284014,200,107.47399227693677,qwen15b-npu5,
1782498047.2290938,200,111.42286937683821,qwen15b-npu5,
1782498047.2508514,200,140.32869320362806,qwen15b-npu7,
1782498047.251478,200,134.53203532844782,qwen15b-npu3,
1782498047.2529564,200,135.51791198551655,qwen15b-npu6,
1782498047.2532966,200,136.1176148056984,qwen15b-npu6,
1782498047.266913,200,123.29352926462889,qwen15b-npu4,
1782498047.267413,200,126.00384699180722,qwen15b-npu4,
1782498047.2763202,200,129.27957018837333,qwen15b-npu5,
1782498047.2766416,200,110.77583488076925,qwen15b-npu5,
1782498047.2801032,200,132.54791125655174,qwen15b-npu6,
1782498047.3061252,200,126.7933021299541,qwen15b-npu3,
1782498047.306894,200,138.35502974689007,qwen15b-npu3,
1782498047.307669,200,141.51364099234343,qwen15b-npu6,
1782498047.309389,200,129.4650100171566,qwen15b-npu7,
1782498047.309636,200,139.37611691653728,qwen15b-npu7,
1782498047.3099122,200,141.0877276211977,qwen15b-npu7,
1782498047.3156376,200,121.8869099393487,qwen15b-npu4,
1782498047.3158884,200,122.80084611847997,qwen15b-npu4,
1782498047.3268578,200,127.93348031118512,qwen15b-npu5,
1782498047.33315,200,128.79797630012035,qwen15b-npu3,
1782498047.3337276,200,129.6641919761896,qwen15b-npu3,
1782498047.3347204,200,136.06508495286107,qwen15b-npu7,
1782498047.339467,200,112.90765879675746,qwen15b-npu4,
1782498047.3397768,200,120.17414811998606,qwen15b-npu4,
1782498047.352773,200,133.44424776732922,qwen15b-npu5,
1782498047.3533022,200,126.23995915055275,qwen15b-npu5,
1782498047.3535922,200,125.07562059909105,qwen15b-npu5,
1782498047.3617296,200,132.5470912270248,qwen15b-npu3,
1782498047.362076,200,139.77276999503374,qwen15b-npu3,
1782498047.3626575,200,143.585495185107,qwen15b-npu3,
1782498047.3629766,200,135.6523921713233,qwen15b-npu6,
1782498047.3639448,200,141.37799106538296,qwen15b-npu7,
1782498047.3643458,200,137.5240138731897,qwen15b-npu7,
1782498047.3767023,200,123.64950077608228,qwen15b-npu5,
1782498047.388008,200,111.2961987964809,qwen15b-npu4,
1782498047.388341,200,108.14829682931304,qwen15b-npu4,
1782498047.389127,200,138.18592904135585,qwen15b-npu7,
1782498047.3899338,200,122.4462534300983,qwen15b-npu3,
1782498047.3919904,200,138.6266420595348,qwen15b-npu6,
1782498047.3926563,200,141.10062923282385,qwen15b-npu6,
1782498047.392947,200,125.92878704890609,qwen15b-npu6,
1782498047.4152238,200,138.8236228376627,qwen15b-npu7,
1782498047.4245677,200,114.86616218462586,qwen15b-npu5,
1782498047.4248772,200,115.41752610355616,qwen15b-npu5,
1782498047.4353886,200,129.19382890686393,qwen15b-npu4,
1782498047.4360113,200,120.05499703809619,qwen15b-npu4,
1782498047.442078,200,132.0964079350233,qwen15b-npu3,
1782498047.4422975,200,134.55947488546371,qwen15b-npu3,
1782498047.4427307,200,115.80561799928546,qwen15b-npu7,
1782498047.447189,200,140.19278204068542,qwen15b-npu6,
1782498047.4474275,200,131.71989610418677,qwen15b-npu6,
1782498047.4479585,200,114.73713209852576,qwen15b-npu5,
1782498047.4594076,200,119.55775413662195,qwen15b-npu4,
1782498047.4690733,200,129.53547108918428,qwen15b-npu3,
1782498047.469382,200,134.5958048477769,qwen15b-npu7,
1782498047.4725075,200,138.7109630741179,qwen15b-npu6,
1782498047.4747353,200,110.72065494954586,qwen15b-npu5,
1782498047.4751463,200,121.75605818629265,qwen15b-npu5,
1782498047.4756684,200,112.93851910158992,qwen15b-npu5,
1782498047.4846003,200,122.78225598856807,qwen15b-npu4,
1782498047.4848826,200,120.45007990673184,qwen15b-npu4,
1782498047.4970222,200,133.9664300903678,qwen15b-npu7,
1782498047.498037,200,121.23360484838486,qwen15b-npu7,
1782498047.4985406,200,145.67316975444555,qwen15b-npu7,
1782498047.5046756,200,151.02099487558007,qwen15b-npu6,
1782498047.5050466,200,142.88770966231823,qwen15b-npu6,
1782498047.5086257,200,115.88212894275784,qwen15b-npu4,
1782498047.523133,200,131.02112105116248,qwen15b-npu7,
1782498047.5250833,200,136.6827287711203,qwen15b-npu3,
1782498047.5254304,200,136.19670504704118,qwen15b-npu3,
1782498047.5258687,200,135.8654829673469,qwen15b-npu3,
1782498047.5261385,200,133.11922503635287,qwen15b-npu3,
1782498047.5296,200,141.48849109187722,qwen15b-npu6,
1782498047.5444398,200,129.1279778815806,qwen15b-npu5,
1782498047.5448132,200,119.86985616385937,qwen15b-npu5,
1782498047.5559022,200,108.41042920947075,qwen15b-npu4,
1782498047.556266,200,120.19032798707485,qwen15b-npu4,
1782498047.5577517,200,133.10857536271214,qwen15b-npu6,
1782498047.568249,200,108.76844124868512,qwen15b-npu5,
1782498047.5761712,200,128.9171469397843,qwen15b-npu3,
1782498047.576955,200,134.5893549732864,qwen15b-npu3,
1782498047.579461,200,143.99607805535197,qwen15b-npu7,
1782498047.579757,200,136.95751084014773,qwen15b-npu7,
1782498047.5799968,200,110.55070301517844,qwen15b-npu4,
1782498047.58754,200,139.51720809563994,qwen15b-npu6,
1782498047.5878253,200,145.6784992478788,qwen15b-npu6,
1782498047.591878,200,122.7338551543653,qwen15b-npu5,
1782498047.602903,200,117.92165273800492,qwen15b-npu3,
1782498047.603834,200,131.2540229409933,qwen15b-npu3,
1782498047.6042783,200,129.4065210968256,qwen15b-npu4,
1782498047.6069648,200,122.28267313912511,qwen15b-npu7,
1782498047.6073003,200,131.54254481196404,qwen15b-npu7,
1782498047.6163268,200,141.0689288750291,qwen15b-npu6,
1782498047.6170733,200,118.91865031793714,qwen15b-npu5,
1782498047.6180296,200,120.94546342268586,qwen15b-npu5,
1782498047.6275492,200,122.77622520923615,qwen15b-npu4,
1782498047.6290147,200,120.29822915792465,qwen15b-npu3,
1782498047.6337628,200,128.62396519631147,qwen15b-npu7,
1782498047.6405637,200,114.34949794784188,qwen15b-npu5,
1782498047.6459734,200,147.34251098707318,qwen15b-npu6,
1782498047.6519241,200,107.39007219672203,qwen15b-npu4,
1782498047.6525855,200,127.40464601665735,qwen15b-npu4,
1782498047.6562958,200,130.74578903615475,qwen15b-npu3,
1782498047.6659248,200,109.58387702703476,qwen15b-npu5,
1782498047.6663861,200,108.5373000241816,qwen15b-npu5,
1782498047.666874,200,121.95497006177902,qwen15b-npu5,
1782498047.6738644,200,144.15948931127787,qwen15b-npu7,
1782498047.6742623,200,148.32981675863266,qwen15b-npu7,
1782498047.6841407,200,128.12693137675524,qwen15b-npu3,
1782498047.688657,200,165.42871203273535,qwen15b-npu6,
1782498047.688999,200,109.46689592674375,qwen15b-npu5,
1782498047.699335,200,111.72882234677672,qwen15b-npu4,
1782498047.700757,200,132.43548991158605,qwen15b-npu7,
1782498047.71202,200,124.12713468074799,qwen15b-npu3,
1782498047.7123964,200,135.34943014383316,qwen15b-npu3,
1782498047.7174842,200,141.21662033721805,qwen15b-npu6,
1782498047.7225623,200,119.53498423099518,qwen15b-npu4,
1782498047.7294145,200,149.35275400057435,qwen15b-npu7,
1782498047.7298033,200,149.97413801029325,qwen15b-npu7,
1782498047.7358232,200,119.43276273086667,qwen15b-npu5,
1782498047.7387476,200,120.61790097504854,qwen15b-npu3,
1782498047.739477,200,135.07509790360928,qwen15b-npu3,
1782498047.7488003,200,156.85537410899997,qwen15b-npu6,
1782498047.7493753,200,145.4156981781125,qwen15b-npu6,
1782498047.7570686,200,139.90492094308138,qwen15b-npu7,
1782498047.7616177,200,127.76690907776356,qwen15b-npu5,
1782498047.7675848,200,126.93074299022555,qwen15b-npu3,
1782498047.7680156,200,121.95566995069385,qwen15b-npu3,
1782498047.7764142,200,120.01528684049845,qwen15b-npu4,
1782498047.781363,200,173.9839198999107,qwen15b-npu6,
1782498047.7817216,200,154.10847682505846,qwen15b-npu6,
1782498047.7821496,200,175.07532704621553,qwen15b-npu6,
1782498047.7878773,200,121.8331791460514,qwen15b-npu5,
1782498047.79,200,160.876520909369,qwen15b-npu7,
1782498047.7904413,200,116.47782335057855,qwen15b-npu5,
1782498047.7908156,200,138.82236368954182,qwen15b-npu7,
1782498047.7911952,200,138.52444104850292,qwen15b-npu7,
1782498047.8046794,200,137.73596612736583,qwen15b-npu4,
1782498047.8049715,200,138.47010117024183,qwen15b-npu4,
1782498047.8058455,200,131.45852414891124,qwen15b-npu4,
1782498047.8062832,200,117.52534983679652,qwen15b-npu4,
1782498047.820988,200,120.16346817836165,qwen15b-npu3,
1782498047.827044,200,114.93414221331477,qwen15b-npu4,
1782498047.8378885,200,138.4785706177354,qwen15b-npu6,
1782498047.8381424,200,153.92190543934703,qwen15b-npu6,
1782498047.8385646,200,149.4717951864004,qwen15b-npu6,
1782498047.840472,200,128.0063111335039,qwen15b-npu7,
1782498047.8476455,200,124.98635100200772,qwen15b-npu3,
1782498047.8585417,200,119.64939394965768,qwen15b-npu5,
1782498047.8589756,200,129.0667182765901,qwen15b-npu5,
1782498047.8658044,200,148.2498268596828,qwen15b-npu6,
1782498047.868651,200,139.13625525310636,qwen15b-npu7,
1782498047.880682,200,131.21779216453433,qwen15b-npu3,
1782498047.883396,200,121.66140833869576,qwen15b-npu5,
1782498047.8845787,200,144.94866412132978,qwen15b-npu4,
1782498047.8849127,200,149.0069506689906,qwen15b-npu4,
1782498047.895282,200,146.26120310276747,qwen15b-npu6,
1782498047.8959634,200,138.81771406158805,qwen15b-npu7,
1782498047.901261,200,124.75793901830912,qwen15b-npu4,
1782498047.9019864,200,111.431869212538,qwen15b-npu4,
1782498047.9031549,200,135.44997107237577,qwen15b-npu3,
1782498047.9036102,200,135.47002105042338,qwen15b-npu3,
1782498047.9055383,200,114.25843788310885,qwen15b-npu5,
1782498047.9058409,200,124.37396636232734,qwen15b-npu5,
1782498047.925043,200,142.7998603321612,qwen15b-npu7,
1782498047.925353,200,143.5368750244379,qwen15b-npu6,
1782498047.9257827,200,137.81245611608028,qwen15b-npu6,
1782498047.9274437,200,137.3094329610467,qwen15b-npu7,
1782498047.927858,200,121.91207008436322,qwen15b-npu4,
1782498047.9281304,200,121.74603901803493,qwen15b-npu4,
1782498047.9293058,200,138.37775122374296,qwen15b-npu3,
1782498047.9501526,200,111.93626327440143,qwen15b-npu4,
1782498047.950493,200,109.9552889354527,qwen15b-npu4,
1782498047.9526238,200,131.54385518282652,qwen15b-npu7,
1782498047.9545965,200,149.52151477336884,qwen15b-npu6,
1782498047.9549162,200,150.16013011336327,qwen15b-npu6,
1782498047.9559903,200,128.85921634733677,qwen15b-npu3,
1782498047.9825075,200,144.54804081469774,qwen15b-npu6,
1782498047.982796,200,144.16089933365583,qwen15b-npu6,
1782498047.9834123,200,135.63462160527706,qwen15b-npu7,
1782498047.9843976,200,125.28639193624258,qwen15b-npu7,
1782498047.9847558,200,126.09747797250748,qwen15b-npu3,
1782498048.0035841,200,120.0868166051805,qwen15b-npu5,
1782498048.003849,200,108.47661877050996,qwen15b-npu5,
1782498048.0046394,200,119.64469403028488,qwen15b-npu5,
1782498048.008265,200,142.38801784813404,qwen15b-npu3,
1782498048.0086093,200,127.8213788755238,qwen15b-npu3,
1782498048.0096023,200,140.84958704188466,qwen15b-npu6,
1782498048.0102675,200,125.57813385501504,qwen15b-npu7,
1782498048.0212626,200,117.55404016003013,qwen15b-npu4,
1782498048.0219502,200,120.62143115326762,qwen15b-npu4,
1782498048.0260153,200,120.08595699444413,qwen15b-npu5,
1782498048.0349164,200,132.8332331031561,qwen15b-npu3,
1782498048.03802,200,141.98770513758063,qwen15b-npu7,
1782498048.0392275,200,135.97224419936538,qwen15b-npu6,
1782498048.0396616,200,134.03608091175556,qwen15b-npu6,
1782498048.0451248,200,117.56374966353178,qwen15b-npu4,
1782498048.0518074,200,123.58216987922788,qwen15b-npu5,
1782498048.0520976,200,126.97062315419316,qwen15b-npu5,
1782498048.0523884,200,124.45626594126225,qwen15b-npu5,
1782498048.0679784,200,142.536707688123,qwen15b-npu7,
1782498048.0686975,200,139.32834705337882,qwen15b-npu7,
1782498048.0690598,200,143.20328179746866,qwen15b-npu7,
1782498048.0894775,200,134.78822726756334,qwen15b-npu3,
1782498048.0907185,200,138.02795810624957,qwen15b-npu3,
1782498048.0910285,200,140.46795386821032,qwen15b-npu3,
1782498048.0914392,200,135.3496601805091,qwen15b-npu3,
1782498048.0933475,200,110.4870829731226,qwen15b-npu4,
1782498048.094954,200,139.94002994149923,qwen15b-npu6,
1782498048.095502,200,145.25698637589812,qwen15b-npu6,
1782498048.1009672,200,118.37723571807146,qwen15b-npu5,
1782498048.101215,200,116.72644503414631,qwen15b-npu5,
1782498048.1192682,200,115.29439501464367,qwen15b-npu4,
1782498048.1195307,200,110.84796581417322,qwen15b-npu4,
1782498048.1207795,200,135.91315411031246,qwen15b-npu6,
1782498048.1219795,200,138.47124110907316,qwen15b-npu7,
1782498048.1254811,200,115.1440036483109,qwen15b-npu5,
1782498048.1257741,200,121.05374410748482,qwen15b-npu5,
1782498048.141644,200,119.6005241945386,qwen15b-npu3,
1782498048.142019,200,120.69614231586456,qwen15b-npu3,
1782498048.1498368,200,146.19236206635833,qwen15b-npu7,
1782498048.1517112,200,125.62078516930342,qwen15b-npu6,
1782498048.1520321,200,143.67780601605773,qwen15b-npu6,
1782498048.1527317,200,143.0433220230043,qwen15b-npu6,
1782498048.1673267,200,132.3307901620865,qwen15b-npu3,
1782498048.1683316,200,116.43663281574845,qwen15b-npu4,
1782498048.1689706,200,130.84992999210954,qwen15b-npu4,
1782498048.1693046,200,130.0100339576602,qwen15b-npu4,
1782498048.1738436,200,121.3570861145854,qwen15b-npu5,
1782498048.174177,200,122.00340023264289,qwen15b-npu5,
1782498048.1792645,200,134.03932098299265,qwen15b-npu7,
1782498048.179664,200,139.8877208121121,qwen15b-npu7,
1782498048.1912017,200,123.13013803213835,qwen15b-npu4,
1782498048.1941104,200,125.32352190464735,qwen15b-npu3,
1782498048.1976585,200,106.13407427445054,qwen15b-npu5,
1782498048.2066514,200,137.4708842486143,qwen15b-npu7,
1782498048.2152383,200,121.82503892108798,qwen15b-npu4,
1782498048.2213023,200,130.49190677702427,qwen15b-npu3,
1782498048.2219958,200,132.42598064243793,qwen15b-npu3,
1782498048.2224681,200,121.43099727109075,qwen15b-npu5,
1782498048.2232437,200,121.96065997704864,qwen15b-npu5,
1782498048.2347567,200,139.68920893967152,qwen15b-npu6,
1782498048.235181,200,144.0845183096826,qwen15b-npu6,
1782498048.2360923,200,140.4656544327736,qwen15b-npu7,
1782498048.240683,200,114.84293220564723,qwen15b-npu4,
1782498048.2410707,200,121.72798905521631,qwen15b-npu4,
1782498048.2470486,200,126.17361778393388,qwen15b-npu3,
1782498048.263375,200,113.45987301319838,qwen15b-npu4,
1782498048.263977,200,138.4243811480701,qwen15b-npu7,
1782498048.2645538,200,122.44642293080688,qwen15b-npu7,
1782498048.2652397,200,143.17553211003542,qwen15b-npu6,
1782498048.265851,200,146.24556340277195,qwen15b-npu6,
1782498048.2706575,200,117.83814197406173,qwen15b-npu5,
1782498048.2714047,200,129.66037215664983,qwen15b-npu5,
1782498048.288324,200,119.9074168689549,qwen15b-npu4,
1782498048.2890527,200,115.13295397162437,qwen15b-npu4,
1782498048.2914693,200,124.06533397734165,qwen15b-npu7,
1782498048.2919223,200,140.11924201622605,qwen15b-npu7,
1782498048.2928479,200,140.71583608165383,qwen15b-npu6,
1782498048.295249,200,115.47366576269269,qwen15b-npu5,
1782498048.3008955,200,131.8249157629907,qwen15b-npu3,
1782498048.3012567,200,121.8903292901814,qwen15b-npu3,
1782498048.3189018,200,144.62706213817,qwen15b-npu7,
1782498048.3194249,200,125.23398222401738,qwen15b-npu7,
1782498048.320739,200,129.47712000459433,qwen15b-npu6,
1782498048.3216434,200,152.26864395663142,qwen15b-npu6,
1782498048.327219,200,120.4699999652803,qwen15b-npu3,
1782498048.3276663,200,129.91420272737741,qwen15b-npu3,
1782498048.3358457,200,120.50151964649558,qwen15b-npu4,
1782498048.3434775,200,108.59474027529359,qwen15b-npu5,
1782498048.3444102,200,123.02970793098211,qwen15b-npu5,
1782498048.3467913,200,123.4788610599935,qwen15b-npu7,
1782498048.3474796,200,125.38049323484302,qwen15b-npu7,
1782498048.350571,200,128.00411088392138,qwen15b-npu6,
1782498048.3530838,200,116.92341603338718,qwen15b-npu3,
1782498048.3601596,200,124.86339919269085,qwen15b-npu4,
1782498048.3677447,200,126.95956323295832,qwen15b-npu5,
1782498048.378685,200,131.52819406241179,qwen15b-npu6,
1782498048.3794746,200,138.30419909209013,qwen15b-npu6,
1782498048.3850358,200,120.96344400197268,qwen15b-npu4,
1782498048.385392,200,113.89822605997324,qwen15b-npu4,
1782498048.3918045,200,127.18695495277643,qwen15b-npu5,
1782498048.401349,200,137.91239727288485,qwen15b-npu7,
1782498048.401699,200,130.96235087141395,qwen15b-npu7,
1782498048.406772,200,141.46307110786438,qwen15b-npu3,
1782498048.4070926,200,141.128309071064,qwen15b-npu6,
1782498048.4099376,200,118.37381590157747,qwen15b-npu4,
1782498048.410642,200,122.24137224256992,qwen15b-npu4,
1782498048.4171708,200,115.84428884088993,qwen15b-npu5,
1782498048.417546,200,125.53323386237025,qwen15b-npu5,
1782498048.434675,200,139.33305582031608,qwen15b-npu3,
1782498048.4351094,200,142.1604147180915,qwen15b-npu3,
1782498048.4361348,200,135.1387081667781,qwen15b-npu6,
1782498048.4363828,200,147.23942009732127,qwen15b-npu6,
1782498048.4403088,200,112.96995915472507,qwen15b-npu5,
1782498048.4562092,200,128.42229334637523,qwen15b-npu7,
1782498048.4566214,200,137.6305753365159,qwen15b-npu7,
1782498048.458778,200,111.21253808960319,qwen15b-npu4,
1782498048.4591153,200,123.199419118464,qwen15b-npu4,
1782498048.4618287,200,140.07528172805905,qwen15b-npu3,
1782498048.4621294,200,141.31061034277081,qwen15b-npu3,
1782498048.4626093,200,118.09268407523632,qwen15b-npu3,
1782498048.4640038,200,144.5102021098137,qwen15b-npu6,
1782498048.466774,200,116.11837008967996,qwen15b-npu5,
1782498048.4673283,200,123.74923191964626,qwen15b-npu5,
1782498048.484175,200,131.02362118661404,qwen15b-npu7,
1782498048.4897418,200,129.51712124049664,qwen15b-npu5,
1782498048.4915757,200,144.7193631902337,qwen15b-npu6,
1782498048.5034807,200,123.9004130475223,qwen15b-npu4,
1782498048.514265,200,128.77617590129375,qwen15b-npu3,
1782498048.5144057,200,107.56349423900247,qwen15b-npu5,
1782498048.514936,200,136.173274833709,qwen15b-npu3,
1782498048.5150943,200,129.9701938405633,qwen15b-npu7,
1782498048.515351,200,147.52566162496805,qwen15b-npu7,
1782498048.5196867,200,127.8072688728571,qwen15b-npu6,
1782498048.526886,200,116.16515088826418,qwen15b-npu4,
1782498048.5402896,200,123.01999796181917,qwen15b-npu3,
1782498048.5411077,200,131.07924116775393,qwen15b-npu3,
1782498048.5412226,200,139.78805020451546,qwen15b-npu7,
1782498048.5413187,200,134.10827098414302,qwen15b-npu7,
1782498048.548523,200,146.73726679757237,qwen15b-npu6,
1782498048.5486429,200,131.0100513510406,qwen15b-npu6,
1782498048.5512948,200,115.08797388523817,qwen15b-npu4,
1782498048.551784,200,116.55060388147831,qwen15b-npu4,
1782498048.5619183,200,105.1914868876338,qwen15b-npu5,
1782498048.5620239,200,127.25493591278791,qwen15b-npu5,
1782498048.5658166,200,129.36880998313427,qwen15b-npu3,
1782498048.5680714,200,127.6644179597497,qwen15b-npu7,
1782498048.573875,200,106.4307251945138,qwen15b-npu4,
1782498048.5871074,200,128.2546422444284,qwen15b-npu5,
1782498048.5872242,200,124.49327716603875,qwen15b-npu5,
1782498048.5910165,200,129.10613836720586,qwen15b-npu3,
1782498048.5957558,200,131.66951527819037,qwen15b-npu7,
1782498048.5959175,200,136.70517969876528,qwen15b-npu7,
1782498048.5979676,200,108.15935721620917,qwen15b-npu4,
1782498048.5980616,200,106.41975607722998,qwen15b-npu4,
1782498048.6040103,200,137.13630195707083,qwen15b-npu6,
1782498048.604098,200,147.77602395042777,qwen15b-npu6,
1782498048.6041942,200,141.95517404004931,qwen15b-npu6,
1782498048.620346,200,136.0632050782442,qwen15b-npu7,
