timestamp,backend_id,requests_total,num_requests_running,num_requests_waiting,kv_cache_usage,ttft_avg_ms,tpot_avg_ms,queue_time_avg_ms,e2e_latency_avg_ms,router_phase,router_capacity,router_effective_weight,router_desired_weight,router_inflight,router_remote_utilization,router_queue_depth,router_kv_cache_usage,router_latency_ewma_ms
2026-06-28T02:28:26.354343,qwen7b-npu3,1870.0,0.0,0.0,0.0,362.5990313004682,29.445524159421634,0.01532914657656223,1837.5789013775911,active,10,10,10,0,0,0,0,0
2026-06-28T02:28:26.367698,qwen7b-npu4,4501.0,0.0,0.0,0.0,102.7381721535568,27.700386029772112,0.01174035503029598,130.41036459001745,active,10,10,10,0,0,0,0,0
2026-06-28T02:28:26.380518,qwen7b-npu5,4494.0,0.0,0.0,0.0,101.63537517992401,27.950900216486843,0.011763772361921263,129.56317011175764,active,10,10,10,0,0,0,0,0
2026-06-28T02:28:26.393149,qwen7b-npu6,4488.0,0.0,0.0,0.0,108.04333618830445,29.754205702997286,0.011927764260888096,137.77342194329395,active,10,10,10,0,0,0,0,0
2026-06-28T02:28:26.405887,qwen7b-npu7,4459.0,0.0,0.0,0.0,105.80572913007956,28.983479252765925,0.012400044421373484,134.77678217677212,active,10,10,10,0,0,0,0,0
2026-06-28T02:28:27.421307,qwen7b-npu3,1882.0,12.0,0.0,0.002581596902083705,361.43032270587594,29.432981072712643,0.01532914657656223,1837.5789013775911,active,10,9.12435460077448,6.4974184030979165,0,1,0,0.002581596902083705,0
2026-06-28T02:28:27.434640,qwen7b-npu4,4501.0,0.0,0.0,0.0,102.7381721535568,27.700386029772112,0.01174035503029598,130.41036459001745,active,10,10,10,0,0,0,0,0
2026-06-28T02:28:27.449568,qwen7b-npu5,4494.0,0.0,0.0,0.0,101.63537517992401,27.950900216486843,0.011763772361921263,129.56317011175764,active,10,10,10,0,0,0,0,0
2026-06-28T02:28:27.462146,qwen7b-npu6,4488.0,0.0,0.0,0.0,108.04333618830445,29.754205702997286,0.011927764260888096,137.77342194329395,active,10,10,10,0,0,0,0,0
2026-06-28T02:28:27.474553,qwen7b-npu7,4459.0,0.0,0.0,0.0,105.80572913007956,28.983479252765925,0.012400044421373484,134.77678217677212,active,10,10,10,0,0,0,0,0
2026-06-28T02:28:28.490586,qwen7b-npu3,1882.0,12.0,0.0,0.002581596902083705,361.43032270587594,29.41682932617315,0.01532914657656223,1837.5789013775911,active,10,8.467620551355338,6.4974184030979165,0,1,0,0.002581596902083705,0
2026-06-28T02:28:28.504181,qwen7b-npu4,4501.0,0.0,0.0,0.0,102.7381721535568,27.700386029772112,0.01174035503029598,130.41036459001745,active,10,10,10,0,0,0,0,0
2026-06-28T02:28:28.516814,qwen7b-npu5,4494.0,0.0,0.0,0.0,101.63537517992401,27.950900216486843,0.011763772361921263,129.56317011175764,active,10,10,10,0,0,0,0,0
2026-06-28T02:28:28.529584,qwen7b-npu6,4488.0,0.0,0.0,0.0,108.04333618830445,29.754205702997286,0.011927764260888096,137.77342194329395,active,10,10,10,0,0,0,0,0
2026-06-28T02:28:28.542010,qwen7b-npu7,4459.0,0.0,0.0,0.0,105.80572913007956,28.983479252765925,0.012400044421373484,134.77678217677212,active,10,10,10,0,0,0,0,0
2026-06-28T02:28:29.557654,qwen7b-npu3,1882.0,12.0,0.0,0.004794394246726896,361.43032270587594,29.403630032822115,0.01532914657656223,1837.5789013775911,active,10,7.974876394523327,6.496643924027293,0,1,0,0.003356075972708822,0
2026-06-28T02:28:29.570754,qwen7b-npu4,4501.0,0.0,0.0,0.0,102.7381721535568,27.700386029772112,0.01174035503029598,130.41036459001745,active,10,10,10,0,0,0,0,0
2026-06-28T02:28:29.584078,qwen7b-npu5,4494.0,0.0,0.0,0.0,101.63537517992401,27.950900216486843,0.011763772361921263,129.56317011175764,active,10,10,10,0,0,0,0,0
2026-06-28T02:28:29.596541,qwen7b-npu6,4488.0,0.0,0.0,0.0,108.04333618830445,29.754205702997286,0.011927764260888096,137.77342194329395,active,10,10,10,0,0,0,0,0
2026-06-28T02:28:29.609609,qwen7b-npu7,4459.0,0.0,0.0,0.0,105.80572913007956,28.983479252765925,0.012400044421373484,134.77678217677212,active,10,10,10,0,0,0,0,0
2026-06-28T02:28:30.625337,qwen7b-npu3,1882.0,12.0,0.0,0.004794394246726896,361.43032270587594,29.389783990566787,0.01532914657656223,1837.5789013775911,active,10,7.605192424050341,6.496140512631385,0,1,0,0.003859487368615148,0
2026-06-28T02:28:30.638771,qwen7b-npu4,4501.0,0.0,0.0,0.0,102.7381721535568,27.700386029772112,0.01174035503029598,130.41036459001745,active,10,10,10,0,0,0,0,0
2026-06-28T02:28:30.652427,qwen7b-npu5,4494.0,0.0,0.0,0.0,101.63537517992401,27.950900216486843,0.011763772361921263,129.56317011175764,active,10,10,10,0,0,0,0,0
2026-06-28T02:28:30.665321,qwen7b-npu6,4488.0,0.0,0.0,0.0,108.04333618830445,29.754205702997286,0.011927764260888096,137.77342194329395,active,10,10,10,0,0,0,0,0
2026-06-28T02:28:30.679155,qwen7b-npu7,4459.0,0.0,0.0,0.0,105.80572913007956,28.983479252765925,0.012400044421373484,134.77678217677212,active,10,10,10,0,0,0,0,0
2026-06-28T02:28:31.696641,qwen7b-npu3,1884.0,12.0,0.0,0.004794394246726896,361.11945141652586,29.37816788211911,0.01532387505305342,1835.7186123856113,active,10,7.327847641843768,6.495813295224046,1,1,0,0.0041867047759542595,103.678
2026-06-28T02:28:31.710503,qwen7b-npu4,4507.0,0.0,0.0,0.0,102.74724968791088,27.697269802752913,0.011748781449425245,130.41624293931446,active,10,10,10,1,0,0,0,137.55861718749998
2026-06-28T02:28:31.724339,qwen7b-npu5,4502.0,1.0,0.0,0.0001833516685001424,101.67894846383649,27.946602665235833,0.01177329697831943,129.60235577909114,active,10,10,10,4,0,0,0,151.77881640625
2026-06-28T02:28:31.737562,qwen7b-npu6,4496.0,1.0,0.0,0.0001833516685001424,108.03508472188088,29.759759805838936,0.011934956852473018,137.77061793091457,active,10,10,10,4,0,0,0,136.48307031250002
2026-06-28T02:28:31.751668,qwen7b-npu7,4464.0,1.0,0.0,0.0001833516685001424,105.76799025885948,28.980833228737097,0.01240377219299288,134.73629652385642,active,10,10,10,2,0,0,0,101.255546875
2026-06-28T02:28:32.767963,qwen7b-npu3,1888.0,12.0,0.0,0.007007191591370088,360.50742397368964,29.369607958020275,0.015311713270890315,1832.017218634518,active,10,6.942773788347916,6.47421261125314,0,1,0,0.005354075465609445,102.16656640625
2026-06-28T02:28:32.781676,qwen7b-npu4,4531.0,0.0,0.0,0.0,102.60799225264368,27.690413203706196,0.011747715735292714,130.2692100349785,active,10,9.654905009918977,9.109141346005401,2,0.21249999999999997,0,0.00031169783645028094,108.98478079074903
2026-06-28T02:28:32.793877,qwen7b-npu5,4524.0,2.0,0.0,0.0003667033370003958,101.68786864698092,27.957950459526256,0.011780025416836521,129.62075464499932,active,10,9.756643260140516,9.565213470039149,3,0.08125,0,0.00011917858452509256,126.46175688162795
2026-06-28T02:28:32.806031,qwen7b-npu6,4518.0,2.0,0.0,0.0003667033370003958,107.9311467947924,29.754491775968013,0.011944867610285893,137.6682197675521,active,10,9.723899138607965,9.291595587476449,4,0.125,0,0.0001833516685001424,103.60530427525642
2026-06-28T02:28:32.818077,qwen7b-npu7,4491.0,1.0,0.0,0.0001833516685001424,105.76527996228867,29.029778986212065,0.01241729260040641,134.78202035182358,active,10,9.678104503336087,9.195879663619156,3,0.16875,0,0.0002475247524752311,123.58279360638477
2026-06-28T02:28:33.832630,qwen7b-npu3,1889.0,12.0,0.0,0.007007191591370088,360.3598569170264,29.356223118074038,0.015309144430102896,1831.0991058847533,active,10,6.825367553493296,6.473148848929437,0,1,0,0.00593266610962567,104.5924248046875
2026-06-28T02:28:33.846366,qwen7b-npu4,4557.0,1.0,0.0,0.0001833516685001424,102.60662562705353,27.709482399910897,0.011763843536138196,130.28987831353513,active,10,9.336367619224697,8.380755447141857,2,0.313125,0,0.0004592959295929208,162.9032104500551
2026-06-28T02:28:33.860163,qwen7b-npu5,4551.0,3.0,0.0,0.0005500550055005382,101.6063994036955,27.987662139318303,0.01179479450261819,129.568849500719,active,10,9.641984171663793,9.298006906233622,4,0.1403125,0,0.00020581224789144867,114.22499319432414
2026-06-28T02:28:33.873055,qwen7b-npu6,4541.0,3.0,0.0,0.0005500550055005382,107.91114583673836,29.760340098467605,0.011968662773238728,137.6496892668602,active,10,9.715761369638894,9.691348062731684,4,0.08125,0,0.00011917858452509256,120.78879341894861
2026-06-28T02:28:33.886091,qwen7b-npu7,4514.0,1.0,0.0,0.0001833516685001424,105.67143896167977,29.028782161327555,0.012417665429311116,134.69725787811313,active,10,9.602421596197413,9.375372874781394,2,0.1534375,0,0.00022506417308395006,116.41629142070644
2026-06-28T02:28:34.901025,qwen7b-npu3,1891.0,12.0,0.0,0.007007191591370088,360.0461940674603,29.342716905167244,0.015303807394850917,1829.2465046278146,active,10,6.721774686682737,6.410996086251062,0,1,0,0.0063087500282362164,99.75961395263671
2026-06-28T02:28:34.914037,qwen7b-npu4,4578.0,2.0,0.0,0.0003667033370003958,102.4719611064166,27.703886491149188,0.011760176096795428,130.15760978497033,active,10,9.233408253248834,8.924530155321245,4,0.24728125,0,0.00036271543821044834,104.84443472615006
2026-06-28T02:28:34.926251,qwen7b-npu5,4575.0,0.0,0.0,0.0,101.54987762534553,27.96967755254473,0.011795511909142199,129.49440461038893,active,10,9.576415095400922,9.37970786661231,0,0.134953125,0,0.0001979510451044915,121.83264516112087
2026-06-28T02:28:34.939009,qwen7b-npu6,4568.0,3.0,0.0,0.0005500550055005382,107.94146914824503,29.771418374874294,0.011982404855231108,137.68784102449695,active,10,9.688028995273068,9.604831872175593,6,0.052812500000000005,0,7.746607994131017e-05,129.73307946098183
2026-06-28T02:28:34.954130,qwen7b-npu7,4539.0,0.0,0.0,0.0,105.60427853966054,29.042331885231132,0.012414369923095707,134.63353233522295,active,10,9.483360627339259,9.126177720764794,2,0.187234375,0,0.00027463788045470604,118.01851324074508
2026-06-28T02:28:35.969340,qwen7b-npu3,1893.0,12.0,0.0,0.00921998893601328,359.7465664762325,29.331333747413414,0.015298960711433196,1827.4125870335045,active,10,6.6593340924581454,6.472012309784371,0,1,0,0.007327683645958189,103.30003284835814
2026-06-28T02:28:35.983346,qwen7b-npu4,4602.0,1.0,0.0,0.0001833516685001424,102.43634320714587,27.714030589960004,0.011769775747546332,130.12410722987022,active,10,9.240995916315523,9.263758905515587,1,0.2044828125,0,0.00029993811881184125,115.40907014448841
2026-06-28T02:28:35.995924,qwen7b-npu5,4598.0,2.0,0.0,0.0003667033370003958,101.52118954776734,27.98012009675797,0.011802850800804421,129.47590509773906,active,10,9.422376412885896,8.960260365340817,4,0.21896953125,0,0.0003211874312431078,128.66224858983477
2026-06-28T02:28:36.008245,qwen7b-npu6,4596.0,1.0,0.0,0.0001833516685001424,107.87260288565547,29.764389540599417,0.011989196290067469,137.62293541651945,active,10,9.535571248648079,9.078198008773112,3,0.165578125,0,0.00024287220388703997,108.15395682405648
2026-06-28T02:28:36.021537,qwen7b-npu7,4563.0,3.0,0.0,0.0005500550055005382,105.51617288181924,29.023223963409773,0.012414074330163486,134.52695268959604,active,10,9.414789278119104,9.20907523045864,4,0.16545234375,0,0.00024268770627060879,122.8578599929291
2026-06-28T02:28:37.036914,qwen7b-npu3,1894.0,12.0,0.0,0.00921998893601328,359.591321431596,29.31816909269571,0.015296299200741685,1826.4918955682315,active,10,6.596696935096184,6.408785463010299,0,1,0,0.00805453042002958,101.88252463626861
2026-06-28T02:28:37.052150,qwen7b-npu4,4630.0,3.0,0.0,0.0005500550055005382,102.41894140099346,27.730453920697748,0.011780716937845097,130.12214245833295,active,10,9.239485596525205,9.23495463715425,4,0.176663828125,0,0.0002591328612027467,143.9333274703744
2026-06-28T02:28:37.064745,qwen7b-npu5,4623.0,2.0,0.0,0.0003667033370003958,101.4499419338384,27.965933864321965,0.011806278448884213,129.39674799600138,active,10,9.20602606869933,8.55697503613963,4,0.3173301953125,0,0.00046546416620825827,112.48026365927144
2026-06-28T02:28:37.077904,qwen7b-npu6,4620.0,1.0,0.0,0.0001833516685001424,107.75502930471907,29.752236865567895,0.011990222550285548,137.49264690054784,active,10,9.428609313862296,9.10772350950495,2,0.19512578125,0,0.0002862131004767145,105.2293302868061
2026-06-28T02:28:37.091019,qwen7b-npu7,4591.0,1.0,0.0,0.0001833516685001424,105.45819357728885,29.041674841412007,0.012416354484884281,134.49266232176805,active,10,9.446436219378812,9.541377043157937,2,0.10754402343750001,0,0.0001577470090758957,144.85671670605467
2026-06-28T02:28:38.106137,qwen7b-npu3,1898.0,12.0,0.0,0.00921998893601328,358.9815891203564,29.304588317752824,0.015284048305501697,1822.8239649047528,active,10,6.5653935417814475,6.4714833618372385,0,1,0,0.008462440900623874,100.27098631069437
2026-06-28T02:28:38.121087,qwen7b-npu4,4656.0,2.0,0.0,0.0003667033370003958,102.31177406417545,27.72315248925358,0.011783248602006063,130.00982356880886,active,10,9.269680097777306,9.36026360153361,2,0.15858148828125002,0,0.00023260944375683517,99.31990093736653
2026-06-28T02:28:38.134422,qwen7b-npu5,4650.0,0.0,0.0,0.0,101.35295191118794,27.98127813760979,0.011804402580231889,129.30867107965614,active,10,9.133784736216757,8.917060738769042,3,0.250014626953125,0,0.0003667247920104177,113.54587442355319
2026-06-28T02:28:38.149882,qwen7b-npu6,4644.0,3.0,0.0,0.0005500550055005382,107.67605656903946,29.7485181430253,0.011985653232698682,137.39618355411923,active,10,9.369823825641864,9.19346736098057,5,0.17058175781249998,0,0.0002502115992849143,107.3641544018734
2026-06-28T02:28:38.163089,qwen7b-npu7,4617.0,0.0,0.0,0.0,105.35320338165964,29.027971660186,0.012412124557692122,134.3664645322453,active,10,9.378946105577707,9.17647576417439,2,0.15740361523437502,0,0.00023088172384947073,96.52977995363608
2026-06-28T02:28:39.178691,qwen7b-npu3,1900.0,12.0,0.0,0.01143278628065647,358.67658728047417,29.29337784624871,0.0152783660496425,1820.9944138840092,active,10,6.541857157917845,6.471248006327038,0,1,0,0.008727582713010166,100.12205479976558
2026-06-28T02:28:39.192449,qwen7b-npu4,4680.0,0.0,0.0,0.0,102.23985334746857,27.717441712818083,0.01178588696565672,129.93462890641302,active,10,9.269904001672668,9.270575713358758,3,0.1468279673828125,0,0.0002153692224169927,106.85680636563518
2026-06-28T02:28:39.206398,qwen7b-npu5,4673.0,0.0,0.0,0.0,101.31406483036942,27.977080142497726,0.01180252172113148,129.26548297211878,active,10,9.079335258818688,8.915986826624478,4,0.2500095075195312,0,0.00036671728275691003,106.79404162406209
2026-06-28T02:28:39.220284,qwen7b-npu6,4671.0,1.0,0.0,0.0001833516685001424,107.59149249017022,29.75854023829318,0.011981670295716857,137.32190704835708,active,10,9.30146858766269,9.096402873725166,2,0.198378142578125,0,0.0002909837074853328,133.3291852283536
2026-06-28T02:28:39.233289,qwen7b-npu7,4642.0,2.0,0.0,0.0003667033370003958,105.288611409583,29.02686502005629,0.012410542788133264,134.308204854313,active,10,9.407721183095047,9.494046415647068,3,0.10231234990234377,0,0.000150073120502156,147.41206040640435
2026-06-28T02:28:40.255588,qwen7b-npu3,1901.0,12.0,0.0,0.01143278628065647,358.52750761141465,29.286254174821874,0.015277609900309363,1820.0844207600098,active,10,6.523968164707974,6.470301185078361,0,1,0,0.009674403961686373,101.38404109982419
2026-06-28T02:28:40.269215,qwen7b-npu4,4703.0,1.0,0.0,0.0001833516685001424,102.18518666959484,27.706191817348827,0.01179253689261129,129.86906487815511,active,10,9.062953436924072,8.442101742678286,2,0.31418817879882815,0,0.00046085541444637216,111.0716799344909
2026-06-28T02:28:40.282247,qwen7b-npu5,4700.0,2.0,0.0,0.0003667033370003958,101.29386871419055,27.97256551412839,0.011810066822478652,129.24692219281405,active,10,9.107767917059507,9.193065891781961,3,0.2062561798876953,0,0.00030253931776704136,109.67161339831006
2026-06-28T02:28:40.296485,qwen7b-npu6,4697.0,1.0,0.0,0.0001833516685001424,107.52844683586447,29.763463455296613,0.01197983027148693,137.27235428519305,active,10,9.326603564080486,9.402008493333875,4,0.12894579267578127,0,0.00018913940986546633,151.49395106850685
2026-06-28T02:28:40.310171,qwen7b-npu7,4669.0,1.0,0.0,0.0001833516685001424,105.27053234740073,29.03115160520074,0.012408661329075078,134.29652648597266,active,10,9.459772513071265,9.615926502999917,3,0.06650302743652345,0,9.75475283264014e-05,133.39710767531162
2026-06-28T02:28:41.327666,qwen7b-npu3,1915.0,13.0,0.0,0.002765996680804017,356.91636922154044,29.27159411966716,0.015483702636500419,1894.3853881944183,active,10,6.510613054117031,6.470547722344201,1,1,0,0.007191921490825439,106.42308561865111
2026-06-28T02:28:41.341673,qwen7b-npu4,4731.0,2.0,0.0,0.0003667033370003958,102.08271860547208,27.698937227269468,0.011791778649237935,129.7642574249816,active,10,9.097358036325842,9.20057183453115,2,0.2042223162192383,0,0.0002995560193901419,114.44573224631745
2026-06-28T02:28:41.356081,qwen7b-npu5,4726.0,1.0,0.0,0.0001833516685001424,101.18578805088038,27.970787961672404,0.011806568254349585,129.1362555064852,active,10,9.138554497219012,9.230914237697531,2,0.17781651692700193,0,0.00026082364052362674,98.57042825855294
2026-06-28T02:28:41.368599,qwen7b-npu6,4720.0,2.0,0.0,0.0003667033370003958,107.51432200609626,29.774500596204234,0.011982426476452483,137.25878343743796,active,10,9.258552698923653,9.054400103453155,4,0.17131476523925782,0,0.00025128678436269164,140.85423761652567
2026-06-28T02:28:41.382219,qwen7b-npu7,4693.0,2.0,0.0,0.0003667033370003958,105.19421595945913,29.013752996178958,0.012406735522892611,134.19892802161226,active,10,9.428284096828357,9.333818848099636,3,0.13072696783374024,0,0.00019175206136229944,102.66164167540714
2026-06-28T02:28:42.397333,qwen7b-npu3,1919.0,12.0,0.0,0.002581596902083705,356.334467366563,29.2568957425538,0.015472142694453385,1890.6274088152927,active,10,6.501243140716813,6.47313340051616,0,1,0,0.005578307884765832,106.10484349652633
2026-06-28T02:28:42.410617,qwen7b-npu4,4757.0,1.0,0.0,0.0001833516685001424,101.93994071820917,27.69098358136559,0.011791091887960087,129.616233859371,active,10,9.077852109595657,9.019334329405105,2,0.2202445055425049,0,0.00032305758055373076,92.04902668009828
2026-06-28T02:28:42.423089,qwen7b-npu5,4751.0,0.0,0.0,0.0,101.032588537606,27.953120274026205,0.011802362873350977,128.95901889154672,active,10,9.124501760115693,9.082343548805737,2,0.20308073600255125,0,0.0002978815342904959,112.87297982938684
2026-06-28T02:28:42.436573,qwen7b-npu6,4745.0,2.0,0.0,0.0003667033370003958,107.53620060276559,29.769030067669725,0.011990253946479425,137.27504541298612,active,10,9.177233701921644,8.933276710915615,4,0.24260459740551757,0,0.0003558556617609379,121.8807735314405
2026-06-28T02:28:42.448838,qwen7b-npu7,4717.0,1.0,0.0,0.0001833516685001424,105.16726361610941,29.028455747101606,0.012409676504206388,134.18239179445015,active,10,9.422068826835892,9.403423016858497,4,0.12872252909193116,0,0.00018881192386054448,143.81951620574404
2026-06-28T02:28:43.465024,qwen7b-npu3,1923.0,13.0,0.0,0.0049787940254472085,355.73562965750136,29.244396960247403,0.01546267719559463,1886.8713970274152,active,10,6.478933337592242,6.412003928218528,1,1,0,0.0053039381114522045,101.64875126257277
2026-06-28T02:28:43.479628,qwen7b-npu4,4781.0,0.0,0.0,0.0,101.82835935573901,27.682589077595495,0.011788733116042997,129.4896972650665,active,10,9.038397952109852,8.920035479652435,1,0.23065892860262818,0,0.0003383335953100635,94.13159384829818
2026-06-28T02:28:43.491763,qwen7b-npu5,4776.0,2.0,0.0,0.0003667033370003958,100.97527464031175,27.96168165861739,0.011797636862861295,128.9167794632038,active,10,9.115119230138568,9.086971640207192,3,0.21950247840165832,0,0.0003219691652389609,168.24366845947128
2026-06-28T02:28:43.504655,qwen7b-npu6,4773.0,1.0,0.0,0.0001833516685001424,107.49735633407327,29.76377658510268,0.011991365877677984,137.23865363743758,active,10,9.098948083414767,8.864091227894136,2,0.2451929883135864,0,0.00035965234809474814,116.79504438558232
2026-06-28T02:28:43.518894,qwen7b-npu7,4743.0,3.0,0.0,0.0005500550055005382,105.10280527898638,29.041508352819886,0.01240959849512103,134.13014561754898,active,10,9.433294327858974,9.46697083092822,5,0.12741964390975524,0,0.00018690083448440377,106.08748810365579
2026-06-28T02:28:44.533863,qwen7b-npu3,1931.0,12.0,0.0,0.004794394246726896,354.62306349589875,29.240410221465297,0.015448075623100202,1879.48169429952,active,10,6.4777173551505225,6.474069407825366,0,1,0,0.005125597758798346,117.07379194692597
2026-06-28T02:28:44.546494,qwen7b-npu4,4799.0,3.0,0.0,0.0005500550055005382,101.76468049518564,27.716160009166657,0.011792589626951221,129.4599769015072,active,10,9.109720161602045,9.323686790078622,6,0.14992830359170833,0,0.0002199168369515413,98.42395187655008
2026-06-28T02:28:44.559635,qwen7b-npu5,4800.0,2.0,0.0,0.0003667033370003958,100.87878445784251,27.945675463410012,0.011796448846756574,128.80138169479608,active,10,9.136910987320018,9.202286258864367,3,0.1864266109610779,0,0.00027345304138037444,117.43558724387204
2026-06-28T02:28:44.573886,qwen7b-npu6,4796.0,0.0,0.0,0.0,107.46616184761167,29.774874901816112,0.01199277084575606,137.21092702747885,active,10,9.125520034000512,9.205235885757746,1,0.20312544240383118,0,0.00029794711023663613,159.9776269600189
2026-06-28T02:28:44.588110,qwen7b-npu7,4769.0,1.0,0.0,0.0001833516685001424,105.07725769430118,29.048118900811687,0.01241071855465573,134.11757830005362,active,10,9.234058417966756,8.636350688290099,2,0.2578227685413409,0,0.0003781778783151006,145.64149401019495
2026-06-28T02:28:45.603768,qwen7b-npu3,1933.0,12.0,0.0,0.004794394246726896,354.3325215500991,29.22618211207173,0.015442908442556665,1877.629258122561,active,10,6.460540772652514,6.40901102515849,1,1,0,0.005074216452125448,111.71482047014587
2026-06-28T02:28:45.616783,qwen7b-npu4,4827.0,0.0,0.0,0.0,101.80813223524866,27.742549577372458,0.011803101102625887,129.530830266734,active,10,9.028778478448283,8.785953428986996,2,0.2287033973346104,0,0.0003354651959436902,122.80280161458779
2026-06-28T02:28:45.629008,qwen7b-npu5,4822.0,2.0,0.0,0.0003667033370003958,100.80955064133558,27.963959142038913,0.01179562609025709,128.74676735259743,active,10,9.187451603739364,9.3390734529974,5,0.16492729712470064,0,0.00024191756087229324,149.52935784934556
2026-06-28T02:28:45.642233,qwen7b-npu6,4821.0,3.0,0.0,0.0005500550055005382,107.35297717387388,29.76244957483121,0.011987310435683468,137.08433142141774,active,10,9.207655821376655,9.454063183505083,3,0.13203153756249028,0,0.00019366562165381348,108.16979367868936
2026-06-28T02:28:45.654767,qwen7b-npu7,4793.0,1.0,0.0,0.0001833516685001424,104.99618572256597,29.0674527262825,0.012404692690583563,134.04909166144648,active,10,9.149523363780688,8.895918201222484,1,0.2550847995518716,0,0.00037416178885495393,99.32667333587663
2026-06-28T02:28:46.670851,qwen7b-npu3,1939.0,12.0,0.0,0.007007191591370088,353.4704694556108,29.21411782248397,0.015425623831136558,1872.1008551943532,active,10,6.463638079051696,6.472929998249242,0,1,0,0.004976278680235955,104.89077297918368
2026-06-28T02:28:46.683962,qwen7b-npu4,4852.0,4.0,0.0,0.0007334066740006806,101.79625290637162,27.75324396803626,0.011805258149739605,129.51296068958402,active,10,9.011919429420413,8.961342282336807,6,0.23615720826749675,0,0.00034639854531353715,128.44927348628926
2026-06-28T02:28:46.699913,qwen7b-npu5,4845.0,0.0,0.0,0.0,100.76769975439807,27.957754209477706,0.011799001239363434,128.6989029962089,active,10,9.181677849392003,9.164356586349923,1,0.1947027431310554,0,0.00028559258251712914,99.1981397413765
2026-06-28T02:28:46.712238,qwen7b-npu6,4845.0,1.0,0.0,0.0001833516685001424,107.27464928838613,29.76498445646484,0.011993883564886027,137.0197721102531,active,10,9.146751008700665,8.964036570672695,1,0.21707049941561865,0,0.00031840190600016714,120.4791486270475
2026-06-28T02:28:46.726146,qwen7b-npu7,4818.0,3.0,0.0,0.0005500550055005382,104.89936209457352,29.06719053977035,0.012403830819559172,133.94942470722384,active,10,9.165476741612128,9.21333687510645,4,0.16580511970871653,0,0.00024320516275572006,95.54346559116544
2026-06-28T02:28:47.742097,qwen7b-npu3,1949.0,12.0,0.0,0.007007191591370088,352.09909006532735,29.212687503831628,0.015401087829741113,1863.0455268924852,active,10,6.46606224609003,6.473334747205031,0,1,0,0.005687098199132901,117.25566943516523
2026-06-28T02:28:47.755238,qwen7b-npu4,4877.0,1.0,0.0,0.0001833516685001424,101.71327983010664,27.74680249907477,0.011805776507205419,129.4411557459406,active,10,9.063206675188287,9.217068412491908,2,0.1972521853738729,0,0.000289332138428849,99.94767763397682
2026-06-28T02:28:47.767103,qwen7b-npu5,4871.0,4.0,0.0,0.0007334066740006806,100.72674880500594,27.97388420618771,0.011804196755509144,128.6563547173181,active,10,9.18557010708226,9.197246880153031,6,0.170306783035186,0,0.0002498082626111838,113.20042460653643
2026-06-28T02:28:47.780196,qwen7b-npu6,4869.0,0.0,0.0,0.0,107.15197297576321,29.751823352665994,0.011986724787502328,136.87395422726496,active,10,9.199653514099627,9.35836103029651,1,0.14109582462015213,0,0.00020696123890010865,113.29912243276718
2026-06-28T02:28:47.793076,qwen7b-npu7,4842.0,1.0,0.0,0.0001833516685001424,104.74663793129746,29.056479687475814,0.012395826081611957,133.79710490386907,active,10,9.080821024378082,8.826853872675947,3,0.23902332781066574,0,0.0003506026077164064,92.63828630080023
2026-06-28T02:28:48.808134,qwen7b-npu3,1954.0,12.0,0.0,0.007007191591370088,351.41731394472,29.211041784204557,0.015394535080702276,1858.5406633901546,active,10,6.467918787482062,6.470235294805767,0,1,0,0.006449452133149876,116.57626530541518
2026-06-28T02:28:48.821302,qwen7b-npu4,4899.0,2.0,0.0,0.0003667033370003958,101.58865756953485,27.73460572545203,0.011798394164519848,129.30437841569193,active,10,9.183256755884624,9.401148626534583,5,0.11177654832046131,0,0.0001639553330699711,99.84749505366071
2026-06-28T02:28:48.833856,qwen7b-npu5,4898.0,0.0,0.0,0.0,100.69469599492115,27.978367138612377,0.01180737770597048,128.6441454745254,active,10,8.956681039728677,8.707696731004336,2,0.27320461583236605,0,0.0004007401772385185,145.2186805823569
2026-06-28T02:28:48.847076,qwen7b-npu6,4895.0,1.0,0.0,0.0001833516685001424,107.09928141429305,29.764465953653307,0.011989490903441417,136.83381445926594,active,10,9.237448893958412,9.17018256164948,2,0.17555048590201427,0,0.0002574997959692168,130.77035658672258
2026-06-28T02:28:48.859437,qwen7b-npu7,4866.0,2.0,0.0,0.0003667033370003958,104.67898669284016,29.062355414730213,0.012394926853244597,133.72622607325607,active,10,9.177589908916158,9.45592942542026,3,0.12942485600000628,0,0.0001898421063439641,141.968682366872
2026-06-28T02:28:49.873789,qwen7b-npu3,1957.0,12.0,0.0,0.00921998893601328,351.0029152698156,29.204299097004274,0.015385772301267791,1855.8417300638625,active,10,6.468399729699223,6.469842556350704,0,1,0,0.007419140014152067,113.69151817572202
2026-06-28T02:28:49.887271,qwen7b-npu4,4923.0,2.0,0.0,0.0003667033370003958,101.58843687097401,27.73566029047165,0.01180903635919307,129.30525363811313,active,10,9.302649445808532,9.660827515580257,4,0.07265475640829985,0,0.00010657096649548121,113.0277475907426
2026-06-28T02:28:49.899946,qwen7b-npu5,4918.0,1.0,0.0,0.0001833516685001424,100.61643544422412,27.97222179929198,0.011808683814034413,128.5598583946678,active,10,8.87911977901723,8.646435996882893,1,0.30883300029103794,0,0.00045300036713022537,117.01707480818601
2026-06-28T02:28:49.912228,qwen7b-npu6,4923.0,1.0,0.0,0.0001833516685001424,107.07924062344158,29.748690779182702,0.012013720637262812,136.80693736070543,active,10,9.152765894070011,8.898716894404808,4,0.2891078158363093,0,0.0004240672032802291,125.06306111811081
2026-06-28T02:28:49.926147,qwen7b-npu7,4892.0,1.0,0.0,0.0001833516685001424,104.60694232926637,29.049443268263786,0.012397578424517336,133.6510015689286,active,10,9.141609762340332,9.033669322612855,3,0.21537615640000407,0,0.000315916621048765,120.51067348930951
2026-06-28T02:28:50.940703,qwen7b-npu3,1961.0,12.0,0.0,0.00921998893601328,350.47713753400194,29.203146818647824,0.01538058857242897,1852.2829556844367,active,10,6.468028354597202,6.46691422929114,1,1,0,0.008049437136803492,125.18166786028705
2026-06-28T02:28:50.954468,qwen7b-npu4,4953.0,0.0,0.0,0.0,101.65467990087352,27.762187178880527,0.011823029880354198,129.3965083961171,active,10,9.272819360013882,9.183329102629934,0,0.1347255916653949,0,0.00019761729617220132,143.45058891554402
2026-06-28T02:28:50.966720,qwen7b-npu5,4941.0,3.0,0.0,0.0005500550055005382,100.57574031662298,27.979730946746624,0.011812218016629515,128.5235806997971,active,10,8.961911276531985,9.210285769076254,4,0.20074145018917466,0,0.0002944502386346465,124.07694028288951
2026-06-28T02:28:50.979690,qwen7b-npu6,4938.0,2.0,0.0,0.0003667033370003958,107.0291707756163,29.741134177832635,0.012015630411746681,136.74223495427776,active,10,9.085182337233457,8.882431666723795,5,0.27542008029360104,0,0.00040398985008228744,130.4143816218771
2026-06-28T02:28:50.992886,qwen7b-npu7,4915.0,1.0,0.0,0.0001833516685001424,104.5608618979779,29.05361740355846,0.012400188863542863,133.61184927909704,active,10,9.143104217113649,9.147587581433603,2,0.18374450166000264,0,0.0002695188876567471,124.47648151107808
2026-06-28T02:28:52.007583,qwen7b-npu3,1963.0,12.0,0.0,0.00921998893601328,350.1990129312446,29.198526287155165,0.015375488021740736,1850.492166898484,active,10,6.467767470836509,6.46698481955443,0,1,0,0.008459130266526917,117.29443817141147
2026-06-28T02:28:52.020644,qwen7b-npu4,4974.0,2.0,0.0,0.0003667033370003958,101.58002549115079,27.773580952944393,0.01182710235208897,129.34226882354656,active,10,9.341395644526916,9.54712449806602,3,0.08757163458250669,0,0.00012845124251193086,115.90458011461357
2026-06-28T02:28:52.035551,qwen7b-npu5,4968.0,2.0,0.0,0.0003667033370003958,100.52173034004542,27.997314045090842,0.011813956908315059,128.4874951796238,active,10,9.000584098274606,9.116602563502468,3,0.17423194262296354,0,0.0002555657390875701,112.46437985093536
2026-06-28T02:28:52.048719,qwen7b-npu6,4968.0,0.0,0.0,0.0,107.0453700715985,29.747136335171287,0.012022450677991233,136.76275838400431,active,10,9.10380329192428,9.159666155996744,3,0.1790230521908407,0,0.00026259340255348684,158.2317676155313
2026-06-28T02:28:52.061057,qwen7b-npu7,4940.0,0.0,0.0,0.0,104.48250490644199,29.037279682810556,0.012401617018422037,133.51162170108995,active,10,9.08489025023691,8.910248349606691,3,0.2506839260790017,0,0.00036770652890207397,132.56588755685945
2026-06-28T02:28:53.076017,qwen7b-npu3,1967.0,13.0,0.0,0.009404388714733591,349.71900924426626,29.196022950275665,0.015369451215789627,1846.9966293295936,active,10,6.467007975799849,6.464729490689869,1,1,0,0.008725430800847145,132.72539254642317
2026-06-28T02:28:53.089329,qwen7b-npu4,5000.0,2.0,0.0,0.0003667033370003958,101.5628620147705,27.778275607319266,0.011839288057469054,129.3275313845728,active,10,9.303675193785613,9.190513841561705,2,0.10067156247862935,0,0.0001476663916078049,143.66880007760685
2026-06-28T02:28:53.102697,qwen7b-npu5,4993.0,1.0,0.0,0.0001833516685001424,100.47900750740673,27.988896931286586,0.011817799319827484,128.44101594298058,active,10,9.076280893965173,9.303371281036876,1,0.1570007627049263,0,0.0002302908143819704,117.00888093153095
2026-06-28T02:28:53.115688,qwen7b-npu6,4990.0,2.0,0.0,0.0003667033370003958,106.93112571158247,29.74321800623827,0.012016845085054594,136.6445395655049,active,10,9.20456184074334,9.506837487200523,4,0.11636498392404646,0,0.00017068571165976645,96.03233571747161
2026-06-28T02:28:53.127717,qwen7b-npu7,4965.0,1.0,0.0,0.0001833516685001424,104.3734068356732,29.036226010895902,0.01239879920913731,133.4012962179962,active,10,9.095353077258313,9.126741558322522,4,0.2066945519513511,0,0.0003031823277613979,104.98430000252796
2026-06-28T02:28:54.142402,qwen7b-npu3,1971.0,12.0,0.0,0.01143278628065647,349.14269597321095,29.189133101236344,0.015358441616079901,1843.4142013664693,active,10,6.467480411249047,6.468897717596642,0,1,0,0.009673005218780409,107.14638592289171
2026-06-28T02:28:54.155061,qwen7b-npu4,5025.0,2.0,0.0,0.0003667033370003958,101.46039497793018,27.769762696454567,0.011836541000393132,129.21522496042738,active,10,9.307306841908028,9.31820178627527,4,0.15293651561110908,0,0.00022432932249521171,114.59314484614228
2026-06-28T02:28:54.168110,qwen7b-npu5,5017.0,1.0,0.0,0.0001833516685001424,100.43265787709727,27.997556624857697,0.011818404027317876,128.40192261411298,active,10,9.003828021831824,8.786469405431776,3,0.23330049575820208,0,0.00034220828127346913,113.58067686760506
2026-06-28T02:28:54.180964,qwen7b-npu6,5016.0,2.0,0.0,0.0003667033370003958,106.90446053015178,29.735761833160105,0.012019121206620683,136.60943436850772,active,10,9.245659092155462,9.36895084639183,4,0.1193872395506302,0,0.00017511879655389802,155.78950054360865
2026-06-28T02:28:54.193861,qwen7b-npu7,4989.0,0.0,0.0,0.0,104.30292190495176,29.02637892445206,0.012395726212737273,133.32094145480653,active,10,9.165999925045174,9.377940468405757,1,0.13435145876837823,0,0.00019706851304490864,113.25797885498682
2026-06-28T02:28:55.209444,qwen7b-npu3,1986.0,12.0,0.0,0.002581596902083705,347.4518477256445,29.182103818273685,0.015673570484942036,1916.167357772317,active,10,6.467601948000491,6.46796655825482,0,1,0,0.007191012307936563,124.21214718621994
2026-06-28T02:28:55.224037,qwen7b-npu4,5048.0,0.0,0.0,0.0,101.43142093191435,27.777106590133265,0.011839410854152882,129.18810128409964,active,10,9.302099218483084,9.286476348208254,6,0.1431587351472209,0,0.00020998714359693745,129.41979642123988
2026-06-28T02:28:55.236577,qwen7b-npu5,5041.0,0.0,0.0,0.0,100.40237155846957,28.014010574073442,0.011821236460552293,128.38823136486863,active,10,8.99043868723664,8.950270683451091,0,0.23914532224283136,0,0.00035078155077789344,135.78786177961751
2026-06-28T02:28:55.250496,qwen7b-npu6,5041.0,0.0,0.0,0.0,106.9008946962665,29.730311047636274,0.012020874028244453,136.6005483020797,active,10,9.16813589870539,8.935566318355173,0,0.20885170570790962,0,0.00030634646968522207,128.2806829949826
2026-06-28T02:28:55.262550,qwen7b-npu7,5015.0,4.0,0.0,0.0007334066740006806,104.2137526324834,29.029297405243632,0.01240132842546808,133.23199696666416,active,10,9.275927841287311,9.60571159001372,6,0.08732844819944585,0,0.00012809453347919063,94.207295047255
2026-06-28T02:28:56.279221,qwen7b-npu3,1996.0,13.0,0.0,0.002765996680804017,346.19836984034293,29.187246986171512,0.015661713636436946,1908.0549269929656,active,10,6.452531820776146,6.407321439103111,2,1,0,0.0056422568384401715,134.08036180903002
2026-06-28T02:28:56.294568,qwen7b-npu4,5072.0,2.0,0.0,0.0003667033370003958,101.41608466861376,27.79374228914912,0.01184833273997083,129.18488965231992,active,10,9.250183020009011,9.09443442458679,4,0.18055317784569358,0,0.00026483781128814785,121.68421187920433
2026-06-28T02:28:56.308053,qwen7b-npu5,5063.0,0.0,0.0,0.0,100.32346543883374,28.02319485974683,0.011820036143692862,128.31907570891858,active,10,9.000245409008876,9.029665574325584,2,0.1991944594578404,0,0.0002921810919806806,98.07583852281724
2026-06-28T02:28:56.321592,qwen7b-npu6,5066.0,1.0,0.0,0.0001833516685001424,106.83360614656132,29.74641315343039,0.012025749054432848,136.55742624552087,active,10,9.181588760266177,9.22194734494854,2,0.17950360871014126,0,0.0002632982892704442,128.602916392418
2026-06-28T02:28:56.334195,qwen7b-npu7,5038.0,0.0,0.0,0.0,104.12639268289819,29.024165640351136,0.01240165940266813,133.1417420971436,active,10,9.386081653417605,9.716543089808487,2,0.05676349132963981,0,8.326144676147391e-05,110.66341020772539
2026-06-28T02:28:57.348551,qwen7b-npu3,1999.0,12.0,0.0,0.004794394246726896,345.80162192893783,29.177653181942397,0.01565095578293901,1904.4293071015372,active,10,6.457204730191052,6.471223458435769,1,1,0,0.004571025860715408,118.70451291613841
2026-06-28T02:28:57.361289,qwen7b-npu4,5097.0,0.0,0.0,0.0,101.34791036856181,27.79281192975903,0.011850317436620234,129.12163211477488,active,10,9.243576144247127,9.223755516961475,3,0.16110956559970083,0,0.00023631766131234594,114.89010777230952
2026-06-28T02:28:57.373842,qwen7b-npu5,5088.0,0.0,0.0,0.0,100.33715895886691,28.036936714011205,0.01182828871780497,128.34643230498213,active,10,9.130471376274567,9.521149278071638,3,0.12947639864759627,0,0.0001899177097874424,132.5921634263814
2026-06-28T02:28:57.388843,qwen7b-npu6,5088.0,1.0,0.0,0.0001833516685001424,106.74204892894757,29.75760663662186,0.012027637571003388,136.46911342376433,active,10,9.139652530516866,9.013843841268931,3,0.20417734566159182,0,0.00029949005597592726,114.82737494249409
2026-06-28T02:28:57.401280,qwen7b-npu7,5063.0,1.0,0.0,0.0001833516685001424,104.0472948996182,29.026137274163016,0.01240219041357955,133.0644387443523,active,10,9.232963765640108,8.773610102307618,2,0.2556462693642659,0,0.0003749853602702849,105.90105813424076
2026-06-28T02:28:58.416537,qwen7b-npu3,2005.0,12.0,0.0,0.004794394246726896,344.98680000590565,29.169588367773386,0.015636613217047058,1898.9989913054226,active,10,6.445763140868903,6.411438372902456,0,1,0,0.004649204795819429,104.10012522359983
2026-06-28T02:28:58.429183,qwen7b-npu4,5123.0,2.0,0.0,0.0003667033370003958,101.33723372154675,27.80558219656111,0.01185926604869673,129.12388553429508,active,10,9.249589957533638,9.26763139739317,2,0.14847121763980553,0,0.0002177795638280747,126.4093620834372
2026-06-28T02:28:58.441828,qwen7b-npu5,5112.0,1.0,0.0,0.0001833516685001424,100.34251292360034,28.043563325291288,0.011830857394232223,128.35854124015486,active,10,9.034730059657996,8.747506109808283,1,0.2591596591209376,0,0.00038013884726207574,101.15935239142196
2026-06-28T02:28:58.455405,qwen7b-npu6,5109.0,0.0,0.0,0.0,106.63213065329026,29.741255073428754,0.012023953995582178,136.34210501801692,active,10,9.217851635624703,9.452448950948213,4,0.1327152746800347,0,0.00019466853638435273,119.81492401129907
2026-06-28T02:28:58.467901,qwen7b-npu7,5084.0,3.0,0.0,0.0005500550055005382,104.03201014483473,29.063779895943103,0.012403844591844546,133.08602408492234,active,10,9.274580120212494,9.399429183929653,5,0.16617007508677284,0,0.0002437404841756852,172.30979807853953
2026-06-28T02:28:59.482544,qwen7b-npu3,2010.0,12.0,0.0,0.004794394246726896,344.3196022688453,29.161675834399365,0.015621557129368472,1894.5080911791003,active,10,6.42167620913395,6.3494154139290915,1,1,0,0.004764561026189152,105.49249944270973
2026-06-28T02:28:59.499491,qwen7b-npu4,5149.0,3.0,0.0,0.0005500550055005382,101.36052376322432,27.815143529145136,0.011866030112947555,129.1424700873768,active,10,9.244507132324955,9.229258656698905,5,0.1402562914658736,0,0.0002057298004632984,157.08642008410118
2026-06-28T02:28:59.512473,qwen7b-npu5,5133.0,1.0,0.0,0.0001833516685001424,100.25562771853475,28.038472056681357,0.011829638735586555,128.27106058272363,active,10,9.069356491798217,9.173235788218882,3,0.21220377842860944,0,0.0003112633346953991,98.21144558698089
2026-06-28T02:28:59.525754,qwen7b-npu6,5135.0,0.0,0.0,0.0,106.625630491084,29.752221204312942,0.012043316838459158,136.34659456997792,active,10,9.316899801689209,9.614044299882728,2,0.08626492854202256,0,0.00012653454864982927,152.25430762744827
2026-06-28T02:28:59.537738,qwen7b-npu7,5109.0,0.0,0.0,0.0,103.93651289164285,29.058863882184596,0.01240240811371293,132.9862889442735,active,10,9.216575613736325,9.042562094307815,1,0.19551054880640234,0,0.0002867774826643339,119.15532107035995
2026-06-28T02:29:00.553009,qwen7b-npu3,2014.0,12.0,0.0,0.007007191591370088,343.78493613495965,29.154563627018707,0.015610949623231708,1890.9259214029682,active,10,6.4033502024773785,6.348372182507664,0,1,0,0.004839542575929472,103.34857990179488
2026-06-28T02:29:00.566568,qwen7b-npu4,5170.0,3.0,0.0,0.0005500550055005382,101.36002954708077,27.84324492996362,0.011875295796534345,129.17903853837285,active,10,9.3311847723467,9.591217692411938,6,0.09116658945281784,0,0.00013372437030114396,132.12558905957843
2026-06-28T02:29:00.578209,qwen7b-npu5,5160.0,2.0,0.0,0.0003667033370003958,100.20839031352553,28.0426704564629,0.01183159061448211,128.22956030487575,active,10,9.089700718805505,9.150733399827365,2,0.18168245597859614,0,0.00026649425152705926,109.97302991013918
2026-06-28T02:29:00.590480,qwen7b-npu6,5162.0,1.0,0.0,0.0001833516685001424,106.54402629020184,29.75514958720768,0.012045916885011762,136.26688111433452,active,10,9.331655857822124,9.375924026220867,1,0.09982220355231466,0,0.00014642054059743885,116.16154005946032
2026-06-28T02:29:00.602704,qwen7b-npu7,5131.0,1.0,0.0,0.0001833516685001424,103.84459073630441,29.049939480821706,0.012401456647446185,132.88529182683882,active,10,9.188071686700717,9.102559905593889,3,0.21458185672416152,0,0.00031475153168195557,101.41450164021728
2026-06-28T02:29:01.618425,qwen7b-npu3,2016.0,12.0,0.0,0.007007191591370088,343.50956018481935,29.14823596813513,0.015605519534464058,1889.132213925649,active,10,6.405320667930111,6.411232064288308,0,1,0,0.005598219731333688,100.66201369475962
2026-06-28T02:29:01.631765,qwen7b-npu4,5197.0,2.0,0.0,0.0003667033370003958,101.27236335259666,27.84425404561568,0.011874767076171426,129.09969815390977,active,10,9.40900836763781,9.64247915351114,4,0.059258283144331604,0,8.692084069574359e-05,120.01997351527989
2026-06-28T02:29:01.646233,qwen7b-npu5,5186.0,3.0,0.0,0.0005500550055005382,100.21316177634444,28.041017038560067,0.011836702926589001,128.22837810273523,active,10,9.138440105315622,9.284658264845975,4,0.1618435963860875,0,0.00023739434746763836,140.33043259401035
2026-06-28T02:29:01.661381,qwen7b-npu6,5188.0,1.0,0.0,0.0001833516685001424,106.50984277703161,29.786099410675483,0.012043937720377988,136.27012703996508,active,10,9.351702425802838,9.411842129744983,2,0.10863443230900453,0,0.0001593464353633851,109.41593161540092
2026-06-28T02:29:01.675999,qwen7b-npu7,5153.0,1.0,0.0,0.0001833516685001424,103.78642940946905,29.04849464760273,0.012403346411303223,132.8255011922939,active,10,9.122183602501174,8.92451934990255,2,0.226978206870705,0,0.0003329346635434096,110.2048768453252
2026-06-28T02:29:02.691281,qwen7b-npu3,2021.0,13.0,0.0,0.0071915913700904,342.8781321590222,29.14611904970753,0.015605359136946596,1885.5997138764278,active,10,6.422434560292258,6.473776237378701,1,1,0,0.006091359882346428,116.22378558310753
2026-06-28T02:29:02.705492,qwen7b-npu4,5219.0,0.0,0.0,0.0,101.22796214159067,27.84684706667446,0.011875186044698303,129.0584094315613,active,10,9.40931511369604,9.41023535187073,0,0.12601788404381553,0,0.00018484471440237185,110.92740089208037
2026-06-28T02:29:02.720291,qwen7b-npu5,5208.0,0.0,0.0,0.0,100.14875423157453,28.034038355204803,0.011835301262521905,128.1543589224281,active,10,9.208309388398144,9.417917237645707,1,0.10519833765095687,0,0.00015430632585396493,98.22933979956139
2026-06-28T02:29:02.733636,qwen7b-npu6,5212.0,1.0,0.0,0.0001833516685001424,106.44413856753732,29.782261490438586,0.012039158858435204,136.19523453694165,active,10,9.338835446143635,9.300234507166028,2,0.15811238100085295,0,0.00023192135093633883,109.46760544967637
2026-06-28T02:29:02.752845,qwen7b-npu7,5179.0,4.0,0.0,0.0007334066740006806,103.82333923247036,29.077169514600126,0.01240285765049108,132.86402926888042,active,10,9.01429926964066,8.69064627105912,8,0.2787858344659582,0,0.0004089267832284046,152.1032071005105
2026-06-28T02:29:03.768120,qwen7b-npu3,2025.0,13.0,0.0,0.0071915913700904,342.35226007155427,29.138978858603664,0.015594210312531073,1882.062139615387,active,10,6.427987157889578,6.40876579751421,1,1,0,0.006684792616859701,110.24704934465512
2026-06-28T02:29:03.781109,qwen7b-npu4,5246.0,1.0,0.0,0.0001833516685001424,101.15979738559061,27.846747896870582,0.011877035260197793,128.9891258614962,active,10,9.411777120794214,9.301646713942608,1,0.14074255600851207,0,0.00020644305978514063,110.20446022198152
2026-06-28T02:29:03.794162,qwen7b-npu5,5230.0,3.0,0.0,0.0005500550055005382,100.09586327846374,28.0433786956011,0.011836152473738865,128.10651129829694,active,10,9.296139811052312,9.206374033991672,5,0.13194629765752927,0,0.0001935405906234387,102.09718856132139
2026-06-28T02:29:03.806506,qwen7b-npu6,5237.0,0.0,0.0,0.0,106.4978944724904,29.78911600385137,0.012049582580713824,136.2547985533619,active,10,9.359107938012805,9.418385570395397,1,0.1389899809728604,0,0.0002038723593294354,162.22811920131028
2026-06-28T02:29:03.818552,qwen7b-npu7,5201.0,1.0,0.0,0.0001833516685001424,103.78464174554844,29.084426851939917,0.01240361232003824,132.86478895407456,active,10,8.860685649418649,8.951056659573503,4,0.27528701506186737,0,0.0004037946682242056,112.67496520868603
2026-06-28T02:29:04.832906,qwen7b-npu3,2027.0,13.0,0.0,0.009404388714733591,342.080402327219,29.131759924998807,0.0155865519326186,1879.4061450153663,active,10,6.438880614544178,6.471560984507981,1,1,0,0.007572111328563453,104.33452081727638
2026-06-28T02:29:04.846426,qwen7b-npu4,5269.0,2.0,0.0,0.0003667033370003958,101.08454826095792,27.84222704043066,0.011880440200464339,128.91786000723175,active,10,9.363912259712633,9.220317676467886,2,0.17898266140553284,0,0.00026253415681047994,125.90858440732859
2026-06-28T02:29:04.863745,qwen7b-npu5,5256.0,1.0,0.0,0.0001833516685001424,99.98365079975564,28.02763401082697,0.011834307263527421,127.98280394784936,active,10,9.322443233508189,9.401353500875821,4,0.12951509347739404,0,0.000189974467880285,98.26861557032566
2026-06-28T02:29:04.877950,qwen7b-npu6,5263.0,1.0,0.0,0.0001833516685001424,106.50362085983505,29.80193941983511,0.012054904213635398,136.27944034299486,active,10,9.186706380307701,8.669501707192392,4,0.26534348763235927,0,0.00038920936946437116,175.13621513116823
2026-06-28T02:29:04.889736,qwen7b-npu7,5227.0,0.0,0.0,0.0,103.74792118886243,29.079006233230583,0.012406883118546985,132.81720528895434,active,10,8.87536878191745,8.919418179413851,1,0.2664365597902138,0,0.00039081270229587216,104.11382423841872
2026-06-28T02:29:05.904954,qwen7b-npu3,2035.0,13.0,0.0,0.009404388714733591,341.0346974318971,29.124831845255898,0.01556855199900748,1873.257601060688,active,10,6.446771331008537,6.470443480401613,1,1,0,0.008148868491170892,109.23119165206197
2026-06-28T02:29:05.920011,qwen7b-npu4,5294.0,2.0,0.0,0.0003667033370003958,101.04965222390769,27.87229947005115,0.011883860969855338,128.90984947641337,active,10,9.258201375799596,8.941068724060484,4,0.20383872991359633,0,0.00029899336987695047,149.9414163716248
2026-06-28T02:29:05.932811,qwen7b-npu5,5283.0,1.0,0.0,0.0001833516685001424,99.94509498571641,28.018645854582147,0.011835315976918183,127.94053446203866,active,10,9.27371964776239,9.127548890524992,2,0.17168481076030612,0,0.0002518295720723238,104.52379339044927
2026-06-28T02:29:05.947200,qwen7b-npu6,5286.0,3.0,0.0,0.0005500550055005382,106.47122020122457,29.808270518579228,0.012060520054631626,136.24556844294025,active,10,9.163470914795065,9.093764518257156,5,0.21622326696103353,0,0.0003171591741268911,125.35074807684367
2026-06-28T02:29:05.958836,qwen7b-npu7,5251.0,0.0,0.0,0.0,103.59996102056465,29.06752080919695,0.01240415883601288,132.65774999657395,active,10,8.984685371674082,9.312635140943977,0,0.17318376386363898,0,0.0002540282564923169,95.77004269323892
2026-06-28T02:29:06.976082,qwen7b-npu3,2037.0,12.0,0.0,0.00921998893601328,340.78309286676557,29.11647894406973,0.015560129948785344,1870.6464256475,active,10,6.452346610302025,6.469072448182491,0,1,0,0.008523760646865728,112.01895585321364
2026-06-28T02:29:06.988663,qwen7b-npu4,5319.0,3.0,0.0,0.0005500550055005382,101.05499147270648,27.913579662021846,0.011890246374557102,128.9465639495706,active,10,9.151778516609342,8.83250993903858,4,0.21999517444383762,0,0.0003226918583701563,184.44603041016123
2026-06-28T02:29:07.003305,qwen7b-npu5,5306.0,0.0,0.0,0.0,99.89362525975888,28.019071957576074,0.01183508650711275,127.884144608677,active,10,9.242851833086593,9.150248389059204,2,0.19909512699419898,0,0.000292035389797149,115.38845190589109
2026-06-28T02:29:07.017258,qwen7b-npu6,5311.0,2.0,0.0,0.0003667033370003958,106.34760411305069,29.79545128816722,0.012059538789499523,136.12044423313463,active,10,9.136326175449264,9.054891957411865,5,0.2280451235246718,0,0.0003344996311326177,106.66859237057758
2026-06-28T02:29:07.029115,qwen7b-npu7,5276.0,0.0,0.0,0.0,103.59522675455655,29.062765073749485,0.012410685944059719,132.64929583978255,active,10,9.08082379318403,9.36923905771387,1,0.15631944651136534,0,0.00022929145069505583,120.09469353380851
2026-06-28T02:29:08.044937,qwen7b-npu3,2038.0,12.0,0.0,0.01143278628065647,340.65499869600245,29.107141803470927,0.015558678749069592,1869.7757298478018,active,10,6.4563072919773505,6.468189337003325,0,1,0,0.009541919618692487,111.34371688991023
2026-06-28T02:29:08.059141,qwen7b-npu4,5345.0,3.0,0.0,0.0005500550055005382,101.03007313020883,27.926398023765504,0.011890814330287389,128.9373841732824,active,10,9.202258075514406,9.353696752229595,4,0.14299686338849446,0,0.0002097497079406016,95.8442642444553
2026-06-28T02:29:08.074467,qwen7b-npu5,5332.0,2.0,0.0,0.0003667033370003958,99.80340010227339,28.027144291484372,0.011831939787022341,127.80698766584939,active,10,9.259593340027589,9.309817860850577,4,0.17316183254622936,0,0.0002539960873431967,126.11937078924706
2026-06-28T02:29:08.087986,qwen7b-npu6,5334.0,0.0,0.0,0.0,106.24569249948759,29.776904140637292,0.012052763584767003,135.99055471338045,active,10,9.116214086878234,9.055877821165145,1,0.19197933029103667,0,0.0002815978442112514,106.46061321574356
2026-06-28T02:29:08.100176,qwen7b-npu7,5302.0,3.0,0.0,0.0005500550055005382,103.62488393377062,29.093116512093097,0.012422513215635676,132.70927469685392,active,10,9.057649681130778,8.988127344971025,3,0.18910764023238746,0,0.0002773856109019248,141.4299835491602
2026-06-28T02:29:09.114613,qwen7b-npu3,2055.0,12.0,0.0,0.002581596902083705,338.79497312281256,29.09762662023093,0.015811571293356988,1938.2279743123627,active,10,6.459196874686022,6.467865622812035,2,1,0,0.01020372295037988,125.80995339094815
2026-06-28T02:29:09.129801,qwen7b-npu4,5370.0,1.0,0.0,0.0001833516685001424,100.9411772758157,27.91990952560634,0.011892689691741716,128.84730488078557,active,10,9.20738066157773,9.222748419767706,4,0.1804479612025214,0,0.0002646834781115296,126.89501944038746
2026-06-28T02:29:09.143920,qwen7b-npu5,5356.0,0.0,0.0,0.0,99.7718762247486,28.03276549288705,0.011832931664627965,127.7762133742198,active,10,9.324325357994908,9.518521411896867,2,0.11255519115504908,0,0.00016509745677307784,98.78377217420977
2026-06-28T02:29:09.156134,qwen7b-npu6,5357.0,2.0,0.0,0.0003667033370003958,106.19935567463114,29.779680261232556,0.01205984035801817,135.9530769238461,active,10,9.136096510258115,9.195743780397759,2,0.16853656468917383,0,0.00024721168271236326,106.42545235462578
2026-06-28T02:29:09.168757,qwen7b-npu7,5327.0,1.0,0.0,0.0001833516685001424,103.56846459032292,29.092236361758836,0.012421884932764837,132.65156862277888,active,10,9.010597238130906,8.869439909131286,2,0.21041996615105185,0,0.00030864681503638966,141.20233226372196
2026-06-28T02:29:10.185583,qwen7b-npu3,2060.0,12.0,0.0,0.002581596902083705,338.14709267569975,29.085593510442905,0.01579586921351961,1933.7352255824953,active,10,6.461957610726807,6.470239818849163,1,1,0,0.007535978833476219,104.01486426318388
2026-06-28T02:29:10.199882,qwen7b-npu4,5394.0,2.0,0.0,0.0003667033370003958,100.86809678302237,27.919753043757286,0.01189282142893131,128.77817819716648,active,10,9.243888716694112,9.353412882043257,5,0.1610411747816389,0,0.00023621734474754406,123.0581391480719
2026-06-28T02:29:10.215858,qwen7b-npu5,5383.0,3.0,0.0,0.0005500550055005382,99.71301479895894,28.059499290448166,0.01183293683794968,127.74004335408759,active,10,9.376764024681076,9.53408002473958,5,0.07316087425078191,0,0.0001073133469025006,133.77193892007233
2026-06-28T02:29:10.227826,qwen7b-npu6,5383.0,0.0,0.0,0.0,106.16858484309645,29.800307850300342,0.01206207634153862,135.93686107541248,active,10,9.232670171978071,9.522391157137942,0,0.10954876704796299,0,0.00016068759376303612,132.07101551191562
2026-06-28T02:29:10.240481,qwen7b-npu7,5346.0,1.0,0.0,0.0001833516685001424,103.53325874315769,29.093126590848616,0.01242615753968601,132.62638465838526,active,10,8.83251836277061,8.298281736689727,1,0.3555229779981837,0,0.0005214858496489801,115.7652253404651
2026-06-28T02:29:11.255503,qwen7b-npu3,2065.0,12.0,0.0,0.004794394246726896,337.5432763780866,29.08125186116709,0.015787720484165175,1929.3096298946152,active,10,6.463959009645319,6.469963206400857,0,1,0,0.005801945157488839,117.90743165620478
2026-06-28T02:29:11.270397,qwen7b-npu4,5418.0,1.0,0.0,0.0001833516685001424,100.79019784311299,27.92150960649498,0.01189212956059874,128.6937038851823,active,10,9.180643728428493,8.99090876363163,1,0.1921767636080653,0,0.0002818874420360422,108.87360279104297
2026-06-28T02:29:11.285283,qwen7b-npu5,5406.0,3.0,0.0,0.0005500550055005382,99.66992961447458,28.068252337694673,0.01183829218973011,127.70461065516837,active,10,9.322449887788775,9.15950747711187,3,0.17880456826300822,0,0.00026227292741181377,116.78499879632766
2026-06-28T02:29:11.299343,qwen7b-npu6,5408.0,1.0,0.0,0.0001833516685001424,106.15089875177519,29.797581282761747,0.01206086500461376,135.91639975295263,active,10,9.216028153463945,9.166102097921566,2,0.15870669858117595,0,0.000232793103896112,126.96929297671578
2026-06-28T02:29:11.311731,qwen7b-npu7,5371.0,3.0,0.0,0.0005500550055005382,103.52024177980255,29.082853768172324,0.012434323472655908,132.59199464787318,active,10,8.917082762630812,9.170775962211417,6,0.23108993569881942,0,0.00033896580227183706,124.05862781878065
2026-06-28T02:29:12.326327,qwen7b-npu3,2066.0,12.0,0.0,0.004794394246726896,337.4140817682833,29.075449615282285,0.015785306794043497,1928.418612642669,active,10,6.465711560066499,6.470969211330038,0,1,0,0.005449302338722159,113.84882374215358
2026-06-28T02:29:12.339979,qwen7b-npu4,5443.0,1.0,0.0,0.0001833516685001424,100.75157139420881,27.92238961840911,0.0118950679700048,128.65495633579627,active,10,9.22366154723257,9.352715003644807,3,0.12491489634524244,0,0.00018322683732342743,117.29107858245885
2026-06-28T02:29:12.352738,qwen7b-npu5,5431.0,3.0,0.0,0.0005500550055005382,99.65342549938805,28.07177553451982,0.011844723888006947,127.69032095562888,active,10,9.368973736694542,9.508545283411843,6,0.11622296937095535,0,0.00017047740281767897,150.03910791103584
2026-06-28T02:29:12.365612,qwen7b-npu6,5432.0,1.0,0.0,0.0001833516685001424,106.10067177240207,29.810622484013805,0.01206119642107974,135.87927326713643,active,10,9.214254284778585,9.208932678722505,2,0.14690935407776437,0,0.00021548860150752264,106.50336241081992
2026-06-28T02:29:12.377581,qwen7b-npu7,5397.0,1.0,0.0,0.0001833516685001424,103.44772681673963,29.079180002054912,0.012430533551552927,132.52405279914566,active,10,8.888145648115863,8.801334304571014,1,0.2814584582042326,0,0.00041284702340188247,95.2829877447256
2026-06-28T02:29:13.393039,qwen7b-npu3,2069.0,12.0,0.0,0.004794394246726896,337.028952483799,29.069111764554307,0.015777248979999905,1925.7553017829075,active,10,6.4673834430329125,6.472399091932153,0,1,0,0.0052200845065238175,109.17019126622105
2026-06-28T02:29:13.406320,qwen7b-npu4,5468.0,1.0,0.0,0.0001833516685001424,100.70592910596378,27.92635497329581,0.011897317716011008,128.6174892528807,active,10,9.233288796065366,9.262170542563753,2,0.1686946826244076,0,0.00024744361221036635,104.71368699036043
2026-06-28T02:29:13.421027,qwen7b-npu5,5454.0,1.0,0.0,0.0001833516685001424,99.63104796575722,28.09615929963588,0.01184823913366069,127.70441018745873,active,10,9.41695114255413,9.560883360132893,5,0.11929493009112098,0,0.00017498339580654116,145.04064311648017
2026-06-28T02:29:13.434288,qwen7b-npu6,5457.0,1.0,0.0,0.0001833516685001424,106.04805768967024,29.805605634626883,0.012060383169359527,135.8216168003596,active,10,9.249838291908073,9.356590313296538,3,0.13924108015054684,0,0.00020424067495493955,112.25658967736909
2026-06-28T02:29:13.446670,qwen7b-npu7,5422.0,1.0,0.0,0.0001833516685001424,103.41992241040846,29.074724118421987,0.012440784775205138,132.48235908481564,active,10,8.814758392266143,8.594596624716983,2,0.2704479978327512,0,0.0003966967331613621,128.452576146915
2026-06-28T02:29:14.464121,qwen7b-npu3,2077.0,12.0,0.0,0.004794394246726896,336.1972075100983,29.075987828222345,0.015770025741515824,1918.8723389807972,active,10,6.406311299482475,6.2230948688311605,0,1,0,0.005071092915594895,142.23503266750606
2026-06-28T02:29:14.480590,qwen7b-npu4,5490.0,1.0,0.0,0.0001833516685001424,100.674812433281,27.930137610678695,0.011901969020427762,128.58958021932926,active,10,9.25461419218188,9.318590380531418,2,0.15340154370586492,0,0.00022501143191178797,131.25298700669072
2026-06-28T02:29:14.493224,qwen7b-npu5,5480.0,2.0,0.0,0.0003667033370003958,99.63356160769497,28.101580983927114,0.011862019892514515,127.70915035783808,active,10,9.402786260683861,9.360291615073052,5,0.12129170455922864,0,0.0001779122912493016,109.7143101175905
2026-06-28T02:29:14.506493,qwen7b-npu6,5481.0,1.0,0.0,0.0001833516685001424,105.9258761490333,29.80176473524774,0.012053619334736565,135.7021026802759,active,10,9.28199645284335,9.37847093564918,2,0.13425670209785545,0,0.00019692952269576055,99.72818453034694
2026-06-28T02:29:14.520395,qwen7b-npu7,5442.0,3.0,0.0,0.0005500550055005382,103.37739755720919,29.06706469235143,0.012442984203373886,132.4307397103796,active,10,8.898290770221013,9.148887904085623,3,0.2195411985912883,0,0.00032202596052993525,144.05977533954606
2026-06-28T02:29:15.535254,qwen7b-npu3,2083.0,12.0,0.0,0.007007191591370088,335.43425274765156,29.06902156008869,0.01575467124879711,1913.5989897611462,active,10,6.406112194043158,6.405514877725206,0,1,0,0.005813267374668322,109.48724385122361
2026-06-28T02:29:15.549406,qwen7b-npu4,5515.0,0.0,0.0,0.0,100.63658486899742,27.93446722502587,0.011904723109139792,128.5514558323491,active,10,9.209310645486319,9.07340000539964,1,0.1872110034088122,0,0.0002746035986928007,123.36833825527944
2026-06-28T02:29:15.565398,qwen7b-npu5,5505.0,1.0,0.0,0.0001833516685001424,99.58860239692432,28.09369128808678,0.01186667048372011,127.65514190147184,active,10,9.42368526834252,9.4863822913185,3,0.12258960796349862,0,0.0001798160732870959,130.08462746170517
2026-06-28T02:29:15.580006,qwen7b-npu6,5507.0,1.0,0.0,0.0001833516685001424,105.88313543106004,29.80197447986909,0.012052286406656107,135.65875017725247,active,10,9.30910712251135,9.390439131515347,2,0.13101685636360605,0,0.0001921772737272942,117.13527533074954
2026-06-28T02:29:15.592588,qwen7b-npu7,5469.0,2.0,0.0,0.0003667033370003958,103.30670641510072,29.069027863742345,0.012439182377239366,132.36208264692974,active,10,8.942270245068906,9.074208669612586,4,0.18645177908433738,0,0.00027348995831950776,96.92091788800369
2026-06-28T02:29:16.607252,qwen7b-npu3,2084.0,12.0,0.0,0.007007191591370088,335.31344989439805,29.06435289148355,0.015752202778240295,1912.72944833321,active,10,6.406926998127179,6.409371410379242,0,1,0,0.00623114085051394,110.96818288841772
2026-06-28T02:29:16.622995,qwen7b-npu4,5539.0,2.0,0.0,0.0003667033370003958,100.61208042648214,27.964965922370663,0.011904510191222576,128.55658179953073,active,10,9.210034419257955,9.212205740572859,2,0.16543715221572794,0,0.00024266542312537028,151.30297950868814
2026-06-28T02:29:16.636117,qwen7b-npu5,5529.0,3.0,0.0,0.0005500550055005382,99.62381840528384,28.10827537480226,0.011879284191022193,127.70638344256818,active,10,9.47437343298783,9.626437926923758,3,0.0796832451762741,0,0.00011688044763661233,142.1705155050527
2026-06-28T02:29:16.650491,qwen7b-npu6,5530.0,1.0,0.0,0.0001833516685001424,105.82915188822135,29.79253257734854,0.01204883160721376,135.5994919752596,active,10,9.353979833836851,9.488597967813355,2,0.08516095663634393,0,0.00012491522792274122,105.38019450405076
2026-06-28T02:29:16.662682,qwen7b-npu7,5492.0,1.0,0.0,0.0001833516685001424,103.23296939901253,29.065608482716108,0.01244119866446212,132.28451480677938,active,10,9.03253490096953,9.3033288686714,5,0.1211936564048193,0,0.00017776847290768005,109.09529439493649
2026-06-28T02:29:17.677127,qwen7b-npu3,2085.0,12.0,0.0,0.007007191591370088,335.19460657517686,29.06321231623117,0.015750209433429828,1911.8627412734375,active,10,6.40739614979851,6.408803604812503,0,1,0,0.006502758609813592,112.9388871663133
2026-06-28T02:29:17.691848,qwen7b-npu4,5565.0,1.0,0.0,0.0001833516685001424,100.58036210402004,27.982045298528895,0.01190550753676117,128.54547679724237,active,10,9.221015514544838,9.253958800405485,4,0.15128414894022316,0,0.00022190560900654053,133.50091394447446
2026-06-28T02:29:17.704542,qwen7b-npu5,5556.0,2.0,0.0,0.0003667033370003958,99.53768661847812,28.100461003223728,0.011877698109600052,127.61562555143149,active,10,9.37619710075596,9.081668104060348,4,0.18304410936457816,0,0.00026849154288898636,117.39117687888053
2026-06-28T02:29:17.717922,qwen7b-npu6,5557.0,0.0,0.0,0.0,105.72906301586623,29.807416774545192,0.0120470489398746,135.50635904679737,active,10,9.392283105504866,9.507192920508913,2,0.09910462181362356,0,0.00014536798212483164,112.40299225445342
2026-06-28T02:29:17.729942,qwen7b-npu7,5515.0,0.0,0.0,0.0,103.19988133144292,29.0641431670129,0.012441962839937823,132.2498840736673,active,10,9.09078169075649,9.265522060117373,1,0.16627587666313254,0,0.00024389567534013055,119.49023829318469
2026-06-28T02:29:18.751908,qwen7b-npu3,2086.0,12.0,0.0,0.00921998893601328,335.0745028068784,29.061382732467514,0.0157477411549641,1910.9955986992256,active,10,6.4232303404522275,6.4707329124133794,0,1,0,0.006679310153358365,113.82516537473496
2026-06-28T02:29:18.767161,qwen7b-npu4,5591.0,0.0,0.0,0.0,100.59608493757852,27.990401814884127,0.011911696464351904,128.56434556159024,active,10,9.183892945722508,9.072525239255517,2,0.18583469681114506,0,0.00027258481380438985,106.52222875727008
2026-06-28T02:29:18.780840,qwen7b-npu5,5580.0,1.0,0.0,0.0001833516685001424,99.4921350991854,28.10844743590364,0.011881345401413588,127.58153603268815,active,10,9.313868241973442,9.126881665625884,2,0.2064786710869758,0,0.0003028656708279797,141.2853570630092
2026-06-28T02:29:18.796081,qwen7b-npu6,5582.0,0.0,0.0,0.0,105.63838708276862,29.79644503818393,0.01204231851556845,135.4051118083258,active,10,9.396472153871905,9.409039298973024,3,0.10816800417885532,0,0.0001586622723561904,125.86462041176944
2026-06-28T02:29:18.808362,qwen7b-npu7,5543.0,1.0,0.0,0.0001833516685001424,103.17580148929856,29.058487772115573,0.012444048369383506,132.21966162006677,active,10,9.171115071231974,9.412115212658424,5,0.10807931983103615,0,0.00015853218897108487,126.60488914272834
2026-06-28T02:29:19.823201,qwen7b-npu3,2089.0,12.0,0.0,0.00921998893601328,334.7033987552027,29.05746419897047,0.015741456501238805,1908.3873973078719,active,10,6.443522684828,6.4695726588961655,0,1,0,0.008146552150341577,111.4039447674663
2026-06-28T02:29:19.839389,qwen7b-npu4,5613.0,2.0,0.0,0.0003667033370003958,100.50803872113048,27.98615064184158,0.011911253550779674,128.4771301197479,active,10,9.22165861547994,9.149817004888455,3,0.16601515940270878,0,0.00024351325178249324,99.81686302012461
2026-06-28T02:29:19.851436,qwen7b-npu5,5609.0,1.0,0.0,0.0001833516685001424,99.49516841999284,28.127892899432435,0.011894784631082804,127.59576440601344,active,10,9.221350050877593,8.896591342186262,3,0.21848723853424726,0,0.0003204799978500098,135.0439507544483
2026-06-28T02:29:19.865530,qwen7b-npu6,5605.0,3.0,0.0,0.0005500550055005382,105.61668470860803,29.80222737475536,0.012042104559839806,135.391122694104,active,10,9.366621400019866,9.513242591356333,3,0.13101348176556638,0,0.00019217232382186285,140.09025070181377
2026-06-28T02:29:19.877736,qwen7b-npu7,5566.0,2.0,0.0,0.0003667033370003958,103.14576693502981,29.04983995041741,0.012451681773089791,132.18760349037188,active,10,9.000943838082218,8.766187318584093,3,0.29066351262861273,0,0.00042634912010062657,139.2788147330391
2026-06-28T02:29:20.893856,qwen7b-npu3,2092.0,12.0,0.0,0.00921998893601328,334.3359752777202,29.055339841523097,0.015734896708006717,1905.7894169138028,active,10,6.4499473307172295,6.469221268384919,0,1,0,0.008522255025326672,111.28238294877484
2026-06-28T02:29:20.911482,qwen7b-npu4,5642.0,2.0,0.0,0.0003667033370003958,100.42960979295343,27.993195405073454,0.011908767582101017,128.40549769584982,active,10,9.192165575912,9.10368645720818,4,0.1954098536117607,0,0.0002866297816087591,130.59778788783547
2026-06-28T02:29:20.922893,qwen7b-npu5,5633.0,0.0,0.0,0.0,99.35708467519751,28.113360253135934,0.011888293447387127,127.44297639273547,active,10,9.27135625239389,9.421374856942784,1,0.14201670504726072,0,0.00020831199860250638,93.38176653253348
2026-06-28T02:29:20.935369,qwen7b-npu6,5632.0,1.0,0.0,0.0001833516685001424,105.56560111316767,29.798410072833793,0.012043007273204068,135.34077304947803,active,10,9.289341815761142,9.05750306298497,3,0.17265876314761813,0,0.0002532581784343494,152.21137158321946
2026-06-28T02:29:20.947311,qwen7b-npu7,5593.0,3.0,0.0,0.0005500550055005382,103.06353303031847,29.05203022376583,0.012448886077917021,132.10226043437805,active,10,9.010204192716104,9.037985256617763,4,0.23268128320859827,0,0.0003413000120404571,106.59974039403758
2026-06-28T02:29:21.962704,qwen7b-npu3,2095.0,12.0,0.0,0.01143278628065647,333.97049642121306,29.054158124486882,0.0157279333416358,1903.1994964317582,active,10,6.439152184293971,6.406766745024196,0,1,0,0.008766461894066985,110.50547405651439
2026-06-28T02:29:21.976292,qwen7b-npu4,5668.0,1.0,0.0,0.0001833516685001424,100.3693029673569,27.99461668331179,0.011908482697875493,128.34174980474512,active,10,9.137976909611488,8.97541091070995,2,0.21451640484764445,0,0.00031465552599583196,114.46985943021309
2026-06-28T02:29:21.988974,qwen7b-npu5,5657.0,1.0,0.0,0.0001833516685001424,99.32801675855512,28.11878805991163,0.01189162771362751,127.41917457095047,active,10,9.296091616215598,9.370297707680724,3,0.13606085828071945,0,0.00019957588306667898,111.4627364990043
2026-06-28T02:29:22.001593,qwen7b-npu6,5658.0,4.0,0.0,0.0007334066740006806,105.50367061052697,29.83362881614895,0.012040092815561515,135.29780553456246,active,10,9.294022884029092,9.308066088832938,5,0.15597819604595178,0,0.00022879089995737697,107.63291569292002
2026-06-28T02:29:22.014989,qwen7b-npu7,5619.0,1.0,0.0,0.0001833516685001424,102.942077518252,29.03297276274061,0.012445076016353456,131.97055233038375,active,10,9.072518664834805,9.259462081190904,2,0.1512428340855889,0,0.00022184500782629715,111.51609640583648
2026-06-28T02:29:23.030404,qwen7b-npu3,2098.0,12.0,0.0,0.01143278628065647,333.6065550777774,29.049708442074945,0.015719614166230984,1900.61690457601,active,10,6.446450884155295,6.468346983739269,1,1,0,0.009699675429373304,110.756278117592
2026-06-28T02:29:23.043965,qwen7b-npu4,5691.0,0.0,0.0,0.0,100.36020923259912,28.011103077668732,0.011915906504473632,128.34873578184371,active,10,9.053727514627303,8.800979329674744,1,0.22693566315096889,0,0.0003328722598474293,127.57615722197504
2026-06-28T02:29:23.058116,qwen7b-npu5,5681.0,1.0,0.0,0.0001833516685001424,99.28153581422853,28.113962231148907,0.011893600349396084,127.37392073785756,active,10,9.26497638702055,9.171630699435408,5,0.17593955788246765,0,0.0002580704919434799,107.08174574518986
2026-06-28T02:29:23.071817,qwen7b-npu6,5683.0,2.0,0.0,0.0003667033370003958,105.47079155609974,29.82659722089915,0.012045406191604883,135.27374358212433,active,10,9.306424080935095,9.343627671653104,2,0.14513582742986866,0,0.00021288716894734487,99.90974918385609
2026-06-28T02:29:23.084300,qwen7b-npu7,5643.0,1.0,0.0,0.0001833516685001424,102.92933812361966,29.042102087923496,0.01244246527281354,131.9648750873797,active,10,9.159326416943813,9.419749673270836,3,0.14205784215563277,0,0.000208372339062143,173.290463489121
2026-06-28T02:29:24.099044,qwen7b-npu3,2114.0,12.0,0.0,0.002581596902083705,331.94623945339066,29.045638736178166,0.015927741744363465,1969.1747926055082,active,10,6.452531371826224,6.470772834839007,0,1,0,0.007208347944821944,107.01156456064435
2026-06-28T02:29:24.112783,qwen7b-npu4,5714.0,2.0,0.0,0.0003667033370003958,100.33366502395326,28.007790469365272,0.011926562659509192,128.31768831785988,active,10,9.046391129152719,9.024381972728964,5,0.2350081810481298,0,0.00034471313685096753,131.36553899492037
2026-06-28T02:29:24.125347,qwen7b-npu5,5707.0,0.0,0.0,0.0,99.28793135971034,28.144009851045958,0.011905951106922918,127.40276593846156,active,10,9.25710612146621,9.23349532480319,1,0.15811071262360396,0,0.00023191890373831176,114.23816888656899
2026-06-28T02:29:24.138624,qwen7b-npu6,5709.0,0.0,0.0,0.0,105.43942580938882,29.831233808572208,0.012041874402308295,135.24179906305528,active,10,9.236841052591693,9.028091967561489,0,0.18183828782941464,0,0.00026672282776591267,148.32418940735346
2026-06-28T02:29:24.150820,qwen7b-npu7,5663.0,3.0,0.0,0.0005500550055005382,102.85707006769384,29.034348697998045,0.012438659849813308,131.87767519457356,active,10,9.213137554065002,9.374570965428566,6,0.1360875974011613,0,0.0001996151043654428,113.04591311331848
2026-06-28T02:29:25.165696,qwen7b-npu3,2116.0,12.0,0.0,0.002581596902083705,331.69496927008964,29.037025270133807,0.015922416418376613,1967.3915319569664,active,10,6.457792611428678,6.473576330236039,0,1,0,0.0055889850798635605,102.04481756536245
2026-06-28T02:29:25.178802,qwen7b-npu4,5738.0,0.0,0.0,0.0,100.3322428466967,28.01994156344142,0.011932540763363565,128.32947801986862,active,10,8.981975488661188,8.788728567186595,0,0.28400531768128434,0,0.00041658279087831724,109.50029659277249
2026-06-28T02:29:25.191699,qwen7b-npu5,5730.0,0.0,0.0,0.0,99.30665172623507,28.137410552690085,0.011915610291647488,127.41533511596201,active,10,9.18427795467051,8.965793454283412,4,0.23402196320534255,0,0.00034326653935509103,145.97574277206098
2026-06-28T02:29:25.205063,qwen7b-npu6,5733.0,4.0,0.0,0.0007334066740006806,105.43360357485827,29.841053425152307,0.012044522158927927,135.232287094023,active,10,9.21753041597443,9.159598506122638,6,0.16194488708911953,0,0.00023754292202289308,126.175096921553
2026-06-28T02:29:25.218083,qwen7b-npu7,5691.0,1.0,0.0,0.0001833516685001424,102.77938323288218,29.030118815827898,0.012434520925178726,131.8044059096405,active,10,9.257163258262144,9.389240370853571,2,0.13220693831075483,0,0.00019392290181258765,97.4012727478047
2026-06-28T02:29:26.233776,qwen7b-npu3,2117.0,12.0,0.0,0.004794394246726896,331.5729866289113,29.028385426408597,0.015919294131277104,1966.5047062264484,active,10,6.461900995840741,6.47422614907693,0,1,0,0.005310878288265728,102.31486317402184
2026-06-28T02:29:26.247542,qwen7b-npu4,5764.0,1.0,0.0,0.0001833516685001424,100.2919794700776,28.03683735236481,0.011936313131172622,128.30608603360335,active,10,8.99955770450048,9.052304352018357,3,0.22835345649283484,0,0.00033495189804595607,127.82700568030255
2026-06-28T02:29:26.261646,qwen7b-npu5,5755.0,0.0,0.0,0.0,99.2665396474114,28.13173300762958,0.011921554644447269,127.36822098467684,active,10,9.187548337735796,9.197359486931658,1,0.15211427608347267,0,0.00022312325058080918,120.7280354737205
2026-06-28T02:29:26.273964,qwen7b-npu6,5758.0,0.0,0.0,0.0,105.35826924030216,29.827859394429655,0.012043121391673413,135.15694909892426,active,10,9.13558104941266,8.889732949727351,2,0.23651417660792767,0,0.00034692215124006886,99.64839504058695
2026-06-28T02:29:26.286753,qwen7b-npu7,5715.0,2.0,0.0,0.0003667033370003958,102.75572775125711,29.039712723497576,0.01244216801962522,131.78822845689976,active,10,9.362573395481805,9.678803807140786,6,0.08593450990199064,0,0.00012604988617818198,132.5738535906824
2026-06-28T02:29:27.303208,qwen7b-npu3,2117.0,12.0,0.0,0.004794394246726896,331.5729866289113,29.02479725516676,0.015919294131277104,1966.5047062264484,active,10,6.4650274765034235,6.474406918491469,0,1,0,0.005130108873727137,102.31486317402184
2026-06-28T02:29:27.317983,qwen7b-npu4,5788.0,1.0,0.0,0.0001833516685001424,100.20040897311387,28.022070126299827,0.011933519677289398,128.19991588757296,active,10,8.99029701892059,8.962514962180917,1,0.23592974672034264,0,0.00034606490168001,96.01042399756123
2026-06-28T02:29:27.330128,qwen7b-npu5,5785.0,0.0,0.0,0.0,99.19884046193538,28.13974676385394,0.011916920828749527,127.30782536875098,active,10,9.213820540339125,9.292637148149113,4,0.14262427945425724,0,0.0002092031968525758,118.12647682017956
2026-06-28T02:29:27.343744,qwen7b-npu6,5785.0,1.0,0.0,0.0001833516685001424,105.26810504283591,29.822255997601605,0.012042167176355085,135.0675298217916,active,10,8.97938398418784,8.510792788513376,4,0.32873421479515297,0,0.00048219173420628293,117.85181723863718
2026-06-28T02:29:27.357411,qwen7b-npu7,5743.0,3.0,0.0,0.0005500550055005382,102.68223457960805,29.048791355463138,0.012444327597284989,131.7170865026678,active,10,9.452091304344444,9.720645030932362,3,0.05585743143629392,0,8.193242601581829e-05,111.46955075870054
2026-06-28T02:29:28.372393,qwen7b-npu3,2121.0,12.0,0.0,0.004794394246726896,331.1486915280829,29.02227123694179,0.01591307925425921,1963.0290059016857,active,10,6.466287245575171,6.470066552790415,0,1,0,0.005012608754277053,121.55289420740536
2026-06-28T02:29:28.388259,qwen7b-npu4,5817.0,2.0,0.0,0.0003667033370003958,100.21136805878814,28.039568381195103,0.011942094546263984,128.23248073520162,active,10,9.040835506892549,9.192450970808428,3,0.1533543353682227,0,0.0002249421860920065,150.0974155841253
2026-06-28T02:29:28.400929,qwen7b-npu5,5812.0,0.0,0.0,0.0,99.15831523030197,28.130132577751624,0.01191548330641476,127.25761284601747,active,10,9.2392208604813,9.315421820907824,3,0.1364557816452672,0,0.0002001551619292241,121.81737742659794
2026-06-28T02:29:28.414155,qwen7b-npu6,5802.0,0.0,0.0,0.0,105.19720225118843,29.820058066722403,0.012040995684004832,134.9882148784097,active,10,8.880162113154615,8.582496500054939,2,0.3449272396168494,0,0.0005059438791592723,114.2416409290302
2026-06-28T02:29:28.426737,qwen7b-npu7,5767.0,2.0,0.0,0.0003667033370003958,102.61632967433464,29.039313304677254,0.012441973654622008,131.64344726080952,active,10,9.497234941540164,9.632665853127321,4,0.08005733043359105,0,0.00011742916088533173,96.45762667748144
2026-06-28T02:29:29.441589,qwen7b-npu3,2125.0,12.0,0.0,0.007007191591370088,330.66406272439394,29.01409264717095,0.015901232441118466,1959.5025127327842,active,10,6.467743875612637,6.472113765725033,0,1,0,0.004936233676634498,109.99112668281185
2026-06-28T02:29:29.455049,qwen7b-npu4,5838.0,0.0,0.0,0.0,100.24429719388463,28.039585432858424,0.011950620567127888,128.26071548396573,active,10,9.109373590059878,9.314987839561867,1,0.09968031798934476,0,0.00014621242095980423,124.7610285865882
2026-06-28T02:29:29.467134,qwen7b-npu5,5834.0,2.0,0.0,0.0003667033370003958,99.14023724164626,28.1498647596269,0.01191394856437542,127.26410551543671,active,10,9.222501581468977,9.172343744432007,2,0.17619625806942368,0,0.00025844702320413417,126.67882760530044
2026-06-28T02:29:29.480815,qwen7b-npu6,5823.0,1.0,0.0,0.0001833516685001424,105.17191199037845,29.81600310134255,0.012045065937841071,134.95900244846305,active,10,8.905050588077748,8.979716012847147,3,0.2679527057509521,0,0.00039303660542857683,139.65878806369977
2026-06-28T02:29:29.493367,qwen7b-npu7,5794.0,4.0,0.0,0.0007334066740006806,102.68141048959423,29.045700595214708,0.012453178328169109,131.7057297593177,active,10,9.484110196022073,9.444735959467797,6,0.09578726478183418,0,0.00014050203855051546,118.94144572460101
2026-06-28T02:29:30.510963,qwen7b-npu3,2126.0,12.0,0.0,0.007007191591370088,330.5515130510447,29.013966740621818,0.015900001961917067,1958.632368125663,active,10,6.4688930831386395,6.472340705716646,0,1,0,0.005661068946791955,113.2520950121089
2026-06-28T02:29:30.525801,qwen7b-npu4,5861.0,1.0,0.0,0.0001833516685001424,100.16293884483015,28.039963888229032,0.011947717555335115,128.1865062974012,active,10,9.18385145367707,9.407285044528646,3,0.1085422066930741,0,0.0001592111575989226,127.35078813557223
2026-06-28T02:29:30.538618,qwen7b-npu5,5856.0,2.0,0.0,0.0003667033370003958,99.13835092320468,28.13743977125118,0.011918029375971905,127.24678924477136,active,10,9.264688500760231,9.391249258633993,4,0.1145275677451254,0,0.0001679905650826872,132.52894470171861
2026-06-28T02:29:30.553005,qwen7b-npu6,5854.0,0.0,0.0,0.0,105.1791901062241,29.833307896670703,0.012051128108787574,134.9837864711906,active,10,8.91167088778634,8.93153178691212,1,0.26166925873811886,0,0.00038381996147871346,112.0610696422747
2026-06-28T02:29:30.565347,qwen7b-npu7,5816.0,4.0,0.0,0.0007334066740006806,102.63112408750814,29.053870845557288,0.012454933962386606,131.65550249156814,active,10,9.413520500320576,9.20175141321609,4,0.14976172210819222,0,0.00021967249300797358,138.09783033636066
2026-06-28T02:29:31.579867,qwen7b-npu3,2130.0,12.0,0.0,0.007007191591370088,330.06981236274254,29.012561603469226,0.015891120937605398,1955.1270100392746,active,10,6.4696210308229265,6.471804873875789,1,1,0,0.006132211872394301,107.93377224992508
2026-06-28T02:29:31.597234,qwen7b-npu4,5886.0,1.0,0.0,0.0001833516685001424,100.17167861632575,28.066672700087086,0.011950546621450618,128.21867492306305,active,10,9.265346466313902,9.5098315042244,4,0.11430243435049817,0,0.00016766033641434953,113.02168220697706
2026-06-28T02:29:31.610805,qwen7b-npu5,5881.0,1.0,0.0,0.0001833516685001424,99.09973325341804,28.165867898639572,0.011928744424763821,127.23511020619534,active,10,9.221509508960843,9.09197253356268,3,0.1619429190343315,0,0.0002375400352538852,123.97675890995964
2026-06-28T02:29:31.624909,qwen7b-npu6,5872.0,1.0,0.0,0.0001833516685001424,105.11243696596058,29.819281956934958,0.01205853830814473,134.90582162093077,active,10,8.798037066646046,8.457135603225161,2,0.34508501817977727,0,0.0005061753108614019,97.66247423595807
2026-06-28T02:29:31.637864,qwen7b-npu7,5842.0,0.0,0.0,0.0,102.58347144970865,29.038521485291493,0.012453724078489554,131.61080179864192,active,10,9.414745612646584,9.418420949624608,2,0.14109511937032496,0,0.00020696020443023268,122.6854616460787
2026-06-28T02:29:32.652360,qwen7b-npu3,2136.0,12.0,0.0,0.007007191591370088,329.3537717410241,29.0096957062544,0.01587549159080781,1949.8960494770618,active,10,6.4702142804643135,6.471994029388474,0,1,0,0.0064384547740358265,108.59417748295786
2026-06-28T02:29:32.666398,qwen7b-npu4,5910.0,4.0,0.0,0.0007334066740006806,100.10436125818242,28.067575429925583,0.01194721680212782,128.13558312953933,active,10,9.254771955542537,9.22304842322844,6,0.16179658232782382,0,0.00023732538661946573,112.92482817106622
2026-06-28T02:29:32.680658,qwen7b-npu5,5905.0,1.0,0.0,0.0001833516685001424,99.04571621222178,28.152683084672116,0.011929163271167692,127.17345070225115,active,10,9.232490188547377,9.265432227306977,1,0.1490128973723155,0,0.00021857410689007524,107.94855620347062
2026-06-28T02:29:32.693250,qwen7b-npu6,5897.0,0.0,0.0,0.0,105.07688539319672,29.826151433120987,0.012064138876716793,134.87570743065922,active,10,8.827587157672891,8.916237430753426,4,0.26805526181685524,0,0.0003931870360349611,127.83033146932306
2026-06-28T02:29:32.706736,qwen7b-npu7,5867.0,0.0,0.0,0.0,102.59642417332942,29.043695715711802,0.012458748436509978,131.62821327093738,active,10,9.373602057430055,9.250171391780473,1,0.1354618275907112,0,0.0001986972168547011,111.81910691120973
2026-06-28T02:29:33.721532,qwen7b-npu3,2139.0,13.0,0.0,0.009404388714733591,329.01251878956873,29.011271598881446,0.015869024043223965,1947.3088509497309,active,10,6.454930488328424,6.409079111920755,1,1,0,0.006702052582654927,114.02123112562285
2026-06-28T02:29:33.736861,qwen7b-npu4,5933.0,1.0,0.0,0.0001833516685001424,100.07139552650214,28.075536827908568,0.011949251282322432,128.12393490829737,active,10,9.232778566337153,9.166798398720998,4,0.19266777851308547,0,0.00028260766925279125,105.61076541601398
2026-06-28T02:29:33.752990,qwen7b-npu5,5929.0,0.0,0.0,0.0,98.97233905428718,28.15675106137476,0.011929812943503568,127.09821285898276,active,10,9.233574111109036,9.236825878794008,3,0.14060838329200506,0,0.00020624625345359876,101.408423860981
2026-06-28T02:29:33.765367,qwen7b-npu6,5924.0,0.0,0.0,0.0,105.06405905241262,29.844500938405584,0.012069277507918391,134.88116089674688,active,10,8.876965774627552,9.025101625491532,2,0.21798592018095592,0,0.00031974465739777457,160.34954942753507
2026-06-28T02:29:33.777911,qwen7b-npu7,5891.0,1.0,0.0,0.0001833516685001424,102.57861290858692,29.043052616823516,0.012460967586320431,131.6145551629706,active,10,9.339841812281428,9.238561076835545,2,0.1755501879339623,0,0.00025749935890569424,118.84031298005414
2026-06-28T02:29:34.793254,qwen7b-npu3,2144.0,12.0,0.0,0.00921998893601328,328.4674166743435,29.015421463060125,0.015860597626734755,1943.033052430144,active,10,6.449168278608471,6.4677936030354335,1,1,0,0.008198111776378246,120.04142594094372
2026-06-28T02:29:34.808206,qwen7b-npu4,5957.0,1.0,0.0,0.0001833516685001424,100.02937200026602,28.08374102652625,0.011957009378906073,128.0960131604212,active,10,9.219281568260778,9.365377041549594,3,0.13827713642177863,0,0.00020282674942689435,127.25077112376212
2026-06-28T02:29:34.820973,qwen7b-npu5,5955.0,1.0,0.0,0.0001833516685001424,98.93025134812875,28.158421547680927,0.011929393843760188,127.06243022800814,active,10,9.1770294653387,8.78076758308437,3,0.23440704194087214,0,0.00034383137798438366,162.40729371703205
2026-06-28T02:29:34.833253,qwen7b-npu6,5948.0,2.0,0.0,0.0003667033370003958,105.0057488555626,29.84099418650113,0.012070825955750177,134.826589396406,active,10,9.089935402147258,9.374768029489225,3,0.13584905127645386,0,0.00019926520172560962,115.21159690547947
2026-06-28T02:29:34.845292,qwen7b-npu7,5916.0,1.0,0.0,0.0001833516685001424,102.55807549506929,29.055030385136067,0.012461229262958947,131.60567928549605,active,10,9.265820138808255,9.121130281722834,2,0.19010745440209906,0,0.0002788521516715767,113.58986920728822
2026-06-28T02:29:35.860442,qwen7b-npu3,2149.0,13.0,0.0,0.009404388714733591,327.88463768264535,29.015546205916355,0.01585080250076865,1939.5991898654552,active,10,6.453961073674446,6.4683394588723715,2,1,0,0.008620308704802616,115.20116211412673
2026-06-28T02:29:35.878619,qwen7b-npu4,5983.0,2.0,0.0,0.0003667033370003958,99.99851102157916,28.108155392675517,0.011957032574824384,128.08711701753106,active,10,9.260028416458544,9.382268961051844,2,0.1336301386741561,0,0.00019601047110253116,111.58509001798942
2026-06-28T02:29:35.894630,qwen7b-npu5,5979.0,0.0,0.0,0.0,98.86222149660246,28.159062751110547,0.011925397550343029,126.99114488785752,active,10,9.158746519037797,9.103897680135084,1,0.1961145772615669,0,0.00028766347966489923,99.15623212372678
2026-06-28T02:29:35.906715,qwen7b-npu6,5973.0,2.0,0.0,0.0003667033370003958,104.9222475556738,29.847830663282473,0.01207177879470024,134.74836121129255,active,10,9.111340402815074,9.175555404818521,3,0.175801883329695,0,0.00025786854907178475,104.68977604016652
2026-06-28T02:29:35.918791,qwen7b-npu7,5940.0,2.0,0.0,0.0003667033370003958,102.53128286965367,29.048675573342333,0.012462214529901056,131.5666410452911,active,10,9.172904367425017,8.894157053275304,4,0.25481984536136437,0,0.0003737731505117132,131.24358592609647
2026-06-28T02:29:36.932501,qwen7b-npu3,2154.0,12.0,0.0,0.01143278628065647,327.3230731321244,29.020419830781968,0.015839072891983205,1934.4901851579255,active,10,6.441520310094238,6.404198019353614,0,1,0,0.009604675856351465,118.07229472197227
2026-06-28T02:29:36.947003,qwen7b-npu4,6007.0,2.0,0.0,0.0003667033370003958,99.90389136321853,28.10243435092168,0.01195584033087086,127.98185600146134,active,10,9.309810156093835,9.45915537499971,4,0.13060959013820148,0,0.0001915798901916951,103.297298598975
2026-06-28T02:29:36.960152,qwen7b-npu5,6002.0,2.0,0.0,0.0003667033370003958,98.84502815429627,28.159195259605024,0.01192568504584762,126.98115632645668,active,10,9.09681961704942,8.911038911084287,3,0.21497447522001847,0,0.00031532742973232303,134.72111848861158
2026-06-28T02:29:36.973228,qwen7b-npu6,5997.0,0.0,0.0,0.0,104.88987795925347,29.863397582478456,0.012072291971009098,134.72624931888856,active,10,9.127162226193924,9.174627696330473,3,0.15802122416430175,0,0.00023178764087170993,155.970506791825
2026-06-28T02:29:36.985872,qwen7b-npu7,5964.0,1.0,0.0,0.0001833516685001424,102.53124833506757,29.0580320073906,0.012463298806703433,131.57712030058974,active,10,9.173721927682225,9.176174608453849,2,0.20938289948488684,0,0.0003071256318076634,118.44833107973551
2026-06-28T02:29:38.001987,qwen7b-npu3,2156.0,11.0,0.0,0.010510787387055132,327.09399634256874,29.020605076830684,0.01583506533249752,1938.7268203121798,active,10,6.447809992530408,6.466679039838921,0,1,0,0.010244514504858217,115.3822282811094
2026-06-28T02:29:38.017992,qwen7b-npu4,6031.0,3.0,0.0,0.0005500550055005382,99.81514798371357,28.098402202284056,0.01195488076116018,127.88918614881665,active,10,9.387716146152641,9.621434116329063,4,0.08489623358983096,0,0.00012452692862460182,110.421981078391
2026-06-28T02:29:38.031006,qwen7b-npu5,6027.0,1.0,0.0,0.0001833516685001424,98.78210960503378,28.157322893609376,0.011926027372887608,126.91435428540888,active,10,9.178265661745078,9.422603795832051,2,0.139733408893012,0,0.00020496282932600999,102.42661576678898
2026-06-28T02:29:38.044094,qwen7b-npu6,6023.0,1.0,0.0,0.0001833516685001424,104.89220637410617,29.859284470795252,0.012075436224545861,134.72950030940984,active,10,9.109590096059273,9.05687370565532,2,0.19021379570679614,0,0.00027900813451675,145.52702755858013
2026-06-28T02:29:38.056802,qwen7b-npu7,5988.0,3.0,0.0,0.0005500550055005382,102.542763721489,29.073655958423718,0.012464366808840078,131.60562128978478,active,10,9.008240384975256,8.51179575685435,4,0.31109888466517643,0,0.0004563239965752194,156.99432619692303
2026-06-28T02:29:39.072309,qwen7b-npu3,2172.0,12.0,0.0,0.002581596902083705,325.5226613188756,29.01434133663114,0.016008159781011746,2000.2146574082196,active,10,6.437663362501293,6.407223472413946,0,1,0,0.007562493343887138,108.17593160456977
2026-06-28T02:29:39.087133,qwen7b-npu4,6059.0,0.0,0.0,0.0,99.7728648644545,28.099570885620313,0.011957339472331642,127.84812768746335,active,10,9.378003657772648,9.34886619263267,0,0.14268255183339013,0,0.0002092886715561297,128.83741816230145
2026-06-28T02:29:39.102256,qwen7b-npu5,6051.0,2.0,0.0,0.0003667033370003958,98.80941037480801,28.16947952527127,0.011931980487675029,126.95585097163176,active,10,9.142856894038744,9.036630590919742,4,0.1783267157804578,0,0.00026157200701204503,123.37526993947525
2026-06-28T02:29:39.115393,qwen7b-npu6,6044.0,2.0,0.0,0.0003667033370003958,104.85165991742117,29.86210606670954,0.012074692859394522,134.68513282821328,active,10,9.07910769597051,8.987660495704223,4,0.2111389672094175,0,0.000309701455386026,119.15565189919023
2026-06-28T02:29:39.128170,qwen7b-npu7,6010.0,1.0,0.0,0.0001833516685001424,102.56257057189941,29.08304488352268,0.012470571656063278,131.63641828688395,active,10,9.055810605720328,9.198521267955543,4,0.2022142750323647,0,0.0002966105977738926,153.07891502205922
2026-06-28T02:29:40.143900,qwen7b-npu3,2177.0,12.0,0.0,0.002581596902083705,324.94615533782303,29.00673815720077,0.015992792205270445,1995.829913137141,active,10,6.430728082027277,6.40992224060523,0,1,0,0.005819179589255936,104.5999730272563
2026-06-28T02:29:40.160687,qwen7b-npu4,6083.0,2.0,0.0,0.0003667033370003958,99.7133491346167,28.09958746702255,0.011957559918634357,127.78458593707592,active,10,9.2699382568913,8.94574205424725,5,0.22399365869170357,0,0.0003285568884366727,104.64994749235717
2026-06-28T02:29:40.172763,qwen7b-npu5,6076.0,0.0,0.0,0.0,98.77301934049505,28.179897379013447,0.01193174357276198,126.92284466327217,active,10,9.232841141762643,9.50279388493434,1,0.11591236525729758,0,0.00017002180455782929,118.35460161591628
2026-06-28T02:29:40.185450,qwen7b-npu6,6069.0,2.0,0.0,0.0003667033370003958,104.77924386208484,29.856607919255953,0.012069070539018163,134.60928733175544,active,10,9.083147530521106,9.095267034172899,3,0.18099032868612136,0,0.00026547902997596675,101.34730547097338
2026-06-28T02:29:40.197634,qwen7b-npu7,6037.0,1.0,0.0,0.0001833516685001424,102.51307369009122,29.09905537139165,0.012475889860549991,131.60035865717975,active,10,9.078742371773119,9.14753766993149,3,0.21893927877103705,0,0.0003211430565031687,126.95236532036348
2026-06-28T02:29:41.212721,qwen7b-npu3,2183.0,12.0,0.0,0.004794394246726896,324.25995513052777,29.000173617866093,0.0159749217554588,1990.6008116169933,active,10,6.425645224419506,6.410396651596196,0,1,0,0.005525044641922882,104.6979168302905
2026-06-28T02:29:41.227792,qwen7b-npu4,6107.0,1.0,0.0,0.0001833516685001424,99.65346354167083,28.100153582045465,0.011959625266967028,127.73322844325696,active,10,9.164433206670665,8.847918056008762,2,0.2330958781496073,0,0.00034190814543397577,97.07567756532066
2026-06-28T02:29:41.241379,qwen7b-npu5,6100.0,1.0,0.0,0.0001833516685001424,98.74141790827767,28.17292748497974,0.01192956647532198,126.88941247229852,active,10,9.299694770846035,9.500255658096206,3,0.11909303741724342,0,0.00017468725693763887,120.70107465933947
2026-06-28T02:29:41.255143,qwen7b-npu6,6092.0,0.0,0.0,0.0,104.80007449029233,29.880186065187424,0.012074816636840723,134.65387630994903,active,10,9.117471687975888,9.220444160340234,1,0.16139371364597888,0,0.00023673445345942824,132.03490284719476
2026-06-28T02:29:41.269106,qwen7b-npu7,6060.0,2.0,0.0,0.0003667033370003958,102.48681562568488,29.098130209983207,0.012477477566661071,131.56833869862297,active,10,9.070946373003327,9.047558376693953,5,0.2298105312011741,0,0.0003370891546771982,107.14535122975411
2026-06-28T02:29:42.284452,qwen7b-npu3,2190.0,12.0,0.0,0.004794394246726896,323.48298547474764,28.997187789054525,0.015958528524544026,1984.5527068970946,active,10,6.406399423260938,6.348662019785234,0,1,0,0.005398396848708466,102.2580697087308
2026-06-28T02:29:42.297996,qwen7b-npu4,6129.0,3.0,0.0,0.0005500550055005382,99.58094748417498,28.10268784020978,0.01195762573418997,127.65692664492437,active,10,9.166131682172681,9.171227108678728,4,0.19526232079724476,0,0.0002864133785071341,105.84576997880615
2026-06-28T02:29:42.313300,qwen7b-npu5,6119.0,5.0,0.0,0.000916758342500934,98.74478284976395,28.180618189288378,0.011931506610702792,126.87571153583063,active,10,9.385639098119757,9.64347207994092,7,0.07741047432120822,0,0.00011354671700946527,92.99425626929542
2026-06-28T02:29:42.329108,qwen7b-npu6,6118.0,0.0,0.0,0.0,104.80834725402701,29.884433873508858,0.012076570114427806,134.6669742273092,active,10,9.17091618358337,9.331249670405821,1,0.14865591386988627,0,0.0002180504787236782,177.9735292606175
2026-06-28T02:29:42.342783,qwen7b-npu7,6082.0,0.0,0.0,0.0,102.48648402958237,29.10117253733571,0.012478808137360119,131.575816087682,active,10,9.065115037357332,9.047621030419348,0,0.19312684528076315,0,0.00028328103451522865,102.83089330286126
2026-06-28T02:29:43.360775,qwen7b-npu3,2193.0,12.0,0.0,0.004794394246726896,323.14264366630005,28.988237074355443,0.01594983316178219,1981.962485796593,active,10,6.423433928347122,6.474537443605675,1,1,0,0.005186995938014916,104.49635171116108
2026-06-28T02:29:43.374886,qwen7b-npu4,6152.0,0.0,0.0,0.0,99.50448531943273,28.113535240891885,0.011956567764569291,127.59377971117148,active,10,9.118767887313249,8.97667650273495,2,0.2144205085182091,0,0.0003145148639797757,100.38131651473348
2026-06-28T02:29:43.386653,qwen7b-npu5,6148.0,2.0,0.0,0.0003667033370003958,98.74325707583901,28.197275213579985,0.01193788302173533,126.91429380054143,active,10,9.489575661323409,9.801385350934362,4,0.05031680830878534,0,7.380536605615243e-05,148.82306777628813
2026-06-28T02:29:43.399093,qwen7b-npu6,6139.0,0.0,0.0,0.0,104.79395291300001,29.869385992202165,0.012093987777008024,134.63751169500804,active,10,9.04805243368705,8.679461183998082,2,0.22787634401542606,0,0.0003342520630955792,111.38095395717099
2026-06-28T02:29:43.411042,qwen7b-npu7,6106.0,3.0,0.0,0.0005500550055005382,102.50118850216958,29.11772144210866,0.012486576754042047,131.60767887187336,active,10,9.181825444085096,9.531956664268389,3,0.12553244943249606,0,0.00018413267243489863,103.20768756486008
2026-06-28T02:29:44.425743,qwen7b-npu3,2198.0,12.0,0.0,0.007007191591370088,322.56984038175074,28.98169359349617,0.01593521323369446,1977.655143009231,active,10,6.43591379580553,6.4733533981807545,1,1,0,0.005114125268616218,100.38822397398351
2026-06-28T02:29:44.439116,qwen7b-npu4,6174.0,3.0,0.0,0.0005500550055005382,99.44910793811093,28.10305399999339,0.011957903109207725,127.52839508192592,active,10,9.211522535270447,9.489786479142044,5,0.13937333053683593,0,0.0002044346615868542,93.3368230271612
2026-06-28T02:29:44.451151,qwen7b-npu5,6172.0,0.0,0.0,0.0,98.73527527937082,28.202075587147842,0.011938982652429351,126.90633836691825,active,10,9.567899900700864,9.80287261883323,0,0.032705925400710475,0,4.797348793649908e-05,166.95492860188395
2026-06-28T02:29:44.463745,qwen7b-npu6,6159.0,2.0,0.0,0.0003667033370003958,104.81827683718991,29.88127060450321,0.012098388206275332,134.67355447265308,active,10,9.010802418036572,8.899052371085139,4,0.23561962361002695,0,0.000345610008962265,117.54873461639278
2026-06-28T02:29:44.475610,qwen7b-npu7,6129.0,0.0,0.0,0.0,102.50895714600335,29.134182497156722,0.01248813282305897,131.6310059753906,active,10,9.083571483410397,8.788809601386303,2,0.2128460921311224,0,0.00031220548900787247,100.2453882076064
2026-06-28T02:29:45.492037,qwen7b-npu3,2201.0,12.0,0.0,0.007007191591370088,322.22682939015533,28.976172180959153,0.015926233957149982,1975.0791085044125,active,10,6.445598926334728,6.474654317922322,0,1,0,0.005776698481580073,101.8690788640243
2026-06-28T02:29:45.508124,qwen7b-npu4,6198.0,4.0,0.0,0.0007334066740006806,99.45370440099961,28.120837493374314,0.011958576482470782,127.52654034526523,active,10,9.238339443883412,9.318790169722304,7,0.13434266484894336,0,0.00019705561400650508,115.5564912706802
2026-06-28T02:29:45.521561,qwen7b-npu5,6197.0,1.0,0.0,0.0001833516685001424,98.66483572780922,28.197166131194876,0.011938804702950086,126.83450479211925,active,10,9.559768657514638,9.535374927955958,2,0.1087588515104618,0,0.00015952893510886294,121.93937518148836
2026-06-28T02:29:45.534220,qwen7b-npu6,6186.0,0.0,0.0,0.0,104.8443548277748,29.90079992662948,0.012098623337594488,134.71918070620794,active,10,9.04613829140267,9.152145911500966,1,0.19690275534651752,0,0.0002888195898005221,132.76306506962936
2026-06-28T02:29:45.547390,qwen7b-npu7,6152.0,2.0,0.0,0.0003667033370003958,102.4518136240261,29.134987298011207,0.012488988793833476,131.5785126072898,active,10,8.977447919934994,8.659077229508782,2,0.26959995988522956,0,0.00039545281978030545,102.5436368034363
2026-06-28T02:29:46.563986,qwen7b-npu3,2206.0,12.0,0.0,0.007007191591370088,321.65330513325586,28.971467028058267,0.0159116486479985,1970.7982750947408,active,10,6.436945389045506,6.4109847771778385,1,1,0,0.0062719109925586875,100.82697769917763
2026-06-28T02:29:46.579662,qwen7b-npu4,6224.0,0.0,0.0,0.0,99.3911926574756,28.119800199702745,0.011968941658512396,127.48648662953266,active,10,9.221865595553068,9.172444050562035,2,0.17482273215181318,0,0.0002564323170543668,114.80963059721077
2026-06-28T02:29:46.592366,qwen7b-npu5,6224.0,1.0,0.0,0.0001833516685001424,98.64349169105981,28.190026079995274,0.011945655197570073,126.8031700564534,active,10,9.533272099788485,9.453782426610024,2,0.11444325348180016,0,0.00016786689179581075,133.40480316705958
2026-06-28T02:29:46.605195,qwen7b-npu6,6210.0,2.0,0.0,0.0003667033370003958,104.78709911186722,29.894794258998495,0.012096858747968679,134.66230581532088,active,10,8.989388297236035,8.819138314736128,3,0.2592367909752364,0,0.00038025198529552775,127.67402976373248
2026-06-28T02:29:46.617410,qwen7b-npu7,6178.0,2.0,0.0,0.0003667033370003958,102.36762082472555,29.131267799264723,0.012487403768467478,131.48796930848846,active,10,9.004463364333054,9.085509697527232,4,0.2189899739253992,0,0.0003212174168322484,96.95737734389328
2026-06-28T02:29:47.632467,qwen7b-npu3,2209.0,12.0,0.0,0.00921998893601328,321.3147288158826,28.965554098275636,0.01590381298804169,1968.243188732149,active,10,6.445858627819875,6.472598344142981,0,1,0,0.0065292592021426775,101.01417809184056
2026-06-28T02:29:47.645648,qwen7b-npu4,6251.0,1.0,0.0,0.0001833516685001424,99.38091782451039,28.125298599192174,0.011977269742055797,127.48254760742186,active,10,9.023865238411421,8.429864166986478,4,0.3323847758986786,0,0.00048754642596066534,132.7624300745611
2026-06-28T02:29:47.660094,qwen7b-npu5,6247.0,4.0,0.0,0.0007334066740006806,98.7062229430063,28.216879865796074,0.01194683554101537,126.87309233067606,active,10,9.548149544736868,9.592781879582017,4,0.07438811476317012,0,0.00010911347966727699,174.48316861264982
2026-06-28T02:29:47.674349,qwen7b-npu6,6233.0,2.0,0.0,0.0003667033370003958,104.72665348692534,29.89581531805347,0.012094232503849512,134.60298733778575,active,10,9.004165400548649,9.048496710486493,3,0.21225391413390365,0,0.00031133687441714286,106.91316730507234
2026-06-28T02:29:47.686972,qwen7b-npu7,6201.0,1.0,0.0,0.0001833516685001424,102.2831390527271,29.129111417591517,0.012486311784854362,131.40556350831062,active,10,9.10816616307561,9.419274559303283,1,0.14234348305150948,0,0.00020879132094096147,113.42428832415227
2026-06-28T02:29:48.701833,qwen7b-npu3,2214.0,12.0,0.0,0.00921998893601328,320.75788798155605,28.956418103561866,0.015890230309780366,1964.0046574655823,active,10,6.436834373327427,6.409761609850082,0,1,0,0.007535554531549497,103.65637624640357
2026-06-28T02:29:48.717516,qwen7b-npu4,6272.0,0.0,0.0,0.0,99.39733957301597,28.127807438765178,0.011985833527678923,127.50077228613047,active,10,9.071716864378997,9.215271742281725,1,0.2160501043341411,0,0.0003169051768744325,110.91613530008367
2026-06-28T02:29:48.730384,qwen7b-npu5,6270.0,1.0,0.0,0.0001833516685001424,98.77363418658194,28.22754438738428,0.011956623277735178,126.97105228995973,active,10,9.485360835045222,9.296994705970285,2,0.13585227459606058,0,0.00019926992973386855,137.6627105067213
2026-06-28T02:29:48.756975,qwen7b-npu6,6258.0,1.0,0.0,0.0001833516685001424,104.66399597413016,29.883804342353223,0.01209389163569001,134.5282557369974,active,10,9.026554304736901,9.093721017301657,1,0.18171504418703738,0,0.0002665420523461927,107.35156677563153
2026-06-28T02:29:48.773102,qwen7b-npu7,6224.0,4.0,0.0,0.0007334066740006806,102.27154915467634,29.15220158760371,0.01249215269461611,131.3870347454325,active,10,9.14406417114836,9.251758195366605,8,0.13627326398348116,0,0.0001998874425866748,97.58185389224607
2026-06-28T02:29:49.788247,qwen7b-npu3,2217.0,12.0,0.0,0.00921998893601328,320.415821707781,28.948606782146424,0.01588166310274266,1961.4611888418392,active,10,6.4518851914622495,6.471305712229083,0,1,0,0.008508315400127331,100.92986185395151
2026-06-28T02:29:49.802607,qwen7b-npu4,6296.0,1.0,0.0,0.0001833516685001424,99.32287872367772,28.121628411202515,0.011984674536742398,127.41946712079466,active,10,9.214035044781333,9.49197151617444,2,0.11971866908117462,0,0.00017560494181323015,119.18151412363257
2026-06-28T02:29:49.817207,qwen7b-npu5,6299.0,1.0,0.0,0.0001833516685001424,98.77830680390542,28.213889425924148,0.011959553571862002,126.9621479263342,active,10,9.416845800686996,9.333382697905494,4,0.1295850860168356,0,0.0001900771338713917,126.89711950855158
2026-06-28T02:29:49.831462,qwen7b-npu6,6280.0,0.0,0.0,0.0,104.71123859381221,29.87442362947572,0.01209788422923217,134.56188140401414,active,10,9.054572947314384,8.896595451823483,1,0.23646210616902327,0,0.0003468457736252372,133.22341655510888
2026-06-28T02:29:49.843142,qwen7b-npu7,6248.0,1.0,0.0,0.0001833516685001424,102.20240768183514,29.14250951169486,0.012488547865531928,131.33027405500715,active,10,8.949788855514356,8.877303421401475,4,0.24351295403302078,0,0.0003571880513868824,108.76469286837272
2026-06-28T02:29:50.859065,qwen7b-npu3,2224.0,12.0,0.0,0.01143278628065647,319.65603695498953,28.9427301381236,0.015861734693652485,1955.5905327658973,active,10,6.456433732773538,6.470079356707404,0,1,0,0.008821941060239522,105.4935111617793
2026-06-28T02:29:50.872271,qwen7b-npu4,6321.0,4.0,0.0,0.0007334066740006806,99.28992495772921,28.12280087479165,0.011988756549608202,127.38219579966545,active,10,9.27436791118646,9.455366510401836,4,0.07781713490276351,0,0.00011414321217859961,116.29290334867375
2026-06-28T02:29:50.886323,qwen7b-npu5,6321.0,3.0,0.0,0.0005500550055005382,98.73801506578386,28.20301402846968,0.011960354320948526,126.90984857555884,active,10,9.359551714864514,9.187669457397066,4,0.17173030591094315,0,0.0002518963049665431,110.87574390218566
2026-06-28T02:29:50.899385,qwen7b-npu6,6307.0,2.0,0.0,0.0003667033370003958,104.64726727493067,29.87049961667036,0.012093479136356045,134.49171358966146,active,10,9.135202560177072,9.377091398765137,3,0.15370036900986514,0,0.0002254497528564042,111.15929973739742
2026-06-28T02:29:50.912263,qwen7b-npu7,6273.0,1.0,0.0,0.0001833516685001424,102.19007212637182,29.14083576850697,0.012489355878169218,131.32291500057494,active,10,8.812686293111572,8.401378605903222,1,0.3770334201214635,0,0.0005530376532768004,137.1230716306399
2026-06-28T02:29:51.929504,qwen7b-npu3,2228.0,13.0,0.0,0.011617186059376783,319.2115581228232,28.937879270871907,0.01585053571480762,1952.2412139586163,active,10,6.459780462349693,6.469820651078157,2,1,0,0.009735736887385453,102.21806017228172
2026-06-28T02:29:51.943840,qwen7b-npu4,6350.0,2.0,0.0,0.0003667033370003958,99.2392780273918,28.130486889578876,0.011993817276934911,127.34859258964468,active,10,9.297724852133769,9.367795674975696,3,0.13808113768679628,0,0.00020253925586622828,100.71093970774716
2026-06-28T02:29:51.959424,qwen7b-npu5,6349.0,1.0,0.0,0.0001833516685001424,98.78307332164904,28.209964918226927,0.011965229987540679,126.96828797844573,active,10,9.260018193130247,8.961417627927448,1,0.19912469884211303,0,0.00029207876617839154,140.7070179744812
2026-06-28T02:29:51.974077,qwen7b-npu6,6334.0,1.0,0.0,0.0001833516685001424,104.61286290948384,29.85949991222175,0.012091498178762143,134.44919739028543,active,10,9.156637656826067,9.220942946773048,4,0.14365523985641235,0,0.00021071542333171256,137.1100949765688
2026-06-28T02:29:51.986753,qwen7b-npu7,6286.0,1.0,0.0,0.0001833516685001424,102.1089241681416,29.130990558643948,0.012487933344502957,131.22979579886083,active,10,8.836434903470712,8.907680734548133,2,0.28882172307895126,0,0.00042364755860497015,88.26889469977968
2026-06-28T02:29:53.002781,qwen7b-npu3,2247.0,12.0,0.0,0.002581596902083705,317.443976468068,28.934314510044146,0.01600389134764392,2011.5218897527232,active,10,6.462506868653283,6.470686087564053,0,1,0,0.007231787892529842,110.41062271708863
2026-06-28T02:29:53.017261,qwen7b-npu4,6372.0,1.0,0.0,0.0001833516685001424,99.19908573548149,28.13924663134808,0.011996574998494406,127.31313671769395,active,10,9.303222324058565,9.319714739832955,2,0.13350273949641758,0,0.00019582360028809823,121.39315458345561
2026-06-28T02:29:53.029568,qwen7b-npu5,6372.0,0.0,0.0,0.0,98.76650792581064,28.23412006166265,0.011971085209378122,126.97070279513525,active,10,9.224926367249,9.119650889605257,0,0.17318105424737348,0,0.0002540242819910043,151.79179670901283
2026-06-28T02:29:53.043386,qwen7b-npu6,6356.0,2.0,0.0,0.0003667033370003958,104.52107332126384,29.852836711064587,0.012087485041014007,134.34859732242737,active,10,9.21025530800779,9.371108261552958,3,0.13712590590666804,0,0.00020113810914066302,99.54811726118824
2026-06-28T02:29:53.055944,qwen7b-npu7,6314.0,2.0,0.0,0.0003667033370003958,102.08108333005232,29.148279911462982,0.01249843245370074,131.21839440531724,active,10,8.90983483262783,9.13003462009918,7,0.18773412000131834,0,0.0002753709130932306,139.674922738511
2026-06-28T02:29:54.071482,qwen7b-npu3,2249.0,12.0,0.0,0.002581596902083705,317.218015754737,28.92663729410979,0.015998733642931143,2009.8038165229318,active,10,6.465206047876603,6.473303585546564,1,1,0,0.005604221045873694,103.09047527836236
2026-06-28T02:29:54.085835,qwen7b-npu4,6391.0,1.0,0.0,0.0001833516685001424,99.09276726510376,28.127855851658374,0.011993840852157373,127.19490311362527,active,10,9.343005790136944,9.462356188372084,4,0.13052678067267143,0,0.00019145842416231368,89.30934016799449
2026-06-28T02:29:54.099284,qwen7b-npu5,6397.0,0.0,0.0,0.0,98.83637280693013,28.26980402921936,0.01197518164110212,127.0763035470552,active,10,9.047811262266439,8.516465947318757,1,0.28756768526079274,0,0.000421808119194391,142.56663017309342
2026-06-28T02:29:54.111703,qwen7b-npu6,6378.0,1.0,0.0,0.0001833516685001424,104.46719436968483,29.84871383632742,0.012088496700223031,134.29396983858706,active,10,9.30818557321745,9.601976368846435,5,0.08913183883933423,0,0.00013073977094143097,110.86444484786541
2026-06-28T02:29:54.123918,qwen7b-npu7,6344.0,0.0,0.0,0.0,102.0835308078559,29.148498353888694,0.012503851841004473,131.21652155926668,active,10,8.985275574031782,9.211597798243641,1,0.16577717800085692,0,0.00024316417748564974,112.96424492639451
2026-06-28T02:29:55.140238,qwen7b-npu3,2253.0,12.0,0.0,0.004794394246726896,316.7772715323457,28.918055589902952,0.015987540009624372,2006.3869191407625,active,10,6.467601322653007,6.474787146982216,1,1,0,0.0053207816661723145,101.05801756854433
2026-06-28T02:29:55.153128,qwen7b-npu4,6419.0,0.0,0.0,0.0,99.09415817052744,28.141436450996533,0.011992835158533046,127.20985151856354,active,10,9.326486306503165,9.276927855601828,0,0.12859240743723643,0,0.00018862105968055375,98.94339651274545
2026-06-28T02:29:55.167038,qwen7b-npu5,6416.0,2.0,0.0,0.0003667033370003958,98.77704384915549,28.260094198896866,0.011970894772452154,127.01212280166399,active,10,9.047698234000224,9.047359149201581,4,0.23066899541951527,0,0.000338348361451404,127.52942083464598
2026-06-28T02:29:55.180913,qwen7b-npu6,6405.0,2.0,0.0,0.0003667033370003958,104.45349851127345,29.842847077324794,0.012084959075895733,134.2692121237344,active,10,9.270662480610168,9.158093202788322,4,0.14543569524556724,0,0.00021332701906206865,137.20105782864582
2026-06-28T02:29:55.192821,qwen7b-npu7,6370.0,1.0,0.0,0.0001833516685001424,102.06481856491352,29.14355458440534,0.012504290638385934,131.1973920514584,active,10,9.083858089954152,9.37960563772126,3,0.151505165700557,0,0.00022222979934072217,134.13353113360932
2026-06-28T02:29:56.207476,qwen7b-npu3,2256.0,12.0,0.0,0.004794394246726896,316.4530676518771,28.910519873158858,0.015978532603327822,2003.837984832213,active,10,6.469316016039327,6.474460096198288,1,1,0,0.0051365460693664185,102.01678866172965
2026-06-28T02:29:56.222877,qwen7b-npu4,6443.0,3.0,0.0,0.0005500550055005382,99.07837911697902,28.139736588008063,0.012005569525084362,127.19403324346295,active,10,9.3626987275569,9.471335990718105,4,0.12733506483420368,0,0.00018677677276740978,128.23420804055138
2026-06-28T02:29:56.237459,qwen7b-npu5,6441.0,2.0,0.0,0.0003667033370003958,98.80068472056928,28.266283312362066,0.011972395586419722,127.03702539006592,active,10,9.078822473907715,9.172195193630191,4,0.19368484702268493,0,0.00028409951891846246,131.9396688937634
2026-06-28T02:29:56.249941,qwen7b-npu6,6428.0,0.0,0.0,0.0,104.36654216989496,29.837440750794126,0.012087596913653997,134.1818581476075,active,10,9.29454242088517,9.366182241710174,2,0.1382832019096187,0,0.00020283564636539448,116.05921623950886
2026-06-28T02:29:56.261832,qwen7b-npu7,6392.0,0.0,0.0,0.0,102.02595375207846,29.157495110150002,0.012506290219126038,131.16772392664444,active,10,8.957980302593125,8.580346940510044,1,0.27347835770536205,0,0.00040114170547170757,118.66517832246303
2026-06-28T02:29:57.276634,qwen7b-npu3,2261.0,13.0,0.0,0.0049787940254472085,315.9034459899875,28.903162222465347,0.01596457855086726,1999.5941054614293,active,10,6.470643653410802,6.474626565525225,2,1,0,0.005016792931442585,99.0705543406253
2026-06-28T02:29:57.290169,qwen7b-npu4,6471.0,2.0,0.0,0.0003667033370003958,99.08577261411726,28.165692703701946,0.012010338929337139,127.22468003976107,active,10,9.405812051680273,9.535152024050396,2,0.12651779214223238,0,0.0001855779862738662,154.5242802790373
2026-06-28T02:29:57.304869,qwen7b-npu5,6466.0,0.0,0.0,0.0,98.77162366100704,28.253770617372858,0.011979339926457076,126.99707145112754,active,10,9.03158759001774,8.889882938347814,3,0.2571451505647452,0,0.00037718393922218897,114.84198918124703
2026-06-28T02:29:57.319444,qwen7b-npu6,6452.0,1.0,0.0,0.0001833516685001424,104.33947652005587,29.835519304884922,0.012086650179767448,134.15257046108871,active,10,9.245642710757124,9.098943580372987,2,0.17738408124125216,0,0.00026018933808764493,106.74612618390783
2026-06-28T02:29:57.331713,qwen7b-npu7,6415.0,1.0,0.0,0.0001833516685001424,101.96846811825283,29.147876604844768,0.012509987540247276,131.10047839901358,active,10,8.879996487928727,8.646045043935533,3,0.3090109325084853,0,0.00045326136048179827,115.83041881626195
2026-06-28T02:29:58.347352,qwen7b-npu3,2266.0,12.0,0.0,0.007007191591370088,315.3561088540127,28.894342764814038,0.015951240975393736,1995.3658803966898,active,10,6.456100541158047,6.412471204399783,0,1,0,0.005068033236896274,96.06523311012887
2026-06-28T02:29:58.360563,qwen7b-npu4,6495.0,1.0,0.0,0.0001833516685001424,99.0502769713956,28.163968283947668,0.012014789784180224,127.19650958037428,active,10,9.314694089863064,9.041340204411437,1,0.21348656489245102,0,0.0003131449430032014,150.59928751909678
2026-06-28T02:29:58.372933,qwen7b-npu5,6490.0,4.0,0.0,0.0007334066740006806,98.81709143634203,28.260401252301527,0.011984110199543445,127.03847793262779,active,10,9.057984266192536,9.137174294716925,7,0.16714434786708438,0,0.00024516956049442284,104.12014464411973
2026-06-28T02:29:58.385016,qwen7b-npu6,6477.0,0.0,0.0,0.0,104.2875636225776,29.85705797222795,0.012083647825233726,134.1205870495988,active,10,9.187693557326062,9.013846097032875,1,0.2027996528068139,0,0.0002974692377071077,123.65611855523882
2026-06-28T02:29:58.396791,qwen7b-npu7,6439.0,3.0,0.0,0.0005500550055005382,101.88715778942674,29.133390303414867,0.012515804111556852,131.0063624800557,active,10,8.97943156509614,9.277736796598381,3,0.20085710613051547,0,0.0002946198843131689,110.94956793724258
2026-06-28T02:29:59.411520,qwen7b-npu3,2269.0,12.0,0.0,0.007007191591370088,315.0396463680813,28.885064654991496,0.01594236471297613,1992.8494794843045,active,10,6.460835459547789,6.475040214717012,0,1,0,0.005746738660962108,100.59245771833562
2026-06-28T02:29:59.426421,qwen7b-npu4,6518.0,2.0,0.0,0.0003667033370003958,99.09533470384399,28.18728234232947,0.012019020844987708,127.26359336639962,active,10,9.149630497344829,8.65443971979012,2,0.27001626718009314,0,0.00039606346487726927,152.27268648309118
2026-06-28T02:29:59.438542,qwen7b-npu5,6513.0,2.0,0.0,0.0003667033370003958,98.83204609059563,28.25929215693099,0.011987155863737376,127.06712195855688,active,10,9.193360309539184,9.599488439579128,4,0.10864382611360485,0,0.00015936021432137485,145.5787594836667
2026-06-28T02:29:59.452600,qwen7b-npu6,6501.0,2.0,0.0,0.0003667033370003958,104.2249104074837,29.86054891540306,0.012081035071437677,134.06613991810727,active,10,9.09052233289119,8.799008659586576,4,0.263069774324429,0,0.00038587425643480836,97.4173798893314
2026-06-28T02:29:59.464523,qwen7b-npu7,6463.0,0.0,0.0,0.0,101.84337158386099,29.141560217714833,0.012513766989785248,130.96909967163074,active,10,9.04482772858665,9.241016219058176,2,0.17430711898483506,0,0.0002556760087786096,104.32748188793072
2026-06-28T02:30:00.480006,qwen7b-npu3,2273.0,12.0,0.0,0.007007191591370088,314.6086749241733,28.87646923998868,0.015931277382252935,1989.4976200439507,active,10,6.4640499974782735,6.473693611269729,0,1,0,0.006187897186604901,101.51123466869213
2026-06-28T02:30:00.494281,qwen7b-npu4,6543.0,0.0,0.0,0.0,99.07986923548928,28.18019495459999,0.012021053010815177,127.23493623420148,active,10,9.116670076452301,9.017788813774718,1,0.21926057366706053,0,0.0003216143361452749,105.24538336454556
2026-06-28T02:30:00.508278,qwen7b-npu5,6539.0,1.0,0.0,0.0001833516685001424,98.79959160115926,28.2634312430302,0.01198602966938088,127.0332960733838,active,10,9.118956761734486,8.895746118320394,4,0.20186848697384313,0,0.000296103391234082,97.18782282020865
2026-06-28T02:30:00.520883,qwen7b-npu6,6523.0,2.0,0.0,0.0003667033370003958,104.2011069608177,29.892732943143077,0.012085562006185584,134.0697263074071,active,10,9.146197040467992,9.313221163198403,4,0.17099535331087887,0,0.00025081826668262546,126.43041996473346
2026-06-28T02:30:00.533860,qwen7b-npu7,6486.0,2.0,0.0,0.0003667033370003958,101.79636109364169,29.140938605257965,0.012513943579387113,130.92586065864418,active,10,9.071042734523402,9.149687752333662,3,0.20079962734014278,0,0.0002945355736562348,118.87291792127476
2026-06-28T02:30:01.548719,qwen7b-npu3,2276.0,12.0,0.0,0.00921998893601328,314.2826212520968,28.86675743661293,0.015922777457609064,1986.985281689007,active,10,6.466503789251561,6.473865164571424,0,1,0,0.006474650228272716,99.55995837585448
2026-06-28T02:30:01.562533,qwen7b-npu4,6567.0,1.0,0.0,0.0001833516685001424,99.04510745795982,28.168839200112497,0.012022592269517924,127.18954334671528,active,10,9.15996684135032,9.289857136044375,3,0.14251937288358935,0,0.0002090493184944287,102.17399369591098
2026-06-28T02:30:01.575427,qwen7b-npu5,6565.0,2.0,0.0,0.0003667033370003958,98.77091536336697,28.26111571384014,0.011984315400495946,127.00174575205823,active,10,9.186981288817266,9.391054870065608,3,0.13121451653299804,0,0.0001924672043021533,125.66360204506412
2026-06-28T02:30:01.589132,qwen7b-npu6,6547.0,2.0,0.0,0.0003667033370003958,104.17741215718836,29.896143406921475,0.012084438974450369,134.05054289638787,active,10,9.108679034603659,8.99612501701066,4,0.24239697965207124,0,0.00035555112526889493,105.98939693118253
2026-06-28T02:30:01.601435,qwen7b-npu7,6511.0,1.0,0.0,0.0001833516685001424,101.80565816908275,29.142340837495603,0.012514439639396652,130.93580756502402,active,10,9.060196746982973,9.027658784361686,2,0.2180197577710928,0,0.0003197942908266911,162.87323258219246
2026-06-28T02:30:02.617719,qwen7b-npu3,2281.0,12.0,0.0,0.00921998893601328,313.8022723818808,28.86223873383942,0.015913648374354876,1982.8779609153953,active,10,6.436125743844305,6.3449916076225366,0,1,0,0.007564598621086093,112.81542762239515
2026-06-28T02:30:02.631644,qwen7b-npu4,6592.0,1.0,0.0,0.0001833516685001424,99.01000353173146,28.166767689262844,0.012024897867715502,127.15261786647098,active,10,9.19766287939467,9.310750993527723,4,0.13638759237433307,0,0.0002000551409964285,119.68568606328525
2026-06-28T02:30:02.643962,qwen7b-npu5,6587.0,1.0,0.0,0.0001833516685001424,98.68227622931403,28.24901419643738,0.011980335960455288,126.90312959761654,active,10,9.240688512482338,9.40181018347755,3,0.12903943574644872,0,0.0001892767667714495,97.05419061123008
2026-06-28T02:30:02.657531,qwen7b-npu6,6573.0,1.0,0.0,0.0001833516685001424,104.18370940560857,29.90312486841985,0.012089258019734688,134.0624677451183,active,10,9.101987198026578,9.081911688295337,2,0.20130803677384632,0,0.00029528131539983157,128.32567170961704
2026-06-28T02:30:02.670135,qwen7b-npu7,6536.0,1.0,0.0,0.0001833516685001424,101.77545014180635,29.153178428014833,0.012513921048793073,130.91342793955727,active,10,9.132384755284347,9.34894878018847,3,0.14171284255121033,0,0.00020786628903734922,117.21877126114947
2026-06-28T02:30:03.685434,qwen7b-npu3,2285.0,12.0,0.0,0.00921998893601328,313.3873008794805,28.853042328153883,0.015902172530375097,1979.5697573465866,active,10,6.444417540194281,6.46929292924421,0,1,0,0.008143985231310607,106.93027592739847
2026-06-28T02:30:03.700051,qwen7b-npu4,6620.0,1.0,0.0,0.0001833516685001424,98.89039546701484,28.157896128862614,0.012016717606514111,127.03010099030348,active,10,9.229837596929363,9.326361749533438,2,0.1324019350433165,0,0.00019420892562272836,98.4062258445803
2026-06-28T02:30:03.714327,qwen7b-npu5,6608.0,1.0,0.0,0.0001833516685001424,98.6820997683823,28.266760547892417,0.011986074309854206,126.92601889692132,active,10,9.212647929116452,9.128526179018793,1,0.17137563323519167,0,0.0002513760663515807,115.11295000014638
2026-06-28T02:30:03.727324,qwen7b-npu6,6598.0,2.0,0.0,0.0003667033370003958,104.10481122234584,29.90870887481018,0.012084358489700693,133.99417916807204,active,10,9.136738432263687,9.240992134975016,5,0.17460022390300012,0,0.0002561059389849404,99.99576813892536
2026-06-28T02:30:03.741317,qwen7b-npu7,6562.0,4.0,0.0,0.0007334066740006806,101.79841867200996,29.165724421657217,0.012519330343044513,130.93787896923902,active,10,9.138887871023265,9.158397218240014,4,0.1796133476582867,0,0.00026345925582441554,139.33911070305345
2026-06-28T02:30:04.756123,qwen7b-npu3,2287.0,12.0,0.0,0.01143278628065647,313.1730382391392,28.84502896313137,0.01589650029168147,1977.912879880968,active,10,6.455584455417204,6.469828337516765,0,1,0,0.009539856441401517,103.15903020916164
2026-06-28T02:30:04.769060,qwen7b-npu4,6640.0,1.0,0.0,0.0001833516685001424,98.8539859113923,28.15124501460077,0.012014631603237666,126.98181048933283,active,10,9.272618023950557,9.400959305014139,1,0.12981125777815572,0,0.00019040888562982329,101.80255958885698
2026-06-28T02:30:04.782634,qwen7b-npu5,6636.0,1.0,0.0,0.0001833516685001424,98.63987588393825,28.26379185108089,0.011981905947991886,126.88160014493896,active,10,9.275192258699036,9.462825247446789,6,0.11139416160287459,0,0.00016339444312852744,111.34368700081515
2026-06-28T02:30:04.794812,qwen7b-npu6,6625.0,0.0,0.0,0.0,104.15400944115981,29.92522211866135,0.012090358485024036,134.05451439911465,active,10,8.993414165012682,8.646524654678773,4,0.3056435945990175,0,0.0004483221042889655,166.37221060188742
2026-06-28T02:30:04.806967,qwen7b-npu7,6585.0,1.0,0.0,0.0001833516685001424,101.73661326855172,29.167209260185093,0.012519869235394835,130.89491168030267,active,10,9.085132350267795,9.252593787955385,1,0.18963663938562614,0,0.00027816155392097037,104.4990632050128
2026-06-28T02:30:05.822064,qwen7b-npu3,2289.0,11.0,0.0,0.010510787387055132,312.9606661498677,28.83817262406417,0.015888445199447005,1981.4407847448856,active,10,6.459093648366986,6.469621227216329,0,1,0,0.01020238188514075,100.88195449265342
2026-06-28T02:30:05.835076,qwen7b-npu4,6666.0,2.0,0.0,0.0003667033370003958,98.76835052937743,28.155302945077633,0.012009195025341476,126.90425681066262,active,10,9.397494322166501,9.510315401631305,3,0.09859525641127079,0,0.00014462083815365017,95.22517534160149
2026-06-28T02:30:05.848499,qwen7b-npu5,6664.0,0.0,0.0,0.0,98.66579687323461,28.282853698968648,0.011988688769162212,126.92179721372038,active,10,9.206709735136936,9.290429493989908,1,0.1761265332772145,0,0.00025834474994822513,137.86560546209455
2026-06-28T02:30:05.861048,qwen7b-npu6,6650.0,2.0,0.0,0.0003667033370003958,104.07232657411045,29.91878630277282,0.012088235218865019,133.97176223762915,active,10,8.911100258659058,8.664158539598189,5,0.2861683364893614,0,0.0004197555357379661,132.9728576186786
2026-06-28T02:30:05.873166,qwen7b-npu7,6610.0,1.0,0.0,0.0001833516685001424,101.6812081055634,29.171557342219504,0.012521242065655113,130.83742443985008,active,10,9.099487885894533,9.142554492774748,3,0.16701381560065698,0,0.0002449780940236806,116.75740448348395
2026-06-28T02:30:06.888034,qwen7b-npu3,2303.0,12.0,0.0,0.002581596902083705,311.74435948890755,28.83393112827067,0.016082853836812107,2036.4095721375936,active,10,6.462318070144866,6.471991335478506,0,1,0,0.0075351071410707845,102.36778690211756
2026-06-28T02:30:06.907265,qwen7b-npu4,6692.0,3.0,0.0,0.0005500550055005382,98.78555305404572,28.15063327125122,0.012020247585172143,126.91076296075293,active,10,9.468351901453165,9.680924639313155,4,0.06408691666732601,0,9.400354479987262e-05,145.41905802401934
2026-06-28T02:30:06.923035,qwen7b-npu5,6689.0,2.0,0.0,0.0003667033370003958,98.65499972085244,28.288264810217022,0.011993744870656076,126.90756109524901,active,10,9.236963422363202,9.327724484041997,4,0.11448224663018942,0,0.00016792408746634635,119.64498249327612
2026-06-28T02:30:06.935696,qwen7b-npu6,6672.0,1.0,0.0,0.0001833516685001424,103.98992599486161,29.900581967946327,0.01208674115336904,133.8654863748619,active,10,8.838322066876051,8.61998749152703,2,0.3172594187180849,0,0.0004653603501548663,107.76837490519722
2026-06-28T02:30:06.948602,qwen7b-npu7,6636.0,0.0,0.0,0.0,101.64191365026436,29.167503975446515,0.012519270953205623,130.79410353074815,active,10,9.099385381975598,9.09907787021879,2,0.19605898014042702,0,0.0002875819290655309,113.13562255762156
2026-06-28T02:30:07.963930,qwen7b-npu3,2306.0,12.0,0.0,0.002581596902083705,311.4355901790927,28.828259456575587,0.016074279922259294,2033.879579308767,active,10,6.464980523337671,6.4729678829160875,0,1,0,0.005801378557425307,102.89176947433086
2026-06-28T02:30:07.977316,qwen7b-npu4,6723.0,1.0,0.0,0.0001833516685001424,98.7945851622886,28.163729091617345,0.012022614731124977,126.9339260096779,active,10,9.350171178192761,8.995629008411552,1,0.1729064958337619,0,0.00025362155604510557,133.20802871744797
2026-06-28T02:30:07.989513,qwen7b-npu5,6715.0,0.0,0.0,0.0,98.58322974380414,28.280605185393465,0.011994659114168396,126.8383492663647,active,10,9.233230625448982,9.22203223470632,0,0.16191346030962311,0,0.00023749682480326366,102.60884269263543
2026-06-28T02:30:08.002223,qwen7b-npu6,6688.0,5.0,0.0,0.000916758342500934,103.95578152397603,29.90231662874272,0.012089173968335601,133.81182592844195,active,10,8.943132710089694,9.25756463973062,8,0.20621862216675518,0,0.0003024842276006631,96.53036921800641
2026-06-28T02:30:08.014582,qwen7b-npu7,6660.0,2.0,0.0,0.0003667033370003958,101.66901031413953,29.163370703011154,0.012519430035624552,130.81776702010237,active,10,9.137305477122922,9.251065762564899,3,0.17118833709127756,0,0.00025110133786764493,119.42559558347742
2026-06-28T02:30:09.033847,qwen7b-npu3,2309.0,12.0,0.0,0.004794394246726896,311.1164437686793,28.823636419298808,0.01606586336205451,2031.3450833429808,active,10,6.451745999243979,6.4120424269629055,1,1,0,0.005513473971232972,98.94637149698333
2026-06-28T02:30:09.049378,qwen7b-npu4,6741.0,1.0,0.0,0.0001833516685001424,98.73009891648654,28.161055942572784,0.012023547749653064,126.87020984530803,active,10,9.301676095383312,9.156190846954967,1,0.19988922229194522,0,0.00029320017937945717,95.68270527485792
2026-06-28T02:30:09.064036,qwen7b-npu5,6736.0,1.0,0.0,0.0001833516685001424,98.56118399853378,28.287498769879953,0.011994232178977543,126.82310599754088,active,10,9.20218178405242,9.109035259862736,2,0.19274374920125503,0,0.0002827191040722599,101.10856890404644
2026-06-28T02:30:09.077115,qwen7b-npu6,6719.0,1.0,0.0,0.0001833516685001424,104.05974633673469,29.932317540806363,0.012101826433189883,133.97354017094722,active,10,9.01285094480309,9.222005648943277,6,0.17779210440839088,0,0.00026078783191548085,168.24503557481603
2026-06-28T02:30:09.090763,qwen7b-npu7,6683.0,2.0,0.0,0.0003667033370003958,101.67459504753819,29.15541834556268,0.01252703472565595,130.82066994518334,active,10,9.164802185650766,9.247292311234297,2,0.15502241910933043,0,0.00022738895358901905,129.65626729203632
2026-06-28T02:30:10.106243,qwen7b-npu3,2315.0,12.0,0.0,0.004794394246726896,310.50087504459,28.81784290034193,0.01605023801344899,2026.3157473716124,active,10,6.441793689318718,6.411936759542937,0,1,0,0.005261796067655845,102.03191646027854
2026-06-28T02:30:10.120999,qwen7b-npu4,6765.0,0.0,0.0,0.0,98.78556811183978,28.183867714405086,0.01203389975360367,126.94412761499329,active,10,9.308497362650453,9.328961164451874,1,0.1299279944897644,0,0.00019058011659664717,140.9105915348377
2026-06-28T02:30:10.135816,qwen7b-npu5,6759.0,3.0,0.0,0.0005500550055005382,98.54007292859106,28.28902970744569,0.011996226393418278,126.80299460588034,active,10,9.16327200613442,9.04654267238042,4,0.21278343698081578,0,0.00031211358559710747,118.35071213460317
2026-06-28T02:30:10.148442,qwen7b-npu6,6744.0,1.0,0.0,0.0001833516685001424,103.9651992552928,29.931492520857297,0.012097193087625118,133.8767285837046,active,10,9.014107462920034,9.017877017270868,4,0.20306486786545408,0,0.0002978582586952011,122.60566354878539
2026-06-28T02:30:10.160854,qwen7b-npu7,6708.0,1.0,0.0,0.0001833516685001424,101.57007330858643,29.150706727905,0.012520892653872975,130.71269702499023,active,10,9.21059484993523,9.347972842788625,3,0.14451457242106477,0,0.00021197590380791224,102.49543662189058
2026-06-28T02:30:11.176065,qwen7b-npu3,2316.0,12.0,0.0,0.004794394246726896,310.40382282309787,28.812189030806472,0.016047477492027912,2025.4853568557235,active,10,6.449775656264196,6.473721557100628,0,1,0,0.0050982054303307135,105.90118734520891
2026-06-28T02:30:11.191796,qwen7b-npu4,6792.0,1.0,0.0,0.0001833516685001424,98.74104010763942,28.188511614629356,0.01203394843609603,126.90877623032127,active,10,9.332233906247778,9.40344353703975,3,0.12820319641834685,0,0.0001880501597628705,121.2420297149733
2026-06-28T02:30:11.205597,qwen7b-npu5,6781.0,1.0,0.0,0.0001833516685001424,98.55436698610919,28.286832394766506,0.012000293461202119,126.81540854296102,active,10,9.014092829220125,8.566555298477244,3,0.31330923403753025,0,0.00045956616653835804,109.3726481820164
2026-06-28T02:30:11.220478,qwen7b-npu6,6768.0,2.0,0.0,0.0003667033370003958,103.98858965288663,29.932810086025157,0.012108432981582325,133.90177424027647,active,10,9.106868998561858,9.385153605487327,3,0.13199216411254516,0,0.0001936078681518807,135.5766742791481
2026-06-28T02:30:11.233055,qwen7b-npu7,6729.0,2.0,0.0,0.0003667033370003958,101.56633652307106,29.169885670539433,0.012522551497142582,130.72219534851428,active,10,9.218788136989264,9.243367998151369,3,0.1376844720736921,0,0.00020195742145019278,144.7145440685817
2026-06-28T02:30:12.248536,qwen7b-npu3,2318.0,12.0,0.0,0.007007191591370088,310.1990059390985,28.80474104431033,0.016042063808745517,2023.8152040364116,active,10,6.455645521157389,6.473255115836968,1,1,0,0.005766350586694494,104.89266788168001
2026-06-28T02:30:12.262794,qwen7b-npu4,6818.0,3.0,0.0,0.0005500550055005382,98.6517951019211,28.18305623488089,0.012027330519269757,126.80636192431471,active,10,9.336379044252883,9.348814458268198,3,0.12708207767192545,0,0.00018640568782091568,116.1704230604141
2026-06-28T02:30:12.276747,qwen7b-npu5,6806.0,1.0,0.0,0.0001833516685001424,98.56447324380082,28.29136859131679,0.012002372368455957,126.82933933501906,active,10,9.007246911812366,8.98670915958909,5,0.24740100212439467,0,0.0003628910922249826,113.27550239535253
2026-06-28T02:30:12.289156,qwen7b-npu6,6792.0,0.0,0.0,0.0,103.91970166609622,29.926017874135404,0.01210303724847226,133.82135561554395,active,10,9.11075456275429,9.122411255331585,0,0.17329490667315436,0,0.00025419128224886097,107.44302673030485
2026-06-28T02:30:12.302694,qwen7b-npu7,6756.0,1.0,0.0,0.0001833516685001424,101.57490852953345,29.196631686018026,0.012521880683270273,130.76118988782542,active,10,9.24331592693741,9.316899296781841,3,0.13324490684789989,0,0.00019544540791767515,132.64582904177638
2026-06-28T02:30:13.317681,qwen7b-npu3,2321.0,12.0,0.0,0.007007191591370088,309.8940493884861,28.795724995612574,0.016034023014112827,2021.3168523382863,active,10,6.46002668195158,6.473170164334152,0,1,0,0.006200644938330952,103.14595363758374
2026-06-28T02:30:13.331985,qwen7b-npu4,6844.0,1.0,0.0,0.0001833516685001424,98.59171936485518,28.17192725266016,0.012025308316686904,126.74376226980122,active,10,9.392956517641428,9.562688937807062,3,0.08260335048675155,0,0.0001211636970835952,119.5494738171791
2026-06-28T02:30:13.344289,qwen7b-npu5,6831.0,4.0,0.0,0.0007334066740006806,98.56478296424264,28.301910285533683,0.012000216279280084,126.82748724171736,active,10,8.9704028502176,8.8598706654333,5,0.24831065138085653,0,0.0003642253778963772,119.36196357693726
2026-06-28T02:30:13.356299,qwen7b-npu6,6819.0,1.0,0.0,0.0001833516685001424,103.82072903540393,29.91759745293711,0.012100981373604925,133.7187032819878,active,10,9.089447158807879,9.025524946968645,2,0.20014168933755033,0,0.00029357050141189816,109.25614131896191
2026-06-28T02:30:13.369019,qwen7b-npu7,6783.0,1.0,0.0,0.0001833516685001424,101.50934822805755,29.213342739315134,0.012521655413133537,130.71490353590195,active,10,9.280974338452273,9.393949572996862,2,0.13035918945113492,0,0.0001912125991215387,108.05076694000513
2026-06-28T02:30:14.384006,qwen7b-npu3,2323.0,12.0,0.0,0.007007191591370088,309.6892227143293,28.788344852778597,0.016028450514695758,2019.6532920447842,active,10,6.4632419797150815,6.472887873005588,0,1,0,0.0064829362668946495,101.79359892114086
2026-06-28T02:30:14.396881,qwen7b-npu4,6869.0,1.0,0.0,0.0001833516685001424,98.57407631806748,28.18015913380148,0.012027081363889292,126.73068942201645,active,10,9.3143276263958,9.078440952658916,3,0.1849421778163885,0,0.0002712756550295252,137.88643742240345
2026-06-28T02:30:14.408908,qwen7b-npu5,6855.0,0.0,0.0,0.0,98.53287334428227,28.30606077241724,0.012000905611424249,126.81399497735421,active,10,8.934049971669047,8.824991336023388,1,0.29265192339755675,0,0.0004292657475578335,121.13519844589342
2026-06-28T02:30:14.421955,qwen7b-npu6,6844.0,4.0,0.0,0.0007334066740006806,103.81313209154675,29.923606575079614,0.012102933930203988,133.70491632016285,active,10,9.166960201325242,9.399499328877337,5,0.13009209806940772,0,0.0001908208259177338,130.6576076038237
2026-06-28T02:30:14.433690,qwen7b-npu7,6809.0,1.0,0.0,0.0001833516685001424,101.43987459134279,29.22532833564154,0.012521173472736792,130.6561060713825,active,10,9.349563319650189,9.555330263243935,3,0.0847334731432377,0,0.00012428818942900014,104.56925677786728
2026-06-28T02:30:15.449076,qwen7b-npu3,2326.0,12.0,0.0,0.00921998893601328,309.3899229120204,28.781693400722972,0.01602004759522077,2017.1707016492362,active,10,6.465675198432639,6.472974854585312,0,1,0,0.006666425630461052,105.0643151698563
2026-06-28T02:30:15.462371,qwen7b-npu4,6890.0,1.0,0.0,0.0001833516685001424,98.5217127986847,28.18055506211139,0.01202686470406517,126.67639611940426,active,10,9.197072224246071,8.845306017796887,1,0.2514624155806525,0,0.00036884842769437977,106.48525727656698
2026-06-28T02:30:15.475579,qwen7b-npu5,6879.0,6.0,0.0,0.0011001100110010764,98.52392390329211,28.312982178410596,0.012005762390922244,126.79701446360137,active,10,8.9731622618454,9.09049913237446,7,0.23397375020841188,0,0.00034319581988764163,123.63604029493379
2026-06-28T02:30:15.488209,qwen7b-npu6,6870.0,1.0,0.0,0.0001833516685001424,103.84685708619274,29.927980846014243,0.012112987336760767,133.7507844144774,active,10,9.279280385672438,9.616240938714023,4,0.08455986374511502,0,0.000124033536846527,116.56152393502457
2026-06-28T02:30:15.500399,qwen7b-npu7,6828.0,0.0,0.0,0.0,101.39849926898825,29.219111764799578,0.012521444053999546,130.60234954081994,active,10,9.172947063989842,8.643098297008802,0,0.2738267575431045,0,0.00040165274300417697,92.84104837414544
2026-06-28T02:30:16.516479,qwen7b-npu3,2328.0,12.0,0.0,0.00921998893601328,309.18799837430316,28.774861928243357,0.016014572596860066,2015.5162125671463,active,10,6.467113139869136,6.471426964178625,1,1,0,0.007560172787404331,106.39130228304418
2026-06-28T02:30:16.532385,qwen7b-npu4,6911.0,2.0,0.0,0.0003667033370003958,98.46580216550323,28.182261348760033,0.012027785500751434,126.62675418660541,active,10,9.249097001333734,9.40517133259672,6,0.16345057012742414,0,0.00023975147800134685,113.14431475802596
2026-06-28T02:30:16.546050,qwen7b-npu5,6904.0,2.0,0.0,0.0003667033370003958,98.52867358529276,28.311265313577373,0.012014910626316532,126.81323058497452,active,10,9.006107300473461,9.104942416357643,3,0.19583293763546772,0,0.0002872503669020169,155.47579888518754
2026-06-28T02:30:16.559479,qwen7b-npu6,6892.0,0.0,0.0,0.0,103.82836285678023,29.9316303643522,0.012115897128433615,133.7358857820149,active,10,9.249141060915424,9.158723086644377,0,0.14246391143432477,0,0.00020896796690038106,104.83835095853411
2026-06-28T02:30:16.572849,qwen7b-npu7,6855.0,0.0,0.0,0.0,101.44572685792619,29.23464282845264,0.012526394457938924,130.665235776783,active,10,9.079856649542972,8.800585406202359,2,0.26548739240301794,0,0.00038942045090285354,126.50310558984383
2026-06-28T02:30:17.587329,qwen7b-npu3,2331.0,12.0,0.0,0.00921998893601328,308.88652873110846,28.768287148036862,0.016006498549859142,2013.041610808247,active,10,6.452452041456384,6.4084687462181265,0,1,0,0.008141108439417464,106.39190877565927
2026-06-28T02:30:17.601343,qwen7b-npu4,6940.0,2.0,0.0,0.0003667033370003958,98.40975017300256,28.18162176681525,0.012029289640309243,126.56920439641404,active,10,9.199433778438811,9.050444109754043,2,0.1937428705828257,0,0.000284184628651014,118.59069695405239
2026-06-28T02:30:17.614293,qwen7b-npu5,6931.0,0.0,0.0,0.0,98.53631210712416,28.33012555517921,0.01201931105793035,126.83946920187678,active,10,9.089950323014858,9.341479390639048,3,0.12729140946305403,0,0.000186712738486311,114.30703523350725
2026-06-28T02:30:17.627065,qwen7b-npu6,6914.0,2.0,0.0,0.0003667033370003958,103.84521206438387,29.935015458863184,0.012123546362612212,133.76002768333476,active,10,9.2968595498084,9.440015016487324,2,0.1363515424323111,0,0.00020000226246029754,157.33031988145555
2026-06-28T02:30:17.639064,qwen7b-npu7,6877.0,1.0,0.0,0.0001833516685001424,101.38920599141578,29.24035655068271,0.01252720139783119,130.61449103738846,active,10,9.029017851023967,8.876501455466954,5,0.26006680506196167,0,0.0003814694610369933,114.94052206731091
2026-06-28T02:30:18.656372,qwen7b-npu3,2334.0,13.0,0.0,0.011617186059376783,308.58198587161,28.762785150016768,0.01599818739698288,2010.568683872338,active,10,6.441264756500199,6.407702901631643,1,1,0,0.008518716613225999,103.94889901473125
2026-06-28T02:30:18.671677,qwen7b-npu4,6967.0,1.0,0.0,0.0001833516685001424,98.38655772810776,28.18333895764152,0.01203344398917212,126.54568784167772,active,10,9.282932194798214,9.533427443876418,3,0.1259328658788367,0,0.0001847200086231591,122.71896686536583
2026-06-28T02:30:18.683910,qwen7b-npu5,6954.0,1.0,0.0,0.0001833516685001424,98.4827420956313,28.334723765130594,0.012017130437598894,126.79510940909472,active,10,9.15416588195719,9.34681255878419,4,0.12648941615098513,0,0.000185536363991152,106.0864432302222
2026-06-28T02:30:18.696819,qwen7b-npu6,6941.0,1.0,0.0,0.0001833516685001424,103.8325482461762,29.934643998432758,0.012124226480486477,133.74306464844454,active,10,9.265460622690785,9.171263841337945,1,0.1761285025810022,0,0.0002583476385493319,139.86428578194491
2026-06-28T02:30:18.709778,qwen7b-npu7,6902.0,0.0,0.0,0.0,101.32152641797128,29.238986679953825,0.012523977835251448,130.54526114733244,active,10,8.924226089838728,8.609850806283008,2,0.3002934232902751,0,0.000440474401599234,97.10614339096702
2026-06-28T02:30:19.724575,qwen7b-npu3,2339.0,11.0,0.0,0.010510787387055132,308.09019630207064,28.7582573917117,0.015981280556815428,2011.5827827928813,active,10,6.432849550932252,6.407603934228412,0,1,0,0.009603180919378774,109.67769673884736
2026-06-28T02:30:19.739532,qwen7b-npu4,6992.0,1.0,0.0,0.0001833516685001424,98.37029887964304,28.190508424249387,0.012036368446201798,126.54109646400624,active,10,9.28344386515036,9.2849788762068,2,0.12560636282124385,0,0.00018424108958010326,130.69563856075146
2026-06-28T02:30:19.753876,qwen7b-npu5,6979.0,2.0,0.0,0.0003667033370003958,98.49934001282543,28.337694654479396,0.012026524638062287,126.80915280787916,active,10,9.072378954167764,8.82701817079948,2,0.25721812049814036,0,0.00037729097249448697,112.83454596621749
2026-06-28T02:30:19.767519,qwen7b-npu6,6966.0,1.0,0.0,0.0001833516685001424,103.73835566397752,29.91854256426753,0.012122911126831712,133.63843580329495,active,10,9.304797773375268,9.422809225428718,2,0.15823352667765145,0,0.0002320990490321156,100.7549391795215
2026-06-28T02:30:19.780870,qwen7b-npu7,6928.0,1.0,0.0,0.0001833516685001424,101.29552907536267,29.25161624802001,0.012527801071394186,130.53483417131554,active,10,8.948091439738578,9.019687489438127,6,0.2389407251386788,0,0.00035048144501455194,107.20436771628442
2026-06-28T02:30:20.795372,qwen7b-npu3,2357.0,14.0,0.0,0.0029503964595242183,306.83073119485994,28.759718826668575,0.016131635143076667,2064.2363533625685,active,10,6.417183397476366,6.343714387206023,2,1,0,0.0073521069847218715,119.66752904627592
2026-06-28T02:30:20.812274,qwen7b-npu4,7019.0,1.0,0.0,0.0001833516685001424,98.35683815430706,28.197374284501727,0.012039973473058501,126.53018328042634,active,10,9.365906091934566,9.355485554582954,2,0.14056868829197552,0,0.00020618802829773216,124.09343137562645
2026-06-28T02:30:20.826283,qwen7b-npu5,7007.0,1.0,0.0,0.0001833516685001424,98.40983359096087,28.33123834812505,0.012020286742977905,126.71525431400771,active,10,8.92832637687742,8.62684914960215,3,0.2967996559104643,0,0.0004353496969716992,121.09953401444288
2026-06-28T02:30:20.839502,qwen7b-npu6,6994.0,0.0,0.0,0.0,103.70099138865854,29.91060498900897,0.012122030312728462,133.58675516568695,active,10,9.325892972378904,9.36147193807209,2,0.13904116502130773,0,0.00020394743677490108,124.78713843709754
2026-06-28T02:30:20.851757,qwen7b-npu7,6945.0,1.0,0.0,0.0001833516685001424,101.23941628859144,29.239231690241702,0.012528074600075862,130.46844413478254,active,10,8.855241790262381,9.06741494783239,3,0.24313995637109181,0,0.00035664093343761065,93.69281967675525
2026-06-28T02:30:21.867750,qwen7b-npu3,2361.0,12.0,0.0,0.002581596902083705,306.43047270558736,28.755745859195407,0.01611924271809507,2059.2462390267933,active,10,6.415095213329348,6.408830660888295,0,1,0,0.005682428455798513,109.20991495965214
2026-06-28T02:30:21.880936,qwen7b-npu4,7044.0,0.0,0.0,0.0,98.34301888028848,28.198193880454834,0.012039144776864925,126.5168209633727,active,10,9.353609918317645,9.316721397466884,3,0.1351196473897841,0,0.00019819530236857576,129.0787435074686
2026-06-28T02:30:21.897037,qwen7b-npu5,7028.0,0.0,0.0,0.0,98.32397546019145,28.319772348031666,0.012017700474060406,126.61419592598452,active,10,8.96825793941169,9.088052627014495,1,0.2366697763418018,0,0.0003471503870066543,94.78389019366264
2026-06-28T02:30:21.909533,qwen7b-npu6,7016.0,0.0,0.0,0.0,103.6741096386208,29.911541437161915,0.012123010690955232,133.56063177675316,active,10,9.324808167016277,9.321553750928395,0,0.13412675726385,0,0.00019673891787873554,119.70568849350116
2026-06-28T02:30:21.922960,qwen7b-npu7,6973.0,1.0,0.0,0.0001833516685001424,101.26062966514554,29.264050773241014,0.012530717447206267,130.50811733928688,active,10,8.89478102467462,9.013398727911333,6,0.20179097164120968,0,0.0002959896907094968,135.07910465109674
2026-06-28T02:30:22.938035,qwen7b-npu3,2368.0,15.0,0.0,0.005347593582887722,305.80533819424136,28.75574293085571,0.016107735293593297,2055.923056207309,active,10,6.414020906888925,6.410797987567656,3,1,0,0.005371616482623447,109.57823481145243
2026-06-28T02:30:22.951200,qwen7b-npu4,7067.0,0.0,0.0,0.0,98.3838494569253,28.215133065362856,0.012044222275054889,126.57460957887875,active,10,9.290102023234894,9.099578337986646,2,0.17532777080335968,0,0.00025717311448971277,138.25042920227105
2026-06-28T02:30:22.963815,qwen7b-npu5,7051.0,1.0,0.0,0.0001833516685001424,98.36215229680937,28.314113188477577,0.012023999421994037,126.6471598777614,active,10,9.000314121933704,9.096482669499746,1,0.19758535462217117,0,0.00028982083552937517,106.2502431143989
2026-06-28T02:30:22.975835,qwen7b-npu6,7039.0,2.0,0.0,0.0003667033370003958,103.57337757375603,29.89669884812688,0.01211980022805378,133.45056438554448,active,10,9.342619426339457,9.396053204308995,2,0.13093239222150252,0,0.00019205338059622795,98.35613182149262
2026-06-28T02:30:22.987732,qwen7b-npu7,6998.0,1.0,0.0,0.0001833516685001424,101.2340253950971,29.258841171054318,0.012532268511274472,130.47795198276475,active,10,8.997236753871634,9.30460394146268,3,0.17491413156678629,0,0.0002565663829362228,94.57826993023494
2026-06-28T02:30:24.002800,qwen7b-npu3,2370.0,12.0,0.0,0.004794394246726896,305.60675089872336,28.74953971276099,0.016106133648251444,2051.8328009064267,active,10,6.428245542461445,6.470919449179007,0,1,0,0.0051695887000596545,119.55481060467085
2026-06-28T02:30:24.018434,qwen7b-npu4,7092.0,3.0,0.0,0.0005500550055005382,98.34072109809786,28.219703599142196,0.012042682908181652,126.53510123281117,active,10,9.22300630161183,9.021719136742641,3,0.2014630510221838,0,0.00029550869236845184,118.03374236582249
2026-06-28T02:30:24.032668,qwen7b-npu5,7077.0,2.0,0.0,0.0003667033370003958,98.30337125264235,28.313520713713924,0.012021932305343694,126.58787070146738,active,10,9.009299355599264,9.036255056595943,4,0.21593048050441127,0,0.00031672971104423236,100.81808280200323
2026-06-28T02:30:24.044841,qwen7b-npu6,7067.0,0.0,0.0,0.0,103.53151112647276,29.88877095247027,0.012122341305925896,133.3958090186642,active,10,9.340796167364417,9.335326390439295,2,0.12885605494397664,0,0.000189007781362598,102.24722327585845
2026-06-28T02:30:24.056816,qwen7b-npu7,7021.0,0.0,0.0,0.0,101.19690512714351,29.26603791540177,0.012534985764349187,130.44726867279152,active,10,9.072128778669086,9.296804853061442,3,0.15744418551841108,0,0.00023094123288359465,117.75067628077466
2026-06-28T02:30:25.072272,qwen7b-npu3,2373.0,12.0,0.0,0.004794394246726896,305.3081458598513,28.741764144050986,0.01609783699502133,2049.347740570805,active,10,6.439504297087043,6.473280560963838,0,1,0,0.0050382706413931895,108.40584197384551
2026-06-28T02:30:25.085645,qwen7b-npu4,7112.0,0.0,0.0,0.0,98.32353512803668,28.249411455698933,0.012051186139184605,126.54808881044119,active,10,8.995631443253476,8.313506868178417,2,0.34970098316441944,0,0.0005129460699148206,121.66285184576057
2026-06-28T02:30:25.097555,qwen7b-npu5,7102.0,2.0,0.0,0.0003667033370003958,98.26527884630242,28.314825619537213,0.01202313685091573,126.54904129470914,active,10,9.128931611122376,9.487828377691711,4,0.14035481232786734,0,0.00020587431217875104,113.98019900629609
2026-06-28T02:30:25.109703,qwen7b-npu6,7091.0,1.0,0.0,0.0001833516685001424,103.52391766957143,29.88613158794254,0.012121669441203516,133.38569901487486,active,10,9.356730157274376,9.404532127004252,3,0.12750643571358483,0,0.00018702814186073854,156.56596169871938
2026-06-28T02:30:25.123583,qwen7b-npu7,7049.0,2.0,0.0,0.0003667033370003958,101.17869590897817,29.257571937433486,0.012535741353364986,130.42539530660997,active,10,9.084967829568981,9.123484982268671,3,0.18983872058696719,0,0.00027845796932447504,91.76895107011885
2026-06-28T02:30:26.141096,qwen7b-npu3,2375.0,12.0,0.0,0.007007191591370088,305.1421726628354,28.73762505586804,0.016098394051513535,2047.727287093109,active,10,6.447246439505763,6.470472866761923,0,1,0,0.005275613516020456,121.2575986102881
2026-06-28T02:30:26.156931,qwen7b-npu4,7134.0,2.0,0.0,0.0003667033370003958,98.25929804679757,28.249609334211446,0.012055837069780227,126.48957376976125,active,10,9.026466203693674,9.118970485014268,4,0.22730563905687265,0,0.0003334149454446334,110.46137451640084
2026-06-28T02:30:26.170264,qwen7b-npu5,7127.0,1.0,0.0,0.0001833516685001424,98.2602162466187,28.310643328883266,0.012024123882848549,126.53976997486818,active,10,9.176993150438362,9.321177768386322,2,0.13498062801311378,0,0.00019799138689123802,154.6259450349125
2026-06-28T02:30:26.182928,qwen7b-npu6,7118.0,2.0,0.0,0.0003667033370003958,103.51068509968187,29.87584150998951,0.012121518685689302,133.36216375110325,active,10,9.358878637403276,9.36532407778998,3,0.08287918321383014,0,0.00012156829220948005,111.68573811858533
2026-06-28T02:30:26.194811,qwen7b-npu7,7075.0,0.0,0.0,0.0,101.16293698233345,29.252455295410126,0.012531803398744398,130.39970485565942,active,10,9.037007460030312,8.893126351414303,3,0.2546451683815287,0,0.00037351693198609714,116.35125822456523
