ts,status,latency_ms,backend,error
1782584911.449364,200,90.20789599890122,qwen7b-npu7,
1782584911.4691308,200,115.22874799993588,qwen7b-npu3,
1782584911.475914,200,122.47745100103202,qwen7b-npu7,
1782584911.4826112,200,124.81228500109864,qwen7b-npu5,
1782584911.484206,200,134.1569319993141,qwen7b-npu4,
1782584911.4882936,200,136.91604899941012,qwen7b-npu6,
1782584911.5088737,200,153.21608699741773,qwen7b-npu5,
1782584911.5091732,200,156.57835700039868,qwen7b-npu5,
1782584911.51031,200,153.11839700007113,qwen7b-npu4,
1782584911.5106018,200,155.94688399869483,qwen7b-npu4,
1782584911.5166368,200,158.26353699958418,qwen7b-npu6,
1782584911.517037,200,164.9880889999622,qwen7b-npu6,
1782584911.5597951,200,110.32580800019787,qwen7b-npu7,
1782584911.5705717,200,101.37879399917438,qwen7b-npu6,
1782584911.5796726,200,91.28110299934633,qwen7b-npu3,
1782584911.5859997,200,109.94067499996163,qwen7b-npu7,
1782584911.633072,200,122.68438200044329,qwen7b-npu4,
1782584911.6602538,200,143.5079789989686,qwen7b-npu4,
1782584911.6605763,200,149.90332800152828,qwen7b-npu4,
1782584911.6608655,200,176.59950899906107,qwen7b-npu5,
1782584911.6612444,200,178.53604099946097,qwen7b-npu5,
1782584911.6647744,200,155.52869100065436,qwen7b-npu6,
1782584911.6848323,200,167.68803499871865,qwen7b-npu5,
1782584911.6856852,200,176.73769899920444,qwen7b-npu5,
1782584911.6928535,200,132.986364998942,qwen7b-npu6,
1782584911.709014,200,129.24678300259984,qwen7b-npu5,
1782584911.7188334,200,85.67966800183058,qwen7b-npu7,
1782584911.7216938,200,135.59453000198118,qwen7b-npu6,
1782584911.722397,200,151.733309001429,qwen7b-npu6,
1782584911.7453449,200,84.35542100050952,qwen7b-npu4,
1782584911.7741873,200,109.31905199686298,qwen7b-npu3,
1782584911.7748005,200,114.15075100012473,qwen7b-npu6,
1782584911.7951093,200,86.01813100176514,qwen7b-npu4,
1782584911.8022342,200,141.88937899962184,qwen7b-npu5,
1782584911.8109705,200,149.6480959976907,qwen7b-npu7,
1782584911.8193476,200,96.8807060016843,qwen7b-npu4,
1782584911.828135,200,135.17769900136045,qwen7b-npu5,
1782584911.8541589,200,135.24005799990846,qwen7b-npu5,
1782584911.8545144,200,132.75980300022638,qwen7b-npu5,
1782584911.8780506,200,132.5667130004149,qwen7b-npu5,
1782584911.880804,200,195.86640499983332,qwen7b-npu7,
1782584911.8812096,200,195.41178299914463,qwen7b-npu7,
1782584911.8919814,200,89.6483430005901,qwen7b-npu4,
1782584911.9075673,200,88.1445029990573,qwen7b-npu6,
1782584911.9119496,200,100.85195100327837,qwen7b-npu3,
1782584911.9269695,200,98.73496799991699,qwen7b-npu5,
1782584911.9711196,200,79.05185799972969,qwen7b-npu4,
1782584912.0150516,200,240.75836699921638,qwen7b-npu7,
1782584912.0153825,200,240.51759600115474,qwen7b-npu7,
1782584912.0157635,200,220.57687499909662,qwen7b-npu7,
1782584912.0290318,200,148.12209599767812,qwen7b-npu6,
1782584912.0293498,200,147.97931499924744,qwen7b-npu6,
1782584912.0298524,200,151.69767799670808,qwen7b-npu6,
1782584912.0401723,200,185.9223249994102,qwen7b-npu7,
1782584912.0405383,200,185.91171499792836,qwen7b-npu7,
1782584912.0666263,200,158.9291919990501,qwen7b-npu7,
1782584912.067005,200,154.94874800060643,qwen7b-npu7,
1782584912.0924816,200,165.37433000121382,qwen7b-npu6,
1782584912.1136668,200,84.20427999953972,qwen7b-npu4,
1782584912.1190305,200,78.75888700073119,qwen7b-npu5,
1782584912.1201336,200,148.9269220001006,qwen7b-npu6,
1782584912.1317205,200,102.60581100010313,qwen7b-npu3,
1782584912.1392455,200,109.28361100013717,qwen7b-npu4,
1782584912.1491816,200,134.04528200044297,qwen7b-npu6,
1782584912.1495106,200,133.66711900016526,qwen7b-npu6,
1782584912.1497734,200,134.26039200203377,qwen7b-npu6,
1782584912.1644137,200,97.27832899807254,qwen7b-npu4,
1782584912.173069,200,132.42128099955153,qwen7b-npu6,
1782584912.1952415,200,128.51446700005908,qwen7b-npu7,
1782584912.222031,200,129.45675299852155,qwen7b-npu7,
1782584912.2351003,200,85.8137799987162,qwen7b-npu4,
1782584912.2497766,200,129.5847440014768,qwen7b-npu7,
1782584912.2500436,200,136.31559499845025,qwen7b-npu7,
1782584912.2542195,200,104.37853099938366,qwen7b-npu6,
1782584912.2747772,200,155.68651300054626,qwen7b-npu5,
1782584912.2820854,200,108.9468489990395,qwen7b-npu6,
1782584912.2960484,200,100.7082790019922,qwen7b-npu3,
1782584912.300884,200,169.10185399683542,qwen7b-npu5,
1782584912.301274,200,161.92171999864513,qwen7b-npu5,
1782584912.3106816,200,88.58226599841146,qwen7b-npu4,
1782584912.3254356,200,175.86187399865594,qwen7b-npu5,
1782584912.326166,200,161.6285579984833,qwen7b-npu5,
1782584912.3276548,200,92.44548000060604,qwen7b-npu7,
1782584912.348809,200,98.96523900169996,qwen7b-npu5,
1782584912.371288,200,121.18126400309848,qwen7b-npu4,
1782584912.385074,200,110.1816369991866,qwen7b-npu7,
1782584912.3968735,200,142.59443300034036,qwen7b-npu4,
1782584912.3977098,200,86.95797700056573,qwen7b-npu6,
1782584912.4109304,200,114.77601500155288,qwen7b-npu7,
1782584912.4251356,200,142.9805560001114,qwen7b-npu4,
1782584912.425441,200,124.08184100058861,qwen7b-npu4,
1782584912.4258757,200,124.8866559981252,qwen7b-npu4,
1782584912.4478407,200,121.57755599764641,qwen7b-npu4,
1782584912.4508119,200,101.90636699917377,qwen7b-npu6,
1782584912.4735498,200,102.19539900208474,qwen7b-npu4,
1782584912.476889,200,91.75124499961385,qwen7b-npu6,
1782584912.4982877,200,87.26065800146898,qwen7b-npu4,
1782584912.4998007,200,174.29158500090125,qwen7b-npu5,
1782584912.500173,200,172.42038400218007,qwen7b-npu5,
1782584912.5145538,200,88.99651899992023,qwen7b-npu7,
1782584912.5240738,200,126.25144400226418,qwen7b-npu5,
1782584912.5247796,200,127.84091399953468,qwen7b-npu5,
1782584912.5314567,200,105.47437799687032,qwen7b-npu6,
1782584912.5415468,200,116.3287039998977,qwen7b-npu7,
1782584912.5483139,200,97.43186899868306,qwen7b-npu4,
1782584912.5579617,200,110.01818599834223,qwen7b-npu6,
1782584912.5848706,200,107.9140030014969,qwen7b-npu6,
1782584912.5984538,200,100.07492599834222,qwen7b-npu4,
1782584912.6111605,200,137.53097300286754,qwen7b-npu5,
1782584912.611758,200,97.14106799947331,qwen7b-npu6,
1782584912.6241746,200,99.29700100110495,qwen7b-npu4,
1782584912.6359272,200,136.01557299989508,qwen7b-npu7,
1782584912.6368082,200,136.5308569984336,qwen7b-npu5,
1782584912.6630378,200,138.90360000004875,qwen7b-npu5,
1782584912.6634777,200,131.90377800128772,qwen7b-npu5,
1782584912.688833,200,103.86436900080298,qwen7b-npu6,
1782584912.6912777,200,142.8479040005186,qwen7b-npu7,
1782584912.6915467,200,149.9281369979144,qwen7b-npu7,
1782584912.691817,200,133.75192999956198,qwen7b-npu7,
1782584912.7099981,200,98.69497799809324,qwen7b-npu5,
1782584912.7166233,200,118.1031250016531,qwen7b-npu7,
1782584912.7418275,200,129.94845600042026,qwen7b-npu4,
1782584912.7450347,200,109.02675000033923,qwen7b-npu7,
1782584912.7618334,200,124.95057599880965,qwen7b-npu4,
1782584912.7622106,200,137.92329500211054,qwen7b-npu4,
1782584912.7698,200,106.2450829995214,qwen7b-npu7,
1782584912.795597,200,103.71243800182128,qwen7b-npu7,
1782584912.8076453,200,144.50520500031416,qwen7b-npu6,
1782584912.8225443,200,130.90935199943488,qwen7b-npu5,
1782584912.8229403,200,131.5861959992617,qwen7b-npu5,
1782584912.8336582,200,144.75061600023764,qwen7b-npu6,
1782584912.846771,200,101.6296150010021,qwen7b-npu5,
1782584912.8477452,200,105.79665000113891,qwen7b-npu7,
1782584912.861401,200,144.67212599993218,qwen7b-npu6,
1782584912.8619046,200,151.80411899928004,qwen7b-npu6,
1782584912.872644,200,110.36110799977905,qwen7b-npu7,
1782584912.8864992,200,124.55627400049707,qwen7b-npu6,
1782584912.8965955,200,126.66849700326566,qwen7b-npu4,
1782584912.9323142,200,136.647876999632,qwen7b-npu5,
1782584912.9361954,200,88.34850499988534,qwen7b-npu6,
1782584912.9465737,200,85.0358240022615,qwen7b-npu7,
1782584912.9576154,200,123.86276899997029,qwen7b-npu5,
1782584912.9586093,200,135.95762299883063,qwen7b-npu5,
1782584912.9819446,200,95.37739799998235,qwen7b-npu5,
1782584912.9829142,200,175.11334899973008,qwen7b-npu4,
1782584912.9832497,200,160.18062899820507,qwen7b-npu4,
1782584913.0085561,200,161.68959899732727,qwen7b-npu4,
1782584913.0089023,200,136.18930499796988,qwen7b-npu4,
1782584913.0091703,200,147.14948999971966,qwen7b-npu4,
1782584913.010344,200,113.64755700196838,qwen7b-npu3,
1782584913.0215762,200,89.1964989968983,qwen7b-npu7,
1782584913.0304773,200,94.2172999966715,qwen7b-npu5,
1782584913.056053,200,98.37125499689137,qwen7b-npu4,
1782584913.0705516,200,123.91126999864355,qwen7b-npu6,
1782584913.0795884,200,96.2227919990255,qwen7b-npu5,
1782584913.0980551,200,89.42162099992856,qwen7b-npu7,
1782584913.104648,200,83.0065320005815,qwen7b-npu4,
1782584913.123575,200,93.03509300298174,qwen7b-npu7,
1782584913.1342053,200,175.4619419989467,qwen7b-npu6,
1782584913.1537237,200,97.57230999821331,qwen7b-npu4,
1782584913.1585653,200,78.87990699964575,qwen7b-npu5,
1782584913.160843,200,177.8473260019382,qwen7b-npu6,
1782584913.1613278,200,179.3004649989598,qwen7b-npu6,
1782584913.1755261,200,104.87876499973936,qwen7b-npu7,
1782584913.1882951,200,179.048342997703,qwen7b-npu6,
1782584913.1886203,200,179.6443970015389,qwen7b-npu6,
1782584913.188975,200,178.519740999036,qwen7b-npu6,
1782584913.2043257,200,99.58063199883327,qwen7b-npu4,
1782584913.2297952,200,95.48759799872641,qwen7b-npu4,
1782584913.2414439,200,143.32486700004665,qwen7b-npu7,
1782584913.2680936,200,144.45505399999092,qwen7b-npu7,
1782584913.2780118,200,102.38634900088073,qwen7b-npu4,
1782584913.2809088,200,119.99312600164558,qwen7b-npu5,
1782584913.2954462,200,134.05598100143834,qwen7b-npu7,
1782584913.2956917,200,141.90210800006753,qwen7b-npu7,
1782584913.2960587,200,137.42692199957673,qwen7b-npu7,
1782584913.319028,200,129.93777700103237,qwen7b-npu7,
1782584913.3244894,200,82.98125299916137,qwen7b-npu6,
1782584913.331783,200,143.38576799855218,qwen7b-npu5,
1782584913.3320935,200,127.69619299797341,qwen7b-npu5,
1782584913.3325646,200,143.87790000182576,qwen7b-npu5,
1782584913.35593,200,126.0350330012443,qwen7b-npu5,
1782584913.3991845,200,118.1784250002238,qwen7b-npu4,
1782584913.4072115,200,139.01909100241028,qwen7b-npu7,
1782584913.4167144,200,138.63768900046125,qwen7b-npu5,
1782584913.4263945,200,130.62572999842814,qwen7b-npu4,
1782584913.426727,200,131.21365400002105,qwen7b-npu4,
1782584913.4269538,200,130.81747199976235,qwen7b-npu4,
1782584913.490419,200,83.10562300175661,qwen7b-npu6,
1782584913.496113,200,171.52622799767414,qwen7b-npu7,
1782584913.4968889,200,177.76365600002464,qwen7b-npu7,
1782584913.5062065,200,173.52538999693934,qwen7b-npu5,
1782584913.5072277,200,175.0173700020241,qwen7b-npu5,
1782584913.5076108,200,175.7424440002069,qwen7b-npu5,
1782584913.5220466,200,122.78412299929187,qwen7b-npu7,
1782584913.5222936,200,166.2968769996951,qwen7b-npu7,
1782584913.5458221,200,119.32566200266592,qwen7b-npu7,
1782584913.5565004,200,129.70182500066585,qwen7b-npu5,
1782584913.5568109,200,129.78252600078122,qwen7b-npu5,
1782584913.5572884,200,140.50887099801912,qwen7b-npu5,
1782584913.573543,200,83.02795300187427,qwen7b-npu4,
1782584913.6225436,200,126.32764500085614,qwen7b-npu6,
1782584913.6339338,200,127.55172199831577,qwen7b-npu4,
1782584913.6370106,200,80.4237770025793,qwen7b-npu5,
1782584913.651562,200,129.43843299945001,qwen7b-npu6,
1782584913.6519854,200,144.64356600001338,qwen7b-npu6,
1782584913.6527593,200,155.76993200011202,qwen7b-npu6,
1782584913.6534133,200,145.68334100113134,qwen7b-npu6,
1782584913.6545377,200,132.1687900017423,qwen7b-npu6,
1782584913.6741974,200,117.272409999714,qwen7b-npu6,
1782584913.7198052,200,82.72778100217693,qwen7b-npu7,
1782584913.7244792,200,90.46726700034924,qwen7b-npu6,
1782584913.7427337,200,89.8503440002969,qwen7b-npu5,
1782584913.7586253,200,212.6969070013729,qwen7b-npu4,
1782584913.759108,200,201.71006099917577,qwen7b-npu4,
1782584913.7646346,200,109.99293499844498,qwen7b-npu5,
1782584913.7679207,200,93.6226859994349,qwen7b-npu7,
1782584913.787121,200,164.43954599890276,qwen7b-npu4,
1782584913.7877283,200,214.08166499895742,qwen7b-npu4,
1782584913.81319,200,161.5091769999708,qwen7b-npu4,
1782584913.8135664,200,160.0362489989493,qwen7b-npu4,
1782584913.8138747,200,161.7703789997904,qwen7b-npu4,
1782584913.8453069,200,125.39500899947598,qwen7b-npu4,
1782584913.849301,200,124.75223500223365,qwen7b-npu5,
1782584913.852018,200,83.97512800002005,qwen7b-npu7,
1782584913.8739355,200,131.1229140010255,qwen7b-npu5,
1782584913.899239,200,139.98138700117124,qwen7b-npu5,
1782584913.9001348,200,141.36343599966494,qwen7b-npu5,
1782584913.9018817,200,87.8845020015433,qwen7b-npu7,
1782584913.9111323,200,97.49152999938815,qwen7b-npu4,
1782584913.9266484,200,161.94045999873197,qwen7b-npu6,
1782584913.9402285,200,90.86432999902172,qwen7b-npu3,
1782584913.9538662,200,166.5997089985467,qwen7b-npu6,
1782584913.9542468,200,166.40571699826978,qwen7b-npu6,
1782584913.961688,200,87.6869509993412,qwen7b-npu4,
1782584913.9801846,200,134.80607599922223,qwen7b-npu6,
1782584913.9805596,200,167.26168199966196,qwen7b-npu6,
1782584913.982009,200,82.70711100340122,qwen7b-npu5,
1782584913.9883065,200,136.22939400011091,qwen7b-npu7,
1782584914.0047755,200,104.5338929980062,qwen7b-npu6,
1782584914.010698,200,83.9466680008627,qwen7b-npu4,
1782584914.031508,200,91.18661200045608,qwen7b-npu5,
1782584914.0413222,200,139.33491300122114,qwen7b-npu7,
1782584914.0420747,200,130.8275119990867,qwen7b-npu7,
1782584914.0563014,200,94.5135020010639,qwen7b-npu5,
1782584914.0594435,200,105.46876899752533,qwen7b-npu4,
1782584914.0684764,200,114.16418099906878,qwen7b-npu7,
1782584914.0820074,200,101.328922999528,qwen7b-npu5,
1782584914.108982,200,98.18184400137397,qwen7b-npu4,
1782584914.1308954,200,99.28964100254234,qwen7b-npu5,
1782584914.131194,200,149.07871200193767,qwen7b-npu7,
1782584914.1802363,200,120.6933410030615,qwen7b-npu7,
1782584914.180979,200,138.80353000058676,qwen7b-npu7,
1782584914.1984746,200,218.18100000018603,qwen7b-npu6,
1782584914.1992362,200,210.86615600142977,qwen7b-npu6,
1782584914.204009,200,94.92925499944249,qwen7b-npu7,
1782584914.209603,200,78.34373399964534,qwen7b-npu5,
1782584914.2255678,200,169.19700400103466,qwen7b-npu6,
1782584914.2265673,200,221.6918119993352,qwen7b-npu6,
1782584914.2270203,200,185.63284400079283,qwen7b-npu6,
1782584914.251716,200,169.5916960015893,qwen7b-npu6,
1782584914.2521243,200,183.570311000949,qwen7b-npu6,
1782584914.2773967,200,146.4292260025104,qwen7b-npu6,
1782584914.2818253,200,82.48842999819317,qwen7b-npu4,
1782584914.2829256,200,84.38338999985717,qwen7b-npu7,
1782584914.3037214,200,94.05249900009949,qwen7b-npu6,
1782584914.3070238,200,102.94696300115902,qwen7b-npu4,
1782584914.3331423,200,106.00562099716626,qwen7b-npu7,
1782584914.3561141,200,103.85618800137308,qwen7b-npu4,
1782584914.3568804,200,105.048646000796,qwen7b-npu6,
1782584914.3654583,200,185.15501100046095,qwen7b-npu5,
1782584914.3658397,200,184.75568799840403,qwen7b-npu5,
1782584914.380417,200,98.52828600196517,qwen7b-npu4,
1782584914.3841598,200,101.13377200104878,qwen7b-npu7,
1782584914.384929,200,107.43633099991712,qwen7b-npu6,
1782584914.3895113,200,162.86428500097827,qwen7b-npu5,
1782584914.3898253,200,164.15266299736686,qwen7b-npu5,
1782584914.4132633,200,109.44555199966999,qwen7b-npu5,
1782584914.446701,200,139.58088399886037,qwen7b-npu6,
1782584914.4618797,200,104.89807500198367,qwen7b-npu5,
1782584914.471061,200,137.82758399975137,qwen7b-npu7,
1782584914.4726062,200,82.71616000274662,qwen7b-npu4,
1782584914.4975152,200,107.9028330022993,qwen7b-npu4,
1782584914.4991956,200,133.62008900003275,qwen7b-npu6,
1782584914.499568,200,133.62179800242302,qwen7b-npu6,
1782584914.5000505,200,143.8340499989863,qwen7b-npu6,
1782584914.5107284,200,97.3680390015943,qwen7b-npu5,
1782584914.521924,200,141.41540600030567,qwen7b-npu7,
1782584914.522707,200,138.44353699823841,qwen7b-npu7,
1782584914.5238535,200,138.82788000046276,qwen7b-npu6,
1782584914.5469544,200,84.97273400280392,qwen7b-npu7,
1782584914.5605035,200,89.34535099979257,qwen7b-npu5,
1782584914.5824883,200,135.71855099871755,qwen7b-npu4,
1782584914.5857663,200,85.60452800156781,qwen7b-npu5,
1782584914.5948575,200,95.55697800169582,qwen7b-npu6,
1782584914.607907,200,135.20245799736585,qwen7b-npu4,
1782584914.609761,200,85.80747900123242,qwen7b-npu5,
1782584914.6344793,200,123.6611290005385,qwen7b-npu4,
1782584914.6352422,200,137.6433929981431,qwen7b-npu4,
1782584914.6583378,200,97.74213100172346,qwen7b-npu4,
1782584914.6732447,200,173.56618999838247,qwen7b-npu7,
1782584914.6899667,200,81.95852599965292,qwen7b-npu6,
1782584914.702117,200,179.30991499815718,qwen7b-npu7,
1782584914.7024717,200,180.45443200026057,qwen7b-npu7,
1782584914.7071216,200,97.26546800084179,qwen7b-npu4,
1782584914.7216487,200,126.72816700069234,qwen7b-npu5,
1782584914.7221444,200,139.58839400220313,qwen7b-npu5,
1782584914.7279634,200,180.91511500097113,qwen7b-npu7,
1782584914.7283907,200,142.5599330032128,qwen7b-npu7,
1782584914.7454686,200,110.92151200136868,qwen7b-npu5,
1782584914.7533479,200,117.99979399802396,qwen7b-npu7,
1782584914.756227,200,97.78346200255328,qwen7b-npu4,
1782584914.7792737,200,105.96542100029183,qwen7b-npu7,
1782584914.8061085,200,103.90585899949656,qwen7b-npu4,
1782584914.8187418,200,96.98783699786873,qwen7b-npu3,
1782584914.823649,200,133.58055900243926,qwen7b-npu6,
1782584914.8308594,200,102.34529900117195,qwen7b-npu4,
1782584914.8315375,200,109.28206100288662,qwen7b-npu7,
1782584914.851888,200,149.2850440008624,qwen7b-npu6,
1782584914.8523123,200,145.10618799977237,qwen7b-npu6,
1782584914.8566966,200,111.09344299984514,qwen7b-npu7,
1782584914.8579876,200,129.90198700208566,qwen7b-npu5,
1782584914.882327,200,102.97566299777827,qwen7b-npu7,
1782584914.8839037,200,127.60702199739171,qwen7b-npu5,
1782584914.8841386,200,130.71178099926328,qwen7b-npu5,
1782584914.943526,200,119.73461399975349,qwen7b-npu4,
1782584914.968448,200,137.48358199882205,qwen7b-npu4,
1782584914.984598,200,178.4100100012438,qwen7b-npu6,
1782584914.9944518,200,142.02743900023052,qwen7b-npu4,
1782584914.9947395,200,142.73301399953198,qwen7b-npu4,
1782584914.9973695,200,140.5630610024673,qwen7b-npu7,
1782584914.9977813,200,139.72224600001937,qwen7b-npu7,
1782584915.0133748,200,194.54756699997233,qwen7b-npu6,
1782584915.0136898,200,181.9967320006981,qwen7b-npu6,
1782584915.0405123,200,156.30804600004922,qwen7b-npu6,
1782584915.0408406,200,158.44727900184807,qwen7b-npu6,
1782584915.041111,200,157.13892100029625,qwen7b-npu6,
1782584915.0488372,200,105.22888699779287,qwen7b-npu7,
1782584915.074354,200,89.63882300304249,qwen7b-npu7,
1782584915.078816,200,84.29026000158046,qwen7b-npu5,
1782584915.0992558,200,101.77638599998318,qwen7b-npu7,
1782584915.103968,200,90.20446599970455,qwen7b-npu5,
1782584915.1249583,200,84.34638000107952,qwen7b-npu6,
1782584915.140426,200,171.91060099867173,qwen7b-npu4,
1782584915.1483436,200,107.438369999727,qwen7b-npu7,
1782584915.1504865,200,101.5151949977735,qwen7b-npu6,
1782584915.1669834,200,169.087613998272,qwen7b-npu4,
1782584915.1679614,200,173.14659800103982,qwen7b-npu4,
1782584915.1933584,200,152.12302000145428,qwen7b-npu4,
1782584915.1937644,200,180.3079119999893,qwen7b-npu4,
1782584915.2010734,200,97.03979700134369,qwen7b-npu6,
1782584915.22699,200,101.96636699765804,qwen7b-npu6,
1782584915.2333598,200,82.73728000131086,qwen7b-npu7,
1782584915.2520826,200,84.99960499830195,qwen7b-npu6,
1782584915.2541196,200,175.23782100033714,qwen7b-npu5,
1782584915.254365,200,179.93799900068552,qwen7b-npu5,
1782584915.258771,200,90.69266900041839,qwen7b-npu7,
1782584915.2770653,200,83.5929059976479,qwen7b-npu4,
1782584915.2797732,200,139.281192998169,qwen7b-npu5,
1782584915.280071,200,180.7464740013529,qwen7b-npu5,
1782584915.2809684,200,132.56041199929314,qwen7b-npu5,
1782584915.2969482,200,103.05443399920478,qwen7b-npu3,
1782584915.307657,200,106.50840500238701,qwen7b-npu7,
1782584915.3270807,200,93.64828699835925,qwen7b-npu6,
1782584915.3634872,200,136.4007459997083,qwen7b-npu4,
1782584915.376156,200,95.09056599927135,qwen7b-npu6,
1782584915.3907282,200,136.3024050006061,qwen7b-npu4,
1782584915.3909988,200,138.80616999813356,qwen7b-npu4,
1782584915.3921592,200,133.26687599692377,qwen7b-npu4,
1782584915.392757,200,138.56362900332897,qwen7b-npu5,
1782584915.417396,200,137.2031999999308,qwen7b-npu5,
1782584915.4229858,200,143.12857599725248,qwen7b-npu7,
1782584915.4234245,200,146.26208600020618,qwen7b-npu7,
1782584915.444119,200,147.07239999916055,qwen7b-npu5,
1782584915.4444516,200,136.72358799885842,qwen7b-npu5,
1782584915.468949,200,141.7682879982749,qwen7b-npu5,
1782584915.470491,200,94.22475000246777,qwen7b-npu7,
1782584915.4918854,200,128.3331270024064,qwen7b-npu6,
1782584915.4935508,200,101.25805300049251,qwen7b-npu5,
1782584915.5020447,200,84.57281099981628,qwen7b-npu4,
1782584915.5200286,200,96.53667399834376,qwen7b-npu7,
1782584915.5273445,200,104.2087409987289,qwen7b-npu4,
1782584915.5418823,200,97.65652199712349,qwen7b-npu5,
1782584915.5760999,200,84.14826000080211,qwen7b-npu4,
1782584915.5818508,200,191.04221599991433,qwen7b-npu6,
1782584915.5822616,200,189.3919559988717,qwen7b-npu6,
1782584915.58268,200,191.59662899983232,qwen7b-npu6,
1782584915.6068783,200,162.36069300066447,qwen7b-npu6,
1782584915.6073864,200,136.82223800060456,qwen7b-npu6,
1782584915.6082773,200,139.2243620030058,qwen7b-npu7,
1782584915.6190207,200,98.88512800171156,qwen7b-npu5,
1782584915.6347432,200,132.60061300024972,qwen7b-npu7,
1782584915.635279,200,141.61594700271962,qwen7b-npu7,
1782584915.64442,200,102.43496000111918,qwen7b-npu5,
1782584915.6588764,200,82.69292100158054,qwen7b-npu4,
1782584915.6620357,200,134.59726500150282,qwen7b-npu7,
1782584915.6846423,200,101.84922700136667,qwen7b-npu7,
1782584915.7062871,200,124.31981299960171,qwen7b-npu5,
1782584915.7094426,200,102.46638099852134,qwen7b-npu4,
1782584915.7227397,200,140.36000900159706,qwen7b-npu6,
1782584915.732119,200,113.00047400072799,qwen7b-npu3,
1782584915.7435336,200,99.04819000075804,qwen7b-npu4,
1782584915.7506678,200,143.13213599962182,qwen7b-npu6,
1782584915.7509313,200,142.57857300253818,qwen7b-npu6,
1782584915.7572064,200,121.86280799869564,qwen7b-npu5,
1782584915.7574646,200,122.65425200166646,qwen7b-npu5,
1782584915.760073,200,101.12501199910184,qwen7b-npu7,
1782584915.7755892,200,90.87211999940337,qwen7b-npu6,
1782584915.78401,200,121.84787799924379,qwen7b-npu5,
1782584915.8009934,200,94.61220299999695,qwen7b-npu6,
1782584915.8251605,200,102.34489900176413,qwen7b-npu6,
1782584915.8457327,200,136.15322400073637,qwen7b-npu5,
1782584915.8705838,200,119.83933500232524,qwen7b-npu4,
1782584915.8751392,200,124.13146100152517,qwen7b-npu7,
1782584915.8755279,200,143.10598599695368,qwen7b-npu7,
1782584915.8759472,200,132.30074000239256,qwen7b-npu7,
1782584915.895951,200,135.80953200289514,qwen7b-npu5,
1782584915.8972237,200,139.6851350000361,qwen7b-npu5,
1782584915.8975885,200,140.30523899782565,qwen7b-npu4,
1782584915.8984768,200,122.81989400071325,qwen7b-npu7,
1782584915.9081652,200,82.93821199913509,qwen7b-npu6,
1782584915.9234233,200,139.29110300159664,qwen7b-npu4,
1782584915.9241693,200,123.07390500063775,qwen7b-npu4,
1782584915.9476562,200,101.79299599985825,qwen7b-npu4,
1782584915.9590397,200,88.35865500077489,qwen7b-npu6,
1782584915.9852114,200,109.14407100062817,qwen7b-npu6,
1782584916.0085092,200,85.00962499965681,qwen7b-npu6,
1782584916.0215898,200,97.31896899756975,qwen7b-npu4,
1782584916.0464022,200,170.75250299967593,qwen7b-npu5,
1782584916.0469215,200,171.65706899686484,qwen7b-npu5,
1782584916.0606692,200,164.616346002731,qwen7b-npu7,
1782584916.071384,200,163.1500869989395,qwen7b-npu5,
1782584916.0716426,200,86.33101300074486,qwen7b-npu4,
1782584916.0719302,200,174.23791399778565,qwen7b-npu5,
1782584916.096264,200,87.66288100014208,qwen7b-npu4,
1782584916.1237862,200,226.44002000015462,qwen7b-npu7,
1782584916.1241715,200,225.6235460008611,qwen7b-npu7,
1782584916.1494553,200,201.7318010002782,qwen7b-npu7,
1782584916.1497998,200,190.66878399826237,qwen7b-npu7,
1782584916.1531243,200,81.6680140014796,qwen7b-npu5,
1782584916.1560044,200,83.99605799786514,qwen7b-npu6,
1782584916.170543,200,98.83240799899795,qwen7b-npu4,
1782584916.175564,200,153.84860099948128,qwen7b-npu7,
1782584916.175927,200,129.3797229991469,qwen7b-npu7,
1782584916.1767836,200,129.7389649989782,qwen7b-npu7,
1782584916.177719,200,81.38704299926758,qwen7b-npu5,
1782584916.1984634,200,137.69193299958715,qwen7b-npu7,
1782584916.2575955,200,81.5615239989711,qwen7b-npu5,
1782584916.2672231,200,143.33907699983683,qwen7b-npu6,
1782584916.2820234,200,83.49304500006838,qwen7b-npu5,
1782584916.2912278,200,166.94297099820687,qwen7b-npu4,
1782584916.2932005,200,143.66058000086923,qwen7b-npu6,
1782584916.293458,200,140.21494800181244,qwen7b-npu6,
1782584916.2944555,200,123.84223900153302,qwen7b-npu6,
1782584916.317961,200,168.0543469992699,qwen7b-npu4,
1782584916.3182786,200,162.20277100001113,qwen7b-npu4,
1782584916.3566864,200,99.00882899819408,qwen7b-npu5,
1782584916.362652,200,80.55609800067032,qwen7b-npu7,
1782584916.3788934,200,201.10763699995005,qwen7b-npu4,
1782584916.3791642,200,203.48673199987388,qwen7b-npu4,
1782584916.3801918,200,203.30590999947162,qwen7b-npu4,
1782584916.3812597,200,87.98675300204195,qwen7b-npu5,
1782584916.4070683,200,139.7239260004426,qwen7b-npu6,
1782584916.4289608,200,134.39540300169028,qwen7b-npu4,
1782584916.4295306,200,136.0014229976514,qwen7b-npu4,
1782584916.4297984,200,138.49597800071933,qwen7b-npu4,
1782584916.4435875,200,80.86560999799985,qwen7b-npu7,
1782584916.458298,200,139.94453700070153,qwen7b-npu6,
1782584916.4588947,200,140.8580820025236,qwen7b-npu6,
1782584916.4632728,200,84.02213899898925,qwen7b-npu5,
1782584916.4686399,200,88.32354399783071,qwen7b-npu7,
1782584916.4751754,200,93.84561800106894,qwen7b-npu4,
1782584916.4835367,200,126.72508600007859,qwen7b-npu6,
1782584916.4886425,200,109.67335299937986,qwen7b-npu5,
1782584916.4935749,200,86.37608299977728,qwen7b-npu7,
1782584916.5138364,200,84.76796300237766,qwen7b-npu5,
1782584916.518096,200,88.23187399684684,qwen7b-npu7,
1782584916.5429003,200,99.2419210015214,qwen7b-npu7,
1782584916.5495062,200,86.13013200010755,qwen7b-npu4,
1782584916.5627306,200,104.3621520002489,qwen7b-npu5,
1782584916.5680783,200,84.47437100039679,qwen7b-npu7,
1782584916.5721092,200,142.5057630003721,qwen7b-npu6,
1782584916.5745099,200,105.77541000020574,qwen7b-npu4,
1782584916.5880146,200,99.30374100076733,qwen7b-npu5,
1782584916.598315,200,123.02966399875004,qwen7b-npu6,
1782584916.598646,200,139.6837750035047,qwen7b-npu6,
1782584916.5994642,200,105.81601000012597,qwen7b-npu4,
1782584916.6197734,200,105.86626100121066,qwen7b-npu7,
1782584916.623232,200,105.07017600320978,qwen7b-npu6,
1782584916.6456518,200,102.67983200174058,qwen7b-npu7,
1782584916.6490164,200,86.21856200261391,qwen7b-npu6,
1782584916.6512027,200,101.63074500087532,qwen7b-npu4,
1782584916.670648,200,96.07201199833071,qwen7b-npu7,
1782584916.6735692,200,85.48757799871964,qwen7b-npu6,
1782584916.6961586,200,97.77357100028894,qwen7b-npu7,
1782584916.6991115,200,99.57347200179356,qwen7b-npu4,
1782584916.7240205,200,104.17997100012144,qwen7b-npu4,
1782584916.743289,200,175.14568000115105,qwen7b-npu5,
1782584916.7439275,200,171.74850900119054,qwen7b-npu5,
1782584916.747402,200,98.31918499912717,qwen7b-npu3,
1782584916.7535615,200,107.83822300072643,qwen7b-npu4,
1782584916.761478,200,110.20206700050039,qwen7b-npu6,
1782584916.76846,200,169.73865699765156,qwen7b-npu5,
1782584916.7688386,200,145.53955100200255,qwen7b-npu5,
1782584916.787971,200,114.33375199703733,qwen7b-npu6,
1782584916.7884107,200,92.18204799981322,qwen7b-npu7,
1782584916.791014,200,120.29759799770545,qwen7b-npu5,
1782584916.814436,200,115.25630699907197,qwen7b-npu6,
1782584916.8402073,200,92.72940099981497,qwen7b-npu6,
1782584916.866543,200,112.90098300014506,qwen7b-npu6,
1782584916.8750837,200,131.0829130015918,qwen7b-npu7,
1782584916.8925931,200,104.49641200102633,qwen7b-npu6,
1782584916.9019413,200,177.85084700153675,qwen7b-npu4,
1782584916.9023626,200,158.97193199998583,qwen7b-npu4,
1782584916.9287534,200,160.1882589966408,qwen7b-npu4,
1782584916.9291453,200,160.22866899947985,qwen7b-npu4,
1782584916.9377346,200,176.10825600058888,qwen7b-npu7,
1782584916.9428577,200,102.58572100065066,qwen7b-npu6,
1782584916.9594777,200,84.32698999968125,qwen7b-npu5,
1782584916.9646556,200,176.13116600114154,qwen7b-npu7,
1782584916.9649062,200,173.8255720010784,qwen7b-npu7,
1782584916.9847622,200,92.02151699719252,qwen7b-npu5,
1782584916.9907105,200,176.20311599966954,qwen7b-npu7,
1782584916.9910328,200,124.4202130001213,qwen7b-npu7,
1782584917.009819,200,107.76313299720641,qwen7b-npu5,
1782584917.0280108,200,85.06337499784422,qwen7b-npu6,
1782584917.0350842,200,97.23261799808824,qwen7b-npu5,
1782584917.0397494,200,137.25201100169215,qwen7b-npu4,
1782584917.0645497,200,105.00203599804081,qwen7b-npu5,
1782584917.065752,200,136.8973280004866,qwen7b-npu4,
1782584917.06613,200,136.8702680010756,qwen7b-npu4,
1782584917.0669062,200,101.92614699917613,qwen7b-npu7,
1782584917.0787437,200,87.93409200006863,qwen7b-npu6,
1782584917.086197,200,101.32651299863937,qwen7b-npu5,
1782584917.089305,200,124.57927400100743,qwen7b-npu4,
1782584917.0915747,200,100.47086799750105,qwen7b-npu7,
1782584917.1098638,200,99.92178500033333,qwen7b-npu5,
1782584917.1345887,200,106.47991500081844,qwen7b-npu5,
1782584917.1385689,200,103.36728599941125,qwen7b-npu4,
1782584917.1601887,200,95.5339889987954,qwen7b-npu5,
1782584917.1669896,200,127.14854000296327,qwen7b-npu6,
1782584917.1796815,200,113.43512699750136,qwen7b-npu3,
1782584917.1880217,200,98.61693700077012,qwen7b-npu4,
1782584917.2045128,200,137.53671200174722,qwen7b-npu7,
1782584917.2064037,200,96.44076300173765,qwen7b-npu3,
1782584917.2200632,200,154.19985299740802,qwen7b-npu6,
1782584917.2204874,200,141.64731799974106,qwen7b-npu6,
1782584917.2302206,200,143.91411999895354,qwen7b-npu7,
1782584917.2305934,200,138.95383100316394,qwen7b-npu7,
1782584917.234218,200,99.5305529977486,qwen7b-npu5,
1782584917.2389696,200,100.29576700253529,qwen7b-npu4,
1782584917.2601361,200,93.04534400143893,qwen7b-npu3,
1782584917.264309,200,104.03098000097089,qwen7b-npu4,
1782584917.2897625,200,101.6529750013433,qwen7b-npu4,
1782584917.310978,200,131.20348399752402,qwen7b-npu6,
1782584917.3377533,200,98.6785070017504,qwen7b-npu4,
1782584917.338276,200,131.8054769981245,qwen7b-npu6,
1782584917.3390133,200,134.3811229999119,qwen7b-npu6,
1782584917.3443844,200,123.77768900114461,qwen7b-npu7,
1782584917.3447902,200,124.61029400219559,qwen7b-npu7,
1782584917.3511393,200,120.43498899947735,qwen7b-npu5,
1782584917.363698,200,133.36533699839492,qwen7b-npu6,
1782584917.3684754,200,134.1454320026969,qwen7b-npu7,
1782584917.3934095,200,103.54930700123077,qwen7b-npu7,
1782584917.4057748,200,145.54807099921163,qwen7b-npu5,
1782584917.4069765,200,142.5657930012676,qwen7b-npu5,
1782584917.4205527,200,82.722979997925,qwen7b-npu4,
1782584917.4447484,200,99.82098399996175,qwen7b-npu4,
1782584917.4546897,200,143.6152089991083,qwen7b-npu6,
1782584917.4557624,200,111.26109299948439,qwen7b-npu5,
1782584917.4816766,200,130.434149003122,qwen7b-npu7,
1782584917.4828434,200,143.72236899725976,qwen7b-npu6,
1782584917.4831073,200,144.76749599998584,qwen7b-npu6,
1782584917.5029116,200,97.07068799980334,qwen7b-npu5,
1782584917.5077176,200,114.2072709990316,qwen7b-npu6,
1782584917.5089746,200,140.42872999925748,qwen7b-npu7,
1782584917.5094612,200,145.66602099876036,qwen7b-npu7,
1782584917.5325115,200,125.41015900205821,qwen7b-npu7,
1782584917.5576966,200,102.94080300081987,qwen7b-npu6,
1782584917.5766857,200,94.93906399802654,qwen7b-npu5,
1782584917.5815725,200,98.35348499836982,qwen7b-npu7,
1782584917.589599,200,168.94895199948223,qwen7b-npu4,
1782584917.6017203,200,92.63461099908454,qwen7b-npu5,
1782584917.6059563,200,102.95705299722613,qwen7b-npu3,
1782584917.6161294,200,171.30750700016506,qwen7b-npu4,
1782584917.6164448,200,160.58865200102446,qwen7b-npu4,
1782584917.6254642,200,92.85389200158534,qwen7b-npu5,
1782584917.6420865,200,159.1725629987195,qwen7b-npu4,
1782584917.6423879,200,132.8520839997509,qwen7b-npu4,
1782584917.6428022,200,134.94785600050818,qwen7b-npu4,
1782584917.6441684,200,86.37705300134257,qwen7b-npu6,
1782584917.6655405,200,83.88509799988242,qwen7b-npu4,
1782584917.6709442,200,94.16993000195362,qwen7b-npu6,
1782584917.6735337,200,83.82390699989628,qwen7b-npu7,
1782584917.6898015,200,83.74116699997103,qwen7b-npu4,
1782584917.7002828,200,98.46771600132342,qwen7b-npu5,
1782584917.7428932,200,100.72657899945625,qwen7b-npu4,
1782584917.7603524,200,144.13219199923333,qwen7b-npu6,
1782584917.762401,200,145.8552120020613,qwen7b-npu7,
1782584917.7648318,200,139.27005299774464,qwen7b-npu5,
1782584917.7868066,200,144.30077300130506,qwen7b-npu6,
1782584917.7870672,200,144.1525830014143,qwen7b-npu6,
1782584917.7881565,200,87.76684099939303,qwen7b-npu4,
1782584917.7890701,200,144.79450699946028,qwen7b-npu7,
1782584917.8148987,200,125.0287369985017,qwen7b-npu7,
1782584917.8154733,200,149.8577860002115,qwen7b-npu7,
1782584917.8514645,200,177.85982599889394,qwen7b-npu5,
1782584917.8518422,200,180.80080499930773,qwen7b-npu5,
1782584917.8646042,200,99.68095300064306,qwen7b-npu7,
1782584917.8711975,200,82.0550069984165,qwen7b-npu6,
1782584917.8729875,200,84.68456300033722,qwen7b-npu4,
1782584917.878332,200,135.32802899862872,qwen7b-npu5,
1782584917.889009,200,102.12849900199217,qwen7b-npu7,
1782584917.8986497,200,111.50481499862508,qwen7b-npu4,
1782584917.902437,200,141.97827899988624,qwen7b-npu5,
1782584917.9027464,200,140.28590900124982,qwen7b-npu5,
1782584917.9137344,200,98.73816699837334,qwen7b-npu7,
1782584917.921841,200,106.24884299977566,qwen7b-npu6,
1782584917.9488778,200,97.30956900239107,qwen7b-npu4,
1782584917.9639132,200,92.6178509980673,qwen7b-npu7,
1782584917.9710603,200,106.3874540013785,qwen7b-npu6,
1782584917.9739,200,95.4692769992107,qwen7b-npu4,
1782584917.987243,200,135.33167900095577,qwen7b-npu5,
1782584917.9897332,200,86.92369599884842,qwen7b-npu7,
1782584917.9966927,200,94.15078999882098,qwen7b-npu6,
1782584918.0000684,200,101.35003400137066,qwen7b-npu4,
1782584918.0139601,200,124.88305599981686,qwen7b-npu5,
1782584918.0147197,200,141.66595699862228,qwen7b-npu5,
1782584918.023617,200,109.79382400182658,qwen7b-npu6,
1782584918.03881,200,116.87110699858749,qwen7b-npu5,
1782584918.0403326,200,91.35915300066699,qwen7b-npu7,
1782584918.0642734,200,93.11344299931079,qwen7b-npu5,
1782584918.0884972,200,91.71552499901736,qwen7b-npu5,
1782584918.0906177,200,90.45900799901574,qwen7b-npu7,
1782584918.1124752,200,148.4640689996013,qwen7b-npu6,
1782584918.1135015,200,98.67394699904253,qwen7b-npu5,
1782584918.117079,200,93.35726500285091,qwen7b-npu7,
1782584918.1218016,200,147.835503998067,qwen7b-npu4,
1782584918.1221478,200,134.83500700021978,qwen7b-npu4,
1782584918.14123,200,100.81408000041847,qwen7b-npu7,
1782584918.149424,200,159.59108599781757,qwen7b-npu6,
1782584918.1992676,200,86.68927400140092,qwen7b-npu4,
1782584918.207412,200,168.48656000001938,qwen7b-npu6,
1782584918.207843,200,193.8126729983196,qwen7b-npu6,
1782584918.2148428,200,101.24702299799537,qwen7b-npu7,
1782584918.233212,200,168.8540319992171,qwen7b-npu6,
1782584918.261081,200,138.85519000177737,qwen7b-npu6,
1782584918.2614813,200,144.31855400107452,qwen7b-npu6,
1782584918.2719355,200,181.23945700062905,qwen7b-npu5,
1782584918.272932,200,184.3347560024995,qwen7b-npu5,
1782584918.2861407,200,136.60281699776533,qwen7b-npu6,
1782584918.2903326,200,90.97558999928879,qwen7b-npu4,
1782584918.294692,200,86.76686500257347,qwen7b-npu7,
1782584918.2980685,200,156.7578489994048,qwen7b-npu5,
1782584918.2983377,200,176.4317380002467,qwen7b-npu5,
1782584918.3110523,200,103.53024700089009,qwen7b-npu6,
1782584918.322522,200,107.60730099718785,qwen7b-npu5,
1782584918.3595898,200,126.27607499962323,qwen7b-npu7,
1782584918.4050722,200,132.0235290004348,qwen7b-npu4,
1782584918.4071052,200,84.50438100044266,qwen7b-npu6,
1782584918.4107242,200,149.513405001926,qwen7b-npu7,
1782584918.4113576,200,149.74238600188983,qwen7b-npu7,
1782584918.4117622,200,139.7169350020704,qwen7b-npu5,
1782584918.4311209,200,136.31781499861972,qwen7b-npu4,
1782584918.4320931,200,145.86293200045475,qwen7b-npu4,
1782584918.435808,200,137.39469199936138,qwen7b-npu7,
1782584918.4387481,200,148.32734800074832,qwen7b-npu5,
1782584918.4391673,200,141.0225729996455,qwen7b-npu5,
1782584918.4569974,200,145.8716130000539,qwen7b-npu4,
1782584918.4583104,200,98.62254700055928,qwen7b-npu6,
1782584918.5063396,200,95.53737900205306,qwen7b-npu3,
1782584918.5074992,200,102.31953999755206,qwen7b-npu4,
1782584918.5130408,200,101.56437400291907,qwen7b-npu5,
1782584918.533663,200,102.45099000167102,qwen7b-npu4,
1782584918.5479534,200,140.70036199700553,qwen7b-npu6,
1782584918.5487332,200,136.85681800052407,qwen7b-npu7,
1782584918.563083,200,105.92518100020243,qwen7b-npu5,
1782584918.575131,200,142.93474499936565,qwen7b-npu7,
1782584918.5754004,200,139.49934500124073,qwen7b-npu7,
1782584918.5765095,200,137.217880001117,qwen7b-npu6,
1782584918.5767958,200,137.93461499881232,qwen7b-npu6,
1782584918.5948904,200,136.5105670010962,qwen7b-npu4,
1782584918.6154666,200,109.00479999691015,qwen7b-npu5,
1782584918.639249,200,105.52262900091591,qwen7b-npu3,
1782584918.6402287,200,92.20697800265043,qwen7b-npu5,
1782584918.653367,200,90.22324699981255,qwen7b-npu6,
1782584918.6536016,200,104.80697399907513,qwen7b-npu7,
1782584918.6635542,200,88.08871300061583,qwen7b-npu5,
1782584918.6786985,200,102.12156799752847,qwen7b-npu6,
1782584918.6827352,200,169.62400599732064,qwen7b-npu4,
1782584918.6833131,200,175.74991400033468,qwen7b-npu4,
1782584918.7036548,200,108.7029980008083,qwen7b-npu7,
1782584918.7045252,200,88.9229679996788,qwen7b-npu6,
1782584918.7105668,200,133.6952290002955,qwen7b-npu4,
1782584918.711032,200,135.82743200095138,qwen7b-npu4,
1782584918.7315264,200,91.18671200121753,qwen7b-npu7,
1782584918.7439587,200,104.61845300233108,qwen7b-npu5,
1782584918.7571228,200,103.69153699866729,qwen7b-npu6,
1782584918.7589164,200,105.24453700054437,qwen7b-npu4,
1782584918.7660956,200,102.46750000078464,qwen7b-npu5,
1782584918.7824697,200,103.64157700314536,qwen7b-npu6,
1782584918.7844944,200,101.11918199982028,qwen7b-npu4,
1782584918.807068,200,95.96712100028526,qwen7b-npu6,
1782584918.8101053,200,106.37214400048833,qwen7b-npu4,
1782584918.8281476,200,145.31754900235683,qwen7b-npu5,
1782584918.8357294,200,91.63668399924063,qwen7b-npu4,
1782584918.847494,200,136.79093799873954,qwen7b-npu7,
1782584918.8482974,200,143.71118000053684,qwen7b-npu7,
1782584918.8586042,200,99.59220300152083,qwen7b-npu6,
1782584918.8616474,200,95.48690799783799,qwen7b-npu4,
1782584918.8790753,200,147.46592300070915,qwen7b-npu5,
1782584918.880146,200,122.94173400005093,qwen7b-npu5,
1782584918.886438,200,101.87402600058704,qwen7b-npu4,
1782584918.8986645,200,88.49816599831684,qwen7b-npu7,
1782584918.9046543,200,122.06648799838149,qwen7b-npu5,
1782584918.9250064,200,89.18884900049306,qwen7b-npu7,
1782584918.9303434,200,102.08641799908946,qwen7b-npu5,
1782584918.945803,200,138.64561900118133,qwen7b-npu6,
1782584918.9512203,200,89.4508310011588,qwen7b-npu7,
1782584918.9533906,200,94.69715299928794,qwen7b-npu5,
1782584918.9765666,200,90.05923600125243,qwen7b-npu7,
1782584918.998093,200,150.52052099781577,qwen7b-npu6,
1782584918.9983795,200,119.23971199939842,qwen7b-npu4,
1782584918.9989374,200,150.53282100052456,qwen7b-npu6,
1782584919.0242803,200,144.02308100034134,qwen7b-npu6,
1782584919.024669,200,125.92282200057525,qwen7b-npu4,
1782584919.0252368,200,120.43929900028161,qwen7b-npu4,
1782584919.0276382,200,102.5418310018722,qwen7b-npu5,
1782584919.08521,200,133.89332000224385,qwen7b-npu6,
1782584919.1014597,200,102.4528999987524,qwen7b-npu5,
1782584919.1034627,200,173.02089800068643,qwen7b-npu7,
1782584919.1088278,200,84.43419099785388,qwen7b-npu4,
1782584919.1309245,200,185.02780000198982,qwen7b-npu7,
1782584919.13126,200,177.77720600133762,qwen7b-npu7,
1782584919.1346319,200,109.27652099780971,qwen7b-npu4,
1782584919.136684,200,138.50871899921913,qwen7b-npu6,
1782584919.1369636,200,138.50838799771736,qwen7b-npu6,
1782584919.1563518,200,179.67945800046436,qwen7b-npu7,
1782584919.1567116,200,131.93619899902842,qwen7b-npu7,
1782584919.1609747,200,133.247237001342,qwen7b-npu6,
1782584919.1815062,200,96.19649199885316,qwen7b-npu7,
1782584919.233263,200,102.2505889995955,qwen7b-npu7,
1782584919.2370331,200,102.30675899947528,qwen7b-npu6,
1782584919.2506554,200,119.33260200021323,qwen7b-npu4,
1782584919.2566047,200,100.15422599826707,qwen7b-npu7,
1782584919.2594857,200,157.9575659998227,qwen7b-npu5,
1782584919.26236,200,101.32718299792032,qwen7b-npu6,
1782584919.27691,200,120.13273699994897,qwen7b-npu4,
1782584919.2771876,200,140.43511000272701,qwen7b-npu4,
1782584919.2898612,200,186.33075800244114,qwen7b-npu5,
1782584919.2902777,200,181.33881699759513,qwen7b-npu5,
1782584919.31434,200,177.30750299961073,qwen7b-npu5,
1782584919.3148313,200,133.20305600063875,qwen7b-npu5,
1782584919.339037,200,101.90684700137354,qwen7b-npu6,
1782584919.3503332,200,87.8836420015432,qwen7b-npu4,
1782584919.364153,200,107.49009999926784,qwen7b-npu6,
1782584919.39872,200,83.8052869985404,qwen7b-npu4,
1782584919.4085758,200,175.21542000031332,qwen7b-npu7,
1782584919.435057,200,184.31032499938738,qwen7b-npu7,
1782584919.4355009,200,175.9083949982596,qwen7b-npu7,
1782584919.4427862,200,103.6835169979895,qwen7b-npu6,
1782584919.460422,200,183.43793000167352,qwen7b-npu7,
1782584919.4612737,200,170.86900399954175,qwen7b-npu7,
1782584919.4651036,200,175.13469999903464,qwen7b-npu5,
1782584919.465896,200,188.59947099917918,qwen7b-npu5,
1782584919.4917824,200,127.57091199819115,qwen7b-npu5,
1782584919.4921224,200,177.69233599756262,qwen7b-npu5,
1782584919.4928422,200,84.16523899722961,qwen7b-npu4,
1782584919.493138,200,142.71300399923348,qwen7b-npu5,
1782584919.5338795,200,135.06203700308106,qwen7b-npu6,
1782584919.543353,200,107.73478199917008,qwen7b-npu4,
1782584919.5513546,200,86.16798100047163,qwen7b-npu7,
1782584919.5606902,200,125.5278200005705,qwen7b-npu6,
1782584919.5686805,200,108.16792500190786,qwen7b-npu4,
1782584919.5763843,200,84.5048820010561,qwen7b-npu5,
1782584919.5775356,200,111.55150500053423,qwen7b-npu7,
1782584919.5881145,200,126.73435699980473,qwen7b-npu6,
1782584919.5883782,200,145.492280000326,qwen7b-npu6,
1782584919.5947645,200,102.53223100153264,qwen7b-npu4,
1782584919.6027572,200,109.51057200145442,qwen7b-npu5,
1782584919.6271644,200,93.17647399802809,qwen7b-npu5,
1782584919.6401796,200,96.73096600090503,qwen7b-npu6,
1782584919.642063,200,149.13988199987216,qwen7b-npu7,
1782584919.6924279,200,97.56955099874176,qwen7b-npu6,
1782584919.6938145,200,142.36733100187848,qwen7b-npu7,
1782584919.694162,200,133.40698699903442,qwen7b-npu7,
1782584919.7178314,200,114.92982599884272,qwen7b-npu7,
1782584919.7189047,200,91.58756400211132,qwen7b-npu6,
1782584919.721898,200,81.61700399796246,qwen7b-npu5,
1782584919.743041,200,165.4468109991285,qwen7b-npu4,
1782584919.7441971,200,175.45036199953756,qwen7b-npu4,
1782584919.7446718,200,168.22543800299172,qwen7b-npu4,
1782584919.747751,200,105.61958900143509,qwen7b-npu5,
1782584919.7695694,200,181.390788002318,qwen7b-npu4,
1782584919.7699425,200,181.50029800017364,qwen7b-npu4,
1782584919.7939556,200,101.46303399960743,qwen7b-npu4,
1782584919.8177845,200,99.85524500007159,qwen7b-npu4,
1782584919.829001,200,85.89016000041738,qwen7b-npu5,
1782584919.8456597,200,126.64739600222674,qwen7b-npu6,
1782584919.8546324,200,106.78088699933141,qwen7b-npu5,
1782584919.8733563,200,129.01658099872293,qwen7b-npu6,
1782584919.873835,200,151.87443900140352,qwen7b-npu6,
1782584919.875317,200,181.39400799918803,qwen7b-npu7,
1782584919.875847,200,181.6253590004635,qwen7b-npu7,
1782584919.8792503,200,85.18021599957137,qwen7b-npu5,
1782584919.8979442,200,128.28526699740905,qwen7b-npu6,
1782584919.898486,200,80.63208800012944,qwen7b-npu4,
1782584919.9015234,200,156.74140799819725,qwen7b-npu7,
1782584919.9022343,200,132.1675299986964,qwen7b-npu7,
1782584919.924401,200,95.33208699940587,qwen7b-npu7,
1782584919.972353,200,93.03668299980927,qwen7b-npu4,
1782584919.9949322,200,140.23632899989025,qwen7b-npu5,
1782584919.9985569,200,100.00296599901048,qwen7b-npu7,
1782584919.999136,200,97.54674999931012,qwen7b-npu4,
1782584920.0213041,200,145.3909499978181,qwen7b-npu5,
1782584920.0219684,200,148.0193249990407,qwen7b-npu5,
1782584920.0284498,200,182.72201599756954,qwen7b-npu6,
1782584920.045277,200,147.26653099933174,qwen7b-npu5,
1782584920.0549867,200,181.4957980022882,qwen7b-npu6,
1782584920.0555193,200,180.13425000026473,qwen7b-npu6,
1782584920.0767972,200,104.37650099993334,qwen7b-npu7,
1782584920.0807226,200,156.22751600312768,qwen7b-npu6,
1782584920.081075,200,178.73593200056348,qwen7b-npu6,
1782584920.1157944,200,120.78108100104146,qwen7b-npu4,
1782584920.1212714,200,99.9005939993367,qwen7b-npu5,
1782584920.1397715,200,140.56080999944243,qwen7b-npu7,
1782584920.1429381,200,144.3149539991282,qwen7b-npu4,
1782584920.1434808,200,121.4450349980325,qwen7b-npu4,
1782584920.1468225,200,101.48174400092103,qwen7b-npu5,
1782584920.1653256,200,136.81068799996865,qwen7b-npu7,
1782584920.1873226,200,106.13063200071338,qwen7b-npu3,
1782584920.1917536,200,136.6605770017486,qwen7b-npu7,
1782584920.1924548,200,136.81972799895448,qwen7b-npu7,
1782584920.2031264,200,122.32149099872913,qwen7b-npu6,
1782584920.2178044,200,140.94442299756338,qwen7b-npu7,
1782584920.2261386,200,86.30117199936649,qwen7b-npu4,
1782584920.2312975,200,88.29473399964627,qwen7b-npu5,
1782584920.2566433,200,140.7504320013686,qwen7b-npu6,
1782584920.2569563,200,135.61850099722506,qwen7b-npu6,
1782584920.2581863,200,111.30210400006035,qwen7b-npu5,
1782584920.270237,200,104.84781500053941,qwen7b-npu7,
1782584920.2824893,200,138.94490099846735,qwen7b-npu6,
1782584920.2833085,200,95.87937999822316,qwen7b-npu5,
1782584920.29643,200,103.87858800095273,qwen7b-npu7,
1782584920.302634,200,110.81311100133462,qwen7b-npu4,
1782584920.3081913,200,104.97625599964522,qwen7b-npu5,
1782584920.3085494,200,90.6802190002054,qwen7b-npu6,
1782584920.3212962,200,89.93006399759906,qwen7b-npu7,
1782584920.3285983,200,102.39558000102988,qwen7b-npu4,
1782584920.3544455,200,97.41844999734894,qwen7b-npu4,
1782584920.3577936,200,101.07511199748842,qwen7b-npu5,
1782584920.3608828,200,102.62992199932341,qwen7b-npu6,
1782584920.3724236,200,102.12460800175904,qwen7b-npu7,
1782584920.3805237,200,97.09688699877006,qwen7b-npu4,
1782584920.3828971,200,86.37333299702732,qwen7b-npu5,
1782584920.3870823,200,104.525291997561,qwen7b-npu6,
1782584920.4060185,200,103.28128499895683,qwen7b-npu4,
1782584920.4112089,200,102.5929110001016,qwen7b-npu6,
1782584920.431526,200,110.15634700015653,qwen7b-npu4,
1782584920.4330673,200,104.36097099955077,qwen7b-npu5,
1782584920.4503646,200,142.07551999788848,qwen7b-npu3,
1782584920.4567535,200,95.80464999817195,qwen7b-npu4,
1782584920.4573991,200,84.90815400000429,qwen7b-npu5,
1782584920.460734,200,102.87219299789285,qwen7b-npu6,
1782584920.4821258,200,99.13391000009142,qwen7b-npu4,
1782584920.4880104,200,133.46804799948586,qwen7b-npu7,
1782584920.5064197,200,100.30049700071686,qwen7b-npu4,
1782584920.5146737,200,127.52478199763573,qwen7b-npu7,
1782584920.5150874,200,134.42350400146097,qwen7b-npu7,
1782584920.5386524,200,107.06362800192437,qwen7b-npu7,
1782584920.542642,200,131.33670500246808,qwen7b-npu5,
1782584920.587422,200,80.90016999994987,qwen7b-npu4,
1782584920.5888898,200,100.81428999910713,qwen7b-npu7,
1782584920.594052,200,133.25213700227323,qwen7b-npu5,
1782584920.5946867,200,137.86912499926984,qwen7b-npu5,
1782584920.6118257,200,161.36546599955182,qwen7b-npu6,
1782584920.6126628,200,179.49254599807318,qwen7b-npu6,
1782584920.6147697,200,99.9824249993253,qwen7b-npu7,
1782584920.6192548,200,104.0275190025568,qwen7b-npu5,
1782584920.6399834,200,97.27806899900315,qwen7b-npu7,
1782584920.6425369,200,103.79243799980031,qwen7b-npu5,
1782584920.676352,200,218.88703500007978,qwen7b-npu6,
1782584920.676647,200,194.45865700254217,qwen7b-npu6,
1782584920.6926107,200,105.08698600096977,qwen7b-npu7,
1782584920.7069006,200,117.9153339980985,qwen7b-npu4,
1782584920.7151809,200,95.81266000168398,qwen7b-npu5,
1782584920.733685,200,120.90826200073934,qwen7b-npu4,
1782584920.7340264,200,122.13515899929916,qwen7b-npu4,
1782584920.7447612,200,102.15817800053628,qwen7b-npu7,
1782584920.764467,200,88.04261299883365,qwen7b-npu5,
1782584920.7655652,200,171.4505880008801,qwen7b-npu6,
1782584920.7661994,200,171.44652799834148,qwen7b-npu6,
1782584920.7695148,200,92.8026020010293,qwen7b-npu7,
1782584920.79167,200,151.58957799940254,qwen7b-npu6,
1782584920.7919648,200,177.09849099992425,qwen7b-npu6,
1782584920.806063,200,99.06885000236798,qwen7b-npu4,
1782584920.8165736,200,123.81841899696155,qwen7b-npu6,
1782584920.8405647,200,95.72325999761233,qwen7b-npu6,
1782584920.854657,200,85.07995499894605,qwen7b-npu4,
1782584920.8557796,200,140.4755199982901,qwen7b-npu5,
1782584920.9035292,200,97.40144000170403,qwen7b-npu4,
1782584920.923148,200,82.48296900273999,qwen7b-npu6,
1782584920.9250758,200,191.3128880005388,qwen7b-npu7,
1782584920.9254732,200,191.32839699886972,qwen7b-npu7,
1782584920.942861,200,178.31192899757298,qwen7b-npu5,
1782584920.9434338,200,177.17009199986933,qwen7b-npu5,
1782584920.947959,200,93.23854500325979,qwen7b-npu6,
1782584920.9502811,200,184.64616799974465,qwen7b-npu7,
1782584920.9508448,200,159.10600300048827,qwen7b-npu7,
1782584920.9547894,200,98.90583900050842,qwen7b-npu4,
1782584920.9676063,200,150.91454299908946,qwen7b-npu5,
1782584920.9683158,200,176.28069700003834,qwen7b-npu5,
1782584921.0166054,200,91.42276300190133,qwen7b-npu5,
1782584921.031848,200,81.50375299737789,qwen7b-npu6,
1782584921.0402462,200,92.22527800011449,qwen7b-npu5,
1782584921.063734,200,96.05854100300348,qwen7b-npu5,
1782584921.0656228,200,142.3962720000418,qwen7b-npu7,
1782584921.0662675,200,123.3383370017691,qwen7b-npu7,
1782584921.0739748,200,170.35104100068565,qwen7b-npu4,
1782584921.0898824,200,134.98268599869334,qwen7b-npu7,
1782584921.1003325,200,174.7441580009763,qwen7b-npu4,
1782584921.1006835,200,157.1870609986945,qwen7b-npu4,
1782584921.1252851,200,156.87377999711316,qwen7b-npu4,
1782584921.125939,200,175.02578999847174,qwen7b-npu4,
1782584921.1372335,200,96.9257969991304,qwen7b-npu5,
1782584921.1500149,200,133.28148599975975,qwen7b-npu4,
1782584921.1513662,200,119.42037300104857,qwen7b-npu6,
1782584921.1622996,200,98.46007599844597,qwen7b-npu5,
1782584921.171248,200,81.26465199893573,qwen7b-npu7,
1782584921.1747818,200,100.74250899924664,qwen7b-npu4,
1782584921.186339,200,85.91021000029286,qwen7b-npu5,
1782584921.1984272,200,97.67655100222328,qwen7b-npu4,
1782584921.2218885,200,84.59278199734399,qwen7b-npu7,
1782584921.237727,200,87.60928000265267,qwen7b-npu5,
1782584921.2416878,200,175.96698499983177,qwen7b-npu6,
1782584921.2423985,200,176.06327600151417,qwen7b-npu6,
1782584921.2439153,200,92.45803000158048,qwen7b-npu3,
1782584921.2481964,200,85.80040000015288,qwen7b-npu7,
1782584921.2701137,200,144.76604599985876,qwen7b-npu6,
1782584921.2704825,200,144.47411500077578,qwen7b-npu6,
1782584921.2736597,200,102.3452699992049,qwen7b-npu4,
1782584921.2749493,200,88.54611599963391,qwen7b-npu7,
1782584921.2999165,200,101.42586400252185,qwen7b-npu4,
1782584921.3213885,200,83.55464600026608,qwen7b-npu5,
1782584921.3275812,200,105.62717900029384,qwen7b-npu7,
1782584921.3333962,200,158.51762899910682,qwen7b-npu6,
1782584921.3462183,200,103.74832800152944,qwen7b-npu3,
1782584921.3514009,200,107.41881000285503,qwen7b-npu4,
1782584921.3705313,200,99.97711499818251,qwen7b-npu5,
1782584921.3769705,200,103.20955499992124,qwen7b-npu4,
1782584921.3834174,200,113.20117500144988,qwen7b-npu7,
1782584921.403859,200,103.87608900055056,qwen7b-npu7,
1782584921.4181023,200,84.63938199929544,qwen7b-npu5,
1782584921.4210765,200,172.7755360006995,qwen7b-npu6,
1782584921.4218056,200,180.01608900158317,qwen7b-npu6,
1782584921.4272292,200,99.54511199975968,qwen7b-npu4,
1782584921.4426932,200,96.40711400061264,qwen7b-npu5,
1782584921.4474928,200,172.44373399807955,qwen7b-npu6,
1782584921.4479551,200,126.44206600089092,qwen7b-npu6,
1782584921.4528873,200,101.42023300068104,qwen7b-npu4,
1782584921.4775472,200,94.03248899980099,qwen7b-npu4,
1782584921.4931302,200,89.20817999751307,qwen7b-npu5,
1782584921.5177848,200,95.90792000017245,qwen7b-npu5,
1782584921.5208945,200,143.81255999978748,qwen7b-npu7,
1782584921.5216138,200,151.01700400191476,qwen7b-npu7,
1782584921.5265417,200,99.2134400003124,qwen7b-npu4,
1782584921.5285892,200,110.42609899959643,qwen7b-npu3,
1782584921.5457318,200,92.73870100150816,qwen7b-npu7,
1782584921.5552635,200,107.62966099719051,qwen7b-npu3,
1782584921.5754442,200,97.80944200247177,qwen7b-npu4,
1782584921.5972393,200,104.0365799999563,qwen7b-npu7,
1782584921.598548,200,177.363183000125,qwen7b-npu6,
1782584921.6028264,200,81.8668659994728,qwen7b-npu5,
1782584921.6232116,200,105.32670700195013,qwen7b-npu7,
1782584921.6272173,200,98.55581699957838,qwen7b-npu5,
1782584921.6287663,200,186.0078860008798,qwen7b-npu6,
1782584921.6292002,200,181.12358600046718,qwen7b-npu6,
1782584921.6493983,200,94.06054999999469,qwen7b-npu4,
1782584921.6527216,200,131.0078330025135,qwen7b-npu6,
1782584921.6531003,200,107.28810900036478,qwen7b-npu7,
1782584921.6535926,200,126.94484800158534,qwen7b-npu6,
1782584921.6771615,200,101.58840500298538,qwen7b-npu5,
1782584921.7017932,200,98.88592900097137,qwen7b-npu5,
1782584921.7265577,200,97.67432100125006,qwen7b-npu5,
1782584921.7427669,200,145.46055100072408,qwen7b-npu4,
1782584921.7430868,200,144.4264439996914,qwen7b-npu6,
1782584921.7442446,200,91.40821299661184,qwen7b-npu7,
1782584921.752627,200,103.15473399896291,qwen7b-npu5,
1782584921.7630851,200,133.76674999744864,qwen7b-npu4,
1782584921.7682595,200,144.9745969985088,qwen7b-npu6,
1782584921.7685573,200,141.2730849988293,qwen7b-npu6,
1782584921.7794087,200,102.13696899882052,qwen7b-npu5,
1782584921.7882726,200,135.058977000881,qwen7b-npu4,
1782584921.7885487,200,134.88008599961177,qwen7b-npu4,
1782584921.7927067,200,90.81479000087711,qwen7b-npu6,
1782584921.8294787,200,102.81696300080512,qwen7b-npu5,
1782584921.8359544,200,83.2169140012411,qwen7b-npu4,
1782584921.854607,200,91.4479239982029,qwen7b-npu5,
1782584921.8699148,200,126.75657699946896,qwen7b-npu7,
1782584921.8787038,200,90.08552600062103,qwen7b-npu5,
1782584921.8829877,200,90.21318600207451,qwen7b-npu4,
1782584921.8959038,200,151.52705699802027,qwen7b-npu7,
1782584921.89617,200,127.83795299765188,qwen7b-npu7,
1782584921.9196796,200,176.80575100166607,qwen7b-npu6,
1782584921.9455268,200,90.84417999838479,qwen7b-npu7,
1782584921.9465647,200,177.935236999474,qwen7b-npu6,
1782584921.9468532,200,167.30311299761524,qwen7b-npu6,
1782584921.9638665,200,80.7810590013105,qwen7b-npu5,
1782584921.972548,200,142.98933499958366,qwen7b-npu6,
1782584921.9728167,200,184.45895600234508,qwen7b-npu6,
1782584921.9730563,200,137.030779998895,qwen7b-npu6,
1782584921.993674,200,123.68758800221258,qwen7b-npu4,
1782584922.0201728,200,124.19263199990382,qwen7b-npu4,
1782584922.0204964,200,124.26286199843162,qwen7b-npu4,
1782584922.020937,200,142.10370000000694,qwen7b-npu4,
1782584922.0256226,200,105.86661100023775,qwen7b-npu3,
1782584922.0471025,200,100.46326800147654,qwen7b-npu6,
1782584922.048526,200,84.58384199911961,qwen7b-npu7,
1782584922.0679426,200,95.04690500034485,qwen7b-npu4,
1782584922.072757,200,100.13068600164843,qwen7b-npu6,
1782584922.0761292,200,130.52907000019331,qwen7b-npu5,
1782584922.0769153,200,129.9907370012079,qwen7b-npu5,
1782584922.112828,200,139.69810499838786,qwen7b-npu7,
1782584922.1170366,200,96.41194399955566,qwen7b-npu4,
1782584922.1253803,200,99.6885429995018,qwen7b-npu5,
1782584922.141897,200,93.30566399876261,qwen7b-npu4,
1782584922.1485963,200,101.42925400214153,qwen7b-npu6,
1782584922.1666412,200,89.62723199874745,qwen7b-npu4,
1782584922.175642,200,99.44628199809813,qwen7b-npu5,
1782584922.1766446,200,182.88950699934503,qwen7b-npu7,
1782584922.197076,200,84.14857899697381,qwen7b-npu6,
1782584922.2000744,200,82.94655200006673,qwen7b-npu5,
1782584922.225048,200,83.07701300145709,qwen7b-npu5,
1782584922.240955,200,219.95414099728805,qwen7b-npu7,
1782584922.2412221,200,220.96286799933296,qwen7b-npu7,
1782584922.2675843,200,194.71935800174833,qwen7b-npu7,
1782584922.2679627,200,199.89960900056758,qwen7b-npu7,
1782584922.279342,200,82.16884699868388,qwen7b-npu4,
1782584922.2935889,200,168.1099470006302,qwen7b-npu7,
1782584922.2947052,200,127.96796400289168,qwen7b-npu7,
1782584922.2955027,200,146.83442900059163,qwen7b-npu7,
1782584922.3046381,200,104.49491199688055,qwen7b-npu4,
1782584922.3120825,200,136.34258499951102,qwen7b-npu6,
1782584922.3124576,200,135.70524199894862,qwen7b-npu6,
1782584922.3453913,200,120.26724799943622,qwen7b-npu5,
1782584922.3546515,200,86.97729599953163,qwen7b-npu4,
1782584922.3687127,200,100.62602899779449,qwen7b-npu7,
1782584922.3710322,200,129.99788700108184,qwen7b-npu5,
1782584922.3716364,200,130.34465899909264,qwen7b-npu5,
1782584922.3796196,200,84.79107300081523,qwen7b-npu4,
1782584922.394176,200,89.43706100035342,qwen7b-npu5,
1782584922.3949203,200,99.30872100085253,qwen7b-npu7,
1782584922.4103048,200,98.12043399870163,qwen7b-npu4,
1782584922.4631145,200,183.67413099986152,qwen7b-npu6,
1782584922.463659,200,169.9947790002625,qwen7b-npu6,
1782584922.469406,200,98.27206400223076,qwen7b-npu5,
1782584922.476522,200,96.84215699962806,qwen7b-npu4,
1782584922.4886227,200,143.14762700087158,qwen7b-npu6,
1782584922.4890065,200,176.48112799724913,qwen7b-npu6,
1782584922.4932945,200,98.30713500195998,qwen7b-npu5,
1782584922.5211387,200,166.4156480001111,qwen7b-npu7,
1782584922.547391,200,175.6793429995014,qwen7b-npu7,
1782584922.5482259,200,179.4383859996742,qwen7b-npu7,
1782584922.5679388,200,78.86188699922059,qwen7b-npu4,
1782584922.5687904,200,99.26454100059345,qwen7b-npu5,
1782584922.5737293,200,163.3245290031482,qwen7b-npu7,
1782584922.5741339,200,179.8550380008237,qwen7b-npu7,
1782584922.5870378,200,98.30895500272163,qwen7b-npu3,
1782584922.591324,200,97.96205300153815,qwen7b-npu5,
1782584922.5988348,200,122.21810000119149,qwen7b-npu7,
1782584922.6026614,200,139.45630399757647,qwen7b-npu6,
1782584922.603081,200,139.29069300138508,qwen7b-npu6,
1782584922.627511,200,106.27333299999009,qwen7b-npu6,
1782584922.6420586,200,94.60034199946676,qwen7b-npu3,
1782584922.6505272,200,102.19609900013893,qwen7b-npu7,
1782584922.6654773,200,97.47115000209305,qwen7b-npu5,
1782584922.6695957,200,100.70111900131451,qwen7b-npu3,
1782584922.6763215,200,102.48236000188626,qwen7b-npu7,
1782584922.6904676,200,91.53798400075175,qwen7b-npu5,
1782584922.7011778,200,98.40435499791056,qwen7b-npu7,
1782584922.7039363,200,116.8053069995949,qwen7b-npu4,
1782584922.7166839,200,142.4398220005969,qwen7b-npu6,
1782584922.7302566,200,138.8677100003406,qwen7b-npu4,
1782584922.7306786,200,127.47096199746011,qwen7b-npu4,
1782584922.7423449,200,91.71693499956746,qwen7b-npu5,
1782584922.7561498,200,90.60528799818712,qwen7b-npu4,
1782584922.765489,200,89.07335899857571,qwen7b-npu5,
1782584922.7720501,200,129.92680599927553,qwen7b-npu6,
1782584922.7723124,200,144.73282600010862,qwen7b-npu6,
1782584922.7768695,200,107.17947800003458,qwen7b-npu7,
1782584922.797018,200,95.74049900038517,qwen7b-npu6,
1782584922.808457,200,104.45949199856841,qwen7b-npu3,
1782584922.8150032,200,124.43995300054667,qwen7b-npu4,
1782584922.8396482,200,83.38240399825736,qwen7b-npu5,
1782584922.860704,200,143.9265510016412,qwen7b-npu6,
1782584922.8660264,200,89.06800900149392,qwen7b-npu5,
1782584922.8870356,200,144.55954499862855,qwen7b-npu6,
1782584922.901124,200,170.3325609996682,qwen7b-npu4,
1782584922.9015093,200,171.13434599741595,qwen7b-npu4,
1782584922.9146554,200,149.10543200312532,qwen7b-npu6,
1782584922.915022,200,142.91118500113953,qwen7b-npu6,
1782584922.9161263,200,107.60103100255947,qwen7b-npu5,
1782584922.926853,200,87.11772700189613,qwen7b-npu7,
1782584922.9272208,200,130.08898699990823,qwen7b-npu4,
1782584922.9276748,200,155.21750900006737,qwen7b-npu4,
1782584922.949799,200,134.69441499910317,qwen7b-npu4,
1782584922.964419,200,103.61767699941993,qwen7b-npu5,
1782584922.989805,200,123.6520880011085,qwen7b-npu7,
1782584922.9978619,200,83.11556300031953,qwen7b-npu4,
1782584923.0137112,200,86.75452500028769,qwen7b-npu5,
1782584923.030054,200,142.9569560023083,qwen7b-npu6,
1782584923.04266,200,141.42229600111023,qwen7b-npu7,
1782584923.0436077,200,141.97912000236101,qwen7b-npu7,
1782584923.0439458,200,127.75552400125889,qwen7b-npu7,
1782584923.057319,200,129.97935699968366,qwen7b-npu6,
1782584923.0576224,200,142.4857720012369,qwen7b-npu6,
1782584923.062646,200,98.16292399773374,qwen7b-npu5,
1782584923.0684469,200,140.65624100112473,qwen7b-npu7,
1782584923.070896,200,81.00161999755073,qwen7b-npu4,
1782584923.0825043,200,132.63900299716624,qwen7b-npu6,
1782584923.0935302,200,95.57151899934979,qwen7b-npu7,
1782584923.1123967,200,82.25401800154941,qwen7b-npu5,
1782584923.1449769,200,102.25698900103453,qwen7b-npu4,
1782584923.1567807,200,143.00447599816835,qwen7b-npu7,
1782584923.1609268,200,103.2375350005168,qwen7b-npu5,
1782584923.170728,200,88.1650540031842,qwen7b-npu4,
1782584923.172145,200,128.13441600155784,qwen7b-npu6,
1782584923.183117,200,139.4061140017584,qwen7b-npu7,
1782584923.1994078,200,136.66472800105112,qwen7b-npu6,
1782584923.1998334,200,142.43881199945463,qwen7b-npu6,
1782584923.2092934,200,140.78351200078032,qwen7b-npu7,
1782584923.2096477,200,138.66450999921653,qwen7b-npu7,
1782584923.2192888,200,106.79472599804285,qwen7b-npu4,
1782584923.2236228,200,130.0347270007478,qwen7b-npu6,
1782584923.244202,200,83.17746399916359,qwen7b-npu4,
1782584923.2692535,200,97.01303700057906,qwen7b-npu4,
1782584923.281083,200,97.90506300123525,qwen7b-npu7,
1782584923.2941892,200,84.80051299920888,qwen7b-npu4,
1782584923.3016992,200,102.18147900013719,qwen7b-npu6,
1782584923.3121812,200,167.09590100072091,qwen7b-npu5,
1782584923.3180923,200,94.40323200033163,qwen7b-npu4,
1782584923.3275542,200,108.20124500241945,qwen7b-npu6,
1782584923.3678482,200,98.4898360002262,qwen7b-npu4,
1782584923.3765738,200,205.75007500156062,qwen7b-npu5,
1782584923.3769305,200,220.054141998844,qwen7b-npu5,
1782584923.3772383,200,82.956242000364,qwen7b-npu7,
1782584923.40228,200,202.32906400269712,qwen7b-npu5,
1782584923.4031618,200,193.4393910014478,qwen7b-npu5,
1782584923.4035084,200,85.32192699931329,qwen7b-npu7,
1782584923.4058652,200,104.07503999886103,qwen7b-npu6,
1782584923.4193456,200,91.72623599806684,qwen7b-npu4,
1782584923.4278736,200,183.5737010005687,qwen7b-npu5,
1782584923.4282386,200,147.0945999972173,qwen7b-npu5,
1782584923.4518492,200,139.56266400055028,qwen7b-npu5,
1782584923.4677927,200,91.1011120006151,qwen7b-npu4,
1782584923.489277,200,121.33262399947853,qwen7b-npu7,
1782584923.4900842,200,112.77892300131498,qwen7b-npu3,
1782584923.4939497,200,90.65567899961025,qwen7b-npu6,
1782584923.501406,200,97.82832199925906,qwen7b-npu5,
1782584923.5188894,200,141.88530899991747,qwen7b-npu7,
1782584923.52067,200,101.2274630011234,qwen7b-npu6,
1782584923.5267465,200,98.76712800178211,qwen7b-npu5,
1782584923.5393443,200,133.3772770012729,qwen7b-npu7,
1782584923.539683,200,137.28332100072294,qwen7b-npu7,
1782584923.563117,200,134.80691599761485,qwen7b-npu7,
1782584923.5724142,200,104.52407300181221,qwen7b-npu6,
1782584923.5760725,200,124.10852099856129,qwen7b-npu4,
1782584923.5772626,200,87.08491699871956,qwen7b-npu5,
1782584923.5897694,200,88.30454399867449,qwen7b-npu7,
1782584923.6022341,200,83.2828940001491,qwen7b-npu5,
1782584923.6248941,200,104.15614099838422,qwen7b-npu6,
1782584923.626881,200,87.12544800073374,qwen7b-npu5,
1782584923.6274912,200,100.63802899821894,qwen7b-npu3,
1782584923.6504462,200,111.02925200248137,qwen7b-npu6,
1782584923.6633227,200,173.93927299781353,qwen7b-npu4,
1782584923.6636999,200,169.68159599855426,qwen7b-npu4,
1782584923.6820571,200,105.87719100294635,qwen7b-npu3,
1782584923.7091413,200,106.84603600020637,qwen7b-npu3,
1782584923.7130475,200,123.21765600063372,qwen7b-npu4,
1782584923.7135823,200,141.07676300045568,qwen7b-npu4,
1782584923.7289603,200,101.38885299966205,qwen7b-npu6,
1782584923.7348764,200,84.36333999998169,qwen7b-npu5,
1782584923.7455952,200,168.2400880017667,qwen7b-npu7,
1782584923.7460313,200,182.84665700048208,qwen7b-npu7,
1782584923.7542536,200,90.4398080019746,qwen7b-npu6,
1782584923.7588885,200,95.43951800151262,qwen7b-npu5,
1782584923.8085527,200,183.5912710012053,qwen7b-npu7,
1782584923.8089666,200,181.97775199951138,qwen7b-npu7,
1782584923.829974,200,100.8694110023498,qwen7b-npu5,
1782584923.8336253,200,151.45873700021184,qwen7b-npu7,
1782584923.8344796,200,120.83174100189353,qwen7b-npu4,
1782584923.839369,200,85.0194949998695,qwen7b-npu6,
1782584923.858216,200,123.26640600076644,qwen7b-npu4,
1782584923.8617892,200,152.55494300072314,qwen7b-npu7,
1782584923.8621867,200,149.07476199732628,qwen7b-npu7,
1782584923.8661375,200,107.1139289997518,qwen7b-npu6,
1782584923.9043992,200,95.30208700016374,qwen7b-npu5,
1782584923.9190245,200,173.29937900285586,qwen7b-npu4,
1782584923.9197154,200,173.5561899986351,qwen7b-npu4,
1782584923.929916,200,96.16510199703043,qwen7b-npu5,
1782584923.935789,200,101.21365199665888,qwen7b-npu7,
1782584923.9553068,200,92.98828200189746,qwen7b-npu5,
1782584923.9561045,200,147.43653199911932,qwen7b-npu6,
1782584923.962667,200,96.42755400273018,qwen7b-npu7,
1782584923.968916,200,138.82897100120317,qwen7b-npu4,
1782584923.9696844,200,130.24578799740993,qwen7b-npu4,
1782584924.0046408,200,85.52009799677762,qwen7b-npu5,
1782584924.009222,200,147.32119200198213,qwen7b-npu6,
1782584924.0095077,200,151.1851450013637,qwen7b-npu6,
1782584924.0133913,200,108.92522900030599,qwen7b-npu7,
1782584924.0178788,200,98.09558399865637,qwen7b-npu4,
1782584924.029827,200,93.94247800082667,qwen7b-npu5,
1782584924.0353074,200,105.28472700025304,qwen7b-npu6,
1782584924.0426602,200,86.45857300143689,qwen7b-npu4,
1782584924.0634434,200,93.66259699891089,qwen7b-npu7,
1782584924.099885,200,130.89060200218228,qwen7b-npu6,
1782584924.1054177,200,96.11830199719407,qwen7b-npu5,
1782584924.106333,200,143.53834799840115,qwen7b-npu3,
1782584924.10706,200,151.65290799996,qwen7b-npu3,
1782584924.1139953,200,100.53720900032204,qwen7b-npu7,
1782584924.1165068,200,81.12313100355095,qwen7b-npu4,
1782584924.1311035,200,101.20191200257977,qwen7b-npu5,
1782584924.1335485,200,123.92384999839123,qwen7b-npu3,
1782584924.1519053,200,147.19923099983134,qwen7b-npu6,
1782584924.1522832,200,134.2962719973002,qwen7b-npu6,
1782584924.166181,200,102.66275200046948,qwen7b-npu7,
1782584924.1759512,200,133.19272599983378,qwen7b-npu6,
1782584924.1925952,200,87.10500700181001,qwen7b-npu7,
1782584924.1973457,200,80.71005799865816,qwen7b-npu4,
1782584924.2145734,200,100.51099799966323,qwen7b-npu3,
1782584924.2455337,200,93.125264000264,qwen7b-npu4,
1782584924.2481706,200,114.55201399803627,qwen7b-npu7,
1782584924.2835581,200,176.42777799846954,qwen7b-npu5,
1782584924.2838192,200,177.42053300025873,qwen7b-npu5,
1782584924.2841125,200,184.0886040008627,qwen7b-npu5,
1782584924.2937262,200,96.31592200094019,qwen7b-npu4,
1782584924.3084097,200,132.38979100060533,qwen7b-npu5,
1782584924.308801,200,177.6287449974916,qwen7b-npu5,
1782584924.3308082,200,85.20340599716292,qwen7b-npu5,
1782584924.3714726,200,219.4532680005068,qwen7b-npu6,
1782584924.371824,200,205.55110400164267,qwen7b-npu6,
1782584924.3972185,200,182.57856499985792,qwen7b-npu6,
1782584924.398049,200,205.34980299999006,qwen7b-npu6,
1782584924.4011807,200,92.65459099697182,qwen7b-npu5,
1782584924.423226,200,174.98543900001096,qwen7b-npu6,
1782584924.4236007,200,139.3385629999102,qwen7b-npu6,
1782584924.4459965,200,162.36859299897333,qwen7b-npu7,
1782584924.4472158,200,138.29385700228158,qwen7b-npu6,
1782584924.4734375,200,189.55324700073106,qwen7b-npu7,
1782584924.4741597,200,180.34328100111452,qwen7b-npu7,
1782584924.4750443,200,103.47822599942447,qwen7b-npu5,
1782584924.4989414,200,127.04370800202014,qwen7b-npu7,
1782584924.4995954,200,168.71101099968655,qwen7b-npu7,
1782584924.5234702,200,100.12821599957533,qwen7b-npu7,
1782584924.5335414,200,109.86343499826035,qwen7b-npu5,
1782584924.555627,200,82.09350600009202,qwen7b-npu6,
1782584924.5594985,200,112.18273900158238,qwen7b-npu5,
1782584924.5627735,200,165.43252100018435,qwen7b-npu4,
1782584924.5829523,200,108.73078799704672,qwen7b-npu5,
1782584924.5996218,200,100.58660899812821,qwen7b-npu7,
1782584924.6247923,200,226.6333420011506,qwen7b-npu4,
1782584924.6252902,200,224.012735998258,qwen7b-npu4,
1782584924.6343591,200,100.74742000142578,qwen7b-npu6,
1782584924.6595283,200,99.91117399840732,qwen7b-npu6,
1782584924.6759367,200,92.92546299911919,qwen7b-npu7,
1782584924.6845276,200,238.43120300080045,qwen7b-npu4,
1782584924.6850085,200,209.84724099980667,qwen7b-npu4,
1782584924.6858745,200,86.15509199808002,qwen7b-npu6,
1782584924.7071583,200,82.21900799981086,qwen7b-npu5,
1782584924.710682,200,210.9682169975713,qwen7b-npu4,
1782584924.7109997,200,85.59580799919786,qwen7b-npu6,
1782584924.7115576,200,187.98782800149638,qwen7b-npu4,
1782584924.7430456,200,180.21224099720712,qwen7b-npu4,
1782584924.7435157,200,187.81166700136964,qwen7b-npu4,
1782584924.7525296,200,92.88270200340776,qwen7b-npu7,
1782584924.7743273,200,88.34980500250822,qwen7b-npu3,
1782584924.778595,200,102.58006100048078,qwen7b-npu7,
1782584924.7823055,200,97.63608100183774,qwen7b-npu5,
1782584924.7841017,200,98.9745890001359,qwen7b-npu6,
1782584924.7953293,200,160.90074400199228,qwen7b-npu4,
1782584924.8042948,200,93.51218499796232,qwen7b-npu7,
1782584924.832557,200,89.4216319975385,qwen7b-npu5,
1782584924.8471649,200,135.52947000061977,qwen7b-npu4,
1782584924.847428,200,136.36396499714465,qwen7b-npu4,
1782584924.8485034,200,141.2279549986124,qwen7b-npu4,
1782584924.8576355,200,105.00725499878172,qwen7b-npu5,
1782584924.8665264,200,82.32584800134646,qwen7b-npu6,
1782584924.8707216,200,127.06063899895526,qwen7b-npu7,
1782584924.8710952,200,92.37420899808058,qwen7b-npu4,
1782584924.881891,200,99.476252002205,qwen7b-npu5,
1782584924.9202003,200,87.57707000040682,qwen7b-npu4,
1782584924.9450407,200,87.34410800025216,qwen7b-npu4,
1782584924.954148,200,82.98060200104374,qwen7b-npu5,
1782584924.9685082,200,86.51771299992106,qwen7b-npu4,
1782584924.9799552,200,131.32540500009782,qwen7b-npu6,
1782584924.9802864,200,132.77152400041814,qwen7b-npu6,
1782584924.996342,200,200.9477660030825,qwen7b-npu7,
1782584924.9966757,200,222.27273500175215,qwen7b-npu7,
1782584925.0054398,200,134.58956500107888,qwen7b-npu6,
1782584925.0224044,200,175.1637599991227,qwen7b-npu7,
1782584925.022747,200,218.38726200076053,qwen7b-npu7,
1782584925.049015,200,80.4500869999174,qwen7b-npu5,
1782584925.067769,200,122.66696199731086,qwen7b-npu6,
1782584925.0864787,200,219.86095000102068,qwen7b-npu7,
1782584925.0868533,200,166.59344900108408,qwen7b-npu7,
1782584925.0940716,200,139.8606459988514,qwen7b-npu6,
1782584925.1021957,200,79.37753000078374,qwen7b-npu4,
1782584925.1026008,200,105.81755100065493,qwen7b-npu5,
1782584925.1208973,200,140.49641100064036,qwen7b-npu6,
1782584925.121252,200,141.22437500191154,qwen7b-npu6,
1782584925.1372163,200,131.7168669993407,qwen7b-npu7,
1782584925.137954,200,141.52881699919817,qwen7b-npu7,
1782584925.146224,200,123.73054899944691,qwen7b-npu6,
1782584925.161529,200,112.42291999951703,qwen7b-npu7,
1782584925.1722498,200,104.35279100056505,qwen7b-npu6,
1782584925.1748245,200,87.89648199672229,qwen7b-npu4,
1782584925.1768897,200,82.70733999961521,qwen7b-npu5,
1782584925.1980891,200,111.51036500086775,qwen7b-npu6,
1782584925.2019198,200,99.20325999701163,qwen7b-npu5,
1782584925.2096863,200,88.68698700098321,qwen7b-npu7,
1782584925.2212212,200,118.91978000130621,qwen7b-npu3,
1782584925.2242079,200,86.15223200104083,qwen7b-npu6,
1782584925.2276587,200,106.28085400094278,qwen7b-npu5,
1782584925.2593155,200,84.39447000273503,qwen7b-npu7,
1782584925.2597318,200,122.44234100217,qwen7b-npu4,
1782584925.278155,200,105.83869999754825,qwen7b-npu5,
1782584925.2830727,200,81.09330099978251,qwen7b-npu7,
1782584925.2850096,200,123.3795869993628,qwen7b-npu4,
1782584925.2853804,200,139.09485200201743,qwen7b-npu4,
1782584925.3081017,200,131.11168400064344,qwen7b-npu4,
1782584925.3383987,200,128.65531900024507,qwen7b-npu6,
1782584925.341838,200,143.6548399979074,qwen7b-npu5,
1782584925.3664715,200,145.19192899751943,qwen7b-npu6,
1782584925.36688,200,139.13176200003363,qwen7b-npu6,
1782584925.3672082,200,81.76596500197775,qwen7b-npu7,
1782584925.368767,200,144.46267500170507,qwen7b-npu5,
1782584925.3905385,200,112.31368900189409,qwen7b-npu6,
1782584925.3942387,200,134.38203300029272,qwen7b-npu5,
1782584925.3951197,200,135.69681100125308,qwen7b-npu5,
1782584925.4200335,200,136.89090899788425,qwen7b-npu4,
1782584925.4203672,200,135.25436900090426,qwen7b-npu4,
1782584925.4404628,200,98.53732700139517,qwen7b-npu7,
1782584925.4408438,200,102.34504900290631,qwen7b-npu6,
1782584925.4553137,200,147.14961999925436,qwen7b-npu5,
1782584925.466101,200,99.15573999751359,qwen7b-npu7,
1782584925.4915912,200,96.34780300257262,qwen7b-npu7,
1782584925.503793,200,134.91361700289417,qwen7b-npu4,
1782584925.5235476,200,82.97852199757472,qwen7b-npu6,
1782584925.529332,200,134.99547700121184,qwen7b-npu4,
1782584925.5295923,200,138.9539110023179,qwen7b-npu4,
1782584925.5413685,200,100.44625800219364,qwen7b-npu7,
1782584925.5432901,200,176.69071899945266,qwen7b-npu5,
1782584925.5437572,200,176.41817800176796,qwen7b-npu5,
1782584925.5527966,200,97.41323900016141,qwen7b-npu4,
1782584925.5658314,200,99.66682300000684,qwen7b-npu7,
1782584925.606049,200,185.92090499805636,qwen7b-npu5,
1782584925.6063497,200,185.92023599921959,qwen7b-npu5,
1782584925.614714,200,91.07015100016724,qwen7b-npu7,
1782584925.6427708,200,151.0820639996382,qwen7b-npu6,
1782584925.643114,200,139.2553730001964,qwen7b-npu6,
1782584925.6558042,200,126.14554399988265,qwen7b-npu5,
1782584925.656641,200,127.24552000145195,qwen7b-npu5,
1782584925.6628757,200,119.52496400044765,qwen7b-npu4,
1782584925.6634045,200,121.97475799985114,qwen7b-npu4,
1782584925.6734514,200,107.55522099861992,qwen7b-npu3,
1782584925.6801193,200,136.30048500272096,qwen7b-npu5,
1782584925.6881247,200,81.6650339984335,qwen7b-npu7,
1782584925.701377,200,148.48115900167613,qwen7b-npu6,
1782584925.754917,200,98.19905500262394,qwen7b-npu5,
1782584925.7559683,200,141.19265400222503,qwen7b-npu6,
1782584925.7562358,200,150.11712900013663,qwen7b-npu6,
1782584925.77701,200,134.1591119999066,qwen7b-npu4,
1782584925.7774587,200,134.21351199940545,qwen7b-npu4,
1782584925.781888,200,93.68469699984416,qwen7b-npu5,
1782584925.7822394,200,101.98547699837945,qwen7b-npu6,
1782584925.800399,200,136.88131800154224,qwen7b-npu4,
1782584925.8032541,200,140.26680900133215,qwen7b-npu7,
1782584925.8042302,200,148.31906700055697,qwen7b-npu7,
1782584925.804695,200,131.15309400018305,qwen7b-npu7,
1782584925.8058586,200,104.39505199974519,qwen7b-npu6,
1782584925.851253,200,95.21296700040693,qwen7b-npu7,
1782584925.8778121,200,95.81043900107034,qwen7b-npu7,
1782584925.8810236,200,103.88904900173657,qwen7b-npu3,
1782584925.8855813,200,80.81483900241437,qwen7b-npu4,
1782584925.930349,200,129.85028499679174,qwen7b-npu6,
1782584925.9306767,200,174.37052499735728,qwen7b-npu5,
1782584925.9311256,200,176.10227600016515,qwen7b-npu5,
1782584925.9546673,200,172.32505299762124,qwen7b-npu5,
1782584925.9555666,200,177.95283699888387,qwen7b-npu5,
1782584925.9596581,200,156.30773599696113,qwen7b-npu6,
1782584925.9600317,200,155.71011200154317,qwen7b-npu6,
1782584925.9604144,200,154.4905850023497,qwen7b-npu6,
1782584925.9783587,200,127.03595900165965,qwen7b-npu5,
1782584926.036426,200,158.50897900236305,qwen7b-npu4,
1782584926.0388606,200,108.4267459991679,qwen7b-npu3,
1782584926.051435,200,90.90449999712291,qwen7b-npu5,
1782584926.0567431,200,125.49344899889547,qwen7b-npu7,
1782584926.0628445,200,177.19980200126884,qwen7b-npu4,
1782584926.0632045,200,182.09609200130217,qwen7b-npu4,
1782584926.0823462,200,151.5364769984444,qwen7b-npu7,
1782584926.0881844,200,133.4225280006649,qwen7b-npu4,
1782584926.0887234,200,133.0888859993138,qwen7b-npu4,
1782584926.109717,200,149.92858699770295,qwen7b-npu7,
1782584926.1100821,200,149.99093799997354,qwen7b-npu7,
1782584926.1134825,200,135.05777799946372,qwen7b-npu4,
1782584926.1248245,200,85.87035900200135,qwen7b-npu6,
1782584926.128485,200,91.94964700145647,qwen7b-npu5,
1782584926.1501951,200,87.2545979982533,qwen7b-npu6,
1782584926.153993,200,90.72417900097207,qwen7b-npu5,
1782584926.1693187,200,112.45805100043071,qwen7b-npu3,
1782584926.1745968,200,86.34584299943526,qwen7b-npu6,
1782584926.1942225,200,84.07845799956704,qwen7b-npu4,
1782584926.1987877,200,147.28674099751515,qwen7b-npu7,
1782584926.2221603,200,108.56882700318238,qwen7b-npu4,
1782584926.225988,200,137.19941100134747,qwen7b-npu7,
1782584926.2262282,200,143.76786000138964,qwen7b-npu7,
1782584926.245048,200,135.19980799901532,qwen7b-npu5,
1782584926.25156,200,122.9828940013249,qwen7b-npu7,
1782584926.2694402,200,144.51624499997706,qwen7b-npu5,
1782584926.2775707,200,102.87327300102334,qwen7b-npu7,
1782584926.2836442,200,84.7590230005153,qwen7b-npu6,
1782584926.29603,200,101.71260599963716,qwen7b-npu4,
1782584926.2977576,200,128.37458699868876,qwen7b-npu5,
1782584926.298286,200,144.22926300176186,qwen7b-npu5,
1782584926.298821,200,148.56492900071316,qwen7b-npu5,
1782584926.3103635,200,88.09553299943218,qwen7b-npu6,
1782584926.3295975,200,103.30510499989032,qwen7b-npu7,
1782584926.3530452,200,107.8877529980673,qwen7b-npu3,
1782584926.3554523,200,103.79428799933521,qwen7b-npu7,
1782584926.3695168,200,85.77771899945219,qwen7b-npu5,
1782584926.3733678,200,147.31157200003508,qwen7b-npu6,
1782584926.3737278,200,96.06168199752574,qwen7b-npu4,
1782584926.397885,200,99.97308500169311,qwen7b-npu4,
1782584926.4054472,200,107.03517799993278,qwen7b-npu7,
1782584926.4176023,200,87.91745200142032,qwen7b-npu5,
1782584926.4370377,200,167.52529399673222,qwen7b-npu6,
1782584926.463906,200,165.00207900025998,qwen7b-npu6,
1782584926.4648075,200,168.6644610017538,qwen7b-npu6,
1782584926.4689808,200,95.51512799953343,qwen7b-npu3,
1782584926.4847088,200,131.55560599989258,qwen7b-npu4,
1782584926.4897544,200,134.2241019992798,qwen7b-npu6,
1782584926.4901612,200,179.6597569991718,qwen7b-npu6,
1782584926.5017226,200,84.05526799833751,qwen7b-npu7,
1782584926.5106962,200,136.8988390022423,qwen7b-npu4,
1782584926.5110285,200,141.43690600030823,qwen7b-npu4,
1782584926.514627,200,109.08317099892884,qwen7b-npu6,
1782584926.528312,200,91.14407100059907,qwen7b-npu7,
1782584926.5356612,200,137.66615300119156,qwen7b-npu4,
1782584926.5503023,200,81.2259010017442,qwen7b-npu5,
1782584926.5537484,200,89.74955300072907,qwen7b-npu7,
1782584926.5750108,200,90.20302600038121,qwen7b-npu5,
1782584926.5796504,200,89.38157100055832,qwen7b-npu7,
1782584926.5894566,200,87.64236999923014,qwen7b-npu6,
1782584926.5976498,200,132.73644299988518,qwen7b-npu4,
1782584926.6060905,200,95.31604700168828,qwen7b-npu7,
1782584926.6235437,200,95.11610600020504,qwen7b-npu5,
1782584926.6406643,200,104.9108349980088,qwen7b-npu6,
1782584926.6582038,200,168.3385680007632,qwen7b-npu4,
1782584926.6853487,200,170.62447300122585,qwen7b-npu4,
1782584926.6858616,200,174.72486800033948,qwen7b-npu4,
1782584926.6962776,200,145.88154300145106,qwen7b-npu7,
1782584926.709871,200,156.06041400315007,qwen7b-npu4,
1782584926.7106647,200,130.94712299789535,qwen7b-npu4,
1782584926.7151995,200,91.54786400176818,qwen7b-npu6,
1782584926.722656,200,81.87436599837383,qwen7b-npu5,
1782584926.7266006,200,151.49524600201403,qwen7b-npu7,
1782584926.7437594,200,154.208532996563,qwen7b-npu4,
1782584926.7510703,200,153.3249970016186,qwen7b-npu7,
1782584926.7515168,200,145.33837899944047,qwen7b-npu7,
1782584926.7863476,200,128.04619500093395,qwen7b-npu5,
1782584926.800599,200,85.28517599916086,qwen7b-npu6,
1782584926.8121803,200,101.4082129986491,qwen7b-npu4,
1782584926.8135118,200,127.53570100176148,qwen7b-npu7,
1782584926.8270643,200,104.3381710005633,qwen7b-npu6,
1782584926.8363192,200,84.73427200078731,qwen7b-npu4,
1782584926.8654013,200,155.4649799982144,qwen7b-npu7,
1782584926.865768,200,139.0583520005748,qwen7b-npu7,
1782584926.875694,200,190.19113100148388,qwen7b-npu5,
1782584926.8761516,200,179.77555899778963,qwen7b-npu5,
1782584926.9008825,200,149.6973160028574,qwen7b-npu5,
1782584926.9015155,200,157.6418240001658,qwen7b-npu5,
1782584926.9102678,200,96.68724499715609,qwen7b-npu4,
1782584926.9188063,200,132.34897099755472,qwen7b-npu6,
1782584926.925196,200,98.03878299862845,qwen7b-npu5,
1782584926.9367433,200,100.31498700118391,qwen7b-npu3,
1782584926.9454787,200,133.16177600063384,qwen7b-npu6,
1782584926.9458878,200,145.2186790011183,qwen7b-npu6,
1782584926.9503264,200,84.49797100183787,qwen7b-npu5,
1782584926.9610717,200,85.25109499896644,qwen7b-npu7,
1782584926.9707873,200,105.28838699974585,qwen7b-npu6,
1782584926.9862483,200,84.67128300253535,qwen7b-npu7,
1782584926.9962256,200,85.84751899979892,qwen7b-npu6,
1782584927.0102365,200,84.97316400098498,qwen7b-npu7,
1782584927.0117533,200,135.48291999904905,qwen7b-npu5,
1782584927.0374544,200,136.4791560008598,qwen7b-npu5,
1782584927.0481393,200,102.54748000079417,qwen7b-npu3,
1782584927.064597,200,145.71807199899922,qwen7b-npu5,
1782584927.0649867,200,119.03538999831653,qwen7b-npu4,
1782584927.0654624,200,128.65464799688198,qwen7b-npu5,
1782584927.071458,200,100.57933899952332,qwen7b-npu6,
1782584927.0854712,200,99.16517999954522,qwen7b-npu7,
1782584927.0896952,200,139.2661429999862,qwen7b-npu4,
1782584927.0904129,200,129.24184199800948,qwen7b-npu4,
1782584927.1108263,200,100.52651899968623,qwen7b-npu7,
1782584927.115344,200,119.02388000089559,qwen7b-npu4,
1782584927.1310792,200,93.53686599934008,qwen7b-npu3,
1782584927.140254,200,92.019887000788,qwen7b-npu4,
1782584927.1505647,200,138.69597899974906,qwen7b-npu5,
1782584927.161161,200,96.44697299881955,qwen7b-npu7,
1782584927.1862936,200,100.7657999980438,qwen7b-npu7,
1782584927.188836,200,123.73976900198613,qwen7b-npu6,
1782584927.1897624,200,99.24745099851862,qwen7b-npu4,
1782584927.200468,200,128.9184999986901,qwen7b-npu5,
1782584927.201381,200,135.84432200150331,qwen7b-npu5,
1782584927.2150562,200,125.30249900009949,qwen7b-npu6,
1782584927.2247112,200,93.54196599815623,qwen7b-npu5,
1782584927.237628,200,86.92152599905967,qwen7b-npu7,
1782584927.2411919,200,125.78339199899347,qwen7b-npu6,
1782584927.2416017,200,130.7122910002363,qwen7b-npu6,
1782584927.2631764,200,101.92127700065612,qwen7b-npu7,
1782584927.2746947,200,84.86682399961865,qwen7b-npu5,
1782584927.2753956,200,135.04750799984322,qwen7b-npu4,
1782584927.2885268,200,102.17071800070698,qwen7b-npu7,
1782584927.290025,200,89.46748099697288,qwen7b-npu6,
1782584927.2994823,200,84.33811099894228,qwen7b-npu5,
1782584927.325332,200,123.84931999986293,qwen7b-npu4,
1782584927.3256829,200,136.74966799953836,qwen7b-npu4,
1782584927.3405085,200,98.84062799756066,qwen7b-npu7,
1782584927.3414662,200,100.16071700010798,qwen7b-npu6,
1782584927.365559,200,90.76651900249999,qwen7b-npu7,
1782584927.3658202,200,141.05071399899316,qwen7b-npu3,
1782584927.3734932,200,84.86946300035925,qwen7b-npu5,
1782584927.38982,200,99.73781300141127,qwen7b-npu7,
1782584927.3943763,200,156.63968800072325,qwen7b-npu3,
1782584927.4160619,200,90.30870600327034,qwen7b-npu6,
1782584927.4229035,200,159.61605700067594,qwen7b-npu3,
1782584927.423661,200,148.19858699775068,qwen7b-npu3,
1782584927.4355803,200,136.0398830001941,qwen7b-npu4,
1782584927.4419756,200,100.38252799859038,qwen7b-npu6,
1782584927.4614668,200,120.86290200022631,qwen7b-npu4,
1782584927.4622674,200,136.8366579990834,qwen7b-npu4,
1782584927.4662607,200,100.37953799837851,qwen7b-npu7,
1782584927.4680626,200,94.4809719985642,qwen7b-npu6,
1782584927.4869566,200,121.33245400036685,qwen7b-npu4,
1782584927.4942071,200,99.71663300166256,qwen7b-npu6,
1782584927.5091615,200,119.28218200046103,qwen7b-npu5,
1782584927.5124183,200,96.26561199911521,qwen7b-npu4,
1782584927.549883,200,83.53045599869802,qwen7b-npu7,
1782584927.5612304,200,125.55879000137793,qwen7b-npu5,
1782584927.5615282,200,138.56645800115075,qwen7b-npu5,
1782584927.5619895,200,138.230995999038,qwen7b-npu5,
1782584927.5631967,200,100.8274009982415,qwen7b-npu4,
1782584927.5821974,200,140.14704899818753,qwen7b-npu6,
1782584927.5842104,200,89.8936639969179,qwen7b-npu5,
1782584927.587066,200,100.01047499827109,qwen7b-npu4,
1782584927.600176,200,90.92403999966336,qwen7b-npu7,
1782584927.6085632,200,147.03409999856376,qwen7b-npu6,
1782584927.60894,200,140.81545199951506,qwen7b-npu6,
1782584927.6156857,200,103.16791399964131,qwen7b-npu3,
1782584927.6437612,200,93.78452699820627,qwen7b-npu3,
1782584927.6528246,200,91.51933400062262,qwen7b-npu7,
1782584927.6592605,200,97.62450099879061,qwen7b-npu6,
1782584927.6650114,200,82.72461100204964,qwen7b-npu4,
1782584927.6930676,200,92.79338199849008,qwen7b-npu4,
1782584927.6994328,200,115.12354700244032,qwen7b-npu3,
1782584927.7036402,200,94.99674499966204,qwen7b-npu7,
1782584927.710935,200,101.92288699909113,qwen7b-npu6,
1782584927.7446566,200,100.79428999961237,qwen7b-npu4,
1782584927.7620184,200,109.12516099779168,qwen7b-npu6,
1782584927.7723215,200,210.26155200161156,qwen7b-npu5,
1782584927.7728853,200,209.58021899787127,qwen7b-npu5,
1782584927.7938547,200,90.11937600007514,qwen7b-npu4,
1782584927.7952414,200,130.16515799972694,qwen7b-npu7,
1782584927.7979696,200,210.80526500009,qwen7b-npu5,
1782584927.7988193,200,183.04444800014608,qwen7b-npu5,
1782584927.8225243,200,129.35322300108965,qwen7b-npu5,
1782584927.8229458,200,163.5834500011697,qwen7b-npu5,
1782584927.8473032,200,147.76000400161138,qwen7b-npu7,
1782584927.8477473,200,136.74990800063824,qwen7b-npu7,
1782584927.8656056,200,92.51808000044548,qwen7b-npu6,
1782584927.8660226,200,103.93557899806183,qwen7b-npu3,
1782584927.8703902,200,97.92873299738858,qwen7b-npu4,
1782584927.8707092,200,125.94065300072543,qwen7b-npu7,
1782584927.8940103,200,95.97604100054014,qwen7b-npu3,
1782584927.8957424,200,100.38960699966992,qwen7b-npu4,
1782584927.9201043,200,97.46540999913123,qwen7b-npu4,
1782584927.9336483,200,134.70979600242572,qwen7b-npu5,
1782584927.934078,200,140.10328799849958,qwen7b-npu5,
1782584927.9437528,200,95.88864099714556,qwen7b-npu7,
1782584927.9618711,200,138.81359999868437,qwen7b-npu6,
1782584927.9899294,200,142.50730200001271,qwen7b-npu6,
1782584927.9938428,200,99.73437399821705,qwen7b-npu4,
1782584927.9947476,200,98.89479800040135,qwen7b-npu7,
1782584928.0132694,200,79.50298099967767,qwen7b-npu5,
1782584928.0153654,200,144.8860769996827,qwen7b-npu3,
1782584928.0160675,200,149.92558700032532,qwen7b-npu3,
1782584928.0189645,200,153.2464979973156,qwen7b-npu6,
1782584928.0199885,200,85.8001790002163,qwen7b-npu7,
1782584928.0203693,200,149.54656500049168,qwen7b-npu6,
1782584928.043006,200,99.1913600009866,qwen7b-npu7,
1782584928.0461564,200,125.9660920004535,qwen7b-npu6,
1782584928.078484,200,83.62771599786356,qwen7b-npu4,
1782584928.0876458,200,97.62083100213204,qwen7b-npu5,
1782584928.103809,200,90.44777700182749,qwen7b-npu4,
1782584928.11291,200,92.47149899965734,qwen7b-npu5,
1782584928.1140335,200,152.05539999806206,qwen7b-npu6,
1782584928.1179106,200,102.4453200006974,qwen7b-npu7,
1782584928.1280863,200,85.02017399951,qwen7b-npu4,
1782584928.1423862,200,148.44982900103787,qwen7b-npu6,
1782584928.14323,200,97.01258699715254,qwen7b-npu7,
1782584928.1631713,200,84.58971199797816,qwen7b-npu5,
1782584928.1717074,200,152.6426429991261,qwen7b-npu6,
1782584928.1719992,200,155.86307299963664,qwen7b-npu6,
1782584928.1726868,200,152.59728299861308,qwen7b-npu6,
1782584928.1882935,200,100.55900900260895,qwen7b-npu5,
1782584928.1942058,200,90.30233600060456,qwen7b-npu7,
1782584928.2030652,200,85.0535450008465,qwen7b-npu4,
1782584928.2136018,200,99.46052200029953,qwen7b-npu5,
1782584928.2240074,200,110.98621199926129,qwen7b-npu6,
1782584928.2281795,200,99.98905500106048,qwen7b-npu4,
1782584928.238309,200,94.97399400061113,qwen7b-npu5,
1782584928.2473462,200,104.86300500269863,qwen7b-npu7,
1782584928.2535937,200,90.32307700181263,qwen7b-npu4,
1782584928.2748203,200,102.68769100002828,qwen7b-npu7,
1782584928.277626,200,104.81117400195217,qwen7b-npu4,
1782584928.2787006,200,106.91842699816334,qwen7b-npu6,
1782584928.2878463,200,93.5731460012903,qwen7b-npu5,
1782584928.300492,200,97.35923900007037,qwen7b-npu7,
1782584928.3064337,200,118.04339500304195,qwen7b-npu6,
1782584928.313006,200,99.28157000103965,qwen7b-npu5,
1782584928.3157449,200,91.63683500082698,qwen7b-npu3,
1782584928.32553,200,97.28067800097051,qwen7b-npu7,
1782584928.337116,200,83.42167400041944,qwen7b-npu5,
1782584928.3749814,200,136.58371699784766,qwen7b-npu6,
1782584928.3905678,200,143.15658700070344,qwen7b-npu4,
1782584928.4170525,200,138.26184699792066,qwen7b-npu4,
1782584928.417525,200,129.61608399928082,qwen7b-npu4,
1782584928.4315693,200,156.63928799767746,qwen7b-npu6,
1782584928.4324753,200,154.75353699730476,qwen7b-npu6,
1782584928.4405365,200,134.01171100122156,qwen7b-npu4,
1782584928.4422576,200,141.6649380007584,qwen7b-npu7,
1782584928.442571,200,129.45786400086945,qwen7b-npu7,
1782584928.4500732,200,124.45508299788344,qwen7b-npu5,
1782584928.4508576,200,135.02225699994597,qwen7b-npu5,
1782584928.458162,200,120.98504199821036,qwen7b-npu6,
1782584928.489677,200,98.979219001194,qwen7b-npu4,
1782584928.5042048,200,129.16107199998805,qwen7b-npu7,
1782584928.5386853,200,96.3451530005841,qwen7b-npu4,
1782584928.5403273,200,108.67464700277196,qwen7b-npu6,
1782584928.5619252,200,144.28285300164134,qwen7b-npu5,
1782584928.5622268,200,121.59340599828283,qwen7b-npu5,
1782584928.5672488,200,108.99035900001763,qwen7b-npu6,
1782584928.5861762,200,81.9015560009575,qwen7b-npu5,
1782584928.588282,200,98.50552599891671,qwen7b-npu4,
1782584928.5974808,200,164.8954379998031,qwen7b-npu7,
1782584928.5978577,200,180.704793001496,qwen7b-npu7,
1782584928.6244638,200,174.29331400126102,qwen7b-npu7,
1782584928.6255715,200,182.87172700001975,qwen7b-npu7,
1782584928.6260004,200,175.04656999881263,qwen7b-npu7,
1782584928.6393209,200,98.92701799981296,qwen7b-npu4,
1782584928.6727126,200,133.9617499979795,qwen7b-npu5,
1782584928.6897573,200,101.40957399926265,qwen7b-npu4,
1782584928.6925929,200,130.59539099776885,qwen7b-npu6,
1782584928.7099428,200,85.41081699877395,qwen7b-npu7,
1782584928.7148235,200,89.13312900040182,qwen7b-npu4,
1782584928.7217987,200,159.5024559974263,qwen7b-npu6,
1782584928.7221074,200,154.75753599821473,qwen7b-npu6,
1782584928.747376,200,149.78165600041393,qwen7b-npu6,
1782584928.7612529,200,163.27957799876458,qwen7b-npu5,
1782584928.7616258,200,175.34866200003307,qwen7b-npu5,
1782584928.7745292,200,101.73424599997816,qwen7b-npu6,
1782584928.7864742,200,147.03912999902968,qwen7b-npu5,
1782584928.7868552,200,160.7364029987366,qwen7b-npu5,
1782584928.800339,200,90.28299700003117,qwen7b-npu6,
1782584928.809729,200,87.8325119992951,qwen7b-npu5,
1782584928.8370094,200,122.07971899988479,qwen7b-npu7,
1782584928.8628657,200,173.0389969998214,qwen7b-npu4,
1782584928.8632102,200,170.558361998701,qwen7b-npu4,
1782584928.8784614,200,91.90098699764349,qwen7b-npu6,
1782584928.8842263,200,97.24760899916873,qwen7b-npu5,
1782584928.8875499,200,125.85509199925582,qwen7b-npu4,
1782584928.8882954,200,166.1166650010273,qwen7b-npu4,
1782584928.8892298,200,127.84647399894311,qwen7b-npu7,
1782584928.8901598,200,142.68445299967425,qwen7b-npu7,
1782584928.909045,200,99.1760399992927,qwen7b-npu5,
1782584928.9117239,200,137.12487999873701,qwen7b-npu4,
1782584928.91471,200,114.27682199791889,qwen7b-npu7,
1782584928.940647,200,103.56304699962493,qwen7b-npu7,
1782584928.9591937,200,96.21487200274714,qwen7b-npu5,
1782584928.9653306,200,102.04782700020587,qwen7b-npu7,
1782584928.9837117,200,95.31659699860029,qwen7b-npu5,
1782584928.9929886,200,83.8488179979322,qwen7b-npu4,
1782584929.0094578,200,130.9319219981262,qwen7b-npu6,
1782584929.0158408,200,101.0358109997469,qwen7b-npu7,
1782584929.0193882,200,107.56878100073664,qwen7b-npu4,
1782584929.0322523,200,91.5090529997542,qwen7b-npu5,
1782584929.0394967,200,149.23039300265373,qwen7b-npu6,
1782584929.0398858,200,150.5562819984334,qwen7b-npu6,
1782584929.0402865,200,155.94246399996337,qwen7b-npu6,
1782584929.0405505,200,152.9072660014208,qwen7b-npu6,
1782584929.0647876,200,99.39088099781657,qwen7b-npu7,
1782584929.0788774,200,119.58216399943922,qwen7b-npu4,
1782584929.1035743,200,84.07801899738843,qwen7b-npu5,
1782584929.157207,200,147.68890399864176,qwen7b-npu6,
1782584929.1644704,200,171.3921880000271,qwen7b-npu4,
1782584929.1653094,200,181.49990899837576,qwen7b-npu4,
1782584929.1790016,200,114.1444010027044,qwen7b-npu3,
1782584929.1793394,200,139.32743400073377,qwen7b-npu7,
1782584929.179729,200,139.11503199778963,qwen7b-npu7,
1782584929.1833174,200,150.95928400114644,qwen7b-npu6,
1782584929.1837404,200,143.37843799876282,qwen7b-npu6,
1782584929.1934772,200,153.8632410010905,qwen7b-npu4,
1782584929.1938872,200,177.98449799738592,qwen7b-npu4,
1782584929.206485,200,102.84620299717062,qwen7b-npu3,
1782584929.2074845,200,128.5400680026214,qwen7b-npu6,
1782584929.2811658,200,123.89040999914869,qwen7b-npu5,
1782584929.3024635,200,122.66625299889711,qwen7b-npu7,
1782584929.3065329,200,141.99819900022703,qwen7b-npu5,
1782584929.3073487,200,141.92523900055676,qwen7b-npu4,
1782584929.3080943,200,128.99358099821256,qwen7b-npu5,
1782584929.308631,200,129.21746199936024,qwen7b-npu4,
1782584929.3244715,200,130.4682900008629,qwen7b-npu6,
1782584929.3247237,200,140.8641819980403,qwen7b-npu6,
1782584929.3282835,200,144.85380699989037,qwen7b-npu7,
1782584929.3306818,200,137.09100000050967,qwen7b-npu5,
1782584929.3546824,200,147.132400998089,qwen7b-npu7,
1782584929.3549953,200,148.44228899892187,qwen7b-npu7,
1782584929.3781028,200,96.822436000366,qwen7b-npu7,
1782584929.4024603,200,93.76030699786497,qwen7b-npu7,
1782584929.426861,200,96.06400199845666,qwen7b-npu7,
1782584929.4275146,200,124.98152699845377,qwen7b-npu4,
1782584929.4536915,200,125.30852800045977,qwen7b-npu4,
1782584929.4540777,200,145.8753830011119,qwen7b-npu4,
1782584929.454502,200,147.04283999890322,qwen7b-npu4,
1782584929.4583008,200,80.12728500034427,qwen7b-npu5,
1782584929.4723563,200,165.74458299874095,qwen7b-npu6,
1782584929.4767406,200,121.95999799951096,qwen7b-npu4,
1782584929.4984498,200,173.90456299835932,qwen7b-npu6,
1782584929.498965,200,174.1756939991319,qwen7b-npu6,
1782584929.5244505,200,121.92724800115684,qwen7b-npu6,
1782584929.5249643,200,169.90822800289607,qwen7b-npu6,
1782584929.5265234,200,99.55340300075477,qwen7b-npu4,
1782584929.533896,200,80.09115399909206,qwen7b-npu5,
1782584929.5485594,200,120.92954199761152,qwen7b-npu6,
1782584929.5749753,200,120.35575800109655,qwen7b-npu7,
1782584929.577106,200,104.68675400261418,qwen7b-npu4,
1782584929.5952525,200,118.44804700012901,qwen7b-npu3,
1782584929.5983171,200,99.2858610006806,qwen7b-npu6,
1782584929.601593,200,103.07509399717674,qwen7b-npu4,
1782584929.60322,200,144.82125699942117,qwen7b-npu7,
1782584929.6035357,200,149.33805400141864,qwen7b-npu7,
1782584929.6080275,200,83.51009499892825,qwen7b-npu5,
1782584929.6232157,200,89.22081999844522,qwen7b-npu6,
1782584929.6247575,200,99.72883299997193,qwen7b-npu7,
1782584929.6262815,200,99.66361400074675,qwen7b-npu4,
1782584929.6562872,200,107.62651099867071,qwen7b-npu5,
1782584929.7104166,200,133.210116000555,qwen7b-npu7,
1782584929.7202723,200,145.1998080010526,qwen7b-npu5,
1782584929.744335,200,149.0149420023954,qwen7b-npu7,
1782584929.7446601,200,136.57104700178024,qwen7b-npu7,
1782584929.7449012,200,141.29333500022767,qwen7b-npu6,
1782584929.745394,200,142.10536999962642,qwen7b-npu6,
1782584929.7456865,200,144.0284509990306,qwen7b-npu6,
1782584929.7466252,200,148.24212700114003,qwen7b-npu7,
1782584929.7601452,200,103.76473799988162,qwen7b-npu6,
1782584929.7728658,200,148.0131460011762,qwen7b-npu5,
1782584929.773184,200,149.8623570005293,qwen7b-npu5,
1782584929.773651,200,147.26702100233524,qwen7b-npu5,
1782584929.8206031,200,100.22833699986222,qwen7b-npu5,
1782584929.8295438,200,119.06297099994845,qwen7b-npu4,
1782584929.8299315,200,83.23609400031273,qwen7b-npu7,
1782584929.8448787,200,99.12165000059758,qwen7b-npu5,
1782584929.873264,200,128.5396679995756,qwen7b-npu6,
1782584929.8735077,200,128.04391499958,qwen7b-npu6,
1782584929.8738868,200,129.43771299978835,qwen7b-npu6,
1782584929.9152026,200,170.22852000081912,qwen7b-npu4,
1782584929.9155462,200,155.33368999967934,qwen7b-npu4,
1782584929.9213848,200,100.68232999765314,qwen7b-npu6,
1782584929.9260304,200,152.26107200214756,qwen7b-npu7,
1782584929.9399946,200,166.6717490006704,qwen7b-npu4,
1782584929.9404047,200,167.45269400053076,qwen7b-npu4,
1782584929.956904,200,127.25759000022663,qwen7b-npu5,
1782584929.966578,200,121.63495600179886,qwen7b-npu7,
1782584929.9671707,200,137.16847099931329,qwen7b-npu7,
1782584929.970213,200,96.8806359996961,qwen7b-npu6,
1782584930.0062108,200,132.63080300021102,qwen7b-npu5,
1782584930.0067892,200,132.83576400135644,qwen7b-npu5,
1782584930.0146492,200,93.16181399844936,qwen7b-npu4,
1782584930.0176556,200,102.02442700028769,qwen7b-npu7,
1782584930.0194018,200,104.12432999874,qwen7b-npu6,
1782584930.0402038,200,99.67454399884446,qwen7b-npu4,
1782584930.0443385,200,118.21117599902209,qwen7b-npu3,
1782584930.053449,200,96.47809400121332,qwen7b-npu5,
1782584930.067043,200,100.40270799800055,qwen7b-npu6,
1782584930.0726037,200,102.32664999784902,qwen7b-npu3,
1782584930.079068,200,138.95200100159855,qwen7b-npu7,
1782584930.1011498,200,133.89739000194822,qwen7b-npu4,
1782584930.1262484,200,81.84883500143769,qwen7b-npu5,
1782584930.1300082,200,123.72705899906578,qwen7b-npu7,
1782584930.130386,200,123.53189699933864,qwen7b-npu7,
1782584930.1821692,200,141.8640489973768,qwen7b-npu6,
1782584930.1825469,200,129.03605099927518,qwen7b-npu6,
1782584930.188612,200,169.14376400018227,qwen7b-npu4,
1782584930.1889353,200,174.16441399836913,qwen7b-npu4,
1782584930.1892757,200,171.52189799890039,qwen7b-npu4,
1782584930.212836,200,140.13322800019523,qwen7b-npu4,
1782584930.2133412,200,146.23974499772885,qwen7b-npu4,
1782584930.2183173,200,139.1413730016211,qwen7b-npu5,
1782584930.2316124,200,101.5134039989789,qwen7b-npu6,
1782584930.2444048,200,143.15566600271268,qwen7b-npu5,
1782584930.2691472,200,138.65062900003977,qwen7b-npu5,
1782584930.2698996,200,143.5394889995223,qwen7b-npu5,
1782584930.3178895,200,99.46476199911558,qwen7b-npu5,
1782584930.3228695,200,140.20392800011905,qwen7b-npu4,
1782584930.323424,200,134.41532400247524,qwen7b-npu4,
1782584930.3272088,200,82.7047910024703,qwen7b-npu6,
1782584930.3420935,200,159.83849800250027,qwen7b-npu7,
1782584930.3654559,200,133.72927899763454,qwen7b-npu3,
1782584930.3658447,200,152.94216500115,qwen7b-npu3,
1782584930.37022,200,181.50839900044957,qwen7b-npu7,
1782584930.370486,200,181.13948699829052,qwen7b-npu7,
1782584930.3714929,200,102.28028900019126,qwen7b-npu4,
1782584930.3953767,200,125.37239899756969,qwen7b-npu7,
1782584930.3961906,200,182.78390600244165,qwen7b-npu7,
1782584930.4078832,200,84.34170100008487,qwen7b-npu6,
1782584930.4394102,200,121.41755500124418,qwen7b-npu5,
1782584930.4562325,200,133.2535059991642,qwen7b-npu4,
1782584930.4648612,200,122.70062300012796,qwen7b-npu5,
1782584930.4655056,200,138.22913699914352,qwen7b-npu5,
1782584930.4874334,200,91.14117100034491,qwen7b-npu5,
1782584930.4902315,200,82.28388799761888,qwen7b-npu6,
1782584930.5070071,200,136.71043800059124,qwen7b-npu7,
1782584930.507514,200,136.95783900038805,qwen7b-npu7,
1782584930.543515,200,177.94294700070168,qwen7b-npu4,
1782584930.5444753,200,172.91573700276786,qwen7b-npu4,
1782584930.5448523,200,178.8783730007708,qwen7b-npu4,
1782584930.5536547,200,88.69498700005352,qwen7b-npu7,
1782584930.568781,200,129.2455830007384,qwen7b-npu4,
1782584930.5692155,200,173.74436099999002,qwen7b-npu4,
1782584930.5985813,200,142.2535509991576,qwen7b-npu5,
1782584930.6079955,200,100.41136799918604,qwen7b-npu7,
1782584930.624117,200,136.61221700021997,qwen7b-npu5,
1782584930.6244812,200,134.1872519988101,qwen7b-npu5,
1782584930.628953,200,163.37733900218154,qwen7b-npu4,
1782584930.6476014,200,140.5250210009399,qwen7b-npu5,
1782584930.6574717,200,88.13150300193229,qwen7b-npu7,
1782584930.706683,200,163.06633700150996,qwen7b-npu6,
1782584930.7152102,200,170.29142100000172,qwen7b-npu4,
1782584930.715571,200,170.99835499902838,qwen7b-npu4,
1782584930.7196274,200,95.40953800023999,qwen7b-npu5,
1782584930.7397904,200,170.88778499964974,qwen7b-npu6,
1782584930.74034,200,186.61538000014843,qwen7b-npu6,
1782584930.7457685,200,88.19288400263758,qwen7b-npu7,
1782584930.7598317,200,151.7658590018982,qwen7b-npu6,
1782584930.760181,200,161.4797770016594,qwen7b-npu6,
1782584930.7651653,200,136.14520400005858,qwen7b-npu4,
1782584930.7656813,200,141.13531399925705,qwen7b-npu4,
1782584930.8250093,200,177.30294300054084,qwen7b-npu4,
1782584930.8320415,200,116.4038549977704,qwen7b-npu5,
1782584930.8343296,200,127.58216200018069,qwen7b-npu7,
1782584930.847871,200,82.12443699812866,qwen7b-npu6,
1782584930.8602846,200,144.94924700193224,qwen7b-npu7,
1782584930.86059,200,140.8951529992919,qwen7b-npu7,
1782584930.875179,200,135.2329479996115,qwen7b-npu4,
1782584930.875641,200,135.1846379984636,qwen7b-npu4,
1782584930.8829186,200,122.62657199971727,qwen7b-npu5,
1782584930.8841631,200,138.2916969996586,qwen7b-npu5,
1782584930.8848233,200,124.87808500009123,qwen7b-npu7,
1782584930.8989224,200,133.68762900063302,qwen7b-npu4,
1782584930.9594207,200,83.66713700161199,qwen7b-npu7,
1782584930.970599,200,138.46346799982712,qwen7b-npu5,
1782584930.9921994,200,107.26304899799288,qwen7b-npu7,
1782584930.998081,200,137.72563399834326,qwen7b-npu5,
1782584930.9984262,200,137.76728400262073,qwen7b-npu5,
1782584931.0008152,200,116.54338500011363,qwen7b-npu3,
1782584931.0027416,200,177.6304449995223,qwen7b-npu6,
1782584931.003126,200,168.69406100158812,qwen7b-npu6,
1782584931.0227432,200,123.73599900092813,qwen7b-npu5,
1782584931.0288203,200,153.49015899846563,qwen7b-npu6,
1782584931.029271,200,181.30109800040373,qwen7b-npu6,
1782584931.029674,200,146.6912380019494,qwen7b-npu6,
1782584931.0636232,200,104.13574999984121,qwen7b-npu7,
1782584931.0763962,200,84.0979589993367,qwen7b-npu4,
1782584931.0891407,200,85.90512000228046,qwen7b-npu7,
1782584931.1004477,200,101.95065700099804,qwen7b-npu4,
1782584931.1103947,200,139.7266559979471,qwen7b-npu5,
1782584931.1141524,200,85.19260499815573,qwen7b-npu7,
1782584931.1242247,200,101.3777129992377,qwen7b-npu4,
1782584931.1359236,200,133.08179500018014,qwen7b-npu5,
1782584931.1627312,200,133.3430769991537,qwen7b-npu5,
1782584931.1630688,200,133.33038699784083,qwen7b-npu5,
1782584931.1814106,200,183.21851900327601,qwen7b-npu6,
1782584931.1818166,200,180.89850499745808,qwen7b-npu6,
1782584931.1957023,200,85.23990599860554,qwen7b-npu7,
1782584931.2066247,200,142.93135499974596,qwen7b-npu6,
1782584931.2070143,200,130.51514999824576,qwen7b-npu6,
1782584931.2224703,200,98.14439399997354,qwen7b-npu7,
1782584931.2305768,200,141.33983600186184,qwen7b-npu6,
1782584931.2425575,200,106.53128400008427,qwen7b-npu5,
1782584931.26651,200,103.65858699879027,qwen7b-npu5,
1782584931.2763112,200,175.76586399809457,qwen7b-npu4,
1782584931.276549,200,113.41905600056634,qwen7b-npu7,
1782584931.2767696,200,162.5021830004698,qwen7b-npu4,
1782584931.3035088,200,107.69202199662686,qwen7b-npu7,
1782584931.3086185,200,101.89513699879171,qwen7b-npu6,
1782584931.328243,200,146.72856800098089,qwen7b-npu4,
1782584931.3285904,200,146.66416799809667,qwen7b-npu4,
1782584931.3294106,200,106.84045699963463,qwen7b-npu7,
1782584931.3337011,200,102.97251299925847,qwen7b-npu6,
1782584931.3526654,200,145.53517100284807,qwen7b-npu4,
1782584931.3554251,200,88.8312169990968,qwen7b-npu7,
1782584931.3597593,200,117.11757900047814,qwen7b-npu6,
1782584931.380752,200,103.9020989992423,qwen7b-npu7,
1782584931.4012756,200,124.66720500015072,qwen7b-npu5,
1782584931.4229317,200,146.55605699954322,qwen7b-npu6,
1782584931.4318655,200,103.49984600179596,qwen7b-npu7,
1782584931.4356055,200,131.96832899848232,qwen7b-npu4,
1782584931.4551244,200,125.62192999757826,qwen7b-npu5,
1782584931.4554641,200,146.74157799890963,qwen7b-npu5,
1782584931.4749844,200,141.15543399748276,qwen7b-npu6,
1782584931.4755714,200,146.92006999757723,qwen7b-npu6,
1782584931.4803379,200,127.56014199840138,qwen7b-npu5,
1782584931.482993,200,102.14463900047122,qwen7b-npu7,
1782584931.4881124,200,128.22880599924247,qwen7b-npu4,
1782584931.488451,200,132.93328500003554,qwen7b-npu4,
1782584931.5059807,200,104.59040299974731,qwen7b-npu5,
1782584931.5249002,200,89.20439999928931,qwen7b-npu6,
1782584931.5684679,200,145.4582210026274,qwen7b-npu5,
1782584931.5702164,200,87.14059699923382,qwen7b-npu4,
1782584931.573568,200,141.60148700102582,qwen7b-npu7,
1782584931.577592,200,101.90580700145802,qwen7b-npu6,
1782584931.593787,200,138.55236799645354,qwen7b-npu5,
1782584931.595155,200,106.93433699998423,qwen7b-npu4,
1782584931.600642,200,125.57845000264933,qwen7b-npu7,
1782584931.601211,200,145.68367199899512,qwen7b-npu7,
1782584931.6036408,200,97.5952610024251,qwen7b-npu6,
1782584931.6211064,200,132.57381199946394,qwen7b-npu5,
1782584931.6214921,200,141.0444440007268,qwen7b-npu5,
1782584931.666921,200,141.95564900001045,qwen7b-npu6,
1782584931.670521,200,101.93322600025567,qwen7b-npu5,
1782584931.6717143,200,98.08193400021992,qwen7b-npu4,
1782584931.695634,200,94.89792400199804,qwen7b-npu5,
1782584931.6965222,200,95.24698699897272,qwen7b-npu4,
1782584931.7183175,200,147.99635600138572,qwen7b-npu6,
1782584931.718924,200,141.23407400256838,qwen7b-npu6,
1782584931.7200544,200,126.19665400052327,qwen7b-npu7,
1782584931.7218988,200,100.28995700122323,qwen7b-npu4,
1782584931.7487576,200,153.52647899999283,qwen7b-npu7,
1782584931.7492282,200,145.5065709997143,qwen7b-npu7,
1782584931.7574627,200,136.25942499857047,qwen7b-npu5,
1782584931.7726946,200,105.66266999740037,qwen7b-npu7,
1782584931.797309,200,101.60744500171859,qwen7b-npu4,
1782584931.8082163,200,137.5542130008398,qwen7b-npu5,
1782584931.8086867,200,136.87136899898178,qwen7b-npu5,
1782584931.8215559,200,103.17460499936715,qwen7b-npu4,
1782584931.831182,200,112.18848899807199,qwen7b-npu5,
1782584931.8318703,200,135.28613900052733,qwen7b-npu6,
1782584931.8745522,200,101.75767599866958,qwen7b-npu3,
1782584931.8906257,200,141.28143600100884,qwen7b-npu7,
1782584931.8909152,200,142.0207989976916,qwen7b-npu7,
1782584931.8916032,200,134.0456109974184,qwen7b-npu7,
1782584931.8958466,200,173.84185199989588,qwen7b-npu6,
1782584931.89622,200,176.05350500161876,qwen7b-npu6,
1782584931.9119632,200,80.65469799839775,qwen7b-npu5,
1782584931.9349253,200,126.54487599866115,qwen7b-npu4,
1782584931.9353948,200,137.96939500025474,qwen7b-npu4,
1782584931.9845614,200,162.93985599986627,qwen7b-npu6,
1782584931.9848852,200,176.0843260017282,qwen7b-npu6,
1782584932.0103717,200,178.43657000048552,qwen7b-npu6,
1782584932.0107281,200,136.0805430012988,qwen7b-npu6,
1782584932.017163,200,126.46244500137982,qwen7b-npu7,
1782584932.0221744,200,86.66649499718915,qwen7b-npu4,
1782584932.0346358,200,122.57661200055736,qwen7b-npu6,
1782584932.0367944,200,140.8266319995164,qwen7b-npu5,
1782584932.0372193,200,145.53576099933707,qwen7b-npu5,
1782584932.044422,200,153.39047800080152,qwen7b-npu7,
1782584932.0448182,200,148.5032090022287,qwen7b-npu7,
1782584932.046638,200,111.5540550017613,qwen7b-npu4,
1782584932.0711553,200,86.51440299945534,qwen7b-npu4,
1782584932.0758686,200,90.92054099892266,qwen7b-npu5,
1782584932.1101658,200,92.94413199677365,qwen7b-npu6,
1782584932.1394753,200,92.70167099748505,qwen7b-npu7,
1782584932.161112,200,89.83957399686915,qwen7b-npu6,
1782584932.1621327,200,139.83810700301547,qwen7b-npu5,
1782584932.164438,200,88.50412600077107,qwen7b-npu7,
1782584932.167477,200,156.63874800156918,qwen7b-npu3,
1782584932.1678438,200,157.38477199920453,qwen7b-npu3,
1782584932.1832829,200,145.96646400241298,qwen7b-npu4,
1782584932.1842113,200,147.2979909995047,qwen7b-npu4,
1782584932.1882665,200,143.33695800087298,qwen7b-npu5,
1782584932.1886048,200,144.0845619981701,qwen7b-npu5,
1782584932.1947448,200,160.03525799897034,qwen7b-npu3,
1782584932.2129617,200,102.69818099914119,qwen7b-npu6,
1782584932.240707,200,101.12766200109036,qwen7b-npu7,
1782584932.2914338,200,103.07420400204137,qwen7b-npu7,
1782584932.2968998,200,135.67979099752847,qwen7b-npu4,
1782584932.2973182,200,129.73501500164275,qwen7b-npu4,
1782584932.3010566,200,136.55566699890187,qwen7b-npu6,
1782584932.3019435,200,133.98985100138816,qwen7b-npu5,
1782584932.3022072,200,140.00564700108953,qwen7b-npu5,
1782584932.305665,200,110.85329100023955,qwen7b-npu3,
1782584932.3210237,200,132.30258000112372,qwen7b-npu4,
1782584932.3249989,200,111.94713699660497,qwen7b-npu5,
1782584932.3306434,200,147.29249199808692,qwen7b-npu6,
1782584932.3310487,200,146.72622800208046,qwen7b-npu6,
1782584932.3829863,200,142.17757000005804,qwen7b-npu7,
1782584932.3967142,200,90.98050999818952,qwen7b-npu4,
1782584932.4124844,200,120.95344199769897,qwen7b-npu5,
1782584932.4132051,200,88.10397300112527,qwen7b-npu6,
1782584932.435261,200,134.11172199994326,qwen7b-npu7,
1782584932.435844,200,133.82740000088234,qwen7b-npu7,
1782584932.4388165,200,141.79050799793913,qwen7b-npu5,
1782584932.4390578,200,136.77350799844135,qwen7b-npu5,
1782584932.4399476,200,142.52259200293338,qwen7b-npu5,
1782584932.4408364,200,110.08443600076134,qwen7b-npu6,
1782584932.461141,200,129.97157599966158,qwen7b-npu7,
1782584932.462649,200,141.56115600053454,qwen7b-npu5,
1782584932.4875448,200,104.46655199848465,qwen7b-npu7,
1782584932.5133977,200,100.12775600262103,qwen7b-npu7,
1782584932.523801,200,82.86547199895722,qwen7b-npu4,
1782584932.5274293,200,130.6029010011116,qwen7b-npu6,
1782584932.5394208,200,103.51145599997835,qwen7b-npu7,
1782584932.5540283,200,141.42025600085617,qwen7b-npu6,
1782584932.5654671,200,104.22285099775763,qwen7b-npu7,
1782584932.5754018,200,87.74115099731716,qwen7b-npu4,
1782584932.576682,200,137.79571399936685,qwen7b-npu5,
1782584932.5770733,200,137.02896899849293,qwen7b-npu5,
1782584932.5802257,200,141.10035399789922,qwen7b-npu6,
1782584932.5805829,200,145.2234789976501,qwen7b-npu6,
1782584932.6014385,200,87.94077199854655,qwen7b-npu4,
1782584932.6057012,200,142.96431500042672,qwen7b-npu6,
1782584932.625773,200,98.28087500136462,qwen7b-npu5,
1782584932.6309512,200,91.46568300275248,qwen7b-npu6,
1782584932.65125,200,97.12663800019072,qwen7b-npu5,
1782584932.6536992,200,88.12773400131846,qwen7b-npu4,
1782584932.6550148,200,131.11506399945938,qwen7b-npu7,
1782584932.6791983,200,102.0164069996099,qwen7b-npu4,
1782584932.6825783,200,107.08447899742168,qwen7b-npu6,
1782584932.701743,200,95.94446000119206,qwen7b-npu5,
1782584932.709139,200,107.60596099862596,qwen7b-npu6,
1782584932.7095013,200,128.84942900200258,qwen7b-npu7,
1782584932.7098527,200,133.06849600121495,qwen7b-npu7,
1782584932.7101042,200,129.78305499927956,qwen7b-npu7,
1782584932.726569,200,100.73431000273558,qwen7b-npu5,
1782584932.7582893,200,103.18430500046816,qwen7b-npu7,
1782584932.7773778,200,98.08772299948032,qwen7b-npu5,
1782584932.7927876,200,83.54507599869976,qwen7b-npu6,
1782584932.8054347,200,174.4159359986952,qwen7b-npu4,
1782584932.8085437,200,98.92841900000349,qwen7b-npu7,
1782584932.825675,200,99.04050000113784,qwen7b-npu5,
1782584932.8338718,200,182.52935499913292,qwen7b-npu4,
1782584932.834281,200,180.47574299998814,qwen7b-npu4,
1782584932.8599055,200,101.50176499882946,qwen7b-npu7,
1782584932.861745,200,159.90200799933518,qwen7b-npu4,
1782584932.862065,200,151.89572000235785,qwen7b-npu4,
1782584932.862405,200,179.71914800000377,qwen7b-npu4,
1782584932.8629317,200,153.00941600071383,qwen7b-npu4,
1782584932.8764186,200,83.57291599895689,qwen7b-npu6,
1782584932.885999,200,108.52260700266925,qwen7b-npu7,
1782584932.9017444,200,96.19209200172918,qwen7b-npu6,
1782584932.9371126,200,103.13907399904565,qwen7b-npu7,
1782584932.947694,200,139.0852620024816,qwen7b-npu4,
1782584932.9516728,200,88.62918600061676,qwen7b-npu6,
1782584932.9534528,200,119.05040099736652,qwen7b-npu5,
1782584932.962269,200,100.44374800054356,qwen7b-npu7,
1782584932.973418,200,147.67634400050156,qwen7b-npu4,
1782584933.00232,200,139.76175599964336,qwen7b-npu4,
1782584933.00278,200,142.78481400106102,qwen7b-npu4,
1782584933.0058515,200,129.3435830011731,qwen7b-npu5,
1782584933.0062046,200,144.07087200015667,qwen7b-npu5,
1782584933.0262527,200,140.19824800197966,qwen7b-npu4,
1782584933.0300446,200,128.19593500171322,qwen7b-npu5,
1782584933.0319169,200,94.71509300055914,qwen7b-npu6,
1782584933.054979,200,103.2389649990364,qwen7b-npu5,
1782584933.078102,200,130.31255799796782,qwen7b-npu7,
1782584933.0923042,200,138.74366900199675,qwen7b-npu6,
1782584933.1006866,200,94.37286100001074,qwen7b-npu3,
1782584933.1049552,200,142.6012929987337,qwen7b-npu7,
1782584933.1051931,200,131.71301699912874,qwen7b-npu7,
1782584933.1062233,200,100.26600600031088,qwen7b-npu4,
1782584933.1286683,200,98.52724600204965,qwen7b-npu5,
1782584933.1326492,200,100.64146900185733,qwen7b-npu4,
1782584933.1434517,200,140.55495099819382,qwen7b-npu6,
1782584933.1438715,200,141.42066600106773,qwen7b-npu6,
1782584933.1673343,200,140.99524300036137,qwen7b-npu6,
1782584933.1851294,200,106.96321700015687,qwen7b-npu4,
1782584933.1937785,200,138.70664900241536,qwen7b-npu7,
1782584933.2104023,200,105.14660599801573,qwen7b-npu4,
1782584933.2379131,200,109.15006999857724,qwen7b-npu4,
1782584933.2434163,200,151.00657400034834,qwen7b-npu5,
1782584933.2438672,200,138.84419999885722,qwen7b-npu5,
1782584933.2448554,200,100.84757000004174,qwen7b-npu6,
1782584933.2472303,200,146.4556570026616,qwen7b-npu7,
1782584933.2476635,200,141.33854499959853,qwen7b-npu7,
1782584933.2635152,200,96.08818100241479,qwen7b-npu4,
1782584933.2666066,200,123.04590499843471,qwen7b-npu5,
1782584933.2701423,200,84.91876399784815,qwen7b-npu6,
1782584933.272318,200,139.57650500015006,qwen7b-npu7,
1782584933.2897906,200,95.94753000055789,qwen7b-npu4,
1782584933.2972245,200,86.75713499906124,qwen7b-npu7,
1782584933.3419178,200,103.92974899878027,qwen7b-npu4,
1782584933.342613,200,94.81564399902709,qwen7b-npu5,
1782584933.3483162,200,103.3330059981381,qwen7b-npu7,
1782584933.3528223,200,105.48068799835164,qwen7b-npu3,
1782584933.3673058,200,97.09902800022974,qwen7b-npu5,
1782584933.368065,200,104.48711200297112,qwen7b-npu4,
1782584933.3733308,200,106.62725500151282,qwen7b-npu7,
1782584933.3844633,200,140.48449999972945,qwen7b-npu6,
1782584933.3853464,200,141.79624800090096,qwen7b-npu6,
1782584933.3921723,200,102.28282900061458,qwen7b-npu5,
1782584933.3977122,200,100.42372799944133,qwen7b-npu7,
1782584933.4369433,200,94.95875500215334,qwen7b-npu3,
1782584933.4426801,200,99.97541499978979,qwen7b-npu5,
1782584933.4459438,200,173.52939999909722,qwen7b-npu6,
1782584933.467798,200,99.67548399799853,qwen7b-npu5,
1782584933.4713795,200,122.94815399945946,qwen7b-npu6,
1782584933.4722242,200,98.8352490021498,qwen7b-npu7,
1782584933.492198,200,106.74002599989763,qwen7b-npu5,
1782584933.499271,200,131.90221799959545,qwen7b-npu6,
1782584933.5000443,200,147.1142999980657,qwen7b-npu6,
1782584933.5096545,200,125.13233700155979,qwen7b-npu4,
1782584933.521683,200,84.67042299889727,qwen7b-npu7,
1782584933.5359755,200,143.69635899856803,qwen7b-npu4,
1782584933.5367236,200,138.94327100206283,qwen7b-npu4,
1782584933.5605557,200,117.78506300106528,qwen7b-npu4,
1782584933.5669637,200,94.65045300021302,qwen7b-npu5,
1782584933.5863574,200,140.35367900214624,qwen7b-npu6,
1782584933.5915525,200,99.25936099898536,qwen7b-npu5,
1782584933.611277,200,89.49541200126987,qwen7b-npu4,
1782584933.6128283,200,141.33438499993645,qwen7b-npu6,
1782584933.6135275,200,145.6735120009398,qwen7b-npu6,
1782584933.6298294,200,93.00761299891747,qwen7b-npu3,
1782584933.6361456,200,136.00553399737692,qwen7b-npu6,
1782584933.637529,200,101.46367400011513,qwen7b-npu4,
1782584933.6752367,200,165.49478099841508,qwen7b-npu7,
1782584933.6760783,200,176.71876899839845,qwen7b-npu7,
1782584933.688507,200,102.06099700008053,qwen7b-npu4,
1782584933.7005038,200,139.86168599876692,qwen7b-npu7,
1782584933.7010958,200,134.02672099982738,qwen7b-npu7,
1782584933.71108,200,98.13528399899951,qwen7b-npu6,
1782584933.714563,200,103.21605500212172,qwen7b-npu4,
1782584933.7251134,200,133.50178800101276,qwen7b-npu7,
1782584933.7433205,200,107.07107800044469,qwen7b-npu4,
1782584933.744311,200,130.70975099981297,qwen7b-npu5,
1782584933.7627172,200,86.53201400011312,qwen7b-npu6,
1782584933.767201,200,91.89505600079428,qwen7b-npu4,
1782584933.7880483,200,87.47100899927318,qwen7b-npu6,
1782584933.7994602,200,169.53055599879008,qwen7b-npu5,
1782584933.7999713,200,162.3438120004721,qwen7b-npu5,
1782584933.8013544,200,90.1781350003148,qwen7b-npu7,
1782584933.8275268,200,102.31764900163398,qwen7b-npu7,
1782584933.8386097,200,95.21129600034328,qwen7b-npu6,
1782584933.861005,200,172.42974300097558,qwen7b-npu5,
1782584933.8632095,200,95.94662100062123,qwen7b-npu6,
1782584933.8837452,200,83.6506659979932,qwen7b-npu4,
1782584933.887524,200,186.36394799978007,qwen7b-npu5,
1782584933.8879535,200,173.3276589984598,qwen7b-npu5,
1782584933.9124207,200,149.60046600026544,qwen7b-npu5,
1782584933.9131584,200,168.72050099846092,qwen7b-npu5,
1782584933.916846,200,128.72791899644653,qwen7b-npu7,
1782584933.9431334,200,141.712908000045,qwen7b-npu7,
1782584933.9441955,200,144.59244500176283,qwen7b-npu7,
1782584933.9731228,200,145.50314099687967,qwen7b-npu4,
1782584933.9769337,200,138.26275700193946,qwen7b-npu6,
1782584933.993992,200,81.48242300012498,qwen7b-npu5,
1782584933.9998448,200,138.77594999939902,qwen7b-npu4,
1782584934.0001364,200,136.86895800128696,qwen7b-npu4,
1782584934.0252755,200,112.01214799802983,qwen7b-npu4,
1782584934.0289507,200,85.70725900062826,qwen7b-npu7,
1782584934.0672607,200,183.41465999765205,qwen7b-npu6,
1782584934.0675452,200,179.91116799748852,qwen7b-npu6,
1782584934.0680153,200,179.94317899865564,qwen7b-npu6,
1782584934.071172,200,94.17883000060101,qwen7b-npu5,
1782584934.0830946,200,109.87917499733157,qwen7b-npu7,
1782584934.0922618,200,147.94934499877854,qwen7b-npu6,
1782584934.0927258,200,175.78725400016992,qwen7b-npu6,
1782584934.0964534,200,102.3960589991475,qwen7b-npu5,
1782584934.1033142,200,103.11586399984662,qwen7b-npu4,
1782584934.1061594,200,106.25120300028357,qwen7b-npu7,
1782584934.121572,200,92.54990000044927,qwen7b-npu5,
1782584934.1544058,200,86.72786500028451,qwen7b-npu7,
1782584934.1651592,200,139.76369599913596,qwen7b-npu4,
1782584934.192103,200,123.97016000250005,qwen7b-npu4,
1782584934.2082498,200,125.08544699812774,qwen7b-npu5,
1782584934.2188513,200,126.46167500133743,qwen7b-npu4,
1782584934.219232,200,126.39496399788186,qwen7b-npu4,
1782584934.2352762,200,129.060062001372,qwen7b-npu5,
1782584934.2355742,200,132.1996200022113,qwen7b-npu5,
1782584934.2456985,200,174.41761599911842,qwen7b-npu6,
1782584934.246042,200,178.7112319980224,qwen7b-npu6,
1782584934.2621772,200,107.67759100053809,qwen7b-npu3,
1782584934.268596,200,103.33010499743978,qwen7b-npu4,
1782584934.2708523,200,149.15421299883747,qwen7b-npu6,
1782584934.2715335,200,175.00867899798322,qwen7b-npu6,
1782584934.283281,200,91.10964100182173,qwen7b-npu5,
1782584934.2959223,200,87.57372000036412,qwen7b-npu6,
1782584934.3020606,200,82.72116100124549,qwen7b-npu7,
1782584934.3223512,200,103.37660599907394,qwen7b-npu6,
1782584934.3485072,200,102.35011000258964,qwen7b-npu6,
1782584934.3644354,200,128.79883899950073,qwen7b-npu7,
1782584934.3841863,200,138.40851799977827,qwen7b-npu4,
1782584934.3844702,200,149.12942299997667,qwen7b-npu4,
1782584934.3981917,200,126.56508600048255,qwen7b-npu5,
1782584934.398439,200,96.3194529977045,qwen7b-npu6,
1782584934.3988261,200,130.13121699987096,qwen7b-npu5,
1782584934.4096532,200,147.38237200072035,qwen7b-npu4,
1782584934.4148107,200,131.4329449996876,qwen7b-npu7,
1782584934.4155545,200,144.63357600106974,qwen7b-npu7,
1782584934.4224844,200,126.46345599932829,qwen7b-npu5,
1782584934.4290397,200,106.58353500184603,qwen7b-npu3,
1782584934.462575,200,98.04362300201319,qwen7b-npu4,
1782584934.4777088,200,129.10081199879642,qwen7b-npu7,
1782584934.4867322,200,88.22005399997579,qwen7b-npu6,
1782584934.512705,200,113.76373899838654,qwen7b-npu6,
1782584934.518543,200,134.0079709989368,qwen7b-npu5,
1782584934.5207412,200,110.98240100182011,qwen7b-npu4,
1782584934.5282729,200,144.02233199871262,qwen7b-npu7,
1782584934.5288382,200,130.57979999939562,qwen7b-npu7,
1782584934.5465817,200,117.4353809983586,qwen7b-npu4,
1782584934.55295,200,137.32274100038921,qwen7b-npu7,
1782584934.569333,200,146.74289799950202,qwen7b-npu5,
1782584934.569751,200,154.84491699680802,qwen7b-npu5,
1782584934.5770345,200,99.226620997797,qwen7b-npu7,
1782584934.5926602,200,129.97743600135436,qwen7b-npu5,
1782584934.5942936,200,81.48352299758699,qwen7b-npu6,
1782584934.6386316,200,151.79949900266365,qwen7b-npu4,
1782584934.6623442,200,133.44652699743165,qwen7b-npu7,
1782584934.6653633,200,137.0266099984292,qwen7b-npu4,
1782584934.6656523,200,144.84625599652645,qwen7b-npu4,
1782584934.6667793,200,97.33833899736055,qwen7b-npu5,
1782584934.6888514,200,142.16215100168483,qwen7b-npu7,
1782584934.6893306,200,136.28536499891197,qwen7b-npu7,
1782584934.6902885,200,97.52921000108472,qwen7b-npu4,
1782584934.6961672,200,177.5268640012655,qwen7b-npu3,
1782584934.7468476,200,84.44120099738939,qwen7b-npu5,
1782584934.7497687,200,179.902507999941,qwen7b-npu6,
1782584934.7501497,200,173.04786800013972,qwen7b-npu6,
1782584934.7705727,200,81.09391100151697,qwen7b-npu7,
1782584934.772429,200,105.59090899914736,qwen7b-npu5,
1782584934.774857,200,180.48003199874074,qwen7b-npu6,
1782584934.7825034,200,143.77394000257482,qwen7b-npu4,
1782584934.7967224,200,100.49350800181855,qwen7b-npu5,
1782584934.800704,200,134.98747700214153,qwen7b-npu6,
1782584934.8010483,200,135.61413099887432,qwen7b-npu6,
1782584934.8346934,200,145.69528100037132,qwen7b-npu4,
1782584934.8351703,200,144.78517599854968,qwen7b-npu4,
1782584934.882999,200,133.10893599918927,qwen7b-npu7,
1782584934.8834007,200,133.17823599936673,qwen7b-npu7,
1782584934.8840764,200,101.47826400134363,qwen7b-npu4,
1782584934.8844705,200,137.5442530006694,qwen7b-npu7,
1782584934.9095519,200,137.01652899908368,qwen7b-npu5,
1782584934.933467,200,98.17509400090785,qwen7b-npu4,
1782584934.9538844,200,183.24518900044495,qwen7b-npu6,
1782584934.9542437,200,179.28669499815442,qwen7b-npu6,
1782584934.9683044,200,84.83262399749947,qwen7b-npu7,
1782584934.9713135,200,170.52829200110864,qwen7b-npu5,
1782584934.9717095,200,174.91358899860643,qwen7b-npu5,
1782584934.9792807,200,144.45104400147102,qwen7b-npu6,
1782584934.9802668,200,179.1573039990908,qwen7b-npu6,
1782584934.9842367,200,99.69274300237885,qwen7b-npu4,
1782584934.9943647,200,84.75312299924553,qwen7b-npu7,
1782584935.0195196,200,85.99526099715149,qwen7b-npu7,
1782584935.020703,200,137.5936129988986,qwen7b-npu5,
1782584935.0211327,200,136.95905900021899,qwen7b-npu5,
1782584935.0437076,200,89.36790099687641,qwen7b-npu7,
1782584935.0912476,200,137.24332099809544,qwen7b-npu6,
1782584935.097843,200,129.43701300173416,qwen7b-npu4,
1782584935.1073472,200,123.05164399731439,qwen7b-npu5,
1782584935.118401,200,146.62514700103202,qwen7b-npu6,
1782584935.1187162,200,147.3044110025512,qwen7b-npu6,
1782584935.1257787,200,145.41702999849804,qwen7b-npu4,
1782584935.126141,200,146.7519780017028,qwen7b-npu4,
1782584935.1269279,200,83.11319299900788,qwen7b-npu7,
1782584935.132906,200,138.48260799932177,qwen7b-npu5,
1782584935.142448,200,122.87204400126939,qwen7b-npu6,
1782584935.1593962,200,138.57581800039043,qwen7b-npu5,
1782584935.1598337,200,138.59242900070967,qwen7b-npu5,
1782584935.1916065,200,84.1635690012481,qwen7b-npu6,
1782584935.2161663,200,124.84755599871278,qwen7b-npu7,
1782584935.2411866,200,143.23952600170742,qwen7b-npu7,
1782584935.2676907,200,148.86167100121384,qwen7b-npu7,
1782584935.2680323,200,125.52507000145852,qwen7b-npu7,
1782584935.2684891,200,141.46403599806945,qwen7b-npu7,
1782584935.277909,200,159.4328549981583,qwen7b-npu4,
1782584935.2909126,200,130.97153200214962,qwen7b-npu7,
1782584935.3048553,200,178.60869099968113,qwen7b-npu4,
1782584935.305846,200,179.9635790011962,qwen7b-npu4,
1782584935.3061821,200,173.18466800134047,qwen7b-npu4,
1782584935.3298578,200,138.16118599788751,qwen7b-npu4,
1782584935.331002,200,171.4790180012642,qwen7b-npu4,
1782584935.332101,200,90.78068999951938,qwen7b-npu6,
1782584935.354866,200,138.59192800009623,qwen7b-npu4,
1782584935.3601396,200,91.97929600122734,qwen7b-npu6,
1782584935.3907194,200,122.933483999077,qwen7b-npu5,
1782584935.4047098,200,126.70483699912438,qwen7b-npu7,
1782584935.415309,200,146.70482799920137,qwen7b-npu5,
1782584935.428857,200,98.93891899992013,qwen7b-npu4,
1782584935.4301567,200,139.14170199859655,qwen7b-npu7,
1782584935.4304862,200,124.23727200075518,qwen7b-npu7,
1782584935.4409819,200,135.0324279992492,qwen7b-npu5,
1782584935.4413393,200,136.41642600123305,qwen7b-npu5,
1782584935.4662194,200,134.0536110001267,qwen7b-npu5,
1782584935.4797463,200,88.91601800132776,qwen7b-npu7,
1782584935.5041976,200,88.82647700011148,qwen7b-npu7,
1782584935.509544,200,80.60759799991501,qwen7b-npu4,
1782584935.513623,200,182.5136539991945,qwen7b-npu6,
1782584935.526776,200,121.98644800082548,qwen7b-npu5,
1782584935.540149,200,179.89083900101832,qwen7b-npu6,
1782584935.5408664,200,185.88731500130962,qwen7b-npu6,
1782584935.566483,200,135.92262200108962,qwen7b-npu6,
1782584935.5667944,200,136.5265360000194,qwen7b-npu6,
1782584935.5763063,200,135.20489900110988,qwen7b-npu5,
1782584935.576884,200,135.45112000065274,qwen7b-npu5,
1782584935.591306,200,111.45521399885183,qwen7b-npu6,
1782584935.5927258,200,83.08601300086593,qwen7b-npu4,
1782584935.593022,200,126.71870699705323,qwen7b-npu7,
1782584935.6244292,200,83.49484499922255,qwen7b-npu5,
1782584935.6431596,200,138.8540699990699,qwen7b-npu7,
1782584935.643596,200,129.89814599859528,qwen7b-npu7,
1782584935.6544218,200,127.5795819965424,qwen7b-npu4,
1782584935.657561,200,117.3083100002259,qwen7b-npu3,
1782584935.6684391,200,92.05579700210365,qwen7b-npu7,
1782584935.675585,200,98.6403170027188,qwen7b-npu5,
1782584935.6933181,200,100.22116700201877,qwen7b-npu7,
1782584935.7080956,200,83.5862059975625,qwen7b-npu6,
1782584935.7183282,200,125.50608899982763,qwen7b-npu3,
1782584935.742958,200,151.55715700166184,qwen7b-npu5,
1782584935.7457447,200,178.83745200015255,qwen7b-npu4,
1782584935.7462144,200,179.62404699937906,qwen7b-npu4,
1782584935.7768395,200,83.45759499934502,qwen7b-npu7,
1782584935.7842507,200,108.57372700047563,qwen7b-npu6,
1782584935.785694,200,117.14307899819687,qwen7b-npu3,
1782584935.7911603,200,147.87217499906546,qwen7b-npu5,
1782584935.7915795,200,147.87240399891743,qwen7b-npu5,
1782584935.7934442,200,138.9259410025261,qwen7b-npu4,
1782584935.7946105,200,136.95727899903432,qwen7b-npu4,
1782584935.8085928,200,90.19711500150152,qwen7b-npu6,
1782584935.8146973,200,106.50181399978464,qwen7b-npu5,
1782584935.8670354,200,81.24089199918672,qwen7b-npu4,
1782584935.8702123,200,123.86169900128152,qwen7b-npu6,
1782584935.890149,200,147.0907900002203,qwen7b-npu7,
1782584935.9096014,200,163.71283099942957,qwen7b-npu3,
1782584935.915375,200,124.1048209994915,qwen7b-npu7,
1782584935.9207888,200,136.42172499748995,qwen7b-npu6,
1782584935.9211733,200,144.2215130009572,qwen7b-npu6,
1782584935.922165,200,130.47573999938322,qwen7b-npu6,
1782584935.9386044,200,145.0588079969748,qwen7b-npu3,
1782584935.9389832,200,144.22337300129584,qwen7b-npu3,
1782584935.9432385,200,128.47593699916615,qwen7b-npu7,
1782584935.9438295,200,135.138867997739,qwen7b-npu7,
1782584935.9466994,200,79.60035100040841,qwen7b-npu5,
1782584935.9660966,200,95.78040999986115,qwen7b-npu7,
1782584935.9927764,200,83.07143300044117,qwen7b-npu4,
1782584936.0177631,200,96.85809599977802,qwen7b-npu3,
1782584936.0181632,200,102.71942200051853,qwen7b-npu4,
1782584936.019813,200,98.52373700050521,qwen7b-npu5,
1782584936.0326023,200,142.34514099734952,qwen7b-npu6,
1782584936.0420568,200,98.15366399925551,qwen7b-npu4,
1782584936.0424676,200,103.36665599970729,qwen7b-npu7,
1782584936.0449028,200,106.20205300074304,qwen7b-npu5,
1782584936.0584633,200,136.20179499775986,qwen7b-npu6,
1782584936.0667772,200,100.58687899800134,qwen7b-npu7,
1782584936.121693,200,178.35388899766258,qwen7b-npu6,
1782584936.1220624,200,175.30384099882212,qwen7b-npu6,
1782584936.125627,200,83.45842500057188,qwen7b-npu5,
1782584936.1460412,200,153.15064700189396,qwen7b-npu6,
1782584936.1483378,200,81.49937399866758,qwen7b-npu7,
1782584936.149055,200,90.49942799902055,qwen7b-npu5,
1782584936.1539698,200,136.10043399967253,qwen7b-npu4,
1782584936.1543038,200,121.59555600010208,qwen7b-npu4,
1782584936.1647189,200,146.4361270009249,qwen7b-npu3,
1782584936.165043,200,145.16427900161943,qwen7b-npu3,
1782584936.1728446,200,130.2622879993578,qwen7b-npu6,
1782584936.1732333,200,128.2331959992007,qwen7b-npu6,
1782584936.229373,200,107.24581899921759,qwen7b-npu5,
1782584936.2473896,200,92.96310300123878,qwen7b-npu6,
1782584936.255293,200,90.18328599995584,qwen7b-npu5,
1782584936.261966,200,140.17293800134212,qwen7b-npu4,
1782584936.2629251,200,137.23454999853857,qwen7b-npu7,
1782584936.273101,200,108.28614600177389,qwen7b-npu6,
1782584936.2778654,200,104.51294200174743,qwen7b-npu3,
1782584936.2797477,200,106.78910600108793,qwen7b-npu5,
1782584936.2896192,200,135.57570099874283,qwen7b-npu7,
1782584936.2900007,200,141.56372700017528,qwen7b-npu7,
1782584936.295344,200,149.23308300058125,qwen7b-npu4,
1782584936.2958047,200,146.68520800114493,qwen7b-npu4,
1782584936.353085,200,105.58924899669364,qwen7b-npu3,
1782584936.3632712,200,133.8321100010944,qwen7b-npu6,
1782584936.3770876,200,81.61524399838527,qwen7b-npu7,
1782584936.3977325,200,142.34470200244687,qwen7b-npu4,
1782584936.3980901,200,135.10503799989237,qwen7b-npu4,
1782584936.415484,200,137.5484919990413,qwen7b-npu6,
1782584936.4158587,200,125.78344200301217,qwen7b-npu6,
1782584936.4224021,200,132.67816300140112,qwen7b-npu4,
1782584936.4281664,200,166.13827499895706,qwen7b-npu5,
1782584936.4551961,200,182.01988199871266,qwen7b-npu5,
1782584936.455572,200,175.71831299937912,qwen7b-npu5,
1782584936.4586842,200,81.52962399981334,qwen7b-npu7,
1782584936.4803705,200,184.4575260001875,qwen7b-npu5,
1782584936.4808102,200,127.62754300274537,qwen7b-npu5,
1782584936.4934897,200,95.68614899762906,qwen7b-npu6,
1782584936.503694,200,140.31611899918062,qwen7b-npu5,
1782584936.506407,200,90.8435500023188,qwen7b-npu7,
1782584936.5195656,200,91.30291200199281,qwen7b-npu6,
1782584936.5456436,200,86.86472599947592,qwen7b-npu6,
1782584936.5674078,200,169.24706400095602,qwen7b-npu4,
1782584936.5714936,200,91.00239100007457,qwen7b-npu6,
1782584936.58106,200,87.47365899762372,qwen7b-npu7,
1782584936.5897882,200,134.080501000426,qwen7b-npu5,
1782584936.5948057,200,172.3402130010072,qwen7b-npu4,
1782584936.595195,200,179.21944499903475,qwen7b-npu4,
1782584936.6042013,200,84.5753319990763,qwen7b-npu7,
1782584936.6189973,200,138.0723760012188,qwen7b-npu4,
1782584936.620136,200,164.85453799759853,qwen7b-npu4,
1782584936.6401951,200,133.72580900249886,qwen7b-npu5,
1782584936.6405747,200,136.81711800018093,qwen7b-npu5,
1782584936.644352,200,98.64369699789677,qwen7b-npu4,
1782584936.6632452,200,95.77331999753369,qwen7b-npu5,
1782584936.6940475,200,104.13681000136421,qwen7b-npu4,
1782584936.716243,200,120.94028199862805,qwen7b-npu6,
1782584936.7193775,200,100.27567699944484,qwen7b-npu4,
1782584936.7499714,200,105.52704899964738,qwen7b-npu4,
1782584936.7588398,200,163.9246019985876,qwen7b-npu7,
1782584936.7591505,200,187.53484499757178,qwen7b-npu7,
1782584936.7595997,200,178.44518000129028,qwen7b-npu7,
1782584936.7697904,200,129.4825539989688,qwen7b-npu6,
1782584936.7701995,200,129.51262400019914,qwen7b-npu6,
1782584936.7837014,200,179.43599600039306,qwen7b-npu7,
1782584936.7842166,200,163.97309199965093,qwen7b-npu7,
1782584936.7952116,200,131.90581899834797,qwen7b-npu6,
1782584936.7981222,200,104.0179090014135,qwen7b-npu4,
1782584936.8231392,200,103.66341800181544,qwen7b-npu4,
1782584936.8576095,200,107.53939099959098,qwen7b-npu7,
1782584936.8595626,200,143.25560699944617,qwen7b-npu6,
1782584936.8736377,200,89.31835000112187,qwen7b-npu4,
1782584936.8821294,200,86.83388599820319,qwen7b-npu7,
1782584936.8834467,200,124.21071199787548,qwen7b-npu5,
1782584936.8987806,200,100.59345799891162,qwen7b-npu4,
1782584936.91033,200,150.66203199967276,qwen7b-npu5,
1782584936.9107385,200,151.80536899788422,qwen7b-npu5,
1782584936.9110205,200,141.14736400006223,qwen7b-npu5,
1782584936.9119709,200,128.13312499929452,qwen7b-npu6,
1782584936.9134753,200,143.14234600169584,qwen7b-npu6,
1782584936.9323783,200,109.16209100105334,qwen7b-npu5,
1782584936.9491563,200,89.4631510018371,qwen7b-npu4,
1782584936.9736571,200,91.45044400065672,qwen7b-npu4,
1782584936.994778,200,137.06500900298124,qwen7b-npu7,
1782584936.9976552,200,98.80019800039008,qwen7b-npu4,
1782584936.9994829,200,115.96722200192744,qwen7b-npu3,
1782584937.0004103,200,126.69314599770587,qwen7b-npu6,
1782584937.0446591,200,133.524478002073,qwen7b-npu5,
1782584937.0514028,200,140.57667100132676,qwen7b-npu6,
1782584937.0517783,200,141.32986499680555,qwen7b-npu6,
1782584937.0713167,200,138.84265099841286,qwen7b-npu5,
1782584937.0721314,200,122.84908299989183,qwen7b-npu5,
1782584937.0755835,200,101.85516600176925,qwen7b-npu6,
1782584937.078533,200,80.81167899945285,qwen7b-npu4,
1782584937.0832536,200,169.6525869992911,qwen7b-npu7,
1782584937.0841093,200,172.054921000381,qwen7b-npu7,
1782584937.1315851,200,131.99856899882434,qwen7b-npu5,
1782584937.1332717,200,138.39522700072848,qwen7b-npu7,
1782584937.133579,200,133.06895500136307,qwen7b-npu7,
1782584937.1552646,200,83.03531300043687,qwen7b-npu4,
1782584937.157463,200,105.95777100024861,qwen7b-npu7,
1782584937.1817496,200,129.90118600282585,qwen7b-npu5,
1782584937.1826606,200,137.90483399861841,qwen7b-npu5,
1782584937.1830451,200,107.40252999676159,qwen7b-npu7,
1782584937.1950302,200,123.65100799797801,qwen7b-npu6,
1782584937.215102,200,136.4737760013668,qwen7b-npu4,
1782584937.2213612,200,137.15554000009433,qwen7b-npu6,
1782584937.2221947,200,138.81939099883311,qwen7b-npu6,
1782584937.232094,200,98.45182599747204,qwen7b-npu7,
1782584937.2460027,200,90.64377899994724,qwen7b-npu6,
1782584937.2654767,200,133.7908300010895,qwen7b-npu4,
1782584937.2658274,200,132.4591420016077,qwen7b-npu4,
1782584937.2821486,200,99.03730999940308,qwen7b-npu7,
1782584937.2930176,200,135.45825999972294,qwen7b-npu5,
1782584937.2961204,200,100.99651099881157,qwen7b-npu6,
1782584937.2995405,200,117.7271929991548,qwen7b-npu3,
1782584937.3072183,200,92.05360699706944,qwen7b-npu7,
1782584937.3180935,200,135.331238998333,qwen7b-npu5,
1782584937.3326447,200,100.4541580005025,qwen7b-npu7,
1782584937.3375936,200,91.47910399769899,qwen7b-npu4,
1782584937.3444333,200,123.009203998663,qwen7b-npu5,
1782584937.3448498,200,122.52960199839436,qwen7b-npu5,
1782584937.3579793,200,92.03990699825226,qwen7b-npu7,
1782584937.38235,200,100.11004599800799,qwen7b-npu7,
1782584937.4094446,200,143.8827609999862,qwen7b-npu6,
1782584937.4119203,200,104.63687300216407,qwen7b-npu4,
1782584937.4134424,200,117.25785000089672,qwen7b-npu3,
1782584937.4323037,200,87.3171179991914,qwen7b-npu7,
1782584937.4365819,200,143.47022799847764,qwen7b-npu6,
1782584937.4369144,200,104.17937999955029,qwen7b-npu4,
1782584937.4372106,200,137.60752300004242,qwen7b-npu6,
1782584937.4549992,200,136.81399800043437,qwen7b-npu5,
1782584937.4612136,200,103.14056399874971,qwen7b-npu6,
1782584937.481144,200,143.46136799940723,qwen7b-npu5,
1782584937.4815187,200,136.97629899979802,qwen7b-npu5,
1782584937.4863014,200,103.859058002854,qwen7b-npu6,
1782584937.523796,200,114.2858819985122,qwen7b-npu3,
1782584937.5283399,200,91.65865400063922,qwen7b-npu5,
1782584937.5376868,200,100.41091800303548,qwen7b-npu6,
1782584937.551842,200,90.5340579993208,qwen7b-npu3,
1782584937.562582,200,107.4864609981887,qwen7b-npu6,
1782584937.5660617,200,84.82552399800625,qwen7b-npu7,
1782584937.583378,200,169.8710079981538,qwen7b-npu4,
1782584937.5837338,200,171.71967000103905,qwen7b-npu4,
1782584937.6094918,200,177.07093200078816,qwen7b-npu4,
1782584937.6099308,200,172.9437859976315,qwen7b-npu4,
1782584937.6103396,200,123.94700000004377,qwen7b-npu4,
1782584937.6149838,200,133.3510570002545,qwen7b-npu5,
1782584937.631395,200,102.9609929973958,qwen7b-npu4,
1782584937.6527832,200,90.10996600045473,qwen7b-npu7,
1782584937.6531448,200,87.02454699960072,qwen7b-npu6,
1782584937.6799965,200,96.19310199923348,qwen7b-npu7,
1782584937.7033627,200,93.32060499946238,qwen7b-npu4,
1782584937.7054224,200,95.79579999990528,qwen7b-npu7,
1782584937.7064435,200,95.99531100320746,qwen7b-npu6,
1782584937.7135565,200,98.4780660000979,qwen7b-npu3,
1782584937.7316804,200,100.21992600013618,qwen7b-npu6,
1782584937.7430193,200,219.15557700049249,qwen7b-npu5,
1782584937.7440174,200,206.26546899802634,qwen7b-npu5,
1782584937.7665648,200,183.08965799951693,qwen7b-npu5,
1782584937.766861,200,214.9545409993152,qwen7b-npu5,
1782584937.7912695,200,138.04753600197728,qwen7b-npu5,
1782584937.791976,200,139.09994200002984,qwen7b-npu5,
1782584937.8079228,200,94.24498099906486,qwen7b-npu6,
1782584937.8144627,200,111.03960199761786,qwen7b-npu5,
1782584937.8150308,200,134.93692699921667,qwen7b-npu4,
1782584937.823211,200,116.67235599816195,qwen7b-npu3,
1782584937.8339715,200,90.84918000007747,qwen7b-npu6,
1782584937.841312,200,135.78020199929597,qwen7b-npu4,
1782584937.8497508,200,83.09769300103653,qwen7b-npu7,
1782584937.8588288,200,91.89472700018086,qwen7b-npu6,
1782584937.9018686,200,157.7473649995227,qwen7b-npu4,
1782584937.902161,200,170.38762100128224,qwen7b-npu4,
1782584937.9106793,200,96.15436199965188,qwen7b-npu6,
1782584937.930364,200,138.977361999423,qwen7b-npu5,
1782584937.9307268,200,80.87800000066636,qwen7b-npu7,
1782584937.9310884,200,139.04157200158807,qwen7b-npu5,
1782584937.932105,200,90.65824900244479,qwen7b-npu3,
1782584937.9363656,200,102.32734899909701,qwen7b-npu6,
1782584937.9512985,200,127.99663400073769,qwen7b-npu4,
1782584937.9519908,200,143.9682409982197,qwen7b-npu4,
1782584937.955821,200,140.72217200009618,qwen7b-npu5,
1782584937.9886365,200,86.69932400152902,qwen7b-npu6,
1782584938.0018113,200,91.06939100092859,qwen7b-npu7,
1782584938.0107782,200,151.88494899848592,qwen7b-npu4,
1782584938.0361016,200,133.87108100141631,qwen7b-npu4,
1782584938.0424953,200,110.2832269971259,qwen7b-npu6,
1782584938.063213,200,132.37565199960954,qwen7b-npu4,
1782584938.0635858,200,127.12477999957628,qwen7b-npu4,
1782584938.0640237,200,133.55499799945392,qwen7b-npu4,
1782584938.065498,200,134.2960120018688,qwen7b-npu5,
1782584938.0759873,200,87.28552799948375,qwen7b-npu7,
1782584938.0854845,200,129.6020240006328,qwen7b-npu4,
1782584938.0910945,200,139.7362850002537,qwen7b-npu5,
1782584938.0918808,200,139.79310599825112,qwen7b-npu5,
1782584938.0931454,200,91.27358299883781,qwen7b-npu6,
1782584938.1378992,200,127.06156900094356,qwen7b-npu7,
1782584938.1391706,200,96.56629399978556,qwen7b-npu5,
1782584938.1604896,200,96.39778299970203,qwen7b-npu4,
1782584938.184985,200,93.0093829992984,qwen7b-npu4,
1782584938.2012672,200,165.1016489995527,qwen7b-npu7,
1782584938.2122078,200,136.12542400005623,qwen7b-npu6,
1782584938.212452,200,126.90535799993086,qwen7b-npu6,
1782584938.2127924,200,149.46804500141297,qwen7b-npu6,
1782584938.2201161,200,80.80174900169368,qwen7b-npu5,
1782584938.2461853,200,85.60680799928377,qwen7b-npu5,
1782584938.2673373,200,201.77863099888782,qwen7b-npu7,
1782584938.2676184,200,203.92089400047553,qwen7b-npu7,
1782584938.2929478,200,91.61185499760904,qwen7b-npu5,
1782584938.3314762,200,240.2907139985473,qwen7b-npu7,
1782584938.3318431,200,238.63629400148056,qwen7b-npu7,
1782584938.3321867,200,119.90950499966857,qwen7b-npu4,
1782584938.356499,200,218.53977299906546,qwen7b-npu7,
1782584938.3573446,200,172.26655299964477,qwen7b-npu7,
1782584938.357643,200,137.3536110004352,qwen7b-npu4,
1782584938.3585312,200,146.01284400123404,qwen7b-npu4,
1782584938.3676147,200,100.19810700032394,qwen7b-npu5,
1782584938.3826222,200,136.31584500035387,qwen7b-npu7,
1782584938.3830733,200,170.21378999925219,qwen7b-npu7,
1782584938.390834,200,97.75160099889035,qwen7b-npu5,
1782584938.4437675,200,176.0776060000353,qwen7b-npu7,
1782584938.4644256,200,96.70999599984498,qwen7b-npu5,
1782584938.4669793,200,135.39533900257084,qwen7b-npu4,
1782584938.467912,200,135.9493529998872,qwen7b-npu4,
1782584938.4703767,200,138.11632600118173,qwen7b-npu7,
1782584938.4843261,200,127.75495299865725,qwen7b-npu6,
1782584938.4965172,200,138.71925999774248,qwen7b-npu7,
1782584938.4970052,200,138.3699580001121,qwen7b-npu7,
1782584938.5132482,200,130.49829000010504,qwen7b-npu6,
1782584938.5134914,200,156.07402499881573,qwen7b-npu6,
1782584938.5138195,200,130.6789009977365,qwen7b-npu6,
1782584938.52044,200,129.54451399855316,qwen7b-npu7,
1782584938.560289,200,95.80069999719854,qwen7b-npu6,
1782584938.5696175,200,102.57864999948652,qwen7b-npu7,
1782584938.57682,200,132.96019500194234,qwen7b-npu4,
1782584938.5888126,200,120.80078199869604,qwen7b-npu5,
1782584938.5955222,200,98.40449499824899,qwen7b-npu7,
1782584938.6136947,200,143.2528570003342,qwen7b-npu5,
1782584938.621389,200,100.88953100057552,qwen7b-npu7,
1782584938.639704,200,126.14318399937474,qwen7b-npu5,
1782584938.6402202,200,126.9058780017076,qwen7b-npu5,
1782584938.663936,200,167.26507199928164,qwen7b-npu4,
1782584938.6643524,200,179.96275900077308,qwen7b-npu4,
1782584938.665033,200,88.15464399958728,qwen7b-npu5,
1782584938.6740232,200,104.3454409991682,qwen7b-npu7,
1782584938.6807702,200,85.18138499857741,qwen7b-npu6,
1782584938.6892602,200,175.37373099912656,qwen7b-npu4,
1782584938.689649,200,129.2645720022847,qwen7b-npu4,
1782584938.700974,200,112.06363800010877,qwen7b-npu7,
1782584938.7068167,200,93.06199300044682,qwen7b-npu6,
1782584938.7141514,200,92.69881100044586,qwen7b-npu5,
1782584938.7633367,200,89.18945999903372,qwen7b-npu5,
1782584938.7744648,200,134.18054200155893,qwen7b-npu4,
1782584938.7755892,200,111.16356299680774,qwen7b-npu3,
1782584938.7900355,200,150.26458899956197,qwen7b-npu7,
1782584938.798714,200,84.49983200262068,qwen7b-npu6,
1782584938.801615,200,136.513866000314,qwen7b-npu4,
1782584938.8020868,200,138.00447500034352,qwen7b-npu4,
1782584938.8039098,200,114.54597299962188,qwen7b-npu3,
1782584938.8148382,200,125.08373699893127,qwen7b-npu7,
1782584938.8252177,200,144.35015299750376,qwen7b-npu4,
1782584938.8417244,200,140.65596100044786,qwen7b-npu7,
1782584938.8420107,200,135.13199799854192,qwen7b-npu7,
1782584938.8572752,200,82.7393799991114,qwen7b-npu5,
1782584938.8734303,200,97.77432199916802,qwen7b-npu4,
1782584938.8894467,200,126.0009830002673,qwen7b-npu6,
1782584938.9147258,200,124.55346400020062,qwen7b-npu6,
1782584938.9409947,200,83.60768599959556,qwen7b-npu7,
1782584938.942718,200,140.55192999876454,qwen7b-npu6,
1782584938.943057,200,128.14950499887345,qwen7b-npu6,
1782584938.9434676,200,144.68210599807207,qwen7b-npu6,
1782584938.9447787,200,143.01907600020058,qwen7b-npu5,
1782584938.9452634,200,141.23838500017882,qwen7b-npu6,
1782584938.965946,200,92.43475899711484,qwen7b-npu7,
1782584938.9667819,200,141.46326599802705,qwen7b-npu6,
1782584938.970114,200,128.0359349984792,qwen7b-npu5,
1782584938.9704957,200,128.70107900016592,qwen7b-npu5,
1782584938.9939868,200,104.46314299770165,qwen7b-npu5,
1782584939.029258,200,86.4505530007591,qwen7b-npu4,
1782584939.042324,200,96.95227699921816,qwen7b-npu7,
1782584939.0456235,200,100.73435899903416,qwen7b-npu5,
1782584939.0515137,200,108.34353600148461,qwen7b-npu3,
1782584939.054367,200,88.30725400184747,qwen7b-npu4,
1782584939.0558949,200,141.07464300104766,qwen7b-npu6,
1782584939.067309,200,100.44927700073458,qwen7b-npu7,
1782584939.0687668,200,98.16509400116047,qwen7b-npu5,
1782584939.0790813,200,85.0360950025788,qwen7b-npu4,
1782584939.0854945,200,141.91262899839785,qwen7b-npu6,
1782584939.085823,200,144.72123599989573,qwen7b-npu6,
1782584939.1407096,200,89.08568900005776,qwen7b-npu7,
1782584939.1483302,200,178.1078880012501,qwen7b-npu6,
1782584939.1663797,200,137.03465899743605,qwen7b-npu4,
1782584939.1823208,200,136.63731699853088,qwen7b-npu5,
1782584939.1826544,200,140.26668899896322,qwen7b-npu5,
1782584939.1895103,200,103.93404899878078,qwen7b-npu7,
1782584939.191981,200,124.60867399931885,qwen7b-npu4,
1782584939.1924667,200,137.99150499835378,qwen7b-npu4,
1782584939.2297876,200,81.3630229968112,qwen7b-npu5,
1782584939.253411,200,86.9653970003128,qwen7b-npu5,
1782584939.276949,200,136.14700399921276,qwen7b-npu7,
1782584939.2784996,200,222.54235700165736,qwen7b-npu6,
1782584939.2791512,200,210.32350300083635,qwen7b-npu6,
1782584939.304692,200,225.54836500057718,qwen7b-npu6,
1782584939.3051705,200,219.2401370011794,qwen7b-npu6,
1782584939.3293302,200,139.7291050016065,qwen7b-npu7,
1782584939.3295732,200,146.81151900003897,qwen7b-npu7,
1782584939.3299007,200,147.50336300130584,qwen7b-npu7,
1782584939.3311312,200,139.08289200116997,qwen7b-npu6,
1782584939.3316429,200,139.11354199808557,qwen7b-npu6,
1782584939.3535411,200,123.6840889978339,qwen7b-npu7,
1782584939.3748965,200,121.41642499773297,qwen7b-npu4,
1782584939.4043205,200,99.56265199798509,qwen7b-npu6,
1782584939.426448,200,96.80498599846032,qwen7b-npu7,
1782584939.4324493,200,103.05076300210203,qwen7b-npu3,
1782584939.4369557,200,159.91522799959057,qwen7b-npu4,
1782584939.4558544,200,80.89315999677638,qwen7b-npu5,
1782584939.460137,200,106.53546499816002,qwen7b-npu3,
1782584939.462768,200,157.5365540011262,qwen7b-npu4,
1782584939.4634695,200,184.87087900211918,qwen7b-npu4,
1782584939.4638548,200,184.62223700043978,qwen7b-npu4,
1782584939.4981763,200,166.4298770010646,qwen7b-npu4,
1782584939.498432,200,167.16469200036954,qwen7b-npu4,
1782584939.498954,200,168.98845299874665,qwen7b-npu4,
1782584939.5186515,200,81.60420399872237,qwen7b-npu7,
1782584939.5382557,200,105.7111400004942,qwen7b-npu4,
1782584939.5405424,200,136.15538500016555,qwen7b-npu5,
1782584939.5467837,200,120.22352700296324,qwen7b-npu3,
1782584939.5639477,200,100.02701499979594,qwen7b-npu4,
1782584939.5847447,200,124.54743399939616,qwen7b-npu6,
1782584939.5913186,200,127.779123999062,qwen7b-npu5,
1782584939.5918512,200,135.90283200028352,qwen7b-npu5,
1782584939.592477,200,93.45734599992284,qwen7b-npu7,
1782584939.611396,200,148.56529900134774,qwen7b-npu6,
1782584939.6150997,200,96.3576030007971,qwen7b-npu5,
1782584939.6397612,200,141.2654149971786,qwen7b-npu6,
1782584939.6401165,200,141.86658800099394,qwen7b-npu6,
1782584939.6428819,200,104.53356300058658,qwen7b-npu7,
1782584939.665833,200,125.22885799990036,qwen7b-npu6,
1782584939.67729,200,130.41034900015802,qwen7b-npu5,
1782584939.6927335,200,100.81267100031255,qwen7b-npu6,
1782584939.695403,200,102.86073300085263,qwen7b-npu7,
1782584939.700774,200,136.72688699807622,qwen7b-npu5,
1782584939.7207298,200,105.52492900023935,qwen7b-npu6,
1782584939.7214584,200,109.99770499984152,qwen7b-npu7,
1782584939.7261596,200,141.35003599949414,qwen7b-npu5,
1782584939.7267199,200,135.33145900146337,qwen7b-npu5,
1782584939.7467792,200,103.82981899965671,qwen7b-npu7,
1782584939.749184,200,109.32491099811159,qwen7b-npu5,
1782584939.7680373,200,102.13586800091434,qwen7b-npu3,
1782584939.7713392,200,93.94722800061572,qwen7b-npu7,
1782584939.7860265,200,145.84591200036812,qwen7b-npu6,
1782584939.8179576,200,91.73614500105032,qwen7b-npu4,
1782584939.8262122,200,105.3856469989114,qwen7b-npu3,
1782584939.8393428,200,138.502628000424,qwen7b-npu6,
1782584939.8396904,200,146.86263900148333,qwen7b-npu6,
1782584939.8403845,200,144.91766699939035,qwen7b-npu6,
1782584939.8630164,200,136.2306439987151,qwen7b-npu5,
1782584939.8634887,200,141.93344899831573,qwen7b-npu5,
1782584939.864183,200,96.06954099945142,qwen7b-npu6,
1782584939.8869264,200,115.47034899922437,qwen7b-npu5,
1782584939.8879402,200,141.05759400263196,qwen7b-npu7,
1782584939.888268,200,139.00781099800952,qwen7b-npu7,
1782584939.8888547,200,102.72575199996936,qwen7b-npu6,
1782584939.9487815,200,130.7544709998183,qwen7b-npu7,
1782584939.971241,200,83.20073299910291,qwen7b-npu6,
1782584939.9747372,200,135.29482900048606,qwen7b-npu5,
1782584939.9817028,200,155.3843300025619,qwen7b-npu4,
1782584940.0021167,200,138.5542190000706,qwen7b-npu7,
1782584940.0025198,200,138.2721859990852,qwen7b-npu7,
1782584940.0097961,200,169.3437139983871,qwen7b-npu4,
1782584940.0101066,200,170.34018100093817,qwen7b-npu4,
1782584940.0261602,200,139.13724300073227,qwen7b-npu5,
1782584940.0264018,200,137.48556199789164,qwen7b-npu5,
1782584940.03493,200,146.59454799766536,qwen7b-npu4,
1782584940.0357373,200,172.65267400216544,qwen7b-npu4,
1782584940.0571432,200,85.8359890007705,qwen7b-npu6,
1782584940.0833218,200,108.5220360000676,qwen7b-npu6,
1782584940.099382,200,150.5322310003976,qwen7b-npu4,
1782584940.113383,200,87.15700700122397,qwen7b-npu5,
1782584940.124893,200,143.09580600092886,qwen7b-npu4,
1782584940.1259778,200,123.34766700223554,qwen7b-npu7,
1782584940.1331124,200,97.27679899879149,qwen7b-npu6,
1782584940.1393185,200,104.32121099802316,qwen7b-npu5,
1782584940.1523616,200,150.11150799909956,qwen7b-npu7,
1782584940.1532812,200,126.80577799983439,qwen7b-npu7,
1782584940.1547942,200,144.5719650000683,qwen7b-npu4,
1782584940.1551154,200,145.25319899985334,qwen7b-npu4,
1782584940.1651576,200,107.94061400156352,qwen7b-npu5,
1782584940.1788404,200,95.45093799897586,qwen7b-npu4,
1782584940.2027304,200,103.2556950012804,qwen7b-npu7,
1782584940.2279463,200,101.87961699921289,qwen7b-npu4,
1782584940.229035,200,104.03920899989316,qwen7b-npu7,
1782584940.2524703,200,139.0280609994079,qwen7b-npu5,
1782584940.2536376,200,98.7515369997709,qwen7b-npu7,
1782584940.277927,200,125.4790890016011,qwen7b-npu5,
1782584940.2785044,200,139.04260200069984,qwen7b-npu5,
1782584940.2957392,200,162.56601400164072,qwen7b-npu6,
1782584940.3128357,200,133.9295799989486,qwen7b-npu4,
1782584940.3225367,200,167.35701299694483,qwen7b-npu6,
1782584940.3228257,200,169.43986600017524,qwen7b-npu6,
1782584940.3485553,200,145.7211119995918,qwen7b-npu6,
1782584940.348902,200,183.64639200081,qwen7b-npu6,
1782584940.369133,200,139.999226998043,qwen7b-npu4,
1782584940.3694713,200,141.45886600090307,qwen7b-npu4,
1782584940.374217,200,96.19180200024857,qwen7b-npu3,
1782584940.3746595,200,96.08732200285885,qwen7b-npu6,
1782584940.3954551,200,141.7202080010611,qwen7b-npu5,
1782584940.3958514,200,143.2825869997032,qwen7b-npu5,
1782584940.3979754,200,85.06821500122896,qwen7b-npu7,
1782584940.420415,200,124.57900400113431,qwen7b-npu5,
1782584940.423042,200,100.42465700098546,qwen7b-npu6,
1782584940.4235654,200,100.62307900079759,qwen7b-npu7,
1782584940.448393,200,99.75153399864212,qwen7b-npu7,
1782584940.4696763,200,94.89715499876183,qwen7b-npu5,
1782584940.4736955,200,104.45107200212078,qwen7b-npu7,
1782584940.4802406,200,131.22871499945177,qwen7b-npu4,
1782584940.4942102,200,96.16780199939967,qwen7b-npu5,
1782584940.4990187,200,103.10133399980259,qwen7b-npu6,
1782584940.5173674,200,96.8856159997813,qwen7b-npu5,
1782584940.5213654,200,98.18267499940703,qwen7b-npu7,
1782584940.5263894,200,102.70941199996741,qwen7b-npu6,
1782584940.5413709,200,167.02036100105033,qwen7b-npu4,
1782584940.5416968,200,172.16307200214942,qwen7b-npu4,
1782584940.5667052,200,171.14532599953236,qwen7b-npu4,
1782584940.5776348,200,97.30075900006341,qwen7b-npu6,
1782584940.59243,200,93.31333500085748,qwen7b-npu5,
1782584940.592836,200,123.05957499847864,qwen7b-npu4,
1782584940.593357,200,144.89027699892176,qwen7b-npu4,
1782584940.6155505,200,141.76426800258923,qwen7b-npu4,
1782584940.6164951,200,99.06739899815875,qwen7b-npu5,
1782584940.6295404,200,88.08838299955823,qwen7b-npu6,
1782584940.6546094,200,87.81214200280374,qwen7b-npu6,
1782584940.6741784,200,179.8565779972705,qwen7b-npu7,
1782584940.6971145,200,104.1636699992523,qwen7b-npu4,
1782584940.7021217,200,180.66216299848747,qwen7b-npu7,
1782584940.7024853,200,175.99532500025816,qwen7b-npu7,
1782584940.717533,200,100.9352110013424,qwen7b-npu4,
1782584940.7276,200,185.7975750026526,qwen7b-npu7,
1782584940.7284129,200,150.68053199865972,qwen7b-npu7,
1782584940.731458,200,138.9065209987166,qwen7b-npu5,
1782584940.7324793,200,139.01208100287477,qwen7b-npu5,
1782584940.7339215,200,104.31722100111074,qwen7b-npu6,
1782584940.7528205,200,98.13905400005751,qwen7b-npu7,
1782584940.754437,200,138.78307999766548,qwen7b-npu5,
1782584940.8011446,200,98.94058900317759,qwen7b-npu5,
1782584940.8122082,200,94.598062998557,qwen7b-npu3,
1782584940.8150656,200,140.77485199959483,qwen7b-npu7,
1782584940.822259,200,125.02299700281583,qwen7b-npu6,
1782584940.8276742,200,125.06632699660258,qwen7b-npu4,
1782584940.8668098,200,134.20232199860038,qwen7b-npu7,
1782584940.8672383,200,138.7479799996072,qwen7b-npu7,
1782584940.8749042,200,147.20265100186225,qwen7b-npu6,
1782584940.8756235,200,144.05225199880078,qwen7b-npu6,
1782584940.8814344,200,80.18888600054197,qwen7b-npu5,
1782584940.8818169,200,127.24317999891355,qwen7b-npu4,
1782584940.882229,200,129.33508299829555,qwen7b-npu4,
1782584940.8825905,200,148.57008900071378,qwen7b-npu4,
1782584940.9013255,200,89.00129899848253,qwen7b-npu6,
1782584940.9145846,200,99.44918200199027,qwen7b-npu7,
1782584940.9295325,200,101.76049599976977,qwen7b-npu4,
1782584940.9631276,200,140.73971200195956,qwen7b-npu6,
1782584940.9641967,200,97.25073899971903,qwen7b-npu7,
1782584940.9804077,200,97.74746200127993,qwen7b-npu4,
1782584940.993211,200,125.82417099838494,qwen7b-npu5,
1782584941.0060987,200,91.44732300046599,qwen7b-npu4,
1782584941.0195794,200,144.55663500120863,qwen7b-npu5,
1782584941.019978,200,144.2384529982519,qwen7b-npu5,
1782584941.020369,200,138.02573599969037,qwen7b-npu5,
1782584941.033196,200,103.60182700242149,qwen7b-npu4,
1782584941.0441298,200,142.7424540015636,qwen7b-npu5,
1782584941.0548103,200,172.86671599867987,qwen7b-npu6,
1782584941.0552242,200,173.67713100247784,qwen7b-npu6,
1782584941.0848742,200,91.55821400054265,qwen7b-npu4,
1782584941.0939472,200,87.74139099841705,qwen7b-npu5,
1782584941.1026933,200,82.25294799922267,qwen7b-npu7,
1782584941.110668,200,90.5772980004258,qwen7b-npu4,
1782584941.135151,200,101.89262600033544,qwen7b-npu4,
1782584941.1778,200,92.83577200039872,qwen7b-npu7,
1782584941.1792922,200,216.04403700257535,qwen7b-npu6,
1782584941.1797247,200,215.42238400070346,qwen7b-npu6,
1782584941.180613,200,125.2725480007939,qwen7b-npu5,
1782584941.204199,200,101.44129400214297,qwen7b-npu7,
1782584941.2060397,200,186.34553799711284,qwen7b-npu6,
1782584941.206825,200,226.32390999933705,qwen7b-npu6,
1782584941.2295809,200,94.35732099882443,qwen7b-npu7,
1782584941.2304902,200,186.29707699801656,qwen7b-npu6,
1782584941.231923,200,177.0009409992781,qwen7b-npu6,
1782584941.2323277,200,121.59458599853679,qwen7b-npu5,
1782584941.232674,200,138.62804899690673,qwen7b-npu5,
1782584941.262963,200,85.07005499996012,qwen7b-npu4,
1782584941.279504,200,98.79249799996614,qwen7b-npu7,
1782584941.2890365,200,109.60874400188914,qwen7b-npu4,
1782584941.3149297,200,107.9993530001957,qwen7b-npu4,
1782584941.3226979,200,142.8596040022967,qwen7b-npu6,
1782584941.340225,200,110.56610900050146,qwen7b-npu4,
1782584941.3623118,200,82.6977500000794,qwen7b-npu7,
1782584941.3743713,200,142.33691099798307,qwen7b-npu6,
1782584941.3747563,200,144.1986320023716,qwen7b-npu6,
1782584941.3803983,200,174.2968340004154,qwen7b-npu5,
1782584941.3807344,200,176.41955799990683,qwen7b-npu5,
1782584941.3898501,200,100.71160000006785,qwen7b-npu3,
1782584941.398925,200,135.87223300055484,qwen7b-npu6,
1782584941.403922,200,171.17411600338528,qwen7b-npu5,
1782584941.4045885,200,172.14972199872136,qwen7b-npu5,
1782584941.4499469,200,109.58463299903087,qwen7b-npu6,
1782584941.4525943,200,129.8343050002586,qwen7b-npu4,
1782584941.4529696,200,137.95664500139537,qwen7b-npu4,
1782584941.4756188,200,100.75060999952257,qwen7b-npu6,
1782584941.4761634,200,113.76302800272242,qwen7b-npu4,
1782584941.500202,200,95.54680899964296,qwen7b-npu6,
1782584941.502604,200,121.79420699976617,qwen7b-npu7,
1782584941.5155745,200,141.0971139994217,qwen7b-npu5,
1782584941.5159822,200,135.4691800006549,qwen7b-npu5,
1782584941.5288405,200,138.9226110004529,qwen7b-npu7,
1782584941.5291753,200,125.15697799972259,qwen7b-npu7,
1782584941.5395246,200,140.5095909976808,qwen7b-npu5,
1782584941.5520701,200,102.03055699821562,qwen7b-npu6,
1782584941.552499,200,99.80146399902878,qwen7b-npu7,
1782584941.5875957,200,134.55475400041905,qwen7b-npu4,
1782584941.6013377,200,125.10716800170485,qwen7b-npu5,
1782584941.6032443,200,87.5644999978249,qwen7b-npu6,
1782584941.613666,200,137.97484499809798,qwen7b-npu4,
1782584941.6267164,200,124.0470809971157,qwen7b-npu5,
1782584941.6365254,200,84.35343100063619,qwen7b-npu7,
1782584941.6407664,200,124.67212399860728,qwen7b-npu4,
1782584941.6410654,200,140.79913199748262,qwen7b-npu4,
1782584941.652476,200,123.19133500204771,qwen7b-npu5,
1782584941.6535003,200,124.57745400024578,qwen7b-npu5,
1782584941.6618,200,109.19126099906862,qwen7b-npu6,
1782584941.675289,200,135.6762110008276,qwen7b-npu5,
1782584941.6887844,200,87.35615900150151,qwen7b-npu4,
1782584941.7077084,200,104.40291100167087,qwen7b-npu6,
1782584941.7418385,200,101.00006100037717,qwen7b-npu6,
1782584941.7421901,200,105.59934900084045,qwen7b-npu4,
1782584941.765644,200,112.03638799997861,qwen7b-npu6,
1782584941.7659702,200,90.5814379984804,qwen7b-npu4,
1782584941.768919,200,181.25415699978475,qwen7b-npu7,
1782584941.7910678,200,138.4661580013926,qwen7b-npu5,
1782584941.7914646,200,150.3350099992531,qwen7b-npu5,
1782584941.794842,200,181.03998600054183,qwen7b-npu7,
1782584941.7951705,200,168.38334899875917,qwen7b-npu7,
1782584941.8159378,200,108.12355400048546,qwen7b-npu6,
1782584941.820416,200,158.54944999955478,qwen7b-npu7,
1782584941.8208334,200,131.98250900313724,qwen7b-npu7,
1782584941.8422527,200,100.29393700096989,qwen7b-npu4,
1782584941.867741,200,101.98746700189076,qwen7b-npu4,
1782584941.8922746,200,97.33957899879897,qwen7b-npu4,
1782584941.8979843,200,102.72772199823521,qwen7b-npu3,
1782584941.9135602,200,171.29863599984674,qwen7b-npu5,
1782584941.925199,200,82.85118200001307,qwen7b-npu7,
1782584941.932821,200,141.2799649988301,qwen7b-npu6,
1782584941.9335587,200,142.35018099861918,qwen7b-npu6,
1782584941.9392517,200,173.21175899996888,qwen7b-npu5,
1782584941.9399476,200,170.96930499974405,qwen7b-npu5,
1782584941.9575675,200,141.56984699729946,qwen7b-npu6,
1782584941.9647145,200,143.7740399996983,qwen7b-npu5,
1782584941.965036,200,144.5002350010327,qwen7b-npu5,
1782584942.0027251,200,134.91578699904494,qwen7b-npu4,
1782584942.0133324,200,120.99108199981856,qwen7b-npu7,
1782584942.0337322,200,100.07847599990782,qwen7b-npu6,
1782584942.0392659,200,125.637609999103,qwen7b-npu7,
1782584942.0395474,200,141.4993170001253,qwen7b-npu7,
1782584942.0597541,200,94.95719500046107,qwen7b-npu6,
1782584942.0624907,200,123.16893600291223,qwen7b-npu7,
1782584942.0630832,200,97.94348300056299,qwen7b-npu3,
1782584942.091365,200,158.45354900011444,qwen7b-npu4,
1782584942.0917673,200,166.5030479998677,qwen7b-npu4,
1782584942.117229,200,177.19143300200813,qwen7b-npu4,
1782584942.117561,200,159.898637997685,qwen7b-npu4,
1782584942.1206825,200,81.06767099889112,qwen7b-npu5,
1782584942.1377716,200,103.97911900145118,qwen7b-npu7,
1782584942.1418774,200,139.08392200028175,qwen7b-npu4,
1782584942.1496189,200,136.226374997932,qwen7b-npu6,
1782584942.1623907,200,99.83343400017475,qwen7b-npu7,
1782584942.19379,200,102.32385899871588,qwen7b-npu5,
1782584942.2129517,200,173.62365100052557,qwen7b-npu6,
1782584942.2188847,200,101.57735499888076,qwen7b-npu5,
1782584942.2303584,200,138.47976900069625,qwen7b-npu4,
1782584942.2376587,200,99.82825399856665,qwen7b-npu7,
1782584942.2396097,200,179.7591270005796,qwen7b-npu6,
1782584942.240157,200,177.00333099855925,qwen7b-npu6,
1782584942.2659888,200,148.3208480021858,qwen7b-npu6,
1782584942.2663777,200,145.63048100171727,qwen7b-npu6,
1782584942.2683935,200,105.90473099728115,qwen7b-npu5,
1782584942.2829888,200,133.30223700177157,qwen7b-npu4,
1782584942.2834787,200,141.50617600171245,qwen7b-npu4,
1782584942.3176816,200,87.23320799981593,qwen7b-npu5,
1782584942.326344,200,132.49481100137928,qwen7b-npu7,
1782584942.3317137,200,91.48883400121122,qwen7b-npu4,
1782584942.3524082,200,139.36006299991277,qwen7b-npu7,
1782584942.3528779,200,133.92840099913883,qwen7b-npu7,
1782584942.3561702,200,90.08261499911896,qwen7b-npu4,
1782584942.3669646,200,83.36928399876342,qwen7b-npu5,
1782584942.3773491,200,139.59527500264812,qwen7b-npu3,
1782584942.377756,200,138.0826659988088,qwen7b-npu3,
1782584942.3879344,200,121.44670500128996,qwen7b-npu6,
1782584942.416066,200,147.60808299979544,qwen7b-npu6,
1782584942.416383,200,133.29333599904203,qwen7b-npu6,
1782584942.417907,200,100.13830599928042,qwen7b-npu5,
1782584942.4432218,200,90.74700900237076,qwen7b-npu5,
1782584942.4687839,200,142.38044100056868,qwen7b-npu7,
1782584942.4694352,200,91.57168399906368,qwen7b-npu5,
1782584942.4735677,200,141.7566269992676,qwen7b-npu4,
1782584942.495456,200,142.516803000035,qwen7b-npu7,
1782584942.4977806,200,141.5472070002579,qwen7b-npu4,
1782584942.49847,200,131.44294499943499,qwen7b-npu4,
1782584942.5005844,200,84.09906900124042,qwen7b-npu6,
1782584942.5219824,200,144.52221400279086,qwen7b-npu7,
1782584942.5225313,200,134.53146399842808,qwen7b-npu7,
1782584942.5261781,200,108.21378499895218,qwen7b-npu6,
1782584942.550036,200,106.7211360023066,qwen7b-npu6,
1782584942.5576777,200,84.04966800299007,qwen7b-npu5,
1782584942.5705092,200,101.00748100012424,qwen7b-npu4,
1782584942.5829117,200,85.06908499839483,qwen7b-npu5,
1782584942.5850732,200,168.92959200049518,qwen7b-npu7,
1782584942.6087801,200,110.20972700134735,qwen7b-npu5,
1782584942.627296,200,104.70235400134698,qwen7b-npu6,
1782584942.6335094,200,107.2732390020974,qwen7b-npu5,
1782584942.6493773,200,180.49758200140786,qwen7b-npu7,
1782584942.6504164,200,79.8125830006029,qwen7b-npu4,
1782584942.65371,200,95.97672100062482,qwen7b-npu6,
1782584942.6788185,200,93.68242699929397,qwen7b-npu6,
1782584942.7013953,200,118.4206859979895,qwen7b-npu3,
1782584942.7087426,200,81.3822930031165,qwen7b-npu5,
1782584942.7144048,200,218.8526149984682,qwen7b-npu7,
1782584942.7148237,200,214.17745700091473,qwen7b-npu7,
1782584942.7564476,200,105.96954100037692,qwen7b-npu6,
1782584942.760829,200,81.90844600176206,qwen7b-npu4,
1782584942.7789714,200,256.9268050028768,qwen7b-npu7,
1782584942.779472,200,229.37522799838916,qwen7b-npu7,
1782584942.793078,200,91.58343400122249,qwen7b-npu5,
1782584942.8047845,200,171.1782159982249,qwen7b-npu7,
1782584942.8051567,200,196.2763379997341,qwen7b-npu7,
1782584942.8064775,200,91.9574459985597,qwen7b-npu6,
1782584942.8104408,200,101.5727349986264,qwen7b-npu4,
1782584942.8301268,200,180.68329300149344,qwen7b-npu7,
1782584942.8305247,200,176.74867999812705,qwen7b-npu7,
1782584942.8553956,200,140.42832999984967,qwen7b-npu7,
1782584942.879109,200,122.56384200009052,qwen7b-npu5,
1782584942.8821437,200,103.06133400081308,qwen7b-npu6,
1782584942.897333,200,136.36539499930223,qwen7b-npu4,
1782584942.9234593,200,143.85330000004615,qwen7b-npu4,
1782584942.9501889,200,139.6455350004544,qwen7b-npu4,
1782584942.9505742,200,145.7056620020012,qwen7b-npu4,
1782584942.9511058,200,144.5315450000635,qwen7b-npu4,
1782584942.9602678,200,81.05471099770512,qwen7b-npu7,
1782584942.9664652,200,173.28378800084465,qwen7b-npu5,
1782584942.966844,200,161.5450779972889,qwen7b-npu5,
1782584942.9678686,200,85.61125800042646,qwen7b-npu6,
1782584942.9734874,200,142.84919499914395,qwen7b-npu4,
1782584942.99133,200,135.8220820002316,qwen7b-npu5,
1782584942.9921224,200,161.894939999911,qwen7b-npu5,
1782584942.9973648,200,99.96735599997919,qwen7b-npu4,
1782584943.0160918,200,92.52195999943069,qwen7b-npu5,
1782584943.0496242,200,81.68891500099562,qwen7b-npu7,
1782584943.077059,200,126.75934700018843,qwen7b-npu5,
1782584943.0986993,200,82.51373000166495,qwen7b-npu7,
1782584943.1110623,200,144.4842150012846,qwen7b-npu4,
1782584943.1114728,200,144.5109250016685,qwen7b-npu4,
1782584943.121835,200,171.14631600270513,qwen7b-npu6,
1782584943.1224797,200,171.2997169997834,qwen7b-npu6,
1782584943.1299124,200,137.69108399719698,qwen7b-npu5,
1782584943.1307018,200,139.27080199937336,qwen7b-npu5,
1782584943.1355472,200,138.12093599699438,qwen7b-npu4,
1782584943.1481693,200,187.79136599914636,qwen7b-npu6,
1782584943.1485233,200,174.94027800057665,qwen7b-npu6,
1782584943.1542764,200,104.55779299809365,qwen7b-npu5,
1782584943.1782675,200,101.13904200261459,qwen7b-npu5,
1782584943.2216117,200,122.80643400299596,qwen7b-npu4,
1782584943.2375362,200,125.94188199727796,qwen7b-npu6,
1782584943.2487726,200,137.5872429998708,qwen7b-npu4,
1782584943.2548563,200,106.26087300261133,qwen7b-npu3,
1782584943.263936,200,141.39094599886448,qwen7b-npu6,
1782584943.2644594,200,142.5297829991905,qwen7b-npu6,
1782584943.2652907,200,129.6322849993885,qwen7b-npu7,
1782584943.2751484,200,144.34517399786273,qwen7b-npu4,
1782584943.2755105,200,145.50781099751475,qwen7b-npu4,
1782584943.2915049,200,143.2320769999933,qwen7b-npu7,
1782584943.2919254,200,137.58862200120348,qwen7b-npu7,
1782584943.2994528,200,121.12294300095527,qwen7b-npu4,
1782584943.31844,200,80.82639899657806,qwen7b-npu5,
1782584943.336723,200,114.96326499764109,qwen7b-npu3,
1782584943.3500147,200,101.11443200003123,qwen7b-npu4,
1782584943.3658442,200,101.31634400022449,qwen7b-npu7,
1782584943.3666325,200,91.39737299847184,qwen7b-npu5,
1782584943.3761866,200,100.61143900020397,qwen7b-npu4,
1782584943.3799624,200,125.03517699951772,qwen7b-npu6,
1782584943.3913248,200,99.70434400020167,qwen7b-npu7,
1782584943.392613,200,100.56994899787242,qwen7b-npu3,
1782584943.4106073,200,145.19955799914896,qwen7b-npu6,
1782584943.4110198,200,147.0162400000845,qwen7b-npu6,
1782584943.4163268,200,97.789521998493,qwen7b-npu7,
1782584943.4259017,200,89.1122089997225,qwen7b-npu4,
1782584943.439403,200,89.28994099915144,qwen7b-npu5,
1782584943.450906,200,84.17128899964155,qwen7b-npu4,
1782584943.4638727,200,83.81118699981016,qwen7b-npu5,
1782584943.4738,200,174.28080500030774,qwen7b-npu6,
1782584943.4873338,200,95.89600100298412,qwen7b-npu5,
1782584943.5031831,200,92.45756000018446,qwen7b-npu4,
1782584943.5037324,200,137.8192839983967,qwen7b-npu7,
1782584943.5271308,200,87.63014099895372,qwen7b-npu4,
1782584943.5501778,200,86.20935200087843,qwen7b-npu4,
1782584943.556428,200,139.99991700256942,qwen7b-npu7,
1782584943.556841,200,145.70801100126118,qwen7b-npu7,
1782584943.607072,200,230.82400700150174,qwen7b-npu6,
1782584943.6081302,200,104.78798400072264,qwen7b-npu7,
1782584943.608501,200,215.7943959973636,qwen7b-npu6,
1782584943.6291118,200,78.86998700269032,qwen7b-npu4,
1782584943.6350543,200,184.0551540008164,qwen7b-npu6,
1782584943.6355393,200,209.57089900184656,qwen7b-npu6,
1782584943.6631799,200,135.96650299950852,qwen7b-npu6,
1782584943.664247,200,190.3837329991802,qwen7b-npu6,
1782584943.6645179,200,107.97731300044688,qwen7b-npu7,
1782584943.6649334,200,177.50228500153753,qwen7b-npu6,
1782584943.6656866,200,161.8410689989105,qwen7b-npu6,
1782584943.6866302,200,129.67852500150912,qwen7b-npu6,
1782584943.7158298,200,107.2540389977803,qwen7b-npu7,
1782584943.743123,200,107.95791299824486,qwen7b-npu7,
1782584943.7456377,200,137.4036410015833,qwen7b-npu4,
1782584943.7460005,200,138.79706999796326,qwen7b-npu4,
1782584943.7516997,200,122.52235199775896,qwen7b-npu5,
1782584943.7633805,200,98.36868500133278,qwen7b-npu6,
1782584943.7735388,200,109.22589099936886,qwen7b-npu3,
1782584943.7809377,200,145.278630003304,qwen7b-npu5,
1782584943.8033516,200,138.71468899742467,qwen7b-npu5,
1782584943.8039877,200,138.18981599979452,qwen7b-npu5,
1782584943.8044114,200,141.11669400153914,qwen7b-npu5,
1782584943.8192358,200,103.32698599813739,qwen7b-npu4,
1782584943.8294806,200,142.78440500129363,qwen7b-npu7,
1782584943.849663,200,97.84214200044516,qwen7b-npu5,
1782584943.860068,200,86.45491399875027,qwen7b-npu6,
1782584943.870174,200,89.09903899984783,qwen7b-npu4,
1782584943.8834896,200,140.23239800008014,qwen7b-npu7,
1782584943.8839371,200,138.1872359997942,qwen7b-npu7,
1782584943.8843412,200,138.27693699931842,qwen7b-npu7,
1782584943.8953955,200,90.87653000096907,qwen7b-npu4,
1782584943.8991377,200,95.02319500097656,qwen7b-npu5,
1782584943.907542,200,144.0307520024362,qwen7b-npu7,
1782584943.9133584,200,109.91621499852045,qwen7b-npu6,
1782584943.9292855,200,109.95474600349553,qwen7b-npu5,
1782584943.93893,200,89.19899000102305,qwen7b-npu6,
1782584943.9548967,200,94.72698399986257,qwen7b-npu5,
1782584943.9690878,200,85.04212399930111,qwen7b-npu4,
1782584943.9703004,200,140.75066200166475,qwen7b-npu7,
1782584943.979709,200,109.47087299791747,qwen7b-npu5,
1782584943.9920883,200,96.59638499942957,qwen7b-npu3,
1782584944.0060444,200,106.80245600087801,qwen7b-npu5,
1782584944.0317137,200,92.71698099837522,qwen7b-npu5,
1782584944.056331,200,85.96445999864955,qwen7b-npu4,
1782584944.0568995,200,87.72000099997967,qwen7b-npu5,
1782584944.0578773,200,128.50175800122088,qwen7b-npu6,
1782584944.0581305,200,144.64090500041493,qwen7b-npu6,
1782584944.0604305,200,176.80225000003702,qwen7b-npu7,
1782584944.060832,200,176.42655800227658,qwen7b-npu7,
1782584944.0827227,200,102.90936299861642,qwen7b-npu6,
1782584944.0830672,200,90.91391999754705,qwen7b-npu4,
1782584944.0857246,200,178.1129079972743,qwen7b-npu7,
1782584944.0861676,200,131.16698399971938,qwen7b-npu7,
1782584944.106167,200,100.02723499928834,qwen7b-npu5,
1782584944.1336067,200,101.8148060029489,qwen7b-npu4,
1782584944.1552963,200,98.89926799951354,qwen7b-npu5,
1782584944.1570065,200,100.0425060010457,qwen7b-npu3,
1782584944.1588964,200,98.34341500027222,qwen7b-npu4,
1782584944.1624165,200,104.21049999786192,qwen7b-npu7,
1782584944.1798196,200,96.98945700074546,qwen7b-npu5,
1782584944.1832988,200,100.16133599856403,qwen7b-npu4,
1782584944.1874058,200,101.56422499858309,qwen7b-npu7,
1782584944.2380078,200,104.33453099904,qwen7b-npu7,
1782584944.2389622,200,181.01916599698598,qwen7b-npu6,
1782584944.2396705,200,178.729391998786,qwen7b-npu6,
1782584944.2574694,200,102.10825800095336,qwen7b-npu4,
1782584944.2640107,200,105.00953500013566,qwen7b-npu7,
1782584944.2660844,200,179.80168799840612,qwen7b-npu6,
1782584944.2664583,200,160.19560899803764,qwen7b-npu6,
1782584944.2891726,200,105.80634100188036,qwen7b-npu7,
1782584944.2919512,200,129.4390530019882,qwen7b-npu5,
1782584944.2927709,200,105.26690700135077,qwen7b-npu6,
1782584944.2930145,200,135.94651299717952,qwen7b-npu5,
1782584944.316733,200,136.81353799984208,qwen7b-npu5,
1782584944.3419812,200,102.954543002852,qwen7b-npu5,
1782584944.3662822,200,102.16632800074876,qwen7b-npu5,
1782584944.3748841,200,81.80459499999415,qwen7b-npu4,
1782584944.3763776,200,138.30157700067502,qwen7b-npu7,
1782584944.3813055,200,141.57189699835726,qwen7b-npu6,
1782584944.3994548,200,82.62448000095901,qwen7b-npu4,
1782584944.4028685,200,145.32931999929133,qwen7b-npu7,
1782584944.4035428,200,137.34576099886908,qwen7b-npu7,
1782584944.4081726,200,141.60451700081467,qwen7b-npu6,
1782584944.4260397,200,133.19981599852326,qwen7b-npu7,
1782584944.4352942,200,143.24163700075587,qwen7b-npu6,
1782584944.435959,200,146.69188800326083,qwen7b-npu6,
1782584944.477986,200,135.90964199829614,qwen7b-npu5,
1782584944.5055306,200,129.08724099906976,qwen7b-npu5,
1782584944.5060725,200,139.6958250006719,qwen7b-npu5,
1782584944.5143778,200,110.71755000011763,qwen7b-npu6,
1782584944.5395803,200,131.3119749975158,qwen7b-npu7,
1782584944.540802,200,104.74679400067544,qwen7b-npu6,
1782584944.5412567,200,138.27474700156017,qwen7b-npu7,
1782584944.5502036,200,168.83513100037817,qwen7b-npu4,
1782584944.5504556,200,175.47853200085228,qwen7b-npu4,
1782584944.5640228,200,137.91688499986776,qwen7b-npu7,
1782584944.5753865,200,140.02447799794027,qwen7b-npu4,
1782584944.5757458,200,176.19340600140276,qwen7b-npu4,
1782584944.579932,200,101.85290600202279,qwen7b-npu5,
1782584944.6059458,200,91.46367399807787,qwen7b-npu5,
1782584944.6309133,200,89.54534200165654,qwen7b-npu5,
1782584944.6348963,200,128.70367899813573,qwen7b-npu4,
1782584944.6388423,200,88.56701600234373,qwen7b-npu7,
1782584944.6556633,200,150.04794800188392,qwen7b-npu6,
1782584944.6564448,200,92.32793800038053,qwen7b-npu5,
1782584944.6658044,200,90.31071699791937,qwen7b-npu7,
1782584944.688723,200,147.78510500036646,qwen7b-npu4,
1782584944.6891024,200,149.42483400227502,qwen7b-npu4,
1782584944.6898634,200,139.3399340013275,qwen7b-npu4,
1782584944.7324667,200,97.4694090000412,qwen7b-npu5,
1782584944.7415996,200,85.05001500088838,qwen7b-npu7,
1782584944.7432992,200,112.28865000157384,qwen7b-npu4,
1782584944.7620738,200,106.34318400116172,qwen7b-npu4,
1782584944.7650511,200,99.15299999920535,qwen7b-npu7,
1782584944.781438,200,91.51074400142534,qwen7b-npu5,
1782584944.7870402,200,207.01590300086536,qwen7b-npu6,
1782584944.7874627,200,211.60634999978356,qwen7b-npu6,
1782584944.8137228,200,207.67525699920952,qwen7b-npu6,
1782584944.8140862,200,175.14623000170104,qwen7b-npu6,
1782584944.831666,200,99.09798000080627,qwen7b-npu5,
1782584944.8391232,200,95.71892900203238,qwen7b-npu7,
1782584944.8404713,200,151.25553500183742,qwen7b-npu6,
1782584944.8407464,200,151.9162000004144,qwen7b-npu6,
1782584944.8470857,200,84.94397399772424,qwen7b-npu4,
1782584944.8666193,200,124.94467600117787,qwen7b-npu6,
1782584944.869604,200,81.99039600003744,qwen7b-npu4,
1782584944.871226,200,106.10176200134447,qwen7b-npu3,
1782584944.8909833,200,103.86208899944904,qwen7b-npu6,
1782584944.9180365,200,86.24728200084064,qwen7b-npu7,
1782584944.9439063,200,103.03794300125446,qwen7b-npu7,
1782584944.9451454,200,104.60466299991822,qwen7b-npu4,
1782584944.9544528,200,172.94861700065667,qwen7b-npu5,
1782584944.9688272,200,97.5012599992624,qwen7b-npu6,
1782584944.9697745,200,103.04734399687732,qwen7b-npu7,
1782584944.9804192,200,166.60975799823063,qwen7b-npu5,
1782584944.9808166,200,166.616899001383,qwen7b-npu5,
1782584945.0063732,200,159.192062998045,qwen7b-npu5,
1782584945.0066502,200,136.94890899932943,qwen7b-npu5,
1782584945.007227,200,167.99266599991824,qwen7b-npu5,
1782584945.021031,200,102.88862300149049,qwen7b-npu6,
1782584945.0323794,200,141.3277060019027,qwen7b-npu7,
1782584945.062382,200,81.86658499835175,qwen7b-npu4,
1782584945.0632033,200,94.31115100233,qwen7b-npu3,
1782584945.0719962,200,102.10205799739924,qwen7b-npu6,
1782584945.0839286,200,139.91944699955638,qwen7b-npu7,
1782584945.0843034,200,129.78066600044258,qwen7b-npu7,
1782584945.0846574,200,139.40348400137736,qwen7b-npu7,
1782584945.108014,200,101.24596199966618,qwen7b-npu7,
1782584945.1117935,200,90.65748799912399,qwen7b-npu4,
1782584945.1163788,200,135.4416299982404,qwen7b-npu5,
1782584945.1411417,200,133.79987000007532,qwen7b-npu5,
1782584945.1417246,200,135.2814780002518,qwen7b-npu5,
1782584945.159603,200,87.50863000022946,qwen7b-npu7,
1782584945.1630454,200,100.56393800186925,qwen7b-npu4,
1782584945.1645703,200,132.09258000279078,qwen7b-npu5,
1782584945.172187,200,87.4569400002656,qwen7b-npu6,
1782584945.1734169,200,110.10918600004516,qwen7b-npu3,
1782584945.1844583,200,100.01969500081032,qwen7b-npu7,
1782584945.1928513,200,108.81010899902321,qwen7b-npu4,
1782584945.2095194,200,93.04192299896386,qwen7b-npu7,
1782584945.2395175,200,127.63223200090579,qwen7b-npu6,
1782584945.2531266,200,79.63990200005355,qwen7b-npu5,
1782584945.2580352,200,98.32967500187806,qwen7b-npu7,
1782584945.2588978,200,150.78541199909523,qwen7b-npu4,
1782584945.2829895,200,90.04250500220223,qwen7b-npu3,
1782584945.2846098,200,142.81769399894984,qwen7b-npu4,
1782584945.3110278,200,138.78051999927266,qwen7b-npu4,
1782584945.311557,200,127.03167899962864,qwen7b-npu4,
1782584945.3314095,200,168.26435800248873,qwen7b-npu6,
1782584945.3320224,200,190.81621499935864,qwen7b-npu6,
1782584945.3352559,200,95.62538899990614,qwen7b-npu4,
1782584945.3378391,200,84.59104199937428,qwen7b-npu5,
1782584945.3412125,200,83.0801829979464,qwen7b-npu7,
1782584945.357968,200,148.33731800172245,qwen7b-npu6,
1782584945.3583398,200,193.67197199971997,qwen7b-npu6,
1782584945.3633373,200,104.33307200219133,qwen7b-npu5,
1782584945.3835516,200,100.49497799991514,qwen7b-npu6,
1782584945.3859677,200,101.25535299812327,qwen7b-npu4,
1782584945.409328,200,97.69484100252157,qwen7b-npu6,
1782584945.4212773,200,85.92127000156324,qwen7b-npu7,
1782584945.4242797,200,113.18104499878245,qwen7b-npu3,
1782584945.4365132,200,98.57631599879824,qwen7b-npu4,
1782584945.4471333,200,105.82755100040231,qwen7b-npu7,
1782584945.452126,200,119.98728600156028,qwen7b-npu3,
1782584945.4614606,200,103.0506230017636,qwen7b-npu4,
1782584945.4713843,200,87.76348099854658,qwen7b-npu7,
1782584945.4741046,200,142.58395299839322,qwen7b-npu5,
1782584945.4991672,200,141.09476400335552,qwen7b-npu5,
1782584945.5000768,200,136.63713700225344,qwen7b-npu5,
1782584945.5232399,200,137.176799998997,qwen7b-npu5,
1782584945.5330844,200,123.65802899876144,qwen7b-npu6,
1782584945.547027,200,125.64199000189546,qwen7b-npu4,
1782584945.548034,200,95.80527899743174,qwen7b-npu5,
1782584945.5593207,200,134.9414770011208,qwen7b-npu6,
1782584945.5804384,200,80.25785499921767,qwen7b-npu7,
1782584945.5876298,200,140.34886900117272,qwen7b-npu6,
1782584945.5879898,200,151.40624600098818,qwen7b-npu6,
1782584945.5884902,200,126.96122800116427,qwen7b-npu6,
1782584945.6200545,200,86.84599499974865,qwen7b-npu5,
1782584945.628082,200,80.96437999847694,qwen7b-npu7,
1782584945.653859,200,94.46888200182002,qwen7b-npu7,
1782584945.6702,200,196.02645700069843,qwen7b-npu4,
1782584945.6705978,200,199.1022050024185,qwen7b-npu4,
1782584945.6711562,200,90.62031900248257,qwen7b-npu5,
1782584945.6784542,200,89.88914400106296,qwen7b-npu7,
1782584945.6965961,200,197.3229840004933,qwen7b-npu4,
1782584945.6968627,200,173.5284300011699,qwen7b-npu4,
1782584945.6977346,200,109.99887499929173,qwen7b-npu5,
1782584945.7029169,200,82.79279099951964,qwen7b-npu6,
1782584945.730794,200,102.61808100040071,qwen7b-npu7,
1782584945.7480216,200,94.06402999957209,qwen7b-npu5,
1782584945.7581944,200,170.08480900040013,qwen7b-npu4,
1782584945.7585282,200,210.3926230010984,qwen7b-npu4,
1782584945.7721586,200,101.48532399762189,qwen7b-npu5,
1782584945.7813993,200,110.15674699956435,qwen7b-npu6,
1782584945.796586,200,98.7565879986505,qwen7b-npu5,
1782584945.804675,200,108.00265400030185,qwen7b-npu7,
1782584945.8088841,200,138.57221900252625,qwen7b-npu4,
1782584945.8092768,200,130.70375100141973,qwen7b-npu4,
1782584945.8315127,200,128.4973780020664,qwen7b-npu4,
1782584945.8459513,200,149.02324200011208,qwen7b-npu6,
1782584945.8467047,200,115.80507100006798,qwen7b-npu5,
1782584945.8541708,200,95.89420999691356,qwen7b-npu7,
1782584945.8788366,200,97.36721900117118,qwen7b-npu7,
1782584945.8889787,200,116.69557599816471,qwen7b-npu3,
1782584945.8955798,200,98.88046899868641,qwen7b-npu5,
1782584945.9173377,200,112.55409099976532,qwen7b-npu3,
1782584945.919302,200,109.90823500105762,qwen7b-npu4,
1782584945.9367652,200,178.16638800286455,qwen7b-npu6,
1782584945.9370644,200,188.91739399987273,qwen7b-npu6,
1782584945.9449534,200,98.14661400014302,qwen7b-npu5,
1782584945.962173,200,153.18817699881038,qwen7b-npu6,
1782584945.962583,200,131.00349299929803,qwen7b-npu6,
1782584945.9697711,200,123.75203899864573,qwen7b-npu4,
1782584945.9868796,200,97.83122199951322,qwen7b-npu6,
1782584945.995305,200,141.0360829977435,qwen7b-npu4,
1782584946.017499,200,80.66261899875826,qwen7b-npu7,
1782584946.0217128,200,126.03852300162544,qwen7b-npu4,
1782584946.022151,200,143.2157469971571,qwen7b-npu4,
1782584946.0377057,200,92.65397100170958,qwen7b-npu6,
1782584946.0467262,200,127.35755999892717,qwen7b-npu4,
1782584946.0573804,200,120.25152800197247,qwen7b-npu5,
1782584946.0578933,200,140.45872000133386,qwen7b-npu5,
1782584946.0633123,200,101.03115200035973,qwen7b-npu6,
1782584946.0818143,200,111.97766799887177,qwen7b-npu5,
1782584946.1202583,200,97.98732399940491,qwen7b-npu4,
1782584946.1292458,200,82.42120900104055,qwen7b-npu5,
1782584946.1349895,200,117.4202209986106,qwen7b-npu3,
1782584946.1399336,200,102.12620799939032,qwen7b-npu6,
1782584946.1449203,200,182.2253530008311,qwen7b-npu7,
1782584946.1667194,200,108.75907899753656,qwen7b-npu6,
1782584946.1714072,200,176.00239500097814,qwen7b-npu7,
1782584946.1717305,200,184.7432979993755,qwen7b-npu7,
1782584946.1968083,200,133.39673799782759,qwen7b-npu7,
1782584946.1978474,200,140.40142000158085,qwen7b-npu7,
1782584946.1982887,200,176.45753800024977,qwen7b-npu7,
1782584946.203687,200,83.33266400222783,qwen7b-npu4,
1782584946.2160804,200,81.02899999721558,qwen7b-npu5,
1782584946.2416093,200,101.5712150001491,qwen7b-npu5,
1782584946.243601,200,114.26075199779007,qwen7b-npu3,
1782584946.244904,200,99.88864499973715,qwen7b-npu6,
1782584946.2579744,200,176.06306599918753,qwen7b-npu7,
1782584946.2705376,200,98.68628700132831,qwen7b-npu6,
1782584946.2830708,200,86.1930119972385,qwen7b-npu4,
1782584946.2907357,200,92.7802510013862,qwen7b-npu5,
1782584946.2953115,200,91.53009399960865,qwen7b-npu6,
1782584946.314381,200,98.20561400192673,qwen7b-npu5,
1782584946.3446805,200,146.27817600194248,qwen7b-npu4,
1782584946.3476806,200,180.8876050017716,qwen7b-npu7,
1782584946.3485076,200,177.00694100130931,qwen7b-npu7,
1782584946.370853,200,129.14676100263023,qwen7b-npu4,
1782584946.3729784,200,129.27974199919845,qwen7b-npu7,
1782584946.3733454,200,128.37983699864708,qwen7b-npu7,
1782584946.3750749,200,84.2449999981909,qwen7b-npu6,
1782584946.4072816,200,136.6399670005194,qwen7b-npu4,
1782584946.4077387,200,149.69445600218023,qwen7b-npu4,
1782584946.4259338,200,142.78479399945354,qwen7b-npu5,
1782584946.4265616,200,131.15461300185416,qwen7b-npu5,
1782584946.4465966,200,101.81836699848645,qwen7b-npu4,
1782584946.4500918,200,135.61493099768995,qwen7b-npu5,
1782584946.452756,200,104.17455100105144,qwen7b-npu6,
1782584946.485949,200,138.1707059990731,qwen7b-npu7,
1782584946.4999547,200,92.5518199983344,qwen7b-npu5,
1782584946.512915,200,137.76947400037898,qwen7b-npu7,
1782584946.5132585,200,140.18074799969327,qwen7b-npu7,
1782584946.513557,200,140.14711799973156,qwen7b-npu7,
1782584946.5167124,200,145.7624719987507,qwen7b-npu6,
1782584946.5357442,200,85.55576800063136,qwen7b-npu7,
1782584946.537954,200,85.12984499975573,qwen7b-npu4,
1782584946.5422623,200,134.40913400336285,qwen7b-npu6,
1782584946.568832,200,142.20266999836895,qwen7b-npu6,
1782584946.569207,200,143.17075699727866,qwen7b-npu6,
1782584946.590248,200,143.56065899846726,qwen7b-npu5,
1782584946.61107,200,97.74076199755655,qwen7b-npu4,
1782584946.6117249,200,98.70378699997673,qwen7b-npu7,
1782584946.616027,200,130.01217700002599,qwen7b-npu5,
1782584946.6198378,200,106.21788299977197,qwen7b-npu6,
1782584946.637343,200,95.018464999157,qwen7b-npu7,
1782584946.6433055,200,143.25330700012273,qwen7b-npu5,
1782584946.6441188,200,127.31341100152349,qwen7b-npu5,
1782584946.6470997,200,111.25853300109156,qwen7b-npu6,
1782584946.6626472,200,93.71402699980536,qwen7b-npu7,
1782584946.6733413,200,104.06488000080572,qwen7b-npu6,
1782584946.699786,200,87.99358299802407,qwen7b-npu6,
1782584946.7065227,200,168.4997900010785,qwen7b-npu5,
1782584946.7295482,200,118.38080599773093,qwen7b-npu4,
1782584946.7327936,200,142.45365199894877,qwen7b-npu5,
1782584946.742215,200,95.01133500089054,qwen7b-npu7,
1782584946.7511384,200,107.72805200031144,qwen7b-npu6,
1782584946.7580075,200,138.10598599957302,qwen7b-npu5,
1782584946.758454,200,142.30489100009436,qwen7b-npu5,
1782584946.7778833,200,104.47691300214501,qwen7b-npu6,
1782584946.8455846,200,87.45598899986362,qwen7b-npu5,
1782584946.8504794,200,143.85495099850232,qwen7b-npu7,
1782584946.8559346,200,218.50043199810898,qwen7b-npu4,
1782584946.8562672,200,212.05012300197268,qwen7b-npu4,
1782584946.870901,200,112.32811900117667,qwen7b-npu5,
1782584946.8761342,200,133.8248100000783,qwen7b-npu7,
1782584946.876951,200,125.68744100281037,qwen7b-npu7,
1782584946.8820698,200,182.21686299875728,qwen7b-npu4,
1782584946.8824573,200,219.7145290010667,qwen7b-npu4,
1782584946.9435012,200,165.53908200148726,qwen7b-npu4,
1782584946.9438963,200,210.9995169994363,qwen7b-npu4,
1782584946.9447544,200,99.0631589993427,qwen7b-npu5,
1782584946.945102,200,215.48773500035168,qwen7b-npu4,
1782584946.964782,200,82.21100800074055,qwen7b-npu7,
1782584946.9798586,200,123.51830799889285,qwen7b-npu6,
1782584946.9935277,200,142.91498500097077,qwen7b-npu4,
1782584946.9940622,200,138.0504059998202,qwen7b-npu4,
1782584947.0063107,200,130.07892699897639,qwen7b-npu6,
1782584947.0073977,200,130.34496899854275,qwen7b-npu6,
1782584947.0078382,200,136.8223579993355,qwen7b-npu6,
1782584947.018805,200,136.61890699950163,qwen7b-npu4,
1782584947.0298107,200,84.9771140019584,qwen7b-npu5,
1782584947.0309606,200,86.94469600231969,qwen7b-npu6,
1782584947.0561152,200,91.24269200037816,qwen7b-npu6,
1782584947.0794094,200,135.78903099914896,qwen7b-npu4,
1782584947.08889,200,80.97827000165125,qwen7b-npu7,
1782584947.0916872,200,146.46769700266304,qwen7b-npu5,
1782584947.1139374,200,82.91201099928003,qwen7b-npu7,
1782584947.1166677,200,136.7069670013734,qwen7b-npu5,
1782584947.1406078,200,84.40397099911934,qwen7b-npu6,
1782584947.1425343,200,148.4056680019421,qwen7b-npu5,
1782584947.1428561,200,149.25770300033037,qwen7b-npu5,
1782584947.1661725,200,86.66627400089055,qwen7b-npu6,
1782584947.1917155,200,99.92646500177216,qwen7b-npu6,
1782584947.201683,200,194.16867499967339,qwen7b-npu4,
1782584947.202093,200,195.71347500095726,qwen7b-npu4,
1782584947.2165384,200,102.4940700008301,qwen7b-npu6,
1782584947.221296,200,78.36966400282108,qwen7b-npu7,
1782584947.2227376,200,82.03257700006361,qwen7b-npu5,
1782584947.2274115,200,197.4958049977431,qwen7b-npu4,
1782584947.227696,200,208.79432399669895,qwen7b-npu4,
1782584947.248197,200,105.56518900193623,qwen7b-npu5,
1782584947.25432,200,137.55623299948638,qwen7b-npu4,
1782584947.2550752,200,166.11772599935648,qwen7b-npu4,
1782584947.2977471,200,95.95561099922634,qwen7b-npu5,
1782584947.3129861,200,146.71765800085268,qwen7b-npu4,
1782584947.322703,200,94.89223399941693,qwen7b-npu5,
1782584947.3267965,200,110.16406699854997,qwen7b-npu3,
1782584947.3347735,200,80.38799699716037,qwen7b-npu7,
1782584947.3637605,200,140.92846300263773,qwen7b-npu4,
1782584947.364128,200,136.64145700022345,qwen7b-npu4,
1782584947.370052,200,167.84562499742606,qwen7b-npu6,
1782584947.3704147,200,178.60153100264142,qwen7b-npu6,
1782584947.387157,200,138.8928010019299,qwen7b-npu4,
1782584947.3954716,200,140.28461899943068,qwen7b-npu6,
1782584947.3959463,200,174.54890600129147,qwen7b-npu6,
1782584947.397315,200,84.26623999912408,qwen7b-npu5,
1782584947.4234977,200,88.62810699793044,qwen7b-npu5,
1782584947.4579315,200,160.1147889996355,qwen7b-npu7,
1782584947.4616609,200,91.1793419982132,qwen7b-npu4,
1782584947.4832673,200,156.37709699876723,qwen7b-npu7,
1782584947.4840593,200,161.25932599970838,qwen7b-npu7,
1782584947.4859486,200,90.35842699813657,qwen7b-npu4,
1782584947.4863732,200,122.17207900175708,qwen7b-npu5,
1782584947.5080209,200,144.16109200101346,qwen7b-npu7,
1782584947.5089443,200,85.35146699796314,qwen7b-npu6,
1782584947.509284,200,139.1329020007106,qwen7b-npu7,
1782584947.5127177,200,125.48294000225724,qwen7b-npu5,
1782584947.5390034,200,141.59316700170166,qwen7b-npu5,
1782584947.5395877,200,143.524608000007,qwen7b-npu5,
1782584947.5608146,200,99.05897000135155,qwen7b-npu6,
1782584947.5627341,200,104.70636399986688,qwen7b-npu4,
1782584947.5873768,200,103.2212449972576,qwen7b-npu6,
1782584947.588275,200,101.79680600049323,qwen7b-npu4,
1782584947.6113613,200,102.01451800094219,qwen7b-npu5,
1782584947.6125274,200,104.4382920008502,qwen7b-npu4,
1782584947.6395066,200,99.80095400169375,qwen7b-npu6,
1782584947.6594815,200,96.65090500129736,qwen7b-npu5,
1782584947.6910803,200,103.60995699738851,qwen7b-npu6,
1782584947.693142,200,80.5188080012158,qwen7b-npu4,
1782584947.6972358,200,211.17552900250303,qwen7b-npu7,
1782584947.6976562,200,214.29082700342406,qwen7b-npu7,
1782584947.7243724,200,211.58579099937924,qwen7b-npu7,
1782584947.7249424,200,215.89923599822214,qwen7b-npu7,
1782584947.725712,200,164.83367800174165,qwen7b-npu7,
1782584947.7260268,200,186.91117100024712,qwen7b-npu7,
1782584947.7317486,200,92.1408270005486,qwen7b-npu5,
1782584947.7706437,200,111.06009200011613,qwen7b-npu6,
1782584947.7816455,200,84.2929800019192,qwen7b-npu5,
1782584947.7849216,200,173.46659999748226,qwen7b-npu7,
1782584947.78586,200,197.49032499748864,qwen7b-npu7,
1782584947.795723,200,102.48014099852298,qwen7b-npu6,
1782584947.8193748,200,93.58150700063561,qwen7b-npu4,
1782584947.8228605,200,98.38684600254055,qwen7b-npu6,
1782584947.8340533,200,136.28168499781168,qwen7b-npu7,
1782584947.8347363,200,143.55789899855154,qwen7b-npu7,
1782584947.8453891,200,120.37707800118369,qwen7b-npu4,
1782584947.8489766,200,117.12631899717962,qwen7b-npu6,
1782584947.8585033,200,132.36605199926998,qwen7b-npu7,
1782584947.8598623,200,89.08705899739289,qwen7b-npu5,
1782584947.8701746,200,84.19827899706434,qwen7b-npu4,
1782584947.9007907,200,104.96724499898846,qwen7b-npu6,
1782584947.920513,200,97.53539000303135,qwen7b-npu4,
1782584947.9209208,200,135.92427199910162,qwen7b-npu7,
1782584947.9251413,200,143.36074799939524,qwen7b-npu5,
1782584947.926367,200,106.91358699841658,qwen7b-npu6,
1782584947.9469614,200,88.38764500251273,qwen7b-npu4,
1782584947.9704387,200,121.35511399901588,qwen7b-npu7,
1782584947.9714806,200,136.67741699828184,qwen7b-npu7,
1782584947.977671,200,107.4072299998079,qwen7b-npu6,
1782584947.9779322,200,132.444040998962,qwen7b-npu5,
1782584947.9781635,200,144.00943199871108,qwen7b-npu5,
1782584948.0033572,200,143.42725800088374,qwen7b-npu5,
1782584948.028337,200,107.70489100104896,qwen7b-npu6,
1782584948.032734,200,131.8218380001781,qwen7b-npu4,
1782584948.0559752,200,108.94827000083751,qwen7b-npu5,
1782584948.056287,200,135.238709000987,qwen7b-npu7,
1782584948.0595577,200,133.12452500031213,qwen7b-npu4,
1782584948.05992,200,134.68142600322608,qwen7b-npu4,
1782584948.0776863,200,107.18211900166352,qwen7b-npu6,
1782584948.081642,200,103.63773700009915,qwen7b-npu5,
1782584948.0822175,200,103.98882899971795,qwen7b-npu4,
1782584948.1065218,200,128.77573000150733,qwen7b-npu7,
1782584948.1069462,200,135.3374589998566,qwen7b-npu7,
1782584948.1293962,200,96.563174000039,qwen7b-npu7,
1782584948.1473227,200,143.86959100011154,qwen7b-npu5,
1782584948.1527627,200,96.35002299910411,qwen7b-npu6,
1782584948.1539805,200,97.91944300013711,qwen7b-npu7,
1782584948.167137,200,85.4259469997487,qwen7b-npu4,
1782584948.177559,200,99.7805029983283,qwen7b-npu7,
1782584948.2116883,200,183.24970899993787,qwen7b-npu5,
1782584948.2245023,200,95.0411060002807,qwen7b-npu7,
1782584948.228486,200,121.85329800195177,qwen7b-npu4,
1782584948.2333739,200,80.51620699916384,qwen7b-npu6,
1782584948.2383664,200,178.36853900007554,qwen7b-npu5,
1782584948.239096,200,179.44278600043617,qwen7b-npu5,
1782584948.2647321,200,157.66361400164897,qwen7b-npu5,
1782584948.2650917,200,182.80929600223317,qwen7b-npu5,
1782584948.2689729,200,101.73109600145835,qwen7b-npu3,
1782584948.2800093,200,125.89499200112186,qwen7b-npu4,
1782584948.2803907,200,132.97857499856036,qwen7b-npu4,
1782584948.3038504,200,79.24701999945682,qwen7b-npu7,
1782584948.3047297,200,127.10628900094889,qwen7b-npu4,
1782584948.3160481,200,87.46730999700958,qwen7b-npu5,
1782584948.3237226,200,111.92897699947935,qwen7b-npu3,
1782584948.3303404,200,96.86962599880644,qwen7b-npu4,
1782584948.3448856,200,105.68320899983519,qwen7b-npu5,
1782584948.3555384,200,90.70568899915088,qwen7b-npu4,
1782584948.3624113,200,123.97566999788978,qwen7b-npu6,
1782584948.3725858,200,107.4229000005289,qwen7b-npu5,
1782584948.3860185,200,81.22055099738645,qwen7b-npu7,
1782584948.4346719,200,89.708043000428,qwen7b-npu4,
1782584948.4350855,200,104.67139300089912,qwen7b-npu7,
1782584948.4523144,200,172.200281998812,qwen7b-npu6,
1782584948.452681,200,183.57473099968047,qwen7b-npu6,
1782584948.4536247,200,173.1715579990123,qwen7b-npu6,
1782584948.4585946,200,85.93780999945011,qwen7b-npu4,
1782584948.4597752,200,97.23216800193768,qwen7b-npu7,
1782584948.4787748,200,154.9667170002067,qwen7b-npu6,
1782584948.4799194,200,175.97414500050945,qwen7b-npu6,
1782584948.4802492,200,164.07689300103812,qwen7b-npu6,
1782584948.4838989,200,97.81463200124563,qwen7b-npu4,
1782584948.5036995,200,148.09146600237,qwen7b-npu6,
1782584948.5287468,200,93.58443599921884,qwen7b-npu6,
1782584948.5328484,200,98.05388400127413,qwen7b-npu7,
1782584948.554499,200,102.07335800077999,qwen7b-npu6,
1782584948.5578666,200,104.12085999996634,qwen7b-npu7,
1782584948.5599144,200,107.16089900233783,qwen7b-npu4,
1782584948.5855095,200,106.66719499931787,qwen7b-npu4,
1782584948.5907168,200,132.0282889973896,qwen7b-npu5,
1782584948.6162064,200,132.21515000259387,qwen7b-npu6,
1782584948.619561,200,139.15477299815393,qwen7b-npu5,
1782584948.6199713,200,139.96985700214282,qwen7b-npu5,
1782584948.6210465,200,161.2048560018593,qwen7b-npu5,
1782584948.641191,200,81.20173099814565,qwen7b-npu7,
1782584948.6454868,200,141.71852699655574,qwen7b-npu5,
1782584948.6679978,200,139.1546329978155,qwen7b-npu6,
1782584948.6683044,200,135.37327000085497,qwen7b-npu6,
1782584948.6733181,200,87.69114099777653,qwen7b-npu4,
1782584948.6736407,200,115.67325000214623,qwen7b-npu5,
1782584948.6915963,200,137.00841900208616,qwen7b-npu6,
1782584948.6993454,200,108.56477699780953,qwen7b-npu4,
1782584948.7207553,200,99.6027729997877,qwen7b-npu5,
1782584948.7256756,200,109.40674199810019,qwen7b-npu4,
1782584948.73241,200,112.72135200124467,qwen7b-npu3,
1782584948.751925,200,106.35999399892171,qwen7b-npu4,
1782584948.7556558,200,135.5784900006256,qwen7b-npu7,
1782584948.7762876,200,102.55453099671286,qwen7b-npu4,
1782584948.7930279,200,101.31888300020364,qwen7b-npu5,
1782584948.8050275,200,136.6342170003918,qwen7b-npu6,
1782584948.8183377,200,177.01899199892068,qwen7b-npu7,
1782584948.8454628,200,172.0358610000403,qwen7b-npu7,
1782584948.8459036,200,177.80819600011455,qwen7b-npu7,
1782584948.851081,200,95.35120700093103,qwen7b-npu4,
1782584948.855971,200,135.11233700046432,qwen7b-npu6,
1782584948.8577554,200,131.9752689996676,qwen7b-npu6,
1782584948.867249,200,90.83660999749554,qwen7b-npu5,
1782584948.8721797,200,172.75543499999912,qwen7b-npu7,
1782584948.8725991,200,140.06114800213254,qwen7b-npu7,
1782584948.9056554,200,100.51919800025644,qwen7b-npu6,
1782584948.9174943,200,99.06183999919449,qwen7b-npu5,
1782584948.9296694,200,83.69915599905653,qwen7b-npu4,
1782584948.9335375,200,181.49589899985585,qwen7b-npu7,
1782584948.942989,200,91.81288599938853,qwen7b-npu5,
1782584948.9548273,200,87.50521000183653,qwen7b-npu6,
1782584948.9686642,200,175.52986199734733,qwen7b-npu3,
1782584948.9690926,200,96.42023400010657,qwen7b-npu5,
1782584948.9888368,200,130.96669200240285,qwen7b-npu7,
1782584948.9892035,200,133.16858600228443,qwen7b-npu7,
1782584948.9896517,200,144.0484609993291,qwen7b-npu7,
1782584949.009657,200,137.3500410009001,qwen7b-npu7,
1782584949.0191326,200,89.3554510003014,qwen7b-npu5,
1782584949.0449927,200,101.93915699710487,qwen7b-npu5,
1782584949.0685105,200,99.30113100199378,qwen7b-npu5,
1782584949.070595,200,81.6539740008011,qwen7b-npu6,
1782584949.078593,200,161.01140499813482,qwen7b-npu4,
1782584949.0789075,200,173.14510800133576,qwen7b-npu4,
1782584949.0974357,200,142.50786299817264,qwen7b-npu7,
1782584949.1037655,200,94.01205899848719,qwen7b-npu3,
1782584949.1048396,200,171.21048600165523,qwen7b-npu4,
1782584949.105245,200,136.46898599836277,qwen7b-npu4,
1782584949.1231751,200,133.86368999999831,qwen7b-npu7,
1782584949.123486,200,133.68502899902523,qwen7b-npu7,
1782584949.1311066,200,111.85242700230447,qwen7b-npu4,
1782584949.1627376,200,84.06672899945988,qwen7b-npu5,
1782584949.1772296,200,98.26063500076998,qwen7b-npu4,
1782584949.1841633,200,139.0574219985865,qwen7b-npu6,
1782584949.1845639,200,115.98099199909484,qwen7b-npu3,
1782584949.1883497,200,90.79697000197484,qwen7b-npu5,
1782584949.1953998,200,90.0830960017629,qwen7b-npu7,
1782584949.2097728,200,139.11815200117417,qwen7b-npu6,
1782584949.2120554,200,88.44849500019336,qwen7b-npu5,
1782584949.2275867,200,104.32000100263394,qwen7b-npu4,
1782584949.2360864,200,132.2107900014089,qwen7b-npu6,
1782584949.236895,200,131.94102899797144,qwen7b-npu6,
1782584949.2377324,200,106.50223500124412,qwen7b-npu5,
1782584949.2529583,200,90.1306960004149,qwen7b-npu4,
1782584949.271973,200,87.70580099735525,qwen7b-npu7,
1782584949.286995,200,102.31532900070306,qwen7b-npu5,
1782584949.2903495,200,94.88976399734383,qwen7b-npu3,
1782584949.2969666,200,108.52730700207758,qwen7b-npu7,
1782584949.3127196,200,100.56664900184842,qwen7b-npu5,
1782584949.3130634,200,135.7113619997108,qwen7b-npu4,
1782584949.3137317,200,103.86241900050663,qwen7b-npu6,
1782584949.3202882,200,82.45737900142558,qwen7b-npu7,
1782584949.3358955,200,99.70843400151352,qwen7b-npu5,
1782584949.3395622,200,86.50727399799507,qwen7b-npu6,
1782584949.3931673,200,80.34889600094175,qwen7b-npu7,
1782584949.398138,200,170.44490199987195,qwen7b-npu4,
1782584949.3984644,200,161.49898799994844,qwen7b-npu4,
1782584949.4027925,200,130.72679100150708,qwen7b-npu6,
1782584949.4100063,200,89.63212200251292,qwen7b-npu5,
1782584949.4232159,200,126.18069300151546,qwen7b-npu4,
1782584949.4234996,200,133.0502750024607,qwen7b-npu4,
1782584949.4284894,200,141.40210599725833,qwen7b-npu6,
1782584949.4468653,200,107.20360800041817,qwen7b-npu4,
1782584949.4553378,200,141.50880699889967,qwen7b-npu6,
1782584949.4560776,200,142.94933499695617,qwen7b-npu6,
1782584949.472005,200,136.04712400046992,qwen7b-npu5,
1782584949.494419,200,95.893760000763,qwen7b-npu4,
1782584949.5059464,200,82.33198800007813,qwen7b-npu7,
1782584949.5226998,200,124.4659629992384,qwen7b-npu5,
1782584949.5230632,200,129.82805600040592,qwen7b-npu5,
1782584949.5316029,200,103.018952999264,qwen7b-npu7,
1782584949.5467365,200,136.6666569992958,qwen7b-npu5,
1782584949.5546749,200,98.50717600056669,qwen7b-npu7,
1782584949.572001,200,99.90088500126149,qwen7b-npu5,
1782584949.5803251,200,177.47579400020186,qwen7b-npu6,
1782584949.5967872,200,102.27976899841451,qwen7b-npu5,
1782584949.6113048,200,79.61212199734291,qwen7b-npu4,
1782584949.6442378,200,220.94734699930996,qwen7b-npu6,
1782584949.6451263,200,198.16739900124958,qwen7b-npu6,
1782584949.6702547,200,214.82435000143596,qwen7b-npu6,
1782584949.670683,200,164.67521700178622,qwen7b-npu6,
1782584949.6897676,200,78.36819399744854,qwen7b-npu4,
1782584949.6956232,200,148.79426100014825,qwen7b-npu6,
1782584949.6958778,200,123.7800890012295,qwen7b-npu6,
1782584949.7477355,200,224.5507389998238,qwen7b-npu7,
1782584949.748148,200,225.34075400108122,qwen7b-npu7,
1782584949.762116,200,91.31490199797554,qwen7b-npu4,
1782584949.7722301,200,82.37172900044243,qwen7b-npu6,
1782584949.77448,200,219.74437999961083,qwen7b-npu7,
1782584949.7751985,200,178.34053900151048,qwen7b-npu7,
1782584949.7756047,200,195.1889209994988,qwen7b-npu7,
1782584949.7926826,200,122.30934000035631,qwen7b-npu5,
1782584949.8011503,200,155.9216040004685,qwen7b-npu7,
1782584949.8016272,200,157.27960100048222,qwen7b-npu7,
1782584949.846901,200,98.6245459971542,qwen7b-npu6,
1782584949.8581936,200,162.49811399757164,qwen7b-npu5,
1782584949.858686,200,162.7445650010486,qwen7b-npu5,
1782584949.8713462,200,99.00930899675586,qwen7b-npu6,
1782584949.8749804,200,127.12059900150052,qwen7b-npu4,
1782584949.8923573,200,90.58264900158974,qwen7b-npu3,
1782584949.901386,200,126.12369300040882,qwen7b-npu4,
1782584949.9016633,200,127.11976900027366,qwen7b-npu4,
1782584949.9259653,200,124.6960950011271,qwen7b-npu4,
1782584949.9445693,200,168.90095300186658,qwen7b-npu5,
1782584949.944978,200,182.75998600074672,qwen7b-npu5,
1782584949.9546745,200,83.22928400230012,qwen7b-npu6,
1782584949.9694576,200,176.6297489994031,qwen7b-npu5,
1782584949.9704273,200,112.08637800154975,qwen7b-npu3,
1782584949.9765668,200,84.11457900001551,qwen7b-npu4,
1782584949.9807189,200,105.63922900109901,qwen7b-npu6,
1782584949.9941535,200,135.34468899888452,qwen7b-npu5,
1782584949.9948485,200,147.88230499834754,qwen7b-npu5,
1782584950.0022185,200,100.77158900094219,qwen7b-npu4,
1782584950.0058317,200,104.10551000313717,qwen7b-npu6,
1782584950.0282352,200,83.14110300125321,qwen7b-npu7,
1782584950.042054,200,97.37930999835953,qwen7b-npu5,
1782584950.0627418,200,136.67865699972026,qwen7b-npu4,
1782584950.0744998,200,79.56027199907112,qwen7b-npu7,
1782584950.0778556,200,97.03631700176629,qwen7b-npu3,
1782584950.0882185,200,133.4534480010916,qwen7b-npu4,
1782584950.0977962,200,127.30362100046477,qwen7b-npu6,
1782584950.1137693,200,144.2028230012511,qwen7b-npu4,
1782584950.1145003,200,120.28025799736497,qwen7b-npu4,
1782584950.123979,200,147.3217310012842,qwen7b-npu6,
1782584950.1509166,200,145.02661699953023,qwen7b-npu6,
1782584950.1512063,200,148.9248609977949,qwen7b-npu6,
1782584950.1536446,200,125.30106799749774,qwen7b-npu5,
1782584950.165985,200,77.67379000142682,qwen7b-npu7,
1782584950.1789243,200,136.7776879997109,qwen7b-npu5,
1782584950.1996696,200,121.71563599986257,qwen7b-npu4,
1782584950.2149782,200,152.13814100206946,qwen7b-npu5,
1782584950.2154615,200,140.8645619994786,qwen7b-npu5,
1782584950.2250051,200,127.1049690003565,qwen7b-npu4,
1782584950.2301996,200,115.59814900101628,qwen7b-npu5,
1782584950.2486973,200,82.61601000049268,qwen7b-npu7,
1782584950.2519982,200,127.92560399975628,qwen7b-npu4,
1782584950.252347,200,138.51241800148273,qwen7b-npu4,
1782584950.2547357,200,100.99206099766889,qwen7b-npu5,
1782584950.2640646,200,113.08317400107626,qwen7b-npu3,
1782584950.2644389,200,85.45178699932876,qwen7b-npu6,
1782584950.2772877,200,126.01765200088266,qwen7b-npu4,
1782584950.2902236,200,90.45348799918429,qwen7b-npu6,
1782584950.3027344,200,87.6625700002478,qwen7b-npu5,
1782584950.3409905,200,92.19033800036414,qwen7b-npu6,
1782584950.3456814,200,93.60680600002524,qwen7b-npu3,
1782584950.364474,200,139.36357399870758,qwen7b-npu4,
1782584950.366921,200,102.74952200052212,qwen7b-npu6,
1782584950.391308,200,136.4704459992936,qwen7b-npu4,
1782584950.3917975,200,127.29364999904647,qwen7b-npu4,
1782584950.4029484,200,172.65051499998663,qwen7b-npu7,
1782584950.4034083,200,187.8036769994651,qwen7b-npu7,
1782584950.4227066,200,81.62302399796317,qwen7b-npu5,
1782584950.4298189,200,177.3494329972891,qwen7b-npu7,
1782584950.4305954,200,140.26944900251692,qwen7b-npu7,
1782584950.4310145,200,153.65880000172183,qwen7b-npu7,
1782584950.431387,200,128.5824180013151,qwen7b-npu7,
1782584950.4447033,200,98.95041799973114,qwen7b-npu6,
1782584950.454169,200,89.59461300037219,qwen7b-npu7,
1782584950.4785295,200,86.61835399834672,qwen7b-npu7,
1782584950.4961054,200,92.58161099933204,qwen7b-npu6,
1782584950.5023875,200,135.35586000216426,qwen7b-npu4,
1782584950.5298662,200,99.14980000030482,qwen7b-npu7,
1782584950.5465589,200,101.76214600141975,qwen7b-npu6,
1782584950.5541553,200,123.0314050008019,qwen7b-npu4,
1782584950.5547905,200,132.01846900119563,qwen7b-npu4,
1782584950.5556436,200,101.35074400022859,qwen7b-npu7,
1782584950.5745673,200,171.50399800084415,qwen7b-npu5,
1782584950.5748992,200,183.45771999884164,qwen7b-npu5,
1782584950.578149,200,148.20765699914773,qwen7b-npu3,
1782584950.578597,200,147.0938300008129,qwen7b-npu3,
1782584950.5815582,200,85.39015700080199,qwen7b-npu7,
1782584950.626954,200,124.49792299958062,qwen7b-npu5,
1782584950.6274722,200,148.85081100146635,qwen7b-npu5,
1782584950.642439,200,87.57726000112598,qwen7b-npu4,
1782584950.6531274,200,123.16325600113487,qwen7b-npu5,
1782584950.6636922,200,85.4158969996206,qwen7b-npu7,
1782584950.689208,200,107.55366100056563,qwen7b-npu7,
1782584950.7044404,200,157.78632500223466,qwen7b-npu6,
1782584950.7171166,200,142.14233999882708,qwen7b-npu5,
1782584950.7309253,200,175.17043000043486,qwen7b-npu6,
1782584950.7314348,200,177.2169730029418,qwen7b-npu6,
1782584950.7467294,200,93.50551600073231,qwen7b-npu4,
1782584950.7556927,200,176.9817519998469,qwen7b-npu6,
1782584950.7563393,200,181.66924899924197,qwen7b-npu6,
1782584950.765833,200,102.03567799908342,qwen7b-npu4,
1782584950.7697308,200,142.18812100079958,qwen7b-npu5,
1782584950.7701259,200,143.0875259975437,qwen7b-npu5,
1782584950.7704377,200,127.92507399717579,qwen7b-npu5,
1782584950.7920916,200,102.76900199824013,qwen7b-npu4,
1782584950.8175495,200,100.3318670009321,qwen7b-npu4,
1782584950.8418145,200,110.75643100048183,qwen7b-npu4,
1782584950.856491,200,85.98114099731902,qwen7b-npu5,
1782584950.879915,200,175.35746099747485,qwen7b-npu6,
1782584950.881932,200,112.05942900051014,qwen7b-npu5,
1782584950.8900669,200,124.12433099962072,qwen7b-npu7,
1782584950.906763,200,89.11495899883448,qwen7b-npu5,
1782584950.9083958,200,161.5632379980525,qwen7b-npu6,
1782584950.9087288,200,177.16687199936132,qwen7b-npu6,
1782584950.916365,200,146.15995500207646,qwen7b-npu7,
1782584950.9167273,200,124.54552400231478,qwen7b-npu7,
1782584950.9227421,200,80.79942900076276,qwen7b-npu4,
1782584950.935906,200,179.4995359996392,qwen7b-npu6,
1782584950.9366693,200,180.90736500016646,qwen7b-npu6,
1782584950.9630375,200,106.45071399994777,qwen7b-npu6,
1782584950.9737623,200,93.77920699989772,qwen7b-npu4,
1782584951.0005257,200,93.66523700009566,qwen7b-npu4,
1782584951.0014186,200,84.95158400182845,qwen7b-npu5,
1782584951.0257978,200,102.94093300035456,qwen7b-npu5,
1782584951.0493538,200,86.21253200180945,qwen7b-npu4,
1782584951.0562549,200,147.42186299918103,qwen7b-npu6,
1782584951.06712,200,176.96768099995097,qwen7b-npu7,
1782584951.0675504,200,185.55457300317357,qwen7b-npu7,
1782584951.0845459,200,147.805034997873,qwen7b-npu6,
1782584951.0849345,200,148.92990100270254,qwen7b-npu6,
1782584951.0918312,200,183.34985000183224,qwen7b-npu7,
1782584951.0926456,200,175.85184400013532,qwen7b-npu7,
1782584951.1123312,200,138.508637999621,qwen7b-npu6,
1782584951.1376526,200,111.74383599791327,qwen7b-npu6,
1782584951.1400857,200,90.62914899914176,qwen7b-npu7,
1782584951.1422417,200,141.61947700267774,qwen7b-npu5,
1782584951.1426275,200,141.09886400183314,qwen7b-npu5,
1782584951.1652884,200,108.97023000143236,qwen7b-npu5,
1782584951.1859145,200,118.73506799747702,qwen7b-npu4,
1782584951.1869245,200,95.02522500042687,qwen7b-npu6,
1782584951.191476,200,98.7244180032576,qwen7b-npu7,
1782584951.193794,200,109.13821100257337,qwen7b-npu3,
1782584951.2119107,200,144.28526399933617,qwen7b-npu4,
1782584951.212714,200,127.70891299805953,qwen7b-npu4,
1782584951.2170193,200,104.62578400256461,qwen7b-npu7,
1782584951.2361672,200,93.80968700133963,qwen7b-npu4,
1782584951.2711215,200,84.09867899899837,qwen7b-npu6,
1782584951.2809343,200,138.19523599886452,qwen7b-npu7,
1782584951.2865746,200,146.38746600030572,qwen7b-npu5,
1782584951.2869194,200,149.15434300201014,qwen7b-npu5,
1782584951.2879739,200,94.08441900086473,qwen7b-npu4,
1782584951.307467,200,95.45756800071103,qwen7b-npu5,
1782584951.3226914,200,105.57960900041508,qwen7b-npu6,
1782584951.3448868,200,179.53688600027817,qwen7b-npu7,
1782584951.3716753,200,185.69947400101228,qwen7b-npu7,
1782584951.3719487,200,180.37755099794595,qwen7b-npu7,
1782584951.38822,200,80.64678799928515,qwen7b-npu4,
1782584951.3967004,200,183.888052997645,qwen7b-npu7,
1782584951.397326,200,161.0608549999597,qwen7b-npu7,
1782584951.4017913,200,114.73983500036411,qwen7b-npu6,
1782584951.4211802,200,140.1263480001944,qwen7b-npu7,
1782584951.426443,200,155.24143000220647,qwen7b-npu5,
1782584951.4268248,200,140.1560479971522,qwen7b-npu5,
1782584951.4274387,200,139.3667429983907,qwen7b-npu5,
1782584951.4464211,200,101.47542399863596,qwen7b-npu7,
1782584951.4649942,200,142.241281002498,qwen7b-npu6,
1782584951.49658,200,94.67710299941245,qwen7b-npu7,
1782584951.5130439,200,124.76476500160061,qwen7b-npu5,
1782584951.5179799,200,120.58683999930508,qwen7b-npu4,
1782584951.5186803,200,146.9437689993356,qwen7b-npu6,
1782584951.5189257,200,146.9020390031801,qwen7b-npu6,
1782584951.5210266,200,93.4676649994799,qwen7b-npu7,
1782584951.5423083,200,145.50468000015826,qwen7b-npu4,
1782584951.5660784,200,144.791486000031,qwen7b-npu5,
1782584951.566509,200,139.95193699884112,qwen7b-npu5,
1782584951.5677133,200,121.19531300049857,qwen7b-npu4,
1782584951.5683806,200,141.44267599840532,qwen7b-npu4,
1782584951.5935187,200,128.46650699793827,qwen7b-npu4,
1782584951.595657,200,98.97765899950173,qwen7b-npu7,
1782584951.6165671,200,95.4282479979156,qwen7b-npu5,
1782584951.6179073,200,98.87042899936205,qwen7b-npu4,
1782584951.6378815,200,124.71818500125664,qwen7b-npu6,
1782584951.6422231,200,99.84323399839923,qwen7b-npu5,
1782584951.665587,200,146.84553799816058,qwen7b-npu6,
1782584951.6659384,200,147.8809549989819,qwen7b-npu6,
1782584951.6669521,200,99.14814000148908,qwen7b-npu4,
1782584951.6683593,200,99.91571499995189,qwen7b-npu5,
1782584951.6920357,200,125.40626900226925,qwen7b-npu6,
1782584951.6940162,200,100.43844699976034,qwen7b-npu5,
1782584951.7098143,200,143.62002900088555,qwen7b-npu7,
1782584951.7433655,200,147.59730299920193,qwen7b-npu7,
1782584951.7629874,200,146.31133600050816,qwen7b-npu7,
1782584951.7634473,200,145.43733100072131,qwen7b-npu7,
1782584951.7785802,200,84.4695510022575,qwen7b-npu5,
1782584951.7833586,200,145.4163799971866,qwen7b-npu6,
1782584951.7880054,200,145.67829099905794,qwen7b-npu7,
1782584951.7915049,200,125.49437900088378,qwen7b-npu4,
1782584951.8173547,200,148.93630199730978,qwen7b-npu4,
1782584951.8176472,200,125.5029599997215,qwen7b-npu4,
1782584951.8426692,200,99.17581000263453,qwen7b-npu4,
1782584951.8538337,200,186.82027099930565,qwen7b-npu6,
1782584951.854433,200,188.74898200010648,qwen7b-npu6,
1782584951.8699667,200,91.30650199949741,qwen7b-npu7,
1782584951.8746316,200,86.5184930007672,qwen7b-npu5,
1782584951.8796046,200,169.72123799860128,qwen7b-npu6,
1782584951.894204,200,110.77456000202801,qwen7b-npu7,
1782584951.900107,200,108.50539700186346,qwen7b-npu5,
1782584951.9067104,200,143.57738900071126,qwen7b-npu6,
1782584951.9071307,200,143.53285899778712,qwen7b-npu6,
1782584951.924771,200,107.34032999971532,qwen7b-npu5,
1782584951.949165,200,94.67218300051172,qwen7b-npu5,
1782584951.9686375,200,88.9337879998493,qwen7b-npu7,
1782584951.9887297,200,170.96055499860086,qwen7b-npu4,
1782584951.993155,200,86.33596300205681,qwen7b-npu7,
1782584951.9940739,200,124.0457099993364,qwen7b-npu6,
1782584952.0159023,200,161.97577999992063,qwen7b-npu4,
1782584952.0163026,200,173.48768999727326,qwen7b-npu4,
1782584952.0251129,200,100.28290699847275,qwen7b-npu5,
1782584952.0403671,200,133.11884599897894,qwen7b-npu4,
1782584952.0413125,200,166.57348800072214,qwen7b-npu4,
1782584952.0463939,200,146.1488749991986,qwen7b-npu6,
1782584952.0468044,200,152.53995300008683,qwen7b-npu6,
1782584952.0648518,200,115.63132999799564,qwen7b-npu4,
1782584952.07166,200,82.8262410032039,qwen7b-npu7,
1782584952.0968962,200,102.6961220013618,qwen7b-npu7,
1782584952.1154594,200,99.4557320009335,qwen7b-npu4,
1782584952.1300163,200,88.58373600014602,qwen7b-npu6,
1782584952.1406007,200,100.17248599979212,qwen7b-npu4,
1782584952.1494439,200,102.93531299976166,qwen7b-npu3,
1782584952.1552446,200,186.5458789980039,qwen7b-npu5,
1782584952.1558554,200,108.9459690010699,qwen7b-npu6,
1782584952.164925,200,100.015505002375,qwen7b-npu4,
1782584952.1813703,200,84.4025509977655,qwen7b-npu6,
1782584952.182692,200,166.26381600144668,qwen7b-npu5,
1782584952.183077,200,189.84968899894739,qwen7b-npu5,
1782584952.1988924,200,83.33960399977514,qwen7b-npu7,
1782584952.209545,200,137.7785730001051,qwen7b-npu5,
1782584952.2099688,200,184.7628479990817,qwen7b-npu5,
1782584952.2252007,200,84.51172100103577,qwen7b-npu7,
1782584952.2336807,200,103.55949600125314,qwen7b-npu6,
1782584952.2564716,200,101.1303820014291,qwen7b-npu7,
1782584952.2816663,200,98.46670600018115,qwen7b-npu7,
1782584952.2858193,200,129.90534600248793,qwen7b-npu4,
1782584952.286126,200,136.57583700114628,qwen7b-npu4,
1782584952.2898693,200,90.8835000009276,qwen7b-npu6,
1782584952.3051972,200,140.21278800282744,qwen7b-npu5,
1782584952.3062956,200,96.63754499706556,qwen7b-npu7,
1782584952.3104901,200,100.4102070000954,qwen7b-npu4,
1782584952.3150113,200,89.75152299899491,qwen7b-npu6,
1782584952.3692737,200,186.4618879990303,qwen7b-npu5,
1782584952.369788,200,188.31236899859505,qwen7b-npu5,
1782584952.3801208,200,90.18108600139385,qwen7b-npu7,
1782584952.390241,200,84.96224400005303,qwen7b-npu6,
1782584952.3935385,200,159.68465599871706,qwen7b-npu5,
1782584952.398355,200,141.77996800208348,qwen7b-npu4,
1782584952.4198828,200,133.6791389985592,qwen7b-npu5,
1782584952.4206696,200,134.77249500283506,qwen7b-npu5,
1782584952.4243865,200,142.64115400146693,qwen7b-npu4,
1782584952.4449651,200,134.35683300122037,qwen7b-npu5,
1782584952.4509604,200,135.88817199706682,qwen7b-npu4,
1782584952.4514701,200,145.04218800357194,qwen7b-npu4,
1782584952.468698,200,98.7880579996272,qwen7b-npu6,
1782584952.4706416,200,101.22177299854229,qwen7b-npu5,
1782584952.47709,200,96.8970369976887,qwen7b-npu4,
1782584952.4960494,200,97.58697000143002,qwen7b-npu5,
1782584952.4965174,200,106.2079029979941,qwen7b-npu6,
1782584952.500331,200,106.72554600023432,qwen7b-npu3,
1782584952.5029652,200,82.98567200108664,qwen7b-npu7,
1782584952.5249524,200,104.180020000058,qwen7b-npu4,
1782584952.5287309,200,104.27784100102144,qwen7b-npu7,
1782584952.5452957,200,100.2374259987846,qwen7b-npu5,
1782584952.5541663,200,103.14719400048489,qwen7b-npu7,
1782584952.5797324,200,102.54429099950357,qwen7b-npu7,
1782584952.5936525,200,93.25681399786845,qwen7b-npu5,
1782584952.6013567,200,104.7393840017321,qwen7b-npu4,
1782584952.6056724,200,102.64371099765413,qwen7b-npu7,
1782584952.62604,200,174.50013599955128,qwen7b-npu6,
1782584952.6277895,200,98.99430899895378,qwen7b-npu4,
1782584952.6530256,200,182.2860430002038,qwen7b-npu6,
1782584952.6537902,200,184.99430999872857,qwen7b-npu6,
1782584952.669401,200,124.00960100058,qwen7b-npu7,
1782584952.678592,200,153.54117900278652,qwen7b-npu6,
1782584952.67948,200,183.26290999902994,qwen7b-npu6,
1782584952.6837044,200,82.19579700016766,qwen7b-npu5,
1782584952.70385,200,149.62424600162194,qwen7b-npu6,
1782584952.7442734,200,116.41086500094389,qwen7b-npu5,
1782584952.7564833,200,86.96592699925532,qwen7b-npu4,
1782584952.7605214,200,180.6759229984891,qwen7b-npu7,
1782584952.761205,200,167.47842300173943,qwen7b-npu7,
1782584952.7804966,200,100.90404099901207,qwen7b-npu4,
1782584952.7827194,200,104.0296089995536,qwen7b-npu6,
1782584952.78736,200,134.2363519979699,qwen7b-npu7,
1782584952.7883487,200,182.57776500104228,qwen7b-npu7,
1782584952.7887802,200,162.63453400097205,qwen7b-npu7,
1782584952.7893546,200,135.49761999820475,qwen7b-npu7,
1782584952.8097112,200,105.77820099933888,qwen7b-npu6,
1782584952.8103366,200,126.51826500223251,qwen7b-npu7,
1782584952.835429,200,91.0519610006304,qwen7b-npu7,
1782584952.8595865,200,98.31305500119925,qwen7b-npu7,
1782584952.899516,200,138.892790000682,qwen7b-npu6,
1782584952.9052086,200,94.80429399991408,qwen7b-npu3,
1782584952.926661,200,138.2099760012352,qwen7b-npu6,
1782584952.9269414,200,144.08354199986206,qwen7b-npu6,
1782584952.9274108,200,138.5574589985481,qwen7b-npu6,
1782584952.9322064,200,175.61416299940902,qwen7b-npu4,
1782584952.9498866,200,90.23535600135801,qwen7b-npu6,
1782584952.9597847,200,170.31549099920085,qwen7b-npu4,
1782584952.9601164,200,172.67339500176604,qwen7b-npu4,
1782584952.9604094,200,179.84585899830563,qwen7b-npu4,
1782584952.985293,200,175.4842219997954,qwen7b-npu4,
1782584952.9855664,200,150.071548003325,qwen7b-npu4,
1782584952.990052,200,90.47397700123838,qwen7b-npu5,
1782584953.010674,200,105.40182800104958,qwen7b-npu4,
1782584953.0256805,200,93.35578500031261,qwen7b-npu6,
1782584953.037892,200,110.36535799939884,qwen7b-npu4,
1782584953.0466592,200,119.92860600003041,qwen7b-npu7,
1782584953.0629594,200,112.97681299765827,qwen7b-npu4,
1782584953.0757635,200,148.695450003288,qwen7b-npu5,
1782584953.1010416,200,141.15416400090908,qwen7b-npu5,
1782584953.1135833,200,87.79918200161774,qwen7b-npu4,
1782584953.1265776,200,136.46256599895423,qwen7b-npu5,
1782584953.1270945,200,141.72279799822718,qwen7b-npu5,
1782584953.135024,200,174.84379899906344,qwen7b-npu7,
1782584953.1354854,200,174.95799899916165,qwen7b-npu7,
1782584953.1390412,200,128.30269699770724,qwen7b-npu6,
1782584953.1599317,200,174.29293500026688,qwen7b-npu7,
1782584953.1605275,200,122.53821199919912,qwen7b-npu7,
1782584953.191706,200,128.6865790025331,qwen7b-npu6,
1782584953.1922822,200,145.56032099790173,qwen7b-npu6,
1782584953.213402,200,137.53747299779207,qwen7b-npu5,
1782584953.2166045,200,115.49909899986233,qwen7b-npu6,
1782584953.219786,200,84.66748200225993,qwen7b-npu4,
1782584953.2337434,200,107.06436799955554,qwen7b-npu7,
1782584953.241002,200,101.8948469973111,qwen7b-npu6,
1782584953.2453845,200,84.79063299819245,qwen7b-npu4,
1782584953.2587578,200,98.76122700006817,qwen7b-npu7,
1782584953.2765307,200,162.837715997739,qwen7b-npu5,
1782584953.3028514,200,167.24976200202946,qwen7b-npu5,
1782584953.3031697,200,176.0039449982287,qwen7b-npu5,
1782584953.3147998,200,94.95148499991046,qwen7b-npu6,
1782584953.3219178,200,108.41127700041397,qwen7b-npu4,
1782584953.328022,200,136.24512499882258,qwen7b-npu5,
1782584953.3286045,200,136.25823499751277,qwen7b-npu5,
1782584953.3478224,200,106.75437600002624,qwen7b-npu4,
1782584953.3634064,200,146.73348799988162,qwen7b-npu5,
1782584953.3723013,200,126.848248000897,qwen7b-npu7,
1782584953.3730597,200,139.21906199902878,qwen7b-npu7,
1782584953.3738832,200,115.05699599729269,qwen7b-npu3,
1782584953.3909361,200,87.98590199876344,qwen7b-npu6,
1782584953.4067721,200,103.52047600099468,qwen7b-npu4,
1782584953.416238,200,101.33431299982476,qwen7b-npu6,
1782584953.4200716,200,98.08984399933252,qwen7b-npu7,
1782584953.4242697,200,147.62249300110852,qwen7b-npu5,
1782584953.4694424,200,95.49145699929795,qwen7b-npu7,
1782584953.4791777,200,106.75702599837678,qwen7b-npu4,
1782584953.493887,200,102.83553199769813,qwen7b-npu7,
1782584953.504387,200,140.84618299966678,qwen7b-npu6,
1782584953.5122657,200,184.14114500046708,qwen7b-npu5,
1782584953.512609,200,164.7185170004377,qwen7b-npu5,
1782584953.5135546,200,184.88514899945585,qwen7b-npu5,
1782584953.5376387,200,130.78415099880658,qwen7b-npu5,
1782584953.5380006,200,164.87254700041376,qwen7b-npu5,
1782584953.5561872,200,131.79168699934962,qwen7b-npu6,
1782584953.5564692,200,140.15409800049383,qwen7b-npu6,
1782584953.562098,200,141.9552190018294,qwen7b-npu5,
1782584953.5668664,200,87.60821000032593,qwen7b-npu7,
1782584953.5816498,200,112.10362899873871,qwen7b-npu6,
1782584953.5871036,200,93.08548400076688,qwen7b-npu5,
1782584953.5958061,200,83.12572300201282,qwen7b-npu4,
1782584953.6162412,200,102.58596099811257,qwen7b-npu7,
1782584953.642797,200,104.71876399969915,qwen7b-npu7,
1782584953.6456347,200,141.14680400234647,qwen7b-npu6,
1782584953.6502836,200,137.91253499948652,qwen7b-npu5,
1782584953.6669667,200,85.24463600042509,qwen7b-npu7,
1782584953.6720848,200,84.91395399687462,qwen7b-npu4,
1782584953.6723504,200,134.60910399953718,qwen7b-npu6,
1782584953.69649,200,100.6177689996548,qwen7b-npu4,
1782584953.698479,200,136.28644500204246,qwen7b-npu6,
1782584953.6987357,200,142.47519199852832,qwen7b-npu6,
1782584953.700132,200,133.169035998435,qwen7b-npu5,
1782584953.7004142,200,143.8753500005987,qwen7b-npu5,
1782584953.7174723,200,101.13465299946256,qwen7b-npu7,
1782584953.748215,200,97.82194199942751,qwen7b-npu6,
1782584953.7507174,200,107.81539299932774,qwen7b-npu5,
1782584953.7668638,200,94.44607099794666,qwen7b-npu7,
1782584953.7763455,200,104.18301100071403,qwen7b-npu4,
1782584953.797479,200,98.92816899809986,qwen7b-npu6,
1782584953.8009293,200,100.7290900015505,qwen7b-npu5,
1782584953.8018708,200,105.30463699979009,qwen7b-npu4,
1782584953.8239932,200,106.44909400070901,qwen7b-npu5,
1782584953.8389199,200,193.22299000123166,qwen7b-npu3,
1782584953.8393083,200,172.2714729985455,qwen7b-npu3,
1782584953.840922,200,92.6291809992108,qwen7b-npu7,
1782584953.8528833,200,102.09935799866798,qwen7b-npu4,
1782584953.8670716,200,168.2677179996972,qwen7b-npu3,
1782584953.8681796,200,167.69000500062248,qwen7b-npu3,
1782584953.8746994,200,107.73229200276546,qwen7b-npu6,
1782584953.8776095,200,101.19521299930057,qwen7b-npu4,
1782584953.900506,200,98.576286000025,qwen7b-npu6,
1782584953.925524,200,84.53320199987502,qwen7b-npu6,
1782584953.9548273,200,130.76753100176575,qwen7b-npu7,
1782584953.975098,200,174.1029240001808,qwen7b-npu5,
1782584953.9754968,200,177.94933700133697,qwen7b-npu5,
1782584953.9788046,200,101.11901200070861,qwen7b-npu6,
1782584953.9813652,200,128.40704799964442,qwen7b-npu7,
1782584953.9817636,200,142.71233399995253,qwen7b-npu7,
1782584953.9829378,200,82.35354800126515,qwen7b-npu4,
1782584954.0016112,200,133.30087699796422,qwen7b-npu5,
1782584954.0024302,200,135.26580899997498,qwen7b-npu5,
1782584954.0032778,200,163.902632000827,qwen7b-npu5,
1782584954.0037515,200,128.97324999721604,qwen7b-npu5,
1782584954.029716,200,104.11737999675097,qwen7b-npu6,
1782584954.0585098,200,103.60226700140629,qwen7b-npu6,
1782584954.0645623,200,83.07929299917305,qwen7b-npu7,
1782584954.081592,200,106.02894100156846,qwen7b-npu6,
1782584954.0904975,200,111.58296500070719,qwen7b-npu3,
1782584954.1016884,200,126.4419649996853,qwen7b-npu4,
1782584954.110896,200,127.8849939990323,qwen7b-npu5,
1782584954.1114526,200,129.56591399779427,qwen7b-npu5,
1782584954.1186924,200,117.00149800162762,qwen7b-npu3,
1782584954.1581612,200,99.51395299867727,qwen7b-npu6,
1782584954.1841955,200,93.5796260018833,qwen7b-npu6,
1782584954.1845293,200,102.8478520020144,qwen7b-npu5,
1782584954.1916645,200,188.24508900070214,qwen7b-npu4,
1782584954.1920106,200,189.4426660001045,qwen7b-npu4,
1782584954.1923852,200,188.51630100107286,qwen7b-npu4,
1782584954.2123594,200,100.83618099815794,qwen7b-npu6,
1782584954.216642,200,186.8478510004934,qwen7b-npu4,
1782584954.2171583,200,152.51714300029562,qwen7b-npu4,
1782584954.2424495,200,140.68320200021844,qwen7b-npu4,
1782584954.266949,200,108.68074800237082,qwen7b-npu4,
1782584954.2677577,200,148.92887099995278,qwen7b-npu3,
1782584954.2683306,200,157.35966200008988,qwen7b-npu3,
1782584954.2747304,200,82.97238200248103,qwen7b-npu5,
1782584954.2906919,200,98.54567699949257,qwen7b-npu6,
1782584954.2996647,200,82.94904200010933,qwen7b-npu5,
1782584954.3152874,200,102.80551299729268,qwen7b-npu6,
1782584954.3488336,200,164.52552599730552,qwen7b-npu7,
1782584954.353642,200,136.41889599966817,qwen7b-npu4,
1782584954.3734627,200,82.64798099844484,qwen7b-npu5,
1782584954.3746176,200,182.16868300078204,qwen7b-npu7,
1782584954.3753889,200,190.78655400153366,qwen7b-npu7,
1782584954.4011467,200,158.61447999850498,qwen7b-npu7,
1782584954.4015121,200,134.49286399918492,qwen7b-npu7,
1782584954.4018655,200,133.4656979997817,qwen7b-npu7,
1782584954.406484,200,131.68797600155813,qwen7b-npu4,
1782584954.4071717,200,139.3478639984096,qwen7b-npu4,
1782584954.4307842,200,115.41353899883688,qwen7b-npu4,
1782584954.437528,200,137.7596829988761,qwen7b-npu5,
1782584954.456567,200,82.98001300136093,qwen7b-npu6,
1782584954.4831376,200,107.64151100011077,qwen7b-npu4,
1782584954.506145,200,99.58638299940503,qwen7b-npu6,
1782584954.519672,200,144.99176800018176,qwen7b-npu7,
1782584954.5263638,200,177.43452400100068,qwen7b-npu5,
1782584954.526891,200,173.1444979996013,qwen7b-npu5,
1782584954.5323782,200,94.69071299827192,qwen7b-npu4,
1782584954.5378826,200,135.94295300208614,qwen7b-npu7,
1782584954.5384238,200,136.79243799924734,qwen7b-npu7,
1782584954.551229,200,143.97542199731106,qwen7b-npu5,
1782584954.5515707,200,150.31617000204278,qwen7b-npu5,
1782584954.555302,200,98.64328700132319,qwen7b-npu6,
1782584954.576422,200,145.54644100280711,qwen7b-npu5,
1782584954.5855749,200,102.3120089994336,qwen7b-npu7,
1782584954.601304,200,95.08300599918584,qwen7b-npu5,
1782584954.626721,200,88.76002699980745,qwen7b-npu5,
1782584954.6308665,200,92.37644899985753,qwen7b-npu4,
1782584954.643361,200,123.59589799962123,qwen7b-npu6,
1782584954.6553113,200,103.9852889989561,qwen7b-npu4,
1782584954.6613443,200,105.9812610001245,qwen7b-npu7,
1782584954.6711,200,144.08705200185068,qwen7b-npu6,
1782584954.671462,200,139.01050099957502,qwen7b-npu6,
1782584954.6720119,200,145.49599000019953,qwen7b-npu6,
1782584954.673972,200,97.44780899927719,qwen7b-npu3,
1782584954.682003,200,96.32345300269662,qwen7b-npu4,
1782584954.6886947,200,87.30764800202451,qwen7b-npu7,
1782584954.6938422,200,142.1524209981726,qwen7b-npu6,
1782584954.7112334,200,80.28984599877731,qwen7b-npu5,
1782584954.7585242,200,87.29427799698897,qwen7b-npu5,
1782584954.768635,200,107.19987899938133,qwen7b-npu6,
1782584954.771505,200,144.70557599997846,qwen7b-npu4,
1782584954.7784898,200,135.03443700028583,qwen7b-npu7,
1782584954.785654,200,111.61325499779196,qwen7b-npu3,
1782584954.7976131,200,125.48054999933811,qwen7b-npu4,
1782584954.805128,200,149.6964560028573,qwen7b-npu7,
1782584954.8054452,200,133.92138999915915,qwen7b-npu7,
1782584954.8182034,200,106.86202600118122,qwen7b-npu6,
1782584954.8252008,200,131.25926500288188,qwen7b-npu4,
1782584954.8256397,200,136.86846799828345,qwen7b-npu4,
1782584954.8504248,200,91.8111949977174,qwen7b-npu4,
1782584954.8664367,200,184.32969499917817,qwen7b-npu7,
1782584954.8678553,200,89.26348999739275,qwen7b-npu6,
1782584954.8767836,200,105.16773700146587,qwen7b-npu4,
1782584954.8893495,200,84.11577899823897,qwen7b-npu5,
1782584954.8929248,200,95.23976600030437,qwen7b-npu3,
1782584954.901742,200,96.22218299773522,qwen7b-npu4,
1782584954.9138045,200,88.48379600021872,qwen7b-npu5,
1782584954.9190354,200,100.7631290012796,qwen7b-npu6,
1782584954.9194384,200,133.64760900003603,qwen7b-npu7,
1782584954.9200196,200,151.27026499976637,qwen7b-npu7,
1782584954.9381256,200,87.63475999876391,qwen7b-npu5,
1782584954.944361,200,118.60725799851934,qwen7b-npu7,
1782584954.9628425,200,85.95950099697802,qwen7b-npu5,
1782584954.9948113,200,101.7844160014647,qwen7b-npu6,
1782584955.0070035,200,140.49924999926588,qwen7b-npu7,
1782584955.0448272,200,106.6045049992681,qwen7b-npu6,
1782584955.052268,200,107.84100300224964,qwen7b-npu3,
1782584955.0529957,200,185.03342999974848,qwen7b-npu4,
1782584955.0538394,200,164.42596500201034,qwen7b-npu4,
1782584955.057888,200,138.73658000011346,qwen7b-npu7,
1782584955.0582144,200,138.65665900084423,qwen7b-npu7,
1782584955.0823367,200,162.2086319985101,qwen7b-npu4,
1782584955.0826895,200,180.8468150011322,qwen7b-npu4,
1782584955.083147,200,169.24257500068052,qwen7b-npu4,
1782584955.1054988,200,98.39139500036254,qwen7b-npu7,
1782584955.1063688,200,143.38746800058288,qwen7b-npu4,
1782584955.1334543,200,138.56318800026202,qwen7b-npu6,
1782584955.137079,200,84.72937300030026,qwen7b-npu5,
1782584955.1545806,200,101.49008399821469,qwen7b-npu7,
1782584955.1559992,200,102.05746800056659,qwen7b-npu4,
1782584955.1619935,200,104.0278299988131,qwen7b-npu5,
1782584955.1790164,200,95.74552000049152,qwen7b-npu7,
1782584955.1863518,200,103.53653599668178,qwen7b-npu5,
1782584955.226998,200,89.84387300006347,qwen7b-npu7,
1782584955.2469306,200,140.4564099975687,qwen7b-npu5,
1782584955.2609577,200,202.61829600349301,qwen7b-npu6,
1782584955.2613635,200,216.44417000061367,qwen7b-npu6,
1782584955.2705736,200,84.11748899743543,qwen7b-npu4,
1782584955.2755172,200,96.40828400006285,qwen7b-npu7,
1782584955.2866988,200,181.09516600088682,qwen7b-npu6,
1782584955.2875712,200,205.132652001339,qwen7b-npu6,
1782584955.2988288,200,136.75829799831263,qwen7b-npu5,
1782584955.299423,200,144.74916600011056,qwen7b-npu5,
1782584955.3125153,200,178.94966299718362,qwen7b-npu6,
1782584955.3129005,200,156.79952899881755,qwen7b-npu6,
1782584955.3377693,200,110.69236000184901,qwen7b-npu6,
1782584955.3582654,200,97.18688800057862,qwen7b-npu3,
1782584955.362484,200,86.83749500050908,qwen7b-npu6,
1782584955.3821507,200,83.20070300032967,qwen7b-npu7,
1782584955.3857462,200,138.70615900304983,qwen7b-npu4,
1782584955.3871522,200,125.66330099798506,qwen7b-npu5,
1782584955.4080713,200,95.44989700225415,qwen7b-npu7,
1782584955.4122398,200,125.47074900066946,qwen7b-npu5,
1782584955.4128706,200,142.21819000158575,qwen7b-npu5,
1782584955.414028,200,126.35989499904099,qwen7b-npu4,
1782584955.4332173,200,95.32374700211221,qwen7b-npu7,
1782584955.4391665,200,139.6251449987176,qwen7b-npu4,
1782584955.4395676,200,126.59300599989365,qwen7b-npu4,
1782584955.4631965,200,104.84295499918517,qwen7b-npu4,
1782584955.4702518,200,107.65920199992252,qwen7b-npu3,
1782584955.4711814,200,85.30460600013612,qwen7b-npu6,
1782584955.4968467,200,109.57538300135639,qwen7b-npu6,
1782584955.5223167,200,140.08882800044375,qwen7b-npu5,
1782584955.5226195,200,110.3132869975525,qwen7b-npu6,
1782584955.538584,200,105.27057699800935,qwen7b-npu4,
1782584955.547669,200,107.98471299858647,qwen7b-npu6,
1782584955.548527,200,140.37833899783436,qwen7b-npu7,
1782584955.548861,200,134.70993500231998,qwen7b-npu5,
1782584955.5500014,200,137.05846900120378,qwen7b-npu5,
1782584955.5729983,200,133.7096190000011,qwen7b-npu7,
1782584955.5797365,200,109.4171520016971,qwen7b-npu6,
1782584955.5988543,200,127.55394199848524,qwen7b-npu7,
1782584955.5997932,200,136.52388699847506,qwen7b-npu7,
1782584955.614511,200,91.82007600247744,qwen7b-npu4,
1782584955.6710746,200,174.12944399984553,qwen7b-npu5,
1782584955.6823285,200,83.3670850006456,qwen7b-npu7,
1782584955.6898994,200,141.2834050024685,qwen7b-npu6,
1782584955.6903188,200,141.31737500065356,qwen7b-npu6,
1782584955.6913311,200,91.47302299970761,qwen7b-npu4,
1782584955.6976051,200,158.95207199719152,qwen7b-npu5,
1782584955.6981025,200,175.71018300077412,qwen7b-npu5,
1782584955.7149124,200,141.8110179984069,qwen7b-npu6,
1782584955.7176092,200,102.99283399945125,qwen7b-npu4,
1782584955.7241063,200,144.26507299867808,qwen7b-npu5,
1782584955.7247474,200,174.64941700018244,qwen7b-npu5,
1782584955.72503,200,177.28818300020066,qwen7b-npu5,
1782584955.7700653,200,98.90049900059239,qwen7b-npu4,
1782584955.7951012,200,105.08025600211113,qwen7b-npu5,
1782584955.7964485,200,98.73108800093178,qwen7b-npu4,
1782584955.798825,200,116.3896339967323,qwen7b-npu3,
1782584955.818917,200,127.48709200241137,qwen7b-npu7,
1782584955.845359,200,130.34339899968472,qwen7b-npu7,
1782584955.845761,200,147.57362299860688,qwen7b-npu7,
1782584955.8466718,200,122.47551199834561,qwen7b-npu4,
1782584955.8697848,200,144.95357800115016,qwen7b-npu7,
1782584955.8756664,200,185.23154099966632,qwen7b-npu6,
1782584955.8952272,200,99.97512499830918,qwen7b-npu7,
1782584955.8969853,200,98.06042299896944,qwen7b-npu4,
1782584955.900881,200,81.89563600171823,qwen7b-npu5,
1782584955.9034145,200,185.69859400304267,qwen7b-npu6,
1782584955.903817,200,178.72712100142962,qwen7b-npu6,
1782584955.9297183,200,133.15310600228258,qwen7b-npu6,
1782584955.9300423,200,159.87925700028427,qwen7b-npu6,
1782584955.9443648,200,97.62085100010154,qwen7b-npu7,
1782584955.9541645,200,108.27442500158213,qwen7b-npu6,
1782584955.9946666,200,91.14380100072594,qwen7b-npu7,
1782584956.0184171,200,123.08668499827036,qwen7b-npu5,
1782584956.019501,200,89.38502100136247,qwen7b-npu7,
1782584956.023971,200,178.4863810025854,qwen7b-npu4,
1782584956.0372193,200,82.97200199740473,qwen7b-npu6,
1782584956.0450506,200,141.16099400052917,qwen7b-npu5,
1782584956.0454128,200,148.36113700221176,qwen7b-npu5,
1782584956.0461843,200,145.23726900006295,qwen7b-npu5,
1782584956.0491323,200,173.3644390005793,qwen7b-npu4,
1782584956.049466,200,179.6022569978959,qwen7b-npu4,
1782584956.1120021,200,167.5618340013898,qwen7b-npu4,
1782584956.1126895,200,182.88911700074095,qwen7b-npu4,
1782584956.1145616,200,96.04005100118229,qwen7b-npu6,
1782584956.119818,200,95.73407000061707,qwen7b-npu5,
1782584956.1313531,200,136.6093769975123,qwen7b-npu7,
1782584956.139743,200,94.58100200208719,qwen7b-npu6,
1782584956.143817,200,94.58339200136834,qwen7b-npu5,
1782584956.165128,200,145.52168100271956,qwen7b-npu4,
1782584956.1655145,200,128.14220499785733,qwen7b-npu4,
1782584956.1816695,200,136.19105399993714,qwen7b-npu7,
1782584956.1821964,200,135.9446120004577,qwen7b-npu7,
1782584956.1901958,200,140.6705219997093,qwen7b-npu4,
1782584956.2060199,200,93.91734800010454,qwen7b-npu7,
1782584956.215357,200,102.59920099997544,qwen7b-npu4,
1782584956.2553725,200,89.74038299857057,qwen7b-npu7,
1782584956.256363,200,124.90972600062378,qwen7b-npu6,
1782584956.2663386,200,101.09727100279997,qwen7b-npu4,
1782584956.2803824,200,98.12036299990723,qwen7b-npu7,
1782584956.2826982,200,142.85532400026568,qwen7b-npu6,
1782584956.2830472,200,139.13543200033018,qwen7b-npu6,
1782584956.2931504,200,111.41159500039066,qwen7b-npu4,
1782584956.29526,200,175.3366319971974,qwen7b-npu5,
1782584956.2960386,200,181.3507570004731,qwen7b-npu5,
1782584956.308168,200,117.87969399665599,qwen7b-npu6,
1782584956.35818,200,102.69303099994431,qwen7b-npu7,
1782584956.3606553,200,94.24800000124378,qwen7b-npu6,
1782584956.3833094,200,167.88402599922847,qwen7b-npu5,
1782584956.3836472,200,177.52765400291537,qwen7b-npu5,
1782584956.3845704,200,91.30794299926492,qwen7b-npu7,
1782584956.3854358,200,90.068474997679,qwen7b-npu6,
1782584956.4108639,200,127.67546299801324,qwen7b-npu5,
1782584956.411361,200,130.87547200120753,qwen7b-npu5,
1782584956.4117138,200,128.9373199979309,qwen7b-npu4,
1782584956.411964,200,155.49281100174994,qwen7b-npu4,
1782584956.4363031,200,140.19156799986376,qwen7b-npu4,
1782584956.4632468,200,104.96672499721171,qwen7b-npu6,
1782584956.4706373,200,85.09882500220556,qwen7b-npu7,
1782584956.4710677,200,162.77322599853505,qwen7b-npu5,
1782584956.4895709,200,105.84532100256183,qwen7b-npu6,
1782584956.4979177,200,137.1577800018713,qwen7b-npu4,
1782584956.5155072,200,103.72871700019459,qwen7b-npu6,
1782584956.520729,200,137.34337099958793,qwen7b-npu5,
1782584956.5211508,200,136.47632599895587,qwen7b-npu5,
1782584956.5410216,200,104.64695300106541,qwen7b-npu6,
1782584956.5601568,200,148.68221000142512,qwen7b-npu7,
1782584956.5878859,200,176.8760709965136,qwen7b-npu4,
1782584956.588327,200,176.2439459998859,qwen7b-npu4,
1782584956.6148283,200,151.47971699843765,qwen7b-npu7,
1782584956.6161244,200,145.36911899995175,qwen7b-npu7,
1782584956.6165566,200,145.33160000064527,qwen7b-npu7,
1782584956.6403127,200,150.6483320008556,qwen7b-npu7,
1782584956.6416671,200,126.06133300141664,qwen7b-npu4,
1782584956.6420844,200,144.09773299848894,qwen7b-npu4,
1782584956.6442797,200,123.43037699974957,qwen7b-npu5,
1782584956.6510112,200,90.76157999879797,qwen7b-npu6,
1782584956.670436,200,149.17292300015106,qwen7b-npu5,
1782584956.6710706,200,129.95443700128817,qwen7b-npu5,
1782584956.697733,200,109.28391100242152,qwen7b-npu6,
1782584956.7244961,200,107.79517199989641,qwen7b-npu6,
1782584956.7312834,200,143.25374699910753,qwen7b-npu7,
1782584956.7503698,200,108.57670699988375,qwen7b-npu6,
1782584956.75448,200,138.24102700164076,qwen7b-npu4,
1782584956.757999,200,143.06274599948665,qwen7b-npu5,
1782584956.783926,200,143.5149389981234,qwen7b-npu5,
1782584956.7848248,200,133.71687900144025,qwen7b-npu5,
1782584956.785307,200,140.88949199867784,qwen7b-npu7,
1782584956.7855651,200,143.35144799770205,qwen7b-npu7,
1782584956.8014011,200,103.5545769991586,qwen7b-npu6,
1782584956.8333342,200,101.9100570010778,qwen7b-npu5,
1782584956.842036,200,170.8976049994817,qwen7b-npu4,
1782584956.8423421,200,171.80972000278416,qwen7b-npu4,
1782584956.8449063,200,120.28294800256845,qwen7b-npu3,
1782584956.859394,200,101.32417400018312,qwen7b-npu5,
1782584956.8717728,200,87.76324200152885,qwen7b-npu7,
1782584956.8835645,200,98.66221700212918,qwen7b-npu5,
1782584956.893958,200,143.4971790004056,qwen7b-npu4,
1782584956.8946583,200,140.10784800120746,qwen7b-npu4,
1782584956.8984497,200,112.82431299696327,qwen7b-npu7,
1782584956.9236567,200,122.13689000054728,qwen7b-npu6,
1782584956.9322069,200,90.09749500182807,qwen7b-npu5,
1782584956.9549658,200,169.59335600040504,qwen7b-npu4,
1782584956.9767632,200,131.72254700111807,qwen7b-npu6,
1782584956.9780216,200,135.61059099811246,qwen7b-npu6,
1782584956.978497,200,145.02407799955108,qwen7b-npu6,
1782584956.9815474,200,82.99365199854947,qwen7b-npu5,
1782584957.0090873,200,125.37865900230827,qwen7b-npu4,
1782584957.0094037,200,149.9305879988242,qwen7b-npu4,
1782584957.0103815,200,138.53491800182383,qwen7b-npu7,
1782584957.0371463,200,143.08338499904494,qwen7b-npu7,
1782584957.0374937,200,142.76770400101668,qwen7b-npu7,
1782584957.058996,200,103.91872900072485,qwen7b-npu4,
1782584957.065357,200,87.187796998478,qwen7b-npu5,
1782584957.066119,200,142.35320200168644,qwen7b-npu6,
1782584957.090847,200,112.23876900112373,qwen7b-npu5,
1782584957.099992,200,167.69089499939582,qwen7b-npu7,
1782584957.1106875,200,100.1829170018027,qwen7b-npu4,
1782584957.1400511,200,102.80997199879494,qwen7b-npu5,
1782584957.151044,200,141.85741899927962,qwen7b-npu7,
1782584957.1515055,200,142.02819999991334,qwen7b-npu7,
1782584957.1568174,200,175.1670199992077,qwen7b-npu6,
1782584957.1573043,200,180.46553200110793,qwen7b-npu6,
1782584957.1613724,200,102.30798900010996,qwen7b-npu4,
1782584957.174723,200,83.78151700162562,qwen7b-npu7,
1782584957.1817763,200,144.21882300302968,qwen7b-npu6,
1782584957.1901217,200,90.06365499953972,qwen7b-npu5,
1782584957.2091742,200,142.98839599723578,qwen7b-npu6,
1782584957.209569,200,144.08750200163922,qwen7b-npu6,
1782584957.2138245,200,103.03249400021741,qwen7b-npu4,
1782584957.2378664,200,97.72326099846396,qwen7b-npu6,
1782584957.243006,200,91.34624200305552,qwen7b-npu4,
1782584957.2570493,200,100.09921500022756,qwen7b-npu7,
1782584957.2683673,200,110.9947219993046,qwen7b-npu4,
1782584957.281634,200,130.51150000319467,qwen7b-npu5,
1782584957.2827733,200,107.98895400148467,qwen7b-npu7,
1782584957.2886953,200,98.51155599972117,qwen7b-npu6,
1782584957.3075495,200,97.9135130000941,qwen7b-npu7,
1782584957.3079627,200,126.12227300269296,qwen7b-npu5,
1782584957.3084998,200,147.03156999894418,qwen7b-npu5,
1782584957.3149116,200,101.01075199781917,qwen7b-npu6,
1782584957.3196983,200,110.41962900344515,qwen7b-npu4,
1782584957.3322458,200,89.16946899989853,qwen7b-npu5,
1782584957.3468397,200,108.8617189998331,qwen7b-npu4,
1782584957.3562908,200,99.12221999911708,qwen7b-npu5,
1782584957.3654397,200,97.01250699799857,qwen7b-npu6,
1782584957.3911736,200,102.41214000052423,qwen7b-npu6,
1782584957.4053552,200,97.66598100031842,qwen7b-npu5,
1782584957.4302773,200,83.33990499886568,qwen7b-npu5,
1782584957.4346774,200,126.60195599892177,qwen7b-npu4,
1782584957.4408522,200,84.46660100162262,qwen7b-npu6,
1782584957.4583237,200,175.48689199975342,qwen7b-npu7,
1782584957.4589174,200,177.1880419983063,qwen7b-npu7,
1782584957.4629586,200,147.94354600235238,qwen7b-npu4,
1782584957.4635758,200,143.80357999834814,qwen7b-npu4,
1782584957.4788458,200,87.56699999867124,qwen7b-npu5,
1782584957.4834976,200,174.92597900127294,qwen7b-npu7,
1782584957.4840155,200,151.63292800207273,qwen7b-npu7,
1782584957.4859934,200,120.49586899956921,qwen7b-npu4,
1782584957.5080788,200,102.61969099883572,qwen7b-npu7,
1782584957.5206604,200,85.89003000088269,qwen7b-npu6,
1782584957.5332017,200,102.8481430003012,qwen7b-npu7,
1782584957.5471792,200,88.75673699731124,qwen7b-npu6,
1782584957.5581324,200,94.48963199974969,qwen7b-npu7,
1782584957.5658946,200,124.9431670003105,qwen7b-npu5,
1782584957.5740268,200,110.96050199921592,qwen7b-npu6,
1782584957.597568,200,138.58622900079354,qwen7b-npu4,
1782584957.6178288,200,134.26651299960213,qwen7b-npu5,
1782584957.6181664,200,134.0851120003208,qwen7b-npu5,
1782584957.6241305,200,145.1902289991267,qwen7b-npu4,
1782584957.6249707,200,138.88262000182294,qwen7b-npu4,
1782584957.6374376,200,129.25834199995734,qwen7b-npu6,
1782584957.64318,200,122.42661100026453,qwen7b-npu5,
1782584957.663924,200,130.6219409998448,qwen7b-npu6,
1782584957.691296,200,133.05921500068507,qwen7b-npu6,
1782584957.691777,200,144.4911940016027,qwen7b-npu6,
1782584957.7059615,200,139.9428570002783,qwen7b-npu5,
1782584957.7067966,200,81.72300400110544,qwen7b-npu7,
1782584957.7103453,200,136.2217050009349,qwen7b-npu4,
1782584957.7330596,200,135.3924190007092,qwen7b-npu5,
1782584957.7593153,200,140.95409299989115,qwen7b-npu5,
1782584957.7596831,200,135.47896999807563,qwen7b-npu5,
1782584957.767177,200,103.18512500089128,qwen7b-npu6,
1782584957.7888184,200,82.75550100006512,qwen7b-npu7,
1782584957.7939725,200,102.0732479992148,qwen7b-npu6,
1782584957.800548,200,163.0094169995573,qwen7b-npu4,
1782584957.8009253,200,183.01439800052322,qwen7b-npu4,
1782584957.814891,200,108.02281300129835,qwen7b-npu7,
1782584957.8186626,200,108.1854040021426,qwen7b-npu6,
1782584957.826026,200,134.6045049976965,qwen7b-npu4,
1782584957.8265193,200,183.2232090018806,qwen7b-npu4,
1782584957.8708842,200,111.45583400139003,qwen7b-npu6,
1782584957.878221,200,145.0635979999788,qwen7b-npu7,
1782584957.880399,200,120.57459000061499,qwen7b-npu5,
1782584957.9034178,200,136.13927400001558,qwen7b-npu7,
1782584957.910087,200,83.91501799997059,qwen7b-npu4,
1782584957.9221063,200,107.1218979996047,qwen7b-npu6,
1782584957.9292104,200,140.3198189982504,qwen7b-npu7,
1782584957.9296105,200,128.55898799898569,qwen7b-npu7,
1782584957.9320667,200,131.42694600173854,qwen7b-npu5,
1782584957.9324243,200,138.33009700101684,qwen7b-npu5,
1782584957.9360695,200,117.31221999798436,qwen7b-npu3,
1782584957.9530773,200,126.44756500230869,qwen7b-npu7,
1782584957.9552383,200,84.29409000018495,qwen7b-npu5,
1782584957.974906,200,96.58192500137375,qwen7b-npu6,
1782584958.0014815,200,91.2836729985429,qwen7b-npu6,
1782584958.0221813,200,141.7166579994955,qwen7b-npu4,
1782584958.026912,200,94.41734200299834,qwen7b-npu6,
1782584958.0397148,200,84.41468100136262,qwen7b-npu5,
1782584958.048816,200,145.30621899757534,qwen7b-npu4,
1782584958.049113,200,126.91148800149676,qwen7b-npu4,
1782584958.0527196,200,99.55136300050071,qwen7b-npu6,
1782584958.0641236,200,89.12164000139455,qwen7b-npu5,
1782584958.0666702,200,136.9468089978909,qwen7b-npu7,
1782584958.066922,200,134.73663599870633,qwen7b-npu7,
1782584958.067399,200,138.0862759979209,qwen7b-npu7,
1782584958.0902543,200,88.67046700106584,qwen7b-npu7,
1782584958.1104484,200,174.30945500018424,qwen7b-npu4,
1782584958.1330063,200,84.12956900065183,qwen7b-npu6,
1782584958.1399505,200,87.14491799764801,qwen7b-npu7,
1782584958.140968,200,101.153911997244,qwen7b-npu5,
1782584958.1578562,200,90.31943600348313,qwen7b-npu6,
1782584958.1642966,200,97.55669000151101,qwen7b-npu7,
1782584958.1670442,200,102.82557300160988,qwen7b-npu5,
1782584958.194107,200,103.77912900003139,qwen7b-npu5,
1782584958.198863,200,171.88546000033966,qwen7b-npu4,
1782584958.199493,200,177.21688199890195,qwen7b-npu4,
1782584958.2205253,200,110.01353499887045,qwen7b-npu5,
1782584958.2252142,200,158.22148799998104,qwen7b-npu4,
1782584958.2259533,200,176.72778899941477,qwen7b-npu4,
1782584958.2461946,200,88.27554500021506,qwen7b-npu5,
1782584958.25455,200,121.48347499896772,qwen7b-npu4,
1782584958.278154,200,138.11291599995457,qwen7b-npu7,
1782584958.2785163,200,137.45357199877617,qwen7b-npu7,
1782584958.2818503,200,114.74760499913828,qwen7b-npu4,
1782584958.2856162,200,86.65283400114276,qwen7b-npu6,
1782584958.3027751,200,138.41700800185208,qwen7b-npu7,
1782584958.3113675,200,111.81032700187643,qwen7b-npu6,
1782584958.3235316,200,98.22003500084975,qwen7b-npu5,
1782584958.327743,200,107.10785800256417,qwen7b-npu7,
1782584958.3466496,200,152.4028530002397,qwen7b-npu4,
1782584958.3720357,200,146.00990300095873,qwen7b-npu4,
1782584958.3731766,200,94.59025199976168,qwen7b-npu5,
1782584958.3988328,200,144.18022300014854,qwen7b-npu4,
1782584958.399295,200,152.97499499865808,qwen7b-npu4,
1782584958.41547,200,137.21910000094795,qwen7b-npu7,
1782584958.422962,200,99.36625200134586,qwen7b-npu4,
1782584958.4299285,200,144.2485330007912,qwen7b-npu6,
1782584958.4302263,200,148.2805779996852,qwen7b-npu6,
1782584958.4418213,200,130.39481899977545,qwen7b-npu7,
1782584958.442162,200,139.31823299935786,qwen7b-npu7,
1782584958.4471757,200,100.37403700334835,qwen7b-npu4,
1782584958.458872,200,131.03488300112076,qwen7b-npu6,
1782584958.4950147,200,121.76610700043966,qwen7b-npu5,
1782584958.5138032,200,83.50798500032397,qwen7b-npu7,
1782584958.5190966,200,103.51504600112094,qwen7b-npu4,
1782584958.5199,200,147.7307839995774,qwen7b-npu6,
1782584958.545721,200,146.34946600199328,qwen7b-npu6,
1782584958.5717144,200,124.43717299902346,qwen7b-npu6,
1782584958.5722053,200,130.30476899803034,qwen7b-npu6,
1782584958.5818655,200,182.9081470023084,qwen7b-npu5,
1782584958.5821517,200,159.0851230030239,qwen7b-npu5,
1782584958.5931845,200,98.02195299926098,qwen7b-npu4,
1782584958.6023135,200,82.3145479989762,qwen7b-npu7,
1782584958.6091745,200,150.1949390003574,qwen7b-npu5,
1782584958.6095734,200,179.57234700224944,qwen7b-npu5,
1782584958.6100433,200,167.72763500193832,qwen7b-npu5,
1782584958.623005,200,109.10453999895253,qwen7b-npu6,
1782584958.630384,200,111.181893000321,qwen7b-npu5,
1782584958.6716104,200,99.34180100026424,qwen7b-npu4,
1782584958.695803,200,93.39137499773642,qwen7b-npu4,
1782584958.7134702,200,131.5378459985368,qwen7b-npu6,
1782584958.7204866,200,110.3791879977507,qwen7b-npu4,
1782584958.7287707,200,182.98173699804465,qwen7b-npu7,
1782584958.744364,200,151.06198499779566,qwen7b-npu6,
1782584958.744875,200,135.58112099781283,qwen7b-npu6,
1782584958.756021,200,184.23760500081698,qwen7b-npu7,
1782584958.7564344,200,174.21449500034214,qwen7b-npu7,
1782584958.7654064,200,134.9241770003573,qwen7b-npu6,
1782584958.780886,200,85.01982500092709,qwen7b-npu5,
1782584958.7814338,200,158.362207999744,qwen7b-npu7,
1782584958.7817037,200,172.01778099843068,qwen7b-npu7,
1782584958.8083427,200,136.63885699861567,qwen7b-npu7,
1782584958.8280578,200,99.22051000103238,qwen7b-npu5,
1782584958.844198,200,130.66501099820016,qwen7b-npu4,
1782584958.8635561,200,143.00603499941644,qwen7b-npu4,
1782584958.87638,200,95.39112800121075,qwen7b-npu7,
1782584958.8797307,200,98.22302400061744,qwen7b-npu5,
1782584958.890633,200,146.10622400141438,qwen7b-npu4,
1782584958.8911664,200,146.14674400218064,qwen7b-npu4,
1782584958.9041913,200,95.78006000083406,qwen7b-npu5,
1782584958.9183357,200,162.1932919988467,qwen7b-npu6,
1782584958.9488118,200,192.31156400201144,qwen7b-npu6,
1782584958.9491699,200,183.65980100134038,qwen7b-npu6,
1782584958.9674492,200,87.65329100060626,qwen7b-npu4,
1782584958.967821,200,139.69711499885307,qwen7b-npu5,
1782584958.9757802,200,131.51727600052254,qwen7b-npu6,
1782584958.9764726,200,194.70396799806622,qwen7b-npu6,
1782584958.992161,200,87.87502099949052,qwen7b-npu4,
1782584958.9928093,200,129.19062199944165,qwen7b-npu5,
1782584958.9960318,200,105.2319369991892,qwen7b-npu3,
1782584959.0187664,200,127.47231100001954,qwen7b-npu5,
1782584959.0192146,200,142.77241400122875,qwen7b-npu5,
1782584959.0380874,200,119.68688399792882,qwen7b-npu7,
1782584959.0586479,200,91.09623200129136,qwen7b-npu6,
1782584959.0665681,200,90.02743499877397,qwen7b-npu5,
1782584959.0674477,200,91.6014640024514,qwen7b-npu4,
1782584959.08479,200,91.91664600075455,qwen7b-npu6,
1782584959.0897017,200,140.42055000027176,qwen7b-npu7,
1782584959.090132,200,122.23802900189185,qwen7b-npu7,
1782584959.0904572,200,141.5569559976575,qwen7b-npu7,
1782584959.0919285,200,99.70474299916532,qwen7b-npu4,
1782584959.110565,200,91.68325499922503,qwen7b-npu6,
1782584959.1118174,200,115.65505000180565,qwen7b-npu3,
1782584959.1157157,200,96.39114299716312,qwen7b-npu4,
1782584959.1383932,200,100.22218599988264,qwen7b-npu5,
1782584959.1623368,200,94.82540400131256,qwen7b-npu6,
1782584959.1687038,200,109.99036599969259,qwen7b-npu3,
1782584959.1870434,200,95.05033499954152,qwen7b-npu5,
1782584959.1881614,200,97.91404299903661,qwen7b-npu6,
1782584959.200901,200,134.26727299884078,qwen7b-npu7,
1782584959.2136064,200,102.9452329967171,qwen7b-npu6,
1782584959.2254736,200,140.62003099752474,qwen7b-npu4,
1782584959.2284582,200,138.6275380027655,qwen7b-npu7,
1782584959.2288747,200,138.3494570000039,qwen7b-npu7,
1782584959.252487,200,136.67501699819695,qwen7b-npu4,
1782584959.252797,200,140.8479530000477,qwen7b-npu4,
1782584959.2631452,200,100.74642899780883,qwen7b-npu6,
1782584959.2742774,200,135.82122199659352,qwen7b-npu5,
1782584959.2760813,200,88.97671899831039,qwen7b-npu4,
1782584959.2785199,200,109.7500139985641,qwen7b-npu7,
1782584959.3040507,200,90.3389570012223,qwen7b-npu7,
1782584959.3246067,200,99.03683900120086,qwen7b-npu4,
1782584959.3281898,200,99.20551999675808,qwen7b-npu7,
1782584959.3790126,200,126.07420300264494,qwen7b-npu6,
1782584959.3795364,200,126.96678900101688,qwen7b-npu6,
1782584959.4041815,200,203.21733999662683,qwen7b-npu5,
1782584959.4044664,200,216.24006899946835,qwen7b-npu5,
1782584959.428741,200,104.02611999961664,qwen7b-npu6,
1782584959.4297316,200,201.16007799879299,qwen7b-npu5,
1782584959.4302137,200,166.95896099918173,qwen7b-npu5,
1782584959.457542,200,183.20381900048233,qwen7b-npu5,
1782584959.457812,200,179.22523499873932,qwen7b-npu5,
1782584959.4581048,200,129.8525059974054,qwen7b-npu5,
1782584959.4583664,200,154.21633300138637,qwen7b-npu5,
1782584959.4587402,200,182.59646499791415,qwen7b-npu5,
1782584959.4651327,200,85.98101000097813,qwen7b-npu7,
1782584959.4866748,200,82.1354869985953,qwen7b-npu7,
1782584959.5108688,200,80.54562799952691,qwen7b-npu4,
1782584959.51969,200,140.0412069997401,qwen7b-npu6,
1782584959.54013,200,82.25419799782685,qwen7b-npu5,
1782584959.5650296,200,99.76798299976508,qwen7b-npu5,
1782584959.584253,200,180.00526999821886,qwen7b-npu6,
1782584959.6113734,200,182.56788500002585,qwen7b-npu6,
1782584959.611662,200,181.81856099909055,qwen7b-npu6,
1782584959.6141973,200,103.2638950018736,qwen7b-npu5,
1782584959.6375806,200,150.80981299979612,qwen7b-npu6,
1782584959.638133,200,179.2897550003545,qwen7b-npu6,
1782584959.6417882,200,183.30961899846443,qwen7b-npu7,
1782584959.6421862,200,184.56620699726045,qwen7b-npu7,
1782584959.6425848,200,184.41076599992812,qwen7b-npu7,
1782584959.6485612,200,83.4168849978596,qwen7b-npu4,
1782584959.667303,200,127.11046899858047,qwen7b-npu7,
1782584959.6676626,200,147.908176000783,qwen7b-npu7,
1782584959.6980217,200,86.23177200206555,qwen7b-npu4,
1782584959.7220387,200,83.84424799805856,qwen7b-npu6,
1782584959.7275126,200,143.16612699985853,qwen7b-npu5,
1782584959.7486684,200,106.75148600057582,qwen7b-npu4,
1782584959.753417,200,139.12775200151373,qwen7b-npu5,
1782584959.7543354,200,142.88394499817514,qwen7b-npu7,
1782584959.7751687,200,107.44204000002355,qwen7b-npu4,
1782584959.7798574,200,142.21125100084464,qwen7b-npu5,
1782584959.780158,200,137.50402200093959,qwen7b-npu5,
1782584959.781892,200,139.59482500285958,qwen7b-npu7,
1782584959.7824373,200,133.75669900051435,qwen7b-npu7,
1782584959.800213,200,102.07996800090768,qwen7b-npu4,
1782584959.8042896,200,136.8924779999361,qwen7b-npu5,
1782584959.825914,200,103.78277799827629,qwen7b-npu4,
1782584959.8293924,200,101.81481600011466,qwen7b-npu5,
1782584959.8503962,200,101.62522599785007,qwen7b-npu4,
1782584959.857221,200,103.69402799915406,qwen7b-npu7,
1782584959.8754191,200,100.15676600232837,qwen7b-npu4,
1782584959.8782856,200,123.88358899988816,qwen7b-npu6,
1782584959.8809185,200,98.32000499955029,qwen7b-npu5,
1782584959.883076,200,103.14528399976552,qwen7b-npu7,
1782584959.905092,200,100.70700000142097,qwen7b-npu5,
1782584959.905682,200,123.71142899792176,qwen7b-npu6,
1782584959.906034,200,125.80838099893299,qwen7b-npu6,
1782584959.9074404,200,107.11972900026012,qwen7b-npu7,
1782584959.9245894,200,98.60953700263053,qwen7b-npu4,
1782584959.929957,200,100.49966799851973,qwen7b-npu5,
1782584959.9550524,200,104.5596129988553,qwen7b-npu5,
1782584959.979636,200,104.15474100227584,qwen7b-npu5,
1782584959.984,200,100.82911000063177,qwen7b-npu7,
1782584959.9938698,200,136.55856699915603,qwen7b-npu6,
1782584960.0127325,200,131.691876998957,qwen7b-npu4,
1782584960.0198147,200,141.4646260018344,qwen7b-npu6,
1782584960.0288188,200,104.13727999912226,qwen7b-npu5,
1782584960.0361075,200,106.08873200180824,qwen7b-npu7,
1782584960.040204,200,132.66366300013033,qwen7b-npu4,
1782584960.0406058,200,134.50347400066676,qwen7b-npu4,
1782584960.0463483,200,141.1850040021818,qwen7b-npu6,
1782584960.0466409,200,140.895062002528,qwen7b-npu6,
1782584960.0642622,200,109.11895100070979,qwen7b-npu4,
1782584960.0775938,200,83.66105700042681,qwen7b-npu5,
1782584960.0896587,200,109.92917600015062,qwen7b-npu4,
1782584960.1145875,200,94.68042300068191,qwen7b-npu4,
1782584960.1253693,200,85.05825500105857,qwen7b-npu6,
1782584960.1290562,200,144.9889469986374,qwen7b-npu7,
1782584960.1380618,200,109.18240099999821,qwen7b-npu3,
1782584960.1391752,200,98.46234599899617,qwen7b-npu4,
1782584960.1518428,200,87.48860999912722,qwen7b-npu6,
1782584960.1562285,200,143.37469699967187,qwen7b-npu7,
1782584960.1658118,200,88.1231330022274,qwen7b-npu4,
1782584960.1854453,200,149.27348299897858,qwen7b-npu7,
1782584960.1856968,200,138.9952509998693,qwen7b-npu7,
1782584960.1859128,200,139.4969740031229,qwen7b-npu7,
1782584960.201819,200,87.15385699906619,qwen7b-npu6,
1782584960.2097094,200,84.24898000157555,qwen7b-npu5,
1782584960.2324874,200,103.3324950003589,qwen7b-npu3,
1782584960.233284,200,143.55622899893206,qwen7b-npu4,
1782584960.2345574,200,95.31166699889582,qwen7b-npu7,
1782584960.2584639,200,92.55706000112696,qwen7b-npu5,
1782584960.2624025,200,106.03850199913722,qwen7b-npu7,
1782584960.2851415,200,147.00992000143742,qwen7b-npu4,
1782584960.2855554,200,133.61082799747237,qwen7b-npu4,
1782584960.2904947,200,104.973114997847,qwen7b-npu7,
1782584960.3073316,200,97.51997999774176,qwen7b-npu5,
1782584960.3155603,200,113.6714079984813,qwen7b-npu7,
1782584960.3202584,200,134.2851029985468,qwen7b-npu6,
1782584960.3208365,200,135.0808679999318,qwen7b-npu6,
1782584960.336235,200,101.61457499998505,qwen7b-npu4,
1782584960.3413017,200,107.94700400219881,qwen7b-npu7,
1782584960.3455665,200,112.97882299913908,qwen7b-npu6,
1782584960.361206,200,102.67803100214223,qwen7b-npu4,
1782584960.37201,200,109.45792199709103,qwen7b-npu6,
1782584960.3892553,200,81.82501500050421,qwen7b-npu5,
1782584960.3952768,200,110.02735600050073,qwen7b-npu7,
1782584960.3996983,200,114.0141300020332,qwen7b-npu6,
1782584960.4142363,200,98.58062700004666,qwen7b-npu5,
1782584960.4209325,200,130.34363800034043,qwen7b-npu4,
1782584960.4221363,200,101.81553600341431,qwen7b-npu7,
1782584960.424512,200,103.61356700013857,qwen7b-npu6,
1782584960.4394252,200,103.12669400082086,qwen7b-npu5,
1782584960.4739108,200,101.77239599943277,qwen7b-npu6,
1782584960.4753542,200,129.72273500054143,qwen7b-npu4,
1782584960.4759486,200,134.586803997081,qwen7b-npu4,
1782584960.4869206,200,97.5484709997545,qwen7b-npu5,
1782584960.500547,200,100.73938899950008,qwen7b-npu4,
1782584960.502503,200,107.13076800311683,qwen7b-npu6,
1782584960.5145996,200,153.32188800311997,qwen7b-npu7,
1782584960.5237603,200,101.56388500035973,qwen7b-npu4,
1782584960.5366168,200,97.06778799954918,qwen7b-npu5,
1782584960.5630112,200,142.01602899993304,qwen7b-npu6,
1782584960.5673559,200,142.78381499752868,qwen7b-npu7,
1782584960.567591,200,153.2620969992422,qwen7b-npu7,
1782584960.5723193,200,96.30872300112969,qwen7b-npu4,
1782584960.5862296,200,85.52525800041622,qwen7b-npu5,
1782584960.5920844,200,118.06339399845456,qwen7b-npu7,
1782584960.611271,200,87.44497899897397,qwen7b-npu5,
1782584960.6161556,200,129.13152200053446,qwen7b-npu6,
1782584960.6165686,200,141.11612399938167,qwen7b-npu6,
1782584960.6188254,200,104.15830000056303,qwen7b-npu7,
1782584960.6368887,200,100.14637600033893,qwen7b-npu5,
1782584960.6420336,200,139.43789399854722,qwen7b-npu6,
1782584960.6611054,200,98.00073299993528,qwen7b-npu5,
1782584960.6876907,200,120.03402699701837,qwen7b-npu3,
1782584960.6883683,200,120.94902199896751,qwen7b-npu4,
1782584960.7018256,200,109.6263529980206,qwen7b-npu7,
1782584960.7117386,200,95.05312499823049,qwen7b-npu5,
1782584960.71554,200,143.1547460015281,qwen7b-npu4,
1782584960.715845,200,129.5095540008333,qwen7b-npu4,
1782584960.7286296,200,91.62768500027596,qwen7b-npu7,
1782584960.744753,200,125.85797099745832,qwen7b-npu4,
1782584960.7797039,200,91.26688299875241,qwen7b-npu7,
1782584960.798594,200,137.42303199978778,qwen7b-npu4,
1782584960.8023412,200,190.97500600037165,qwen7b-npu6,
1782584960.802634,200,186.37123799999245,qwen7b-npu6,
1782584960.810949,200,108.99776999940514,qwen7b-npu7,
1782584960.8202722,200,91.52757400079281,qwen7b-npu5,
1782584960.827047,200,139.27477299876045,qwen7b-npu6,
1782584960.8277988,200,185.6712240005436,qwen7b-npu6,
1782584960.844947,200,100.07439599939971,qwen7b-npu5,
1782584960.8504622,200,138.62834899919108,qwen7b-npu4,
1782584960.8506808,200,135.06874700033222,qwen7b-npu4,
1782584960.8513474,200,135.4265990012209,qwen7b-npu6,
1782584960.8697455,200,89.939735000371,qwen7b-npu5,
1782584960.894018,200,82.94510199993965,qwen7b-npu5,
1782584960.9103127,200,111.61352500130306,qwen7b-npu4,
1782584960.926332,200,98.46374599874252,qwen7b-npu4,
1782584960.929358,200,126.93881800078088,qwen7b-npu7,
1782584960.9385383,200,135.76677200035192,qwen7b-npu6,
1782584960.9532404,200,102.71247199852951,qwen7b-npu4,
1782584960.9562466,200,129.1054110006371,qwen7b-npu7,
1782584960.9571447,200,136.7895879993739,qwen7b-npu7,
1782584960.973936,200,79.80733300064458,qwen7b-npu5,
1782584960.9786165,200,108.79973899864126,qwen7b-npu4,
1782584960.982018,200,131.2663939970662,qwen7b-npu7,
1782584961.026811,200,100.41334700144944,qwen7b-npu4,
1782584961.0320754,200,180.66579299920704,qwen7b-npu6,
1782584961.0322993,200,187.285203999636,qwen7b-npu6,
1782584961.0561757,200,99.86558400123613,qwen7b-npu7,
1782584961.0566583,200,146.24653500140994,qwen7b-npu6,
1782584961.0611408,200,131.72038700213307,qwen7b-npu5,
1782584961.0802348,200,101.50705500200274,qwen7b-npu7,
1782584961.086363,200,133.02264500089223,qwen7b-npu5,
1782584961.1113248,200,129.23846199919353,qwen7b-npu5,
1782584961.112446,200,138.42581800054177,qwen7b-npu5,
1782584961.116969,200,84.60862200081465,qwen7b-npu4,
1782584961.1218345,200,183.19480799982557,qwen7b-npu6,
1782584961.1221633,200,164.90030799832311,qwen7b-npu6,
1782584961.142329,200,86.08541099965805,qwen7b-npu4,
1782584961.156371,200,99.65075299987802,qwen7b-npu7,
1782584961.172984,200,140.83855200078688,qwen7b-npu6,
1782584961.173246,200,146.36952599903452,qwen7b-npu6,
1782584961.1813016,200,100.99739100041916,qwen7b-npu7,
1782584961.19234,200,105.83960999792907,qwen7b-npu4,
1782584961.1958814,200,134.6717060005176,qwen7b-npu5,
1782584961.2067063,200,95.29573699910543,qwen7b-npu7,
1782584961.217457,200,95.22746600123355,qwen7b-npu4,
1782584961.2325594,200,90.14671499971882,qwen7b-npu7,
1782584961.235847,200,123.27365600140183,qwen7b-npu3,
1782584961.2826314,200,90.22580700184335,qwen7b-npu7,
1782584961.2830005,200,161.05183499894338,qwen7b-npu5,
1782584961.283923,200,166.83544899933622,qwen7b-npu5,
1782584961.2883418,200,131.86722800310235,qwen7b-npu6,
1782584961.3079329,200,90.35604699965916,qwen7b-npu7,
1782584961.3095462,200,128.1483750026382,qwen7b-npu5,
1782584961.3099568,200,136.90806899830932,qwen7b-npu5,
1782584961.3107326,200,137.42377199741895,qwen7b-npu5,
1782584961.3152754,200,82.6238800000283,qwen7b-npu4,
1782584961.3400764,200,133.30683700041845,qwen7b-npu6,
1782584961.3403692,200,144.42623399736476,qwen7b-npu6,
1782584961.366932,200,130.9738629970525,qwen7b-npu6,
1782584961.3829737,200,94.5063620019937,qwen7b-npu5,
1782584961.3835561,200,100.47804800342419,qwen7b-npu7,
1782584961.3919258,200,109.18612100067548,qwen7b-npu6,
1782584961.4065201,200,96.44228300021496,qwen7b-npu5,
1782584961.4090526,200,98.20433499771752,qwen7b-npu3,
1782584961.4162195,200,106.5489249995153,qwen7b-npu6,
1782584961.4333916,200,92.95250300056068,qwen7b-npu7,
1782584961.4549325,200,87.89237200107891,qwen7b-npu5,
1782584961.4649384,200,180.91427499894053,qwen7b-npu4,
1782584961.4840147,200,100.34258700034115,qwen7b-npu7,
1782584961.490687,200,175.34239099768456,qwen7b-npu4,
1782584961.4914832,200,183.43670099784504,qwen7b-npu4,
1782584961.49516,200,112.06079800103907,qwen7b-npu6,
1782584961.5043423,200,97.72828100176412,qwen7b-npu5,
1782584961.5171537,200,177.0075709973753,qwen7b-npu4,
1782584961.5178065,200,125.81206200047745,qwen7b-npu4,
1782584961.5210645,200,104.77813499892363,qwen7b-npu6,
1782584961.5346055,200,101.1498619991471,qwen7b-npu7,
1782584961.5409565,200,131.81084800089593,qwen7b-npu4,
1782584961.5593572,200,94.32268099772045,qwen7b-npu7,
1782584961.570453,200,86.37047199954395,qwen7b-npu6,
1782584961.5844092,200,92.81604200077709,qwen7b-npu7,
1782584961.5898678,200,134.82831600049394,qwen7b-npu5,
1782584961.5909839,200,95.69355899657239,qwen7b-npu4,
1782584961.596408,200,105.65352000048733,qwen7b-npu6,
1782584961.6105657,200,93.31723499781219,qwen7b-npu7,
1782584961.6205616,200,102.68586199890706,qwen7b-npu6,
1782584961.6435602,200,102.54314099802286,qwen7b-npu4,
1782584961.669289,200,109.87123499944573,qwen7b-npu4,
1782584961.6788538,200,157.72591399945668,qwen7b-npu5,
1782584961.679146,200,174.73764699752792,qwen7b-npu5,
1782584961.6968799,200,100.37534799994319,qwen7b-npu6,
1782584961.703912,200,133.39396700030193,qwen7b-npu5,
1782584961.7041514,200,169.48293600216857,qwen7b-npu5,
1782584961.7223005,200,101.67462499885005,qwen7b-npu6,
1782584961.7243376,200,113.7048179989506,qwen7b-npu4,
1782584961.7254446,200,135.50009000027785,qwen7b-npu7,
1782584961.7259283,200,134.84215599964955,qwen7b-npu7,
1782584961.7265234,200,141.99892900069244,qwen7b-npu7,
1782584961.773038,200,103.67659700204968,qwen7b-npu6,
1782584961.7810607,200,101.77542599922162,qwen7b-npu5,
1782584961.7858233,200,142.2019210003782,qwen7b-npu4,
1782584961.8118718,200,132.93906500257435,qwen7b-npu4,
1782584961.823692,200,98.08440399865503,qwen7b-npu6,
1782584961.8295178,200,107.15388799872017,qwen7b-npu5,
1782584961.8360565,200,132.07779900039895,qwen7b-npu7,
1782584961.8382607,200,141.28753499971936,qwen7b-npu4,
1782584961.8389075,200,134.6862050013442,qwen7b-npu4,
1782584961.8404675,200,113.87385999842081,qwen7b-npu3,
1782584961.8617005,200,135.64492099976633,qwen7b-npu7,
1782584961.86231,200,137.81492400084971,qwen7b-npu7,
1782584961.8626373,200,89.45244200003799,qwen7b-npu4,
1782584961.8779898,200,96.79945600146311,qwen7b-npu5,
1782584961.9101431,200,86.30162199915503,qwen7b-npu7,
1782584961.912779,200,126.85518800208229,qwen7b-npu6,
1782584961.9246893,200,95.0783650005178,qwen7b-npu5,
1782584961.9346056,200,98.48201599743334,qwen7b-npu7,
1782584961.9384634,200,99.48950200123363,qwen7b-npu4,
1782584961.9578764,200,95.4665280005429,qwen7b-npu7,
1782584961.963515,200,100.8103799977107,qwen7b-npu4,
1782584961.9761438,200,164.20219399878988,qwen7b-npu6,
1782584962.0137212,200,100.84548000304494,qwen7b-npu4,
1782584962.014303,200,89.55037199848448,qwen7b-npu7,
1782584962.0348997,200,124.61268400147674,qwen7b-npu5,
1782584962.0397816,200,201.45614899956854,qwen7b-npu6,
1782584962.040804,200,200.23940200189827,qwen7b-npu6,
1782584962.0603414,200,121.81423700167215,qwen7b-npu5,
1782584962.0606549,200,125.98254199838266,qwen7b-npu5,
1782584962.0630045,200,86.79700500215404,qwen7b-npu4,
1782584962.0661674,200,188.0871789981029,qwen7b-npu6,
1782584962.066499,200,204.72187900304561,qwen7b-npu6,
1782584962.0921717,200,128.5901080009353,qwen7b-npu6,
1782584962.0926208,200,134.68143499994767,qwen7b-npu6,
1782584962.1138303,200,100.04252499857103,qwen7b-npu4,
1782584962.1325362,200,118.1713750011113,qwen7b-npu7,
1782584962.1431234,200,108.0938140003127,qwen7b-npu6,
1782584962.1633275,200,100.2572670004156,qwen7b-npu4,
1782584962.1810453,200,120.31816799935768,qwen7b-npu5,
1782584962.1928158,200,100.51416799979052,qwen7b-npu6,
1782584962.207174,200,146.7372279985284,qwen7b-npu5,
1782584962.2075002,200,140.93523300107336,qwen7b-npu5,
1782584962.220498,200,179.59138700098265,qwen7b-npu7,
1782584962.2208924,200,181.0104960022727,qwen7b-npu7,
1782584962.2319112,200,139.21681300053024,qwen7b-npu5,
1782584962.2359946,200,103.36732499854406,qwen7b-npu4,
1782584962.2438917,200,100.65004900025087,qwen7b-npu6,
1782584962.2456267,200,179.35300600220216,qwen7b-npu7,
1782584962.246048,200,132.11503899947274,qwen7b-npu7,
1782584962.2573955,200,93.95070900063729,qwen7b-npu5,
1782584962.2822452,200,101.13167199961026,qwen7b-npu5,
1782584962.3093286,200,116.44726500162506,qwen7b-npu3,
1782584962.318326,200,97.32165899913525,qwen7b-npu7,
1782584962.3310652,200,87.04740699977265,qwen7b-npu5,
1782584962.3677013,200,85.33558600174729,qwen7b-npu7,
1782584962.3875625,200,179.91479899865226,qwen7b-npu4,
1782584962.3879735,200,180.7011830023839,qwen7b-npu4,
1782584962.392944,200,83.52398499846458,qwen7b-npu7,
1782584962.3999755,200,167.9940770009125,qwen7b-npu6,
1782584962.4003267,200,179.72714799907408,qwen7b-npu6,
1782584962.4042096,200,85.81957899878034,qwen7b-npu5,
1782584962.413364,200,177.30502300037188,qwen7b-npu4,
1782584962.4136333,200,167.86626499742852,qwen7b-npu4,
1782584962.4225945,200,165.13464000308886,qwen7b-npu6,
1782584962.423195,200,177.02420099885785,qwen7b-npu6,
1782584962.4370797,200,105.85861000072327,qwen7b-npu4,
1782584962.4681168,200,100.31420700033777,qwen7b-npu7,
1782584962.5127864,200,99.35455199956778,qwen7b-npu4,
1782584962.517141,200,94.4555419991957,qwen7b-npu7,
1782584962.5177515,200,130.0811680011975,qwen7b-npu5,
1782584962.5378754,200,100.65129899885505,qwen7b-npu4,
1782584962.539073,200,150.9912740002619,qwen7b-npu6,
1782584962.5394638,200,146.45699599714135,qwen7b-npu6,
1782584962.5401568,200,140.101267999853,qwen7b-npu6,
1782584962.5410378,200,140.57024100111448,qwen7b-npu6,
1782584962.5460215,200,141.71250800063717,qwen7b-npu5,
1782584962.5464516,200,132.75593299840693,qwen7b-npu5,
1782584962.5675118,200,99.30231100224773,qwen7b-npu7,
1782584962.5709436,200,147.68584400007967,qwen7b-npu5,
1782584962.6130261,200,95.20632599742385,qwen7b-npu6,
1782584962.6181285,200,100.92524100036826,qwen7b-npu7,
1782584962.6210701,200,108.18683500110637,qwen7b-npu5,
1782584962.6378841,200,91.3167130020156,qwen7b-npu6,
1782584962.6433895,200,102.22428899942315,qwen7b-npu7,
1782584962.6461434,200,105.92103099770611,qwen7b-npu3,
1782584962.6472394,200,107.7034019981511,qwen7b-npu5,
1782584962.6619046,200,122.73205300152767,qwen7b-npu4,
1782584962.6693199,200,98.31212499921094,qwen7b-npu7,
1782584962.710794,200,143.2169170002453,qwen7b-npu5,
1782584962.7153065,200,97.11643799892045,qwen7b-npu6,
1782584962.7184262,200,105.33587700047065,qwen7b-npu7,
1782584962.7252247,200,179.08112399891252,qwen7b-npu4,
1782584962.7256427,200,187.6236060015799,qwen7b-npu4,
1782584962.742407,200,98.91585800141911,qwen7b-npu6,
1782584962.7635171,200,142.38159199885558,qwen7b-npu5,
1782584962.7639167,200,125.97091200223076,qwen7b-npu5,
1782584962.767457,200,98.07497400106513,qwen7b-npu7,
1782584962.7882175,200,126.24863400196773,qwen7b-npu5,
1782584962.8131778,200,165.86905400254182,qwen7b-npu4,
1782584962.8134305,200,167.1920320004574,qwen7b-npu4,
1782584962.8151696,200,89.79654399809078,qwen7b-npu6,
1782584962.839602,200,128.73949899949366,qwen7b-npu4,
1782584962.8628557,200,99.21156999917002,qwen7b-npu6,
1782584962.8678308,200,149.34296399951563,qwen7b-npu4,
1782584962.8688848,200,153.51420899969526,qwen7b-npu4,
1782584962.8692632,200,143.54586900299182,qwen7b-npu4,
1782584962.8928266,200,104.54352300075698,qwen7b-npu4,
1782584962.8961213,200,80.81576000040513,qwen7b-npu5,
1782584962.9165576,200,174.02893300095457,qwen7b-npu7,
1782584962.939731,200,100.0314150005579,qwen7b-npu6,
1782584962.9649897,200,102.06150699741556,qwen7b-npu6,
1782584962.9703207,200,102.42700999879162,qwen7b-npu4,
1782584962.979419,200,211.89367300030426,qwen7b-npu7,
1782584962.97967,200,215.6727849978779,qwen7b-npu7,
1782584962.9839134,200,114.94460600079037,qwen7b-npu3,
1782584962.9901533,200,93.9251689997036,qwen7b-npu6,
1782584963.0003996,200,83.73823700094363,qwen7b-npu5,
1782584963.0048058,200,191.5552389982622,qwen7b-npu7,
1782584963.0054386,200,191.93589199858252,qwen7b-npu7,
1782584963.030212,200,160.82411300158128,qwen7b-npu7,
1782584963.0306764,200,137.7520440000808,qwen7b-npu7,
1782584963.0634801,200,123.65209799827426,qwen7b-npu5,
1782584963.0736444,200,83.35459500085562,qwen7b-npu4,
1782584963.0842597,200,104.76837399983197,qwen7b-npu7,
1782584963.0949612,200,115.21976700169034,qwen7b-npu3,
1782584963.1056552,200,140.60395100023015,qwen7b-npu6,
1782584963.1686213,200,168.128068002261,qwen7b-npu6,
1782584963.1776855,200,82.65969100102666,qwen7b-npu4,
1782584963.1892574,200,218.87363499990897,qwen7b-npu5,
1782584963.1895497,200,205.57253399965703,qwen7b-npu5,
1782584963.1942136,200,163.4230089985067,qwen7b-npu6,
1782584963.195567,200,165.22076999899582,qwen7b-npu6,
1782584963.216191,200,210.68627500062576,qwen7b-npu5,
1782584963.2168243,200,211.9229420022748,qwen7b-npu5,
1782584963.2203698,200,156.82328900220455,qwen7b-npu6,
1782584963.220622,200,136.2645640001574,qwen7b-npu6,
1782584963.2723353,200,83.00352199876215,qwen7b-npu7,
1782584963.2779882,200,172.26566300087143,qwen7b-npu5,
1782584963.2784164,200,204.649867999251,qwen7b-npu5,
1782584963.2915888,200,122.87487399953534,qwen7b-npu4,
1782584963.294525,200,100.24304699982167,qwen7b-npu6,
1782584963.316751,200,138.96378099889262,qwen7b-npu4,
1782584963.3203347,200,104.04176999873016,qwen7b-npu7,
1782584963.3274448,200,131.72207699972205,qwen7b-npu5,
1782584963.3279405,200,138.31984699936584,qwen7b-npu5,
1782584963.328842,200,108.14878400196903,qwen7b-npu3,
1782584963.3433464,200,126.45236500247847,qwen7b-npu4,
1782584963.3437867,200,123.34055700193858,qwen7b-npu4,
1782584963.3683503,200,95.8806899980118,qwen7b-npu4,
1782584963.3701687,200,91.59748399906675,qwen7b-npu6,
1782584963.3749366,200,96.83581599892932,qwen7b-npu5,
1782584963.3954473,200,100.82296000109636,qwen7b-npu4,
1782584963.395803,200,104.08885000288137,qwen7b-npu6,
1782584963.399831,200,83.01280199884786,qwen7b-npu7,
1782584963.4200144,200,91.10640099970624,qwen7b-npu4,
1782584963.4209788,200,93.39270499913255,qwen7b-npu6,
1782584963.4253411,200,104.94061499775853,qwen7b-npu7,
1782584963.426381,200,98.32927499883226,qwen7b-npu5,
1782584963.4502022,200,106.78997600189177,qwen7b-npu7,
1782584963.4524703,200,108.61360799754038,qwen7b-npu5,
1782584963.4766712,200,106.39025399723323,qwen7b-npu5,
1782584963.4771197,200,108.6942479996651,qwen7b-npu7,
1782584963.5008428,200,100.91728000043076,qwen7b-npu7,
1782584963.5079875,200,132.95741499678115,qwen7b-npu6,
1782584963.5296226,200,108.51233699941076,qwen7b-npu7,
1782584963.5304651,200,110.38457800168544,qwen7b-npu3,
1782584963.5349784,200,139.04412199917715,qwen7b-npu6,
1782584963.535458,200,139.92690699888044,qwen7b-npu6,
1782584963.5464764,200,121.03928299984545,qwen7b-npu4,
1782584963.5537062,200,103.44249600166222,qwen7b-npu7,
1782584963.5579438,200,81.13064099961775,qwen7b-npu5,
1782584963.5723193,200,145.87466299781227,qwen7b-npu4,
1782584963.5729153,200,120.38147899875185,qwen7b-npu4,
1782584963.5839982,200,106.7700870007684,qwen7b-npu6,
1782584963.602117,200,94.06345899697044,qwen7b-npu7,
1782584963.6092682,200,108.3620659992448,qwen7b-npu6,
1782584963.6337452,200,103.98958000223502,qwen7b-npu6,
1782584963.672346,200,136.77352699960466,qwen7b-npu5,
1782584963.6726968,200,126.15645299956668,qwen7b-npu5,
1782584963.6729846,200,137.89922399882926,qwen7b-npu5,
1782584963.673947,200,143.38796800075215,qwen7b-npu5,
1782584963.7148745,200,142.46156300214352,qwen7b-npu7,
1782584963.7155755,200,142.59679300084827,qwen7b-npu7,
1782584963.721916,200,168.14855699703912,qwen7b-npu4,
1782584963.7222588,200,164.20022300007986,qwen7b-npu4,
1782584963.7474544,200,145.27276900116703,qwen7b-npu6,
1782584963.7484982,200,139.16733199948794,qwen7b-npu4,
1782584963.7487526,200,164.6910570016189,qwen7b-npu4,
1782584963.76395,200,90.82895999745233,qwen7b-npu7,
1782584963.773121,200,139.2291420015681,qwen7b-npu6,
1782584963.7938874,200,121.11877300048945,qwen7b-npu5,
1782584963.7985182,200,124.47617300131242,qwen7b-npu6,
1782584963.799082,200,126.62916599947494,qwen7b-npu6,
1782584963.822355,200,107.4133799993433,qwen7b-npu6,
1782584963.8306792,200,81.85871599926031,qwen7b-npu4,
1782584963.84248,200,120.48877900087973,qwen7b-npu5,
1782584963.8430579,200,127.41371100128163,qwen7b-npu5,
1782584963.8530998,200,130.6724909991317,qwen7b-npu7,
1782584963.8674624,200,103.38663600123255,qwen7b-npu5,
1782584963.878726,200,130.15581700165058,qwen7b-npu7,
1782584963.8796854,200,132.11021899769548,qwen7b-npu7,
1782584963.898171,200,99.58392299813568,qwen7b-npu6,
1782584963.902609,200,129.33962299939594,qwen7b-npu7,
1782584963.9284494,200,134.4534529998782,qwen7b-npu5,
1782584963.9456747,200,146.52391699928558,qwen7b-npu4,
1782584963.9459648,200,123.54327700086287,qwen7b-npu4,
1782584963.9619427,200,131.1992539995117,qwen7b-npu6,
1782584963.9720361,200,128.91374999890104,qwen7b-npu4,
1782584963.9798021,200,126.55373600136954,qwen7b-npu5,
1782584963.9804025,200,137.8582750003261,qwen7b-npu5,
1782584963.9967153,200,98.48082600001362,qwen7b-npu3,
1782584964.0029645,200,123.2092249993002,qwen7b-npu5,
1782584964.011118,200,82.57160999710322,qwen7b-npu7,
1782584964.051617,200,172.79466599939042,qwen7b-npu6,
1782584964.0519385,200,184.3501359981019,qwen7b-npu6,
1782584964.0762963,200,130.55048000023817,qwen7b-npu6,
1782584964.0774517,200,174.70270700141555,qwen7b-npu6,
1782584964.0786636,200,81.8826349968731,qwen7b-npu5,
1782584964.0843062,200,138.27436700012186,qwen7b-npu4,
1782584964.0999334,200,137.92586499766912,qwen7b-npu7,
1782584964.1474013,200,167.43824299919652,qwen7b-npu4,
1782584964.1479216,200,175.82270499769947,qwen7b-npu4,
1782584964.1601381,200,82.53765900008148,qwen7b-npu5,
1782584964.1629374,200,182.42177400315995,qwen7b-npu7,
1782584964.1850483,200,85.05034500194597,qwen7b-npu5,
1782584964.189748,200,186.72347000028822,qwen7b-npu7,
1782584964.190258,200,179.07566400026553,qwen7b-npu7,
1782584964.1982098,200,146.1361149995355,qwen7b-npu4,
1782584964.1986287,200,146.9225490000099,qwen7b-npu4,
1782584964.2154515,200,136.68935699752183,qwen7b-npu7,
1782584964.2159872,200,139.59463399805827,qwen7b-npu7,
1782584964.2216322,200,137.26281100025517,qwen7b-npu4,
1782584964.2315645,200,83.52116600144655,qwen7b-npu6,
1782584964.2469106,200,86.65947500048787,qwen7b-npu4,
1782584964.2648754,200,101.833536002232,qwen7b-npu7,
1782584964.2719223,200,124.36755300223012,qwen7b-npu5,
1782584964.3153057,200,99.78128399961861,qwen7b-npu7,
1782584964.3197575,200,129.43470400205115,qwen7b-npu6,
1782584964.320592,200,98.89697899780003,qwen7b-npu4,
1782584964.3235598,200,138.4437369997613,qwen7b-npu5,
1782584964.3242998,200,125.55969000095502,qwen7b-npu5,
1782584964.324663,200,134.8449460019765,qwen7b-npu5,
1782584964.3279505,200,96.31677300058072,qwen7b-npu3,
1782584964.3452804,200,146.9461289998435,qwen7b-npu6,
1782584964.3457108,200,129.65538499702234,qwen7b-npu6,
1782584964.3740165,200,109.04452999966452,qwen7b-npu5,
1782584964.4034033,200,131.3599550012441,qwen7b-npu7,
1782584964.4055524,200,158.5012799987453,qwen7b-npu6,
1782584964.4562006,200,140.79772199693252,qwen7b-npu6,
1782584964.4565823,200,132.21719099965412,qwen7b-npu6,
1782584964.4786332,200,158.8102509995224,qwen7b-npu4,
1782584964.4916968,200,163.68310100006056,qwen7b-npu7,
1782584964.4922779,200,171.62287899918738,qwen7b-npu7,
1782584964.5046585,200,99.03868000037619,qwen7b-npu6,
1782584964.5074055,200,183.777842001291,qwen7b-npu4,
1782584964.5078382,200,183.10422799913795,qwen7b-npu4,
1782584964.5177314,200,171.90470100103994,qwen7b-npu7,
1782584964.518108,200,172.71014499783632,qwen7b-npu7,
1782584964.5319216,200,128.37791700076195,qwen7b-npu4,
1782584964.5327203,200,158.63791000083438,qwen7b-npu4,
1782584964.5662355,200,87.53779999824474,qwen7b-npu7,
1782584964.59164,200,86.88249600163545,qwen7b-npu7,
1782584964.6177413,200,99.51507199730258,qwen7b-npu7,
1782584964.618156,200,161.8454390008992,qwen7b-npu5,
1782584964.618887,200,127.12642000042251,qwen7b-npu4,
1782584964.619618,200,162.9646959991078,qwen7b-npu5,
1782584964.6428206,200,124.97652700039907,qwen7b-npu5,
1782584964.6441166,200,151.77399899766897,qwen7b-npu5,
1782584964.6444201,200,136.51501600179472,qwen7b-npu4,
1782584964.6448085,200,137.24943100169185,qwen7b-npu4,
1782584964.667365,200,135.3414689983765,qwen7b-npu5,
1782584964.668115,200,101.81384599854937,qwen7b-npu7,
1782584964.6778307,200,86.09040100054699,qwen7b-npu6,
1782584964.7030785,200,170.2597399998922,qwen7b-npu4,
1782584964.742867,200,99.9782149992825,qwen7b-npu7,
1782584964.7537756,200,134.08933100072318,qwen7b-npu4,
1782584964.7543137,200,136.04617300006794,qwen7b-npu4,
1782584964.7554162,200,137.54783200056409,qwen7b-npu5,
1782584964.7650201,200,146.06538400039426,qwen7b-npu6,
1782584964.7783616,200,110.91374099851237,qwen7b-npu4,
1782584964.7826164,200,137.68775400239974,qwen7b-npu5,
1782584964.7830126,200,138.8155700005882,qwen7b-npu5,
1782584964.7932382,200,90.06272499755141,qwen7b-npu7,
1782584964.8290415,200,184.50726700029918,qwen7b-npu6,
1782584964.829503,200,161.28961699723732,qwen7b-npu6,
1782584964.8439217,200,88.40145500289509,qwen7b-npu7,
1782584964.852905,200,98.5262660033186,qwen7b-npu5,
1782584964.853957,200,176.0202549994574,qwen7b-npu6,
1782584964.868833,200,103.71087800012901,qwen7b-npu7,
1782584964.8805845,200,137.62783300262527,qwen7b-npu6,
1782584964.880959,200,127.10818900086451,qwen7b-npu6,
1782584964.900149,200,121.65362599989749,qwen7b-npu4,
1782584964.9046462,200,121.56942499859724,qwen7b-npu6,
1782584964.925935,200,132.62997300262214,qwen7b-npu4,
1782584964.926267,200,143.53901899812627,qwen7b-npu4,
1782584964.9501565,200,120.53997999828425,qwen7b-npu4,
1782584964.955291,200,101.22458299883874,qwen7b-npu6,
1782584964.9656925,200,84.62623200102826,qwen7b-npu7,
1782584964.9742541,200,105.32495799998287,qwen7b-npu4,
1782584964.9921985,200,111.4908950003155,qwen7b-npu7,
1782584965.0021605,200,158.1388970007538,qwen7b-npu5,
1782584965.0025764,200,173.40278899791883,qwen7b-npu5,
1782584965.0060809,200,105.82829999839305,qwen7b-npu6,
1782584965.0180857,200,92.07132699884824,qwen7b-npu7,
1782584965.023038,200,96.66339499744936,qwen7b-npu3,
1782584965.0274825,200,122.74210300165578,qwen7b-npu5,
1782584965.0281973,200,175.20046999925398,qwen7b-npu5,
1782584965.0433452,200,93.0974140028411,qwen7b-npu7,
1782584965.0555139,200,81.19881099992199,qwen7b-npu4,
1782584965.068946,200,103.16188499928103,qwen7b-npu7,
1782584965.0942962,200,138.90261100095813,qwen7b-npu6,
1782584965.0951936,200,92.90573199905339,qwen7b-npu7,
1782584965.1282508,200,100.67308999714442,qwen7b-npu4,
1782584965.136275,200,143.9759109998704,qwen7b-npu5,
1782584965.1450846,200,101.67522499978077,qwen7b-npu7,
1782584965.1612942,200,138.15927699761232,qwen7b-npu5,
1782584965.1615663,200,143.38864800083684,qwen7b-npu5,
1782584965.1847,200,178.5206799977459,qwen7b-npu6,
1782584965.1852825,200,182.60206499689957,qwen7b-npu6,
1782584965.1970072,200,101.71095599798718,qwen7b-npu7,
1782584965.2112482,200,142.2390709994943,qwen7b-npu6,
1782584965.2116053,200,183.34319999848958,qwen7b-npu6,
1782584965.211831,200,156.25807500327937,qwen7b-npu6,
1782584965.2227314,200,94.38155099996948,qwen7b-npu7,
1782584965.2340472,200,139.6499850015971,qwen7b-npu6,
1782584965.265791,200,80.43083699885756,qwen7b-npu4,
1782584965.3090923,200,111.9850579998456,qwen7b-npu6,
1782584965.3118641,200,127.06096900001285,qwen7b-npu7,
1782584965.3122602,200,167.0731110025372,qwen7b-npu5,
1782584965.31274,200,176.36668699924485,qwen7b-npu5,
1782584965.3138473,200,102.49150000163354,qwen7b-npu4,
1782584965.3376892,200,176.06388499916648,qwen7b-npu5,
1782584965.338522,200,177.16381199716125,qwen7b-npu5,
1782584965.338942,200,127.05178900068859,qwen7b-npu5,
1782584965.3628657,200,140.02678699762328,qwen7b-npu5,
1782584965.3647194,200,130.60388099984266,qwen7b-npu7,
1782584965.3650813,200,153.41137900031754,qwen7b-npu7,
1782584965.3663957,200,100.50056800173479,qwen7b-npu4,
1782584965.3965442,200,87.33068799847388,qwen7b-npu6,
1782584965.4116232,200,97.68208199966466,qwen7b-npu5,
1782584965.4139392,200,101.08437199960463,qwen7b-npu4,
1782584965.4229133,200,110.93199099923368,qwen7b-npu6,
1782584965.4360185,200,97.4283989999094,qwen7b-npu5,
1782584965.4386504,200,100.85849000097369,qwen7b-npu4,
1782584965.4489653,200,109.95490599816549,qwen7b-npu6,
1782584965.4516354,200,139.26457299749018,qwen7b-npu7,
1782584965.4601212,200,93.6245169978065,qwen7b-npu5,
1782584965.497703,200,134.76701599938679,qwen7b-npu4,
1782584965.5015895,200,104.93289500300307,qwen7b-npu6,
1782584965.5031097,200,137.88402399950428,qwen7b-npu7,
1782584965.5035176,200,138.71162999930675,qwen7b-npu7,
1782584965.5269945,200,115.29774800146697,qwen7b-npu7,
1782584965.5280983,200,91.99815600004513,qwen7b-npu6,
1782584965.5317461,200,93.02758299963898,qwen7b-npu5,
1782584965.5504203,200,90.20396599953528,qwen7b-npu7,
1782584965.5540266,200,104.99316500136047,qwen7b-npu6,
1782584965.555727,200,103.9981899994018,qwen7b-npu3,
1782584965.5842829,200,161.30165700087673,qwen7b-npu4,
1782584965.584664,200,170.6208030009293,qwen7b-npu4,
1782584965.611559,200,84.47066200096742,qwen7b-npu5,
1782584965.634981,200,137.20798999929684,qwen7b-npu4,
1782584965.6361146,200,132.87049399878015,qwen7b-npu4,
1782584965.6365333,200,82.44099900184665,qwen7b-npu7,
1782584965.636913,200,135.22208799986402,qwen7b-npu4,
1782584965.6380198,200,87.53395999883651,qwen7b-npu5,
1782584965.6821213,200,97.38542000195594,qwen7b-npu4,
1782584965.6834157,200,179.7852679992502,qwen7b-npu6,
1782584965.7112005,200,179.38808600229095,qwen7b-npu6,
1782584965.7116942,200,183.5004509994178,qwen7b-npu6,
1782584965.7204518,200,84.20956000190927,qwen7b-npu7,
1782584965.7302508,200,92.13329799968051,qwen7b-npu4,
1782584965.7445295,200,160.1433489995543,qwen7b-npu6,
1782584965.7448645,200,189.04183399718022,qwen7b-npu6,
1782584965.7584896,200,121.83900800300762,qwen7b-npu5,
1782584965.7634358,200,151.78159900096944,qwen7b-npu6,
1782584965.7889252,200,106.73644599955878,qwen7b-npu6,
1782584965.7904058,200,153.37771800113842,qwen7b-npu5,
1782584965.7908573,200,155.7614029989054,qwen7b-npu5,
1782584965.8134525,200,102.18063799766242,qwen7b-npu5,
1782584965.816187,200,95.62089899918647,qwen7b-npu6,
1782584965.8219597,200,138.47707799868658,qwen7b-npu4,
1782584965.8409638,200,110.61352899923804,qwen7b-npu6,
1782584965.8613522,200,102.76175200124271,qwen7b-npu5,
1782584965.8815181,200,169.74950700023328,qwen7b-npu4,
1782584965.90834,200,163.3400389982853,qwen7b-npu4,
1782584965.9088025,200,164.17898399959086,qwen7b-npu4,
1782584965.9158912,200,125.36004799767397,qwen7b-npu7,
1782584965.9178486,200,104.32928100271965,qwen7b-npu6,
1782584965.933853,200,170.3096409983118,qwen7b-npu4,
1782584965.9342847,200,93.25401499881991,qwen7b-npu5,
1782584965.934758,200,145.73754200318945,qwen7b-npu4,
1782584965.939593,200,148.6240699996415,qwen7b-npu7,
1782584965.939912,200,123.58608800059301,qwen7b-npu7,
1782584965.9561403,200,94.72417299912195,qwen7b-npu4,
1782584965.967876,200,86.29330199983087,qwen7b-npu6,
1782584966.0012968,200,179.23566399986157,qwen7b-npu7,
1782584966.018328,200,83.93014800094534,qwen7b-npu5,
1782584966.0189128,200,100.98083100092481,qwen7b-npu6,
1782584966.0429595,200,86.7212940029276,qwen7b-npu5,
1782584966.0439973,200,103.95706900089863,qwen7b-npu6,
1782584966.0530276,200,144.10903200041503,qwen7b-npu7,
1782584966.0534165,200,137.34400100292987,qwen7b-npu7,
1782584966.054339,200,145.8592620001582,qwen7b-npu7,
1782584966.065399,200,130.56537000011303,qwen7b-npu4,
1782584966.066328,200,132.3435710000922,qwen7b-npu4,
1782584966.068957,200,101.01546199803124,qwen7b-npu5,
1782584966.0773852,200,137.7082139988488,qwen7b-npu7,
1782584966.0942464,200,92.87925199896563,qwen7b-npu5,
1782584966.1265037,200,82.38644900120562,qwen7b-npu6,
1782584966.139857,200,120.87911200069357,qwen7b-npu7,
1782584966.1512768,200,96.82856599829393,qwen7b-npu6,
1782584966.1547873,200,136.39457500175922,qwen7b-npu5,
1782584966.17469,200,121.54636600098456,qwen7b-npu4,
1782584966.1754563,200,132.4326710018795,qwen7b-npu4,
1782584966.1994867,200,121.99692899957881,qwen7b-npu4,
1782584966.2071297,200,141.6348269995069,qwen7b-npu5,
1782584966.2079194,200,138.8664609985426,qwen7b-npu5,
1782584966.224469,200,84.5146220017341,qwen7b-npu4,
1782584966.2285132,200,174.98048900233698,qwen7b-npu7,
1782584966.2288475,200,162.39512199899764,qwen7b-npu7,
1782584966.2344398,200,83.06220200029202,qwen7b-npu6,
1782584966.2543795,200,127.76430300073116,qwen7b-npu7,
1782584966.2548316,200,160.4894920019433,qwen7b-npu7,
1782584966.258972,200,104.08656999788946,qwen7b-npu6,
1782584966.273818,200,99.0603500031284,qwen7b-npu4,
1782584966.2820325,200,82.44522899985895,qwen7b-npu5,
1782584966.2866385,200,111.11080199771095,qwen7b-npu7,
1782584966.2984357,200,90.40364799875533,qwen7b-npu4,
1782584966.3042269,200,97.02486799869803,qwen7b-npu7,
1782584966.3294952,200,100.53316899939091,qwen7b-npu7,
1782584966.335751,200,101.21453199826647,qwen7b-npu6,
1782584966.3449779,200,120.41725800008862,qwen7b-npu5,
1782584966.35415,200,99.63982300178031,qwen7b-npu7,
1782584966.3610015,200,87.08745699914289,qwen7b-npu6,
1782584966.3795826,200,81.07980100248824,qwen7b-npu4,
1782584966.3858302,200,99.09125999911339,qwen7b-npu6,
1782584966.4060655,200,101.72637600044254,qwen7b-npu4,
1782584966.406513,200,177.9217069997685,qwen7b-npu5,
1782584966.4281082,200,83.03610200164258,qwen7b-npu7,
1782584966.4299471,200,100.3516380005749,qwen7b-npu4,
1782584966.431176,200,172.14216199863586,qwen7b-npu5,
1782584966.432097,200,177.15240299730795,qwen7b-npu5,
1782584966.453641,200,92.54402999795275,qwen7b-npu7,
1782584966.4566972,200,120.85395100075402,qwen7b-npu5,
1782584966.457098,200,174.95445900203777,qwen7b-npu5,
1782584966.4616542,200,82.0076260024507,qwen7b-npu6,
1782584966.4791398,200,93.24298399951658,qwen7b-npu4,
1782584966.4806535,200,126.39429500268307,qwen7b-npu5,
1782584966.505246,200,99.0649890009081,qwen7b-npu5,
1782584966.51275,200,84.57593200000701,qwen7b-npu6,
1782584966.5384753,200,108.46588599815732,qwen7b-npu6,
1782584966.5417852,200,135.15538799765636,qwen7b-npu7,
1782584966.5540104,200,92.25757800231804,qwen7b-npu5,
1782584966.5638788,200,107.07530800209497,qwen7b-npu6,
1782584966.5675535,200,136.30125500276336,qwen7b-npu7,
1782584966.5685534,200,136.34646499849623,qwen7b-npu7,
1782584966.5797858,200,100.56714799793554,qwen7b-npu5,
1782584966.5893548,200,135.61604999995325,qwen7b-npu4,
1782584966.589724,200,132.50873200013302,qwen7b-npu4,
1782584966.5921357,200,111.38641400248162,qwen7b-npu7,
1782584966.6044712,200,99.13505000076839,qwen7b-npu5,
1782584966.6140618,200,101.21078299926012,qwen7b-npu4,
1782584966.6439595,200,105.42057799830218,qwen7b-npu7,
1782584966.6531334,200,84.4530210015364,qwen7b-npu5,
1782584966.670161,200,102.51218000121298,qwen7b-npu7,
1782584966.6768525,200,96.96918700137758,qwen7b-npu5,
1782584966.6958718,200,91.30628300044918,qwen7b-npu7,
1782584966.7179987,200,176.14845599746332,qwen7b-npu6,
1782584966.7183435,200,164.26774399951682,qwen7b-npu6,
1782584966.7235277,200,131.30389399884734,qwen7b-npu4,
1782584966.7243054,200,134.44267399972887,qwen7b-npu4,
1782584966.7451122,200,181.13953599822707,qwen7b-npu6,
1782584966.7458506,200,131.6876870005217,qwen7b-npu6,
1782584966.7462723,200,156.8345390005561,qwen7b-npu6,
1782584966.7497754,200,105.74979000011808,qwen7b-npu4,
1782584966.751703,200,98.46527600166155,qwen7b-npu5,
1782584966.7681832,200,97.92357299738796,qwen7b-npu6,
1782584966.7722373,200,95.31595699809259,qwen7b-npu4,
1782584966.8010767,200,105.10136599987163,qwen7b-npu5,
1782584966.8190866,200,94.7097539974493,qwen7b-npu6,
1782584966.8260808,200,102.45027999917511,qwen7b-npu5,
1782584966.8414023,200,122.98730499969679,qwen7b-npu7,
1782584966.8502238,200,104.23951099801343,qwen7b-npu5,
1782584966.856269,200,138.15008600067813,qwen7b-npu4,
1782584966.8686297,200,96.32405199954519,qwen7b-npu6,
1782584966.8814352,200,131.59304600048927,qwen7b-npu4,
1782584966.881727,200,135.38347000212525,qwen7b-npu4,
1782584966.8983319,200,97.14171800078475,qwen7b-npu5,
1782584966.9051054,200,85.87957000054303,qwen7b-npu4,
1782584966.9316251,200,179.791128000943,qwen7b-npu7,
1782584966.9327204,200,187.49347400080296,qwen7b-npu7,
1782584966.9331076,200,164.82512800212135,qwen7b-npu7,
1782584966.9552975,200,129.14437200015527,qwen7b-npu6,
1782584966.982707,200,132.4110310015385,qwen7b-npu7,
1782584966.9830403,200,141.51913699970464,qwen7b-npu7,
1782584966.9834816,200,127.14772999970592,qwen7b-npu7,
1782584966.9874926,200,82.28335799867637,qwen7b-npu4,
1782584967.0088363,200,127.33510099860723,qwen7b-npu6,
1782584967.0094934,200,127.69446299716947,qwen7b-npu6,
1782584967.009748,200,141.05044399912003,qwen7b-npu5,
1782584967.0342271,200,135.79197199942428,qwen7b-npu5,
1782584967.0357924,200,104.10082999806036,qwen7b-npu4,
1782584967.0600493,200,127.21670999962953,qwen7b-npu5,
1782584967.0604165,200,127.18171999949845,qwen7b-npu5,
1782584967.0615265,200,106.12926199974027,qwen7b-npu6,
1782584967.084431,200,100.88079100023606,qwen7b-npu4,
1782584967.0863044,200,103.49702700113994,qwen7b-npu6,
1782584967.1080515,200,98.4876760012412,qwen7b-npu5,
1782584967.1085207,200,125.40788900150801,qwen7b-npu7,
1782584967.1092083,200,99.38988099747803,qwen7b-npu4,
1782584967.1347594,200,147.16953100287355,qwen7b-npu7,
1782584967.1351497,200,126.21124299766961,qwen7b-npu7,
1782584967.1385884,200,102.69361099926755,qwen7b-npu6,
1782584967.1574237,200,97.26719799800776,qwen7b-npu5,
1782584967.1578634,200,97.3173290003615,qwen7b-npu4,
1782584967.1603916,200,126.06806300027529,qwen7b-npu7,
1782584967.1654701,200,103.84267799963709,qwen7b-npu6,
1782584967.182473,200,96.09837199968752,qwen7b-npu5,
1782584967.1854963,200,100.96420099944226,qwen7b-npu7,
1782584967.2108474,200,102.72357199937687,qwen7b-npu7,
1782584967.2289817,200,90.29936599836219,qwen7b-npu4,
1782584967.2364652,200,101.18606299874955,qwen7b-npu7,
1782584967.2441175,200,134.83779599846457,qwen7b-npu5,
1782584967.2547963,200,146.20583500072826,qwen7b-npu6,
1782584967.2616937,200,103.71596699769725,qwen7b-npu7,
1782584967.2691529,200,134.2898820003029,qwen7b-npu5,
1782584967.2772183,200,91.65656400000444,qwen7b-npu4,
1782584967.2954857,200,129.91935600075522,qwen7b-npu5,
1782584967.2959027,200,135.4165489974548,qwen7b-npu5,
1782584967.3083055,200,125.73337099820492,qwen7b-npu6,
1782584967.308771,200,151.23392500026966,qwen7b-npu6,
1782584967.3336759,200,104.59925300165196,qwen7b-npu6,
1782584967.3573036,200,146.38965600170195,qwen7b-npu7,
1782584967.3579674,200,96.20792199712014,qwen7b-npu6,
1782584967.378308,200,134.1284820009605,qwen7b-npu7,
1782584967.378557,200,141.9985699976678,qwen7b-npu7,
1782584967.3874195,200,132.5580920020002,qwen7b-npu4,
1782584967.4022598,200,106.21599300066009,qwen7b-npu7,
1782584967.4058766,200,136.62413699785247,qwen7b-npu5,
1782584967.4063218,200,129.00596100007533,qwen7b-npu5,
1782584967.428503,200,120.07908700252301,qwen7b-npu5,
1782584967.4372468,200,128.3582670002943,qwen7b-npu4,
1782584967.4376776,200,142.07917899693712,qwen7b-npu4,
1782584967.4608157,200,102.78129200014519,qwen7b-npu4,
1782584967.4651043,200,131.34193500081892,qwen7b-npu7,
1782584967.4906583,200,133.24726599967107,qwen7b-npu7,
1782584967.5030494,200,96.61094500188483,qwen7b-npu5,
1782584967.512196,200,83.62958600264392,qwen7b-npu6,
1782584967.5190501,200,140.4241300006106,qwen7b-npu7,
1782584967.5195844,200,132.10058899858268,qwen7b-npu7,
1782584967.5199406,200,141.56084600108443,qwen7b-npu7,
1782584967.5279853,200,90.62425899901427,qwen7b-npu5,
1782584967.5352628,200,97.4618600012036,qwen7b-npu4,
1782584967.5601873,200,94.98610499940696,qwen7b-npu4,
1782584967.5632591,200,102.34553899863386,qwen7b-npu6,
1782584967.5735323,200,171.143375999236,qwen7b-npu3,
1782584967.573941,200,167.9282859986415,qwen7b-npu3,
1782584967.577705,200,86.94807599749765,qwen7b-npu5,
1782584967.602727,200,83.07805200092844,qwen7b-npu5,
1782584967.607821,200,95.56254799827002,qwen7b-npu4,
1782584967.6117067,200,92.59482099878369,qwen7b-npu6,
1782584967.629406,200,94.04400900166365,qwen7b-npu5,
1782584967.6328804,200,129.76389600225957,qwen7b-npu7,
1782584967.6533446,200,89.98902500024997,qwen7b-npu5,
1782584967.659426,200,131.34243400054402,qwen7b-npu7,
1782584967.6598542,200,139.8346860005404,qwen7b-npu7,
1782584967.6782873,200,104.64689400032512,qwen7b-npu5,
1782584967.68132,200,103.51671700118459,qwen7b-npu4,
1782584967.685042,200,110.98465100076282,qwen7b-npu7,
1782584967.7005966,200,140.34614999764017,qwen7b-npu6,
1782584967.7022123,200,94.328110000788,qwen7b-npu5,
1782584967.709478,200,106.68027499923483,qwen7b-npu3,
1782584967.7419865,200,109.00671999843325,qwen7b-npu7,
1782584967.7523494,200,122.84513399936259,qwen7b-npu6,
1782584967.752767,200,140.9962830002769,qwen7b-npu6,
1782584967.7761612,200,116.19232299926807,qwen7b-npu6,
1782584967.7842317,200,102.81276200112188,qwen7b-npu7,
1782584967.827948,200,168.40896899884683,qwen7b-npu4,
1782584967.828407,200,174.99578899878543,qwen7b-npu4,
1782584967.8495066,200,96.62340499926358,qwen7b-npu6,
1782584967.8503053,200,171.9172310004069,qwen7b-npu5,
1782584967.853941,200,168.79743200115627,qwen7b-npu4,
1782584967.8544242,200,144.88017699841294,qwen7b-npu4,
1782584967.8596032,200,83.37275499798125,qwen7b-npu7,
1782584967.8768237,200,176.16049600110273,qwen7b-npu5,
1782584967.8772335,200,174.92414899970754,qwen7b-npu5,
1782584967.8853414,200,101.04245199909201,qwen7b-npu7,
1782584967.9008427,200,148.36695800113375,qwen7b-npu5,
1782584967.9016254,200,159.56051499961177,qwen7b-npu5,
1782584967.9238653,200,95.79549000045517,qwen7b-npu6,
1782584967.9469378,200,97.36646899909829,qwen7b-npu5,
1782584967.9622853,200,133.75763899966842,qwen7b-npu4,
1782584967.9714792,200,86.07343100084108,qwen7b-npu6,
1782584967.972691,200,113.02149399853079,qwen7b-npu3,
1782584967.9895651,200,135.02864700058126,qwen7b-npu4,
1782584967.9898782,200,139.4736340007512,qwen7b-npu4,
1782584967.9903946,200,136.31173400062835,qwen7b-npu4,
1782584967.999757,200,122.4111109986552,qwen7b-npu7,
1782584968.0131989,200,136.2624049979786,qwen7b-npu4,
1782584968.0265691,200,124.84234500152525,qwen7b-npu7,
1782584968.027022,200,126.07831299828831,qwen7b-npu7,
1782584968.0375748,200,90.54211799957557,qwen7b-npu4,
1782584968.050477,200,126.51937600094243,qwen7b-npu7,
1782584968.053124,200,81.57810400007293,qwen7b-npu5,
1782584968.0775247,200,87.53368000179762,qwen7b-npu5,
1782584968.086711,200,124.3578619978507,qwen7b-npu6,
1782584968.1017945,200,101.94475699972827,qwen7b-npu5,
1782584968.112659,200,139.90502600063337,qwen7b-npu6,
1782584968.1245015,200,97.7790319993801,qwen7b-npu7,
1782584968.1276803,200,100.54234800190898,qwen7b-npu5,
1782584968.1385858,200,148.93391099758446,qwen7b-npu6,
1782584968.1389644,200,148.4408889991755,qwen7b-npu6,
1782584968.1627643,200,112.18251900208998,qwen7b-npu6,
1782584968.184015,200,170.71389299962902,qwen7b-npu4,
1782584968.1983895,200,85.6587779999245,qwen7b-npu7,
1782584968.2118564,200,158.63512999931118,qwen7b-npu4,
1782584968.2121518,200,174.48137599785696,qwen7b-npu4,
1782584968.2452476,200,120.68318000092404,qwen7b-npu5,
1782584968.2481575,200,85.28584699888597,qwen7b-npu7,
1782584968.2709637,200,132.26496100105578,qwen7b-npu5,
1782584968.2713516,200,143.56329899965203,qwen7b-npu5,
1782584968.2740138,200,187.2034629996051,qwen7b-npu4,
1782584968.2744462,200,196.82844199996907,qwen7b-npu4,
1782584968.2752442,200,173.38197900244268,qwen7b-npu4,
1782584968.296976,200,85.04958500270732,qwen7b-npu7,
1782584968.297901,200,158.81835199979832,qwen7b-npu4,
1782584968.3228366,200,138.72502899903338,qwen7b-npu4,
1782584968.3236468,200,125.1512669987278,qwen7b-npu4,
1782584968.3554165,200,84.34106099957717,qwen7b-npu6,
1782584968.3609397,200,148.71933999893372,qwen7b-npu5,
1782584968.3765597,200,101.21934299968416,qwen7b-npu4,
1782584968.379943,200,105.81703999923775,qwen7b-npu6,
1782584968.3862948,200,140.9773839986883,qwen7b-npu5,
1782584968.387223,200,138.95065100223292,qwen7b-npu5,
1782584968.40201,200,104.96544600027846,qwen7b-npu4,
1782584968.4543095,200,182.83566599711776,qwen7b-npu7,
1782584968.454771,200,99.28025100089144,qwen7b-npu6,
1782584968.455457,200,180.89958500058856,qwen7b-npu7,
1782584968.4591763,200,98.16932500325493,qwen7b-npu5,
1782584968.4612994,200,138.39865699992515,qwen7b-npu4,
1782584968.4806297,200,156.88062900153454,qwen7b-npu7,
1782584968.4810066,200,183.00165799882961,qwen7b-npu7,
1782584968.4817421,200,105.10810599953402,qwen7b-npu6,
1782584968.483836,200,103.82382899842924,qwen7b-npu5,
1782584968.5118978,200,124.5574239983398,qwen7b-npu4,
1782584968.5126793,200,126.31800400049542,qwen7b-npu4,
1782584968.53692,200,134.81315600074595,qwen7b-npu4,
1782584968.5539517,200,92.55531999951927,qwen7b-npu6,
1782584968.5566623,200,97.35211999941384,qwen7b-npu5,
1782584968.560444,200,105.55727799874148,qwen7b-npu3,
1782584968.5806901,200,99.94703499978641,qwen7b-npu5,
1782584968.5846276,200,100.72521000256529,qwen7b-npu4,
1782584968.637762,200,182.18255199826672,qwen7b-npu7,
1782584968.6382062,200,183.76062199968146,qwen7b-npu7,
1782584968.6580036,200,103.94342899962794,qwen7b-npu4,
1782584968.665971,200,153.1897269996989,qwen7b-npu7,
1782584968.6663477,200,184.49431599947275,qwen7b-npu7,
1782584968.666624,200,154.62233599828323,qwen7b-npu7,
1782584968.666992,200,185.872455000208,qwen7b-npu7,
1782584968.6689858,200,108.47026600094978,qwen7b-npu3,
1782584968.6894944,200,152.50531299898284,qwen7b-npu7,
1782584968.6931407,200,136.38138600072125,qwen7b-npu5,
1782584968.721117,200,82.79087100163451,qwen7b-npu6,
1782584968.758589,200,177.83182699713507,qwen7b-npu5,
1782584968.7589064,200,174.2114250009763,qwen7b-npu5,
1782584968.770533,200,103.42499599937582,qwen7b-npu6,
1782584968.7803357,200,142.44858200254384,qwen7b-npu7,
1782584968.8070638,200,140.3273590003664,qwen7b-npu7,
1782584968.8074872,200,138.39703800113057,qwen7b-npu7,
1782584968.8288934,200,135.68625100015197,qwen7b-npu5,
1782584968.8493361,200,191.26982799934922,qwen7b-npu4,
1782584968.8544796,200,95.50050800316967,qwen7b-npu3,
1782584968.875512,200,209.42269699662575,qwen7b-npu4,
1782584968.8758285,200,209.407487000135,qwen7b-npu4,
1782584968.8804286,200,99.9736350022431,qwen7b-npu7,
1782584968.9019556,200,143.25751700016554,qwen7b-npu4,
1782584968.9023476,200,181.1215159978019,qwen7b-npu4,
1782584968.9030213,200,132.3501610022504,qwen7b-npu4,
1782584968.9040067,200,214.44283799792174,qwen7b-npu4,
1782584968.9101715,200,81.2097910020384,qwen7b-npu5,
1782584968.9292433,200,122.1177989973512,qwen7b-npu6,
1782584968.9548666,200,147.26045199859072,qwen7b-npu6,
1782584968.9805987,200,126.02251199859893,qwen7b-npu6,
1782584968.9813657,200,131.92298800277058,qwen7b-npu6,
1782584968.987402,200,111.82307600029162,qwen7b-npu3,
1782584968.9918895,200,81.64839500022936,qwen7b-npu5,
1782584969.0048707,200,124.34787199890707,qwen7b-npu6,
1782584969.0102005,200,134.29329199789208,qwen7b-npu4,
1782584969.0287588,200,126.28563500038581,qwen7b-npu7,
1782584969.0356715,200,132.58695300100953,qwen7b-npu4,
1782584969.036455,200,134.38503299767035,qwen7b-npu4,
1782584969.0424364,200,87.4715100035246,qwen7b-npu5,
1782584969.0568879,200,127.5501220006845,qwen7b-npu7,
1782584969.0573032,200,153.19689799798653,qwen7b-npu7,
1782584969.082798,200,95.30182700109435,qwen7b-npu4,
1782584969.155468,200,173.99293299968122,qwen7b-npu6,
1782584969.1563532,200,175.687762999587,qwen7b-npu6,
1782584969.1641648,200,172.2076219994051,qwen7b-npu5,
1782584969.1732292,200,130.72433100023773,qwen7b-npu7,
1782584969.1735234,200,137.78586400076165,qwen7b-npu7,
1782584969.181215,200,123.79636900004698,qwen7b-npu6,
1782584969.181632,200,176.65952899915283,qwen7b-npu6,
1782584969.188755,200,159.88571799971396,qwen7b-npu5,
1782584969.1897037,200,179.40703599742847,qwen7b-npu5,
1782584969.1986828,200,115.82018099943525,qwen7b-npu7,
1782584969.2510395,200,214.48207800131058,qwen7b-npu5,
1782584969.2513049,200,87.07559699905687,qwen7b-npu7,
1782584969.2519088,200,194.9058789978153,qwen7b-npu5,
1782584969.2754552,200,93.71640699828276,qwen7b-npu7,
1782584969.2797496,200,81.00078999996185,qwen7b-npu4,
1782584969.294644,200,138.18921600250178,qwen7b-npu6,
1782584969.300572,200,127.26018000103068,qwen7b-npu5,
1782584969.300961,200,145.3903099973104,qwen7b-npu5,
1782584969.3219402,200,140.61255100023118,qwen7b-npu6,
1782584969.3223512,200,148.71692000087933,qwen7b-npu6,
1782584969.3228366,200,133.98729100299533,qwen7b-npu6,
1782584969.3253434,200,135.5339109977649,qwen7b-npu5,
1782584969.3736162,200,93.76185799919767,qwen7b-npu5,
1782584969.390862,200,139.48546400206396,qwen7b-npu7,
1782584969.3921924,200,140.14545800091582,qwen7b-npu4,
1782584969.392559,200,141.4488669979619,qwen7b-npu4,
1782584969.4076972,200,132.17965999865555,qwen7b-npu6,
1782584969.4158704,200,114.78480499863508,qwen7b-npu4,
1782584969.4232697,200,101.21063200131175,qwen7b-npu5,
1782584969.460288,200,137.82666400220478,qwen7b-npu6,
1782584969.4611635,200,135.7142919987382,qwen7b-npu6,
1782584969.4734497,200,99.75597399898106,qwen7b-npu5,
1782584969.4825673,200,181.90557100024307,qwen7b-npu7,
1782584969.4828925,200,188.17445899912855,qwen7b-npu7,
1782584969.4979498,200,105.65243899691268,qwen7b-npu5,
1782584969.5033023,200,79.92364399979124,qwen7b-npu4,
1782584969.5085256,200,185.62101300267386,qwen7b-npu7,
1782584969.536263,200,128.47846699878573,qwen7b-npu7,
1782584969.5366397,200,143.95601200158126,qwen7b-npu7,
1782584969.5369933,200,146.0545740010275,qwen7b-npu7,
1782584969.5469167,200,130.9458129981067,qwen7b-npu6,
1782584969.5727131,200,90.0638249986514,qwen7b-npu5,
1782584969.5979736,200,99.9343850016885,qwen7b-npu5,
1782584969.6137748,200,130.81002099715988,qwen7b-npu4,
1782584969.623028,200,85.9602900018217,qwen7b-npu5,
1782584969.6368675,200,176.48404799911077,qwen7b-npu6,
1782584969.6372633,200,175.9901549994538,qwen7b-npu6,
1782584969.6585515,200,85.77728900127113,qwen7b-npu7,
1782584969.6644912,200,161.08121500292327,qwen7b-npu6,
1782584969.6648848,200,191.35732799986727,qwen7b-npu6,
1782584969.6651669,200,128.40130700351438,qwen7b-npu4,
1782584969.6655724,200,129.20560199927422,qwen7b-npu4,
1782584969.6658509,200,157.2292720011319,qwen7b-npu6,
1782584969.6848497,200,86.80882499902509,qwen7b-npu7,
1782584969.6892307,200,142.19729100295808,qwen7b-npu4,
1782584969.7131302,200,99.24711100029526,qwen7b-npu6,
1782584969.7425523,200,105.58257899901946,qwen7b-npu6,
1782584969.749915,200,126.80782700044801,qwen7b-npu7,
1782584969.7642312,200,98.94479899958242,qwen7b-npu6,
1782584969.7651296,200,99.49442200013436,qwen7b-npu4,
1782584969.7752483,200,137.85561499753385,qwen7b-npu7,
1782584969.789541,200,104.59828300008667,qwen7b-npu4,
1782584969.7903345,200,125.37305899968487,qwen7b-npu5,
1782584969.8023212,200,143.67156899970723,qwen7b-npu7,
1782584969.8030083,200,137.04547999805072,qwen7b-npu7,
1782584969.8151443,200,125.80947100286721,qwen7b-npu5,
1782584969.8155997,200,150.9889739973005,qwen7b-npu5,
1782584969.840348,200,97.6837220005109,qwen7b-npu4,
1782584969.8511326,200,137.9124450031668,qwen7b-npu6,
1782584969.8657207,200,101.38506300063455,qwen7b-npu4,
1782584969.8773751,200,127.32925100135617,qwen7b-npu6,
1782584969.8921807,200,89.73359299852746,qwen7b-npu4,
1782584969.9035425,200,138.29434699800913,qwen7b-npu6,
1782584969.9041843,200,128.82462999914424,qwen7b-npu6,
1782584969.9156985,200,100.44742799800588,qwen7b-npu4,
1782584969.929071,200,138.63312900139135,qwen7b-npu6,
1782584969.9352407,200,84.0316489993711,qwen7b-npu7,
1782584969.9609454,200,95.16086499934318,qwen7b-npu7,
1782584969.9652274,200,162.14870100156986,qwen7b-npu5,
1782584969.9661903,200,176.567888000136,qwen7b-npu5,
1782584969.988734,200,148.29066799939028,qwen7b-npu5,
1782584969.989037,200,173.36307900040993,qwen7b-npu5,
1782584969.989575,200,85.329557001387,qwen7b-npu4,
1782584970.010584,200,94.77728400088381,qwen7b-npu7,
1782584970.0115974,200,134.10024200129556,qwen7b-npu5,
1782584970.0175452,200,125.27024800147046,qwen7b-npu6,
1782584970.0588627,200,97.85466199900839,qwen7b-npu5,
1782584970.0727262,200,83.09257299697492,qwen7b-npu4,
1782584970.08109,200,177.45024399846443,qwen7b-npu6,
1782584970.0927665,200,82.06961600080831,qwen7b-npu7,
1782584970.0971735,200,85.50286800164031,qwen7b-npu4,
1782584970.1453345,200,216.18474799834075,qwen7b-npu6,
1782584970.1457152,200,210.3746940010751,qwen7b-npu6,
1782584970.1688983,200,87.7204710013757,qwen7b-npu4,
1782584970.1731176,200,207.8236579982331,qwen7b-npu6,
1782584970.1739411,200,184.83576899961918,qwen7b-npu6,
1782584970.1742508,200,207.941208002012,qwen7b-npu6,
1782584970.1749754,200,186.14703699859092,qwen7b-npu6,
1782584970.1766555,200,83.78160700158332,qwen7b-npu7,
1782584970.1769662,200,79.71682299830718,qwen7b-npu5,
1782584970.1827085,200,123.77907999689342,qwen7b-npu3,
1782584970.1993144,200,126.51916600225377,qwen7b-npu6,
1782584970.1997576,200,182.11239199808915,qwen7b-npu6,
1782584970.24911,200,103.67856700031552,qwen7b-npu6,
1782584970.255701,200,86.73523499965086,qwen7b-npu7,
1782584970.27543,200,92.6280309977301,qwen7b-npu6,
1782584970.2814329,200,135.5980209991685,qwen7b-npu4,
1782584970.282258,200,107.21124900010182,qwen7b-npu7,
1782584970.296677,200,122.30368000018643,qwen7b-npu5,
1782584970.3011613,200,101.29202300231555,qwen7b-npu6,
1782584970.306982,200,107.56439100077841,qwen7b-npu7,
1782584970.308175,200,131.43265600228915,qwen7b-npu4,
1782584970.308538,200,135.31813900044654,qwen7b-npu4,
1782584970.322873,200,148.8554009993095,qwen7b-npu5,
1782584970.3232696,200,146.196145000431,qwen7b-npu5,
1782584970.352805,200,103.57702699911897,qwen7b-npu6,
1782584970.394066,200,138.25745700160041,qwen7b-npu4,
1782584970.4043272,200,97.22946900001261,qwen7b-npu6,
1782584970.4093454,200,127.85067400182015,qwen7b-npu5,
1782584970.41949,200,143.99333199980902,qwen7b-npu4,
1782584970.4252968,200,142.9234750030446,qwen7b-npu7,
1782584970.435697,200,138.9452910007094,qwen7b-npu5,
1782584970.4360824,200,134.82756599842105,qwen7b-npu5,
1782584970.4453392,200,121.95951800094917,qwen7b-npu4,
1782584970.446106,200,137.45143199776066,qwen7b-npu4,
1782584970.454566,200,101.65778500231681,qwen7b-npu6,
1782584970.4909303,200,167.93249599868432,qwen7b-npu7,
1782584970.4912968,200,183.01825699745677,qwen7b-npu7,
1782584970.5300112,200,83.79954699921655,qwen7b-npu6,
1782584970.5349705,200,125.54172000091057,qwen7b-npu4,
1782584970.5821173,200,187.94040799912182,qwen7b-npu7,
1782584970.5825813,200,178.14151900165598,qwen7b-npu7,
1782584970.5837336,200,164.1478140008985,qwen7b-npu5,
1782584970.5843859,200,159.02311299942085,qwen7b-npu5,
1782584970.585309,200,149.11235200270312,qwen7b-npu4,
1782584970.5855331,200,140.1303189995815,qwen7b-npu4,
1782584970.6073163,200,171.50857800152153,qwen7b-npu7,
1782584970.607745,200,153.1022369999846,qwen7b-npu7,
1782584970.6310947,200,96.04752099767211,qwen7b-npu7,
1782584970.6329334,200,141.57685600002878,qwen7b-npu5,
1782584970.633303,200,142.25152099970728,qwen7b-npu5,
1782584970.6721992,200,142.06684999953723,qwen7b-npu4,
1782584970.682502,200,98.04378299668315,qwen7b-npu7,
1782584970.7116852,200,129.44429299750482,qwen7b-npu6,
1782584970.7240224,200,138.65202899978613,qwen7b-npu4,
1782584970.7249072,200,142.19217099889647,qwen7b-npu4,
1782584970.7335405,200,102.37058900020202,qwen7b-npu3,
1782584970.7423298,200,109.29211099937675,qwen7b-npu7,
1782584970.744558,200,160.72449299826985,qwen7b-npu6,
1782584970.7452953,200,137.4700220003433,qwen7b-npu6,
1782584970.7457128,200,138.28738700249232,qwen7b-npu6,
1782584970.7460022,200,160.41215100267436,qwen7b-npu6,
1782584970.7513483,200,117.9833639980643,qwen7b-npu4,
1782584970.7577052,200,85.39993699741899,qwen7b-npu5,
1782584970.814065,200,102.30854999826988,qwen7b-npu6,
1782584970.8187904,200,136.163803999807,qwen7b-npu5,
1782584970.8347073,200,83.26088400281151,qwen7b-npu4,
1782584970.838735,200,92.6195709980675,qwen7b-npu6,
1782584970.8505187,200,126.43576499976916,qwen7b-npu7,
1782584970.878892,200,133.09756600210676,qwen7b-npu7,
1782584970.8793223,200,134.65988499956438,qwen7b-npu7,
1782584970.8797526,200,134.33272299880628,qwen7b-npu7,
1782584970.9021425,200,144.32686399959493,qwen7b-npu7,
1782584970.9080548,200,165.6009520011139,qwen7b-npu5,
1782584970.9087806,200,183.7634319999779,qwen7b-npu5,
1782584970.9092848,200,175.6609930016566,qwen7b-npu5,
1782584970.911364,200,92.5080289998732,qwen7b-npu4,
1782584970.9325588,200,81.97792600185494,qwen7b-npu6,
1782584970.9551501,200,120.3278879984282,qwen7b-npu5,
1782584970.9556012,200,141.421166001237,qwen7b-npu5,
1782584970.972837,200,134.0069219986617,qwen7b-npu4,
1782584970.9798098,200,100.37815800023964,qwen7b-npu5,
1782584970.995563,200,87.3948489970644,qwen7b-npu7,
1782584971.0043316,200,102.10840799845755,qwen7b-npu5,
1782584971.0075793,200,96.11946199947852,qwen7b-npu6,
1782584971.0211086,200,111.75231700326549,qwen7b-npu7,
1782584971.033096,200,100.47481799847446,qwen7b-npu6,
1782584971.0457082,200,90.4317379972781,qwen7b-npu7,
1782584971.084276,200,79.81307299996843,qwen7b-npu5,
1782584971.0976908,200,218.6734829992929,qwen7b-npu4,
1782584971.0980241,200,218.1447200018738,qwen7b-npu4,
1782584971.120144,200,124.48585299716797,qwen7b-npu6,
1782584971.1237614,200,168.04837699964992,qwen7b-npu4,
1782584971.1245704,200,215.66808500210755,qwen7b-npu4,
1782584971.1287885,200,82.98596199892927,qwen7b-npu7,
1782584971.1464736,200,125.25747800100362,qwen7b-npu6,
1782584971.1474226,200,139.75268600188429,qwen7b-npu6,
1782584971.1491597,200,176.2509370018961,qwen7b-npu4,
1782584971.1494398,200,169.55272600171156,qwen7b-npu4,
1782584971.1778543,200,93.47356499711168,qwen7b-npu7,
1782584971.1801717,200,82.40227799979039,qwen7b-npu5,
1782584971.20959,200,176.40079700140632,qwen7b-npu4,
1782584971.2352328,200,137.13468999776524,qwen7b-npu4,
1782584971.2419305,200,121.6938060024404,qwen7b-npu5,
1782584971.263572,200,134.6943349999492,qwen7b-npu4,
1782584971.2643664,200,139.68742599899997,qwen7b-npu4,
1782584971.2669384,200,143.07867499883287,qwen7b-npu5,
1782584971.2942164,200,144.99238799908198,qwen7b-npu7,
1782584971.2954855,200,145.98229300099774,qwen7b-npu5,
1782584971.2957482,200,149.1689030008274,qwen7b-npu5,
1782584971.2967525,200,149.22607300104573,qwen7b-npu5,
1782584971.3215888,200,141.34633499998017,qwen7b-npu7,
1782584971.3219907,200,144.02931199947488,qwen7b-npu7,
1782584971.325752,200,83.71506600087741,qwen7b-npu6,
1782584971.342909,200,107.56461100027082,qwen7b-npu5,
1782584971.3474708,200,137.78850399830844,qwen7b-npu7,
1782584971.3494673,200,84.9955339981534,qwen7b-npu4,
1782584971.3675132,200,100.4792979983904,qwen7b-npu5,
1782584971.3734443,200,109.80964500049595,qwen7b-npu7,
1782584971.398942,200,103.38679499909631,qwen7b-npu7,
1782584971.3999844,200,103.13543499796651,qwen7b-npu4,
1782584971.4020262,200,107.72557200107258,qwen7b-npu6,
1782584971.416712,200,95.00793500046711,qwen7b-npu5,
1782584971.4180832,200,122.201459002099,qwen7b-npu3,
1782584971.4245205,200,102.46375999849988,qwen7b-npu7,
1782584971.4265654,200,100.70589000315522,qwen7b-npu4,
1782584971.4464579,200,96.88380599982338,qwen7b-npu3,
1782584971.4505305,200,102.96165399995516,qwen7b-npu6,
1782584971.4519014,200,108.8850590022048,qwen7b-npu4,
1782584971.4741125,200,106.50901400003931,qwen7b-npu3,
1782584971.5004563,200,101.4247040002374,qwen7b-npu4,
1782584971.5152676,200,141.7288170014217,qwen7b-npu7,
1782584971.52822,200,126.13392399725853,qwen7b-npu5,
1782584971.5368686,200,84.85668399953283,qwen7b-npu6,
1782584971.5422902,200,142.2443010014831,qwen7b-npu7,
1782584971.5427985,200,125.94568200074718,qwen7b-npu7,
1782584971.553814,200,135.65866100179846,qwen7b-npu5,
1782584971.5541239,200,129.5272940005816,qwen7b-npu5,
1782584971.554935,200,128.27816599747166,qwen7b-npu5,
1782584971.5614316,200,87.23091800129623,qwen7b-npu6,
1782584971.5662606,200,115.63885000214214,qwen7b-npu7,
1782584971.5958023,200,149.2266829991422,qwen7b-npu4,
1782584971.6400127,200,124.6386140010145,qwen7b-npu4,
1782584971.6404636,200,139.94487699892488,qwen7b-npu4,
1782584971.6416404,200,98.7158370007819,qwen7b-npu6,
1782584971.6456964,200,108.68630800177925,qwen7b-npu3,
1782584971.664108,200,135.78963200052385,qwen7b-npu5,
1782584971.665198,200,110.1533670007484,qwen7b-npu4,
1782584971.6662114,200,112.31153000335325,qwen7b-npu6,
1782584971.6829417,200,128.7556589995802,qwen7b-npu7,
1782584971.683803,200,141.40319500074838,qwen7b-npu7,
1782584971.6900363,200,94.10385899900575,qwen7b-npu4,
1782584971.6910033,200,129.47817399981432,qwen7b-npu5,
1782584971.691647,200,125.32582900166744,qwen7b-npu5,
1782584971.7418804,200,101.2898730004963,qwen7b-npu6,
1782584971.746015,200,105.87540099731996,qwen7b-npu4,
1782584971.7672586,200,100.94530100104748,qwen7b-npu4,
1782584971.7726586,200,126.89210800090223,qwen7b-npu7,
1782584971.7777646,200,136.01464300154475,qwen7b-npu5,
1782584971.7912114,200,101.07685099865193,qwen7b-npu4,
1782584971.8038108,200,138.5097290003614,qwen7b-npu5,
1782584971.8042457,200,140.0382770007127,qwen7b-npu5,
1782584971.8256114,200,141.71324799826834,qwen7b-npu7,
1782584971.8259146,200,134.810514999117,qwen7b-npu7,
1782584971.826172,200,143.16413599954103,qwen7b-npu7,
1782584971.8305318,200,138.81392999974196,qwen7b-npu6,
1782584971.8768587,200,104.13157000220963,qwen7b-npu5,
1782584971.9104674,200,106.06949199791416,qwen7b-npu3,
1782584971.9121234,200,86.4219730028708,qwen7b-npu4,
1782584971.9207225,200,174.56778599807876,qwen7b-npu6,
1782584971.921019,200,179.0608040028019,qwen7b-npu6,
1782584971.9264758,200,100.49656800038065,qwen7b-npu5,
1782584971.9369287,200,106.30421300083981,qwen7b-npu4,
1782584971.949656,200,182.2593630022311,qwen7b-npu6,
1782584971.9500165,200,146.0636039992096,qwen7b-npu6,
1782584971.9504175,200,159.13553299833438,qwen7b-npu6,
1782584971.951003,200,173.17451800045092,qwen7b-npu6,
1782584971.9710422,200,144.7529460019723,qwen7b-npu6,
1782584971.9744864,200,97.5244709989056,qwen7b-npu5,
1782584972.0245395,200,103.4557759994641,qwen7b-npu5,
1782584972.0445294,200,94.38932100238162,qwen7b-npu6,
1782584972.049853,200,137.66681300330674,qwen7b-npu4,
1782584972.0502245,200,123.68594900181051,qwen7b-npu4,
1782584972.0713851,200,96.83077599765966,qwen7b-npu3,
1782584972.072518,200,121.44477499896311,qwen7b-npu4,
1782584972.0732305,200,162.66432400152553,qwen7b-npu7,
1782584972.0740688,200,102.95943299934152,qwen7b-npu5,
1782584972.0997252,200,178.93433299832395,qwen7b-npu7,
1782584972.1000245,200,163.03449599945452,qwen7b-npu7,
1782584972.1240163,200,99.37898199859774,qwen7b-npu5,
1782584972.1258767,200,176.11472600037814,qwen7b-npu7,
1782584972.1262436,200,175.7141429989133,qwen7b-npu7,
1782584972.1487997,200,98.5126070008846,qwen7b-npu4,
1782584972.1495261,200,99.57559300164576,qwen7b-npu5,
1782584972.1663136,200,121.69359699691995,qwen7b-npu6,
1782584972.174037,200,100.71184899788932,qwen7b-npu5,
1782584972.174834,200,100.67022899966105,qwen7b-npu4,
1782584972.2177384,200,145.15228900199872,qwen7b-npu6,
1782584972.2180426,200,146.54653699835762,qwen7b-npu6,
1782584972.2225742,200,96.25991300345049,qwen7b-npu5,
1782584972.2263498,200,100.37523800201598,qwen7b-npu4,
1782584972.2522671,200,102.67274199941312,qwen7b-npu4,
1782584972.265814,200,99.40639199703583,qwen7b-npu6,
1782584972.274627,200,100.49984800207312,qwen7b-npu3,
1782584972.2785041,200,103.56977699848358,qwen7b-npu4,
1782584972.2795455,200,179.72504800127354,qwen7b-npu7,
1782584972.280081,200,179.99273899840773,qwen7b-npu7,
1782584972.3049915,200,180.91386499872897,qwen7b-npu7,
1782584972.3054729,200,156.58026799792424,qwen7b-npu7,
1782584972.3286784,200,110.86533100024099,qwen7b-npu4,
1782584972.3363438,200,118.23269600063213,qwen7b-npu5,
1782584972.3535116,200,101.11307099941769,qwen7b-npu4,
1782584972.3566887,200,90.7514100035769,qwen7b-npu7,
1782584972.3621743,200,139.5375749998493,qwen7b-npu5,
1782584972.3625045,200,136.0887740011094,qwen7b-npu5,
1782584972.363645,200,84.00252900173655,qwen7b-npu6,
1782584972.3773646,200,102.63741100061452,qwen7b-npu4,
1782584972.3824146,200,102.25797800012515,qwen7b-npu7,
1782584972.3849888,200,106.38640399702126,qwen7b-npu5,
1782584972.388683,200,83.1489429983776,qwen7b-npu6,
1782584972.4152563,200,86.4765729966166,qwen7b-npu6,
1782584972.446614,200,141.5538170003856,qwen7b-npu7,
1782584972.464647,200,82.17196699843043,qwen7b-npu4,
1782584972.4725115,200,136.10039400009555,qwen7b-npu7,
1782584972.4777813,200,124.17408200053615,qwen7b-npu6,
1782584972.4809315,200,103.5070670004643,qwen7b-npu3,
1782584972.499226,200,136.9484780007042,qwen7b-npu7,
1782584972.5007093,200,138.13578599729226,qwen7b-npu7,
1782584972.5011005,200,137.3617320023186,qwen7b-npu5,
1782584972.502262,200,145.46976099882158,qwen7b-npu5,
1782584972.5295615,200,140.78427200001897,qwen7b-npu6,
1782584972.52997,200,144.87947599991458,qwen7b-npu6,
1782584972.5414639,200,126.1059930002375,qwen7b-npu3,
1782584972.5490236,200,84.3146409970359,qwen7b-npu7,
1782584972.5740547,200,101.44238399880123,qwen7b-npu7,
1782584972.5868888,200,84.525662001397,qwen7b-npu5,
1782584972.5908484,200,144.14192299955175,qwen7b-npu6,
1782584972.6248133,200,95.14528500221786,qwen7b-npu7,
1782584972.6352637,200,86.14373200180125,qwen7b-npu5,
1782584972.6358168,200,157.9440360001172,qwen7b-npu4,
1782584972.642563,200,141.38798600106384,qwen7b-npu6,
1782584972.6429343,200,143.60399900033372,qwen7b-npu6,
1782584972.6745307,200,100.37689700038754,qwen7b-npu7,
1782584972.6847315,200,93.788197998947,qwen7b-npu5,
1782584972.6980357,200,217.04206399954273,qwen7b-npu4,
1782584972.6984696,200,197.64724600099726,qwen7b-npu4,
1782584972.7201924,200,84.86689400160685,qwen7b-npu6,
1782584972.7232344,200,193.147799000144,qwen7b-npu4,
1782584972.723463,200,181.93353099923115,qwen7b-npu4,
1782584972.7459378,200,110.05423599999631,qwen7b-npu6,
1782584972.750645,200,125.76543099930859,qwen7b-npu4,
1782584972.7509851,200,163.99837299832143,qwen7b-npu4,
1782584972.7518036,200,109.15220099923317,qwen7b-npu7,
1782584972.7709315,200,127.87888399907388,qwen7b-npu5,
1782584972.7775207,200,92.6969909996842,qwen7b-npu7,
1782584972.8219838,200,123.83055999816861,qwen7b-npu5,
1782584972.822993,200,148.38929799952894,qwen7b-npu5,
1782584972.8327644,200,134.18863200058695,qwen7b-npu6,
1782584972.8375587,200,86.83039599782205,qwen7b-npu4,
1782584972.842653,200,122.36994100021548,qwen7b-npu3,
1782584972.8463826,200,122.855203000654,qwen7b-npu5,
1782584972.8533173,200,101.44031399977393,qwen7b-npu7,
1782584972.8589027,200,135.6059509998886,qwen7b-npu6,
1782584972.8650315,200,94.03500899861683,qwen7b-npu4,
1782584972.8846903,200,133.59627799945883,qwen7b-npu6,
1782584972.885016,200,138.96345099783503,qwen7b-npu6,
1782584972.9096596,200,132.0816690022184,qwen7b-npu6,
1782584972.9584162,200,120.79433100007009,qwen7b-npu5,
1782584972.958811,200,135.68265099820565,qwen7b-npu5,
1782584972.9689772,200,126.26365399773931,qwen7b-npu7,
1782584972.9693518,200,136.49702700058697,qwen7b-npu7,
1782584972.9697847,200,147.74087399928248,qwen7b-npu7,
1782584972.9729607,200,126.45349499871372,qwen7b-npu6,
1782584972.9778771,200,124.48548300017137,qwen7b-npu4,
1782584973.004435,200,139.33907299724524,qwen7b-npu4,
1782584973.0047565,200,145.74007199917105,qwen7b-npu4,
1782584973.0440533,200,134.30340299964882,qwen7b-npu5,
1782584973.052854,200,83.7690369990014,qwen7b-npu7,
1782584973.063332,200,178.21133799952804,qwen7b-npu6,
1782584973.0637174,200,178.94833299942547,qwen7b-npu6,
1782584973.086862,200,82.35511900056736,qwen7b-npu4,
1782584973.0889385,200,129.99625600059517,qwen7b-npu6,
1782584973.0952938,200,122.2701100014092,qwen7b-npu5,
1782584973.0956285,200,125.73724100002437,qwen7b-npu5,
1782584973.0960295,200,137.50945200081333,qwen7b-npu5,
1782584973.1031432,200,98.27668400248513,qwen7b-npu7,
1782584973.143276,200,99.1310000026715,qwen7b-npu5,
1782584973.153259,200,183.78445300186286,qwen7b-npu6,
1782584973.15362,200,175.6823629984865,qwen7b-npu6,
1782584973.1660833,200,113.16943500060006,qwen7b-npu3,
1782584973.1817062,200,86.31781299845898,qwen7b-npu4,
1782584973.193322,200,97.58270100064692,qwen7b-npu5,
1782584973.2050319,200,141.2494649994187,qwen7b-npu6,
1782584973.2054477,200,142.00988900120137,qwen7b-npu6,
1782584973.20679,200,110.64229000112391,qwen7b-npu4,
1782584973.2303383,200,86.96830599728855,qwen7b-npu6,
1782584973.2441828,200,90.8164000029501,qwen7b-npu5,
1782584973.2553596,200,89.21487000043271,qwen7b-npu6,
1782584973.2914088,200,84.52636199945118,qwen7b-npu5,
1782584973.2980597,200,211.13216799858492,qwen7b-npu7,
1782584973.298456,200,209.39738699962618,qwen7b-npu7,
1782584973.3206797,200,127.25181999849156,qwen7b-npu4,
1782584973.3241532,200,170.42364200096927,qwen7b-npu7,
1782584973.3245838,200,221.33934900193708,qwen7b-npu7,
1782584973.346933,200,141.40856599988183,qwen7b-npu4,
1782584973.3510115,200,145.91735299836728,qwen7b-npu7,
1782584973.351591,200,169.8258079995867,qwen7b-npu7,
1782584973.3733697,200,142.9483550018631,qwen7b-npu4,
1782584973.374201,200,129.91082599910442,qwen7b-npu4,
1782584973.3813353,200,83.17503299986129,qwen7b-npu6,
1782584973.397713,200,142.25238099970738,qwen7b-npu4,
1782584973.4006464,200,109.1721310003777,qwen7b-npu7,
1782584973.417738,200,119.14892099957797,qwen7b-npu5,
1782584973.4262323,200,101.95990699867252,qwen7b-npu7,
1782584973.4430504,200,122.27684000026784,qwen7b-npu5,
1782584973.4504244,200,99.32636099983938,qwen7b-npu7,
1782584973.4683805,200,121.38074500035145,qwen7b-npu5,
1782584973.4686677,200,143.97362099771271,qwen7b-npu5,
1782584973.4733472,200,91.94998699967982,qwen7b-npu4,
1782584973.4960673,200,144.34197299851803,qwen7b-npu6,
1782584973.5162385,200,89.90929400169989,qwen7b-npu5,
1782584973.5187035,200,120.88837099872762,qwen7b-npu3,
1782584973.5223813,200,148.07973699862487,qwen7b-npu6,
1782584973.522801,200,149.32191399930161,qwen7b-npu6,
1782584973.524118,200,106.27293299694429,qwen7b-npu4,
1782584973.5459664,200,145.25595899976906,qwen7b-npu6,
1782584973.5656347,200,122.48508099946775,qwen7b-npu7,
1782584973.5669847,200,93.57613699830836,qwen7b-npu5,
1782584973.5761485,200,107.41177000090829,qwen7b-npu4,
1782584973.5920496,200,95.87878999809618,qwen7b-npu5,
1782584973.593691,200,125.24167800074792,qwen7b-npu7,
1782584973.5940542,200,143.56018899707124,qwen7b-npu7,
1782584973.6177096,200,101.37594399930094,qwen7b-npu5,
1782584973.629345,200,110.5780389989377,qwen7b-npu4,
1782584973.6424286,200,96.36917299940251,qwen7b-npu5,
1782584973.654478,200,87.43022900307551,qwen7b-npu4,
1782584973.671278,200,105.54797900113044,qwen7b-npu7,
1782584973.679478,200,103.26806500233943,qwen7b-npu4,
1782584973.6984415,200,104.3236910009,qwen7b-npu7,
1782584973.703278,200,180.366551001498,qwen7b-npu6,
1782584973.7036998,200,179.4832560008217,qwen7b-npu6,
1782584973.7046986,200,182.2086930005753,qwen7b-npu6,
1782584973.7240746,200,81.57016300174291,qwen7b-npu5,
1782584973.724429,200,106.61681500278064,qwen7b-npu7,
1782584973.7287943,200,134.99985700036632,qwen7b-npu6,
1782584973.7292001,200,137.0508489999338,qwen7b-npu6,
1782584973.7531443,200,123.73189899881254,qwen7b-npu3,
1782584973.794398,200,139.81997600058094,qwen7b-npu4,
1782584973.8135245,200,142.18381099999533,qwen7b-npu7,
1782584973.8196476,200,140.1084980025189,qwen7b-npu4,
1782584973.8219235,200,92.60097999867867,qwen7b-npu6,
1782584973.8370473,200,132.2524400020484,qwen7b-npu5,
1782584973.837739,200,139.23254299879773,qwen7b-npu5,
1782584973.8455632,200,116.6511849987728,qwen7b-npu6,
1782584973.847416,200,143.59503900050186,qwen7b-npu4,
1782584973.8478472,200,144.4572340005834,qwen7b-npu4,
1782584973.8618128,200,108.56065700136242,qwen7b-npu5,
1782584973.866611,200,142.44444200085127,qwen7b-npu7,
1782584973.8669243,200,142.42485200156807,qwen7b-npu7,
1782584973.892305,200,97.77533099986613,qwen7b-npu7,
1782584973.9109378,200,88.89743800318683,qwen7b-npu5,
1782584973.921366,200,107.77455200150143,qwen7b-npu6,
1782584973.9358284,200,88.29778500148677,qwen7b-npu5,
1782584973.9417431,200,104.60290300034103,qwen7b-npu7,
1782584973.960401,200,140.69032199768117,qwen7b-npu4,
1782584973.9607084,200,94.02287900229567,qwen7b-npu5,
1782584973.9757535,200,108.75822800153401,qwen7b-npu6,
1782584973.9868777,200,141.24932500271825,qwen7b-npu4,
1782584973.987735,200,149.9270569984219,qwen7b-npu4,
1782584974.0018008,200,109.39897199932602,qwen7b-npu6,
1782584974.003465,200,155.48898100314545,qwen7b-npu3,
1782584974.0041823,200,142.30557100017904,qwen7b-npu3,
1782584974.0100539,200,99.01747899857583,qwen7b-npu5,
1782584974.0187366,200,97.27556899815681,qwen7b-npu7,
1782584974.0267217,200,90.79488000134006,qwen7b-npu6,
1782584974.0368533,200,95.01117499894463,qwen7b-npu4,
1782584974.0513566,200,90.89101000063238,qwen7b-npu6,
1782584974.0842724,200,96.47439399850555,qwen7b-npu4,
1782584974.0980814,200,137.26628099902882,qwen7b-npu5,
1782584974.1091416,200,133.32662700122455,qwen7b-npu7,
1782584974.1234157,200,121.54826600090018,qwen7b-npu5,
1782584974.138124,200,133.87430000148015,qwen7b-npu7,
1782584974.1385107,200,151.53534699857119,qwen7b-npu7,
1782584974.1491053,200,145.54624099764624,qwen7b-npu5,
1782584974.1499567,200,139.80093600184773,qwen7b-npu5,
1782584974.1606896,200,141.8502590022399,qwen7b-npu7,
1782584974.1679933,200,83.63468600146007,qwen7b-npu4,
1782584974.1929188,200,94.75450399986585,qwen7b-npu4,
1782584974.20473,200,167.7371049991052,qwen7b-npu6,
1782584974.2056096,200,178.78686300173285,qwen7b-npu6,
1782584974.230518,200,179.07516400009627,qwen7b-npu6,
1782584974.2313666,200,82.16594699842972,qwen7b-npu5,
1782584974.2570193,200,88.95910900173476,qwen7b-npu5,
1782584974.2573986,200,133.87237999995705,qwen7b-npu6,
1782584974.258464,200,149.24177300053998,qwen7b-npu6,
1782584974.2773042,200,127.24046000221279,qwen7b-npu7,
1782584974.2775736,200,139.32262299931608,qwen7b-npu7,
1782584974.2809393,200,87.94504199977382,qwen7b-npu5,
1782584974.2820146,200,143.3918580005411,qwen7b-npu6,
1782584974.3028822,200,142.07982000152697,qwen7b-npu7,
1782584974.3067093,200,100.99798100054613,qwen7b-npu6,
1782584974.311759,200,106.96178700163728,qwen7b-npu3,
1782584974.351807,200,120.37684800088755,qwen7b-npu4,
1782584974.366218,200,135.60118099849205,qwen7b-npu7,
1782584974.3681815,200,111.05113200028427,qwen7b-npu3,
1782584974.3843114,200,81.3658420011052,qwen7b-npu5,
1782584974.4053497,200,124.34683199899155,qwen7b-npu4,
1782584974.4060543,200,148.53551899796003,qwen7b-npu4,
1782584974.4065146,200,147.95075499932864,qwen7b-npu4,
1782584974.4076362,200,125.55588999748579,qwen7b-npu4,
1782584974.409321,200,97.48996999769588,qwen7b-npu5,
1782584974.4290667,200,122.25912999929278,qwen7b-npu4,
1782584974.4342933,200,82.38027900006273,qwen7b-npu5,
1782584974.4563317,200,178.69173199869692,qwen7b-npu7,
1782584974.4571095,200,179.73925800106372,qwen7b-npu7,
1782584974.4806397,200,96.25508300086949,qwen7b-npu4,
1782584974.5064878,200,100.31251700274879,qwen7b-npu4,
1782584974.5341187,200,128.63510900206165,qwen7b-npu6,
1782584974.5472434,200,178.95614299777662,qwen7b-npu7,
1782584974.5477395,200,181.44943800143665,qwen7b-npu7,
1782584974.560944,200,131.8108179984847,qwen7b-npu6,
1782584974.561338,200,154.70407599786995,qwen7b-npu6,
1782584974.5619686,200,154.22225300062564,qwen7b-npu6,
1782584974.5630379,200,106.60993499914184,qwen7b-npu5,
1782584974.5734174,200,164.02848299912876,qwen7b-npu7,
1782584974.5738416,200,139.44200400146656,qwen7b-npu7,
1782584974.5870578,200,129.87263600007282,qwen7b-npu6,
1782584974.590506,200,109.739413997886,qwen7b-npu5,
1782584974.6273763,200,120.78605100032291,qwen7b-npu4,
1782584974.6482427,200,87.17658699970343,qwen7b-npu7,
1782584974.66212,200,99.92867400069372,qwen7b-npu6,
1782584974.6785605,200,144.31964400137076,qwen7b-npu4,
1782584974.6790185,200,131.6425769982743,qwen7b-npu4,
1782584974.6881433,200,114.18166099974769,qwen7b-npu6,
1782584974.7026143,200,139.50315400143154,qwen7b-npu4,
1782584974.7212877,200,173.4312089974992,qwen7b-npu5,
1782584974.7252767,200,97.79611200065119,qwen7b-npu7,
1782584974.7416756,200,93.33187499942142,qwen7b-npu6,
1782584974.7485387,200,175.00201900111279,qwen7b-npu5,
1782584974.7490928,200,187.6374159983243,qwen7b-npu5,
1782584974.7538748,200,91.65169499829062,qwen7b-npu7,
1782584974.7749734,200,187.79632600126206,qwen7b-npu5,
1782584974.7753937,200,184.78863800191903,qwen7b-npu5,
1782584974.7770133,200,98.32979500060901,qwen7b-npu7,
1782584974.789739,200,101.50270500162151,qwen7b-npu6,
1782584974.7994983,200,120.36308900133008,qwen7b-npu5,
1782584974.8242528,200,98.87864899792476,qwen7b-npu5,
1782584974.8252888,200,122.60914200305706,qwen7b-npu4,
1782584974.8293595,200,107.93647399987094,qwen7b-npu7,
1782584974.8403785,200,91.21596200202475,qwen7b-npu6,
1782584974.8548112,200,106.2034130009124,qwen7b-npu7,
1782584974.8651783,200,90.08728499975405,qwen7b-npu6,
1782584974.8944418,200,117.32791000031284,qwen7b-npu3,
1782584974.9057443,200,106.14817299938295,qwen7b-npu7,
1782584974.9121275,200,136.61399600096047,qwen7b-npu5,
1782584974.913497,200,159.50965600131894,qwen7b-npu4,
1782584974.9139264,200,172.15139200197882,qwen7b-npu4,
1782584974.9388185,200,149.00632199714892,qwen7b-npu4,
1782584974.9549131,200,100.02794500178425,qwen7b-npu7,
1782584974.9647923,200,135.32781899994006,qwen7b-npu4,
1782584974.965119,200,140.7587519970548,qwen7b-npu4,
1782584974.9659057,200,140.5183710012352,qwen7b-npu5,
1782584974.9668753,200,126.4244250014599,qwen7b-npu5,
1782584974.9866133,200,121.33487400205922,qwen7b-npu6,
1782584974.9919393,200,97.42944900062867,qwen7b-npu4,
1782584975.016539,200,102.92225300145219,qwen7b-npu5,
1782584975.0325732,200,93.65471600176534,qwen7b-npu7,
1782584975.037358,200,131.51656599802664,qwen7b-npu6,
1782584975.0377417,200,123.69824900088133,qwen7b-npu6,
1782584975.0416117,200,86.60100400084048,qwen7b-npu5,
1782584975.0534163,200,141.2236350006424,qwen7b-npu4,
1782584975.0578804,200,92.6464610020048,qwen7b-npu7,
1782584975.0619395,200,95.94098100205883,qwen7b-npu6,
1782584975.0841026,200,97.36950899969088,qwen7b-npu7,
1782584975.0921943,200,100.16167600042536,qwen7b-npu5,
1782584975.1168957,200,84.22562999840011,qwen7b-npu5,
1782584975.1358418,200,98.03342300074291,qwen7b-npu6,
1782584975.141984,200,177.10768200049642,qwen7b-npu4,
1782584975.1423018,200,175.32320099780918,qwen7b-npu4,
1782584975.1475363,200,130.8964419986296,qwen7b-npu7,
1782584975.1681466,200,130.68300099985208,qwen7b-npu4,
1782584975.1685376,200,126.83211699913954,qwen7b-npu4,
1782584975.1928244,200,108.61688699878869,qwen7b-npu4,
1782584975.201267,200,147.788924001361,qwen7b-npu7,
1782584975.201686,200,143.74614000189467,qwen7b-npu7,
1782584975.2022214,200,140.17864799825475,qwen7b-npu7,
1782584975.225895,200,83.84110699989833,qwen7b-npu5,
1782584975.2267041,200,134.41986300313147,qwen7b-npu6,
1782584975.2441576,200,101.78078600074514,qwen7b-npu4,
1782584975.2526047,200,135.647251001501,qwen7b-npu6,
1782584975.275213,200,106.9580869989295,qwen7b-npu5,
1782584975.2930732,200,100.15487599957851,qwen7b-npu4,
1782584975.2997084,200,97.90118199816789,qwen7b-npu5,
1782584975.316725,200,180.7807840013993,qwen7b-npu6,
1782584975.3171146,200,148.4716179984389,qwen7b-npu7,
1782584975.3176856,200,170.04855900086113,qwen7b-npu6,
1782584975.344259,200,141.88379899860593,qwen7b-npu7,
1782584975.3447163,200,143.32542700140039,qwen7b-npu7,
1782584975.3679006,200,141.89630900000338,qwen7b-npu6,
1782584975.3691924,200,142.39227200232563,qwen7b-npu6,
1782584975.369433,200,94.15057000296656,qwen7b-npu4,
1782584975.3697777,200,125.52642999798991,qwen7b-npu7,
1782584975.3921525,200,139.43770399782807,qwen7b-npu6,
1782584975.4024746,200,109.30148099942016,qwen7b-npu3,
1782584975.4190352,200,101.23604199907277,qwen7b-npu7,
1782584975.4582436,200,158.46976900138543,qwen7b-npu5,
1782584975.4792993,200,134.47799399727955,qwen7b-npu4,
1782584975.484857,200,168.00952699850313,qwen7b-npu5,
1782584975.485309,200,168.07875700033037,qwen7b-npu5,
1782584975.5070667,200,137.22620000044117,qwen7b-npu6,
1782584975.5074036,200,139.39848400332266,qwen7b-npu6,
1782584975.507761,200,138.50235800055088,qwen7b-npu6,
1782584975.509553,200,165.18528999949922,qwen7b-npu5,
1782584975.5098832,200,140.38133899884997,qwen7b-npu5,
1782584975.5313032,200,128.73391899847775,qwen7b-npu4,
1782584975.532184,200,139.91194699701737,qwen7b-npu4,
1782584975.557431,200,99.09375999995973,qwen7b-npu5,
1782584975.5900111,200,170.88643399983994,qwen7b-npu4,
1782584975.592278,200,85.10933499928797,qwen7b-npu6,
1782584975.6032128,200,123.8494700010051,qwen7b-npu7,
1782584975.6058471,200,98.37451500061434,qwen7b-npu5,
1782584975.6093812,200,99.43543199915439,qwen7b-npu3,
1782584975.6177447,200,85.46128699890687,qwen7b-npu6,
1782584975.6302156,200,144.79305599888903,qwen7b-npu7,
1782584975.6309862,200,145.9903739996662,qwen7b-npu7,
1782584975.642361,200,134.52504399901954,qwen7b-npu4,
1782584975.6426816,200,133.03615500262822,qwen7b-npu4,
1782584975.6435273,200,86.00835099787218,qwen7b-npu6,
1782584975.6557333,200,124.36782299846527,qwen7b-npu7,
1782584975.6864989,200,94.12344000156736,qwen7b-npu5,
1782584975.6984797,200,108.40807700151345,qwen7b-npu4,
1782584975.7110472,200,107.76902300131042,qwen7b-npu5,
1782584975.7237082,200,114.26228100026492,qwen7b-npu4,
1782584975.7433603,200,99.7258530005638,qwen7b-npu5,
1782584975.7437544,200,125.91555299877655,qwen7b-npu3,
1782584975.746612,200,140.70315199933248,qwen7b-npu7,
1782584975.7489574,200,93.12857400072971,qwen7b-npu4,
1782584975.7575085,200,127.22320000102627,qwen7b-npu6,
1782584975.758288,200,127.1941489976598,qwen7b-npu6,
1782584975.7735686,200,130.82675199984806,qwen7b-npu7,
1782584975.7738552,200,131.3918259984348,qwen7b-npu7,
1782584975.7861304,200,99.54752200064831,qwen7b-npu5,
1782584975.7971566,200,98.56002699962119,qwen7b-npu4,
1782584975.8088121,200,97.66755099917646,qwen7b-npu6,
1782584975.8113258,200,87.5543789989024,qwen7b-npu5,
1782584975.8348398,200,88.12665399818798,qwen7b-npu6,
1782584975.8368087,200,92.97704300115583,qwen7b-npu5,
1782584975.8611715,200,117.67448199680075,qwen7b-npu3,
1782584975.8615685,200,103.98576999796205,qwen7b-npu5,
1782584975.8786907,200,104.71352399690659,qwen7b-npu4,
1782584975.8869298,200,100.72778999892762,qwen7b-npu6,
1782584975.8879282,200,138.90770099897054,qwen7b-npu7,
1782584975.8882296,200,129.83262600027956,qwen7b-npu7,
1782584975.897353,200,88.44315500027733,qwen7b-npu4,
1782584975.9131691,200,101.78051600087201,qwen7b-npu6,
1782584975.9175158,200,120.26011799753178,qwen7b-npu3,
1782584975.9187555,200,145.11421900169807,qwen7b-npu7,
1782584975.9379773,200,101.06742199786822,qwen7b-npu6,
1782584975.9775054,200,142.59797300110222,qwen7b-npu7,
1782584976.0110776,200,132.32064999829163,qwen7b-npu5,
1782584976.0127056,200,124.36012200123514,qwen7b-npu4,
1782584976.013102,200,151.41053699699114,qwen7b-npu4,
1782584976.0135922,200,152.3403020000842,qwen7b-npu4,
1782584976.0148976,200,96.08007199858548,qwen7b-npu6,
1782584976.0285552,200,131.10566300019855,qwen7b-npu7,
1782584976.028919,200,141.92237900351756,qwen7b-npu7,
1782584976.0364647,200,123.23209600072005,qwen7b-npu5,
1782584976.0367367,200,148.72645000286866,qwen7b-npu5,
1782584976.0595434,200,121.49862600199413,qwen7b-npu5,
1782584976.0906413,200,173.02788700180827,qwen7b-npu7,
1782584976.1009302,200,87.70969100078219,qwen7b-npu4,
1782584976.1077244,200,130.1059469988104,qwen7b-npu6,
1782584976.1262922,200,97.30010900238995,qwen7b-npu4,
1782584976.139209,200,102.39915000056499,qwen7b-npu5,
1782584976.14271,200,131.55687600010424,qwen7b-npu7,
1782584976.1430416,200,128.0781149980612,qwen7b-npu7,
1782584976.1519787,200,92.33458900052938,qwen7b-npu4,
1782584976.162252,200,149.4328740009223,qwen7b-npu6,
1782584976.1625214,200,148.81352100201184,qwen7b-npu6,
1782584976.1628723,200,134.21838200156344,qwen7b-npu6,
1782584976.178284,200,87.5776600005338,qwen7b-npu4,
1782584976.1870992,200,150.57130199784297,qwen7b-npu6,
1782584976.1887896,200,87.7630009999848,qwen7b-npu5,
1782584976.2129972,200,105.21203600001172,qwen7b-npu5,
1782584976.229583,200,86.42582299944479,qwen7b-npu4,
1782584976.2498941,200,123.53411799995229,qwen7b-npu6,
1782584976.256421,200,93.82864799772506,qwen7b-npu4,
1782584976.2808118,200,91.96354700179654,qwen7b-npu4,
1782584976.2932575,200,80.19695500115631,qwen7b-npu5,
1782584976.2994971,200,160.225489998993,qwen7b-npu7,
1782584976.3023632,200,139.3773029994918,qwen7b-npu6,
1782584976.3027117,200,140.38258900109213,qwen7b-npu6,
1782584976.3260722,200,174.02559299807763,qwen7b-npu7,
1782584976.3267941,200,184.00783399920329,qwen7b-npu7,
1782584976.3353453,200,105.66870999900857,qwen7b-npu4,
1782584976.3418143,200,85.29960599844344,qwen7b-npu5,
1782584976.3512268,200,164.02304300208925,qwen7b-npu7,
1782584976.3516617,200,173.2841789998929,qwen7b-npu7,
1782584976.3617976,200,111.79364700001315,qwen7b-npu4,
1782584976.3753846,200,94.47829200144042,qwen7b-npu7,
1782584976.3991694,200,96.72544499699143,qwen7b-npu7,
1782584976.410505,200,107.65692199856858,qwen7b-npu4,
1782584976.4153876,200,122.04671800282085,qwen7b-npu6,
1782584976.46033,200,108.54911700153025,qwen7b-npu4,
1782584976.465642,200,166.07648500212235,qwen7b-npu5,
1782584976.4685616,200,126.68021699937526,qwen7b-npu6,
1782584976.4689236,200,133.47954799974104,qwen7b-npu6,
1782584976.4853227,200,86.07131100143306,qwen7b-npu4,
1782584976.4909692,200,80.36757700028829,qwen7b-npu7,
1782584976.4920747,200,165.18185899985838,qwen7b-npu5,
1782584976.4924972,200,166.35517699978664,qwen7b-npu5,
1782584976.4936168,200,118.16865500077256,qwen7b-npu6,
1782584976.5166123,200,165.27339000094798,qwen7b-npu5,
1782584976.5168872,200,154.9910079993424,qwen7b-npu5,
1782584976.5404887,200,125.0051560018619,qwen7b-npu5,
1782584976.56416,200,103.73127800266957,qwen7b-npu5,
1782584976.5806704,200,114.92421599905356,qwen7b-npu3,
1782584976.5967796,200,127.78558300124132,qwen7b-npu4,
1782584976.6131253,200,127.7082530032203,qwen7b-npu3,
1782584976.6236942,200,129.9732369989215,qwen7b-npu4,
1782584976.6241736,200,131.99072899806197,qwen7b-npu4,
1782584976.6409535,200,172.28968199924566,qwen7b-npu7,
1782584976.6469371,200,129.97692700082553,qwen7b-npu4,
1782584976.6483529,200,84.09576899794047,qwen7b-npu6,
1782584976.6680574,200,176.99201099821948,qwen7b-npu7,
1782584976.6683872,200,175.77702299968223,qwen7b-npu7,
1782584976.6728745,200,92.10452800107305,qwen7b-npu4,
1782584976.694653,200,177.97760699977516,qwen7b-npu7,
1782584976.6949453,200,154.39395399880596,qwen7b-npu7,
1782584976.69704,200,83.81044700217899,qwen7b-npu4,
1782584976.7000065,200,103.12796400103252,qwen7b-npu6,
1782584976.7197378,200,95.97715100244386,qwen7b-npu7,
1782584976.7240915,200,83.0373030003102,qwen7b-npu5,
1782584976.728987,200,104.75096400114126,qwen7b-npu6,
1782584976.7477596,200,99.30516099848319,qwen7b-npu4,
1782584976.769527,200,101.38706399811781,qwen7b-npu7,
1782584976.7878973,200,140.859212999203,qwen7b-npu5,
1782584976.8119106,200,138.93002099939622,qwen7b-npu5,
1782584976.8189929,200,150.53416100272443,qwen7b-npu6,
1782584976.8265128,200,131.4970950006682,qwen7b-npu3,
1782584976.8376257,200,142.90413499838905,qwen7b-npu5,
1782584976.8379269,200,140.8231630011869,qwen7b-npu5,
1782584976.8566194,200,108.74796799907926,qwen7b-npu3,
1782584976.8605251,200,140.69459100210224,qwen7b-npu5,
1782584976.8829222,200,182.81053700047778,qwen7b-npu6,
1782584976.9013515,200,82.26099700186751,qwen7b-npu7,
1782584976.9102676,200,186.07764599801158,qwen7b-npu6,
1782584976.9106114,200,181.52537799687707,qwen7b-npu6,
1782584976.9261563,200,99.54227299749618,qwen7b-npu7,
1782584976.9283907,200,116.34333400070318,qwen7b-npu4,
1782584976.9382253,200,168.62456099988776,qwen7b-npu6,
1782584976.9384894,200,150.47719100039103,qwen7b-npu6,
1782584976.9498756,200,89.25389000069117,qwen7b-npu7,
1782584976.9624202,200,105.7015299993509,qwen7b-npu6,
1782584976.9799838,200,141.98731899887207,qwen7b-npu4,
1782584976.9808786,200,143.1794269992679,qwen7b-npu4,
1782584977.005138,200,94.41265200075577,qwen7b-npu4,
1782584977.005491,200,122.46648199652554,qwen7b-npu5,
1782584977.0228455,200,84.28713000103016,qwen7b-npu7,
1782584977.0298948,200,128.47943700035103,qwen7b-npu5,
1782584977.0307822,200,92.47564999895985,qwen7b-npu4,
1782584977.055923,200,93.4256960026687,qwen7b-npu4,
1782584977.0587907,200,148.4445579990279,qwen7b-npu5,
1782584977.0591395,200,132.85743400047068,qwen7b-npu5,
1782584977.0723705,200,91.41717300008168,qwen7b-npu7,
1782584977.0777166,200,127.72891300119227,qwen7b-npu6,
1782584977.0785627,200,150.07565799896838,qwen7b-npu6,
1782584977.080394,200,100.31664699999965,qwen7b-npu5,
1782584977.103335,200,97.72481199979666,qwen7b-npu6,
1782584977.1085587,200,103.3379349973984,qwen7b-npu4,
1782584977.1216614,200,91.69838500019978,qwen7b-npu7,
1782584977.1352494,200,104.3319709970092,qwen7b-npu4,
1782584977.1463127,200,87.08546699926956,qwen7b-npu7,
1782584977.1590192,200,100.14995600067778,qwen7b-npu4,
1782584977.1622305,200,81.73706399975345,qwen7b-npu5,
1782584977.167097,200,144.1833629978646,qwen7b-npu6,
1782584977.1867154,200,83.30528400256298,qwen7b-npu5,
1782584977.1936579,200,137.64045300194994,qwen7b-npu6,
1782584977.2108874,200,89.126650000253,qwen7b-npu5,
1782584977.2202678,200,141.60779799931333,qwen7b-npu6,
1782584977.2213275,200,148.8552510018053,qwen7b-npu6,
1782584977.2217138,200,143.87958099905518,qwen7b-npu6,
1782584977.2330346,200,124.38168299922836,qwen7b-npu7,
1782584977.2441387,200,108.76061800081516,qwen7b-npu6,
1782584977.2983623,200,136.06357300159289,qwen7b-npu5,
1782584977.3061535,200,85.8211590020801,qwen7b-npu4,
1782584977.3222814,200,163.19862800082774,qwen7b-npu7,
1782584977.3229315,200,176.51938799826894,qwen7b-npu7,
1782584977.3238823,200,137.10211000216077,qwen7b-npu5,
1782584977.3241854,200,130.4621590024908,qwen7b-npu5,
1782584977.331703,200,109.878765000758,qwen7b-npu4,
1782584977.3477917,200,126.34752399753779,qwen7b-npu5,
1782584977.3481889,200,181.02586600070936,qwen7b-npu7,
1782584977.348743,200,137.7915140001278,qwen7b-npu7,
1782584977.3614824,200,117.25312899943674,qwen7b-npu3,
1782584977.3716047,200,138.47493799767108,qwen7b-npu7,
1782584977.4193132,200,120.84887099990738,qwen7b-npu6,
1782584977.4288924,200,80.5927880028321,qwen7b-npu5,
1782584977.4436316,200,137.4137509992579,qwen7b-npu4,
1782584977.4441934,200,121.84652799987816,qwen7b-npu4,
1782584977.459688,200,136.68623700141325,qwen7b-npu7,
1782584977.4689062,200,137.11261999924318,qwen7b-npu4,
1782584977.4714773,200,147.22334099860745,qwen7b-npu6,
1782584977.4722867,200,148.3340179984225,qwen7b-npu6,
1782584977.481176,200,109.47092300193617,qwen7b-npu3,
1782584977.4854221,200,136.61168700127746,qwen7b-npu7,
1782584977.4862134,200,138.30450699970243,qwen7b-npu7,
1782584977.4972222,200,135.6499409994285,qwen7b-npu6,
1782584977.508581,200,89.16748900082894,qwen7b-npu7,
1782584977.519629,200,90.67251799933729,qwen7b-npu4,
1782584977.5455527,200,85.73032899948885,qwen7b-npu4,
1782584977.5640595,200,120.35926799944718,qwen7b-npu5,
1782584977.5709152,200,98.52638699885574,qwen7b-npu4,
1782584977.582117,200,100.8273499974166,qwen7b-npu7,
1782584977.5894015,200,120.42024900074466,qwen7b-npu5,
1782584977.5901775,200,145.9193629998481,qwen7b-npu5,
1782584977.597339,200,100.02723599973251,qwen7b-npu4,
1782584977.6122036,200,125.89105199731421,qwen7b-npu6,
1782584977.612628,200,141.08219399713562,qwen7b-npu6,
1782584977.6144006,200,128.88304000080097,qwen7b-npu5,
1782584977.6219544,200,102.26347899879329,qwen7b-npu4,
1782584977.6372836,200,128.60627800182556,qwen7b-npu6,
1782584977.6759908,200,130.3369589986687,qwen7b-npu5,
1782584977.696892,200,84.58091200009221,qwen7b-npu4,
1782584977.7223456,200,84.99375399696874,qwen7b-npu4,
1782584977.7266798,200,144.46607399804634,qwen7b-npu6,
1782584977.727073,200,137.57163300033426,qwen7b-npu5,
1782584977.7275364,200,130.10464800026966,qwen7b-npu5,
1782584977.753449,200,138.94136100134347,qwen7b-npu6,
1782584977.7538838,200,141.1392939990037,qwen7b-npu6,
1782584977.7703438,200,199.35751700177207,qwen7b-npu7,
1782584977.7711535,200,206.9708820017695,qwen7b-npu7,
1782584977.7976422,200,175.6153530004667,qwen7b-npu7,
1782584977.798028,200,207.75518699883833,qwen7b-npu7,
1782584977.8166094,200,89.80982400316861,qwen7b-npu5,
1782584977.819004,200,91.34800300307688,qwen7b-npu4,
1782584977.8590314,200,162.06716999658966,qwen7b-npu7,
1782584977.8593483,200,183.2801290001953,qwen7b-npu7,
1782584977.8982933,200,81.58298399939667,qwen7b-npu5,
1782584977.9073033,200,180.10347000017646,qwen7b-npu6,
1782584977.9077244,200,185.30793099853327,qwen7b-npu6,
1782584977.908943,200,137.6687830015726,qwen7b-npu7,
1782584977.9096425,200,139.23402300133603,qwen7b-npu7,
1782584977.923225,200,104.15137999734725,qwen7b-npu5,
1782584977.931723,200,133.6211279995041,qwen7b-npu4,
1782584977.9328287,200,135.06799699825933,qwen7b-npu4,
1782584977.9332247,200,179.20679399685469,qwen7b-npu6,
1782584977.9341006,200,180.51634299990837,qwen7b-npu6,
1782584977.94779,200,88.32748499844456,qwen7b-npu5,
1782584977.9845493,200,86.15957100118976,qwen7b-npu6,
1782584978.0009363,200,141.82274799895822,qwen7b-npu4,
1782584978.0044637,200,94.72326400282327,qwen7b-npu5,
1782584978.0125432,200,105.12836599809816,qwen7b-npu6,
1782584978.0307586,200,97.42557999925339,qwen7b-npu5,
1782584978.043512,200,109.31239199999254,qwen7b-npu6,
1782584978.0549357,200,131.6176269974676,qwen7b-npu4,
1782584978.0552397,200,146.23221500005457,qwen7b-npu4,
1782584978.0560527,200,148.2160269988526,qwen7b-npu4,
1782584978.0926695,200,91.65961399776279,qwen7b-npu6,
1782584978.093691,200,161.86471000037272,qwen7b-npu7,
1782584978.103977,200,91.31297299973085,qwen7b-npu4,
1782584978.120445,200,187.53360499977134,qwen7b-npu7,
1782584978.1208096,200,172.9251770011615,qwen7b-npu7,
1782584978.1262197,200,82.64184000290697,qwen7b-npu5,
1782584978.1298213,200,98.98610900199856,qwen7b-npu4,
1782584978.143962,200,159.30833399761468,qwen7b-npu7,
1782584978.1442933,200,139.76104600078543,qwen7b-npu7,
1782584978.1484158,200,93.05472300184192,qwen7b-npu6,
1782584978.150244,200,95.23533700121334,qwen7b-npu5,
1782584978.1556916,200,99.56954299923382,qwen7b-npu4,
1782584978.216839,200,123.00877499728813,qwen7b-npu4,
1782584978.2310438,200,82.53426000010222,qwen7b-npu7,
1782584978.24246,200,138.3884479982953,qwen7b-npu4,
1782584978.2434132,200,150.67906200056314,qwen7b-npu6,
1782584978.2612906,200,140.75008199870354,qwen7b-npu5,
1782584978.2692745,200,139.3885230027081,qwen7b-npu4,
1782584978.2696576,200,125.61519999871962,qwen7b-npu4,
1782584978.2736404,200,147.3210719996132,qwen7b-npu6,
1782584978.273988,200,153.105676999985,qwen7b-npu6,
1782584978.2887418,200,144.33666399781941,qwen7b-npu5,
1782584978.289133,200,138.82140999703552,qwen7b-npu5,
1782584978.3003137,200,144.5584949979093,qwen7b-npu6,
1782584978.3118215,200,80.7186889978766,qwen7b-npu7,
1782584978.3434823,200,100.96101100134547,qwen7b-npu4,
1782584978.3622665,200,88.53301599810948,qwen7b-npu7,
1782584978.3673186,200,150.3889010018611,qwen7b-npu6,
1782584978.3888304,200,88.45425600156887,qwen7b-npu7,
1782584978.3923697,200,103.12621400225908,qwen7b-npu4,
1782584978.4109895,200,167.51624400058063,qwen7b-npu5,
1782584978.4216654,200,151.8998389983608,qwen7b-npu6,
1782584978.4220626,200,147.96941600070568,qwen7b-npu6,
1782584978.4400897,200,96.50463400248555,qwen7b-npu7,
1782584978.4686875,200,106.35013400315074,qwen7b-npu4,
1782584978.4739075,200,212.5111060013296,qwen7b-npu5,
1782584978.4742076,200,204.82364899726235,qwen7b-npu5,
1782584978.494526,200,105.6312489999982,qwen7b-npu4,
1782584978.4992003,200,187.32197400095174,qwen7b-npu5,
1782584978.4997902,200,210.9408659998735,qwen7b-npu5,
1782584978.5014238,200,90.37135700054932,qwen7b-npu6,
1782584978.5203633,200,98.5812269973394,qwen7b-npu4,
1782584978.524196,200,156.81105899784598,qwen7b-npu5,
1782584978.5249062,200,132.47375100036152,qwen7b-npu5,
1782584978.5279582,200,105.78181999881053,qwen7b-npu6,
1782584978.5780506,200,109.30180200011819,qwen7b-npu5,
1782584978.590838,200,150.65334099926986,qwen7b-npu4,
1782584978.615835,200,141.85089899910963,qwen7b-npu4,
1782584978.6292706,200,108.83967900008429,qwen7b-npu3,
1782584978.6426282,200,142.76872399932472,qwen7b-npu4,
1782584978.6428788,200,141.39295499990112,qwen7b-npu4,
1782584978.6470168,200,172.74221499974374,qwen7b-npu7,
1782584978.659668,200,81.50594299877412,qwen7b-npu5,
1782584978.6665585,200,138.46269799978472,qwen7b-npu4,
1782584978.6749268,200,175.65806299899123,qwen7b-npu7,
1782584978.676062,200,181.43853800211218,qwen7b-npu7,
1782584978.7024925,200,178.2300889972248,qwen7b-npu7,
1782584978.7028022,200,177.8276859986363,qwen7b-npu7,
1782584978.706468,200,90.5570879986044,qwen7b-npu6,
1782584978.7322347,200,141.30877500065253,qwen7b-npu7,
1782584978.7435691,200,100.85747099947184,qwen7b-npu6,
1782584978.7460253,200,86.28473299904726,qwen7b-npu4,
1782584978.7611482,200,114.06073000034667,qwen7b-npu6,
1782584978.7702696,200,103.64458700132673,qwen7b-npu4,
1782584978.792002,200,117.00150799879339,qwen7b-npu3,
1782584978.8112042,200,168.26679799851263,qwen7b-npu5,
1782584978.8118656,200,182.51953499930096,qwen7b-npu5,
1782584978.8279479,200,151.75883800111478,qwen7b-npu6,
1782584978.8373842,200,134.7842950017366,qwen7b-npu5,
1782584978.8377182,200,134.84896599766216,qwen7b-npu5,
1782584978.838521,200,131.99135899776593,qwen7b-npu5,
1782584978.8815773,200,135.48477999938768,qwen7b-npu6,
1782584978.8821547,200,149.81570600139094,qwen7b-npu6,
1782584978.9086156,200,80.5729479980073,qwen7b-npu5,
1782584978.9116938,200,119.61943400092423,qwen7b-npu4,
1782584978.918067,200,174.37709599835216,qwen7b-npu7,
1782584978.938429,200,126.49380599759752,qwen7b-npu4,
1782584978.9387488,200,127.4761220010987,qwen7b-npu4,
1782584978.9459949,200,175.61046300033922,qwen7b-npu7,
1782584978.946369,200,185.1502610006719,qwen7b-npu7,
1782584978.95486,200,117.37048999930266,qwen7b-npu3,
1782584978.966835,200,85.18995600024937,qwen7b-npu6,
1782584978.9727848,200,134.20104200122296,qwen7b-npu7,
1782584978.9730673,200,135.27349900323316,qwen7b-npu7,
1782584979.021601,200,139.3784530009725,qwen7b-npu4,
1782584979.0318213,200,120.05956600114587,qwen7b-npu5,
1782584979.0367975,200,90.29777599789668,qwen7b-npu3,
1782584979.0489419,200,140.2559990019654,qwen7b-npu4,
1782584979.0493708,200,131.17723400137038,qwen7b-npu4,
1782584979.0600958,200,87.24742800040985,qwen7b-npu7,
1782584979.0825317,200,143.71835000201827,qwen7b-npu5,
1782584979.0827968,200,136.71017800152185,qwen7b-npu5,
1782584979.087969,200,149.43892399969627,qwen7b-npu6,
1782584979.0884452,200,133.48992800092674,qwen7b-npu6,
1782584979.1073408,200,85.67256800233736,qwen7b-npu5,
1782584979.1157465,200,148.85022100133938,qwen7b-npu6,
1782584979.1281567,200,155.02523800023482,qwen7b-npu7,
1782584979.1326876,200,95.76813999956357,qwen7b-npu5,
1782584979.1422706,200,110.374187999696,qwen7b-npu6,
1782584979.1572876,200,97.09576800014474,qwen7b-npu5,
1782584979.163811,200,81.20800100004999,qwen7b-npu4,
1782584979.1826124,200,94.58079300020472,qwen7b-npu5,
1782584979.1984627,200,109.95760600053472,qwen7b-npu3,
1782584979.2143526,200,164.85804799958714,qwen7b-npu7,
1782584979.2148101,200,165.74332299933303,qwen7b-npu7,
1782584979.2307515,200,147.88497500194353,qwen7b-npu6,
1782584979.236747,200,94.37833100309945,qwen7b-npu4,
1782584979.2570353,200,99.68020299857017,qwen7b-npu5,
1782584979.2581875,200,142.3791320012242,qwen7b-npu6,
1782584979.2588048,200,151.3999460003106,qwen7b-npu6,
1782584979.2656195,200,137.40124100149842,qwen7b-npu7,
1782584979.265903,200,133.11666600202443,qwen7b-npu7,
1782584979.2814758,200,117.60415200114949,qwen7b-npu6,
1782584979.2908773,200,108.20344500098145,qwen7b-npu7,
1782584979.3242846,200,125.7593310001539,qwen7b-npu4,
1782584979.3422654,200,127.78625300052227,qwen7b-npu5,
1782584979.3558521,200,140.92871300090337,qwen7b-npu7,
1782584979.3566995,200,90.6722580002679,qwen7b-npu6,
1782584979.3750997,200,138.28725699931965,qwen7b-npu4,
1782584979.375796,200,144.9823680013651,qwen7b-npu4,
1782584979.3990583,200,108.12071499822196,qwen7b-npu4,
1782584979.409029,200,150.75315200010664,qwen7b-npu7,
1782584979.409268,200,127.7010430021619,qwen7b-npu7,
1782584979.4095466,200,143.850910000765,qwen7b-npu7,
1782584979.4312408,200,172.37127299813437,qwen7b-npu5,
1782584979.431587,200,174.41837599835708,qwen7b-npu5,
1782584979.432983,200,108.63658699963707,qwen7b-npu7,
1782584979.4477272,200,90.93200999996043,qwen7b-npu4,
1782584979.481173,200,138.80644000164466,qwen7b-npu5,
1782584979.4818816,200,125.9353919995192,qwen7b-npu5,
1782584979.4966645,200,121.45722500281408,qwen7b-npu6,
1782584979.4994283,200,90.3304269995715,qwen7b-npu4,
1782584979.5057826,200,96.17454199906206,qwen7b-npu5,
1782584979.5102541,200,100.92753099888796,qwen7b-npu7,
1782584979.5229173,200,147.05872999911662,qwen7b-npu6,
1782584979.5233753,200,124.25663199974224,qwen7b-npu6,
1782584979.5242543,200,92.94796199901612,qwen7b-npu4,
1782584979.5363202,200,103.27873500136775,qwen7b-npu7,
1782584979.5474932,200,115.83086099926732,qwen7b-npu6,
1782584979.5510714,200,103.25123499933397,qwen7b-npu4,
1782584979.572881,200,90.9050100017339,qwen7b-npu6,
1782584979.5739594,200,92.71533100036322,qwen7b-npu4,
1782584979.597935,200,87.62143000058131,qwen7b-npu6,
1782584979.627544,200,128.05416499759303,qwen7b-npu7,
1782584979.6460915,200,98.53505700084497,qwen7b-npu4,
1782584979.6475565,200,96.37980399929802,qwen7b-npu6,
1782584979.6540132,200,157.28491200206918,qwen7b-npu5,
1782584979.654851,200,130.5328800008283,qwen7b-npu7,
1782584979.6555057,200,132.07050999699277,qwen7b-npu7,
1782584979.6793427,200,156.36689600069076,qwen7b-npu5,
1782584979.680085,200,174.2433150029683,qwen7b-npu5,
1782584979.684867,200,110.8109400011017,qwen7b-npu3,
1782584979.7050967,200,132.12421999924118,qwen7b-npu5,
1782584979.7054222,200,169.04190300192568,qwen7b-npu5,
1782584979.7280595,200,130.0318569992669,qwen7b-npu5,
1782584979.7416093,200,93.9502290020755,qwen7b-npu7,
1782584979.7579353,200,130.32799899883685,qwen7b-npu4,
1782584979.7589934,200,103.4232960009831,qwen7b-npu7,
1782584979.773918,200,119.0075300000899,qwen7b-npu6,
1782584979.7833617,200,137.20829099838738,qwen7b-npu4,
1782584979.7840981,200,129.9924769991776,qwen7b-npu4,
1782584979.795081,200,110.10743600127171,qwen7b-npu3,
1782584979.8072455,200,102.04376699766726,qwen7b-npu4,
1782584979.818455,200,90.33308699872578,qwen7b-npu5,
1782584979.8250973,200,144.94378699964727,qwen7b-npu6,
1782584979.825325,200,145.91984399885405,qwen7b-npu6,
1782584979.8381214,200,96.39090300333919,qwen7b-npu7,
1782584979.8432353,200,85.1815460009675,qwen7b-npu5,
1782584979.849534,200,144.0504919992236,qwen7b-npu6,
1782584979.8746355,200,91.2103520022356,qwen7b-npu6,
1782584979.8754432,200,101.45552399990265,qwen7b-npu3,
1782584979.8805234,200,96.32140300163883,qwen7b-npu4,
1782584979.896796,200,89.45317100005923,qwen7b-npu5,
1782584979.900594,200,105.38838800130179,qwen7b-npu6,
1782584979.9039097,200,144.8538170006941,qwen7b-npu7,
1782584979.9253879,200,87.15483700143523,qwen7b-npu6,
1782584979.9571884,200,138.6693100030243,qwen7b-npu7,
1782584979.957552,200,132.3919409987866,qwen7b-npu7,
1782584979.9579573,200,132.57103199794074,qwen7b-npu7,
1782584979.9654777,200,84.86404400173342,qwen7b-npu4,
1782584979.9808357,200,137.51778299774742,qwen7b-npu7,
1782584979.9821174,200,132.5238419995003,qwen7b-npu5,
1782584979.9904017,200,86.40053300041473,qwen7b-npu4,
1782584979.9980257,200,97.31775899854256,qwen7b-npu6,
1782584980.0078757,200,132.33640100224875,qwen7b-npu5,
1782584980.0082216,200,133.4885470023437,qwen7b-npu5,
1782584980.0315192,200,134.65004399768077,qwen7b-npu5,
1782584980.0496771,200,124.1820210016158,qwen7b-npu4,
1782584980.055559,200,97.53481000007014,qwen7b-npu5,
1782584980.0648632,200,99.31624100136105,qwen7b-npu3,
1782584980.0717213,200,90.8159999999043,qwen7b-npu6,
1782584980.104796,200,122.61695199777023,qwen7b-npu7,
1782584980.131483,200,123.14039500051877,qwen7b-npu7,
1782584980.1319144,200,141.37330599987763,qwen7b-npu7,
1782584980.1356084,200,137.47433200114756,qwen7b-npu6,
1782584980.136706,200,179.40596600237768,qwen7b-npu4,
1782584980.1371212,200,179.4977370009292,qwen7b-npu4,
1782584980.1441326,200,79.2028690011648,qwen7b-npu5,
1782584980.1550996,200,83.31283400184475,qwen7b-npu7,
1782584980.1637976,200,132.18112000322435,qwen7b-npu4,
1782584980.1642082,200,156.23357499862323,qwen7b-npu4,
1782584980.2152457,200,83.64513600099599,qwen7b-npu5,
1782584980.2240589,200,168.40592000153265,qwen7b-npu6,
1782584980.2244325,200,174.68527699747938,qwen7b-npu6,
1782584980.246126,200,141.26652499908232,qwen7b-npu4,
1782584980.2700493,200,133.23793599920464,qwen7b-npu7,
1782584980.275065,200,139.35625299927779,qwen7b-npu4,
1782584980.2755017,200,138.26896700265934,qwen7b-npu4,
1782584980.2955406,200,80.19405499726417,qwen7b-npu5,
1782584980.2988002,200,143.633678999322,qwen7b-npu7,
1782584980.2991786,200,135.2637380005035,qwen7b-npu7,
1782584980.299671,200,135.3532390021428,qwen7b-npu7,
1782584980.3123887,200,168.1872779990954,qwen7b-npu6,
1782584980.3127427,200,180.67267300284584,qwen7b-npu6,
1782584980.345195,200,98.97210900089704,qwen7b-npu7,
1782584980.3925645,200,122.41889100187109,qwen7b-npu4,
1782584980.3997223,200,175.1789700028894,qwen7b-npu6,
1782584980.4005525,200,176.38626800180646,qwen7b-npu6,
1782584980.4257245,200,126.8095870000252,qwen7b-npu6,
1782584980.4260302,200,130.39181899875985,qwen7b-npu6,
1782584980.443308,200,130.4540499986615,qwen7b-npu4,
1782584980.4444516,200,145.14493900060188,qwen7b-npu4,
1782584980.4447577,200,169.58403600074234,qwen7b-npu5,
1782584980.4453404,200,169.72620700107655,qwen7b-npu5,
1782584980.4668355,200,121.5456659992924,qwen7b-npu4,
1782584980.4682038,200,168.4160390032048,qwen7b-npu5,
1782584980.4687552,200,156.28255600313423,qwen7b-npu5,
1782584980.516225,200,90.41450700169662,qwen7b-npu5,
1782584980.5235214,200,123.72985899855848,qwen7b-npu7,
1782584980.5371542,200,136.4862059999723,qwen7b-npu6,
1782584980.5380888,200,145.43143999981112,qwen7b-npu6,
1782584980.5519116,200,107.37928999878932,qwen7b-npu3,
1782584980.565496,200,96.67491499931202,qwen7b-npu5,
1782584980.5741317,200,129.2554920000839,qwen7b-npu7,
1782584980.574822,200,148.68099999875994,qwen7b-npu7,
1782584980.5789754,200,133.56007899710676,qwen7b-npu4,
1782584980.5794337,200,136.05638299850398,qwen7b-npu4,
1782584980.5803318,200,113.42629700084217,qwen7b-npu3,
1782584980.5989475,200,130.67746099841315,qwen7b-npu7,
1782584980.61553,200,99.23764100312837,qwen7b-npu5,
1782584980.6232812,200,99.66057299970998,qwen7b-npu7,
1782584980.6272998,200,90.04881500004558,qwen7b-npu4,
1782584980.6403723,200,102.17756800193456,qwen7b-npu5,
1782584980.661621,200,96.02739099864266,qwen7b-npu3,
1782584980.6655695,200,85.14016600020113,qwen7b-npu5,
1782584980.6690004,200,117.0234490018629,qwen7b-npu6,
1782584980.671147,200,92.05864800242125,qwen7b-npu7,
1782584980.6796346,200,105.43668799800798,qwen7b-npu4,
1782584980.6962445,200,121.32775399732054,qwen7b-npu3,
1782584980.7149327,200,91.5516850000131,qwen7b-npu5,
1782584980.7200763,200,121.0634029994253,qwen7b-npu6,
1782584980.7210288,200,141.4794760021323,qwen7b-npu6,
1782584980.745209,200,129.60786500116228,qwen7b-npu6,
1782584980.7466304,200,106.16056200160529,qwen7b-npu7,
1782584980.7639873,200,102.26412900010473,qwen7b-npu5,
1782584980.7669537,200,139.55826399978832,qwen7b-npu4,
1782584980.7715855,200,91.88400600032764,qwen7b-npu7,
1782584980.7779317,200,112.284009999712,qwen7b-npu3,
1782584980.7925732,200,123.46687700119219,qwen7b-npu4,
1782584980.8192606,200,122.91815400021733,qwen7b-npu4,
1782584980.8196003,200,148.34022799914237,qwen7b-npu4,
1782584980.8441372,200,123.96609000279568,qwen7b-npu4,
1782584980.845577,200,81.4788329989824,qwen7b-npu5,
1782584980.8689733,200,97.31866899892339,qwen7b-npu4,
1782584980.884432,200,139.10598199800006,qwen7b-npu7,
1782584980.884803,200,138.06158599982155,qwen7b-npu7,
1782584980.897777,200,176.67056899881572,qwen7b-npu6,
1782584980.8981476,200,183.1472979974933,qwen7b-npu6,
1782584980.9078684,200,140.84362200082978,qwen7b-npu7,
1782584980.9129086,200,93.19117400082177,qwen7b-npu3,
1782584980.9201083,200,100.77993999948376,qwen7b-npu5,
1782584980.9603567,200,182.35446400285582,qwen7b-npu6,
1782584980.9607291,200,168.0518969988043,qwen7b-npu6,
1782584980.9666378,200,82.11744700020063,qwen7b-npu4,
1782584980.9814353,200,83.52807499977644,qwen7b-npu7,
1782584980.9823654,200,136.72147699980997,qwen7b-npu5,
1782584980.9867737,200,142.56979300262174,qwen7b-npu6,
1782584981.0120034,200,127.08513899997342,qwen7b-npu6,
1782584981.0123892,200,143.35087799918256,qwen7b-npu6,
1782584981.0478323,200,87.36320800016983,qwen7b-npu4,
1782584981.0534067,200,86.59441399868228,qwen7b-npu7,
1782584981.0703008,200,172.09132100106217,qwen7b-npu5,
1782584981.0707417,200,162.81077500025276,qwen7b-npu5,
1782584981.074127,200,87.28623800197965,qwen7b-npu4,
1782584981.0949707,200,182.00295200222172,qwen7b-npu5,
1782584981.0954742,200,175.27088100177934,qwen7b-npu5,
1782584981.0995145,200,138.67993899839348,qwen7b-npu6,
1782584981.1002932,200,87.82354200229747,qwen7b-npu4,
1782584981.1195917,200,107.4887110007694,qwen7b-npu5,
1782584981.125648,200,144.11649199973908,qwen7b-npu6,
1782584981.126023,200,143.55404800153337,qwen7b-npu6,
1782584981.169403,200,98.54102600002079,qwen7b-npu5,
1782584981.1754248,200,101.23336200194899,qwen7b-npu4,
1782584981.1944468,200,94.05560999948648,qwen7b-npu5,
1782584981.1996977,200,100.08373500022572,qwen7b-npu6,
1782584981.2014196,200,105.87169099744642,qwen7b-npu4,
1782584981.2045977,200,156.66641800271464,qwen7b-npu7,
1782584981.2275276,200,107.8695530013647,qwen7b-npu4,
1782584981.230967,200,160.5477119992429,qwen7b-npu7,
1782584981.2318907,200,178.41735999900266,qwen7b-npu7,
1782584981.25566,200,129.57234399800655,qwen7b-npu5,
1782584981.2779377,200,83.39451500069117,qwen7b-npu6,
1782584981.2963285,200,201.25480799833895,qwen7b-npu7,
1782584981.2973697,200,171.61740799929248,qwen7b-npu7,
1782584981.312819,200,85.19767599864281,qwen7b-npu4,
1782584981.3385308,200,107.49716099962825,qwen7b-npu4,
1782584981.3433607,200,167.8712960019766,qwen7b-npu5,
1782584981.3437726,200,174.30190500090248,qwen7b-npu5,
1782584981.3477287,200,143.03556499726255,qwen7b-npu7,
1782584981.3483222,200,148.52617900032783,qwen7b-npu7,
1782584981.3652954,200,87.259919000644,qwen7b-npu4,
1782584981.3690007,200,137.00499900005525,qwen7b-npu5,
1782584981.3693707,200,167.84672599897021,qwen7b-npu5,
1782584981.370567,200,114.83629500071402,qwen7b-npu7,
1782584981.3853004,200,88.90410800086102,qwen7b-npu6,
1782584981.4105034,200,113.01060400001006,qwen7b-npu6,
1782584981.4174745,200,104.55955200086464,qwen7b-npu4,
1782584981.4350286,200,96.43133400095394,qwen7b-npu6,
1782584981.442798,200,99.32558199943742,qwen7b-npu4,
1782584981.4672825,200,98.17231400302262,qwen7b-npu4,
1782584981.47771,200,129.32231300146668,qwen7b-npu5,
1782584981.4833863,200,139.5430539996596,qwen7b-npu7,
1782584981.483974,200,136.18118399972445,qwen7b-npu7,
1782584981.5041668,200,138.77026999762165,qwen7b-npu5,
1782584981.5046217,200,133.95267099986086,qwen7b-npu5,
1782584981.508954,200,139.47096400079317,qwen7b-npu7,
1782584981.5559108,200,88.5597759988741,qwen7b-npu7,
1782584981.5591824,200,173.7761619988305,qwen7b-npu6,
1782584981.5621538,200,84.37961100207758,qwen7b-npu4,
1782584981.5743804,200,90.33915699910722,qwen7b-npu5,
1782584981.5862505,200,175.62042300050962,qwen7b-npu6,
1782584981.5866272,200,169.0534529989236,qwen7b-npu6,
1782584981.587507,200,104.05505900052958,qwen7b-npu4,
1782584981.6070771,200,102.78333200039924,qwen7b-npu7,
1782584981.6115346,200,176.43903799762484,qwen7b-npu6,
1782584981.6118987,200,168.99684300005902,qwen7b-npu6,
1782584981.6127915,200,108.05671399793937,qwen7b-npu4,
1782584981.6361377,200,127.08416900204611,qwen7b-npu6,
1782584981.661136,200,98.88793800200801,qwen7b-npu6,
1782584981.6626856,200,106.67900499902316,qwen7b-npu4,
1782584981.6869924,200,99.38923200024874,qwen7b-npu6,
1782584981.6880019,200,101.25250299824984,qwen7b-npu4,
1782584981.6920757,200,80.06173400281114,qwen7b-npu5,
1782584981.695542,200,136.2477040020167,qwen7b-npu7,
1782584981.7127001,200,101.0807519996888,qwen7b-npu6,
1782584981.7223215,200,147.8771649999544,qwen7b-npu7,
1782584981.722742,200,136.38122599877534,qwen7b-npu7,
1782584981.7424748,200,106.23996299909777,qwen7b-npu6,
1782584981.7596052,200,146.73276799658197,qwen7b-npu3,
1782584981.7606664,200,153.48958899994614,qwen7b-npu3,
1782584981.7673151,200,104.5661129974178,qwen7b-npu4,
1782584981.7814481,200,85.80703900224762,qwen7b-npu5,
1782584981.792519,200,100.34634700059542,qwen7b-npu4,
1782584981.8516977,200,138.9303399992059,qwen7b-npu6,
1782584981.8527083,200,129.84421500004828,qwen7b-npu6,
1782584981.8537219,200,192.48794500163058,qwen7b-npu7,
1782584981.8632991,200,81.74961500117206,qwen7b-npu5,
1782584981.8716378,200,104.21672100346768,qwen7b-npu3,
1782584981.8796566,200,191.5328099967155,qwen7b-npu7,
1782584981.8804524,200,193.39831999968737,qwen7b-npu7,
1782584981.9053922,200,162.81225499915308,qwen7b-npu7,
1782584981.9058094,200,183.37242999768932,qwen7b-npu7,
1782584981.9289472,200,136.32422499722452,qwen7b-npu7,
1782584981.936405,200,82.57625999976881,qwen7b-npu6,
1782584981.9373372,200,84.49900199775584,qwen7b-npu5,
1782584981.943521,200,183.7583820015425,qwen7b-npu4,
1782584981.943952,200,183.1744989976869,qwen7b-npu4,
1782584981.9619448,200,90.20904600038193,qwen7b-npu6,
1782584981.9779541,200,98.1982240009529,qwen7b-npu7,
1782584981.9798865,200,99.33540100246319,qwen7b-npu3,
1782584981.9943304,200,130.93088300229283,qwen7b-npu4,
1782584981.9947295,200,142.92681499864557,qwen7b-npu4,
1782584982.008023,200,102.51639999842155,qwen7b-npu3,
1782584982.0186403,200,89.62867299851496,qwen7b-npu4,
1782584982.0253549,200,81.28623199809226,qwen7b-npu5,
1782584982.0312953,200,94.82331400067778,qwen7b-npu7,
1782584982.076108,200,96.12901100263116,qwen7b-npu5,
1782584982.0794656,200,85.03524499974446,qwen7b-npu7,
1782584982.0889964,200,183.07373800053028,qwen7b-npu6,
1782584982.0897768,200,94.97054500025115,qwen7b-npu3,
1782584982.1016796,200,93.58757600057288,qwen7b-npu5,
1782584982.1023757,200,83.63808599824551,qwen7b-npu4,
1782584982.152129,200,208.48886200110428,qwen7b-npu6,
1782584982.1524463,200,215.01715100021102,qwen7b-npu6,
1782584982.1707726,200,91.21023199986666,qwen7b-npu3,
1782584982.17276,200,82.88691100096912,qwen7b-npu7,
1782584982.1769965,200,198.94440400094027,qwen7b-npu6,
1782584982.1778316,200,215.79162600028212,qwen7b-npu6,
1782584982.1844842,200,82.73673000076087,qwen7b-npu4,
1782584982.2025547,200,177.10028199871886,qwen7b-npu6,
1782584982.202883,200,171.48991800058866,qwen7b-npu6,
1782584982.2584891,200,80.55504699950689,qwen7b-npu7,
1782584982.2750673,200,98.00257399911061,qwen7b-npu6,
1782584982.288904,200,212.73078699960024,qwen7b-npu5,
1782584982.289264,200,200.17240200104425,qwen7b-npu5,
1782584982.2991953,200,126.36414500229876,qwen7b-npu4,
1782584982.299577,200,147.3773819998314,qwen7b-npu4,
1782584982.3156013,200,163.0470370000694,qwen7b-npu5,
1782584982.3160083,200,213.53354199891328,qwen7b-npu5,
1782584982.3250546,200,122.05811899912078,qwen7b-npu4,
1782584982.3401856,200,169.31624499920872,qwen7b-npu5,
1782584982.3405285,200,137.89348499994958,qwen7b-npu5,
1782584982.3411398,200,156.56016700086184,qwen7b-npu5,
1782584982.3496795,200,91.122630998143,qwen7b-npu4,
1782584982.3638215,200,88.65620699725696,qwen7b-npu5,
1782584982.3890414,200,100.03724499983946,qwen7b-npu5,
1782584982.3894334,200,100.09860600257525,qwen7b-npu3,
1782584982.398978,200,83.26704399951268,qwen7b-npu7,
1782584982.409884,200,93.7633880021167,qwen7b-npu6,
1782584982.41329,200,113.59727699891664,qwen7b-npu5,
1782584982.4354353,200,110.31571700004861,qwen7b-npu6,
1782584982.4363432,200,137.03412999893771,qwen7b-npu4,
1782584982.4390328,200,98.74218800177914,qwen7b-npu5,
1782584982.4596803,200,95.76922999985982,qwen7b-npu6,
1782584982.4628675,200,121.66567600070266,qwen7b-npu7,
1782584982.4870129,200,146.4123660007317,qwen7b-npu4,
1782584982.4883003,200,138.50040800025454,qwen7b-npu4,
1782584982.4887161,200,89.6476130001247,qwen7b-npu5,
1782584982.5132728,200,99.91906399955042,qwen7b-npu5,
1782584982.536762,200,97.66240099997958,qwen7b-npu4,
1782584982.5611818,200,98.2532740017632,qwen7b-npu4,
1782584982.5743027,200,138.8027399989369,qwen7b-npu5,
1782584982.5889454,200,199.7937689993705,qwen7b-npu7,
1782584982.5892537,200,199.70741900033318,qwen7b-npu7,
1782584982.6153502,200,178.90174299827777,qwen7b-npu7,
1782584982.6163442,200,206.36475900028017,qwen7b-npu7,
1782584982.6260397,200,137.20961099897977,qwen7b-npu5,
1782584982.6264389,200,139.35781300097005,qwen7b-npu5,
1782584982.6428828,200,154.462845002854,qwen7b-npu7,
1782584982.643264,200,183.51833099950454,qwen7b-npu7,
1782584982.644033,200,82.78938100193045,qwen7b-npu6,
1782584982.6442761,200,130.93356200261042,qwen7b-npu7,
1782584982.6500726,200,113.21495499942102,qwen7b-npu5,
1782584982.6588354,200,84.43967099810834,qwen7b-npu4,
1782584982.6736696,200,84.2998100015393,qwen7b-npu5,
1782584982.716655,200,90.1042650002637,qwen7b-npu7,
1782584982.7206814,200,131.6719259993988,qwen7b-npu4,
1782584982.8029091,200,176.7644499996095,qwen7b-npu6,
1782584982.8032656,200,186.81693999678828,qwen7b-npu6,
1782584982.8042371,200,188.78913200023817,qwen7b-npu6,
1782584982.8064387,200,162.33952199763735,qwen7b-npu4,
1782584982.8074942,200,164.50095599793713,qwen7b-npu4,
1782584982.830336,200,186.95653100076015,qwen7b-npu6,
1782584982.8306627,200,180.49554199751583,qwen7b-npu6,
1782584982.8324015,200,158.66760100107058,qwen7b-npu6,
1782584982.832899,200,188.5464110018802,qwen7b-npu6,
1782584982.8332677,200,174.37268499998027,qwen7b-npu6,
1782584982.8577394,200,140.99012299993774,qwen7b-npu4,
1782584982.8581388,200,137.35468099912396,qwen7b-npu4,
1782584982.902868,200,99.54295200077468,qwen7b-npu6,
1782584982.9073296,200,102.96898300293833,qwen7b-npu4,
1782584982.9134467,200,82.71001000321121,qwen7b-npu5,
1782584982.9224777,200,114.85192499822006,qwen7b-npu3,
1782584982.924433,200,121.41699499989045,qwen7b-npu7,
1782584982.9327185,200,102.2832290000224,qwen7b-npu4,
1782584982.986278,200,179.76984800043283,qwen7b-npu7,
1782584982.9870186,200,84.05915799812647,qwen7b-npu5,
1782584982.9906294,200,83.23024299897952,qwen7b-npu6,
1782584983.0065532,200,82.02086699748179,qwen7b-npu4,
1782584983.011265,200,88.68121699924814,qwen7b-npu5,
1782584983.0131817,200,179.79428800026653,qwen7b-npu7,
1782584983.0134761,200,180.92267500105663,qwen7b-npu7,
1782584983.0143197,200,181.3079679996008,qwen7b-npu7,
1782584983.015629,200,102.11467800036189,qwen7b-npu6,
1782584983.0378895,200,179.63356700056465,qwen7b-npu7,
1782584983.0382018,200,180.35516099917004,qwen7b-npu7,
1782584983.0619423,200,129.12966200019582,qwen7b-npu7,
1782584983.0866897,200,99.57294299965724,qwen7b-npu7,
1782584983.0919054,200,85.29324600021937,qwen7b-npu4,
1782584983.1107175,200,95.01836500203353,qwen7b-npu7,
1782584983.1172993,200,105.90904100172338,qwen7b-npu4,
1782584983.1292982,200,142.95977499932633,qwen7b-npu6,
1782584983.130031,200,139.31518299796153,qwen7b-npu6,
1782584983.1420536,200,104.08628000004683,qwen7b-npu4,
1782584983.1731098,200,159.84689799734042,qwen7b-npu5,
1782584983.1790938,200,92.33689900065656,qwen7b-npu6,
1782584983.1906416,200,79.8573239990219,qwen7b-npu7,
1782584983.2190347,200,89.6725630009314,qwen7b-npu4,
1782584983.2416759,200,228.0974809982581,qwen7b-npu5,
1782584983.2421381,200,227.71904799810727,qwen7b-npu5,
1782584983.2424645,200,204.19068499904824,qwen7b-npu5,
1782584983.244409,200,102.25658900162671,qwen7b-npu4,
1782584983.2612858,200,82.05602599991835,qwen7b-npu6,
1782584983.2658458,200,203.80291399851558,qwen7b-npu5,
1782584983.2664669,200,174.49193599895807,qwen7b-npu5,
1782584983.291245,200,161.11294499933138,qwen7b-npu5,
1782584983.292083,200,174.7176680000848,qwen7b-npu5,
1782584983.2941475,200,103.41177599912044,qwen7b-npu4,
1782584983.3015924,200,82.48774900130229,qwen7b-npu7,
1782584983.3158216,200,142.64846299920464,qwen7b-npu5,
1782584983.3278599,200,85.26446600080817,qwen7b-npu7,
1782584983.341194,200,99.37160199842765,qwen7b-npu5,
1782584983.342256,200,100.04640499755624,qwen7b-npu4,
1782584983.3452263,200,83.84566699896823,qwen7b-npu6,
1782584983.3496003,200,105.06627600261709,qwen7b-npu3,
1782584983.3671086,200,100.57502899871906,qwen7b-npu5,
1782584983.370983,200,105.03448600138654,qwen7b-npu6,
1782584983.392306,200,100.11977600152022,qwen7b-npu5,
1782584983.4177125,200,89.75436300170259,qwen7b-npu5,
1782584983.4416914,200,100.43735799990827,qwen7b-npu5,
1782584983.4518943,200,84.71804299915675,qwen7b-npu6,
1782584983.4529738,200,137.09059900065768,qwen7b-npu4,
1782584983.4555542,200,164.21830399849568,qwen7b-npu7,
1782584983.4794903,200,129.78612599908956,qwen7b-npu4,
1782584983.4798863,200,137.53625200115493,qwen7b-npu4,
1782584983.481773,200,180.11657999886665,qwen7b-npu7,
1782584983.4820817,200,187.86936700053047,qwen7b-npu7,
1782584983.491791,200,99.41887100285385,qwen7b-npu5,
1782584983.5027425,200,84.92634399954113,qwen7b-npu6,
1782584983.5073006,200,136.24514399998588,qwen7b-npu7,
1782584983.5081267,200,162.81291500126827,qwen7b-npu7,
1782584983.5423398,200,100.59090899812873,qwen7b-npu5,
1782584983.567618,200,85.77494899873273,qwen7b-npu5,
1782584983.591135,200,135.4771799997252,qwen7b-npu4,
1782584983.5915306,200,139.53425500221783,qwen7b-npu4,
1782584983.5923357,200,139.29777299927082,qwen7b-npu4,
1782584983.593362,200,113.40846600069199,qwen7b-npu3,
1782584983.593611,200,101.75419600273017,qwen7b-npu5,
1782584983.614381,200,111.54359500142164,qwen7b-npu4,
1782584983.620151,200,112.7523420000216,qwen7b-npu3,
1782584983.6210494,200,141.45533700138913,qwen7b-npu6,
1782584983.62129,200,139.13829200100736,qwen7b-npu6,
1782584983.6433454,200,100.94692100028624,qwen7b-npu5,
1782584983.6678421,200,100.12798599927919,qwen7b-npu5,
1782584983.6847107,200,176.48725799881504,qwen7b-npu6,
1782584983.6887298,200,97.07866700045997,qwen7b-npu4,
1782584983.7140903,200,92.97497299849056,qwen7b-npu4,
1782584983.7175753,200,126.32494500212488,qwen7b-npu7,
1782584983.7636216,200,78.81291699959547,qwen7b-npu5,
1782584983.7754564,200,182.0210119985859,qwen7b-npu6,
1782584983.7761118,200,182.43471400273847,qwen7b-npu6,
1782584983.7804687,200,188.06596799913677,qwen7b-npu7,
1782584983.8017035,200,187.21755300066434,qwen7b-npu6,
1782584983.8021097,200,158.67167000033078,qwen7b-npu6,
1782584983.844721,200,223.36189199995715,qwen7b-npu7,
1782584983.8450937,200,224.84350099693984,qwen7b-npu7,
1782584983.8640194,200,83.48735500112525,qwen7b-npu5,
1782584983.8699315,200,181.10663599873078,qwen7b-npu7,
1782584983.8705962,200,202.65843699962716,qwen7b-npu7,
1782584983.8836217,200,119.89433600319899,qwen7b-npu4,
1782584983.8899388,200,88.12214299905463,qwen7b-npu5,
1782584983.8965394,200,182.37513400163152,qwen7b-npu7,
1782584983.8969512,200,179.28106499675778,qwen7b-npu7,
1782584983.9104602,200,134.28142300108448,qwen7b-npu4,
1782584983.9108279,200,135.25570799902198,qwen7b-npu4,
1782584983.9358904,200,133.70065900016925,qwen7b-npu4,
1782584983.9457574,200,100.59280899804435,qwen7b-npu7,
1782584983.9710758,200,87.35077899837052,qwen7b-npu7,
1782584983.9769142,200,132.088008998835,qwen7b-npu5,
1782584983.9850752,200,88.42375499807531,qwen7b-npu4,
1782584983.9955366,200,84.64310199997271,qwen7b-npu7,
1782584984.0032282,200,139.1433329990832,qwen7b-npu5,
1782584984.003615,200,132.95626499893842,qwen7b-npu5,
1782584984.0338051,200,163.80435199971544,qwen7b-npu6,
1782584984.0515945,200,105.7677099997818,qwen7b-npu5,
1782584984.0614839,200,84.50221100065392,qwen7b-npu4,
1782584984.074243,200,103.10110399950645,qwen7b-npu7,
1782584984.0986576,200,208.65231299831066,qwen7b-npu6,
1782584984.0990024,200,201.93302199913887,qwen7b-npu6,
1782584984.1003191,200,104.71804400003748,qwen7b-npu7,
1782584984.100709,200,97.3816599980637,qwen7b-npu5,
1782584984.1253314,200,189.3060059992422,qwen7b-npu6,
1782584984.1257331,200,215.1723620008852,qwen7b-npu6,
1782584984.1365259,200,102.62036100175465,qwen7b-npu3,
1782584984.1373916,200,85.72963899860042,qwen7b-npu4,
1782584984.1511614,200,147.4769330015988,qwen7b-npu6,
1782584984.1515305,200,166.38611700182082,qwen7b-npu6,
1782584984.1625264,200,100.92832100053784,qwen7b-npu4,
1782584984.174813,200,100.47518799910904,qwen7b-npu7,
1782584984.1879334,200,88.85959699910018,qwen7b-npu4,
1782584984.2124553,200,87.01725699938834,qwen7b-npu4,
1782584984.2186837,200,92.83782199781854,qwen7b-npu3,
1782584984.2243826,200,87.7945610009192,qwen7b-npu6,
1782584984.2462163,200,94.96519499953138,qwen7b-npu3,
1782584984.2505062,200,87.90681200116524,qwen7b-npu6,
1782584984.2582731,200,159.50092500133906,qwen7b-npu5,
1782584984.286039,200,98.0150830000639,qwen7b-npu4,
1782584984.298788,200,80.00378400174668,qwen7b-npu7,
1782584984.3204043,200,219.62592899944866,qwen7b-npu5,
1782584984.3209484,200,220.51389400076005,qwen7b-npu5,
1782584984.3350322,200,88.75496700056829,qwen7b-npu4,
1782584984.3356385,200,85.0355140028114,qwen7b-npu6,
1782584984.3469756,200,195.29509199855966,qwen7b-npu5,
1782584984.347311,200,209.85418000054779,qwen7b-npu5,
1782584984.3482544,200,173.37190000034752,qwen7b-npu5,
1782584984.3603756,200,102.040917998238,qwen7b-npu6,
1782584984.3713942,200,146.9473500001186,qwen7b-npu5,
1782584984.371867,200,159.34947499772534,qwen7b-npu5,
1782584984.374842,200,88.74441700027091,qwen7b-npu7,
1782584984.399602,200,100.71645900097792,qwen7b-npu7,
1782584984.424551,200,103.53208599917707,qwen7b-npu7,
1782584984.449418,200,101.04632200091146,qwen7b-npu7,
1782584984.481096,200,160.6278020008176,qwen7b-npu4,
1782584984.4906714,200,90.97266100070556,qwen7b-npu3,
1782584984.5077786,200,160.40476099806256,qwen7b-npu4,
1782584984.5081863,200,173.07676799828187,qwen7b-npu4,
1782584984.5327022,200,157.77064499707194,qwen7b-npu4,
1782584984.533468,200,161.89990999919246,qwen7b-npu4,
1782584984.5525067,200,205.42949300215696,qwen7b-npu6,
1782584984.553312,200,217.5382970017381,qwen7b-npu6,
1782584984.5614932,200,80.30256599886343,qwen7b-npu5,
1782584984.6112373,200,103.34586499811849,qwen7b-npu5,
1782584984.6140938,200,81.32204299909063,qwen7b-npu4,
1782584984.6172674,200,245.28403500153217,qwen7b-npu6,
1782584984.6177096,200,257.2544159993413,qwen7b-npu6,
1782584984.6214554,200,87.88916200137464,qwen7b-npu7,
1782584984.634146,200,81.5680939995218,qwen7b-npu5,
1782584984.6443198,200,194.80088899945258,qwen7b-npu6,
1782584984.6447418,200,220.1201019997825,qwen7b-npu6,
1782584984.6478405,200,94.42766199936159,qwen7b-npu7,
1782584984.671579,200,163.28153799986467,qwen7b-npu6,
1782584984.671984,200,181.2402169998677,qwen7b-npu6,
1782584984.6984627,200,81.05847999831894,qwen7b-npu4,
1782584984.7121053,200,150.5221410006925,qwen7b-npu7,
1782584984.7163467,200,82.13835700007621,qwen7b-npu5,
1782584984.7230105,200,101.45793400079128,qwen7b-npu6,
1782584984.7419817,200,94.05761000016355,qwen7b-npu5,
1782584984.7485878,200,104.15815099986503,qwen7b-npu6,
1782584984.7652116,200,93.52937600124278,qwen7b-npu5,
1782584984.7681315,200,150.35347000230104,qwen7b-npu7,
1782584984.7686043,200,157.28495200164616,qwen7b-npu7,
1782584984.7691855,200,154.99027800251497,qwen7b-npu7,
1782584984.7766392,200,104.49287200026447,qwen7b-npu4,
1782584984.7922432,200,147.40293200156884,qwen7b-npu7,
1782584984.8180687,200,105.86667099778424,qwen7b-npu7,
1782584984.83668,200,138.12014599898248,qwen7b-npu4,
1782584984.8429325,200,100.8449010005279,qwen7b-npu7,
1782584984.8534558,200,84.69906199752586,qwen7b-npu5,
1782584984.8622475,200,139.13437199880718,qwen7b-npu4,
1782584984.865213,200,148.8048900027934,qwen7b-npu6,
1782584984.8786006,200,101.84038599982159,qwen7b-npu5,
1782584984.889201,200,140.5371410000953,qwen7b-npu4,
1782584984.8895578,200,124.23230200147373,qwen7b-npu4,
1782584984.913916,200,145.65128100002767,qwen7b-npu4,
1782584984.9184036,200,126.06360299832886,qwen7b-npu6,
1782584984.9187236,200,149.4223840018094,qwen7b-npu6,
1782584984.9192855,200,101.15001300073345,qwen7b-npu7,
1782584984.9315152,200,88.48409599886509,qwen7b-npu5,
1782584984.9393342,200,102.53023099721759,qwen7b-npu4,
1782584984.9553883,200,101.85498600185383,qwen7b-npu5,
1782584984.9632406,200,97.9625730033149,qwen7b-npu4,
1782584984.9816546,200,102.9472230002284,qwen7b-npu3,
1782584985.0064993,200,87.14699700067285,qwen7b-npu5,
1782584985.0068665,200,144.53332500124816,qwen7b-npu6,
1782584985.0327325,200,101.12049199960893,qwen7b-npu5,
1782584985.0332894,200,143.59489900016342,qwen7b-npu6,
1782584985.0335696,200,144.27247300045565,qwen7b-npu6,
1782584985.037425,200,81.94143599757808,qwen7b-npu4,
1782584985.039169,200,125.1326669989794,qwen7b-npu7,
1782584985.057545,200,139.04000100228586,qwen7b-npu6,
1782584985.058621,200,95.2916770002048,qwen7b-npu5,
1782584985.06603,200,126.59505600095144,qwen7b-npu7,
1782584985.0664055,200,147.61494299818878,qwen7b-npu7,
1782584985.084552,200,102.79534200162743,qwen7b-npu5,
1782584985.1084197,200,101.48238400142873,qwen7b-npu6,
1782584985.1167963,200,110.20302700126194,qwen7b-npu7,
1782584985.1210744,200,83.58390599823906,qwen7b-npu4,
1782584985.1334016,200,94.1273190001084,qwen7b-npu6,
1782584985.1427803,200,109.93768499974976,qwen7b-npu7,
1782584985.1452608,200,111.62844499995117,qwen7b-npu3,
1782584985.1460648,200,88.42142499997863,qwen7b-npu4,
1782584985.170569,200,104.0122189988324,qwen7b-npu4,
1782584985.213787,200,180.41652199826785,qwen7b-npu5,
1782584985.2161639,200,82.6775900022767,qwen7b-npu6,
1782584985.234181,200,149.54860499710776,qwen7b-npu7,
1782584985.2416253,200,175.4875920014456,qwen7b-npu5,
1782584985.2420197,200,95.8679800023674,qwen7b-npu6,
1782584985.2424593,200,183.76974200145924,qwen7b-npu5,
1782584985.267154,200,150.29409999988275,qwen7b-npu5,
1782584985.2682102,200,147.0377199984796,qwen7b-npu5,
1782584985.268558,200,160.0446379998175,qwen7b-npu5,
1782584985.2854757,200,140.14579799913918,qwen7b-npu7,
1782584985.2858312,200,142.96268500038423,qwen7b-npu7,
1782584985.2909155,200,120.23387800218188,qwen7b-npu5,
1782584985.2982085,200,84.3355299984978,qwen7b-npu4,
1782584985.3181784,200,101.91005699743982,qwen7b-npu6,
1782584985.3328776,200,90.28677699825494,qwen7b-npu7,
1782584985.340917,200,106.64315499889199,qwen7b-npu5,
1782584985.382703,200,140.55910999741172,qwen7b-npu6,
1782584985.3899784,200,91.69275499880314,qwen7b-npu5,
1782584985.4088125,200,140.49725999939255,qwen7b-npu6,
1782584985.417748,200,84.76888299992424,qwen7b-npu7,
1782584985.4198236,200,178.09156799921766,qwen7b-npu4,
1782584985.4358895,200,150.32304999840562,qwen7b-npu6,
1782584985.436275,200,150.34181000009994,qwen7b-npu6,
1782584985.4423072,200,101.30233299787506,qwen7b-npu7,
1782584985.4665644,200,83.73573700009729,qwen7b-npu7,
1782584985.4818165,200,213.18903000064893,qwen7b-npu4,
1782584985.4825308,200,215.2949629999057,qwen7b-npu4,
1782584985.4998817,200,82.03162599966163,qwen7b-npu5,
1782584985.5111196,200,192.84605699795065,qwen7b-npu4,
1782584985.512095,200,221.10489800252253,qwen7b-npu4,
1782584985.5192826,200,82.93261200014967,qwen7b-npu6,
1782584985.5280516,200,108.12586400061264,qwen7b-npu5,
1782584985.5475507,200,105.17392700057826,qwen7b-npu7,
1782584985.5754964,200,185.43954199776636,qwen7b-npu4,
1782584985.5758214,200,166.91911999805598,qwen7b-npu4,
1782584985.5929537,200,81.71741499972995,qwen7b-npu6,
1782584985.5952635,200,159.26421399854007,qwen7b-npu4,
1782584985.6052446,200,93.05644300184213,qwen7b-npu5,
1782584985.6067965,200,140.16011900093872,qwen7b-npu7,
1782584985.6214375,200,138.81412000046112,qwen7b-npu4,
1782584985.6217756,200,139.86843599923304,qwen7b-npu4,
1782584985.6299994,200,82.3437479994027,qwen7b-npu5,
1782584985.644034,200,144.05630200053565,qwen7b-npu4,
1782584985.659613,200,131.4596550000715,qwen7b-npu7,
1782584985.6600444,200,140.63455099676503,qwen7b-npu7,
1782584985.6762416,200,100.63706900109537,qwen7b-npu3,
1782584985.6839483,200,88.59261600082391,qwen7b-npu7,
1782584985.7058876,200,100.57016800055862,qwen7b-npu5,
1782584985.7092729,200,133.3741869966616,qwen7b-npu6,
1782584985.7194872,200,97.97589200024959,qwen7b-npu4,
1782584985.7332783,200,111.39744400134077,qwen7b-npu5,
1782584985.7440176,200,150.96473400262767,qwen7b-npu6,
1782584985.7444901,200,137.5995030030026,qwen7b-npu6,
1782584985.7456439,200,101.54247500031488,qwen7b-npu4,
1782584985.7595465,200,99.82195400152705,qwen7b-npu3,
1782584985.7607622,200,100.60219900333323,qwen7b-npu7,
1782584985.76117,200,131.08541399924434,qwen7b-npu6,
1782584985.7702205,200,86.20788199914386,qwen7b-npu4,
1782584985.7814367,200,105.11607599983108,qwen7b-npu5,
1782584985.794923,200,85.58679799898528,qwen7b-npu4,
1782584985.8073356,200,87.73548099998152,qwen7b-npu5,
1782584985.8323863,200,88.23675399980857,qwen7b-npu5,
1782584985.8356037,200,102.23495800164528,qwen7b-npu6,
1782584985.8437192,200,98.00622300099349,qwen7b-npu4,
1782584985.85224,200,146.2757449990022,qwen7b-npu7,
1782584985.870806,200,100.4889780015219,qwen7b-npu3,
1782584985.8779356,200,133.32753599752323,qwen7b-npu7,
1782584985.8833017,200,88.29880399935064,qwen7b-npu5,
1782584985.886849,200,105.34844700305257,qwen7b-npu6,
1782584985.9057608,200,144.48576500217314,qwen7b-npu7,
1782584985.9061196,200,145.2402790018823,qwen7b-npu7,
1782584985.9065166,200,146.86395799799357,qwen7b-npu7,
1782584985.91176,200,104.3385209995904,qwen7b-npu5,
1782584985.9265893,200,82.78316100040684,qwen7b-npu4,
1782584985.9282272,200,95.73694000209798,qwen7b-npu7,
1782584985.934576,200,98.8821779974387,qwen7b-npu5,
1782584985.9507883,200,98.46169600132271,qwen7b-npu4,
1782584985.9685264,200,97.6345710005262,qwen7b-npu6,
1782584985.9807532,200,102.72217199963052,qwen7b-npu3,
1782584985.9952648,200,108.3526360016549,qwen7b-npu6,
1782584986.0100956,200,81.77209499990568,qwen7b-npu7,
1782584986.0369873,200,102.3174289985036,qwen7b-npu3,
1782584986.060449,200,177.05661200307077,qwen7b-npu5,
1782584986.076524,200,107.92270299862139,qwen7b-npu6,
1782584986.0835605,200,102.70603200115147,qwen7b-npu7,
1782584986.0885065,200,181.88936099977582,qwen7b-npu5,
1782584986.088896,200,182.6658749996568,qwen7b-npu5,
1782584986.089579,200,183.71738200221444,qwen7b-npu5,
1782584986.0898497,200,177.99450699749286,qwen7b-npu5,
1782584986.092418,200,82.2265780007001,qwen7b-npu4,
1782584986.112507,200,161.65137799907825,qwen7b-npu5,
1782584986.1129222,200,186.26640799993766,qwen7b-npu5,
1782584986.1372354,200,141.88267899953644,qwen7b-npu5,
1782584986.171904,200,82.8955520009913,qwen7b-npu4,
1782584986.1726189,200,135.54314999782946,qwen7b-npu6,
1782584986.1974413,200,84.41558099730173,qwen7b-npu4,
1782584986.2007535,200,140.22755800033337,qwen7b-npu6,
1782584986.207226,200,123.5663370025577,qwen7b-npu7,
1782584986.2218091,200,84.47869199881097,qwen7b-npu4,
1782584986.2298348,200,140.16769800218754,qwen7b-npu6,
1782584986.230187,200,137.67584300148883,qwen7b-npu6,
1782584986.2311745,200,154.5811350006261,qwen7b-npu6,
1782584986.2330332,200,144.40902400019695,qwen7b-npu7,
1782584986.2334166,200,143.4977790013363,qwen7b-npu7,
1782584986.2556236,200,143.008565002674,qwen7b-npu6,
1782584986.2559624,200,83.97363800031599,qwen7b-npu5,
1782584986.2568457,200,84.15864999915357,qwen7b-npu7,
1782584986.280274,200,82.7434600032575,qwen7b-npu5,
1782584986.3064592,200,105.61426899948856,qwen7b-npu7,
1782584986.3342383,200,103.93637900051544,qwen7b-npu6,
1782584986.3370576,200,129.74290500278585,qwen7b-npu4,
1782584986.3575022,200,101.77484599989839,qwen7b-npu7,
1782584986.3593428,200,102.42698999718414,qwen7b-npu6,
1782584986.3627346,200,82.35921899904497,qwen7b-npu5,
1782584986.3661335,200,132.60665200141375,qwen7b-npu4,
1782584986.3664079,200,136.47329599916702,qwen7b-npu4,
1782584986.3666523,200,144.75660599782714,qwen7b-npu4,
1782584986.3678136,200,136.54684599896427,qwen7b-npu4,
1782584986.368192,200,135.0578579986177,qwen7b-npu4,
1782584986.3887916,200,132.7431930003513,qwen7b-npu4,
1782584986.408481,200,101.93069700108026,qwen7b-npu7,
1782584986.433876,200,99.54316199946334,qwen7b-npu7,
1782584986.457473,200,89.1689199997927,qwen7b-npu7,
1782584986.4623692,200,96.1566820005828,qwen7b-npu4,
1782584986.4742362,200,137.07807899845648,qwen7b-npu6,
1782584986.481739,200,124.11197099936544,qwen7b-npu5,
1782584986.5022564,200,139.4331939991389,qwen7b-npu6,
1782584986.5026126,200,143.17721599945799,qwen7b-npu6,
1782584986.5088558,200,140.9476530025131,qwen7b-npu5,
1782584986.509846,200,143.37222799804294,qwen7b-npu5,
1782584986.5102577,200,143.5055479996663,qwen7b-npu5,
1782584986.5266392,200,118.08054400171386,qwen7b-npu6,
1782584986.5320463,200,143.15102600085083,qwen7b-npu5,
1782584986.5376084,200,103.64065699832281,qwen7b-npu4,
1782584986.5435965,200,86.06375099770958,qwen7b-npu7,
1782584986.5520241,200,89.55879199857009,qwen7b-npu6,
1782584986.5690818,200,94.78059300090536,qwen7b-npu7,
1782584986.5818448,200,99.99124600290088,qwen7b-npu5,
1782584986.5949588,200,92.61453100043582,qwen7b-npu7,
1782584986.6050193,200,102.29288900154643,qwen7b-npu6,
1782584986.6212564,200,111.30316400158335,qwen7b-npu7,
1782584986.6279492,200,90.25399700112757,qwen7b-npu6,
1782584986.6303427,200,98.20822400070028,qwen7b-npu5,
1782584986.6425045,200,115.79629100015154,qwen7b-npu3,
1782584986.647281,200,103.62256799999159,qwen7b-npu7,
1782584986.652297,200,100.17401600271114,qwen7b-npu6,
1782584986.6984813,200,103.42833500180859,qwen7b-npu7,
1782584986.7034037,200,82.06042600068031,qwen7b-npu5,
1782584986.721875,200,211.5175700018881,qwen7b-npu4,
1782584986.7221744,200,213.223360999109,qwen7b-npu4,
1782584986.7241962,200,96.13793199969223,qwen7b-npu7,
1782584986.7309494,200,100.50333799881628,qwen7b-npu6,
1782584986.7487056,200,166.76237900173874,qwen7b-npu4,
1782584986.749019,200,179.87112799892202,qwen7b-npu4,
1782584986.7748156,200,122.42300000070827,qwen7b-npu4,
1782584986.7758927,200,133.31197700244957,qwen7b-npu4,
1782584986.7761998,200,171.08621599982143,qwen7b-npu4,
1782584986.7946913,200,147.32763200299814,qwen7b-npu6,
1782584986.7975357,200,94.06636899802834,qwen7b-npu4,
1782584986.807652,200,83.37374400070985,qwen7b-npu7,
1782584986.8087094,200,86.44754399938392,qwen7b-npu5,
1782584986.8332028,200,84.07724899734603,qwen7b-npu7,
1782584986.8683379,200,93.45639499952085,qwen7b-npu4,
1782584986.8745196,200,143.4857890017156,qwen7b-npu5,
1782584986.8840482,200,162.07734099953086,qwen7b-npu6,
1782584986.8844063,200,185.858944998472,qwen7b-npu6,
1782584986.910055,200,161.26270599852432,qwen7b-npu6,
1782584986.91036,200,134.1016119986307,qwen7b-npu6,
1782584986.923135,200,128.32715699914843,qwen7b-npu7,
1782584986.9288514,200,131.21418399896356,qwen7b-npu5,
1782584986.9297268,200,153.74060999965877,qwen7b-npu5,
1782584986.949933,200,142.17704000111553,qwen7b-npu7,
1782584986.950325,200,141.52208699670155,qwen7b-npu7,
1782584986.951535,200,83.13179300239426,qwen7b-npu4,
1782584986.9589772,200,125.68469100006041,qwen7b-npu5,
1782584986.9711413,200,96.51478399973712,qwen7b-npu3,
1782584986.9740074,200,89.49917199788615,qwen7b-npu7,
1782584986.9865062,200,102.3714699986158,qwen7b-npu6,
1782584987.000209,200,89.77751400016132,qwen7b-npu7,
1782584987.011925,200,88.69069600041257,qwen7b-npu6,
1782584987.0273488,200,97.47463999883621,qwen7b-npu4,
1782584987.0495973,200,97.96948199800681,qwen7b-npu7,
1782584987.0523007,200,101.87591700014309,qwen7b-npu4,
1782584987.05269,200,142.54297200022847,qwen7b-npu5,
1782584987.073989,200,99.89297399806674,qwen7b-npu7,
1782584987.0999603,200,140.91529299912509,qwen7b-npu6,
1782584987.1189342,200,189.98346000080346,qwen7b-npu5,
1782584987.1372557,200,84.5038810002734,qwen7b-npu4,
1782584987.146683,200,196.63248999859206,qwen7b-npu5,
1782584987.1471055,200,175.8495549984218,qwen7b-npu5,
1782584987.1524186,200,140.38092000191682,qwen7b-npu6,
1782584987.1527903,200,125.35852900327882,qwen7b-npu6,
1782584987.1578639,200,83.78828700006125,qwen7b-npu7,
1782584987.1627393,200,110.34882800231571,qwen7b-npu4,
1782584987.1732974,200,186.70213999939733,qwen7b-npu5,
1782584987.1736317,200,173.3569690004515,qwen7b-npu5,
1782584987.1771212,200,127.43541099916911,qwen7b-npu6,
1782584987.188548,200,88.52243500223267,qwen7b-npu4,
1782584987.239505,200,86.99410700137378,qwen7b-npu4,
1782584987.244879,200,125.87830099801067,qwen7b-npu7,
1782584987.2523873,200,105.16797699892777,qwen7b-npu5,
1782584987.2647173,200,91.34524199907901,qwen7b-npu4,
1782584987.2651463,200,127.79650299853529,qwen7b-npu6,
1782584987.2776647,200,103.95690899895271,qwen7b-npu5,
1782584987.2906122,200,143.81268999932217,qwen7b-npu6,
1782584987.299288,200,146.39983600136475,qwen7b-npu7,
1782584987.2999623,200,137.1437199995853,qwen7b-npu7,
1782584987.3003218,200,142.37088200025028,qwen7b-npu7,
1782584987.3166416,200,139.4335939985467,qwen7b-npu6,
1782584987.3168917,200,128.28092600102536,qwen7b-npu6,
1782584987.3641543,200,99.35954100001254,qwen7b-npu6,
1782584987.377153,200,124.66441500146175,qwen7b-npu4,
1782584987.3775127,200,137.91219500126317,qwen7b-npu4,
1782584987.383972,200,138.98655099910684,qwen7b-npu7,
1782584987.4006033,200,83.64799599803519,qwen7b-npu4,
1782584987.4363463,200,135.91593199816998,qwen7b-npu7,
1782584987.4366016,200,137.21311100016464,qwen7b-npu7,
1782584987.4398322,200,174.6137970003474,qwen7b-npu5,
1782584987.4581413,200,80.89549000214902,qwen7b-npu6,
1782584987.4626358,200,98.39021500010858,qwen7b-npu3,
1782584987.4696674,200,178.96732299777796,qwen7b-npu5,
1782584987.470059,200,192.3169039982895,qwen7b-npu5,
1782584987.4856074,200,108.00033299892675,qwen7b-npu7,
1782584987.4959867,200,195.95527600176865,qwen7b-npu5,
1782584987.4963748,200,179.66080699989107,qwen7b-npu5,
1782584987.5173411,200,116.67369600036182,qwen7b-npu4,
1782584987.5316088,200,91.70068499952322,qwen7b-npu6,
1782584987.5624332,200,178.36241899931338,qwen7b-npu5,
1782584987.575826,200,79.73925199985388,qwen7b-npu7,
1782584987.60421,200,167.79810499792802,qwen7b-npu4,
1782584987.6045635,200,167.8587559981679,qwen7b-npu4,
1782584987.6306663,200,144.98020699829794,qwen7b-npu4,
1782584987.6310463,200,160.889122998924,qwen7b-npu4,
1782584987.631386,200,173.16085800121073,qwen7b-npu4,
1782584987.6493454,200,86.82352500181878,qwen7b-npu6,
1782584987.6535263,200,121.82644700078527,qwen7b-npu4,
1782584987.6607556,200,190.98771599965403,qwen7b-npu5,
1782584987.6611118,200,198.40488999761874,qwen7b-npu5,
1782584987.676408,200,100.49413799788454,qwen7b-npu6,
1782584987.6870155,200,82.34889800223755,qwen7b-npu7,
1782584987.702444,200,98.13427400149521,qwen7b-npu6,
1782584987.726429,200,209.02293499966618,qwen7b-npu5,
1782584987.7267275,200,230.25218400289305,qwen7b-npu5,
1782584987.7589803,200,109.54726300042239,qwen7b-npu3,
1782584987.7729042,200,141.45521599857602,qwen7b-npu7,
1782584987.7857678,200,154.992947998835,qwen7b-npu5,
1782584987.7861297,200,154.96728799917037,qwen7b-npu5,
1782584987.7922032,200,138.58268900003168,qwen7b-npu6,
1782584987.8120332,200,150.82069300115108,qwen7b-npu5,
1782584987.8186274,200,142.14578099927166,qwen7b-npu6,
1782584987.8190224,200,158.16653699948802,qwen7b-npu6,
1782584987.8245192,200,137.42910099972505,qwen7b-npu7,
1782584987.824929,200,122.39579100059927,qwen7b-npu7,
1782584987.8380637,200,78.99895799710066,qwen7b-npu4,
1782584987.8432555,200,116.46496500179637,qwen7b-npu6,
1782584987.8641853,200,91.1767809993762,qwen7b-npu5,
1782584987.8859975,200,159.5018850021006,qwen7b-npu7,
1782584987.9113123,200,125.07451700003003,qwen7b-npu7,
1782584987.931858,200,145.9749629975704,qwen7b-npu6,
1782584987.9379632,200,125.84840199997416,qwen7b-npu7,
1782584987.9385235,200,146.18801400138182,qwen7b-npu7,
1782584987.9425046,200,99.18009000102757,qwen7b-npu5,
1782584987.958341,200,133.30991699695005,qwen7b-npu6,
1782584987.959215,200,140.1309590000892,qwen7b-npu6,
1782584987.9709518,200,106.65701600009925,qwen7b-npu3,
1782584988.0206075,200,195.97340600012103,qwen7b-npu4,
1782584988.021009,200,202.26391500182217,qwen7b-npu4,
1782584988.0226257,200,111.21850299969083,qwen7b-npu5,
1782584988.0229542,200,84.84222300103283,qwen7b-npu7,
1782584988.0465498,200,208.41947099688696,qwen7b-npu4,
1782584988.0474637,200,161.3802969986864,qwen7b-npu4,
1782584988.048578,200,89.26229999997304,qwen7b-npu5,
1782584988.0501745,200,91.76632500020787,qwen7b-npu3,
1782584988.0505314,200,111.88859699905152,qwen7b-npu7,
1782584988.0719023,200,129.33065299876034,qwen7b-npu4,
1782584988.0726504,200,140.7118619972607,qwen7b-npu4,
1782584988.0735285,200,102.44459000023198,qwen7b-npu7,
1782584988.1036255,200,82.90276200204971,qwen7b-npu6,
1782584988.1204715,200,99.34579099717666,qwen7b-npu4,
1782584988.1288753,200,105.80829999889829,qwen7b-npu6,
1782584988.1446023,200,95.91669099972933,qwen7b-npu4,
1782584988.1793795,200,105.77943000316736,qwen7b-npu6,
1782584988.1880052,200,140.4625399991346,qwen7b-npu7,
1782584988.1885564,200,137.95586500054924,qwen7b-npu7,
1782584988.1970963,200,174.3764849998115,qwen7b-npu5,
1782584988.204799,200,101.07002200311399,qwen7b-npu6,
1782584988.2135334,200,84.5469520027109,qwen7b-npu7,
1782584988.2174187,200,96.85860600075102,qwen7b-npu4,
1782584988.2230284,200,172.75580499699572,qwen7b-npu5,
1782584988.2237577,200,177.11247200350044,qwen7b-npu5,
1782584988.2290745,200,84.37155100182281,qwen7b-npu6,
1782584988.2492485,200,177.285342997493,qwen7b-npu5,
1782584988.2496762,200,176.92565999823273,qwen7b-npu5,
1782584988.2640023,200,84.5558919972973,qwen7b-npu7,
1782584988.2889378,200,91.74004499800503,qwen7b-npu7,
1782584988.3160062,200,111.11930300103268,qwen7b-npu3,
1782584988.3420668,200,128.43333799901302,qwen7b-npu6,
1782584988.3710852,200,141.91195900275488,qwen7b-npu6,
1782584988.3715317,200,148.4339579983498,qwen7b-npu6,
1782584988.3719378,200,148.11299599750782,qwen7b-npu6,
1782584988.3758168,200,187.71374599964474,qwen7b-npu4,
1782584988.3761122,200,187.49416499849758,qwen7b-npu4,
1782584988.3934574,200,104.4253319996642,qwen7b-npu6,
1782584988.4026983,200,185.18233099894132,qwen7b-npu4,
1782584988.4030254,200,153.6630900009186,qwen7b-npu4,
1782584988.4037604,200,153.96231199702015,qwen7b-npu4,
1782584988.40415,200,140.07680699796765,qwen7b-npu4,
1782584988.4050858,200,88.99176900013117,qwen7b-npu5,
1782584988.455571,200,83.55942599882837,qwen7b-npu7,
1782584988.4732842,200,97.10788799930015,qwen7b-npu4,
1782584988.4812605,200,139.0935020026518,qwen7b-npu6,
1782584988.5038478,200,100.74969999914174,qwen7b-npu7,
1782584988.531541,200,126.35191400113399,qwen7b-npu6,
1782584988.5319693,200,128.09644500157447,qwen7b-npu6,
1782584988.5551481,200,183.4872200015525,qwen7b-npu5,
1782584988.556241,200,185.02239000008558,qwen7b-npu5,
1782584988.5566485,200,163.09489700142876,qwen7b-npu5,
1782584988.5573878,200,181.5017490007449,qwen7b-npu5,
1782584988.5576842,200,84.33583100122632,qwen7b-npu4,
1782584988.5593972,200,103.74200799924438,qwen7b-npu6,
1782584988.578918,200,176.12530599944876,qwen7b-npu5,
1782584988.5801654,200,175.93873499936308,qwen7b-npu5,
1782584988.5806618,200,99.275241002033,qwen7b-npu4,
1782584988.6111066,200,107.16324899840401,qwen7b-npu3,
1782584988.6485317,200,91.05595099754282,qwen7b-npu6,
1782584988.6562262,200,98.48012599832145,qwen7b-npu5,
1782584988.658265,200,101.9098569995549,qwen7b-npu4,
1782584988.673601,200,92.82027200242737,qwen7b-npu6,
1782584988.6814454,200,101.16792299959343,qwen7b-npu5,
1782584988.6827605,200,103.77509799945983,qwen7b-npu4,
1782584988.6961205,200,164.46075500061852,qwen7b-npu7,
1782584988.7569895,200,108.37022600026103,qwen7b-npu6,
1782584988.758104,200,84.38360999934957,qwen7b-npu4,
1782584988.7626195,200,205.8602860015526,qwen7b-npu7,
1782584988.7635984,200,231.53099199771532,qwen7b-npu7,
1782584988.7640388,200,208.7688129977323,qwen7b-npu7,
1782584988.786336,200,226.8727629998466,qwen7b-npu7,
1782584988.7870786,200,175.86694400233682,qwen7b-npu7,
1782584988.7970636,200,140.77171200187877,qwen7b-npu5,
1782584988.812447,200,130.89310200302862,qwen7b-npu7,
1782584988.8128412,200,154.4623549998505,qwen7b-npu7,
1782584988.823142,200,126.90963800196187,qwen7b-npu5,
1782584988.8236117,200,140.7464420008182,qwen7b-npu5,
1782584988.8473403,200,90.25392699913937,qwen7b-npu5,
1782584988.8481576,200,84.44585200049914,qwen7b-npu4,
1782584988.8532586,200,95.02325499852304,qwen7b-npu3,
1782584988.8727536,200,110.01862500052084,qwen7b-npu5,
1782584988.8731115,200,86.70410499689751,qwen7b-npu6,
1782584988.8739307,200,86.78134500223678,qwen7b-npu4,
1782584988.8972316,200,100.10069599957205,qwen7b-npu6,
1782584988.8998938,200,135.73358199937502,qwen7b-npu7,
1782584988.922265,200,98.54969599837204,qwen7b-npu4,
1782584988.9230475,200,99.77695400084485,qwen7b-npu5,
1782584988.9477575,200,100.35043699826929,qwen7b-npu4,
1782584988.952045,200,139.12705199982156,qwen7b-npu7,
1782584988.952375,200,139.81402599893045,qwen7b-npu7,
1782584988.9571102,200,108.85482900266652,qwen7b-npu3,
1782584988.9726624,200,98.66389699891442,qwen7b-npu5,
1782584988.9768863,200,123.51769800079637,qwen7b-npu7,
1782584988.9986997,200,101.40424400015036,qwen7b-npu4,
1782584989.0254076,200,102.25171899946872,qwen7b-npu4,
1782584989.0291195,200,106.78876699967077,qwen7b-npu7,
1782584989.0502143,200,97.76907099876553,qwen7b-npu5,
1782584989.0513945,200,94.22133100088104,qwen7b-npu4,
1782584989.0517118,200,178.5003199984203,qwen7b-npu6,
1782584989.052772,200,179.9152990024595,qwen7b-npu6,
1782584989.0550241,200,102.86924200045178,qwen7b-npu7,
1782584989.0755303,200,98.53570699851844,qwen7b-npu5,
1782584989.0766406,200,128.797728997597,qwen7b-npu6,
1782584989.0769606,200,177.00038100156235,qwen7b-npu6,
1782584989.0779555,200,105.19782600022154,qwen7b-npu4,
1782584989.1041033,200,105.3100879980775,qwen7b-npu7,
1782584989.1282477,200,99.04249999817694,qwen7b-npu4,
1782584989.1532168,200,98.09924400178716,qwen7b-npu4,
1782584989.1630528,200,137.53404199815122,qwen7b-npu5,
1782584989.180513,200,103.48236600111704,qwen7b-npu7,
1782584989.1897862,200,138.30532700012554,qwen7b-npu5,
1782584989.190182,200,138.35592699979316,qwen7b-npu5,
1782584989.2058644,200,101.69647500151768,qwen7b-npu7,
1782584989.2134483,200,135.42912900084048,qwen7b-npu5,
1782584989.2238574,200,95.5453780006792,qwen7b-npu3,
1782584989.2295084,200,176.63471899868455,qwen7b-npu6,
1782584989.2299144,200,179.57562700030394,qwen7b-npu6,
1782584989.238202,200,84.86254300078144,qwen7b-npu5,
1782584989.2466054,200,83.4477850003168,qwen7b-npu4,
1782584989.2553525,200,178.61544100014726,qwen7b-npu6,
1782584989.2561889,200,180.55182299940498,qwen7b-npu6,
1782584989.271426,200,90.82867000324768,qwen7b-npu4,
1782584989.2803252,200,90.43601699886494,qwen7b-npu7,
1782584989.295375,200,105.0752260016452,qwen7b-npu4,
1782584989.331084,200,101.4626739997766,qwen7b-npu7,
1782584989.35074,200,120.72108999927877,qwen7b-npu5,
1782584989.3515346,200,138.01995499670738,qwen7b-npu5,
1782584989.3747687,200,128.06725499831373,qwen7b-npu5,
1782584989.381597,200,86.12495100169326,qwen7b-npu7,
1782584989.38278,200,176.85003999940818,qwen7b-npu6,
1782584989.4057872,200,134.26535200051148,qwen7b-npu4,
1782584989.4064364,200,126.0199520002061,qwen7b-npu4,
1782584989.4108346,200,186.91084099918953,qwen7b-npu6,
1782584989.4115,200,173.23349900107132,qwen7b-npu6,
1782584989.4315073,200,100.32680700169294,qwen7b-npu7,
1782584989.4356103,200,179.30636499659158,qwen7b-npu6,
1782584989.4360235,200,180.5817130007199,qwen7b-npu6,
1782584989.5076542,200,96.04336099801003,qwen7b-npu7,
1782584989.5108745,200,105.02321500098333,qwen7b-npu6,
1782584989.5159442,200,134.26191300095525,qwen7b-npu4,
1782584989.5255425,200,173.90783200244186,qwen7b-npu5,
1782584989.5258923,200,175.0707989995135,qwen7b-npu5,
1782584989.5325818,200,96.4435140012938,qwen7b-npu7,
1782584989.5361903,200,100.46951899857959,qwen7b-npu6,
1782584989.542397,200,131.45311500193202,qwen7b-npu4,
1782584989.5432382,200,136.70781700056978,qwen7b-npu4,
1782584989.5511093,200,168.2638889978989,qwen7b-npu5,
1782584989.5520952,200,177.22249299913528,qwen7b-npu5,
1782584989.6018927,200,170.28107000078307,qwen7b-npu4,
1782584989.6083882,200,97.41633900193847,qwen7b-npu7,
1782584989.6254926,200,82.1567769999092,qwen7b-npu6,
1782584989.634149,200,101.47319400130073,qwen7b-npu7,
1782584989.6394093,200,131.6627870000957,qwen7b-npu5,
1782584989.652939,200,126.93816800310742,qwen7b-npu4,
1782584989.6533835,200,137.37293200028944,qwen7b-npu4,
1782584989.6592598,200,107.04843799976516,qwen7b-npu7,
1782584989.6666148,200,124.1215909976745,qwen7b-npu5,
1782584989.6677268,200,131.43344600030105,qwen7b-npu5,
1782584989.6683276,200,142.70098300039535,qwen7b-npu5,
1782584989.6778264,200,126.60917699759011,qwen7b-npu4,
1782584989.6907017,200,88.71409700077493,qwen7b-npu5,
1782584989.7431521,200,134.68024499888998,qwen7b-npu6,
1782584989.7602406,200,82.34969900149736,qwen7b-npu4,
1782584989.7693474,200,135.10362799934228,qwen7b-npu6,
1782584989.7696998,200,144.10750200113398,qwen7b-npu6,
1782584989.774736,200,135.2294680000341,qwen7b-npu7,
1782584989.7788208,200,125.80172099842457,qwen7b-npu5,
1782584989.7933095,200,139.80833599998732,qwen7b-npu6,
1782584989.8010228,200,132.58020200009923,qwen7b-npu7,
1782584989.801377,200,133.52904799830867,qwen7b-npu7,
1782584989.806269,200,146.90282899755402,qwen7b-npu5,
1782584989.8066242,200,139.92519699968398,qwen7b-npu5,
1782584989.8248935,200,134.0916519984603,qwen7b-npu7,
1782584989.8528411,200,92.5333800005319,qwen7b-npu5,
1782584989.8720424,200,128.79534900275758,qwen7b-npu4,
1782584989.8987138,200,123.90199999936158,qwen7b-npu4,
1782584989.899151,200,129.7236749996955,qwen7b-npu4,
1782584989.9004247,200,121.53093600136344,qwen7b-npu3,
1782584989.9033158,200,101.80782600218663,qwen7b-npu5,
1782584989.9118483,200,142.005859001074,qwen7b-npu7,
1782584989.9242978,200,123.1910649985366,qwen7b-npu6,
1782584989.9385138,200,132.12255899998127,qwen7b-npu7,
1782584989.938948,200,145.54025100005674,qwen7b-npu7,
1782584989.9505033,200,143.78292000037618,qwen7b-npu6,
1782584989.9777,200,152.7085050001915,qwen7b-npu6,
1782584989.9780812,200,125.15535800048383,qwen7b-npu6,
1782584989.9826317,200,110.52477799967164,qwen7b-npu3,
1782584989.9837906,200,84.9549640006444,qwen7b-npu5,
1782584989.9841933,200,84.91974400021718,qwen7b-npu4,
1782584990.0027795,200,90.8337990003929,qwen7b-npu6,
1782584990.0064864,200,103.0651039982331,qwen7b-npu5,
1782584990.010816,200,110.28389700004482,qwen7b-npu3,
1782584990.053972,200,103.40530599933118,qwen7b-npu6,
1782584990.079876,200,101.69502499775263,qwen7b-npu6,
1782584990.0844631,200,81.59096400049748,qwen7b-npu4,
1782584990.0868797,200,162.48518299835268,qwen7b-npu7,
1782584990.0930946,200,110.39684800198302,qwen7b-npu3,
1782584990.1046755,200,98.08181400148897,qwen7b-npu6,
1782584990.1139174,200,174.86889800056815,qwen7b-npu7,
1782584990.1142788,200,175.64511300224694,qwen7b-npu7,
1782584990.1201606,200,135.85576200057403,qwen7b-npu5,
1782584990.1209357,200,137.02522899984615,qwen7b-npu5,
1782584990.1383626,200,160.55844199945568,qwen7b-npu7,
1782584990.1387577,200,127.84616299904883,qwen7b-npu7,
1782584990.1669025,200,86.96423700166633,qwen7b-npu5,
1782584990.1804864,200,95.92861100099981,qwen7b-npu6,
1782584990.1868978,200,99.92195500308299,qwen7b-npu7,
1782584990.1951294,200,141.062572998635,qwen7b-npu4,
1782584990.2071698,200,93.14563299994916,qwen7b-npu6,
1782584990.212459,200,107.67959100121516,qwen7b-npu7,
1782584990.221937,200,128.77558999753091,qwen7b-npu4,
1782584990.2378347,200,98.98149900254793,qwen7b-npu7,
1782584990.2430592,200,104.58675300105824,qwen7b-npu5,
1782584990.2489183,200,127.88687399734044,qwen7b-npu4,
1782584990.2492943,200,134.89491599830217,qwen7b-npu4,
1782584990.2496927,200,129.44980400061468,qwen7b-npu4,
1782584990.27341,200,106.41474400108564,qwen7b-npu4,
1782584990.288068,200,101.07299200171838,qwen7b-npu7,
1782584990.298882,200,91.62817399919732,qwen7b-npu4,
1782584990.311556,200,116.3507839992235,qwen7b-npu3,
1782584990.320922,200,140.34269999683602,qwen7b-npu6,
1782584990.323722,200,85.76409899978898,qwen7b-npu4,
1782584990.327547,200,84.38334099992062,qwen7b-npu5,
1782584990.34076,200,90.96223100277712,qwen7b-npu7,
1782584990.3470128,200,134.442904000025,qwen7b-npu6,
1782584990.3474283,200,125.38412899812101,qwen7b-npu6,
1782584990.3529885,200,103.58075700059999,qwen7b-npu5,
1782584990.3673348,200,93.85986800043611,qwen7b-npu7,
1782584990.3735332,200,124.5069929973397,qwen7b-npu6,
1782584990.3927066,200,104.57325300012599,qwen7b-npu7,
1782584990.398249,200,99.30196099958266,qwen7b-npu4,
1782584990.421895,200,110.27490700143971,qwen7b-npu3,
1782584990.4419982,200,94.45693199813832,qwen7b-npu7,
1782584990.4643044,200,136.64616699679755,qwen7b-npu6,
1782584990.469141,200,145.35546000115573,qwen7b-npu5,
1782584990.4694908,200,148.46898899850203,qwen7b-npu5,
1782584990.4879942,200,134.90519699917058,qwen7b-npu6,
1782584990.4883883,200,147.543533003045,qwen7b-npu6,
1782584990.4927752,200,145.63991199975135,qwen7b-npu5,
1782584990.511629,200,118.82567900102003,qwen7b-npu6,
1782584990.5199897,200,98.03163399919868,qwen7b-npu7,
1782584990.5459206,200,172.27411299973028,qwen7b-npu4,
1782584990.5463345,200,178.91317300018272,qwen7b-npu4,
1782584990.5579326,200,93.5282760001428,qwen7b-npu3,
1782584990.5713344,200,173.0210169989732,qwen7b-npu4,
1782584990.571704,200,129.6371550015465,qwen7b-npu4,
1782584990.596169,200,103.28746500090347,qwen7b-npu4,
1782584990.6075368,200,137.97459499983233,qwen7b-npu5,
1782584990.6078663,200,138.63378899986856,qwen7b-npu5,
1782584990.6267347,200,138.2452869984263,qwen7b-npu6,
1782584990.6277459,200,139.64148499871953,qwen7b-npu6,
1782584990.631875,200,120.14855700181215,qwen7b-npu5,
1782584990.642828,200,122.77431300026365,qwen7b-npu7,
1782584990.6518989,200,105.44824799944763,qwen7b-npu6,
1782584990.67859,200,107.16240799956722,qwen7b-npu6,
1782584990.6943593,200,86.42737300033332,qwen7b-npu4,
1782584990.7036777,200,96.04070100249373,qwen7b-npu6,
1782584990.7179787,200,86.01768099833862,qwen7b-npu4,
1782584990.7289464,200,86.05218099910417,qwen7b-npu5,
1782584990.7304375,200,103.60773700085701,qwen7b-npu6,
1782584990.7433918,200,185.36392200257978,qwen7b-npu7,
1782584990.7437456,200,197.71109700013767,qwen7b-npu7,
1782584990.7552214,200,103.25448499861523,qwen7b-npu5,
1782584990.7619128,200,190.13698100025067,qwen7b-npu7,
1782584990.7622178,200,134.36120400001528,qwen7b-npu7,
1782584990.7625718,200,166.2960870016832,qwen7b-npu7,
1782584990.7815611,200,102.89858300166088,qwen7b-npu5,
1782584990.8163373,200,98.25759500017739,qwen7b-npu7,
1782584990.8283231,200,133.84704000054626,qwen7b-npu4,
1782584990.84939,200,145.6432910017611,qwen7b-npu6,
1782584990.8694067,200,138.90105999962543,qwen7b-npu5,
1782584990.880697,200,137.1896310010925,qwen7b-npu4,
1782584990.8810792,200,137.21756100130733,qwen7b-npu4,
1782584990.881461,200,152.44164199975785,qwen7b-npu4,
1782584990.896089,200,133.38394700258505,qwen7b-npu5,
1782584990.8965387,200,134.5403939994867,qwen7b-npu5,
1782584990.9007797,200,138.44463799978257,qwen7b-npu6,
1782584990.9011984,200,145.87118300187285,qwen7b-npu6,
1782584990.9036183,200,121.95942800099147,qwen7b-npu4,
1782584990.9124122,200,83.98258899978828,qwen7b-npu7,
1782584990.9199257,200,103.52285699991626,qwen7b-npu5,
1782584990.9705458,200,101.03190100198844,qwen7b-npu5,
1782584990.9860206,200,89.803792998282,qwen7b-npu7,
1782584990.9947295,200,145.26663899960113,qwen7b-npu4,
1782584990.9979808,200,117.16801900183782,qwen7b-npu3,
1782584991.0010438,200,104.38610200071707,qwen7b-npu5,
1782584991.0149693,200,133.79022900335258,qwen7b-npu6,
1782584991.0202503,200,138.67430900063482,qwen7b-npu4,
1782584991.0259478,200,113.4391970008437,qwen7b-npu3,
1782584991.0419004,200,140.59936099874903,qwen7b-npu6,
1782584991.0428734,200,141.97929899819428,qwen7b-npu6,
1782584991.0758226,200,89.6882330016524,qwen7b-npu5,
1782584991.0812333,200,177.54822400092962,qwen7b-npu4,
1782584991.0815988,200,161.57410699815955,qwen7b-npu4,
1782584991.1018567,200,131.24746399989817,qwen7b-npu6,
1782584991.132783,200,137.94270500147832,qwen7b-npu4,
1782584991.1331418,200,135.0619269978779,qwen7b-npu4,
1782584991.134099,200,132.95727399963653,qwen7b-npu4,
1782584991.1523294,200,137.25924100072007,qwen7b-npu6,
1782584991.1526985,200,126.6528570013179,qwen7b-npu6,
1782584991.1564593,200,136.1114940009429,qwen7b-npu4,
1782584991.1808465,200,99.51138199903653,qwen7b-npu4,
1782584991.2058733,200,103.94836900013615,qwen7b-npu4,
1782584991.228215,200,186.21802699999535,qwen7b-npu5,
1782584991.2286263,200,185.64681299903896,qwen7b-npu5,
1782584991.2313807,200,98.49435599971912,qwen7b-npu4,
1782584991.2456732,200,92.9058219990111,qwen7b-npu7,
1782584991.2544873,200,178.57066099895746,qwen7b-npu5,
1782584991.2548766,200,173.20496800311957,qwen7b-npu5,
1782584991.2563622,200,103.92768900055671,qwen7b-npu4,
1782584991.2673495,200,134.0903119998984,qwen7b-npu6,
1782584991.2677648,200,133.57435800207895,qwen7b-npu6,
1782584991.2702866,200,113.73235800056136,qwen7b-npu7,
1782584991.2933853,200,112.46101000142517,qwen7b-npu6,
1782584991.3183029,200,90.00942499915254,qwen7b-npu6,
1782584991.3441448,200,87.6803099999961,qwen7b-npu7,
1782584991.3445814,200,89.98734499982675,qwen7b-npu6,
1782584991.3456028,200,139.65891499901772,qwen7b-npu5,
1782584991.3679187,200,100.05147500123712,qwen7b-npu6,
1782584991.369382,200,123.63435800216394,qwen7b-npu4,
1782584991.369753,200,138.2581760008179,qwen7b-npu4,
1782584991.3712041,200,142.46170200203778,qwen7b-npu5,
1782584991.3929076,200,99.431401999027,qwen7b-npu4,
1782584991.3974657,200,127.11433900039992,qwen7b-npu5,
1782584991.3977215,200,142.72544399864273,qwen7b-npu5,
1782584991.3980737,200,130.61555099920952,qwen7b-npu5,
1782584991.4173872,200,99.01406000062707,qwen7b-npu6,
1782584991.4422534,200,97.54125000108615,qwen7b-npu6,
1782584991.464971,200,95.48278800139087,qwen7b-npu3,
1782584991.469126,200,99.29922100127442,qwen7b-npu6,
1782584991.4774778,200,133.20867600123165,qwen7b-npu4,
1782584991.4892073,200,143.4985579981003,qwen7b-npu5,
1782584991.4916563,200,94.1216289975273,qwen7b-npu3,
1782584991.495222,200,97.42579999874579,qwen7b-npu6,
1782584991.5139413,200,145.95467300023302,qwen7b-npu5,
1782584991.5148864,200,143.57359900168376,qwen7b-npu5,
1782584991.5244553,200,82.09875699685654,qwen7b-npu7,
1782584991.5288684,200,135.86998200116795,qwen7b-npu4,
1782584991.5297894,200,131.58290600040345,qwen7b-npu4,
1782584991.572946,200,103.75118800220662,qwen7b-npu7,
1782584991.577145,200,159.66862700224738,qwen7b-npu5,
1782584991.6176252,200,152.54613399883965,qwen7b-npu6,
1782584991.6208007,200,90.91027999966173,qwen7b-npu7,
1782584991.629659,200,140.35380900168093,qwen7b-npu5,
1782584991.6300623,200,152.5159029988572,qwen7b-npu5,
1782584991.640018,200,126.01379300031113,qwen7b-npu4,
1782584991.646491,200,151.20423499683966,qwen7b-npu6,
1782584991.6467955,200,155.07449800134054,qwen7b-npu6,
1782584991.655482,200,140.4782610006805,qwen7b-npu5,
1782584991.6657932,200,136.82804799827863,qwen7b-npu4,
1782584991.666282,200,141.73552799911704,qwen7b-npu4,
1782584991.6888816,200,111.63855600170791,qwen7b-npu4,
1782584991.701041,200,80.13992499763845,qwen7b-npu7,
1782584991.7181888,200,145.14935799888917,qwen7b-npu5,
1782584991.7452722,200,98.40880599949742,qwen7b-npu4,
1782584991.7646155,200,98.21500399993965,qwen7b-npu4,
1782584991.7690187,200,151.29173600143986,qwen7b-npu6,
1782584991.7750027,200,86.02327100015827,qwen7b-npu7,
1782584991.7968087,200,156.69475800314103,qwen7b-npu6,
1782584991.7971354,200,150.57781100040302,qwen7b-npu6,
1782584991.8099647,200,179.7817579972616,qwen7b-npu5,
1782584991.8103979,200,180.63952299780794,qwen7b-npu5,
1782584991.8229983,200,121.85782700180425,qwen7b-npu6,
1782584991.8355703,200,169.67430699878605,qwen7b-npu5,
1782584991.8364792,200,180.89021500054514,qwen7b-npu5,
1782584991.8410563,200,95.6761590023234,qwen7b-npu4,
1782584991.848795,200,84.06052900318173,qwen7b-npu7,
1782584991.8590713,200,140.79194200166967,qwen7b-npu5,
1782584991.8653188,200,90.20793600211618,qwen7b-npu4,
1782584991.8902748,200,93.0736939990311,qwen7b-npu4,
1782584991.8981416,200,88.05572300116182,qwen7b-npu7,
1782584991.908602,200,85.49472800223157,qwen7b-npu5,
1782584991.9157734,200,146.6271469980711,qwen7b-npu6,
1782584991.922377,200,86.71860500180628,qwen7b-npu7,
1782584991.9435914,200,133.07860500208335,qwen7b-npu6,
1782584991.9438531,200,146.96674999868264,qwen7b-npu6,
1782584991.9447322,200,108.15046400239225,qwen7b-npu4,
1782584991.9594035,200,93.98610900097992,qwen7b-npu5,
1782584991.9619553,200,113.05484399781562,qwen7b-npu3,
1782584991.9645967,200,105.42297799838707,qwen7b-npu4,
1782584991.9741883,200,133.048896001128,qwen7b-npu6,
1782584991.9878743,200,97.53554000053555,qwen7b-npu4,
1782584992.0184164,200,109.72420399775729,qwen7b-npu3,
1782584992.0332675,200,135.03221700011636,qwen7b-npu7,
1782584992.0447655,200,128.90685000093072,qwen7b-npu5,
1782584992.0450716,200,122.59384100252646,qwen7b-npu3,
1782584992.0563755,200,96.88862600160064,qwen7b-npu6,
1782584992.0604877,200,95.79519999897457,qwen7b-npu4,
1782584992.0830255,200,95.0883050027187,qwen7b-npu6,
1782584992.09605,200,121.76683700090507,qwen7b-npu5,
1782584992.0968769,200,152.04213000106392,qwen7b-npu5,
1782584992.097622,200,153.69514099802473,qwen7b-npu5,
1782584992.122092,200,160.0297490003868,qwen7b-npu7,
1782584992.12285,200,179.18720400120947,qwen7b-npu7,
1782584992.1375442,200,92.69684100218001,qwen7b-npu6,
1782584992.1423066,200,81.71979500184534,qwen7b-npu4,
1782584992.1456542,200,127.14496899934602,qwen7b-npu7,
1782584992.165107,200,108.66155799885746,qwen7b-npu6,
1782584992.1703355,200,87.2175980002794,qwen7b-npu5,
1782584992.1714923,200,126.30597499810392,qwen7b-npu7,
1782584992.1720197,200,138.66018900080235,qwen7b-npu7,
1782584992.190176,200,94.06216999923345,qwen7b-npu4,
1782584992.1945214,200,96.81246599939186,qwen7b-npu6,
1782584992.2199337,200,96.98593700159108,qwen7b-npu6,
1782584992.2341058,200,137.12740000119084,qwen7b-npu5,
1782584992.2478757,200,110.20817700045882,qwen7b-npu6,
1782584992.2548816,200,83.30718399884063,qwen7b-npu7,
1782584992.2600653,200,137.8649750004115,qwen7b-npu5,
1782584992.2748284,200,102.67998100243858,qwen7b-npu6,
1782584992.2803667,200,85.77705000061542,qwen7b-npu7,
1782584992.286134,200,143.75193000159925,qwen7b-npu5,
1782584992.2865322,200,140.78147200052626,qwen7b-npu5,
1782584992.3088748,200,88.87551800216897,qwen7b-npu5,
1782584992.317688,200,127.41846100107068,qwen7b-npu3,
1782584992.3252635,200,91.05281099982676,qwen7b-npu6,
1782584992.3334749,200,163.07401700032642,qwen7b-npu4,
1782584992.3338125,200,168.61905000041588,qwen7b-npu4,
1782584992.3719058,200,116.92415799916489,qwen7b-npu3,
1782584992.3822026,200,134.20955200126627,qwen7b-npu4,
1782584992.382626,200,122.44857100085937,qwen7b-npu4,
1782584992.3973835,200,122.43912100166199,qwen7b-npu7,
1782584992.4041111,200,95.1436349969299,qwen7b-npu6,
1782584992.423314,200,142.8511049998633,qwen7b-npu7,
1782584992.4244683,200,138.21259700125665,qwen7b-npu7,
1782584992.4248686,200,138.22221599912154,qwen7b-npu7,
1782584992.428077,200,110.32135699861101,qwen7b-npu3,
1782584992.4305575,200,105.19536700303433,qwen7b-npu4,
1782584992.431524,200,97.95928300081869,qwen7b-npu6,
1782584992.4467788,200,112.8957740002079,qwen7b-npu7,
1782584992.452631,200,80.66072799920221,qwen7b-npu5,
1782584992.4766474,200,93.90210800120258,qwen7b-npu5,
1782584992.5144813,200,116.99406800107681,qwen7b-npu4,
1782584992.521965,200,139.61971500248183,qwen7b-npu6,
1782584992.5340877,200,129.87987599990447,qwen7b-npu7,
1782584992.559607,200,127.99916499716346,qwen7b-npu7,
1782584992.5600088,200,129.35195300087798,qwen7b-npu7,
1782584992.56786,200,143.27252699877135,qwen7b-npu4,
1782584992.5682547,200,143.27300700097112,qwen7b-npu4,
1782584992.5687208,200,145.33742999992683,qwen7b-npu4,
1782584992.5748239,200,127.98010499682277,qwen7b-npu6,
1782584992.57534,200,147.17799100253615,qwen7b-npu6,
1782584992.5831287,200,106.37952400065842,qwen7b-npu7,
1782584992.6015162,200,148.82264099651366,qwen7b-npu6,
1782584992.6148381,200,92.79536200119765,qwen7b-npu4,
1782584992.6175463,200,102.94725299900165,qwen7b-npu3,
1782584992.6517446,200,92.05644699977711,qwen7b-npu6,
1782584992.6530623,200,118.8772589994187,qwen7b-npu5,
1782584992.6978495,200,122.9581940024218,qwen7b-npu7,
1782584992.698155,200,138.02385500093806,qwen7b-npu7,
1782584992.6985831,200,129.76106600035564,qwen7b-npu7,
1782584992.7045324,200,136.55711700266693,qwen7b-npu5,
1782584992.70493,200,136.5681669994956,qwen7b-npu5,
1782584992.7059026,200,130.4987900002743,qwen7b-npu5,
1782584992.7248564,200,123.24712600093335,qwen7b-npu4,
1782584992.7257228,200,142.48177199988277,qwen7b-npu4,
1782584992.7290184,200,111.39851400002954,qwen7b-npu5,
1782584992.744735,200,92.89602199714864,qwen7b-npu6,
1782584992.7844198,200,169.4633659972169,qwen7b-npu4,
1782584992.7902997,200,137.17208999878494,qwen7b-npu5,
1782584992.8189392,200,89.8144639977545,qwen7b-npu6,
1782584992.8200362,200,121.76221699701273,qwen7b-npu7,
1782584992.8352768,200,137.34465100060333,qwen7b-npu4,
1782584992.8360386,200,130.04688799992437,qwen7b-npu4,
1782584992.8450522,200,140.40277000094648,qwen7b-npu7,
1782584992.8828,200,184.11574499987182,qwen7b-npu5,
1782584992.883229,200,178.194648000499,qwen7b-npu5,
1782584992.9083145,200,182.48210399906384,qwen7b-npu5,
1782584992.9094348,200,184.50902699987637,qwen7b-npu7,
1782584992.9097605,200,164.91809799845214,qwen7b-npu7,
1782584992.916093,200,79.98381400102517,qwen7b-npu6,
1782584992.933971,200,143.5706289994414,qwen7b-npu5,
1782584992.9347746,200,150.2413689995592,qwen7b-npu5,
1782584992.960743,200,140.5959609983256,qwen7b-npu7,
1782584992.9611301,200,142.08837000114727,qwen7b-npu7,
1782584992.9615014,200,126.13778400191222,qwen7b-npu7,
1782584992.965726,200,82.81532099863398,qwen7b-npu4,
1782584992.986027,200,140.87477199791465,qwen7b-npu7,
1782584992.9905517,200,107.21334900154034,qwen7b-npu4,
1782584993.0327399,200,123.20640599864419,qwen7b-npu6,
1782584993.0362504,200,101.37958300038008,qwen7b-npu4,
1782584993.056124,200,147.70157300154096,qwen7b-npu7,
1782584993.059235,200,143.0775859989808,qwen7b-npu6,
1782584993.059565,200,149.7302759999002,qwen7b-npu6,
1782584993.115005,200,180.96826499822782,qwen7b-npu7,
1782584993.117897,200,81.55263300068327,qwen7b-npu4,
1782584993.1389368,200,82.70604100107448,qwen7b-npu6,
1782584993.139933,200,80.59673800016753,qwen7b-npu5,
1782584993.1428034,200,83.165932999691,qwen7b-npu4,
1782584993.1448977,200,184.03534399840282,qwen7b-npu7,
1782584993.1456034,200,184.37694599924725,qwen7b-npu7,
1782584993.1460135,200,180.22046999976737,qwen7b-npu7,
1782584993.1464844,200,184.86923800082877,qwen7b-npu7,
1782584993.1703894,200,137.56196300164447,qwen7b-npu7,
1782584993.1707017,200,184.58029700195766,qwen7b-npu7,
1782584993.171042,200,180.4018820002966,qwen7b-npu7,
1782584993.2209077,200,102.90826299751643,qwen7b-npu7,
1782584993.223097,200,83.06598299895995,qwen7b-npu4,
1782584993.2445943,200,105.55640899838181,qwen7b-npu7,
1782584993.247793,200,102.08558700105641,qwen7b-npu4,
1782584993.2555375,200,140.46749000044656,qwen7b-npu5,
1782584993.269351,200,98.53387600014685,qwen7b-npu7,
1782584993.281638,200,136.625726998318,qwen7b-npu5,
1782584993.2821004,200,139.23171299757087,qwen7b-npu5,
1782584993.3049185,200,134.4419730012305,qwen7b-npu5,
1782584993.3110266,200,164.90147799777333,qwen7b-npu6,
1782584993.3285189,200,83.82371699917712,qwen7b-npu4,
1782584993.33723,200,166.08115500275744,qwen7b-npu6,
1782584993.3379316,200,191.37267800033442,qwen7b-npu6,
1782584993.3542807,200,84.81479300098727,qwen7b-npu4,
1782584993.363116,200,139.86595599999418,qwen7b-npu6,
1782584993.3642228,200,143.19191600225167,qwen7b-npu6,
1782584993.3785353,200,96.33333300007507,qwen7b-npu5,
1782584993.3848686,200,136.967148999247,qwen7b-npu7,
1782584993.3853188,200,129.65975499901106,qwen7b-npu7,
1782584993.4052079,200,94.11159900264465,qwen7b-npu4,
1782584993.409511,200,127.73445299899322,qwen7b-npu7,
1782584993.4143808,200,109.3424419996154,qwen7b-npu6,
1782584993.4299517,200,101.36245399917243,qwen7b-npu4,
1782584993.4350276,200,97.73042199958581,qwen7b-npu7,
1782584993.4396284,200,101.59918399949674,qwen7b-npu6,
1782584993.45434,200,99.94255499987048,qwen7b-npu4,
1782584993.4549732,200,90.64331800254877,qwen7b-npu5,
1782584993.460497,200,97.26209899963578,qwen7b-npu7,
1782584993.4653006,200,86.6606050003611,qwen7b-npu6,
1782584993.4906213,200,105.63618900050642,qwen7b-npu6,
1782584993.503542,200,93.92389799904777,qwen7b-npu4,
1782584993.5107958,200,105.5231080026715,qwen7b-npu7,
1782584993.5182168,200,132.78362399796606,qwen7b-npu5,
1782584993.535285,200,105.26725700037787,qwen7b-npu7,
1782584993.5505173,200,96.07952199803549,qwen7b-npu4,
1782584993.5811772,200,166.70479900130886,qwen7b-npu5,
1782584993.605508,200,140.10911800141912,qwen7b-npu6,
1782584993.6058834,200,145.28309000161244,qwen7b-npu6,
1782584993.6100543,200,106.4069739986735,qwen7b-npu7,
1782584993.6229255,200,87.57256999888341,qwen7b-npu4,
1782584993.629235,200,118.3500160004769,qwen7b-npu6,
1782584993.644334,200,204.640677999123,qwen7b-npu5,
1782584993.6449063,200,209.81451999978162,qwen7b-npu5,
1782584993.6725814,200,91.30913199987845,qwen7b-npu3,
1782584993.6954145,200,85.25205600017216,qwen7b-npu4,
1782584993.7053912,200,99.38279199923272,qwen7b-npu6,
1782584993.7057664,200,82.75273100298364,qwen7b-npu7,
1782584993.7073224,200,216.60969100048533,qwen7b-npu5,
1782584993.707717,200,252.6807190006366,qwen7b-npu5,
1782584993.7441304,200,99.1568899989943,qwen7b-npu4,
1782584993.7723804,200,221.76225200018962,qwen7b-npu5,
1782584993.7728012,200,254.51867100127856,qwen7b-npu5,
1782584993.7895136,200,81.72385499710799,qwen7b-npu6,
1782584993.7975438,200,191.95108199710376,qwen7b-npu5,
1782584993.7979198,200,168.62194100031047,qwen7b-npu5,
1782584993.8230958,200,178.69960100142634,qwen7b-npu5,
1782584993.8235762,200,150.93199299735716,qwen7b-npu5,
1782584993.8477545,200,140.32851900265086,qwen7b-npu5,
1782584993.8570218,200,161.49806800240185,qwen7b-npu7,
1782584993.8649354,200,92.42852900206344,qwen7b-npu6,
1782584993.8729024,200,83.26774400120485,qwen7b-npu4,
1782584993.8828828,200,177.00076099936268,qwen7b-npu7,
1782584993.8834465,200,177.9401460007648,qwen7b-npu7,
1782584993.8979847,200,99.99649500241503,qwen7b-npu4,
1782584993.907888,200,134.9675860001298,qwen7b-npu7,
1782584993.908186,200,163.94808200129773,qwen7b-npu7,
1782584993.9164388,200,92.78866100066807,qwen7b-npu6,
1782584993.923036,200,99.87893400102621,qwen7b-npu5,
1782584993.9322338,200,134.5857550004439,qwen7b-npu7,
1782584993.9439495,200,86.8132460018387,qwen7b-npu6,
1782584993.9449134,200,97.04842800056213,qwen7b-npu4,
1782584993.9617784,200,96.75368600073853,qwen7b-npu3,
1782584993.9814672,200,98.46819599988521,qwen7b-npu7,
1782584994.0070002,200,134.02542100084247,qwen7b-npu6,
1782584994.0127156,200,129.11862200053292,qwen7b-npu5,
1782584994.0250556,200,80.05479499843204,qwen7b-npu4,
1782584994.0316541,200,87.60265999808325,qwen7b-npu7,
1782584994.0343819,200,126.42656499883742,qwen7b-npu6,
1782584994.0402691,200,142.18814100240706,qwen7b-npu5,
1782584994.040566,200,132.3084799987555,qwen7b-npu5,
1782584994.0563254,200,94.48091200101771,qwen7b-npu7,
1782584994.0598857,200,127.58731199937756,qwen7b-npu6,
1782584994.06021,200,143.7075489993731,qwen7b-npu6,
1782584994.0632515,200,140.1526890003879,qwen7b-npu5,
1782584994.0797563,200,98.19357499873149,qwen7b-npu7,
1782584994.1231232,200,97.96714299955056,qwen7b-npu3,
1782584994.1474123,200,134.59044500268647,qwen7b-npu6,
1782584994.169753,200,162.6458940008888,qwen7b-npu4,
1782584994.1742475,200,142.49521199963056,qwen7b-npu6,
1782584994.1746707,200,134.03094100067392,qwen7b-npu6,
1782584994.1909401,200,130.95417200020165,qwen7b-npu7,
1782584994.1915574,200,128.24144600017462,qwen7b-npu7,
1782584994.1964452,200,161.96092999962275,qwen7b-npu4,
1782584994.1967316,200,156.39444699991145,qwen7b-npu4,
1782584994.1981022,200,137.82372399873566,qwen7b-npu6,
1782584994.22201,200,165.5740730020625,qwen7b-npu4,
1782584994.2224317,200,142.60964300046908,qwen7b-npu4,
1782584994.2308645,200,83.34291400024085,qwen7b-npu5,
1782584994.2734327,200,103.57521699916106,qwen7b-npu6,
1782584994.279791,200,105.02022500077146,qwen7b-npu5,
1782584994.2815597,200,158.32404799948563,qwen7b-npu4,
1782584994.3021977,200,127.8295039992372,qwen7b-npu7,
1782584994.3043673,200,106.19995299930451,qwen7b-npu5,
1782584994.3233376,200,100.79317000054289,qwen7b-npu6,
1782584994.3274896,200,136.47980600217124,qwen7b-npu7,
1782584994.3277135,200,130.91613200231222,qwen7b-npu7,
1782584994.352027,200,121.05980200067279,qwen7b-npu7,
1782584994.3668535,200,175.2255100000184,qwen7b-npu4,
1782584994.3673713,200,170.86235399983707,qwen7b-npu4,
1782584994.3771744,200,97.28737900150008,qwen7b-npu5,
1782584994.3992703,200,94.82143399873166,qwen7b-npu6,
1782584994.426032,200,203.91122400178574,qwen7b-npu4,
1782584994.4264119,200,103.00935400300659,qwen7b-npu6,
1782584994.4272223,200,99.43938099968364,qwen7b-npu5,
1782584994.4498417,200,82.89204099855851,qwen7b-npu7,
1782584994.450745,200,98.6171969998395,qwen7b-npu6,
1782584994.45208,200,178.54373099908116,qwen7b-npu4,
1782584994.4524462,200,170.78808299993398,qwen7b-npu4,
1782584994.4740355,200,106.59073499846272,qwen7b-npu7,
1782584994.4758728,200,98.63616700022249,qwen7b-npu5,
1782584994.4789717,200,151.41345699885278,qwen7b-npu4,
1782584994.4795525,200,177.24738299875753,qwen7b-npu4,
1782584994.5015714,200,102.24009800003842,qwen7b-npu6,
1782584994.5254428,200,99.29698099949746,qwen7b-npu5,
1782584994.5262244,200,99.70084400265478,qwen7b-npu4,
1782584994.5273283,200,100.0426749997132,qwen7b-npu6,
1782584994.5472674,200,95.08862499933457,qwen7b-npu3,
1782584994.5514839,200,98.97294900292763,qwen7b-npu4,
1782584994.5543752,200,103.534216999833,qwen7b-npu6,
1782584994.5749166,200,98.97734900005162,qwen7b-npu4,
1782584994.5755298,200,96.4802039998176,qwen7b-npu5,
1782584994.6018052,200,100.15032599767437,qwen7b-npu6,
1782584994.6234472,200,173.5440499978722,qwen7b-npu7,
1782584994.6252651,200,99.7303340009239,qwen7b-npu5,
1782584994.626043,200,99.72258400011924,qwen7b-npu3,
1782584994.6477268,200,100.36583699911716,qwen7b-npu4,
1782584994.6497777,200,170.1059089973569,qwen7b-npu7,
1782584994.650236,200,176.1008360008418,qwen7b-npu7,
1782584994.6514757,200,96.99177700167638,qwen7b-npu6,
1782584994.675227,200,147.83153399912408,qwen7b-npu7,
1782584994.6755838,200,124.0383809999912,qwen7b-npu7,
1782584994.6760724,200,101.05088199998136,qwen7b-npu5,
1782584994.697183,200,95.31392700228025,qwen7b-npu4,
1782584994.6985643,200,122.96157399759977,qwen7b-npu7,
1782584994.7251196,200,98.98314900055993,qwen7b-npu5,
1782584994.7509458,200,100.60770900236093,qwen7b-npu5,
1782584994.770229,200,94.04720900056418,qwen7b-npu7,
1782584994.7833407,200,133.44018800125923,qwen7b-npu4,
1782584994.7995558,200,102.31094900154858,qwen7b-npu5,
1782584994.8028266,200,179.31312599830562,qwen7b-npu6,
1782584994.803138,200,177.76759600019432,qwen7b-npu6,
1782584994.8092403,200,133.54254799924092,qwen7b-npu4,
1782584994.8096044,200,134.27523300197208,qwen7b-npu4,
1782584994.829137,200,177.5446749998082,qwen7b-npu6,
1782584994.8296049,200,181.78121000164538,qwen7b-npu6,
1782584994.8335142,200,134.88268600121955,qwen7b-npu4,
1782584994.8585782,200,107.55324099955033,qwen7b-npu4,
1782584994.8907778,200,120.48493899783352,qwen7b-npu7,
1782584994.891611,200,166.43010699772276,qwen7b-npu6,
1782584994.9079056,200,98.1925650012272,qwen7b-npu4,
1782584994.9153764,200,81.76435499990475,qwen7b-npu5,
1782584994.9169762,200,133.5290890019678,qwen7b-npu7,
1782584994.9330204,200,103.29543599800672,qwen7b-npu4,
1782584994.9427984,200,143.15748700028053,qwen7b-npu7,
1782584994.943199,200,139.90834699870902,qwen7b-npu7,
1782584994.9439492,200,141.039133999584,qwen7b-npu6,
1782584994.9451547,200,135.82477199815912,qwen7b-npu6,
1782584994.9668097,200,137.53817199904006,qwen7b-npu7,
1782584994.9678524,200,109.20893100046669,qwen7b-npu6,
1782584994.9974113,200,106.56892499901005,qwen7b-npu3,
1782584995.007663,200,92.22387800036813,qwen7b-npu4,
1782584995.029482,200,137.81054399805726,qwen7b-npu5,
1782584995.032936,200,87.68134999991162,qwen7b-npu4,
1782584995.0560951,200,148.12539600097807,qwen7b-npu5,
1782584995.0571084,200,140.02312800221262,qwen7b-npu5,
1782584995.0578823,200,90.9655700015719,qwen7b-npu4,
1782584995.080175,200,136.12911400196026,qwen7b-npu7,
1782584995.0805795,200,137.26747100008652,qwen7b-npu7,
1782584995.0809634,200,147.85244499944383,qwen7b-npu5,
1782584995.0817275,200,138.82096099769115,qwen7b-npu6,
1782584995.103439,200,135.48945999718853,qwen7b-npu7,
1782584995.153624,200,97.43198000069242,qwen7b-npu7,
1782584995.1676729,200,134.6438449982088,qwen7b-npu5,
1782584995.1689315,200,171.45630700179026,qwen7b-npu6,
1782584995.1693003,200,161.57330799978808,qwen7b-npu6,
1782584995.1790433,200,97.21544900094159,qwen7b-npu7,
1782584995.188042,200,106.99906800073222,qwen7b-npu3,
1782584995.1917584,200,134.53216499692644,qwen7b-npu5,
1782584995.1944036,200,136.42949600034626,qwen7b-npu6,
1782584995.1948364,200,165.2902300011192,qwen7b-npu6,
1782584995.2041154,200,100.60900900134584,qwen7b-npu7,
1782584995.2176976,200,137.4055820015201,qwen7b-npu5,
1782584995.2180634,200,137.36011199944187,qwen7b-npu5,
1782584995.2527235,200,83.68982600222807,qwen7b-npu7,
1782584995.265807,200,96.4355539981625,qwen7b-npu6,
1782584995.303284,200,149.59134500168147,qwen7b-npu5,
1782584995.3229816,200,155.21133999936865,qwen7b-npu4,
1782584995.3294306,200,141.288334998535,qwen7b-npu5,
1782584995.329792,200,125.60835999829578,qwen7b-npu5,
1782584995.3399787,200,87.15708800082211,qwen7b-npu6,
1782584995.3491228,200,170.0140190005186,qwen7b-npu4,
1782584995.349932,200,158.07537699947716,qwen7b-npu4,
1782584995.353499,200,135.71655100167845,qwen7b-npu5,
1782584995.375048,200,180.09620999873732,qwen7b-npu4,
1782584995.375373,200,180.85350500041386,qwen7b-npu4,
1782584995.3758638,200,157.66646399788442,qwen7b-npu4,
1782584995.3911972,200,87.83526100160088,qwen7b-npu6,
1782584995.3973582,200,131.48282600013772,qwen7b-npu4,
1782584995.416886,200,87.36958900044556,qwen7b-npu6,
1782584995.422249,200,82.20356699894182,qwen7b-npu7,
1782584995.442846,200,93.65855699797976,qwen7b-npu6,
1782584995.4465373,200,92.94940199833945,qwen7b-npu7,
1782584995.468679,200,93.16744299940183,qwen7b-npu6,
1782584995.4711306,200,95.99912100020447,qwen7b-npu4,
1782584995.4954453,200,104.15691999878618,qwen7b-npu7,
1782584995.4963703,200,98.94778899979428,qwen7b-npu4,
1782584995.504088,200,180.99962600172148,qwen7b-npu5,
1782584995.5045593,200,174.65164700115565,qwen7b-npu5,
1782584995.5195959,200,102.59057099756319,qwen7b-npu6,
1782584995.521396,200,99.05244000037783,qwen7b-npu4,
1782584995.5292032,200,179.15683499813895,qwen7b-npu5,
1782584995.5295472,200,153.55698900020798,qwen7b-npu5,
1782584995.5441792,200,97.57643000193639,qwen7b-npu7,
1782584995.5524228,200,109.51569200187805,qwen7b-npu5,
1782584995.570461,200,99.2273399970145,qwen7b-npu4,
1782584995.5951695,200,98.73647799759055,qwen7b-npu4,
1782584995.604612,200,109.09699999683653,qwen7b-npu5,
1782584995.6079936,200,139.21109300281387,qwen7b-npu6,
1782584995.6183171,200,114.09860999992816,qwen7b-npu3,
1782584995.631825,200,127.15085000309045,qwen7b-npu7,
1782584995.6538422,200,83.31794400146464,qwen7b-npu5,
1782584995.6617692,200,132.4529320008878,qwen7b-npu6,
1782584995.6621757,200,140.68465200034552,qwen7b-npu6,
1782584995.6625557,200,132.9129749974527,qwen7b-npu6,
1782584995.6772726,200,82.02544700179715,qwen7b-npu4,
1782584995.6958895,200,176.1936170005356,qwen7b-npu7,
1782584995.7030828,200,98.40595499917981,qwen7b-npu4,
1782584995.7265851,200,94.66452299966477,qwen7b-npu3,
1782584995.745763,200,83.4886650009139,qwen7b-npu5,
1782584995.7467942,200,84.1232589991705,qwen7b-npu6,
1782584995.7527778,200,98.87090899792383,qwen7b-npu4,
1782584995.7599566,200,215.6815349990211,qwen7b-npu7,
1782584995.760211,200,207.72326700171106,qwen7b-npu7,
1782584995.7853765,200,177.2705629991833,qwen7b-npu7,
1782584995.785854,200,167.44039300101576,qwen7b-npu7,
1782584995.8104045,200,148.51622900096118,qwen7b-npu7,
1782584995.8108506,200,133.47905799673754,qwen7b-npu7,
1782584995.8310654,200,127.88673400063999,qwen7b-npu5,
1782584995.8331153,200,106.46619399994961,qwen7b-npu7,
1782584995.835452,200,139.46534400020028,qwen7b-npu6,
1782584995.8805258,200,94.55070199692273,qwen7b-npu7,
1782584995.888768,200,128.73907899847836,qwen7b-npu6,
1782584995.8891053,200,136.2336350030091,qwen7b-npu6,
1782584995.8894722,200,142.5678829982644,qwen7b-npu6,
1782584995.9191973,200,173.35964899757528,qwen7b-npu5,
1782584995.9196033,200,159.32120500292513,qwen7b-npu5,
1782584995.9294722,200,118.9462700021977,qwen7b-npu4,
1782584995.9446704,200,159.15263300121296,qwen7b-npu5,
1782584995.9450343,200,134.04433100004098,qwen7b-npu5,
1782584995.9550083,200,121.82653799754917,qwen7b-npu4,
1782584995.9555326,200,124.39612299931468,qwen7b-npu4,
1782584995.9665923,200,85.99923099973239,qwen7b-npu6,
1782584995.9697897,200,134.22630200147978,qwen7b-npu5,
1782584995.9706976,200,81.82789500278886,qwen7b-npu7,
1782584995.9917,200,102.11790800167364,qwen7b-npu6,
1782584995.9928493,200,103.67161799877067,qwen7b-npu5,
1782584996.0167205,200,87.13942699978361,qwen7b-npu6,
1782584996.0203428,200,100.66059900054825,qwen7b-npu7,
1782584996.0370517,200,117.75802199917962,qwen7b-npu4,
1782584996.0832787,200,127.67132299995865,qwen7b-npu7,
1782584996.0892625,200,118.46546699962346,qwen7b-npu4,
1782584996.089517,200,144.36851400023443,qwen7b-npu4,
1782584996.090044,200,145.26598899828969,qwen7b-npu4,
1782584996.0906396,200,135.56041099946015,qwen7b-npu4,
1782584996.1044352,200,134.58216400249512,qwen7b-npu5,
1782584996.105028,200,138.34524800040526,qwen7b-npu5,
1782584996.1348464,200,143.05919599792105,qwen7b-npu7,
1782584996.1357777,200,142.82069499677164,qwen7b-npu7,
1782584996.140059,200,123.23354600084713,qwen7b-npu6,
1782584996.1668372,200,146.407995998743,qwen7b-npu6,
1782584996.167141,200,130.02516699998523,qwen7b-npu6,
1782584996.184008,200,93.83838799840305,qwen7b-npu7,
1782584996.1914568,200,101.8705169990426,qwen7b-npu6,
1782584996.2091305,200,104.03702999974485,qwen7b-npu7,
1782584996.222228,200,138.88279999810038,qwen7b-npu4,
1782584996.2267487,200,137.4199009987933,qwen7b-npu5,
1782584996.2407434,200,149.99376800187747,qwen7b-npu4,
1782584996.241093,200,136.5605559985852,qwen7b-npu4,
1782584996.2632737,200,96.34319299948402,qwen7b-npu3,
1782584996.2644343,200,124.2768320007599,qwen7b-npu4,
1782584996.2781723,200,142.2684709978057,qwen7b-npu5,
1782584996.2789106,200,143.9971610016073,qwen7b-npu5,
1782584996.3030148,200,135.80164200175204,qwen7b-npu5,
1782584996.3072731,200,123.15505600054166,qwen7b-npu6,
1782584996.3228133,200,81.6057539996109,qwen7b-npu7,
1782584996.3281415,200,105.81475000071805,qwen7b-npu5,
1782584996.33385,200,142.29104200057918,qwen7b-npu6,
1782584996.3341942,200,124.96534700039774,qwen7b-npu6,
1782584996.3481765,200,84.80710299772909,qwen7b-npu7,
1782584996.3530614,200,88.52796599967405,qwen7b-npu5,
1782584996.3581293,200,131.31555499785463,qwen7b-npu6,
1782584996.3724976,200,131.67087599867955,qwen7b-npu4,
1782584996.3969145,200,118.6590180004714,qwen7b-npu4,
1782584996.3977172,200,118.71082799916621,qwen7b-npu4,
1782584996.402851,200,95.45794799851137,qwen7b-npu5,
1782584996.4261773,200,91.86964599939529,qwen7b-npu3,
1782584996.4282455,200,100.0036250006815,qwen7b-npu5,
1782584996.4433548,200,109.4223719992442,qwen7b-npu6,
1782584996.444781,200,141.67320699925767,qwen7b-npu7,
1782584996.4696577,200,146.7467280017445,qwen7b-npu7,
1782584996.4803045,200,122.08867899971665,qwen7b-npu4,
1782584996.4964776,200,143.32218799972907,qwen7b-npu7,
1782584996.4968748,200,148.60339900042163,qwen7b-npu7,
1782584996.4973176,200,124.75450499914587,qwen7b-npu7,
1782584996.5255828,200,82.15638700130512,qwen7b-npu5,
1782584996.5308146,200,132.99692500004312,qwen7b-npu4,
1782584996.5312247,200,134.24568199843634,qwen7b-npu4,
1782584996.558848,200,114.00155999945127,qwen7b-npu3,
1782584996.5726743,200,169.71921699951054,qwen7b-npu6,
1782584996.579411,200,82.81375099977595,qwen7b-npu7,
1782584996.5980566,200,101.08461200070451,qwen7b-npu5,
1782584996.5996315,200,173.34254900197266,qwen7b-npu6,
1782584996.600449,200,172.08398100046907,qwen7b-npu6,
1782584996.60467,200,107.2790399994119,qwen7b-npu7,
1782584996.6081092,200,82.46038899960695,qwen7b-npu4,
1782584996.6269288,200,157.16883099958068,qwen7b-npu6,
1782584996.6276195,200,147.21199999985402,qwen7b-npu6,
1782584996.6293657,200,98.44376600085525,qwen7b-npu7,
1782584996.6342208,200,102.88111199770356,qwen7b-npu4,
1782584996.6584969,200,99.58664200166822,qwen7b-npu4,
1782584996.6833162,200,103.81167899686261,qwen7b-npu4,
1782584996.7137797,200,140.99739299854264,qwen7b-npu5,
1782584996.74259,200,137.8485040004307,qwen7b-npu6,
1782584996.7434552,200,142.9081349997432,qwen7b-npu6,
1782584996.7437294,200,115.99588199896971,qwen7b-npu4,
1782584996.745204,200,145.4710999969393,qwen7b-npu5,
1782584996.7456036,200,147.45932299774722,qwen7b-npu5,
1782584996.7461834,200,138.0100249989482,qwen7b-npu5,
1782584996.7502904,200,123.25083600080688,qwen7b-npu7,
1782584996.7771976,200,142.8743049982586,qwen7b-npu7,
1782584996.7776313,200,148.17392600161838,qwen7b-npu7,
1782584996.8001978,200,141.63375700081815,qwen7b-npu7,
1782584996.8329642,200,149.54320499964524,qwen7b-npu6,
1782584996.859061,200,145.18427800067002,qwen7b-npu6,
1782584996.8628774,200,116.62875599722611,qwen7b-npu4,
1782584996.8706439,200,127.94856400068966,qwen7b-npu5,
1782584996.8864067,200,142.8784950003319,qwen7b-npu6,
1782584996.8866432,200,142.85115399979986,qwen7b-npu6,
1782584996.8973207,200,152.0024800011015,qwen7b-npu5,
1782584996.8977144,200,151.9978500000434,qwen7b-npu5,
1782584996.898122,200,147.72898400042322,qwen7b-npu5,
1782584996.9144468,200,137.12231899990002,qwen7b-npu4,
1782584996.915444,200,137.69158300056006,qwen7b-npu4,
1782584996.9198785,200,86.81270500164828,qwen7b-npu5,
1782584996.9388516,200,138.55627799784997,qwen7b-npu4,
1782584996.9419441,200,82.7630309977394,qwen7b-npu7,
1782584996.966027,200,95.31416699974216,qwen7b-npu7,
1782584996.9737468,200,87.04151599886245,qwen7b-npu6,
1782584996.9982786,200,135.3037189983297,qwen7b-npu4,
1782584996.9996827,200,113.21046499870135,qwen7b-npu6,
1782584997.0256171,200,105.64476899889996,qwen7b-npu6,
1782584997.0355284,200,138.09230599872535,qwen7b-npu5,
1782584997.0358696,200,138.04051500119385,qwen7b-npu5,
1782584997.0363562,200,138.1248459983908,qwen7b-npu5,
1782584997.0396683,200,97.61898100259714,qwen7b-npu3,
1782584997.0444393,200,78.31582400103798,qwen7b-npu7,
1782584997.09379,200,95.4461680012173,qwen7b-npu3,
1782584997.106934,200,107.1886479985551,qwen7b-npu5,
1782584997.1200285,200,84.04637900093803,qwen7b-npu7,
1782584997.1207764,200,84.31264000319061,qwen7b-npu6,
1782584997.122432,200,206.89305199994124,qwen7b-npu4,
1782584997.122838,200,208.29875100025674,qwen7b-npu4,
1782584997.1322455,200,106.53366499900585,qwen7b-npu5,
1782584997.1467197,200,102.1860580003704,qwen7b-npu7,
1782584997.1476865,200,173.877232002269,qwen7b-npu4,
1782584997.1479242,200,208.98989400302526,qwen7b-npu4,
1782584997.1995246,200,105.66633000053116,qwen7b-npu6,
1782584997.2059402,200,98.94217900000513,qwen7b-npu5,
1782584997.2073207,200,167.5487440006691,qwen7b-npu4,
1782584997.2077765,200,172.14927199893282,qwen7b-npu4,
1782584997.2268677,200,105.98874099741806,qwen7b-npu6,
1782584997.2527068,200,104.7128940008406,qwen7b-npu6,
1782584997.260802,200,138.30861699898378,qwen7b-npu7,
1782584997.261156,200,138.1902169996465,qwen7b-npu4,
1782584997.2618465,200,141.75497800169978,qwen7b-npu7,
1782584997.262146,200,129.80029599930276,qwen7b-npu4,
1782584997.2847648,200,137.01197000045795,qwen7b-npu7,
1782584997.2896652,200,142.8587439986586,qwen7b-npu4,
1782584997.291005,200,83.56927500062739,qwen7b-npu5,
1782584997.3045607,200,104.97097500046948,qwen7b-npu6,
1782584997.3093264,200,82.36995799961733,qwen7b-npu4,
1782584997.309818,200,103.81357799997204,qwen7b-npu7,
1782584997.3106568,200,102.76363199955085,qwen7b-npu3,
1782584997.3590658,200,96.80644599939114,qwen7b-npu7,
1782584997.3635883,200,101.68096599954879,qwen7b-npu3,
1782584997.384224,200,93.08579400021699,qwen7b-npu7,
1782584997.3895388,200,80.10420500067994,qwen7b-npu4,
1782584997.3955297,200,142.71928399830358,qwen7b-npu6,
1782584997.4092348,200,98.47786600221298,qwen7b-npu7,
1782584997.445327,200,184.05748400255106,qwen7b-npu5,
1782584997.4456875,200,184.78168799993,qwen7b-npu5,
1782584997.4584029,200,94.73092299958807,qwen7b-npu7,
1782584997.4701452,200,185.29312200189452,qwen7b-npu5,
1782584997.470431,200,180.70006299967645,qwen7b-npu5,
1782584997.4741027,200,84.4719510023424,qwen7b-npu4,
1782584997.4833012,200,98.96818900233484,qwen7b-npu7,
1782584997.4876764,200,183.02132800090476,qwen7b-npu6,
1782584997.4883173,200,178.38702999870293,qwen7b-npu6,
1782584997.5143363,200,155.17384900158504,qwen7b-npu6,
1782584997.5420506,200,132.72021399825462,qwen7b-npu6,
1782584997.542396,200,146.7696680010704,qwen7b-npu6,
1782584997.5668104,200,121.01220300246496,qwen7b-npu6,
1782584997.5704448,200,82.0614869990095,qwen7b-npu7,
1782584997.588651,200,118.4385470005509,qwen7b-npu4,
1782584997.6152935,200,131.88721800179337,qwen7b-npu4,
1782584997.6157458,200,127.97553499694914,qwen7b-npu4,
1782584997.6198847,200,105.44490800020867,qwen7b-npu7,
1782584997.6208572,200,162.363342999015,qwen7b-npu5,
1782584997.6211383,200,175.70727299971622,qwen7b-npu5,
1782584997.638641,200,96.13194199846475,qwen7b-npu4,
1782584997.644993,200,102.83517300194944,qwen7b-npu6,
1782584997.6457853,200,175.28503100038506,qwen7b-npu5,
1782584997.6466699,200,172.46791400248185,qwen7b-npu5,
1782584997.6689272,200,102.02377799942042,qwen7b-npu5,
1782584997.6966336,200,81.22287100195535,qwen7b-npu7,
1782584997.709185,200,138.6435789972893,qwen7b-npu6,
1782584997.716338,200,100.48237899900414,qwen7b-npu5,
1782584997.72115,200,101.16632299832418,qwen7b-npu7,
1782584997.7224617,200,133.74658999964595,qwen7b-npu4,
1782584997.7624288,200,141.48766600192175,qwen7b-npu6,
1782584997.762693,200,141.49529600035748,qwen7b-npu6,
1782584997.7636762,200,94.68820300025982,qwen7b-npu3,
1782584997.7753012,200,128.53577799978666,qwen7b-npu4,
1782584997.7762163,200,130.33246899794904,qwen7b-npu4,
1782584997.7765431,200,137.8407039992453,qwen7b-npu4,
1782584997.7882836,200,143.18387700041058,qwen7b-npu6,
1782584997.8291721,200,132.43554099972243,qwen7b-npu5,
1782584997.8455424,200,83.03853200050071,qwen7b-npu7,
1782584997.849003,200,85.20116500221775,qwen7b-npu4,
1782584997.8522148,200,142.93428499877336,qwen7b-npu6,
1782584997.8545878,200,132.04592900001444,qwen7b-npu5,
1782584997.8555768,200,139.1757220008003,qwen7b-npu5,
1782584997.8559349,200,134.67713499994716,qwen7b-npu5,
1782584997.871351,200,82.96712199808098,qwen7b-npu7,
1782584997.8744,200,98.08195300138323,qwen7b-npu4,
1782584997.877737,200,114.98351599948364,qwen7b-npu5,
1782584997.906373,200,129.76295599946752,qwen7b-npu6,
1782584997.907072,200,131.70363700191956,qwen7b-npu6,
1782584997.9520566,200,80.62469799915561,qwen7b-npu5,
1782584997.9588826,200,129.57230399842956,qwen7b-npu4,
1782584997.9600801,200,104.4297220032604,qwen7b-npu6,
1782584997.9738858,200,96.08529099932639,qwen7b-npu3,
1782584997.9860358,200,131.38273500226205,qwen7b-npu4,
1782584997.9863129,200,130.24800800121739,qwen7b-npu7,
1782584997.9867105,200,141.0720539970498,qwen7b-npu7,
1782584997.9870706,200,137.97358499869006,qwen7b-npu4,
1782584997.9874787,200,135.16587799676927,qwen7b-npu7,
1782584997.9884932,200,113.99449000236928,qwen7b-npu6,
1782584998.0016172,200,94.45236200190266,qwen7b-npu5,
1782584998.0093272,200,102.89213299984112,qwen7b-npu7,
1782584998.0386324,200,86.5142239999841,qwen7b-npu6,
1782584998.049781,200,90.7923499980825,qwen7b-npu5,
1782584998.0529866,200,92.81082200322999,qwen7b-npu3,
1782584998.071243,200,84.06203800041112,qwen7b-npu4,
1782584998.0920155,200,105.20961699876352,qwen7b-npu6,
1782584998.0963898,200,109.95079599888413,qwen7b-npu4,
1782584998.0982897,200,124.34304199996404,qwen7b-npu7,
1782584998.1183076,200,108.88634899674798,qwen7b-npu6,
1782584998.1271107,200,139.51720499971998,qwen7b-npu7,
1782584998.1274045,200,141.2982549991284,qwen7b-npu7,
1782584998.1276433,200,139.0812919999007,qwen7b-npu7,
1782584998.1279247,200,126.21812300130841,qwen7b-npu7,
1782584998.1325328,200,79.45014999859268,qwen7b-npu5,
1782584998.1452792,200,106.55780500019318,qwen7b-npu6,
1782584998.1814685,200,131.5832969994517,qwen7b-npu4,
1782584998.2022295,200,83.85997699951986,qwen7b-npu7,
1782584998.20967,200,138.3356170008483,qwen7b-npu6,
1782584998.218362,200,119.99075600033393,qwen7b-npu5,
1782584998.2625155,200,135.045977000118,qwen7b-npu6,
1782584998.2628126,200,134.77917600175715,qwen7b-npu6,
1782584998.2673776,200,170.88250399683602,qwen7b-npu4,
1782584998.2680588,200,175.94560500219814,qwen7b-npu4,
1782584998.2760096,200,94.43839199957438,qwen7b-npu7,
1782584998.2926445,200,165.43951100175036,qwen7b-npu4,
1782584998.292958,200,165.2358600003936,qwen7b-npu4,
1782584998.3430727,200,197.70156699814834,qwen7b-npu5,
1782584998.343528,200,210.90313600143418,qwen7b-npu5,
1782584998.3463614,200,83.44027500061202,qwen7b-npu6,
1782584998.3723102,200,79.56801199907204,qwen7b-npu4,
1782584998.3733582,200,171.03742499966756,qwen7b-npu5,
1782584998.3740563,200,164.29495400007,qwen7b-npu5,
1782584998.3933687,200,125.88049199985107,qwen7b-npu5,
1782584998.3937938,200,175.33893200015882,qwen7b-npu5,
1782584998.4171398,200,141.0249139989901,qwen7b-npu5,
1782584998.4276931,200,165.09682900141343,qwen7b-npu7,
1782584998.4282563,200,160.1130489980278,qwen7b-npu7,
1782584998.4419384,200,98.30036499988637,qwen7b-npu5,
1782584998.4675782,200,93.42680500049028,qwen7b-npu5,
1782584998.4898608,200,196.833700996649,qwen7b-npu7,
1782584998.4929938,200,99.10708000097657,qwen7b-npu5,
1782584998.5081723,200,80.37880700067035,qwen7b-npu4,
1782584998.516758,200,170.30098099712632,qwen7b-npu7,
1782584998.5170815,200,173.90056300064316,qwen7b-npu7,
1782584998.5183318,200,124.84485499953735,qwen7b-npu6,
1782584998.5189261,200,101.67445600018254,qwen7b-npu5,
1782584998.5417695,200,169.3638649994682,qwen7b-npu7,
1782584998.5423543,200,168.9320929981477,qwen7b-npu7,
1782584998.5673974,200,99.72870300043724,qwen7b-npu5,
1782584998.6070404,200,178.72154200085788,qwen7b-npu6,
1782584998.607563,200,165.5654919995868,qwen7b-npu6,
1782584998.61735,200,100.49685900230543,qwen7b-npu5,
1782584998.6260145,200,83.59287599887466,qwen7b-npu7,
1782584998.6294472,200,121.20708400107105,qwen7b-npu4,
1782584998.6340308,200,140.97269299963955,qwen7b-npu6,
1782584998.634277,200,144.3205030009267,qwen7b-npu6,
1782584998.6424103,200,100.54436800055555,qwen7b-npu5,
1782584998.650778,200,83.28810400053044,qwen7b-npu7,
1782584998.653595,200,136.4413160008553,qwen7b-npu4,
1782584998.6539388,200,134.9069669995515,qwen7b-npu4,
1782584998.6962051,200,177.75206599981175,qwen7b-npu6,
1782584998.7177482,200,88.23643399955472,qwen7b-npu5,
1782584998.7256997,200,91.59869400173193,qwen7b-npu7,
1782584998.749788,200,142.15951999722165,qwen7b-npu6,
1782584998.750068,200,142.9288750005071,qwen7b-npu6,
1782584998.7515306,200,100.66037000069628,qwen7b-npu7,
1782584998.7752345,200,132.7608230021724,qwen7b-npu6,
1782584998.7798383,200,162.39465299804579,qwen7b-npu4,
1782584998.838505,200,142.18806099961512,qwen7b-npu6,
1782584998.842467,200,216.35882899863645,qwen7b-npu4,
1782584998.8427718,200,208.42616200025077,qwen7b-npu4,
1782584998.8656085,200,139.84278600037214,qwen7b-npu7,
1782584998.8687959,200,214.73536899793544,qwen7b-npu4,
1782584998.8693066,200,215.63061499909963,qwen7b-npu4,
1782584998.8907163,200,139.06076200146344,qwen7b-npu6,
1782584998.8910704,200,140.93767299709725,qwen7b-npu6,
1782584998.8941474,200,176.31471699860413,qwen7b-npu4,
1782584998.8943956,200,144.517614000506,qwen7b-npu4,
1782584998.9186456,200,143.31140699869138,qwen7b-npu7,
1782584998.919369,200,139.42586299890536,qwen7b-npu7,
1782584998.922172,200,79.61434200115036,qwen7b-npu5,
1782584998.9426155,200,99.77252400130965,qwen7b-npu6,
1782584998.9508088,200,112.19538899968029,qwen7b-npu3,
1782584998.9690974,200,99.66971299945726,qwen7b-npu7,
1782584998.9699266,200,104.24934099864913,qwen7b-npu6,
1782584998.9950309,200,104.2311109995353,qwen7b-npu6,
1782584999.0040374,200,135.08841799921356,qwen7b-npu4,
1782584999.0052192,200,114.03426000106265,qwen7b-npu3,
1782584999.0468879,200,95.97197100083577,qwen7b-npu7,
1782584999.0563397,200,137.62914299877593,qwen7b-npu4,
1782584999.0567398,200,137.26999099890236,qwen7b-npu4,
1782584999.0701492,200,100.12369600008242,qwen7b-npu6,
1782584999.0715897,200,102.40056000111508,qwen7b-npu7,
1782584999.1031044,200,98.96140899945749,qwen7b-npu4,
1782584999.1076534,200,213.43551200334332,qwen7b-npu5,
1782584999.1083975,200,213.93579399955343,qwen7b-npu5,
1782584999.132834,200,210.56808400317095,qwen7b-npu5,
1782584999.1331172,200,190.4356729974097,qwen7b-npu5,
1782584999.1461089,200,89.66759299801197,qwen7b-npu6,
1782584999.1586127,200,153.29664700038848,qwen7b-npu5,
1782584999.1589515,200,163.829771001474,qwen7b-npu5,
1782584999.1640744,200,93.82906799874036,qwen7b-npu3,
1782584999.1779752,200,106.29018300096504,qwen7b-npu4,
1782584999.1876554,200,130.78252099876408,qwen7b-npu7,
1782584999.187944,200,140.948953001498,qwen7b-npu7,
1782584999.1976204,200,89.87058399725356,qwen7b-npu6,
1782584999.2128537,200,104.38364199944772,qwen7b-npu7,
1782584999.2228308,200,89.9302739999257,qwen7b-npu6,
1782584999.238783,200,135.5528400017647,qwen7b-npu4,
1782584999.2626383,200,103.57544700309518,qwen7b-npu7,
1782584999.274084,200,109.91488499712432,qwen7b-npu6,
1782584999.2987695,200,165.58073300257092,qwen7b-npu4,
1782584999.3109994,200,122.93202400178416,qwen7b-npu5,
1782584999.3248363,200,178.6631610011682,qwen7b-npu4,
1782584999.3253696,200,166.67639900333597,qwen7b-npu4,
1782584999.3368423,200,149.11116199800745,qwen7b-npu5,
1782584999.3372202,200,139.51428400105215,qwen7b-npu5,
1782584999.3413258,200,102.43338999862317,qwen7b-npu7,
1782584999.3503122,200,172.23474200000055,qwen7b-npu4,
1782584999.350715,200,137.7950440000859,qwen7b-npu4,
1782584999.3594313,200,85.25096599987592,qwen7b-npu6,
1782584999.3603032,200,137.41049199961708,qwen7b-npu5,
1782584999.366091,200,103.35956599737983,qwen7b-npu7,
1782584999.3914905,200,92.65246100039803,qwen7b-npu7,
1782584999.410862,200,85.9427700015658,qwen7b-npu6,
1782584999.4167852,200,91.3533329985512,qwen7b-npu7,
1782584999.425916,200,88.58182600306463,qwen7b-npu4,
1782584999.437513,200,87.09362700028578,qwen7b-npu6,
1782584999.442631,200,105.66981900046812,qwen7b-npu7,
1782584999.4477322,200,136.62443700013682,qwen7b-npu5,
1782584999.4485207,200,97.69476099972962,qwen7b-npu4,
1782584999.463916,200,103.54990700216149,qwen7b-npu6,
1782584999.4731479,200,131.71773700014455,qwen7b-npu5,
1782584999.498825,200,139.3260629993165,qwen7b-npu5,
1782584999.4994574,200,133.2747960004781,qwen7b-npu5,
1782584999.5187464,200,81.13852099995711,qwen7b-npu7,
1782584999.5229158,200,106.06780200032517,qwen7b-npu5,
1782584999.527921,200,136.3352849984949,qwen7b-npu6,
1782584999.54677,200,82.79164100167691,qwen7b-npu5,
1782584999.594538,200,183.61041199750616,qwen7b-npu4,
1782584999.5948386,200,168.85675200319383,qwen7b-npu4,
1782584999.6181889,200,170.35044099975494,qwen7b-npu6,
1782584999.6186454,200,175.94806399938534,qwen7b-npu6,
1782584999.6202936,200,171.68592899906798,qwen7b-npu4,
1782584999.6206703,200,147.41172200228903,qwen7b-npu4,
1782584999.6290207,200,82.18658699843218,qwen7b-npu5,
1782584999.635934,200,136.3644449993444,qwen7b-npu7,
1782584999.636364,200,137.42911200097296,qwen7b-npu7,
1782584999.6608012,200,141.99492999978247,qwen7b-npu7,
1782584999.669541,200,141.55342599769938,qwen7b-npu6,
1782584999.6698966,200,146.8851089994132,qwen7b-npu6,
1782584999.6857977,200,91.18881199901807,qwen7b-npu7,
1782584999.701659,200,82.8711319991271,qwen7b-npu4,
1782584999.7186754,200,97.88416299852543,qwen7b-npu6,
1782584999.719067,200,124.15968099958263,qwen7b-npu5,
1782584999.7430596,200,107.0094170027005,qwen7b-npu7,
1782584999.7625384,200,92.57471000091755,qwen7b-npu7,
1782584999.762847,200,142.44386199789005,qwen7b-npu4,
1782584999.781157,200,162.84195600019302,qwen7b-npu5,
1782584999.8028855,200,84.0906579978764,qwen7b-npu6,
1782584999.807347,200,170.86709399882238,qwen7b-npu5,
1782584999.8077307,200,178.61547100255848,qwen7b-npu5,
1782584999.8150618,200,129.19959200007725,qwen7b-npu4,
1782584999.8155484,200,145.90854300331557,qwen7b-npu4,
1782584999.8330855,200,172.18829199919128,qwen7b-npu5,
1782584999.8333993,200,131.6483269984019,qwen7b-npu5,
1782584999.8580751,200,138.89299999937066,qwen7b-npu5,
1782584999.88208,200,100.81382000134909,qwen7b-npu5,
1782584999.8900187,200,82.56555999832926,qwen7b-npu4,
1782584999.9151962,200,172.0401109996601,qwen7b-npu7,
1782584999.9422598,200,179.34842499744263,qwen7b-npu7,
1782584999.9428072,200,180.16478000208735,qwen7b-npu7,
1782584999.9620183,200,79.83133399829967,qwen7b-npu4,
1782584999.9633806,200,160.3577209971263,qwen7b-npu6,
1782584999.9693246,200,136.1330040017492,qwen7b-npu7,
1782584999.9696996,200,161.90024000025005,qwen7b-npu7,
1782584999.9700973,200,136.63543599977857,qwen7b-npu7,
1782584999.9900055,200,174.3839549999393,qwen7b-npu6,
1782584999.9903185,200,175.1872300010291,qwen7b-npu6,
1782584999.9947858,200,79.49356099925353,qwen7b-npu5,
1782585000.0163157,200,126.21275399942533,qwen7b-npu6,
1782585000.0166783,200,158.50427899931674,qwen7b-npu6,
1782585000.053469,200,89.99014499931945,qwen7b-npu3,
1782585000.054485,200,84.6700520014565,qwen7b-npu7,
1782585000.0794291,200,89.04105900001014,qwen7b-npu7,
1782585000.1022696,200,85.85547899929225,qwen7b-npu6,
1782585000.1063373,200,136.90577899978962,qwen7b-npu5,
1782585000.1066961,200,136.4945360001002,qwen7b-npu5,
1782585000.1097834,200,167.42416299894103,qwen7b-npu4,
1782585000.1101446,200,167.27568200076348,qwen7b-npu4,
1782585000.1286082,200,111.86023700065562,qwen7b-npu6,
1782585000.1348743,200,139.99475800301298,qwen7b-npu4,
1782585000.1360416,200,145.9387329996389,qwen7b-npu4,
1782585000.1364202,200,174.3007650002255,qwen7b-npu4,
1782585000.1533525,200,98.76221800004714,qwen7b-npu7,
1782585000.1834702,200,103.97811900111265,qwen7b-npu4,
1782585000.1922836,200,82.39971900184173,qwen7b-npu5,
1782585000.1926053,200,139.02825100012706,qwen7b-npu6,
1782585000.2086945,200,101.93833599987556,qwen7b-npu4,
1782585000.2173002,200,88.62452700122958,qwen7b-npu5,
1782585000.2297473,200,93.20651400048519,qwen7b-npu7,
1782585000.244693,200,108.5408170001756,qwen7b-npu3,
1782585000.2464983,200,111.5307149993896,qwen7b-npu5,
1782585000.2644506,200,111.01192199930665,qwen7b-npu4,
1782585000.2796564,200,96.12372199990205,qwen7b-npu7,
1782585000.286258,200,179.82512800153927,qwen7b-npu6,
1782585000.2866552,200,184.32263500289991,qwen7b-npu6,
1782585000.2870588,200,176.8500909965951,qwen7b-npu6,
1782585000.2969284,200,88.14326300125686,qwen7b-npu5,
1782585000.314536,200,97.135777999938,qwen7b-npu4,
1782585000.3213482,200,91.50444400074775,qwen7b-npu5,
1782585000.3373892,200,144.63580500159878,qwen7b-npu6,
1782585000.3378613,200,145.5094100019778,qwen7b-npu6,
1782585000.3396773,200,93.06336300141993,qwen7b-npu4,
1782585000.363813,200,99.26473100131261,qwen7b-npu6,
1782585000.3691733,200,89.44970200172975,qwen7b-npu5,
1782585000.3704007,200,125.61828999969293,qwen7b-npu7,
1782585000.391253,200,104.12079000161611,qwen7b-npu4,
1782585000.4053555,200,118.98757000017213,qwen7b-npu3,
1782585000.4144533,200,92.99601299790083,qwen7b-npu6,
1782585000.4169855,200,102.3509689985076,qwen7b-npu4,
1782585000.4225535,200,125.53311999727157,qwen7b-npu7,
1782585000.4229193,200,136.14393399984692,qwen7b-npu7,
1782585000.4421425,200,102.37324899935629,qwen7b-npu4,
1782585000.457812,200,93.90338800221798,qwen7b-npu3,
1782585000.467305,200,96.83725599825266,qwen7b-npu4,
1782585000.481579,200,143.60444900012226,qwen7b-npu5,
1782585000.4818897,200,144.36420399943017,qwen7b-npu5,
1782585000.4989128,200,84.36147099928348,qwen7b-npu7,
1782585000.507973,200,138.73390000298969,qwen7b-npu5,
1782585000.5335503,200,110.51764899821137,qwen7b-npu7,
1782585000.5508406,200,83.46906499718898,qwen7b-npu4,
1782585000.5511117,200,108.8778289995389,qwen7b-npu7,
1782585000.5548613,200,96.95382599966251,qwen7b-npu5,
1782585000.5666447,200,175.32568100068602,qwen7b-npu6,
1782585000.567105,200,161.63271899858955,qwen7b-npu6,
1782585000.576891,200,95.23134699702496,qwen7b-npu7,
1782585000.5784392,200,96.40007299822173,qwen7b-npu5,
1782585000.5887334,200,89.72660299696145,qwen7b-npu3,
1782585000.5946457,200,171.9819810023182,qwen7b-npu6,
1782585000.5954757,200,178.40178899859893,qwen7b-npu6,
1782585000.5992212,200,91.16709199952311,qwen7b-npu4,
1782585000.628192,200,94.57752199887182,qwen7b-npu7,
1782585000.685306,200,134.0698310013977,qwen7b-npu4,
1782585000.691027,200,123.7966000007873,qwen7b-npu7,
1782585000.692407,200,137.4536219991569,qwen7b-npu5,
1782585000.6927662,200,141.85844799794722,qwen7b-npu5,
1782585000.7076404,200,140.9177230016212,qwen7b-npu6,
1782585000.7136831,200,136.69665799898212,qwen7b-npu4,
1782585000.7139814,200,135.43180899796425,qwen7b-npu4,
1782585000.7429717,200,148.23240700206952,qwen7b-npu7,
1782585000.7434642,200,147.88620499894023,qwen7b-npu7,
1782585000.7447555,200,155.91174399742158,qwen7b-npu6,
1782585000.745347,200,146.06043400272029,qwen7b-npu6,
1782585000.7610323,200,132.77898299929802,qwen7b-npu6,
1782585000.7756245,200,82.78970099854632,qwen7b-npu5,
1782585000.8011265,200,87.36490899900673,qwen7b-npu5,
1782585000.81897,200,104.85311500087846,qwen7b-npu7,
1782585000.8255782,200,133.07390499903704,qwen7b-npu4,
1782585000.8266757,200,141.26529500208562,qwen7b-npu4,
1782585000.827429,200,136.34379499853821,qwen7b-npu6,
1782585000.845089,200,101.992367002822,qwen7b-npu7,
1782585000.8494391,200,141.73572700019577,qwen7b-npu4,
1782585000.8509202,200,89.8231230021338,qwen7b-npu3,
1782585000.8517802,200,108.19472399816732,qwen7b-npu5,
1782585000.8705013,200,94.81198399953428,qwen7b-npu7,
1782585000.8790965,200,133.655779001856,qwen7b-npu6,
1782585000.880135,200,135.2604589992552,qwen7b-npu6,
1782585000.9257915,200,100.11716599910869,qwen7b-npu4,
1782585000.9376397,200,136.44696600022144,qwen7b-npu5,
1782585000.9506238,200,105.46447899832856,qwen7b-npu4,
1782585000.9636984,200,144.5922849998169,qwen7b-npu5,
1782585000.9642577,200,136.76703800229006,qwen7b-npu5,
1782585000.9690573,200,142.26262100055465,qwen7b-npu6,
1782585000.9756222,200,105.05240599741228,qwen7b-npu4,
1782585000.9860225,200,135.0360369979171,qwen7b-npu7,
1782585000.9865332,200,136.99805899886996,qwen7b-npu7,
1782585000.9951742,200,143.3315370013588,qwen7b-npu6,
1782585001.0223463,200,142.10268999886466,qwen7b-npu6,
1782585001.0227783,200,143.6175689996162,qwen7b-npu6,
1782585001.0473378,200,121.4609249982459,qwen7b-npu6,
1782585001.0620852,200,111.35361400010879,qwen7b-npu3,
1782585001.062525,200,93.40745500230696,qwen7b-npu7,
1782585001.073112,200,135.40770999679808,qwen7b-npu5,
1782585001.090137,200,94.89083399967058,qwen7b-npu7,
1782585001.0941496,200,118.43248600052902,qwen7b-npu4,
1782585001.0992267,200,135.3909389981709,qwen7b-npu5,
1782585001.0996828,200,135.3124689994729,qwen7b-npu5,
1782585001.1201828,200,134.09715200032224,qwen7b-npu4,
1782585001.120495,200,133.89980100328103,qwen7b-npu4,
1782585001.1227007,200,99.82873400076642,qwen7b-npu6,
1782585001.1236515,200,101.18962300111889,qwen7b-npu5,
1782585001.1844676,200,122.28541999866138,qwen7b-npu5,
1782585001.198786,200,108.58628800269798,qwen7b-npu6,
1782585001.223573,200,176.17145699841785,qwen7b-npu7,
1782585001.2315626,200,131.76307799949427,qwen7b-npu4,
1782585001.2350106,200,140.79627200044342,qwen7b-npu5,
1782585001.2354422,200,136.09603300210438,qwen7b-npu5,
1782585001.2520416,200,178.83344200163265,qwen7b-npu7,
1782585001.2524219,200,189.83269900127198,qwen7b-npu7,
1782585001.25667,200,136.39065600000322,qwen7b-npu4,
1782585001.2569034,200,134.14184199791634,qwen7b-npu4,
1782585001.279933,200,156.18030599944177,qwen7b-npu7,
1782585001.2803679,200,159.80505699917558,qwen7b-npu7,
1782585001.2812438,200,96.67092499876162,qwen7b-npu4,
1782585001.2853944,200,86.51324399761506,qwen7b-npu6,
1782585001.3087547,200,85.11439500216511,qwen7b-npu5,
1782585001.331005,200,95.88736099976813,qwen7b-npu4,
1782585001.3365326,200,100.95708100197953,qwen7b-npu6,
1782585001.3547673,200,97.80539199709892,qwen7b-npu4,
1782585001.370007,200,138.30342700020992,qwen7b-npu5,
1782585001.3951705,200,143.03169600316323,qwen7b-npu5,
1782585001.414141,200,105.29373700046563,qwen7b-npu6,
1782585001.4205139,200,139.14323299832176,qwen7b-npu5,
1782585001.4214828,200,141.43075600077282,qwen7b-npu5,
1782585001.4351113,200,80.25093600008404,qwen7b-npu4,
1782585001.4415946,200,110.49586899753194,qwen7b-npu6,
1782585001.442656,200,190.15996099915355,qwen7b-npu7,
1782585001.4429705,200,186.23556700185873,qwen7b-npu7,
1782585001.4439971,200,107.35539999950561,qwen7b-npu5,
1782585001.4703398,200,189.87405900043086,qwen7b-npu7,
1782585001.4707406,200,185.26852099967073,qwen7b-npu7,
1782585001.4942524,200,98.97501900195493,qwen7b-npu6,
1782585001.4962146,200,126.10359400059679,qwen7b-npu7,
1782585001.5459335,200,131.69270700018387,qwen7b-npu4,
1782585001.546193,200,125.61348000235739,qwen7b-npu4,
1782585001.5497518,200,108.04731399912271,qwen7b-npu7,
1782585001.5541508,200,118.93498999779695,qwen7b-npu5,
1782585001.5587149,200,137.09988999835332,qwen7b-npu6,
1782585001.569227,200,126.47466600174084,qwen7b-npu4,
1782585001.5796232,200,136.58466600099928,qwen7b-npu5,
1782585001.5799553,200,135.8611319992633,qwen7b-npu5,
1782585001.6108217,200,140.3694689979602,qwen7b-npu6,
1782585001.6118946,200,141.02864399683313,qwen7b-npu6,
1782585001.6352699,200,140.9221530011564,qwen7b-npu6,
1782585001.641993,200,145.67200199962826,qwen7b-npu7,
1782585001.6531875,200,94.3730510007299,qwen7b-npu5,
1782585001.6779468,200,97.87169300034293,qwen7b-npu5,
1782585001.6788082,200,132.55130200195708,qwen7b-npu4,
1782585001.6795397,200,125.32659799762769,qwen7b-npu4,
1782585001.6977084,200,151.7046080007276,qwen7b-npu7,
1782585001.6985457,200,148.69515000100364,qwen7b-npu7,
1782585001.722877,200,153.5552290006308,qwen7b-npu7,
1782585001.728175,200,86.07825000217417,qwen7b-npu5,
1782585001.7310603,200,151.3723559983191,qwen7b-npu3,
1782585001.750166,200,96.90986699934001,qwen7b-npu4,
1782585001.7587385,200,146.7135170023539,qwen7b-npu3,
1782585001.75917,200,148.2529370005068,qwen7b-npu3,
1782585001.7600439,200,124.67872400156921,qwen7b-npu6,
1782585001.7773335,200,97.69205100019462,qwen7b-npu5,
1782585001.8010879,200,102.44437999790534,qwen7b-npu5,
1782585001.8430512,200,145.24658899972565,qwen7b-npu7,
1782585001.8509748,200,172.1010319997731,qwen7b-npu6,
1782585001.8514369,200,173.42808000103105,qwen7b-npu6,
1782585001.859403,200,136.45650599937653,qwen7b-npu4,
1782585001.8598158,200,131.53658599912887,qwen7b-npu4,
1782585001.8698735,200,138.71335899966653,qwen7b-npu7,
1782585001.8965816,200,137.6999239982979,qwen7b-npu7,
1782585001.897281,200,147.00779999839142,qwen7b-npu7,
1782585001.9036524,200,143.5423080001783,qwen7b-npu6,
1782585001.9039838,200,144.68326499991235,qwen7b-npu6,
1782585001.904265,200,126.86370800292934,qwen7b-npu6,
1782585001.9269583,200,125.8044019996305,qwen7b-npu6,
1782585001.946254,200,86.31983200029936,qwen7b-npu7,
1782585001.962178,200,119.01736100116977,qwen7b-npu5,
1782585001.9722574,200,102.26399900057004,qwen7b-npu7,
1782585001.9760535,200,116.53890600064187,qwen7b-npu4,
1782585001.9877336,200,136.22485399901052,qwen7b-npu5,
1782585001.988413,200,137.36663099916768,qwen7b-npu5,
1782585001.994151,200,90.39604699864867,qwen7b-npu3,
1782585002.0118217,200,107.77464199782116,qwen7b-npu5,
1782585002.0272777,200,130.63166099891532,qwen7b-npu4,
1782585002.028404,200,131.02360300035798,qwen7b-npu4,
1782585002.028831,200,124.49007299801451,qwen7b-npu4,
1782585002.047255,200,120.23212800340843,qwen7b-npu6,
1782585002.0476255,200,101.26873300032457,qwen7b-npu7,
1782585002.0747716,200,86.94169600130408,qwen7b-npu4,
1782585002.1111112,200,122.62732199815218,qwen7b-npu7,
1782585002.1247416,200,95.794240001851,qwen7b-npu4,
1782585002.129189,200,81.44665200234158,qwen7b-npu5,
1782585002.1371832,200,174.93955900135916,qwen7b-npu6,
1782585002.1374638,200,165.07931999876746,qwen7b-npu6,
1782585002.1384187,200,126.53381500058458,qwen7b-npu7,
1782585002.149211,200,101.87191699878895,qwen7b-npu4,
1782585002.1643717,200,170.12483900180086,qwen7b-npu6,
1782585002.1647413,200,136.21957500072313,qwen7b-npu7,
1782585002.165603,200,138.2157769985497,qwen7b-npu7,
1782585002.1661732,200,190.02162000106182,qwen7b-npu6,
1782585002.1783304,200,103.47845599972061,qwen7b-npu5,
1782585002.2027001,200,91.52121399893076,qwen7b-npu5,
1782585002.232152,200,107.27390000101877,qwen7b-npu5,
1782585002.2379558,200,100.6929700015462,qwen7b-npu3,
1782585002.2539983,200,87.71107100255904,qwen7b-npu6,
1782585002.2662199,200,128.68448899826035,qwen7b-npu4,
1782585002.2665431,200,128.02249499873142,qwen7b-npu4,
1782585002.2792144,200,113.48100599934696,qwen7b-npu6,
1782585002.2802107,200,150.94583300015074,qwen7b-npu7,
1782585002.2901685,200,140.85432299907552,qwen7b-npu4,
1782585002.3046865,200,101.91222699722857,qwen7b-npu6,
1782585002.3072124,200,142.3546020014328,qwen7b-npu7,
1782585002.3075247,200,129.0847609998309,qwen7b-npu7,
1782585002.308334,200,143.85417099765618,qwen7b-npu7,
1782585002.3160148,200,83.77392699912889,qwen7b-npu5,
1782585002.340159,200,102.0859880009084,qwen7b-npu4,
1782585002.3409886,200,86.919156001386,qwen7b-npu5,
1782585002.366269,200,99.58713199739577,qwen7b-npu5,
1782585002.380207,200,99.89873499944224,qwen7b-npu7,
1782585002.3937879,200,89.02512900021975,qwen7b-npu5,
1782585002.402451,200,136.1619739982416,qwen7b-npu4,
1782585002.4182708,200,109.83601499901852,qwen7b-npu5,
1782585002.428902,200,87.846410999191,qwen7b-npu7,
1782585002.45545,200,147.81188500273856,qwen7b-npu4,
1782585002.455763,200,139.672925000923,qwen7b-npu4,
1782585002.4610155,200,181.72308999783127,qwen7b-npu6,
1782585002.4616985,200,171.42782799783163,qwen7b-npu6,
1782585002.4792564,200,112.92173300171271,qwen7b-npu4,
1782585002.487435,200,180.13527099901694,qwen7b-npu6,
1782585002.487752,200,147.49933300117846,qwen7b-npu6,
1782585002.491392,200,88.84592799950042,qwen7b-npu5,
1782585002.5038085,200,109.89380500177504,qwen7b-npu7,
1782585002.50426,200,85.89557899904321,qwen7b-npu4,
1782585002.5129082,200,132.6363529988157,qwen7b-npu6,
1782585002.5380406,200,109.04255000059493,qwen7b-npu6,
1782585002.5415006,200,85.62755800085142,qwen7b-npu5,
1782585002.5663333,200,104.56140299720573,qwen7b-npu5,
1782585002.5890737,200,133.55785900057526,qwen7b-npu4,
1782585002.589462,200,98.00651299883612,qwen7b-npu6,
1782585002.5907428,200,103.24010499971337,qwen7b-npu5,
1782585002.591154,200,130.03675700019812,qwen7b-npu7,
1782585002.6151245,200,135.8012710006733,qwen7b-npu4,
1782585002.6156523,200,127.82196400075918,qwen7b-npu4,
1782585002.6390202,200,126.04134299908765,qwen7b-npu4,
1782585002.6402144,200,102.10088800158701,qwen7b-npu6,
1782585002.6416276,200,137.2876709974662,qwen7b-npu7,
1782585002.642025,200,138.07767500111368,qwen7b-npu7,
1782585002.6702485,200,128.67606900181272,qwen7b-npu7,
1782585002.6889956,200,98.15840400187881,qwen7b-npu4,
1782585002.6940851,200,102.85916200155043,qwen7b-npu6,
1782585002.7041762,200,137.75699300094857,qwen7b-npu5,
1782585002.7138426,200,98.56997700262582,qwen7b-npu4,
1782585002.719479,200,103.71317799945245,qwen7b-npu6,
1782585002.7434413,200,101.67042499961099,qwen7b-npu4,
1782585002.743825,200,103.54524600188597,qwen7b-npu6,
1782585002.767744,200,178.57388099946547,qwen7b-npu5,
1782585002.7681487,200,178.5637709981529,qwen7b-npu5,
1782585002.7811162,200,139.01283100130968,qwen7b-npu7,
1782585002.7815886,200,142.44710200000554,qwen7b-npu7,
1782585002.791714,200,97.53106000061962,qwen7b-npu4,
1782585002.806926,200,102.68133100180421,qwen7b-npu7,
1782585002.8173854,200,97.84274200137588,qwen7b-npu4,
1782585002.8177576,200,128.65700900147203,qwen7b-npu5,
1782585002.8181744,200,147.82399400064605,qwen7b-npu5,
1782585002.821088,200,107.17989899785607,qwen7b-npu6,
1782585002.8469388,200,103.05112299829489,qwen7b-npu6,
1782585002.8677096,200,86.44807300152024,qwen7b-npu4,
1782585002.8700128,200,126.43263499921886,qwen7b-npu7,
1782585002.8749516,200,107.10525800095638,qwen7b-npu6,
1782585002.892822,200,85.82412900068448,qwen7b-npu4,
1782585002.9019349,200,133.71209899923997,qwen7b-npu5,
1782585002.9179392,200,99.65219300283934,qwen7b-npu4,
1782585002.9208374,200,129.0370310016442,qwen7b-npu7,
1782585002.92117,200,139.44618399909814,qwen7b-npu7,
1782585002.9446077,200,97.59746999770869,qwen7b-npu7,
1782585002.9516969,200,133.81945999935851,qwen7b-npu5,
1782585002.952484,200,134.98729700222611,qwen7b-npu5,
1782585002.9596548,200,138.50012900002184,qwen7b-npu6,
1782585002.970167,200,95.15233600177453,qwen7b-npu7,
1782585002.9749522,200,82.06291700116708,qwen7b-npu5,
1782585002.9919875,200,89.99099399807164,qwen7b-npu4,
1782585003.0163655,200,98.35561599902576,qwen7b-npu4,
1782585003.030438,200,109.53684299965971,qwen7b-npu3,
1782585003.04024,200,95.53990799759049,qwen7b-npu4,
1782585003.049563,200,179.45451599734952,qwen7b-npu6,
1782585003.0498748,200,182.0625119980832,qwen7b-npu6,
1782585003.0741189,200,152.82885499982513,qwen7b-npu6,
1782585003.0813549,200,129.5547039990197,qwen7b-npu7,
1782585003.0817008,200,121.98115800129017,qwen7b-npu7,
1782585003.0833795,200,113.1485439982498,qwen7b-npu3,
1782585003.0894766,200,97.42699900016305,qwen7b-npu4,
1782585003.100711,200,148.1281560008938,qwen7b-npu6,
1782585003.1022282,200,127.20900000203983,qwen7b-npu6,
1782585003.1253622,200,108.93301900068764,qwen7b-npu6,
1782585003.1280847,200,97.58475099806674,qwen7b-npu7,
1782585003.1390607,200,89.06782899794052,qwen7b-npu4,
1782585003.1505208,200,110.21949700079858,qwen7b-npu6,
1782585003.1689577,200,119.32847199932439,qwen7b-npu5,
1782585003.187676,200,106.2394629989285,qwen7b-npu4,
1782585003.1892328,200,99.69318300136365,qwen7b-npu3,
1782585003.2012498,200,100.46715799762751,qwen7b-npu7,
1782585003.2310503,200,156.86239899878274,qwen7b-npu5,
1782585003.2573326,200,173.88988200036692,qwen7b-npu5,
1782585003.2576516,200,175.8344340014446,qwen7b-npu5,
1782585003.2615218,200,133.3748969991575,qwen7b-npu6,
1782585003.2710917,200,131.93009799942956,qwen7b-npu4,
1782585003.2835906,200,158.1323969985533,qwen7b-npu5,
1782585003.2839618,200,181.5982990010525,qwen7b-npu5,
1782585003.284346,200,133.72893999985536,qwen7b-npu5,
1782585003.3134408,200,144.42087399947923,qwen7b-npu6,
1782585003.3137412,200,124.40987199806841,qwen7b-npu6,
1782585003.3215196,200,133.74638999812305,qwen7b-npu4,
1782585003.3218925,200,120.57564000133425,qwen7b-npu4,
1782585003.3382235,200,107.07640799955698,qwen7b-npu6,
1782585003.344936,200,87.49893899948802,qwen7b-npu4,
1782585003.3760786,200,118.35801699999138,qwen7b-npu7,
1782585003.3885744,200,104.87828399709542,qwen7b-npu6,
1782585003.394339,200,123.13144499785267,qwen7b-npu5,
1782585003.3947651,200,133.17808600186254,qwen7b-npu5,
1782585003.414105,200,92.0991069979209,qwen7b-npu6,
1782585003.4183989,200,104.88874499787926,qwen7b-npu4,
1782585003.4430013,200,104.68699400007608,qwen7b-npu4,
1782585003.462579,200,86.42645299914875,qwen7b-npu6,
1782585003.4908893,200,102.24782899967977,qwen7b-npu4,
1782585003.501958,200,217.5209070010169,qwen7b-npu7,
1782585003.5023026,200,218.20773100262159,qwen7b-npu7,
1782585003.5153875,200,96.92422700027237,qwen7b-npu4,
1782585003.528668,200,214.85831999962102,qwen7b-npu7,
1782585003.5289202,200,183.891782999126,qwen7b-npu7,
1782585003.529209,200,207.5783770014823,qwen7b-npu7,
1782585003.5531054,200,158.2251770014409,qwen7b-npu7,
1782585003.554166,200,159.711647000222,qwen7b-npu7,
1782585003.5545568,200,140.3858500016213,qwen7b-npu7,
1782585003.5657094,200,103.03289300281904,qwen7b-npu4,
1782585003.576972,200,133.87409099959768,qwen7b-npu7,
1782585003.5830042,200,80.58033799898112,qwen7b-npu6,
1782585003.591145,200,100.19141600059811,qwen7b-npu4,
1782585003.602872,200,100.83305000080145,qwen7b-npu7,
1782585003.6113484,200,82.02302700010478,qwen7b-npu5,
1782585003.616069,200,100.59732900117524,qwen7b-npu4,
1782585003.6318166,200,103.07700400153408,qwen7b-npu3,
1782585003.6350574,200,80.78059900071821,qwen7b-npu5,
1782585003.6415818,200,86.91321600053925,qwen7b-npu4,
1782585003.6578496,200,104.65002300043125,qwen7b-npu6,
1782585003.664101,200,135.11763800124754,qwen7b-npu7,
1782585003.6684606,200,102.6821209998161,qwen7b-npu4,
1782585003.6834798,200,106.41171400129679,qwen7b-npu6,
1782585003.6988459,200,95.88055999847711,qwen7b-npu4,
1782585003.7143197,200,98.15331400022842,qwen7b-npu5,
1782585003.7501924,200,138.74824000231456,qwen7b-npu6,
1782585003.7534747,200,170.37336099747336,qwen7b-npu7,
1782585003.7538614,200,162.59378399990965,qwen7b-npu7,
1782585003.772094,200,107.9247130001022,qwen7b-npu4,
1782585003.7763348,200,141.17788399744313,qwen7b-npu6,
1782585003.7781315,200,146.25001500098733,qwen7b-npu7,
1782585003.7785068,200,136.82658799734781,qwen7b-npu7,
1782585003.7955413,200,96.6017640021164,qwen7b-npu5,
1782585003.7967384,200,113.16274499768042,qwen7b-npu4,
1782585003.8205843,200,106.18325299947173,qwen7b-npu5,
1782585003.8406084,200,172.00794100062922,qwen7b-npu6,
1782585003.8410354,200,183.11879899920314,qwen7b-npu6,
1782585003.8452487,200,91.64847400097642,qwen7b-npu5,
1782585003.860572,200,82.33737800037488,qwen7b-npu7,
1782585003.9075842,200,131.14268299977994,qwen7b-npu4,
1782585003.9080253,200,135.80402200022945,qwen7b-npu4,
1782585003.9174025,200,96.72219499771018,qwen7b-npu5,
1782585003.9221766,200,126.56849599807174,qwen7b-npu7,
1782585003.9272695,200,173.30275899803382,qwen7b-npu6,
1782585003.927915,200,177.5965550004912,qwen7b-npu6,
1782585003.931001,200,85.6439480012341,qwen7b-npu4,
1782585003.9518702,200,91.21384200261673,qwen7b-npu3,
1782585003.9532058,200,174.62499700195622,qwen7b-npu6,
1782585003.953508,200,156.66740799861145,qwen7b-npu6,
1782585003.9730005,200,131.85250799870118,qwen7b-npu7,
1782585003.9738972,200,133.17169600122725,qwen7b-npu7,
1782585004.0023806,200,94.67678300279658,qwen7b-npu4,
1782585004.0342886,200,116.82173699955456,qwen7b-npu5,
1782585004.0412893,200,133.15118600075948,qwen7b-npu6,
1782585004.0601866,200,132.8149740002118,qwen7b-npu7,
1782585004.0677345,200,139.75366600061534,qwen7b-npu6,
1782585004.0685449,200,146.30123599999934,qwen7b-npu6,
1782585004.0689266,200,137.81936400118866,qwen7b-npu6,
1782585004.082361,200,79.91472299909219,qwen7b-npu4,
1782585004.0854506,200,133.4938379986852,qwen7b-npu5,
1782585004.0858278,200,132.53886199890985,qwen7b-npu5,
1782585004.0910892,200,137.46579199869302,qwen7b-npu6,
1782585004.1106687,200,136.6667080001207,qwen7b-npu7,
1782585004.1113548,200,138.25560699842754,qwen7b-npu7,
1782585004.1321847,200,90.82791000037105,qwen7b-npu5,
1782585004.139349,200,104.95591499784496,qwen7b-npu6,
1782585004.1567478,200,87.70057000219822,qwen7b-npu5,
1782585004.1910377,200,105.13981599797262,qwen7b-npu3,
1782585004.1975136,200,137.22758999938378,qwen7b-npu7,
1782585004.2035909,200,92.13584800090757,qwen7b-npu5,
1782585004.2158914,200,105.15434599801665,qwen7b-npu6,
1782585004.2234366,200,137.88456399925053,qwen7b-npu7,
1782585004.2242324,200,133.0470350003452,qwen7b-npu7,
1782585004.2270448,200,158.3861689978221,qwen7b-npu4,
1782585004.2279425,200,160.12715900069452,qwen7b-npu4,
1782585004.241166,200,101.75060499750543,qwen7b-npu6,
1782585004.2525415,200,170.09503900044365,qwen7b-npu4,
1782585004.2529688,200,120.71674099934171,qwen7b-npu4,
1782585004.2761428,200,119.29241200050456,qwen7b-npu4,
1782585004.297565,200,81.57575400036876,qwen7b-npu7,
1782585004.3228595,200,98.52889700050582,qwen7b-npu7,
1782585004.325554,200,84.29271000204608,qwen7b-npu4,
1782585004.3477173,200,94.64005300105782,qwen7b-npu7,
1782585004.353447,200,162.32272300112527,qwen7b-npu5,
1782585004.356521,200,129.3818129997817,qwen7b-npu6,
1782585004.357167,200,133.63526799730607,qwen7b-npu6,
1782585004.3795102,200,181.89430100028403,qwen7b-npu5,
1782585004.379906,200,176.22026599929086,qwen7b-npu5,
1782585004.4044309,200,151.77607800069381,qwen7b-npu5,
1782585004.4048054,200,176.76449999999022,qwen7b-npu5,
1782585004.408441,200,132.1931400016183,qwen7b-npu4,
1782585004.4290302,200,131.37755500065396,qwen7b-npu5,
1782585004.4363344,200,79.10108900250634,qwen7b-npu7,
1782585004.4540894,200,106.31112299961387,qwen7b-npu5,
1782585004.4579198,200,132.2729400017124,qwen7b-npu4,
1782585004.4587092,200,135.78363199849264,qwen7b-npu4,
1782585004.4762635,200,122.7501930006838,qwen7b-npu6,
1782585004.4795427,200,99.93201500037685,qwen7b-npu5,
1782585004.5026557,200,122.63560200153734,qwen7b-npu6,
1782585004.5030134,200,146.42872600234114,qwen7b-npu6,
1782585004.5060484,200,101.17429200181505,qwen7b-npu5,
1782585004.5067048,200,102.17242799990345,qwen7b-npu4,
1782585004.5309358,200,94.50416199979372,qwen7b-npu4,
1782585004.5314293,200,102.3126489999413,qwen7b-npu5,
1782585004.5487976,200,140.25737900010427,qwen7b-npu7,
1782585004.5564342,200,97.62204000071506,qwen7b-npu5,
1782585004.5816526,200,102.0129270000325,qwen7b-npu5,
1782585004.5889292,200,134.7783260025608,qwen7b-npu6,
1782585004.5994337,200,123.07363500076463,qwen7b-npu7,
1782585004.5999281,200,141.94748899899423,qwen7b-npu7,
1782585004.6033363,200,97.19046799727948,qwen7b-npu4,
1782585004.608007,200,104.92963500291808,qwen7b-npu5,
1782585004.6316898,200,100.14379600033863,qwen7b-npu5,
1782585004.6497808,200,93.25357399939094,qwen7b-npu7,
1782585004.6756992,200,93.98007900017546,qwen7b-npu7,
1782585004.7013898,200,93.28755499882391,qwen7b-npu7,
1782585004.7187285,200,211.95563299988862,qwen7b-npu6,
1782585004.7197008,200,130.677969998942,qwen7b-npu5,
1782585004.720055,200,217.30137600025046,qwen7b-npu6,
1782585004.7311637,200,81.31818200126872,qwen7b-npu4,
1782585004.746116,200,215.06913100165548,qwen7b-npu6,
1782585004.7466154,200,197.71590600066702,qwen7b-npu6,
1782585004.7476304,200,147.6399940002011,qwen7b-npu5,
1782585004.7483978,200,148.89677099927212,qwen7b-npu5,
1782585004.7716987,200,168.2670379996125,qwen7b-npu6,
1782585004.772332,200,140.5457809996733,qwen7b-npu6,
1782585004.8030975,200,101.61105500083067,qwen7b-npu4,
1782585004.8070183,200,86.89091600172105,qwen7b-npu7,
1782585004.808171,200,132.40552099887282,qwen7b-npu5,
1782585004.8523433,200,104.62303299937048,qwen7b-npu4,
1782585004.8545911,200,107.85570300140535,qwen7b-npu7,
1782585004.8777275,200,105.3274079968105,qwen7b-npu4,
1782585004.8843203,200,81.10935099830385,qwen7b-npu6,
1782585004.896692,200,177.8621369994653,qwen7b-npu5,
1782585004.8971207,200,177.32231300033163,qwen7b-npu5,
1782585004.9026058,200,94.33714099941426,qwen7b-npu4,
1782585004.9233162,200,151.5118169991183,qwen7b-npu5,
1782585004.9236267,200,175.15476000335184,qwen7b-npu5,
1782585004.9240105,200,192.7354559993546,qwen7b-npu5,
1782585004.9243743,200,178.14775800070493,qwen7b-npu5,
1782585004.9446678,200,137.5822430018161,qwen7b-npu5,
1782585004.957205,200,102.50992099827272,qwen7b-npu4,
1782585004.961767,200,83.94925800166675,qwen7b-npu6,
1782585004.9621637,200,109.72594399936497,qwen7b-npu3,
1782585004.979088,200,94.67575300004683,qwen7b-npu4,
1782585004.9859965,200,88.76489699832746,qwen7b-npu6,
1782585005.015648,200,92.24988899950404,qwen7b-npu3,
1782585005.0165982,200,119.79335499927402,qwen7b-npu7,
1782585005.026228,200,81.49170399701688,qwen7b-npu5,
1782585005.028047,200,104.30348199952277,qwen7b-npu4,
1782585005.0420046,200,139.30240300032892,qwen7b-npu7,
1782585005.051156,200,88.88068700252916,qwen7b-npu5,
1782585005.054291,200,92.41850900070858,qwen7b-npu4,
1782585005.0613127,200,82.1616469984292,qwen7b-npu6,
1782585005.0671573,200,143.03325500077335,qwen7b-npu7,
1782585005.0679712,200,143.4831779988599,qwen7b-npu7,
1782585005.0761979,200,90.14099599880865,qwen7b-npu5,
1782585005.091872,200,134.56625499748043,qwen7b-npu7,
1782585005.112141,200,84.02803900025901,qwen7b-npu6,
1782585005.124587,200,98.26283499933197,qwen7b-npu5,
1782585005.13748,200,120.81397099973401,qwen7b-npu4,
1782585005.1382217,200,96.12006099996506,qwen7b-npu6,
1782585005.1486602,200,81.39537299939548,qwen7b-npu5,
1782585005.1535425,200,137.79437400080496,qwen7b-npu7,
1782585005.2001276,200,138.71898900106316,qwen7b-npu6,
1782585005.203725,200,127.46601199978613,qwen7b-npu7,
1782585005.204037,200,135.97137299802853,qwen7b-npu7,
1782585005.2246315,200,87.04993599894806,qwen7b-npu5,
1782585005.228255,200,176.99548100063112,qwen7b-npu4,
1782585005.2286804,200,174.29112500030897,qwen7b-npu4,
1782585005.2479157,200,94.31017000315478,qwen7b-npu5,
1782585005.2513125,200,126.6595769993728,qwen7b-npu6,
1782585005.2516496,200,139.42236400180263,qwen7b-npu6,
1782585005.252595,200,160.61178199743154,qwen7b-npu4,
1782585005.2783313,200,129.6098439997877,qwen7b-npu4,
1782585005.2786708,200,140.38283899935777,qwen7b-npu4,
1782585005.284673,200,84.45016100085923,qwen7b-npu7,
1782585005.3022237,200,98.12417400098639,qwen7b-npu4,
1782585005.3097484,200,105.95634099809104,qwen7b-npu7,
1782585005.3256524,200,96.85352599990438,qwen7b-npu6,
1782585005.3270416,200,102.2983889997704,qwen7b-npu4,
1782585005.3306556,200,82.67413999783457,qwen7b-npu5,
1782585005.3341072,200,105.7412199988903,qwen7b-npu7,
1782585005.3504272,200,99.01381000236142,qwen7b-npu6,
1782585005.350948,200,99.22932100016624,qwen7b-npu4,
1782585005.355285,200,102.57675100001507,qwen7b-npu5,
1782585005.3752165,200,90.44895799888764,qwen7b-npu6,
1782585005.3834538,200,104.71728400079883,qwen7b-npu7,
1782585005.4077563,200,105.46791900196695,qwen7b-npu7,
1782585005.4171882,200,138.76745000015944,qwen7b-npu5,
1782585005.4250958,200,99.34554199935519,qwen7b-npu6,
1782585005.4316418,200,100.92405099931057,qwen7b-npu7,
1782585005.4323618,200,81.3469630011241,qwen7b-npu4,
1782585005.44363,200,133.82233000083943,qwen7b-npu5,
1782585005.4503832,200,99.89331500037224,qwen7b-npu6,
1782585005.4564204,200,101.02302100131055,qwen7b-npu4,
1782585005.4758234,200,100.52214900133549,qwen7b-npu6,
1782585005.479306,200,95.75270000277669,qwen7b-npu7,
1782585005.501092,200,93.24166499936837,qwen7b-npu6,
1782585005.5067937,200,172.59160499816062,qwen7b-npu5,
1782585005.5071127,200,180.00428899904364,qwen7b-npu5,
1782585005.5251825,200,100.02263499700348,qwen7b-npu6,
1782585005.5287352,200,96.27383300176007,qwen7b-npu4,
1782585005.5766068,200,97.2018089996709,qwen7b-npu4,
1782585005.5900552,200,133.52981800198904,qwen7b-npu7,
1782585005.5971742,200,95.99010099918814,qwen7b-npu6,
1782585005.6150868,200,139.18152200130862,qwen7b-npu7,
1782585005.6318305,200,214.5420289998583,qwen7b-npu5,
1782585005.632218,200,200.50997299767914,qwen7b-npu5,
1782585005.6407976,200,133.94232100108638,qwen7b-npu7,
1782585005.6412096,200,133.96940099846688,qwen7b-npu7,
1782585005.656994,200,206.54876999833505,qwen7b-npu5,
1782585005.657353,200,213.66024300004938,qwen7b-npu5,
1782585005.6729949,200,82.84395100054098,qwen7b-npu4,
1782585005.6822221,200,153.38867899845354,qwen7b-npu5,
1782585005.6829298,200,157.6825939991977,qwen7b-npu5,
1782585005.698383,200,101.1269219998212,qwen7b-npu4,
1782585005.7058456,200,90.69675900173024,qwen7b-npu5,
1782585005.7096868,200,132.98444500105688,qwen7b-npu6,
1782585005.7225215,200,81.6174339997815,qwen7b-npu7,
1782585005.7473433,200,89.9257140008558,qwen7b-npu4,
1782585005.7802498,200,97.24818900212995,qwen7b-npu5,
1782585005.7853906,200,128.3008760001394,qwen7b-npu7,
1782585005.7997851,200,167.49843299839995,qwen7b-npu6,
1782585005.8006146,200,168.6723009988782,qwen7b-npu6,
1782585005.8222578,200,99.64008299721172,qwen7b-npu4,
1782585005.827233,200,144.91302700116648,qwen7b-npu6,
1782585005.8276315,200,154.53996599899256,qwen7b-npu6,
1782585005.8280075,200,186.68365000121412,qwen7b-npu6,
1782585005.8361819,200,130.27237899950705,qwen7b-npu7,
1782585005.837258,200,127.4682910006959,qwen7b-npu7,
1782585005.837773,200,139.3251830013469,qwen7b-npu7,
1782585005.8483279,200,100.91405099956319,qwen7b-npu4,
1782585005.8733215,200,87.85672100202646,qwen7b-npu4,
1782585005.8750446,200,94.65848299805657,qwen7b-npu6,
1782585005.8997195,200,99.86179400220863,qwen7b-npu6,
1782585005.9214108,200,120.68105999787804,qwen7b-npu5,
1782585005.9468482,200,124.48953299826826,qwen7b-npu7,
1782585005.9589567,200,121.58327599900076,qwen7b-npu4,
1782585005.9730792,200,145.72791200043866,qwen7b-npu5,
1782585005.9734724,200,145.708411000669,qwen7b-npu7,
1782585005.97436,200,146.25152500229888,qwen7b-npu7,
1782585005.9747555,200,136.8694080010755,qwen7b-npu5,
1782585005.9818356,200,81.98968599754153,qwen7b-npu6,
1782585005.9848397,200,136.44842600115226,qwen7b-npu4,
1782585005.985208,200,148.93145099995309,qwen7b-npu4,
1782585005.9959803,200,120.87296200115816,qwen7b-npu7,
1782585006.0068316,200,85.31735599899548,qwen7b-npu6,
1782585006.00963,200,136.24086399795488,qwen7b-npu4,
1782585006.0340428,200,87.09661700049764,qwen7b-npu4,
1782585006.0820794,200,97.14175800036173,qwen7b-npu4,
1782585006.0854914,200,126.43530499917688,qwen7b-npu5,
1782585006.1088307,200,126.90518800081918,qwen7b-npu7,
1782585006.112271,200,137.80193400089047,qwen7b-npu5,
1782585006.1127815,200,139.1839119969518,qwen7b-npu5,
1782585006.1192234,200,146.0276840007282,qwen7b-npu6,
1782585006.119774,200,144.9073670009966,qwen7b-npu6,
1782585006.1200256,200,134.7525349992793,qwen7b-npu6,
1782585006.1349359,200,125.20657800268964,qwen7b-npu7,
1782585006.1353636,200,128.42399699729867,qwen7b-npu7,
1782585006.1365154,200,140.4586600001494,qwen7b-npu5,
1782585006.1580575,200,123.89275999885285,qwen7b-npu7,
1782585006.1862023,200,100.61049899741192,qwen7b-npu5,
1782585006.1968937,200,84.00168900334393,qwen7b-npu6,
1782585006.2005782,200,118.4035070000391,qwen7b-npu4,
1782585006.2212942,200,101.20453200215707,qwen7b-npu6,
1782585006.236576,200,101.56104500129004,qwen7b-npu5,
1782585006.2534864,200,134.1726619975816,qwen7b-npu4,
1782585006.2540872,200,145.15685899823438,qwen7b-npu4,
1782585006.254464,200,142.12187000157428,qwen7b-npu4,
1782585006.2551138,200,135.27261900162557,qwen7b-npu4,
1782585006.2619307,200,103.77305799920578,qwen7b-npu5,
1782585006.2718902,200,85.5897580004239,qwen7b-npu6,
1782585006.2723136,200,136.792608001997,qwen7b-npu7,
1782585006.2728236,200,136.21212400175864,qwen7b-npu7,
1782585006.2870414,200,86.37889300007373,qwen7b-npu5,
1782585006.3043182,200,107.32027999983984,qwen7b-npu4,
1782585006.3209875,200,99.63281299860682,qwen7b-npu7,
1782585006.3475533,200,92.328508002538,qwen7b-npu7,
1782585006.3713582,200,98.92530799697852,qwen7b-npu7,
1782585006.375391,200,138.75143000041135,qwen7b-npu5,
1782585006.3833497,200,129.781505002029,qwen7b-npu6,
1782585006.3838863,200,129.69038499795715,qwen7b-npu6,
1782585006.3929913,200,138.45782800126472,qwen7b-npu4,
1782585006.3983843,200,93.96043900051154,qwen7b-npu3,
1782585006.401772,200,129.7575759999745,qwen7b-npu5,
1782585006.4021933,200,140.17126800172264,qwen7b-npu5,
1782585006.4192133,200,132.10707899997942,qwen7b-npu4,
1782585006.4195547,200,146.61748700018506,qwen7b-npu4,
1782585006.444624,200,96.96541700031958,qwen7b-npu7,
1782585006.4552758,200,83.80602699980955,qwen7b-npu6,
1782585006.462157,200,141.08641400162014,qwen7b-npu5,
1782585006.5040443,200,84.41203999973368,qwen7b-npu6,
1782585006.5047073,200,129.21253199965577,qwen7b-npu4,
1782585006.5066965,200,113.63305800114176,qwen7b-npu3,
1782585006.513413,200,129.98013600008562,qwen7b-npu5,
1782585006.5141785,200,130.17257799947402,qwen7b-npu5,
1782585006.5308607,200,128.56254800135503,qwen7b-npu4,
1782585006.5316176,200,129.73051500011934,qwen7b-npu4,
1782585006.534087,200,135.6053300005442,qwen7b-npu7,
1782585006.5517564,200,89.4992009998532,qwen7b-npu6,
1782585006.5945415,200,81.03375000064261,qwen7b-npu5,
1782585006.5970695,200,177.75296499894466,qwen7b-npu7,
1782585006.6237755,200,179.08399399675545,qwen7b-npu7,
1782585006.6245646,200,169.1963939993002,qwen7b-npu7,
1782585006.6255672,200,91.36650300206384,qwen7b-npu6,
1782585006.6507854,200,136.51009699970018,qwen7b-npu7,
1782585006.6516206,200,147.50825300143333,qwen7b-npu7,
1782585006.6787045,200,84.09113900052034,qwen7b-npu5,
1782585006.6821814,200,177.40318399955868,qwen7b-npu4,
1782585006.6825585,200,175.7710239980952,qwen7b-npu4,
1782585006.7028677,200,105.73194999960833,qwen7b-npu5,
1782585006.708911,200,177.18541199792526,qwen7b-npu4,
1782585006.709329,200,178.40638000052422,qwen7b-npu4,
1782585006.709731,200,157.8697650002141,qwen7b-npu4,
1782585006.728028,200,104.18438000124297,qwen7b-npu7,
1782585006.7465694,200,121.89438700079336,qwen7b-npu6,
1782585006.7539508,200,102.22592900026939,qwen7b-npu7,
1782585006.7730975,200,122.22054000085336,qwen7b-npu6,
1782585006.7735465,200,147.8753549999965,qwen7b-npu6,
1782585006.7796745,200,100.829540999257,qwen7b-npu7,
1782585006.782703,200,100.40809800193529,qwen7b-npu4,
1782585006.7968216,200,114.15172000124585,qwen7b-npu6,
1782585006.8045397,200,95.50053799830494,qwen7b-npu7,
1782585006.8465366,200,99.87096400072915,qwen7b-npu6,
1782585006.861165,200,158.20284799701767,qwen7b-npu5,
1782585006.8714004,200,98.19091499957722,qwen7b-npu6,
1782585006.8863502,200,81.70044399957987,qwen7b-npu7,
1782585006.8874984,200,178.06053700041957,qwen7b-npu5,
1782585006.8878965,200,178.04579799849307,qwen7b-npu5,
1782585006.8952115,200,98.29471500052023,qwen7b-npu6,
1782585006.9054315,200,151.35804600140546,qwen7b-npu4,
1782585006.9205902,200,137.8218840000045,qwen7b-npu5,
1782585006.9220142,200,193.91317400004482,qwen7b-npu5,
1782585006.9223204,200,148.6455099984596,qwen7b-npu4,
1782585006.922887,200,143.11717599775875,qwen7b-npu4,
1782585006.935625,200,88.9916979976988,qwen7b-npu7,
1782585006.9674942,200,95.99747099855449,qwen7b-npu6,
1782585007.0069985,200,84.01237799989758,qwen7b-npu7,
1782585007.0084255,200,147.1627709979657,qwen7b-npu4,
1782585007.0251744,200,137.15740000043297,qwen7b-npu5,
1782585007.0364597,200,141.15685499928077,qwen7b-npu4,
1782585007.0367835,200,149.18444299837574,qwen7b-npu4,
1782585007.0371487,200,150.69491199756158,qwen7b-npu4,
1782585007.0526562,200,130.55833999897004,qwen7b-npu5,
1782585007.0534365,200,147.9068949993234,qwen7b-npu5,
1782585007.0537484,200,131.30956399982097,qwen7b-npu5,
1782585007.0541313,200,133.47403800071334,qwen7b-npu5,
1782585007.0558653,200,88.31096399808303,qwen7b-npu7,
1782585007.0763066,200,140.58895100242808,qwen7b-npu5,
1782585007.0915494,200,84.44847099963226,qwen7b-npu6,
1782585007.1006188,200,92.12707800179487,qwen7b-npu5,
1782585007.1413994,200,87.88482200179715,qwen7b-npu6,
1782585007.1479752,200,122.73465299949748,qwen7b-npu4,
1782585007.1500866,200,95.85521999906632,qwen7b-npu5,
1782585007.173993,200,136.721986997145,qwen7b-npu4,
1782585007.1999044,200,99.21739100173,qwen7b-npu5,
1782585007.2010562,200,147.19511099974625,qwen7b-npu4,
1782585007.2014713,200,125.10350700176787,qwen7b-npu4,
1782585007.205399,200,168.84360200128867,qwen7b-npu7,
1782585007.205962,200,169.1211840006872,qwen7b-npu7,
1782585007.2254214,200,83.95403800022905,qwen7b-npu5,
1782585007.2263918,200,134.74130499889725,qwen7b-npu4,
1782585007.2318764,200,175.9164739996777,qwen7b-npu7,
1782585007.2323,200,179.538157000934,qwen7b-npu7,
1782585007.2336574,200,85.61736800038489,qwen7b-npu6,
1782585007.254953,200,104.80583399839816,qwen7b-npu7,
1782585007.2970266,200,122.9255739999644,qwen7b-npu6,
1782585007.3013566,200,101.35191400331678,qwen7b-npu5,
1782585007.3055594,200,99.54020200166269,qwen7b-npu7,
1782585007.3256621,200,93.6594070008141,qwen7b-npu5,
1782585007.329068,200,96.65182500248193,qwen7b-npu7,
1782585007.340539,200,135.07646699872566,qwen7b-npu4,
1782585007.3501265,200,95.10387600312242,qwen7b-npu5,
1782585007.350535,200,148.96670199959772,qwen7b-npu6,
1782585007.3514595,200,150.2845190007065,qwen7b-npu6,
1782585007.3673785,200,141.8353980006941,qwen7b-npu4,
1782585007.367944,200,141.47788600166677,qwen7b-npu4,
1782585007.374912,200,141.1856140002783,qwen7b-npu6,
1782585007.3938658,200,88.20464400196215,qwen7b-npu4,
1782585007.424737,200,84.10631900187582,qwen7b-npu6,
1782585007.4330926,200,82.45154900214402,qwen7b-npu5,
1782585007.4572592,200,128.09531499806326,qwen7b-npu4,
1782585007.4576223,200,90.15454599648365,qwen7b-npu5,
1782585007.4832053,200,131.6362260004098,qwen7b-npu4,
1782585007.5096776,200,134.69943599920953,qwen7b-npu4,
1782585007.5100393,200,142.02863000173238,qwen7b-npu4,
1782585007.5185437,200,221.40904999832856,qwen7b-npu7,
1782585007.5189786,200,217.52521700182115,qwen7b-npu7,
1782585007.5350807,200,101.93156600143993,qwen7b-npu4,
1782585007.5425189,200,216.79724199930206,qwen7b-npu7,
1782585007.5428026,200,192.53826500062132,qwen7b-npu7,
1782585007.561658,200,104.29480099992361,qwen7b-npu4,
1782585007.5673025,200,173.34410900002695,qwen7b-npu7,
1782585007.567843,200,143.0477059984696,qwen7b-npu7,
1782585007.5881445,200,104.83750499770395,qwen7b-npu4,
1782585007.5907285,200,80.95545999822207,qwen7b-npu5,
1782585007.5915828,200,133.8918500005093,qwen7b-npu7,
1782585007.603534,200,84.87511400016956,qwen7b-npu6,
1782585007.6170435,200,106.93559699939215,qwen7b-npu7,
1782585007.628721,200,109.63201300182845,qwen7b-npu3,
1782585007.6409533,200,105.77923000164446,qwen7b-npu4,
1782585007.6543248,200,86.92631599842571,qwen7b-npu6,
1782585007.6565585,200,113.63988800076186,qwen7b-npu3,
1782585007.6767266,200,134.13059199956479,qwen7b-npu5,
1782585007.6902432,200,99.42688099908992,qwen7b-npu7,
1782585007.70154,200,133.63567900159978,qwen7b-npu5,
1782585007.7039368,200,142.2121400028118,qwen7b-npu4,
1782585007.7273073,200,139.06649199998355,qwen7b-npu5,
1782585007.7280748,200,124.43594300202676,qwen7b-npu5,
1782585007.744768,200,88.1139630000689,qwen7b-npu7,
1782585007.7516742,200,110.62582899830886,qwen7b-npu5,
1782585007.767453,200,175.80183400059468,qwen7b-npu4,
1782585007.780958,200,104.12531999827479,qwen7b-npu5,
1782585007.7982159,200,169.43043500214117,qwen7b-npu4,
1782585007.798577,200,181.43920799775515,qwen7b-npu4,
1782585007.8057804,200,104.14885099817184,qwen7b-npu5,
1782585007.8243494,200,169.96679899966693,qwen7b-npu4,
1782585007.8246624,200,134.3207429999893,qwen7b-npu4,
1782585007.8332338,200,81.45299299940234,qwen7b-npu6,
1782585007.8484862,200,144.45463399897562,qwen7b-npu4,
1782585007.8550942,200,87.54004000002169,qwen7b-npu5,
1782585007.8639753,200,136.56235699818353,qwen7b-npu7,
1782585007.874964,200,93.886618000397,qwen7b-npu3,
1782585007.889917,200,145.04494799984968,qwen7b-npu7,
1782585007.8903155,200,162.1471409998776,qwen7b-npu7,
1782585007.9057703,200,107.12860900093801,qwen7b-npu5,
1782585007.9137871,200,115.45934799869428,qwen7b-npu7,
1782585007.930231,200,96.9076170003973,qwen7b-npu5,
1782585007.9378083,200,82.64630999838118,qwen7b-npu7,
1782585007.9472866,200,83.20991299842717,qwen7b-npu4,
1782585007.9881966,200,182.30895400120062,qwen7b-npu6,
1782585007.9955418,200,105.11981599847786,qwen7b-npu4,
1782585008.0506144,200,136.76007699905313,qwen7b-npu7,
1782585008.0509346,200,145.07010799934505,qwen7b-npu7,
1782585008.0529103,200,228.12732999955188,qwen7b-npu6,
1782585008.053169,200,204.5819080012734,qwen7b-npu6,
1782585008.0540102,200,229.5960199990077,qwen7b-npu6,
1782585008.0695946,200,81.31888200296089,qwen7b-npu5,
1782585008.0739985,200,126.60595600027591,qwen7b-npu7,
1782585008.0785415,200,188.51156000164337,qwen7b-npu6,
1782585008.0789511,200,203.92526399882627,qwen7b-npu6,
1782585008.0954485,200,99.82420400046976,qwen7b-npu5,
1782585008.1418297,200,211.49684999909368,qwen7b-npu6,
1782585008.1422317,200,204.3257370023639,qwen7b-npu6,
1782585008.1452284,200,94.51210200131754,qwen7b-npu5,
1782585008.1469274,200,93.68817699942156,qwen7b-npu3,
1782585008.1555169,200,81.44943300067098,qwen7b-npu7,
1782585008.170732,200,101.07389100085129,qwen7b-npu5,
1782585008.1712055,200,120.20733699682751,qwen7b-npu4,
1782585008.1923933,200,138.26299700303935,qwen7b-npu6,
1782585008.1928177,200,139.83482599724084,qwen7b-npu6,
1782585008.218961,200,123.40218700046535,qwen7b-npu7,
1782585008.223046,200,144.3906339991372,qwen7b-npu4,
1782585008.223565,200,144.50204400054645,qwen7b-npu4,
1782585008.2407331,200,93.73963700272725,qwen7b-npu6,
1782585008.2478468,200,102.55471100026625,qwen7b-npu4,
1782585008.2725956,200,101.27805299998727,qwen7b-npu4,
1782585008.2744164,200,81.91402599914,qwen7b-npu5,
1782585008.3076766,200,165.74297300030594,qwen7b-npu7,
1782585008.3084,200,166.0505750005541,qwen7b-npu7,
1782585008.3344142,200,141.482826002175,qwen7b-npu7,
1782585008.3347373,200,163.87644199858187,qwen7b-npu7,
1782585008.335218,200,179.60770699937711,qwen7b-npu7,
1782585008.339968,200,99.1368799986958,qwen7b-npu3,
1782585008.3549826,200,82.32124899950577,qwen7b-npu4,
1782585008.3574076,200,134.24862199826748,qwen7b-npu7,
1782585008.35897,200,135.28728900200804,qwen7b-npu6,
1782585008.3593812,200,140.28348899955745,qwen7b-npu6,
1782585008.3810751,200,106.55597399818362,qwen7b-npu7,
1782585008.389024,200,81.28385199961485,qwen7b-npu5,
1782585008.4212828,200,173.37085899998783,qwen7b-npu6,
1782585008.4319992,200,97.13362799811875,qwen7b-npu4,
1782585008.4564567,200,101.35631400044076,qwen7b-npu4,
1782585008.4670339,200,77.95080199866788,qwen7b-npu7,
1782585008.4840817,200,175.58080299932044,qwen7b-npu6,
1782585008.5099697,200,169.90332899877103,qwen7b-npu6,
1782585008.5102983,200,175.79951300285757,qwen7b-npu6,
1782585008.5163891,200,181.05553499844973,qwen7b-npu5,
1782585008.5354943,200,178.02475699863862,qwen7b-npu6,
1782585008.5358107,200,176.31265700038057,qwen7b-npu6,
1782585008.5484073,200,81.28252199821873,qwen7b-npu4,
1782585008.5805511,200,199.38139700025204,qwen7b-npu5,
1782585008.5809138,200,221.8694429975585,qwen7b-npu5,
1782585008.6072862,200,185.8966949985188,qwen7b-npu5,
1782585008.6077452,200,175.6417930009775,qwen7b-npu5,
1782585008.630855,200,174.32810500031337,qwen7b-npu5,
1782585008.6315856,200,147.40282299680985,qwen7b-npu5,
1782585008.6324484,200,83.94882799984771,qwen7b-npu4,
1782585008.6558485,200,145.44159000070067,qwen7b-npu5,
1782585008.680055,200,99.4066120001662,qwen7b-npu5,
1782585008.6857243,200,169.24226400078624,qwen7b-npu6,
1782585008.6864457,200,176.39338799926918,qwen7b-npu6,
1782585008.7133777,200,132.38917200214928,qwen7b-npu6,
1782585008.7137682,200,178.1667479990574,qwen7b-npu6,
1782585008.7141314,200,178.25451899989275,qwen7b-npu6,
1782585008.7149851,200,84.06129799914197,qwen7b-npu7,
1782585008.7412584,200,108.70324799907394,qwen7b-npu6,
1782585008.7424912,200,110.8024610002758,qwen7b-npu7,
1782585008.7467291,200,139.3213730007119,qwen7b-npu4,
1782585008.7471626,200,139.3017129994405,qwen7b-npu4,
1782585008.7580886,200,102.12943800070207,qwen7b-npu5,
1782585008.7839818,200,103.8533089995326,qwen7b-npu5,
1782585008.7843335,200,98.54547600116348,qwen7b-npu3,
1782585008.7892764,200,102.72809199886979,qwen7b-npu6,
1782585008.8091495,200,94.08805899875006,qwen7b-npu5,
1782585008.8140879,200,100.19018599996343,qwen7b-npu6,
1782585008.8301942,200,87.634921001154,qwen7b-npu4,
1782585008.8555684,200,97.34643900083029,qwen7b-npu4,
1782585008.8817296,200,92.33824799957802,qwen7b-npu5,
1782585008.888541,200,174.32966499836766,qwen7b-npu7,
1782585008.8890169,200,175.5182929991861,qwen7b-npu7,
1782585008.9057887,200,91.63506500044605,qwen7b-npu4,
1782585008.9169543,200,170.0979199995345,qwen7b-npu7,
1782585008.9173622,200,170.0539689991274,qwen7b-npu7,
1782585008.917791,200,176.41475799973705,qwen7b-npu7,
1782585008.9640672,200,82.23632799854386,qwen7b-npu5,
1782585008.9873607,200,81.47518300029333,qwen7b-npu4,
1782585008.988509,200,99.84027499740478,qwen7b-npu7,
1782585009.0037992,200,219.38978799880715,qwen7b-npu6,
1782585009.0041838,200,220.08693200041307,qwen7b-npu6,
1782585009.0121205,200,94.21078099694569,qwen7b-npu7,
1782585009.0136046,200,96.12703200036776,qwen7b-npu5,
1782585009.0301929,200,174.50586599807139,qwen7b-npu6,
1782585009.0305946,200,200.29720199818257,qwen7b-npu6,
1782585009.0310743,200,221.8035020014213,qwen7b-npu6,
1782585009.0563297,200,139.25408299837727,qwen7b-npu6,
1782585009.0566602,200,167.51821399884648,qwen7b-npu6,
1782585009.062996,200,98.85673800090444,qwen7b-npu4,
1782585009.0802507,200,92.78635200098506,qwen7b-npu6,
1782585009.0915442,200,102.96874300183845,qwen7b-npu7,
1782585009.1114242,200,99.20314100236283,qwen7b-npu7,
1782585009.1123295,200,108.07091400056379,qwen7b-npu3,
1782585009.1285,200,124.59656399732921,qwen7b-npu5,
1782585009.1300669,200,99.3515310001385,qwen7b-npu6,
1782585009.1464965,200,83.39823500136845,qwen7b-npu4,
1782585009.1872005,200,106.83823599902098,qwen7b-npu7,
1782585009.1902921,200,176.59009899944067,qwen7b-npu5,
1782585009.205917,200,94.39141099937842,qwen7b-npu6,
1782585009.21249,200,83.91948800272075,qwen7b-npu7,
1782585009.2170727,200,186.76200000118115,qwen7b-npu5,
1782585009.2173805,200,186.17319699842483,qwen7b-npu5,
1782585009.2198124,200,107.36365000047954,qwen7b-npu3,
1782585009.2316005,200,101.41619400019408,qwen7b-npu6,
1782585009.237122,200,90.5381180018594,qwen7b-npu7,
1782585009.2440534,200,152.43935200123815,qwen7b-npu5,
1782585009.2444723,200,187.7361459992244,qwen7b-npu5,
1782585009.2448323,200,188.3991499998956,qwen7b-npu5,
1782585009.2820296,200,91.66930499850423,qwen7b-npu6,
1782585009.305282,200,117.97613400267437,qwen7b-npu4,
1782585009.3066018,200,89.44378200249048,qwen7b-npu6,
1782585009.3096662,200,97.07290699952864,qwen7b-npu7,
1782585009.3160708,200,84.36459999938961,qwen7b-npu5,
1782585009.353905,200,109.0063099982217,qwen7b-npu3,
1782585009.364244,200,82.11191699956544,qwen7b-npu5,
1782585009.3651586,200,159.14438300023903,qwen7b-npu4,
1782585009.3854115,200,80.05290499932016,qwen7b-npu7,
1782585009.3876643,200,80.96873999966192,qwen7b-npu6,
1782585009.3914955,200,171.5881089985487,qwen7b-npu4,
1782585009.3922524,200,174.75261700019473,qwen7b-npu4,
1782585009.4112802,200,101.54865399817936,qwen7b-npu5,
1782585009.4170861,200,179.8650179989636,qwen7b-npu4,
1782585009.4178753,200,173.27572800058988,qwen7b-npu4,
1782585009.4182703,200,174.0950539970072,qwen7b-npu4,
1782585009.4389057,200,84.91092400072375,qwen7b-npu6,
1782585009.463795,200,99.44738199919811,qwen7b-npu3,
1782585009.4669533,200,81.43983300033142,qwen7b-npu7,
1782585009.476275,200,160.10207900035311,qwen7b-npu4,
1782585009.4839566,200,91.60186400185921,qwen7b-npu5,
1782585009.5024142,200,137.14881999840145,qwen7b-npu6,
1782585009.5292542,200,141.5007659998082,qwen7b-npu4,
1782585009.5296025,200,138.03923500017845,qwen7b-npu4,
1782585009.553263,200,134.86948699937784,qwen7b-npu4,
1782585009.5554223,200,138.2259169986355,qwen7b-npu7,
1782585009.555854,200,144.4805040009669,qwen7b-npu6,
1782585009.5562665,200,138.27301700075623,qwen7b-npu6,
1782585009.5588064,200,82.46414899986121,qwen7b-npu5,
1782585009.5796964,200,112.67916199722094,qwen7b-npu6,
1782585009.5813081,200,142.3145509979804,qwen7b-npu7,
1782585009.6073506,200,143.44750800228212,qwen7b-npu7,
1782585009.6079679,200,123.94129000313114,qwen7b-npu7,
1782585009.6089635,200,106.44975499963039,qwen7b-npu5,
1782585009.6292124,200,99.86288399886689,qwen7b-npu6,
1782585009.6301675,200,100.50084799877368,qwen7b-npu7,
1782585009.6541827,200,97.84138200120651,qwen7b-npu6,
1782585009.6601186,200,104.58194300008472,qwen7b-npu5,
1782585009.6775322,200,124.1633819990966,qwen7b-npu4,
1782585009.6794775,200,99.7089530028461,qwen7b-npu3,
1782585009.6802926,200,98.89165799904731,qwen7b-npu7,
1782585009.703712,200,94.64289300012751,qwen7b-npu6,
1782585009.7055144,200,98.05288300049142,qwen7b-npu7,
1782585009.7058945,200,149.93235699876095,qwen7b-npu4,
1782585009.706296,200,147.39098199788714,qwen7b-npu4,
1782585009.7120738,200,104.0402799990261,qwen7b-npu5,
1782585009.7298455,200,99.61371300232713,qwen7b-npu7,
1782585009.7429986,200,113.69487800038769,qwen7b-npu5,
1782585009.7540162,200,99.76256399750127,qwen7b-npu7,
1782585009.7671087,200,89.46932199978619,qwen7b-npu5,
1782585009.7917747,200,112.22992900002282,qwen7b-npu5,
1782585009.7926264,200,132.40661099916906,qwen7b-npu6,
1782585009.8165398,200,104.40125199966133,qwen7b-npu3,
1782585009.8181484,200,137.7568739990238,qwen7b-npu6,
1782585009.8268733,200,123.06363500101725,qwen7b-npu4,
1782585009.8400972,200,134.08983200133662,qwen7b-npu7,
1782585009.8448186,200,139.19147200067528,qwen7b-npu6,
1782585009.84512,200,138.71263999681105,qwen7b-npu6,
1782585009.8905768,200,123.32627599971602,qwen7b-npu7,
1782585009.891323,200,137.2352709986444,qwen7b-npu7,
1782585009.892695,200,99.95049499775632,qwen7b-npu6,
1782585009.9021003,200,83.84604800085071,qwen7b-npu5,
1782585009.938597,200,93.40115599843557,qwen7b-npu7,
1782585009.941979,200,101.77767599816434,qwen7b-npu6,
1782585009.9538028,200,210.73770599832642,qwen7b-npu4,
1782585009.9544451,200,224.49122900070506,qwen7b-npu4,
1782585009.9810443,200,164.40835500179674,qwen7b-npu4,
1782585009.981368,200,189.52038700081175,qwen7b-npu4,
1782585010.0085354,200,181.55422899872065,qwen7b-npu4,
1782585010.008984,200,164.06457300035981,qwen7b-npu4,
1782585010.019,200,127.5717220014485,qwen7b-npu5,
1782585010.0195022,200,126.69990600261372,qwen7b-npu5,
1782585010.0265698,200,84.49678100078017,qwen7b-npu7,
1782585010.0293276,200,138.68228000137606,qwen7b-npu6,
1782585010.0349,200,96.20712299874867,qwen7b-npu4,
1782585010.0447574,200,142.5657530016906,qwen7b-npu5,
1782585010.076251,200,94.81919400059269,qwen7b-npu7,
1782585010.080734,200,126.2147540001024,qwen7b-npu6,
1782585010.0811172,200,127.25338000018382,qwen7b-npu6,
1782585010.0862184,200,105.06952600189834,qwen7b-npu4,
1782585010.1017866,200,93.12917299757828,qwen7b-npu7,
1782585010.1044369,200,85.30736600005184,qwen7b-npu6,
1782585010.1267433,200,97.31872900010785,qwen7b-npu7,
1782585010.1428225,200,133.72242999685113,qwen7b-npu5,
1782585010.1661224,200,139.45072400019853,qwen7b-npu6,
1782585010.1696582,200,134.69229499969515,qwen7b-npu5,
1782585010.1700377,200,150.41861999998218,qwen7b-npu5,
1782585010.1713405,200,90.15614499730873,qwen7b-npu4,
1782585010.1754441,200,89.13247899909038,qwen7b-npu7,
1782585010.1948268,200,149.97392700024648,qwen7b-npu5,
1782585010.1959283,200,94.03970900166314,qwen7b-npu4,
1782585010.2179008,200,137.0593089995964,qwen7b-npu6,
1782585010.2183135,200,141.96839000214823,qwen7b-npu6,
1782585010.2424161,200,99.52313200119534,qwen7b-npu6,
1782585010.256975,200,85.53129799838644,qwen7b-npu7,
1782585010.262273,200,157.7289250017202,qwen7b-npu4,
1782585010.3260164,200,199.1732049973507,qwen7b-npu5,
1782585010.3443985,200,125.96881299759843,qwen7b-npu7,
1782585010.3544102,200,184.64009699891903,qwen7b-npu5,
1782585010.3560207,200,185.86175499876845,qwen7b-npu5,
1782585010.3564365,200,190.19838100211928,qwen7b-npu4,
1782585010.356882,200,181.3377769976796,qwen7b-npu4,
1782585010.3812919,200,186.37328800105024,qwen7b-npu5,
1782585010.3817222,200,139.2292529999395,qwen7b-npu5,
1782585010.3830905,200,165.0842589988315,qwen7b-npu4,
1782585010.3834634,200,187.4315739987651,qwen7b-npu4,
1782585010.4357991,200,109.67757400067057,qwen7b-npu4,
1782585010.4362059,200,179.11974399976316,qwen7b-npu7,
1782585010.4366,200,174.24956500326516,qwen7b-npu7,
1782585010.4591355,200,102.97609299959731,qwen7b-npu5,
1782585010.4613106,200,106.82184599863831,qwen7b-npu4,
1782585010.4770172,200,120.4600089986343,qwen7b-npu6,
1782585010.485426,200,104.02721900027245,qwen7b-npu5,
1782585010.4870903,200,130.0950470031239,qwen7b-npu7,
1782585010.4874,200,142.9322450021573,qwen7b-npu7,
1782585010.488925,200,105.33962699992117,qwen7b-npu4,
1782585010.5414941,200,104.81742399861105,qwen7b-npu4,
1782585010.5551486,200,118.80817899873364,qwen7b-npu3,
1782585010.566499,200,183.29557000106433,qwen7b-npu6,
1782585010.5668185,200,184.97643999944557,qwen7b-npu6,
1782585010.5718124,200,86.32301200123038,qwen7b-npu5,
1782585010.592484,200,156.56523699726677,qwen7b-npu6,
1782585010.5928597,200,131.4491849989281,qwen7b-npu6,
1782585010.5975606,200,110.09451700010686,qwen7b-npu5,
1782585010.5979192,200,110.71635000189417,qwen7b-npu4,
1782585010.5994966,200,140.23937799720443,qwen7b-npu7,
1782585010.5999358,200,122.8158030025952,qwen7b-npu7,
1782585010.6165714,200,127.54787200174178,qwen7b-npu6,
1782585010.6510277,200,109.43330199734191,qwen7b-npu4,
1782585010.6514487,200,96.22641199894133,qwen7b-npu7,
1782585010.6770627,200,105.1583459993708,qwen7b-npu4,
1782585010.7062483,200,113.65968799873372,qwen7b-npu4,
1782585010.7352247,200,137.20699999976205,qwen7b-npu6,
1782585010.7356172,200,142.68734299912467,qwen7b-npu6,
1782585010.7367072,200,136.66077699963353,qwen7b-npu6,
1782585010.7460408,200,148.3594669989543,qwen7b-npu7,
1782585010.751688,200,185.09983100011596,qwen7b-npu5,
1782585010.7524264,200,185.47967199992854,qwen7b-npu5,
1782585010.778421,200,161.7480289969535,qwen7b-npu5,
1782585010.778834,200,179.21843500153045,qwen7b-npu5,
1782585010.785102,200,107.9384629993001,qwen7b-npu4,
1782585010.8015463,200,150.02945800006273,qwen7b-npu7,
1782585010.8019202,200,150.79016299932846,qwen7b-npu7,
1782585010.8254776,200,119.13234100211412,qwen7b-npu7,
1782585010.8272972,200,91.9523360025778,qwen7b-npu5,
1782585010.836433,200,100.73754900076892,qwen7b-npu4,
1782585010.8618677,200,110.11486599818454,qwen7b-npu4,
1782585010.8756642,200,90.49352800138877,qwen7b-npu5,
1782585010.8873937,200,85.72144899881096,qwen7b-npu4,
1782585010.9057608,200,168.92049200032488,qwen7b-npu6,
1782585010.9332979,200,180.77788400114514,qwen7b-npu6,
1782585010.9337099,200,187.5681950004946,qwen7b-npu6,
1782585010.9472933,200,85.32885599925066,qwen7b-npu5,
1782585010.9553485,200,129.75485500282957,qwen7b-npu7,
1782585010.9603012,200,181.39019800219103,qwen7b-npu6,
1782585010.960695,200,182.1322420000797,qwen7b-npu6,
1782585010.9610684,200,159.07177299959585,qwen7b-npu6,
1782585010.9623234,200,86.56180399702862,qwen7b-npu4,
1782585010.983802,200,147.24781100085238,qwen7b-npu7,
1782585010.9844291,200,157.06251000301563,qwen7b-npu7,
1782585011.012566,200,106.73481600315426,qwen7b-npu4,
1782585011.0212295,200,87.4028289981652,qwen7b-npu5,
1782585011.0378292,200,90.47167699827696,qwen7b-npu4,
1782585011.0503166,200,162.81852500105742,qwen7b-npu7,
1782585011.0778937,200,144.47759500035318,qwen7b-npu7,
1782585011.0849166,200,124.0784010005882,qwen7b-npu6,
1782585011.101317,200,145.90831299938145,qwen7b-npu4,
1782585011.1061885,200,145.06071799769416,qwen7b-npu7,
1782585011.1065743,200,146.15931400112459,qwen7b-npu7,
1782585011.11153,200,127.62453200048185,qwen7b-npu6,
1782585011.1119645,200,149.57826499812654,qwen7b-npu6,
1782585011.1307337,200,146.23441499861656,qwen7b-npu7,
1782585011.135168,200,97.23346800092258,qwen7b-npu6,
1782585011.1539538,200,132.62096299877157,qwen7b-npu4,
1782585011.154373,200,141.7119379984797,qwen7b-npu4,
1782585011.1686687,200,83.65209600015078,qwen7b-npu5,
1782585011.1801007,200,129.69155500104534,qwen7b-npu4,
1782585011.1863217,200,108.32912600017153,qwen7b-npu6,
1782585011.1950088,200,93.58830699784448,qwen7b-npu5,
1782585011.2050834,200,98.78234799907659,qwen7b-npu4,
1782585011.2202196,200,108.14814400146133,qwen7b-npu6,
1782585011.237578,200,102.3345989997324,qwen7b-npu6,
1782585011.2538652,200,142.21793099932256,qwen7b-npu7,
1782585011.2542,200,147.50861300126417,qwen7b-npu7,
1782585011.2569063,200,102.42159999688738,qwen7b-npu4,
1782585011.2784069,200,147.57489300245652,qwen7b-npu7,
1782585011.2828076,200,102.64048099998035,qwen7b-npu4,
1782585011.2832336,200,129.16385199787328,qwen7b-npu5,
1782585011.2864745,200,91.36112300257082,qwen7b-npu6,
1782585011.3084853,200,88.20600300168735,qwen7b-npu4,
1782585011.346053,200,177.30992299766513,qwen7b-npu5,
1782585011.359529,200,105.21191599764279,qwen7b-npu4,
1782585011.3675833,200,129.90399599948432,qwen7b-npu7,
1782585011.3679934,200,81.4496830025746,qwen7b-npu6,
1782585011.3713946,200,166.21195599873317,qwen7b-npu5,
1782585011.3722672,200,185.84054399980232,qwen7b-npu5,
1782585011.3848104,200,101.89630600143573,qwen7b-npu4,
1782585011.396782,200,142.83566499943845,qwen7b-npu5,
1782585011.3976002,200,140.5992710024293,qwen7b-npu5,
1782585011.4197407,200,111.16482299985364,qwen7b-npu5,
1782585011.434998,200,88.8595480028016,qwen7b-npu4,
1782585011.442814,200,83.18681300079334,qwen7b-npu6,
1782585011.4600587,200,176.7065599997295,qwen7b-npu7,
1782585011.4604518,200,181.94316099834396,qwen7b-npu7,
1782585011.4612162,200,93.10786400237703,qwen7b-npu4,
1782585011.466305,200,93.93662899674382,qwen7b-npu3,
1782585011.467783,200,96.29367199886474,qwen7b-npu6,
1782585011.4866722,200,89.79370399902109,qwen7b-npu4,
1782585011.5173657,200,97.56195099907927,qwen7b-npu6,
1782585011.551628,200,116.56334600047558,qwen7b-npu5,
1782585011.5590267,200,98.4526360007294,qwen7b-npu4,
1782585011.5667598,200,105.44506800215458,qwen7b-npu6,
1782585011.5885344,200,203.6263619993406,qwen7b-npu7,
1782585011.5889385,200,221.2332389972289,qwen7b-npu7,
1782585011.6016366,200,133.75381999867386,qwen7b-npu5,
1782585011.6020517,200,135.64805100031663,qwen7b-npu5,
1782585011.614997,200,172.06670099767507,qwen7b-npu7,
1782585011.6154919,200,217.79189799781307,qwen7b-npu7,
1782585011.6166234,200,99.1588100005174,qwen7b-npu6,
1782585011.6417606,200,90.06341499843984,qwen7b-npu6,
1782585011.6429222,200,182.79443599749357,qwen7b-npu7,
1782585011.6439397,200,84.81789399957052,qwen7b-npu4,
1782585011.644326,200,157.53197300000465,qwen7b-npu7,
1782585011.6734676,200,84.4103109993739,qwen7b-npu5,
1782585011.6791584,200,112.32951999772922,qwen7b-npu3,
1782585011.6910598,200,102.41663999840966,qwen7b-npu7,
1782585011.6919422,200,90.19117599746096,qwen7b-npu4,
1782585011.6979997,200,82.85581200107117,qwen7b-npu5,
1782585011.7172267,200,100.54230799869401,qwen7b-npu4,
1782585011.7175689,200,101.96173700023792,qwen7b-npu7,
1782585011.729766,200,127.60216199967545,qwen7b-npu6,
1782585011.7423735,200,100.53555800186587,qwen7b-npu7,
1782585011.7465281,200,102.08405700177536,qwen7b-npu5,
1782585011.7696667,200,90.3983869975491,qwen7b-npu4,
1782585011.7933104,200,101.29752300053951,qwen7b-npu7,
1782585011.7954993,200,104.34445200007758,qwen7b-npu4,
1782585011.8183432,200,101.02462099894183,qwen7b-npu7,
1782585011.821094,200,177.03968199930387,qwen7b-npu6,
1782585011.8215787,200,178.55267100094352,qwen7b-npu6,
1782585011.8227823,200,105.14605599746574,qwen7b-npu5,
1782585011.846799,200,116.93561699939892,qwen7b-npu4,
1782585011.847155,200,173.59129999749712,qwen7b-npu6,
1782585011.8475347,200,149.43484499963233,qwen7b-npu6,
1782585011.8486192,200,101.98271700210171,qwen7b-npu5,
1782585011.8710058,200,128.52825799927814,qwen7b-npu6,
1782585011.8718507,200,102.10820800057263,qwen7b-npu4,
1782585011.8951323,200,99.57057300198358,qwen7b-npu7,
1782585011.8959577,200,102.54884099776973,qwen7b-npu6,
1782585011.9220235,200,100.3176779995556,qwen7b-npu6,
1782585011.9229577,200,100.07642500204383,qwen7b-npu4,
1782585011.9490247,200,100.33141700114356,qwen7b-npu7,
1782585011.9494457,200,102.53274099886767,qwen7b-npu4,
1782585011.9627786,200,144.37610399909317,qwen7b-npu5,
1782585011.963139,200,141.90098800099804,qwen7b-npu5,
1782585011.971821,200,100.71131000222522,qwen7b-npu4,
1782585011.9855938,200,137.9382949999126,qwen7b-npu6,
1782585011.986594,200,139.35003300139215,qwen7b-npu5,
1782585012.015677,200,143.7259689992061,qwen7b-npu7,
1782585012.0350292,200,139.79509599812445,qwen7b-npu6,
1782585012.0358522,200,139.833916000498,qwen7b-npu6,
1782585012.058122,200,86.20572099971469,qwen7b-npu6,
1782585012.0614605,200,98.5759360009979,qwen7b-npu5,
1782585012.0682268,200,146.10542399896076,qwen7b-npu7,
1782585012.0686157,200,145.56033099870547,qwen7b-npu7,
1782585012.0840309,200,120.765861000109,qwen7b-npu4,
1782585012.0844312,200,135.29117800135282,qwen7b-npu4,
1782585012.0855856,200,99.8920439997164,qwen7b-npu5,
1782585012.0926712,200,143.0985459992371,qwen7b-npu7,
1782585012.1082504,200,121.55127599908155,qwen7b-npu4,
1782585012.134217,200,99.09391999826767,qwen7b-npu4,
1782585012.1355333,200,99.61317300258088,qwen7b-npu6,
1782585012.1546862,200,138.9113509976596,qwen7b-npu7,
1782585012.161411,200,92.6859310020518,qwen7b-npu6,
1782585012.2068229,200,122.27575999713736,qwen7b-npu7,
1782585012.2076142,200,146.09055400069337,qwen7b-npu7,
1782585012.2119153,200,103.59812699971371,qwen7b-npu6,
1782585012.22225,200,136.59799699962605,qwen7b-npu4,
1782585012.2372744,200,168.95039199880557,qwen7b-npu5,
1782585012.2377105,200,179.52911599786603,qwen7b-npu5,
1782585012.262663,200,178.5284399993543,qwen7b-npu5,
1782585012.2630625,200,170.2942810006789,qwen7b-npu5,
1782585012.2766917,200,141.091053999844,qwen7b-npu4,
1782585012.277099,200,142.78862399805803,qwen7b-npu4,
1782585012.2864769,200,131.69207699684193,qwen7b-npu5,
1782585012.3018956,200,140.38886999696842,qwen7b-npu7,
1782585012.3023355,200,94.57742200174835,qwen7b-npu4,
1782585012.3205175,200,108.48447600073996,qwen7b-npu3,
1782585012.3255665,200,87.72171099917614,qwen7b-npu4,
1782585012.3435595,200,121.19867400178919,qwen7b-npu7,
1782585012.3442986,200,137.36480100124027,qwen7b-npu7,
1782585012.3451016,200,81.97305599969695,qwen7b-npu6,
1782585012.3734627,200,136.10128400250687,qwen7b-npu5,
1782585012.3746185,200,97.42028999971808,qwen7b-npu4,
1782585012.3940034,200,91.60242400321295,qwen7b-npu6,
1782585012.4003286,200,98.33165500094765,qwen7b-npu4,
1782585012.4005682,200,123.7780390001717,qwen7b-npu5,
1782585012.40127,200,138.48861799851875,qwen7b-npu5,
1782585012.4024696,200,115.88811100227758,qwen7b-npu3,
1782585012.4194825,200,93.82043799996609,qwen7b-npu6,
1782585012.42293,200,102.30855900226743,qwen7b-npu5,
1782585012.4271464,200,83.48365599886165,qwen7b-npu7,
1782585012.4506202,200,106.25033299947972,qwen7b-npu4,
1782585012.4697196,200,96.1596119996102,qwen7b-npu6,
1782585012.4753036,200,100.59483900113264,qwen7b-npu4,
1782585012.4896457,200,144.43915400261176,qwen7b-npu7,
1782585012.4947739,200,92.20311800163472,qwen7b-npu6,
1782585012.5050724,200,82.04742599991732,qwen7b-npu5,
1782585012.5153973,200,121.32888500127592,qwen7b-npu7,
1782585012.518579,200,99.00532900064718,qwen7b-npu6,
1782585012.5247536,200,97.49913999985438,qwen7b-npu4,
1782585012.5542977,200,103.55466699911631,qwen7b-npu5,
1782585012.5796854,200,179.29045499840868,qwen7b-npu7,
1782585012.5800242,200,179.38818599941442,qwen7b-npu7,
1782585012.5807552,200,105.35993700250401,qwen7b-npu5,
1782585012.58105,200,179.67643700103508,qwen7b-npu7,
1782585012.605308,200,80.45455699902959,qwen7b-npu6,
1782585012.6126485,200,142.83056400017813,qwen7b-npu4,
1782585012.6298542,200,140.1114679974853,qwen7b-npu7,
1782585012.6302254,200,135.35822000267217,qwen7b-npu7,
1782585012.640306,200,124.81572599790525,qwen7b-npu4,
1782585012.6407106,200,135.54367999677197,qwen7b-npu4,
1782585012.6548038,200,100.41050699874177,qwen7b-npu7,
1782585012.6642525,200,145.6049120024545,qwen7b-npu4,
1782585012.6645887,200,83.77285700044013,qwen7b-npu5,
1782585012.6956935,200,90.2808470018499,qwen7b-npu3,
1782585012.7151098,200,85.15089499996975,qwen7b-npu4,
1782585012.7162406,200,103.5226159983722,qwen7b-npu5,
1782585012.7205725,200,140.43458899686811,qwen7b-npu6,
1782585012.7208974,200,141.12247400043998,qwen7b-npu6,
1782585012.7212644,200,140.09636799892178,qwen7b-npu6,
1782585012.7297618,200,88.93590799925732,qwen7b-npu7,
1782585012.742886,200,102.4741909968725,qwen7b-npu5,
1782585012.7440646,200,113.76466900037485,qwen7b-npu6,
1782585012.7539897,200,99.06788000080269,qwen7b-npu7,
1782585012.7681413,200,103.48530600094819,qwen7b-npu5,
1782585012.798311,200,81.97417599876644,qwen7b-npu4,
1782585012.8057532,200,141.41321599890944,qwen7b-npu6,
1782585012.8234296,200,102.05077800128493,qwen7b-npu4,
1782585012.828137,200,98.30416499971761,qwen7b-npu7,
1782585012.8317904,200,135.99540400173282,qwen7b-npu5,
1782585012.84827,200,105.2958270011004,qwen7b-npu4,
1782585012.8537278,200,85.50116700280341,qwen7b-npu7,
1782585012.856343,200,141.12211400060914,qwen7b-npu6,
1782585012.8571856,200,136.2229340011254,qwen7b-npu6,
1782585012.8921673,200,171.49615800008178,qwen7b-npu5,
1782585012.9305897,200,98.69827699731104,qwen7b-npu6,
1782585012.955132,200,98.70517699891934,qwen7b-npu6,
1782585012.95544,200,201.3468990007823,qwen7b-npu5,
1782585012.9556775,200,211.5015300005325,qwen7b-npu5,
1782585012.9672139,200,143.66456900097546,qwen7b-npu7,
1782585012.9724429,200,80.20626600045944,qwen7b-npu4,
1782585012.9811964,200,182.77852599931066,qwen7b-npu5,
1782585012.9815943,200,175.73874299705494,qwen7b-npu5,
1782585012.9935458,200,139.71359499919345,qwen7b-npu7,
1782585012.9939604,200,136.67770699976245,qwen7b-npu7,
1782585013.005745,200,157.38266200060025,qwen7b-npu5,
1782585013.006436,200,178.2279090002703,qwen7b-npu5,
1782585013.0300574,200,99.35537099954672,qwen7b-npu6,
1782585013.0552664,200,99.51711200119462,qwen7b-npu6,
1782585013.0780647,200,105.52541899960488,qwen7b-npu5,
1782585013.0792205,200,123.99305999861099,qwen7b-npu7,
1782585013.0806856,200,99.36954200020409,qwen7b-npu6,
1782585013.0831747,200,127.65839299754589,qwen7b-npu4,
1782585013.1060586,200,100.25042599954759,qwen7b-npu6,
1782585013.1097002,200,142.4208210009965,qwen7b-npu4,
1782585013.1105,200,128.78795900178375,qwen7b-npu4,
1782585013.131143,200,137.07119900209364,qwen7b-npu7,
1782585013.1319008,200,138.23875700109056,qwen7b-npu7,
1782585013.132298,200,125.76188099774299,qwen7b-npu4,
1782585013.1540856,200,98.7214769993443,qwen7b-npu5,
1782585013.167728,200,137.5708530031261,qwen7b-npu6,
1782585013.1805263,200,102.3591689991008,qwen7b-npu7,
1782585013.1809464,200,97.64714099947014,qwen7b-npu5,
1782585013.2045553,200,94.76048400028958,qwen7b-npu5,
1782585013.2054641,200,94.869373999245,qwen7b-npu7,
1782585013.2182024,200,137.4193820010987,qwen7b-npu6,
1782585013.2189429,200,139.62672500201734,qwen7b-npu6,
1782585013.2306468,200,99.41440100010368,qwen7b-npu7,
1782585013.2438273,200,137.6792330011085,qwen7b-npu4,
1782585013.2556179,200,101.46545399766183,qwen7b-npu7,
1782585013.2672555,200,99.43075200135354,qwen7b-npu6,
1782585013.2702632,200,137.8507740009809,qwen7b-npu4,
1782585013.2706797,200,138.65604899910977,qwen7b-npu4,
1782585013.2927613,200,87.19824700165191,qwen7b-npu6,
1782585013.2956927,200,91.07479099839111,qwen7b-npu4,
1782585013.3175726,200,86.83458599989535,qwen7b-npu6,
1782585013.3207996,200,102.49981000015396,qwen7b-npu4,
1782585013.3449934,200,89.27797000069404,qwen7b-npu4,
1782585013.3527017,200,81.90495600138092,qwen7b-npu7,
1782585013.3671973,200,99.84463399814558,qwen7b-npu6,
1782585013.376687,200,80.9000190020015,qwen7b-npu7,
1782585013.3933706,200,212.73013700192678,qwen7b-npu5,
1782585013.3937805,200,212.72072799911257,qwen7b-npu5,
1782585013.3952737,200,102.41364000103204,qwen7b-npu4,
1782585013.4170845,200,99.42328200122574,qwen7b-npu6,
1782585013.4191701,200,175.2824800023518,qwen7b-npu5,
1782585013.4194546,200,200.4162630000792,qwen7b-npu5,
1782585013.4446054,200,174.2297939999844,qwen7b-npu5,
1782585013.4449208,200,124.02360999840312,qwen7b-npu5,
1782585013.4516013,200,98.79968799941707,qwen7b-npu7,
1782585013.468897,200,123.80116900021676,qwen7b-npu5,
1782585013.4711177,200,103.84855899974355,qwen7b-npu4,
1782585013.476535,200,99.74637400227948,qwen7b-npu7,
1782585013.4938254,200,98.46094599924982,qwen7b-npu5,
1782585013.5186195,200,101.46760399948107,qwen7b-npu5,
1782585013.5299985,200,136.50565600255504,qwen7b-npu6,
1782585013.5303247,200,136.42611600153032,qwen7b-npu6,
1782585013.5429943,200,98.30298499946366,qwen7b-npu5,
1782585013.5586326,200,139.3813129980117,qwen7b-npu4,
1782585013.5654662,200,145.89689299828024,qwen7b-npu7,
1782585013.5848691,200,139.83126600214746,qwen7b-npu4,
1782585013.5855014,200,133.83160999728716,qwen7b-npu4,
1782585013.5939693,200,124.97501600228134,qwen7b-npu7,
1782585013.6054277,200,86.74258499740972,qwen7b-npu6,
1782585013.610384,200,133.7530999990122,qwen7b-npu4,
1782585013.6178842,200,146.6582680004649,qwen7b-npu7,
1782585013.6186802,200,124.74519500028691,qwen7b-npu7,
1782585013.631701,200,101.261332998547,qwen7b-npu6,
1782585013.6360593,200,93.00015299959341,qwen7b-npu4,
1782585013.643464,200,113.4027359985339,qwen7b-npu7,
1782585013.6690078,200,110.28708700177958,qwen7b-npu7,
1782585013.6824832,200,97.5133799984178,qwen7b-npu6,
1782585013.6843855,200,118.82543000319856,qwen7b-npu5,
1782585013.695681,200,110.11235700061661,qwen7b-npu7,
1782585013.7078757,200,89.09310000308324,qwen7b-npu6,
1782585013.7229743,200,128.90934999813908,qwen7b-npu4,
1782585013.745031,200,139.5087249984499,qwen7b-npu5,
1782585013.74543,200,134.95038700057194,qwen7b-npu5,
1782585013.7641702,200,146.1819040014234,qwen7b-npu5,
1782585013.7773378,200,145.53728100145236,qwen7b-npu4,
1782585013.777767,200,141.64156799961347,qwen7b-npu4,
1782585013.7786496,200,135.09017799879075,qwen7b-npu4,
1782585013.813219,200,128.7335590022849,qwen7b-npu7,
1782585013.8135667,200,144.49713400244946,qwen7b-npu7,
1782585013.8139086,200,105.93549099939992,qwen7b-npu5,
1782585013.8248513,200,142.26755100025912,qwen7b-npu6,
1782585013.8256712,200,129.892116998235,qwen7b-npu6,
1782585013.8383198,200,93.16955400208826,qwen7b-npu7,
1782585013.8387263,200,93.16623399718083,qwen7b-npu5,
1782585013.8622088,200,139.13628200316452,qwen7b-npu4,
1782585013.8876963,200,108.92860899912193,qwen7b-npu5,
1782585013.9001017,200,135.79454200225882,qwen7b-npu7,
1782585013.9130962,200,99.41018199970131,qwen7b-npu5,
1782585013.9134638,200,135.98757299769204,qwen7b-npu4,
1782585013.9144304,200,136.58922700051335,qwen7b-npu4,
1782585013.9366512,200,111.69369600247592,qwen7b-npu4,
1782585013.9761953,200,162.87697599909734,qwen7b-npu6,
1782585013.9906461,200,164.90208799950778,qwen7b-npu7,
1782585013.991085,200,177.10573200020008,qwen7b-npu7,
1782585014.0058043,200,166.94149099930655,qwen7b-npu6,
1782585014.0062208,200,167.78905500177643,qwen7b-npu6,
1782585014.0102832,200,96.70442499918863,qwen7b-npu4,
1782585014.0184023,200,81.65356400058954,qwen7b-npu5,
1782585014.034199,200,171.88961099964217,qwen7b-npu6,
1782585014.0347342,200,146.94390899967402,qwen7b-npu6,
1782585014.0416548,200,128.44821800172213,qwen7b-npu7,
1782585014.0426462,200,142.4425519981014,qwen7b-npu7,
1782585014.0692809,200,92.98449299967615,qwen7b-npu5,
1782585014.085991,200,94.78093399957288,qwen7b-npu4,
1782585014.0939605,200,87.63318999990588,qwen7b-npu5,
1782585014.0988607,200,184.33404600000358,qwen7b-npu6,
1782585014.1182323,200,83.91787800064776,qwen7b-npu5,
1782585014.1276,200,136.83787799891434,qwen7b-npu7,
1782585014.1547716,200,148.84764100133907,qwen7b-npu6,
1782585014.1552474,200,144.8688870004844,qwen7b-npu6,
1782585014.1561024,200,137.5724520003132,qwen7b-npu6,
1782585014.1775358,200,134.7779459974845,qwen7b-npu7,
1782585014.1778862,200,136.13019400145276,qwen7b-npu7,
1782585014.1811333,200,146.2800250010332,qwen7b-npu6,
1782585014.1996288,200,130.25068799834116,qwen7b-npu4,
1782585014.2003167,200,82.02038600211381,qwen7b-npu7,
1782585014.205463,200,111.43849399741157,qwen7b-npu6,
1782585014.225899,200,139.81336600045324,qwen7b-npu4,
1782585014.2262247,200,127.26094999743509,qwen7b-npu4,
1782585014.279051,200,124.14664200332481,qwen7b-npu5,
1782585014.2811987,200,80.81729900004575,qwen7b-npu7,
1782585014.2851315,200,107.51163999884739,qwen7b-npu6,
1782585014.2859325,200,158.22835700237192,qwen7b-npu4,
1782585014.290851,200,112.8514730007737,qwen7b-npu3,
1782585014.305019,200,148.81329099807772,qwen7b-npu5,
1782585014.3054454,200,150.0863080000272,qwen7b-npu5,
1782585014.3156414,200,134.40780400196672,qwen7b-npu4,
1782585014.3182514,200,92.27582899984554,qwen7b-npu3,
1782585014.3498325,200,144.27752299889107,qwen7b-npu4,
1782585014.350215,200,150.48733100047684,qwen7b-npu4,
1782585014.3648393,200,83.54318599958788,qwen7b-npu7,
1782585014.3828588,200,156.5257680013019,qwen7b-npu6,
1782585014.3897085,200,84.57394200013368,qwen7b-npu7,
1782585014.3910873,200,85.52554799825884,qwen7b-npu5,
1782585014.415288,200,96.97301699998206,qwen7b-npu7,
1782585014.4343216,200,149.09083200109308,qwen7b-npu4,
1782585014.436788,200,145.83576200311654,qwen7b-npu6,
1782585014.4371703,200,158.01504599949112,qwen7b-npu6,
1782585014.4379237,200,151.92096900136676,qwen7b-npu6,
1782585014.4405355,200,90.61335899968981,qwen7b-npu7,
1782585014.4612427,200,145.4785099995206,qwen7b-npu6,
1782585014.4661083,200,83.18457399946055,qwen7b-npu5,
1782585014.4847162,200,119.80636500084074,qwen7b-npu4,
1782585014.4852457,200,134.90538599944557,qwen7b-npu4,
1782585014.489488,200,98.30243500255165,qwen7b-npu7,
1782585014.5278518,200,138.03019500119262,qwen7b-npu5,
1782585014.5383162,200,103.89148900139844,qwen7b-npu7,
1782585014.5511274,200,135.74154100206215,qwen7b-npu6,
1782585014.563135,200,101.82638599872007,qwen7b-npu7,
1782585014.5779502,200,141.04777299871785,qwen7b-npu6,
1782585014.5783372,200,140.34265000009327,qwen7b-npu6,
1782585014.6025648,200,117.77998199977446,qwen7b-npu6,
1782585014.6152883,200,174.65617699781433,qwen7b-npu5,
1782585014.6160607,200,178.77645199769177,qwen7b-npu5,
1782585014.6190379,200,80.65390800038585,qwen7b-npu4,
1782585014.6279411,200,99.99015500216046,qwen7b-npu6,
1782585014.6429358,200,157.62301400172873,qwen7b-npu5,
1782585014.6432748,200,153.72093100086204,qwen7b-npu5,
1782585014.6435266,200,177.32067300312337,qwen7b-npu5,
1782585014.71617,200,100.0071950002166,qwen7b-npu5,
1782585014.7176669,200,166.42415699971025,qwen7b-npu7,
1782585014.7415617,200,97.96253300009994,qwen7b-npu5,
1782585014.7423747,200,123.26924599983613,qwen7b-npu4,
1782585014.7464962,200,168.44510000009905,qwen7b-npu7,
1782585014.7468395,200,168.38388899850543,qwen7b-npu7,
1782585014.7475467,200,184.33342600110336,qwen7b-npu7,
1782585014.7653706,200,137.36075199994957,qwen7b-npu4,
1782585014.765757,200,122.71811300161062,qwen7b-npu4,
1782585014.7716324,200,168.96778299997095,qwen7b-npu7,
1782585014.7719429,200,156.5615079998679,qwen7b-npu7,
1782585014.7896657,200,146.31945599830942,qwen7b-npu4,
1782585014.8201563,200,102.39210900181206,qwen7b-npu7,
1782585014.8321042,200,89.62988299754215,qwen7b-npu5,
1782585014.8346405,200,118.37439600276412,qwen7b-npu6,
1782585014.840157,200,93.56053599913139,qwen7b-npu4,
1782585014.858866,200,93.38007599944831,qwen7b-npu5,
1782585014.8658946,200,100.02039500250248,qwen7b-npu4,
1782585014.886024,200,114.30641200058744,qwen7b-npu5,
1782585014.9115064,200,91.24763200088637,qwen7b-npu5,
1782585014.914267,200,82.06193700243603,qwen7b-npu7,
1782585014.9246607,200,183.0002879978565,qwen7b-npu6,
1782585014.9250531,200,177.37642299834988,qwen7b-npu6,
1782585014.925848,200,178.89247300263378,qwen7b-npu6,
1782585014.9410925,200,100.7960599999933,qwen7b-npu4,
1782585014.9493408,200,177.28349300159607,qwen7b-npu6,
1782585014.9496891,200,159.92498799823807,qwen7b-npu6,
1782585014.9659705,200,107.00676799751818,qwen7b-npu4,
1782585014.9732084,200,138.49940900036017,qwen7b-npu6,
1782585014.9910176,200,104.9181749986019,qwen7b-npu4,
1782585014.9980679,200,132.06488899959368,qwen7b-npu5,
1782585015.0087044,200,83.92439700037357,qwen7b-npu7,
1782585015.016125,200,101.75829600120778,qwen7b-npu4,
1782585015.0344887,200,93.30540399969323,qwen7b-npu7,
1782585015.048426,200,136.82432799760136,qwen7b-npu5,
1782585015.048697,200,123.5364269996353,qwen7b-npu5,
1782585015.0660977,200,100.02625600100146,qwen7b-npu4,
1782585015.0831704,200,92.05801699863514,qwen7b-npu7,
1782585015.098972,200,173.02472700248472,qwen7b-npu6,
1782585015.106748,200,108.57932699946105,qwen7b-npu3,
1782585015.1215105,200,105.28785700080334,qwen7b-npu5,
1782585015.1459715,200,97.20209800070734,qwen7b-npu5,
1782585015.1608248,200,112.33857000115677,qwen7b-npu3,
1782585015.162696,200,212.89334800167126,qwen7b-npu6,
1782585015.1630666,200,213.64227300000493,qwen7b-npu6,
1782585015.1810107,200,81.94064599956619,qwen7b-npu4,
1782585015.1874247,200,80.6105480005499,qwen7b-npu7,
1782585015.1883833,200,215.1070920008351,qwen7b-npu6,
1782585015.1887565,200,179.98343900035252,qwen7b-npu6,
1782585015.1895177,200,106.2427229990135,qwen7b-npu3,
1782585015.2170057,200,182.4040139981662,qwen7b-npu6,
1782585015.217428,200,151.23296599995228,qwen7b-npu6,
1782585015.2443342,200,122.72223199761356,qwen7b-npu4,
1782585015.2638297,200,102.9413630021736,qwen7b-npu7,
1782585015.2666118,200,120.54464899847517,qwen7b-npu5,
1782585015.289034,200,100.54824899998493,qwen7b-npu7,
1782585015.2910662,200,103.57385699899169,qwen7b-npu6,
1782585015.2954936,200,132.6845429975947,qwen7b-npu4,
1782585015.2957947,200,132.61836300080176,qwen7b-npu4,
1782585015.3125305,200,95.38095699826954,qwen7b-npu7,
1782585015.3186848,200,101.17184200134943,qwen7b-npu6,
1782585015.3189633,200,137.85920400187024,qwen7b-npu5,
1782585015.3196282,200,130.7590309988882,qwen7b-npu5,
1782585015.3199058,200,130.2938090011594,qwen7b-npu5,
1782585015.345237,200,100.81891000299947,qwen7b-npu6,
1782585015.370249,200,106.31712400208926,qwen7b-npu4,
1782585015.3722794,200,105.59878899948671,qwen7b-npu6,
1782585015.39456,200,98.98206900106743,qwen7b-npu4,
1782585015.3989918,200,107.81697199854534,qwen7b-npu6,
1782585015.3994193,200,79.40116999816382,qwen7b-npu7,
1782585015.4181552,200,99.39010100060841,qwen7b-npu4,
1782585015.4247837,200,105.0903359973745,qwen7b-npu6,
1782585015.4766004,200,187.44933400012087,qwen7b-npu5,
1782585015.4770548,200,181.1422959981428,qwen7b-npu5,
1782585015.4931254,200,98.44328599865548,qwen7b-npu4,
1782585015.4991539,200,186.52699899757863,qwen7b-npu5,
1782585015.4994829,200,180.44673199983663,qwen7b-npu5,
1782585015.499775,200,154.47717400093097,qwen7b-npu5,
1782585015.5001993,200,129.8892459999479,qwen7b-npu5,
1782585015.5154486,200,143.1119859989849,qwen7b-npu6,
1782585015.5217075,200,96.8575660008355,qwen7b-npu5,
1782585015.5689807,200,91.81564499886008,qwen7b-npu5,
1782585015.5799174,200,79.65077200060477,qwen7b-npu7,
1782585015.5809383,200,181.41411800024798,qwen7b-npu6,
1782585015.5812235,200,182.14643199826241,qwen7b-npu6,
1782585015.6050355,200,83.23055299842963,qwen7b-npu7,
1782585015.6053731,200,128.6430090003705,qwen7b-npu4,
1782585015.6078486,200,189.5968869976059,qwen7b-npu6,
1782585015.631611,200,131.72885699896142,qwen7b-npu4,
1782585015.6320162,200,132.77552400177228,qwen7b-npu4,
1782585015.6360047,200,136.45051600178704,qwen7b-npu6,
1782585015.6363223,200,143.08584600075847,qwen7b-npu6,
1782585015.655078,200,86.00373999797739,qwen7b-npu7,
1782585015.6562042,200,140.6991410003684,qwen7b-npu4,
1782585015.6661844,200,84.84347400008119,qwen7b-npu5,
1782585015.682437,200,102.45865999968373,qwen7b-npu4,
1782585015.691159,200,86.03958100138698,qwen7b-npu5,
1782585015.7178862,200,136.8725380016258,qwen7b-npu7,
1782585015.7328248,200,96.75011600120342,qwen7b-npu4,
1782585015.7666304,200,84.1008690003946,qwen7b-npu5,
1782585015.791898,200,186.39634800274507,qwen7b-npu6,
1782585015.7923377,200,184.38523599979817,qwen7b-npu6,
1782585015.805406,200,173.272118998284,qwen7b-npu7,
1782585015.8056543,200,169.2603350020363,qwen7b-npu7,
1782585015.816258,200,98.2810450004763,qwen7b-npu5,
1782585015.8190541,200,187.33931400129222,qwen7b-npu6,
1782585015.8192987,200,164.130663000833,qwen7b-npu6,
1782585015.8196936,200,128.41610800023773,qwen7b-npu6,
1782585015.829817,200,163.52602999904775,qwen7b-npu7,
1782585015.8301902,200,173.92616200231714,qwen7b-npu7,
1782585015.8415601,200,108.63111800063052,qwen7b-npu5,
1782585015.8523197,200,85.591168000974,qwen7b-npu4,
1782585015.890895,200,85.16711600168492,qwen7b-npu5,
1782585015.9012387,200,81.86860500063631,qwen7b-npu6,
1782585015.9129958,200,120.50185900079668,qwen7b-npu4,
1782585015.939052,200,122.69592300071963,qwen7b-npu4,
1782585015.9406474,200,98.99253999901703,qwen7b-npu5,
1782585015.9519868,200,159.94814800069435,qwen7b-npu7,
1782585015.9658024,200,145.99116400131606,qwen7b-npu4,
1782585015.9661689,200,136.2683150000521,qwen7b-npu4,
1782585015.9765337,200,85.53767800185597,qwen7b-npu6,
1782585015.977805,200,172.32162200161838,qwen7b-npu7,
1782585015.9781556,200,159.0378930013685,qwen7b-npu7,
1782585016.0020523,200,88.95962799942936,qwen7b-npu6,
1782585016.003103,200,172.8071359975729,qwen7b-npu7,
1782585016.0034783,200,151.061413998832,qwen7b-npu7,
1782585016.0281022,200,126.76982699849759,qwen7b-npu5,
1782585016.0411313,200,100.38383799837902,qwen7b-npu3,
1782585016.0499332,200,84.02883899907465,qwen7b-npu4,
1782585016.07435,200,97.74735199971474,qwen7b-npu4,
1782585016.0849266,200,82.77901099791052,qwen7b-npu6,
1782585016.1151695,200,176.02657500174246,qwen7b-npu5,
1782585016.1155686,200,163.47418900113553,qwen7b-npu5,
1782585016.123888,200,95.720170000277,qwen7b-npu4,
1782585016.139866,200,173.62792100175284,qwen7b-npu5,
1782585016.1402953,200,136.73938799911411,qwen7b-npu5,
1782585016.148619,200,98.61586699844338,qwen7b-npu4,
1782585016.1848102,200,99.81691400025738,qwen7b-npu5,
1782585016.1890285,200,210.7571159976942,qwen7b-npu7,
1782585016.1893992,200,211.52285000061966,qwen7b-npu7,
1782585016.198957,200,83.27405399904819,qwen7b-npu6,
1782585016.2536218,200,212.35082499697455,qwen7b-npu7,
1782585016.254032,200,250.81849799971678,qwen7b-npu7,
1782585016.262615,200,138.6417989997426,qwen7b-npu6,
1782585016.2691362,200,79.6165520005161,qwen7b-npu5,
1782585016.2776818,200,78.65374600078212,qwen7b-npu4,
1782585016.2790418,200,163.7601909969817,qwen7b-npu7,
1782585016.279511,200,205.0915410000016,qwen7b-npu7,
1782585016.3066962,200,166.70791900105542,qwen7b-npu7,
1782585016.3070488,200,158.3623879996594,qwen7b-npu7,
1782585016.3075454,200,167.12614099742495,qwen7b-npu7,
1782585016.3146253,200,129.7050550019776,qwen7b-npu6,
1782585016.3154922,200,126.35360399872297,qwen7b-npu6,
1782585016.3393495,200,85.62183899994125,qwen7b-npu6,
1782585016.3760302,200,96.87416699671303,qwen7b-npu7,
1782585016.3873801,200,118.1308449995413,qwen7b-npu4,
1782585016.393165,200,115.41780799961998,qwen7b-npu3,
1782585016.4149635,200,99.36264099815162,qwen7b-npu6,
1782585016.4209325,200,166.78240900000674,qwen7b-npu5,
1782585016.439373,200,124.64304400054971,qwen7b-npu4,
1782585016.439749,200,132.62340200162726,qwen7b-npu4,
1782585016.4405951,200,101.1433620005846,qwen7b-npu6,
1782585016.446932,200,184.2469049988722,qwen7b-npu5,
1782585016.44786,200,168.23004799880437,qwen7b-npu5,
1782585016.4597647,200,83.66032599951723,qwen7b-npu7,
1782585016.4728034,200,165.1220790008665,qwen7b-npu5,
1782585016.473516,200,166.7155890027061,qwen7b-npu5,
1782585016.4836922,200,96.24444200017024,qwen7b-npu7,
1782585016.508512,200,93.48257500096224,qwen7b-npu7,
1782585016.5308187,200,137.5864920009917,qwen7b-npu4,
1782585016.5315614,200,83.5925959981978,qwen7b-npu7,
1782585016.5511537,200,130.14891700004227,qwen7b-npu4,
1782585016.578784,200,138.0960659989796,qwen7b-npu4,
1782585016.579156,200,132.16054999793414,qwen7b-npu4,
1782585016.5796018,200,139.70736600094824,qwen7b-npu4,
1782585016.5831277,200,99.34052099924884,qwen7b-npu3,
1782585016.5856843,200,125.82694099910441,qwen7b-npu5,
1782585016.5861056,200,146.6441280026629,qwen7b-npu5,
1782585016.6026974,200,129.1128810007649,qwen7b-npu4,
1782585016.6112647,200,138.35632699920097,qwen7b-npu5,
1782585016.6284497,200,97.55885000049602,qwen7b-npu4,
1782585016.6361113,200,104.44875299799605,qwen7b-npu5,
1782585016.6545131,200,103.21455500161392,qwen7b-npu4,
1782585016.6631143,200,154.50280499862856,qwen7b-npu7,
1782585016.6720576,200,86.2601420012652,qwen7b-npu6,
1782585016.680023,200,101.12538199973642,qwen7b-npu4,
1782585016.6840875,200,104.41172200080473,qwen7b-npu5,
1782585016.6981256,200,111.95129799671122,qwen7b-npu6,
1782585016.7045126,200,101.74418600217905,qwen7b-npu4,
1782585016.7177825,200,138.55826899816748,qwen7b-npu7,
1782585016.7183597,200,135.1629780001531,qwen7b-npu7,
1782585016.7222362,200,93.72080699904473,qwen7b-npu6,
1782585016.7331088,200,96.88594700128306,qwen7b-npu4,
1782585016.7446058,200,133.26700600009644,qwen7b-npu7,
1782585016.7466218,200,83.4363249996386,qwen7b-npu6,
1782585016.76958,200,97.45863900025142,qwen7b-npu7,
1782585016.7937799,200,89.16871000110405,qwen7b-npu7,
1782585016.7978587,200,143.24823700007983,qwen7b-npu4,
1782585016.7984967,200,118.40707599913003,qwen7b-npu3,
1782585016.8219209,200,123.67423799878452,qwen7b-npu5,
1782585016.8234217,200,139.26994299981743,qwen7b-npu4,
1782585016.8493512,200,131.49992599937832,qwen7b-npu4,
1782585016.8496497,200,131.22583400036092,qwen7b-npu4,
1782585016.8844657,200,162.1632819988008,qwen7b-npu5,
1782585016.886215,200,88.28975400319905,qwen7b-npu6,
1782585016.9052584,200,83.2147340006486,qwen7b-npu7,
1782585016.911223,200,164.5272860005207,qwen7b-npu5,
1782585016.9115868,200,166.85344999859808,qwen7b-npu5,
1782585016.9128323,200,179.63484699794208,qwen7b-npu5,
1782585016.913251,200,114.68472400156315,qwen7b-npu6,
1782585016.9317682,200,82.0548570009123,qwen7b-npu4,
1782585016.9362178,200,166.56072800105903,qwen7b-npu5,
1782585016.9364533,200,142.60174299852224,qwen7b-npu5,
1782585016.9600174,200,136.49932600310422,qwen7b-npu5,
1782585016.9923847,200,142.96110500072245,qwen7b-npu7,
1782585017.0061767,200,94.85071399831213,qwen7b-npu4,
1782585017.0256457,200,139.36844299678341,qwen7b-npu6,
1782585017.025933,200,141.39964600326493,qwen7b-npu6,
1782585017.0314224,200,94.89764400132117,qwen7b-npu4,
1782585017.0444696,200,131.49647600221215,qwen7b-npu7,
1782585017.044847,200,131.48548499884782,qwen7b-npu7,
1782585017.0457213,200,134.05784200222115,qwen7b-npu7,
1782585017.051316,200,145.9546229998523,qwen7b-npu6,
1782585017.0674598,200,107.37888000221574,qwen7b-npu7,
1782585017.1103976,200,174.11201399954734,qwen7b-npu5,
1782585017.1107113,200,178.8791629987827,qwen7b-npu5,
1782585017.1377027,200,145.25522899930365,qwen7b-npu6,
1782585017.1403613,200,134.11991099928855,qwen7b-npu4,
1782585017.1411824,200,96.60290399915539,qwen7b-npu7,
1782585017.1663158,200,140.31561900264933,qwen7b-npu4,
1782585017.1666698,200,120.88449200018658,qwen7b-npu4,
1782585017.170721,200,103.16595399854123,qwen7b-npu3,
1782585017.1903315,200,138.90299100239645,qwen7b-npu6,
1782585017.1907165,200,145.7571419996384,qwen7b-npu6,
1782585017.1971216,200,171.40880700026173,qwen7b-npu5,
1782585017.1974254,200,165.93939500307897,qwen7b-npu5,
1782585017.2226977,200,84.92993400068372,qwen7b-npu7,
1782585017.239138,200,98.71145700162742,qwen7b-npu4,
1782585017.2469144,200,136.13397399967653,qwen7b-npu5,
1782585017.2471626,200,136.6917880004621,qwen7b-npu5,
1782585017.2481298,200,106.85328699764796,qwen7b-npu7,
1782585017.271323,200,100.53825800059712,qwen7b-npu5,
1782585017.2893164,200,92.12208800090593,qwen7b-npu4,
1782585017.2960038,200,105.55648800072959,qwen7b-npu5,
1782585017.296883,200,99.38599200177123,qwen7b-npu7,
1782585017.340356,200,93.3737849991303,qwen7b-npu4,
1782585017.344122,200,96.88168700085953,qwen7b-npu5,
1782585017.3658028,200,94.38576100001228,qwen7b-npu4,
1782585017.3847592,200,218.34918199965614,qwen7b-npu6,
1782585017.3853378,200,218.6033830002998,qwen7b-npu6,
1782585017.3904352,200,94.30661100122961,qwen7b-npu4,
1782585017.3925188,200,103.13498400137178,qwen7b-npu5,
1782585017.4116511,200,220.8201459980046,qwen7b-npu6,
1782585017.411905,200,189.13245500152698,qwen7b-npu6,
1782585017.4121907,200,172.96976699799416,qwen7b-npu6,
1782585017.4299572,200,85.76968899797066,qwen7b-npu7,
1782585017.4367452,200,188.5006410011556,qwen7b-npu6,
1782585017.4371526,200,140.16862900098204,qwen7b-npu6,
1782585017.441507,200,101.08425200087368,qwen7b-npu5,
1782585017.4574184,200,91.55253400240326,qwen7b-npu7,
1782585017.503848,200,118.44471700169379,qwen7b-npu4,
1782585017.5234852,200,138.65890899978695,qwen7b-npu7,
1782585017.5299883,200,137.37411100009922,qwen7b-npu4,
1782585017.530327,200,139.7877659983351,qwen7b-npu4,
1782585017.5509663,200,139.24121200034278,qwen7b-npu7,
1782585017.5521777,200,139.91729699773714,qwen7b-npu6,
1782585017.5524282,200,140.45468000040273,qwen7b-npu6,
1782585017.557984,200,121.13045300066005,qwen7b-npu5,
1782585017.5790076,200,137.4368319993664,qwen7b-npu7,
1782585017.5798626,200,149.84380699752364,qwen7b-npu7,
1782585017.5833366,200,125.85388099978445,qwen7b-npu5,
1782585017.5836396,200,146.3756659977662,qwen7b-npu5,
1782585017.6055036,200,101.5923839986499,qwen7b-npu4,
1782585017.6284356,200,104.88982499737176,qwen7b-npu6,
1782585017.654296,200,96.21898300247267,qwen7b-npu6,
1782585017.6552835,200,104.22110099898418,qwen7b-npu5,
1782585017.664462,200,134.39418300185935,qwen7b-npu4,
1782585017.6730514,200,142.60172300055274,qwen7b-npu7,
1782585017.6795776,200,95.86915999898338,qwen7b-npu6,
1782585017.7156253,200,135.69703100074548,qwen7b-npu4,
1782585017.717025,200,137.92269400073565,qwen7b-npu4,
1782585017.7172592,200,133.8539899988973,qwen7b-npu4,
1782585017.7289872,200,100.49136800080305,qwen7b-npu5,
1782585017.7421694,200,189.9225600027421,qwen7b-npu7,
1782585017.7424848,200,189.98909999936586,qwen7b-npu7,
1782585017.7583287,200,93.80321700155037,qwen7b-npu6,
1782585017.7689254,200,163.35921900099493,qwen7b-npu7,
1782585017.784901,200,111.73969599985867,qwen7b-npu6,
1782585017.7966013,200,142.20422099970165,qwen7b-npu7,
1782585017.7970037,200,141.62030700026662,qwen7b-npu7,
1782585017.8098106,200,92.48271999967983,qwen7b-npu6,
1782585017.8150103,200,99.31475100165699,qwen7b-npu3,
1782585017.815666,200,135.99324300230364,qwen7b-npu5,
1782585017.8408806,200,123.79193900051177,qwen7b-npu5,
1782585017.8430376,200,84.64633200128446,qwen7b-npu7,
1782585017.858899,200,116.34783399858861,qwen7b-npu4,
1782585017.9033296,200,161.089474997425,qwen7b-npu5,
1782585017.903961,200,174.90876900046715,qwen7b-npu5,
1782585017.9250362,200,84.09129900246626,qwen7b-npu6,
1782585017.9291978,200,132.4648019981396,qwen7b-npu5,
1782585017.9303923,200,87.29385900005582,qwen7b-npu7,
1782585017.9433973,200,158.35788800177397,qwen7b-npu4,
1782585017.9438083,200,174.8183079980663,qwen7b-npu4,
1782585017.951685,200,92.72428199983551,qwen7b-npu6,
1782585017.9543293,200,144.45358499870053,qwen7b-npu5,
1782585017.954904,200,139.16879200041876,qwen7b-npu5,
1782585017.9684467,200,171.3291370033403,qwen7b-npu4,
1782585017.9687302,200,153.65173000100185,qwen7b-npu4,
1782585018.0033638,200,99.96533500088844,qwen7b-npu5,
1782585018.0313644,200,102.06935800306383,qwen7b-npu3,
1782585018.0389154,200,83.94570900054532,qwen7b-npu4,
1782585018.0485544,200,123.45199699848308,qwen7b-npu7,
1782585018.0744665,200,122.71869300093385,qwen7b-npu7,
1782585018.074995,200,131.07567300176015,qwen7b-npu7,
1782585018.0777557,200,173.72810199958622,qwen7b-npu6,
1782585018.0894563,200,86.02917999814963,qwen7b-npu4,
1782585018.0989668,200,130.4549300002691,qwen7b-npu7,
1782585018.1046576,200,174.1733140006545,qwen7b-npu6,
1782585018.1054187,200,161.90079000080004,qwen7b-npu6,
1782585018.114902,200,83.44261500315042,qwen7b-npu4,
1782585018.1307726,200,161.97222999835503,qwen7b-npu6,
1782585018.1311226,200,176.72886999935145,qwen7b-npu6,
1782585018.1390045,200,99.99418500228785,qwen7b-npu4,
1782585018.1504316,200,101.81538600227213,qwen7b-npu7,
1782585018.1575303,200,82.47049900091952,qwen7b-npu5,
1782585018.1762512,200,101.72184600014589,qwen7b-npu7,
1782585018.1952589,200,105.73641999872052,qwen7b-npu3,
1782585018.2018049,200,97.08501700151828,qwen7b-npu7,
1782585018.206993,200,91.99474699926213,qwen7b-npu5,
1782585018.2124314,200,81.24420199965243,qwen7b-npu4,
1782585018.218255,200,140.43908000166994,qwen7b-npu6,
1782585018.2269561,200,87.88490199731314,qwen7b-npu7,
1782585018.2322607,200,101.39009399790666,qwen7b-npu5,
1782585018.2449095,200,145.8819030012819,qwen7b-npu6,
1782585018.245729,200,140.20319800329162,qwen7b-npu6,
1782585018.2518783,200,101.38091300177621,qwen7b-npu7,
1782585018.2571104,200,99.51767200254835,qwen7b-npu5,
1782585018.2810228,200,104.70811399864033,qwen7b-npu5,
1782585018.3062615,200,93.73443799995584,qwen7b-npu5,
1782585018.3238173,200,128.4941580015584,qwen7b-npu4,
1782585018.329928,200,97.6038310000149,qwen7b-npu5,
1782585018.3332536,200,131.38497500040103,qwen7b-npu6,
1782585018.3367023,200,79.53063199965982,qwen7b-npu7,
1782585018.3508441,200,132.52751199979684,qwen7b-npu4,
1782585018.351139,200,144.05325199913932,qwen7b-npu4,
1782585018.3515766,200,124.55415400108905,qwen7b-npu4,
1782585018.3752,200,94.11357999852044,qwen7b-npu4,
1782585018.3858464,200,140.8760020021873,qwen7b-npu6,
1782585018.3869183,200,141.06538399937563,qwen7b-npu6,
1782585018.3875513,200,135.57791000130237,qwen7b-npu6,
1782585018.3994448,200,93.11952300049597,qwen7b-npu4,
1782585018.4319322,200,81.00799000021652,qwen7b-npu7,
1782585018.453564,200,120.24807799753034,qwen7b-npu5,
1782585018.458337,200,134.45499400040717,qwen7b-npu4,
1782585018.4737418,200,143.75112999914563,qwen7b-npu6,
1782585018.4793148,200,127.62710300012259,qwen7b-npu5,
1782585018.4796076,200,142.8443149998202,qwen7b-npu5,
1782585018.483265,200,95.59984900261043,qwen7b-npu7,
1782585018.5009248,200,149.66302599714254,qwen7b-npu6,
1782585018.5013149,200,126.0450329973537,qwen7b-npu6,
1782585018.5090635,200,123.15119499908178,qwen7b-npu4,
1782585018.5098202,200,122.76893300077063,qwen7b-npu4,
1782585018.5312657,200,99.26702099983231,qwen7b-npu7,
1782585018.5519843,200,93.58108699962031,qwen7b-npu5,
1782585018.5635502,200,164.03861299841083,qwen7b-npu6,
1782585018.5806649,200,101.2851129999035,qwen7b-npu7,
1782585018.5895243,200,135.8967029991618,qwen7b-npu6,
1782585018.598967,200,89.03372900022077,qwen7b-npu5,
1782585018.6159704,200,132.64291300220066,qwen7b-npu6,
1782585018.6166146,200,142.8084340004716,qwen7b-npu6,
1782585018.6176834,200,138.01008500013268,qwen7b-npu4,
1782585018.6323051,200,100.94474099969375,qwen7b-npu7,
1782585018.640616,200,139.18821200059028,qwen7b-npu6,
1782585018.6433668,200,134.24002299871063,qwen7b-npu4,
1782585018.6442473,200,143.19544699901599,qwen7b-npu4,
1782585018.6585996,200,94.98458499729168,qwen7b-npu7,
1782585018.6711586,200,119.1069710002921,qwen7b-npu4,
1782585018.6846118,200,85.54342700153938,qwen7b-npu7,
1782585018.6850514,200,95.46263800075394,qwen7b-npu3,
1782585018.7099905,200,129.26311200135387,qwen7b-npu5,
1782585018.7180598,200,85.69429899944225,qwen7b-npu6,
1782585018.7436109,200,84.915784002078,qwen7b-npu6,
1782585018.760583,200,89.34558100008871,qwen7b-npu7,
1782585018.7630126,200,145.26877900061663,qwen7b-npu5,
1782585018.763278,200,122.60065200098325,qwen7b-npu5,
1782585018.7635174,200,146.83855900148046,qwen7b-npu5,
1782585018.7637486,200,147.6832740008831,qwen7b-npu5,
1782585018.768648,200,124.27902200215613,qwen7b-npu3,
1782585018.7748988,200,131.470325999544,qwen7b-npu4,
1782585018.8332393,200,148.50321899939445,qwen7b-npu4,
1782585018.8336465,200,148.47985799860908,qwen7b-npu4,
1782585018.8548515,200,136.72777800093172,qwen7b-npu7,
1782585018.856082,200,146.02264399945852,qwen7b-npu4,
1782585018.8576705,200,82.6795810025942,qwen7b-npu5,
1782585018.8696353,200,125.95423200036748,qwen7b-npu6,
1782585018.8775241,200,113.71301799954381,qwen7b-npu3,
1782585018.8964207,200,127.6459420005267,qwen7b-npu6,
1782585018.8969069,200,136.25294400117127,qwen7b-npu6,
1782585018.9438763,200,86.14090099945315,qwen7b-npu6,
1782585018.9458992,200,182.8171070010285,qwen7b-npu7,
1782585018.9461296,200,182.54556499960017,qwen7b-npu7,
1782585018.9464583,200,183.11279800036573,qwen7b-npu7,
1782585018.9958484,200,140.92844299739227,qwen7b-npu7,
1782585018.9961286,200,126.4262949989643,qwen7b-npu7,
1782585019.0078025,200,174.03201300112414,qwen7b-npu5,
1782585019.0081446,200,174.77324700303143,qwen7b-npu5,
1782585019.0163658,200,119.34827200093423,qwen7b-npu4,
1782585019.0289142,200,82.38911900116364,qwen7b-npu6,
1782585019.0327842,200,176.6358599998057,qwen7b-npu5,
1782585019.0334065,200,155.81885299980058,qwen7b-npu5,
1782585019.0422971,200,145.73747200120124,qwen7b-npu4,
1782585019.044727,200,98.7632680007664,qwen7b-npu7,
1782585019.0691001,200,125.15264700050466,qwen7b-npu4,
1782585019.0693963,200,123.20534600075916,qwen7b-npu4,
1782585019.0798845,200,83.68406700174091,qwen7b-npu6,
1782585019.1190417,200,85.57249799923738,qwen7b-npu4,
1782585019.129491,200,87.07733700066456,qwen7b-npu6,
1782585019.1349123,200,138.99950199993327,qwen7b-npu7,
1782585019.144981,200,100.1616270004888,qwen7b-npu4,
1782585019.1620376,200,145.574801001203,qwen7b-npu7,
1782585019.1623201,200,133.344047000719,qwen7b-npu7,
1782585019.1704724,200,101.30636299800244,qwen7b-npu4,
1782585019.1827235,200,174.45133600267582,qwen7b-npu5,
1782585019.1832056,200,175.32203099835897,qwen7b-npu5,
1782585019.1868954,200,117.43241099975421,qwen7b-npu7,
1782585019.2070658,200,127.11178899917286,qwen7b-npu5,
1782585019.207586,200,174.7383969996008,qwen7b-npu5,
1782585019.2121208,200,93.01428300022963,qwen7b-npu7,
1782585019.2140603,200,84.46785200067097,qwen7b-npu6,
1782585019.2221906,200,87.18258799854084,qwen7b-npu4,
1782585019.2496023,200,104.55759300020873,qwen7b-npu4,
1782585019.274987,200,112.87998300031177,qwen7b-npu4,
1782585019.2902515,200,82.60096999947564,qwen7b-npu7,
1782585019.2921767,200,121.64273600137676,qwen7b-npu5,
1782585019.3019607,200,139.57707500230754,qwen7b-npu6,
1782585019.315508,200,101.35137399993255,qwen7b-npu7,
1782585019.3291671,200,145.84850200117216,qwen7b-npu6,
1782585019.3295333,200,146.67212699714582,qwen7b-npu6,
1782585019.3303468,200,143.38696699996945,qwen7b-npu6,
1782585019.3422775,200,119.99334699794417,qwen7b-npu5,
1782585019.3428268,200,130.645301000186,qwen7b-npu5,
1782585019.3529835,200,145.85183199960738,qwen7b-npu6,
1782585019.3782818,200,103.23189400151023,qwen7b-npu6,
1782585019.3886826,200,86.6590539990284,qwen7b-npu5,
1782585019.4136767,200,84.40382099797716,qwen7b-npu7,
1782585019.4252126,200,175.5463929985126,qwen7b-npu4,
1782585019.4276996,200,84.8085940015153,qwen7b-npu6,
1782585019.4378326,200,107.39181000099052,qwen7b-npu7,
1782585019.4497488,200,107.41100999803166,qwen7b-npu3,
1782585019.4533224,200,163.01000699968426,qwen7b-npu4,
1782585019.4536088,200,161.36851600094815,qwen7b-npu4,
1782585019.464583,200,86.24045200122055,qwen7b-npu5,
1782585019.483891,200,168.28544899908593,qwen7b-npu4,
1782585019.484331,200,154.67523600091226,qwen7b-npu4,
1782585019.4849036,200,131.85256799988565,qwen7b-npu4,
1782585019.5138717,200,86.1078810012259,qwen7b-npu6,
1782585019.5144758,200,100.73878999901353,qwen7b-npu7,
1782585019.5259953,200,137.25106999845593,qwen7b-npu5,
1782585019.5391138,200,85.43992699924274,qwen7b-npu7,
1782585019.539461,200,86.07442100037588,qwen7b-npu6,
1782585019.550934,200,125.65977999838651,qwen7b-npu5,
1782585019.5647285,200,100.08482599732815,qwen7b-npu6,
1782585019.566079,200,81.62579400232062,qwen7b-npu4,
1782585019.5765715,200,138.67422999828705,qwen7b-npu5,
1782585019.5769231,200,127.1137900002941,qwen7b-npu5,
1782585019.5896776,200,104.6570940015954,qwen7b-npu6,
1782585019.5998251,200,115.81936100265011,qwen7b-npu5,
1782585019.6158,200,101.25930299909669,qwen7b-npu6,
1782585019.6392612,200,99.73369400177035,qwen7b-npu6,
1782585019.641619,200,115.56290899898158,qwen7b-npu3,
1782585019.649758,200,135.8212920022197,qwen7b-npu7,
1782585019.680568,200,129.57217400253285,qwen7b-npu4,
1782585019.6811314,200,141.94989899988286,qwen7b-npu4,
1782585019.6822908,200,82.37014800033648,qwen7b-npu5,
1782585019.7055268,200,128.85877000007895,qwen7b-npu4,
1782585019.7131317,200,97.23595800096518,qwen7b-npu6,
1782585019.7392144,200,97.53106000061962,qwen7b-npu4,
1782585019.742913,200,165.9277539984032,qwen7b-npu7,
1782585019.743924,200,179.1339639967191,qwen7b-npu7,
1782585019.7442474,200,178.0673770008434,qwen7b-npu7,
1782585019.7585201,200,108.69580800135736,qwen7b-npu5,
1782585019.7644112,200,125.0850869982969,qwen7b-npu7,
1782585019.7647295,200,174.98698900089948,qwen7b-npu7,
1782585019.7671618,200,86.52375399833545,qwen7b-npu6,
1782585019.782725,200,101.52954400109593,qwen7b-npu5,
1782585019.7886677,200,106.28200300197932,qwen7b-npu7,
1782585019.8139553,200,100.75755000070785,qwen7b-npu6,
1782585019.8382547,200,95.27422600149293,qwen7b-npu6,
1782585019.8413455,200,135.72312099859118,qwen7b-npu4,
1782585019.8591812,200,91.93802600202616,qwen7b-npu7,
1782585019.870311,200,131.01196299976436,qwen7b-npu5,
1782585019.87664,200,132.63242299944977,qwen7b-npu3,
1782585019.8937597,200,135.13433800108032,qwen7b-npu4,
1782585019.8940644,200,129.57446400105255,qwen7b-npu4,
1782585019.8973606,200,132.56004200229654,qwen7b-npu5,
1782585019.8976781,200,153.2965280021017,qwen7b-npu5,
1782585019.9185436,200,104.49264199996833,qwen7b-npu4,
1782585019.9201634,200,131.37091500175302,qwen7b-npu5,
1782585019.9242375,200,82.82650200271746,qwen7b-npu6,
1782585019.9482512,200,165.4644609989191,qwen7b-npu3,
1782585019.9709558,200,132.63417200141703,qwen7b-npu7,
1782585019.9963815,200,125.99814200075343,qwen7b-npu7,
1782585019.9969285,200,137.66146399939316,qwen7b-npu7,
1782585020.0056703,200,87.03373699972872,qwen7b-npu4,
1782585020.0122502,200,135.54472000032547,qwen7b-npu6,
1782585020.0196412,200,122.21199000123306,qwen7b-npu7,
1782585020.0284297,200,80.1155250010197,qwen7b-npu5,
1782585020.0318444,200,111.58562499986147,qwen7b-npu4,
1782585020.0418046,200,143.98623099987162,qwen7b-npu6,
1782585020.0422015,200,148.37043800071115,qwen7b-npu6,
1782585020.0426006,200,148.46597899668268,qwen7b-npu6,
1782585020.0573223,200,86.30418199754786,qwen7b-npu4,
1782585020.0632308,200,138.89834099973086,qwen7b-npu6,
1782585020.078006,200,81.55812300174148,qwen7b-npu5,
1782585020.0910378,200,94.04647900009877,qwen7b-npu7,
1782585020.102627,200,96.89352599889389,qwen7b-npu5,
1782585020.1273482,200,85.03431500139413,qwen7b-npu5,
1782585020.145226,200,132.91216400102712,qwen7b-npu4,
1782585020.1508522,200,131.14903400128242,qwen7b-npu6,
1782585020.1523488,200,94.96417500122334,qwen7b-npu5,
1782585020.1652837,200,101.99149699838017,qwen7b-npu7,
1782585020.17431,200,145.81835200078785,qwen7b-npu4,
1782585020.174544,200,131.8690689986397,qwen7b-npu4,
1782585020.1771998,200,86.10201100236736,qwen7b-npu5,
1782585020.1787305,200,146.79239899851382,qwen7b-npu6,
1782585020.1791456,200,137.2204299987061,qwen7b-npu6,
1782585020.199219,200,121.14759299947764,qwen7b-npu4,
1782585020.2443748,200,141.68038700154284,qwen7b-npu6,
1782585020.2534187,200,101.00718100147787,qwen7b-npu5,
1782585020.2685473,200,141.1364740015415,qwen7b-npu4,
1782585020.2778,200,103.18772400205489,qwen7b-npu5,
1782585020.281256,200,135.96371200037538,qwen7b-npu7,
1782585020.2970774,200,131.72921700243023,qwen7b-npu6,
1782585020.2973645,200,146.44855599908624,qwen7b-npu6,
1782585020.3073738,200,128.0998250003904,qwen7b-npu7,
1782585020.3081725,200,133.798499002296,qwen7b-npu7,
1782585020.320631,200,141.7928579976433,qwen7b-npu4,
1782585020.3210554,200,143.7933699999121,qwen7b-npu4,
1782585020.3236837,200,124.36726300074952,qwen7b-npu6,
1782585020.345588,200,101.12973200011766,qwen7b-npu4,
1782585020.3491428,200,95.65670899974066,qwen7b-npu6,
1782585020.3651688,200,83.84881700112601,qwen7b-npu5,
1782585020.373933,200,96.06314099801239,qwen7b-npu6,
1782585020.3747215,200,106.10487200028729,qwen7b-npu3,
1782585020.3866692,200,79.1849289998936,qwen7b-npu7,
1782585020.391472,200,94.03739899789798,qwen7b-npu5,
1782585020.3997211,200,102.57484999965527,qwen7b-npu6,
1782585020.4195473,200,98.38223500264576,qwen7b-npu5,
1782585020.4443843,200,95.17983600017033,qwen7b-npu5,
1782585020.4470837,200,101.42841400011093,qwen7b-npu6,
1782585020.4695244,200,161.25655599898892,qwen7b-npu4,
1782585020.4718118,200,106.58335499829263,qwen7b-npu5,
1782585020.4963229,200,172.56844399889815,qwen7b-npu4,
1782585020.4966822,200,175.92427499766927,qwen7b-npu4,
1782585020.4977386,200,106.16746300001978,qwen7b-npu5,
1782585020.513332,200,113.52697699840064,qwen7b-npu3,
1782585020.5190864,200,99.46474200114608,qwen7b-npu6,
1782585020.524265,200,137.4880920011492,qwen7b-npu4,
1782585020.5247328,200,149.9461280000105,qwen7b-npu4,
1782585020.5251367,200,151.13770400057547,qwen7b-npu4,
1782585020.5465865,200,102.13128800023696,qwen7b-npu4,
1782585020.5483813,200,101.22820299875457,qwen7b-npu5,
1782585020.5750473,200,103.17301399845746,qwen7b-npu5,
1782585020.5993493,200,85.95502100070007,qwen7b-npu5,
1782585020.6066031,200,81.39181200021994,qwen7b-npu7,
1782585020.63002,200,83.36826400045538,qwen7b-npu7,
1782585020.6341405,200,136.304764997476,qwen7b-npu4,
1782585020.6450317,200,175.44031199940946,qwen7b-npu6,
1782585020.6602914,200,141.14532399980817,qwen7b-npu4,
1782585020.661047,200,136.64324700221187,qwen7b-npu4,
1782585020.671567,200,175.15741099850857,qwen7b-npu6,
1782585020.6725206,200,175.72363300132565,qwen7b-npu6,
1782585020.6877813,200,139.33573400208843,qwen7b-npu5,
1782585020.6967602,200,121.65152600209694,qwen7b-npu6,
1782585020.697312,200,172.46297300152946,qwen7b-npu6,
1782585020.7126215,200,78.416725002171,qwen7b-npu7,
1782585020.7221663,200,92.08223699897644,qwen7b-npu6,
1782585020.7429645,200,136.29685499836341,qwen7b-npu5,
1782585020.7436483,200,144.2384830006631,qwen7b-npu5,
1782585020.7604852,200,87.83674200094538,qwen7b-npu4,
1782585020.766501,200,121.40708500010078,qwen7b-npu5,
1782585020.771816,200,100.15225600000122,qwen7b-npu6,
1782585020.7840557,200,96.17989199978183,qwen7b-npu7,
1782585020.7849314,200,88.10926400110475,qwen7b-npu4,
1782585020.7917376,200,94.36314100094023,qwen7b-npu5,
1782585020.796016,200,83.31554399774177,qwen7b-npu6,
1782585020.8022952,200,141.13505400018767,qwen7b-npu3,
1782585020.8027906,200,142.43822200296563,qwen7b-npu3,
1782585020.8244622,200,102.23215899895877,qwen7b-npu5,
1782585020.8322809,200,88.55691599819693,qwen7b-npu7,
1782585020.8642137,200,103.60844699971494,qwen7b-npu5,
1782585020.872541,200,129.48616400171886,qwen7b-npu4,
1782585020.8936393,200,127.03932899967185,qwen7b-npu7,
1782585020.9078438,200,122.84805400122423,qwen7b-npu6,
1782585020.9081297,200,136.2430740009586,qwen7b-npu6,
1782585020.931315,200,106.78613699928974,qwen7b-npu6,
1782585020.9432838,200,140.8460219972767,qwen7b-npu7,
1782585020.9437408,200,140.83537300030002,qwen7b-npu7,
1782585020.9594631,200,167.66222499791184,qwen7b-npu4,
1782585020.9597664,200,175.64333300106227,qwen7b-npu4,
1782585020.9675086,200,94.86880500116968,qwen7b-npu7,
1782585020.9768322,200,83.12908300285926,qwen7b-npu5,
1782585020.9842043,200,151.8640089998371,qwen7b-npu4,
1782585020.984722,200,188.63985200005118,qwen7b-npu4,
1782585021.001748,200,93.83843800242175,qwen7b-npu5,
1782585021.0044389,200,96.2397220027924,qwen7b-npu6,
1782585021.0107014,200,146.38211599958595,qwen7b-npu4,
1782585021.026159,200,82.75376100209542,qwen7b-npu5,
1782585021.0375466,200,93.69237699866062,qwen7b-npu4,
1782585021.0518064,200,120.4300389981654,qwen7b-npu7,
1782585021.0884256,200,104.15993999777129,qwen7b-npu4,
1782585021.1025512,200,134.9776870010828,qwen7b-npu7,
1782585021.1028001,200,142.9714449986932,qwen7b-npu7,
1782585021.1030269,200,143.49682899774052,qwen7b-npu7,
1782585021.103997,200,99.49360199971125,qwen7b-npu3,
1782585021.1072874,200,81.02953100024024,qwen7b-npu5,
1782585021.1138716,200,103.04831300163642,qwen7b-npu4,
1782585021.1485054,200,96.63236500273342,qwen7b-npu7,
1782585021.1812131,200,92.72357100053341,qwen7b-npu5,
1782585021.189962,200,86.87778600142337,qwen7b-npu4,
1782585021.1918008,200,207.0135729991307,qwen7b-npu6,
1782585021.192295,200,215.3981239971472,qwen7b-npu6,
1782585021.1967754,200,82.80617099808296,qwen7b-npu7,
1782585021.2051704,200,102.54975099815056,qwen7b-npu5,
1782585021.2156608,200,108.26637499849312,qwen7b-npu4,
1782585021.2172022,200,215.3885240004456,qwen7b-npu6,
1782585021.2175682,200,179.9125190009363,qwen7b-npu6,
1782585021.2418003,200,138.92476099863416,qwen7b-npu6,
1782585021.2420974,200,138.0335549984011,qwen7b-npu6,
1782585021.2660108,200,84.73472300102003,qwen7b-npu4,
1782585021.2789898,200,82.15190699775121,qwen7b-npu5,
1782585021.2829783,200,134.40714399985154,qwen7b-npu7,
1782585021.2922273,200,100.35790800247923,qwen7b-npu4,
1782585021.2957232,200,103.36265599835315,qwen7b-npu3,
1782585021.3037493,200,86.11218200167059,qwen7b-npu5,
1782585021.314989,200,99.2254610027885,qwen7b-npu6,
1782585021.3186426,200,101.33836399836582,qwen7b-npu4,
1782585021.358318,200,92.23969800223131,qwen7b-npu5,
1782585021.3649538,200,85.9025899990229,qwen7b-npu6,
1782585021.389095,200,93.30766499988385,qwen7b-npu6,
1782585021.4098155,200,204.5791390009981,qwen7b-npu7,
1782585021.4100797,200,220.05526200155145,qwen7b-npu7,
1782585021.4106665,200,127.62657300118008,qwen7b-npu4,
1782585021.4358804,200,193.7096420006128,qwen7b-npu7,
1782585021.4363031,200,194.4292569969548,qwen7b-npu7,
1782585021.4404576,200,82.01023600122426,qwen7b-npu5,
1782585021.4606442,200,156.83200900093652,qwen7b-npu7,
1782585021.4610302,200,168.7364709978283,qwen7b-npu7,
1782585021.4620886,200,143.35304800260928,qwen7b-npu4,
1782585021.4630558,200,147.9636859985476,qwen7b-npu4,
1782585021.4640722,200,99.04556000037701,qwen7b-npu6,
1782585021.4885197,200,99.34830099882674,qwen7b-npu6,
1782585021.5480866,200,137.9417239986651,qwen7b-npu7,
1782585021.5520418,200,142.14838000043528,qwen7b-npu5,
1782585021.5524104,200,141.6731780009286,qwen7b-npu5,
1782585021.5692658,200,80.67460900201695,qwen7b-npu6,
1782585021.5724769,200,111.32624400124769,qwen7b-npu3,
1782585021.5737755,200,137.76889399741776,qwen7b-npu7,
1782585021.5741165,200,133.59139900057926,qwen7b-npu4,
1782585021.5753117,200,138.886310000089,qwen7b-npu5,
1782585021.6002014,200,136.03250400046818,qwen7b-npu4,
1782585021.6008708,200,138.68390999778057,qwen7b-npu4,
1782585021.6370018,200,173.83050200078287,qwen7b-npu7,
1782585021.6374166,200,176.66372900202987,qwen7b-npu7,
1782585021.6511009,200,102.94476299895905,qwen7b-npu5,
1782585021.6650996,200,92.51473000040278,qwen7b-npu6,
1782585021.673821,200,98.44059500028379,qwen7b-npu4,
1782585021.6767557,200,107.3943599985796,qwen7b-npu5,
1782585021.6913118,200,117.07801800002926,qwen7b-npu6,
1782585021.694369,200,141.8943489989033,qwen7b-npu7,
1782585021.6947975,200,142.6243629975943,qwen7b-npu7,
1782585021.7017124,200,101.43941400019685,qwen7b-npu5,
1782585021.7165656,200,115.62228999900981,qwen7b-npu6,
1782585021.7195213,200,145.66396200098097,qwen7b-npu7,
1782585021.7242994,200,87.18542800124851,qwen7b-npu4,
1782585021.726324,200,88.79776699905051,qwen7b-npu5,
1782585021.7443078,200,93.12639400013722,qwen7b-npu7,
1782585021.7504637,200,85.26719600195065,qwen7b-npu5,
1782585021.7948036,200,92.99453199855634,qwen7b-npu3,
1782585021.8024185,200,128.5006580001209,qwen7b-npu6,
1782585021.8105876,200,133.7644100021862,qwen7b-npu4,
1782585021.8294091,200,134.92313700044178,qwen7b-npu7,
1782585021.8341186,200,83.54327500273939,qwen7b-npu5,
1782585021.8367448,200,141.84115800162544,qwen7b-npu4,
1782585021.8375015,200,146.12135400238913,qwen7b-npu4,
1782585021.8531516,200,126.76727800135268,qwen7b-npu6,
1782585021.8539605,200,134.37450399942463,qwen7b-npu6,
1782585021.8559859,200,139.31319300172618,qwen7b-npu7,
1782585021.8564944,200,132.1325800017803,qwen7b-npu7,
1782585021.8813274,200,86.41766299842857,qwen7b-npu5,
1782585021.9221435,200,177.72849499669974,qwen7b-npu7,
1782585021.947729,200,137.0349989992974,qwen7b-npu4,
1782585021.9485898,200,146.10164399709902,qwen7b-npu4,
1782585021.9544199,200,100.38470700237667,qwen7b-npu5,
1782585021.9577813,200,104.53254299864057,qwen7b-npu3,
1782585021.967701,200,130.88977200095542,qwen7b-npu7,
1782585021.9680035,200,130.39986900184886,qwen7b-npu7,
1782585021.968423,200,134.19599199914956,qwen7b-npu7,
1782585021.9725745,200,143.06201499857707,qwen7b-npu4,
1782585021.9772153,200,121.16128300112905,qwen7b-npu6,
1782585022.0033963,200,121.96079800196458,qwen7b-npu6,
1782585022.0043788,200,147.8174650001165,qwen7b-npu6,
1782585022.0280616,200,105.84666000067955,qwen7b-npu6,
1782585022.052684,200,98.1666640000185,qwen7b-npu6,
1782585022.0958612,200,92.36218899968662,qwen7b-npu3,
1782585022.1043594,200,156.52816699730465,qwen7b-npu5,
1782585022.1168723,200,168.18254799727583,qwen7b-npu7,
1782585022.1172884,200,159.4417849992169,qwen7b-npu7,
1782585022.1293988,200,161.61891800220474,qwen7b-npu5,
1782585022.1300507,200,161.51143699971726,qwen7b-npu5,
1782585022.1331882,200,80.40814599735313,qwen7b-npu6,
1782585022.1423962,200,165.09321900230134,qwen7b-npu7,
1782585022.1427383,200,174.6176770029706,qwen7b-npu7,
1782585022.155117,200,150.63342199937324,qwen7b-npu5,
1782585022.1554859,200,182.79366600108915,qwen7b-npu5,
1782585022.1666238,200,138.4625579994463,qwen7b-npu7,
1782585022.2060466,200,101.5895439995802,qwen7b-npu6,
1782585022.2326763,200,136.71594799961895,qwen7b-npu7,
1782585022.2394283,200,122.02475800222601,qwen7b-npu4,
1782585022.2577922,200,140.81092299966258,qwen7b-npu7,
1782585022.2668135,200,124.33769199924427,qwen7b-npu4,
1782585022.2674055,200,137.29113099907408,qwen7b-npu4,
1782585022.2835639,200,128.3344270013913,qwen7b-npu7,
1782585022.2839336,200,141.07595400128048,qwen7b-npu7,
1782585022.2886667,200,82.52362900020671,qwen7b-npu6,
1782585022.3064542,200,176.9879410021531,qwen7b-npu5,
1782585022.3068776,200,173.62428100022953,qwen7b-npu5,
1782585022.3319275,200,165.21615000237944,qwen7b-npu5,
1782585022.3323398,200,176.72920000040904,qwen7b-npu5,
1782585022.3422143,200,102.68315100256586,qwen7b-npu4,
1782585022.3493419,200,116.55390600208193,qwen7b-npu3,
1782585022.3676128,200,100.69829900021432,qwen7b-npu4,
1782585022.3683016,200,84.644661998027,qwen7b-npu6,
1782585022.393707,200,109.65488399961032,qwen7b-npu6,
1782585022.3967311,200,129.26163200245355,qwen7b-npu7,
1782585022.3971393,200,139.2440230010834,qwen7b-npu7,
1782585022.417107,200,85.07104499949492,qwen7b-npu4,
1782585022.4210646,200,132.30541099983384,qwen7b-npu7,
1782585022.444782,200,95.34487699784222,qwen7b-npu7,
1782585022.4766572,200,79.81858300263411,qwen7b-npu6,
1782585022.4810622,200,174.11411400098586,qwen7b-npu5,
1782585022.4813588,200,174.837218997709,qwen7b-npu5,
1782585022.5071173,200,139.4045630004257,qwen7b-npu5,
1782585022.5074651,200,165.1665999997931,qwen7b-npu5,
1782585022.5085068,200,176.04272600146942,qwen7b-npu5,
1782585022.5299933,200,108.83294899758766,qwen7b-npu5,
1782585022.5442228,200,175.8415039985266,qwen7b-npu4,
1782585022.558332,200,81.58281299984083,qwen7b-npu7,
1782585022.563149,200,82.01868700052728,qwen7b-npu6,
1782585022.5835602,200,102.13426799964509,qwen7b-npu7,
1782585022.606357,200,209.10605500102974,qwen7b-npu4,
1782585022.6067395,200,212.9358679994766,qwen7b-npu4,
1782585022.6140254,200,106.48830400168663,qwen7b-npu6,
1782585022.6318634,200,101.78816600091523,qwen7b-npu7,
1782585022.6331868,200,216.01288699821453,qwen7b-npu4,
1782585022.6335478,200,188.67286200111266,qwen7b-npu4,
1782585022.6397934,200,95.50452799885534,qwen7b-npu6,
1782585022.6414342,200,83.03831199737033,qwen7b-npu5,
1782585022.6649017,200,101.67675499906181,qwen7b-npu5,
1782585022.690927,200,107.30690000127652,qwen7b-npu6,
1782585022.6942585,200,187.07602200083784,qwen7b-npu4,
1782585022.6950123,200,186.38926800122135,qwen7b-npu4,
1782585022.7174635,200,110.9995520018856,qwen7b-npu6,
1782585022.7234375,200,83.54804600094212,qwen7b-npu7,
1782585022.7429392,200,109.32097200202406,qwen7b-npu5,
1782585022.7432878,200,109.99905599965132,qwen7b-npu6,
1782585022.7483797,200,106.88332700010506,qwen7b-npu7,
1782585022.782555,200,168.43121900092228,qwen7b-npu4,
1782585022.7829168,200,176.10494600012316,qwen7b-npu4,
1782585022.7932193,200,102.22845899988897,qwen7b-npu6,
1782585022.7951207,200,100.80097000172827,qwen7b-npu5,
1782585022.8058336,200,173.9045519971114,qwen7b-npu4,
1782585022.8061216,200,141.15352400040138,qwen7b-npu4,
1782585022.814682,200,119.56485400150996,qwen7b-npu3,
1782585022.8185372,200,95.00044499873184,qwen7b-npu6,
1782585022.821647,200,104.08955000093556,qwen7b-npu5,
1782585022.825243,200,82.19477800230379,qwen7b-npu7,
1782585022.8442717,200,100.90958099681302,qwen7b-npu5,
1782585022.8458514,200,97.36182000051485,qwen7b-npu6,
1782585022.8806307,200,97.98179300196352,qwen7b-npu4,
1782585022.8978899,200,91.69415399810532,qwen7b-npu6,
1782585022.9016807,200,86.89768600015668,qwen7b-npu7,
1782585022.9061708,200,100.26898700016318,qwen7b-npu4,
1782585022.9170077,200,98.37918499761145,qwen7b-npu5,
1782585022.9245198,200,102.76414200052386,qwen7b-npu6,
1782585022.9279556,200,102.6479809988814,qwen7b-npu7,
1782585022.9305747,200,84.6252019982785,qwen7b-npu4,
1782585022.9420333,200,158.99193299992476,qwen7b-npu3,
1782585022.9423892,200,147.20056100122747,qwen7b-npu3,
1782585022.9434814,200,150.16248800020549,qwen7b-npu3,
1782585022.9529715,200,108.63329799758503,qwen7b-npu7,
1782585022.9760695,200,95.36864799883915,qwen7b-npu6,
1782585022.9902847,200,84.03214899954037,qwen7b-npu5,
1782585023.0021842,200,100.40933799973573,qwen7b-npu6,
1782585023.004391,200,106.43679400163819,qwen7b-npu4,
1782585023.028408,200,97.73757100265357,qwen7b-npu4,
1782585023.0399952,200,122.92046299990034,qwen7b-npu7,
1782585023.040281,200,96.72741499889526,qwen7b-npu5,
1782585023.06496,200,136.94185900021694,qwen7b-npu6,
1782585023.0657313,200,112.66608199730399,qwen7b-npu5,
1782585023.0667617,200,142.1444200022961,qwen7b-npu7,
1782585023.0670495,200,124.5358930027578,qwen7b-npu7,
1782585023.0679824,200,125.8499319992552,qwen7b-npu7,
1782585023.09073,200,88.45501600080752,qwen7b-npu5,
1782585023.116139,200,139.96985699850484,qwen7b-npu6,
1782585023.1167548,200,126.40618499790435,qwen7b-npu6,
1782585023.1238246,200,83.75908699963475,qwen7b-npu4,
1782585023.1405265,200,136.0535229978268,qwen7b-npu6,
1782585023.1488044,200,108.45938599959482,qwen7b-npu4,
1782585023.1513035,200,85.50372699755826,qwen7b-npu7,
1782585023.1559918,200,127.52151200038497,qwen7b-npu5,
1782585023.1730275,200,104.94821599786519,qwen7b-npu4,
1782585023.1755228,200,108.36045600080979,qwen7b-npu7,
1782585023.2127314,200,96.50245399825508,qwen7b-npu3,
1782585023.2198055,200,95.91511100006755,qwen7b-npu4,
1782585023.2370734,200,80.98828999936813,qwen7b-npu6,
1782585023.2436607,200,178.5951709971414,qwen7b-npu5,
1782585023.244225,200,177.38618400107953,qwen7b-npu5,
1782585023.2707934,200,130.20270800188882,qwen7b-npu5,
1782585023.2711568,200,180.33182100043632,qwen7b-npu5,
1782585023.2716055,200,154.78758699828177,qwen7b-npu5,
1782585023.2896063,200,140.7412420012406,qwen7b-npu7,
1782585023.2904327,200,139.02770099957706,qwen7b-npu7,
1782585023.2935154,200,117.89784400025383,qwen7b-npu5,
1782585023.3145278,200,141.4022559984005,qwen7b-npu7,
1782585023.338481,200,94.19574999992619,qwen7b-npu7,
1782585023.3436546,200,99.89679399950546,qwen7b-npu5,
1782585023.3538947,200,82.99617199736531,qwen7b-npu4,
1782585023.3778577,200,106.57815499871504,qwen7b-npu3,
1782585023.3921375,200,98.52952700020978,qwen7b-npu5,
1782585023.393286,200,173.419560000184,qwen7b-npu6,
1782585023.3935392,200,180.7398140008445,qwen7b-npu6,
1782585023.4035802,200,88.95624800061341,qwen7b-npu4,
1782585023.4206276,200,130.9560519985098,qwen7b-npu6,
1782585023.4210377,200,130.5004399982863,qwen7b-npu6,
1782585023.4213855,200,184.2482749998453,qwen7b-npu6,
1782585023.4216087,200,149.90326699989964,qwen7b-npu6,
1782585023.4305108,200,86.79429499898106,qwen7b-npu7,
1782585023.4408216,200,102.27671900065616,qwen7b-npu5,
1782585023.512356,200,91.20287199766608,qwen7b-npu5,
1782585023.5177557,200,124.40661299842759,qwen7b-npu7,
1782585023.5226252,200,168.6098200007109,qwen7b-npu4,
1782585023.532112,200,128.41651700000511,qwen7b-npu6,
1782585023.5325112,200,138.90679000178352,qwen7b-npu6,
1782585023.5491524,200,156.93330000067363,qwen7b-npu4,
1782585023.550203,200,172.27229200216243,qwen7b-npu4,
1782585023.5577438,200,127.1684399980586,qwen7b-npu6,
1782585023.5738356,200,152.3876620012743,qwen7b-npu4,
1782585023.5741203,200,133.20278600076563,qwen7b-npu4,
1782585023.6032069,200,80.4804770014016,qwen7b-npu5,
1782585023.6082397,200,186.5623300000152,qwen7b-npu7,
1782585023.6087112,200,187.9625670007954,qwen7b-npu7,
1782585023.622177,200,104.33137200016063,qwen7b-npu4,
1782585023.6471298,200,134.67164499888895,qwen7b-npu6,
1782585023.658542,200,125.92402199879871,qwen7b-npu7,
1782585023.6589117,200,126.6817860014271,qwen7b-npu7,
1782585023.6728323,200,123.5744869991322,qwen7b-npu6,
1782585023.6792753,200,105.3698469986557,qwen7b-npu5,
1782585023.6828053,200,132.50019200131646,qwen7b-npu7,
1782585023.6974607,200,88.63004700106103,qwen7b-npu4,
1782585023.69975,200,141.93662900288473,qwen7b-npu6,
1782585023.7000942,200,125.90078100038227,qwen7b-npu6,
1782585023.704366,200,95.9854409993568,qwen7b-npu5,
1782585023.7241058,200,101.82441600045422,qwen7b-npu4,
1782585023.7251673,200,121.8519669964735,qwen7b-npu6,
1782585023.7560182,200,97.04072699969402,qwen7b-npu5,
1782585023.7591827,200,100.53523800161202,qwen7b-npu7,
1782585023.7759717,200,93.09827399920323,qwen7b-npu6,
1782585023.7813208,200,108.39009600022109,qwen7b-npu5,
1782585023.7859924,200,138.75122899844428,qwen7b-npu4,
1782585023.8018353,200,101.67045500202221,qwen7b-npu6,
1782585023.807463,200,102.99607299748459,qwen7b-npu5,
1782585023.80858,200,84.36992099814233,qwen7b-npu7,
1782585023.8112679,200,131.8986180012871,qwen7b-npu4,
1782585023.8268275,200,101.55637400021078,qwen7b-npu6,
1782585023.8378146,200,137.9697349984781,qwen7b-npu4,
1782585023.838262,200,140.7010219991207,qwen7b-npu4,
1782585023.8583925,200,99.12177000296651,qwen7b-npu5,
1782585023.876399,200,94.97430400006124,qwen7b-npu6,
1782585023.8847382,200,108.69529800038435,qwen7b-npu5,
1782585023.887431,200,101.37289299746044,qwen7b-npu4,
1782585023.8952522,200,139.1143920009199,qwen7b-npu7,
1782585023.9014049,200,90.06231500097783,qwen7b-npu6,
1782585023.9101746,200,102.58417099976214,qwen7b-npu5,
1782585023.9123313,200,85.41061700088903,qwen7b-npu4,
1782585023.936893,200,98.95861900076852,qwen7b-npu5,
1782585023.9466069,200,137.89329399878625,qwen7b-npu7,
1782585023.9473836,200,145.44591000230866,qwen7b-npu7,
1782585023.9706786,200,83.15066299837781,qwen7b-npu7,
1782585023.9726686,200,134.270791997551,qwen7b-npu4,
1782585023.9775844,200,101.08493199732038,qwen7b-npu6,
1782585023.999344,200,140.85594299831428,qwen7b-npu5,
1782585024.0034516,200,108.07490400111419,qwen7b-npu6,
1782585024.0247173,200,123.21520600016811,qwen7b-npu4,
1782585024.0256996,200,140.85739200163516,qwen7b-npu4,
1782585024.028495,200,91.50195400070515,qwen7b-npu6,
1782585024.0493555,200,101.87339600088308,qwen7b-npu4,
1782585024.052879,200,140.44683999964036,qwen7b-npu5,
1782585024.0535777,200,143.3036880007421,qwen7b-npu5,
1782585024.075662,200,128.95692000165582,qwen7b-npu5,
1782585024.099546,200,95.9921210014727,qwen7b-npu4,
1782585024.1063411,200,106.8954570000642,qwen7b-npu6,
1782585024.1280754,200,157.30146200075978,qwen7b-npu7,
1782585024.1321907,200,107.40244000044186,qwen7b-npu6,
1782585024.1469986,200,93.2924640001147,qwen7b-npu4,
1782585024.1489117,200,99.48721200271393,qwen7b-npu5,
1782585024.154895,200,177.24411300150678,qwen7b-npu7,
1782585024.1554744,200,182.73847499949625,qwen7b-npu7,
1782585024.158247,200,105.24830700160237,qwen7b-npu6,
1782585024.1875124,200,161.70068799692672,qwen7b-npu7,
1782585024.188149,200,159.586316000059,qwen7b-npu7,
1782585024.1918817,200,116.12078300095163,qwen7b-npu6,
1782585024.2122645,200,105.81976000321447,qwen7b-npu7,
1782585024.2368667,200,104.60877299919957,qwen7b-npu7,
1782585024.2376373,200,138.02169600239722,qwen7b-npu5,
1782585024.2549305,200,99.38218100069207,qwen7b-npu3,
1782585024.2618825,200,114.78377400271711,qwen7b-npu7,
1782585024.26334,200,135.16561800133786,qwen7b-npu5,
1782585024.2693286,200,111.017092000111,qwen7b-npu6,
1782585024.2813601,200,93.74235699942801,qwen7b-npu3,
1782585024.2860963,200,94.11099000135437,qwen7b-npu7,
1782585024.2906559,200,135.65771099820267,qwen7b-npu5,
1782585024.290993,200,141.98021000265726,qwen7b-npu5,
1782585024.2954345,200,107.21917899718392,qwen7b-npu6,
1782585024.3162062,200,103.84084800170967,qwen7b-npu5,
1782585024.3435626,200,105.85622099824832,qwen7b-npu5,
1782585024.3439841,200,81.97983599893632,qwen7b-npu4,
1782585024.38465,200,147.66459299789858,qwen7b-npu6,
1782585024.4110353,200,141.64243699997314,qwen7b-npu6,
1782585024.4273076,200,83.62852599748294,qwen7b-npu5,
1782585024.43621,200,181.20563699994818,qwen7b-npu7,
1782585024.4367719,200,173.33590900307172,qwen7b-npu7,
1782585024.4376242,200,146.8888989984407,qwen7b-npu6,
1782585024.4384382,200,147.3304819992336,qwen7b-npu6,
1782585024.4531374,200,109.03829999733716,qwen7b-npu5,
1782585024.4627779,200,167.27358200296294,qwen7b-npu7,
1782585024.4631338,200,176.93806000170298,qwen7b-npu7,
1782585024.4638958,200,182.43334399812738,qwen7b-npu7,
1782585024.4642017,200,147.93237500271061,qwen7b-npu6,
1782585024.4824846,200,97.73598200263223,qwen7b-npu5,
1782585024.5342388,200,106.86576700027217,qwen7b-npu5,
1782585024.547528,200,136.4278449982521,qwen7b-npu7,
1782585024.5524864,200,116.21065299914335,qwen7b-npu4,
1782585024.5723248,200,109.4423620015732,qwen7b-npu3,
1782585024.5738292,200,136.13986400014255,qwen7b-npu7,
1782585024.5742903,200,121.05461199826095,qwen7b-npu7,
1782585024.5774097,200,138.86700999864843,qwen7b-npu6,
1782585024.5778286,200,140.9890839968284,qwen7b-npu6,
1782585024.5829165,200,100.33610699974815,qwen7b-npu5,
1782585024.6017027,200,137.7064429980237,qwen7b-npu6,
1782585024.6057246,200,142.46149199971114,qwen7b-npu4,
1782585024.6060872,200,141.8145790012204,qwen7b-npu4,
1782585024.6469944,200,99.40493099929881,qwen7b-npu7,
1782585024.65856,200,105.97118099758518,qwen7b-npu5,
1782585024.6658928,200,131.5316759973939,qwen7b-npu4,
1782585024.6735742,200,90.5894179995812,qwen7b-npu7,
1782585024.6784956,200,100.55657900011283,qwen7b-npu6,
1782585024.704437,200,98.61080699920421,qwen7b-npu6,
1782585024.7075589,200,101.36008400149876,qwen7b-npu5,
1782585024.7496068,200,102.53929999817046,qwen7b-npu7,
1782585024.75636,200,181.9383209985972,qwen7b-npu4,
1782585024.7567725,200,182.8316770006495,qwen7b-npu4,
1782585024.757189,200,179.66146699836827,qwen7b-npu4,
1782585024.7576022,200,185.1678009988973,qwen7b-npu4,
1782585024.775369,200,96.80470600142144,qwen7b-npu7,
1782585024.778832,200,177.02828099936596,qwen7b-npu4,
1782585024.7822165,200,108.57945799943991,qwen7b-npu6,
1782585024.8004477,200,92.7905019998434,qwen7b-npu7,
1782585024.8063185,200,101.8133060024411,qwen7b-npu6,
1782585024.8394423,200,180.78042399793048,qwen7b-npu4,
1782585024.8397822,200,173.82529200040153,qwen7b-npu4,
1782585024.8497028,200,93.21115399870905,qwen7b-npu7,
1782585024.8759162,200,93.60361699873465,qwen7b-npu7,
1782585024.8827329,200,125.83391199950711,qwen7b-npu5,
1782585024.8896906,200,131.93536800099537,qwen7b-npu4,
1782585024.890025,200,140.32618899727822,qwen7b-npu4,
1782585024.9098256,200,134.35576299889362,qwen7b-npu5,
1782585024.9105864,200,153.2756269989477,qwen7b-npu5,
1782585024.9109256,200,131.99279899708927,qwen7b-npu5,
1782585024.9143112,200,107.8732130008575,qwen7b-npu4,
1782585024.9331965,200,132.6730430009775,qwen7b-npu5,
1782585024.9571867,200,81.20222200159333,qwen7b-npu7,
1782585024.984819,200,95.04454499983694,qwen7b-npu5,
1782585024.9946287,200,84.67907200247282,qwen7b-npu4,
1782585025.001511,200,161.97399100201437,qwen7b-npu6,
1782585025.0106633,200,99.615093000466,qwen7b-npu5,
1782585025.019247,200,104.83745400051703,qwen7b-npu4,
1782585025.0280302,200,178.22746800084133,qwen7b-npu6,
1782585025.0283487,200,188.49106100242352,qwen7b-npu6,
1782585025.0396502,200,82.36359899819945,qwen7b-npu7,
1782585025.0546558,200,143.9723010007583,qwen7b-npu6,
1782585025.055044,200,172.24039299981087,qwen7b-npu6,
1782585025.0555034,200,165.37282100034645,qwen7b-npu6,
1782585025.0720928,200,138.8278199992783,qwen7b-npu5,
1782585025.0902534,200,105.33932800171897,qwen7b-npu7,
1782585025.1232347,200,103.8805179996416,qwen7b-npu7,
1782585025.1252036,200,123.62008800118929,qwen7b-npu5,
1782585025.1258678,200,131.12999299846706,qwen7b-npu5,
1782585025.138982,200,84.20960000148625,qwen7b-npu4,
1782585025.1405609,200,129.8052349993668,qwen7b-npu6,
1782585025.1413667,200,86.2117219985521,qwen7b-npu7,
1782585025.1509602,200,111.23126299935393,qwen7b-npu5,
1782585025.1667302,200,138.62536899978295,qwen7b-npu6,
1782585025.1670125,200,138.56436800051597,qwen7b-npu6,
1782585025.176735,200,104.57542299991474,qwen7b-npu5,
1782585025.1912603,200,100.91076100070495,qwen7b-npu7,
1782585025.198866,200,143.30313699974795,qwen7b-npu4,
1782585025.216622,200,90.66221900138771,qwen7b-npu6,
1782585025.2426999,200,101.23987200131523,qwen7b-npu7,
1782585025.243061,200,102.39595000166446,qwen7b-npu6,
1782585025.2501266,200,124.8632050010201,qwen7b-npu4,
1782585025.250384,200,127.0460589985305,qwen7b-npu4,
1782585025.2681792,200,101.38167399782105,qwen7b-npu6,
1782585025.2695363,200,130.45843000145396,qwen7b-npu5,
1782585025.2941453,200,102.8256820027309,qwen7b-npu7,
1782585025.2944212,200,95.49730700018699,qwen7b-npu6,
1782585025.298207,200,147.18396999887773,qwen7b-npu5,
1782585025.2984912,200,131.4168749995588,qwen7b-npu5,
1782585025.3193002,200,102.56354100056342,qwen7b-npu7,
1782585025.3220026,200,145.21009800228057,qwen7b-npu5,
1782585025.3345802,200,84.388981002121,qwen7b-npu4,
1782585025.345527,200,95.0736560007499,qwen7b-npu6,
1782585025.347732,200,104.61022300296463,qwen7b-npu5,
1782585025.3594491,200,89.85195399873191,qwen7b-npu4,
1782585025.37094,200,102.6863820006838,qwen7b-npu6,
1782585025.3816862,200,138.88104099896736,qwen7b-npu7,
1782585025.3981843,200,103.7023369972303,qwen7b-npu5,
1782585025.4197583,200,121.48317500032135,qwen7b-npu4,
1782585025.4483871,200,100.59232899948256,qwen7b-npu5,
1782585025.4491584,200,89.6449229985592,qwen7b-npu6,
1782585025.4701598,200,135.51000000006752,qwen7b-npu4,
1782585025.470766,200,125.1724279973132,qwen7b-npu4,
1782585025.4719145,200,173.34474900053465,qwen7b-npu7,
1782585025.472349,200,178.13204800040694,qwen7b-npu7,
1782585025.474603,200,92.83262199824094,qwen7b-npu5,
1782585025.4950209,200,124.01212099939585,qwen7b-npu4,
1782585025.4961169,200,174.05191299985745,qwen7b-npu7,
1782585025.496451,200,177.0740609972563,qwen7b-npu7,
1782585025.5018716,200,103.55972700199345,qwen7b-npu6,
1782585025.5429785,200,93.75278799780062,qwen7b-npu4,
1782585025.5581248,200,87.28616799999145,qwen7b-npu5,
1782585025.5658684,200,146.04221400077222,qwen7b-npu6,
1782585025.581992,200,133.50546799847507,qwen7b-npu7,
1782585025.582654,200,86.13325099940994,qwen7b-npu5,
1782585025.6073701,200,132.70320299852756,qwen7b-npu7,
1782585025.6082234,200,136.2049749986909,qwen7b-npu7,
1782585025.632013,200,136.8873090032139,qwen7b-npu7,
1782585025.6554408,200,185.1796100017964,qwen7b-npu6,
1782585025.6560538,200,183.6245809972752,qwen7b-npu6,
1782585025.6624153,200,79.69835299809347,qwen7b-npu5,
1782585025.6819897,200,185.76935400051298,qwen7b-npu6,
1782585025.6825008,200,180.56519300080254,qwen7b-npu6,
1782585025.6953135,200,129.34170299922698,qwen7b-npu3,
1782585025.6955993,200,137.41292100166902,qwen7b-npu7,
1782585025.695941,200,152.89290599685046,qwen7b-npu3,
1782585025.7215776,200,139.4839749991661,qwen7b-npu7,
1782585025.7482536,200,139.9159470020095,qwen7b-npu7,
1782585025.7486625,200,141.22348499950022,qwen7b-npu7,
1782585025.7719274,200,116.41465399952722,qwen7b-npu7,
1782585025.7736511,200,141.54415699886158,qwen7b-npu5,
1782585025.7774367,200,81.77136499944027,qwen7b-npu4,
1782585025.83598,200,173.4987000018009,qwen7b-npu6,
1782585025.8363128,200,180.19210000056773,qwen7b-npu6,
1782585025.8549728,200,82.93794199926197,qwen7b-npu4,
1782585025.8606641,200,83.15779300028225,qwen7b-npu7,
1782585025.8632684,200,181.2094970009639,qwen7b-npu6,
1782585025.8635423,200,141.8528790018172,qwen7b-npu6,
1782585025.86434,200,181.77600000126404,qwen7b-npu6,
1782585025.8647468,200,169.34827499790117,qwen7b-npu5,
1782585025.8650308,200,169.01465299815754,qwen7b-npu5,
1782585025.8817575,200,108.04442399967229,qwen7b-npu4,
1782585025.8886414,200,140.2553589978197,qwen7b-npu5,
1782585025.8889687,200,140.2475789982418,qwen7b-npu5,
1782585025.9382722,200,102.22092900221469,qwen7b-npu6,
1782585025.942729,200,82.00022600067314,qwen7b-npu7,
1782585025.9642534,200,99.43626099993708,qwen7b-npu6,
1782585025.9658604,200,129.47692399757216,qwen7b-npu4,
1782585025.9896255,200,107.80636299750768,qwen7b-npu6,
1782585025.9923317,200,103.58878700208152,qwen7b-npu7,
1782585025.9929726,200,127.86830400000326,qwen7b-npu4,
1782585025.9943802,200,131.04144299722975,qwen7b-npu4,
1782585025.9949245,200,131.2475140002789,qwen7b-npu4,
1782585026.0422502,200,187.2109529977024,qwen7b-npu5,
1782585026.042707,200,178.26476899790578,qwen7b-npu5,
1782585026.043234,200,104.86757399849012,qwen7b-npu6,
1782585026.0682404,200,125.44784000056097,qwen7b-npu5,
1782585026.0685263,200,179.48449599862215,qwen7b-npu5,
1782585026.0687687,200,102.83961199820624,qwen7b-npu6,
1782585026.0812497,200,86.71383399996557,qwen7b-npu4,
1782585026.092364,200,99.91833499952918,qwen7b-npu6,
1782585026.1052604,200,140.9416329988744,qwen7b-npu7,
1782585026.1064587,200,113.36484599814867,qwen7b-npu4,
1782585026.1304057,200,140.71774200056097,qwen7b-npu7,
1782585026.131089,200,136.05284299774212,qwen7b-npu7,
1782585026.132195,200,88.89779799937969,qwen7b-npu4,
1782585026.14206,200,99.67805299675092,qwen7b-npu5,
1782585026.1543987,200,111.62669499753974,qwen7b-npu7,
1782585026.1583686,200,89.78525299971807,qwen7b-npu4,
1782585026.183661,200,102.30484899875592,qwen7b-npu4,
1782585026.1910877,200,84.54604199869209,qwen7b-npu5,
1782585026.209301,200,103.9355089997116,qwen7b-npu4,
1782585026.234629,200,103.43068599831895,qwen7b-npu4,
1782585026.2352846,200,80.78457900046487,qwen7b-npu7,
1782585026.2452912,200,176.96561100092367,qwen7b-npu6,
1782585026.2457004,200,176.86575100015034,qwen7b-npu6,
1782585026.2483134,200,117.84156400244683,qwen7b-npu3,
1782585026.2594178,200,117.29923999882885,qwen7b-npu4,
1782585026.2670074,200,108.54772699894966,qwen7b-npu5,
1782585026.2725472,200,140.25919900086592,qwen7b-npu6,
1782585026.2728715,200,180.43978200148558,qwen7b-npu6,
1782585026.2936695,200,109.91450499932398,qwen7b-npu5,
1782585026.2963932,200,105.21226600030786,qwen7b-npu6,
1782585026.3167021,200,81.35300199865014,qwen7b-npu7,
1782585026.3444195,200,135.01982700108783,qwen7b-npu4,
1782585026.3467824,200,98.37021500061383,qwen7b-npu6,
1782585026.3545456,200,95.05723500114982,qwen7b-npu3,
1782585026.3704796,200,125.08172700108844,qwen7b-npu4,
1782585026.3711705,200,125.36256900057197,qwen7b-npu4,
1782585026.3723204,200,99.38798100120039,qwen7b-npu6,
1782585026.3945591,200,98.07044400076848,qwen7b-npu4,
1782585026.4203293,200,185.59848399672774,qwen7b-npu5,
1782585026.4309578,200,84.07940899996902,qwen7b-npu7,
1782585026.4443104,200,99.82716400190839,qwen7b-npu4,
1782585026.446432,200,173.79477199938265,qwen7b-npu5,
1782585026.4471688,200,180.09428999721422,qwen7b-npu5,
1782585026.4496047,200,94.96794500228134,qwen7b-npu6,
1782585026.45606,200,84.80778300145175,qwen7b-npu7,
1782585026.4719076,200,101.33440400022664,qwen7b-npu4,
1782585026.4732163,200,156.410567000421,qwen7b-npu5,
1782585026.4734743,200,179.73417800021707,qwen7b-npu5,
1782585026.4746344,200,102.25038900171057,qwen7b-npu6,
1782585026.4999018,200,105.2339670022775,qwen7b-npu6,
1782585026.5054595,200,85.02838500135113,qwen7b-npu7,
1782585026.5254896,200,94.4382220004627,qwen7b-npu6,
1782585026.5303886,200,85.9828610009572,qwen7b-npu7,
1782585026.5408335,200,93.55730600145762,qwen7b-npu3,
1782585026.5516508,200,105.15261600085068,qwen7b-npu6,
1782585026.5546873,200,82.684380999126,qwen7b-npu7,
1782585026.5598907,200,85.15266500035068,qwen7b-npu4,
1782585026.5848174,200,84.85335300065344,qwen7b-npu4,
1782585026.5962286,200,90.70862900262,qwen7b-npu3,
1782585026.615755,200,142.16239000234054,qwen7b-npu6,
1782585026.6299553,200,173.8328020001063,qwen7b-npu5,
1782585026.6304035,200,180.7061639992753,qwen7b-npu5,
1782585026.6342623,200,82.51479899990954,qwen7b-npu4,
1782585026.6691554,200,128.2243159985228,qwen7b-npu6,
1782585026.669743,200,144.19141300095362,qwen7b-npu6,
1782585026.692239,200,218.95817500262638,qwen7b-npu5,
1782585026.7062635,200,121.38550500094425,qwen7b-npu7,
1782585026.7232041,200,192.7592169995478,qwen7b-npu5,
1782585026.7242239,200,169.43997599810245,qwen7b-npu5,
1782585026.7325537,200,136.25738400151022,qwen7b-npu7,
1782585026.7506027,200,134.745595001732,qwen7b-npu5,
1782585026.7509236,200,190.9429449988238,qwen7b-npu5,
1782585026.7557771,200,86.5209240000695,qwen7b-npu4,
1782585026.7590125,200,124.68580399945495,qwen7b-npu7,
1782585026.759629,200,129.55202400189592,qwen7b-npu7,
1782585026.7741892,200,143.66626899936819,qwen7b-npu5,
1782585026.806733,200,114.42486200030544,qwen7b-npu3,
1782585026.8178163,200,148.0079659995681,qwen7b-npu4,
1782585026.843481,200,120.18084800001816,qwen7b-npu6,
1782585026.8482492,200,89.13064900116296,qwen7b-npu5,
1782585026.8586826,200,84.36222100135637,qwen7b-npu7,
1782585026.8827646,200,176.43791799855535,qwen7b-npu4,
1782585026.895732,200,145.0527279994276,qwen7b-npu6,
1782585026.8965318,200,140.63503199940897,qwen7b-npu6,
1782585026.896868,200,137.12307999958284,qwen7b-npu6,
1782585026.9093904,200,185.0421790004475,qwen7b-npu4,
1782585026.9097342,200,177.10773100043298,qwen7b-npu4,
1782585026.9258504,200,107.96853300053044,qwen7b-npu5,
1782585026.9306583,200,82.34952800194151,qwen7b-npu7,
1782585026.9345171,200,183.5284299995692,qwen7b-npu4,
1782585026.9348726,200,128.0419949980569,qwen7b-npu4,
1782585026.9438188,200,100.26849700079765,qwen7b-npu6,
1782585026.9518843,200,93.13406400178792,qwen7b-npu5,
1782585026.9757612,200,92.89466200061725,qwen7b-npu5,
1782585026.994241,200,98.41396599949803,qwen7b-npu6,
1782585027.0094128,200,99.92791499826126,qwen7b-npu4,
1782585027.0188754,200,83.90244800102664,qwen7b-npu6,
1782585027.0343227,200,99.71381399736856,qwen7b-npu4,
1782585027.0575001,200,81.65365400054725,qwen7b-npu5,
1782585027.0595374,200,107.54884100242634,qwen7b-npu4,
1782585027.0840886,200,89.77806400071131,qwen7b-npu4,
1782585027.0863116,200,189.6988680018694,qwen7b-npu7,
1782585027.0867026,200,189.7215889985091,qwen7b-npu7,
1782585027.0870633,200,177.25986299774377,qwen7b-npu7,
1782585027.0942981,200,84.79184299721965,qwen7b-npu6,
1782585027.1098332,200,90.89491099803126,qwen7b-npu4,
1782585027.1134918,200,187.5301350009977,qwen7b-npu7,
1782585027.113728,200,169.83090799840284,qwen7b-npu7,
1782585027.1140263,200,183.29549899863196,qwen7b-npu7,
1782585027.1443408,200,84.68758200251614,qwen7b-npu6,
1782585027.167069,200,80.63283800220233,qwen7b-npu5,
1782585027.1694949,200,135.05943800191744,qwen7b-npu4,
1782585027.1953175,200,137.73905400012154,qwen7b-npu4,
1782585027.222861,200,138.68540000112262,qwen7b-npu4,
1782585027.2231479,200,136.3527149987931,qwen7b-npu4,
1782585027.2234743,200,129.06110099720536,qwen7b-npu4,
1782585027.231294,200,144.16240300124628,qwen7b-npu7,
1782585027.2316651,200,87.26641799876234,qwen7b-npu6,
1782585027.245193,200,131.40259599822457,qwen7b-npu4,
1782585027.2490063,200,79.44713100005174,qwen7b-npu5,
1782585027.2566323,200,89.50524199826759,qwen7b-npu6,
1782585027.2579007,200,143.8134310010355,qwen7b-npu7,
1782585027.258144,200,148.23367700228118,qwen7b-npu7,
1782585027.2584267,200,144.87394699972356,qwen7b-npu7,
1782585027.3063326,200,110.95557199951145,qwen7b-npu6,
1782585027.331666,200,108.44467599963536,qwen7b-npu6,
1782585027.3411705,200,84.47093200084055,qwen7b-npu5,
1782585027.3544512,200,122.69532299978891,qwen7b-npu4,
1782585027.3552225,200,131.6798670013668,qwen7b-npu4,
1782585027.3662016,200,107.99110299922177,qwen7b-npu5,
1782585027.372416,200,149.4711349987483,qwen7b-npu7,
1782585027.3726583,200,127.37737100178492,qwen7b-npu7,
1782585027.3730009,200,141.58756699907826,qwen7b-npu7,
1782585027.3915782,200,85.15465600066818,qwen7b-npu5,
1782585027.3961613,200,138.19318599780672,qwen7b-npu7,
1782585027.3970304,200,138.5435790034535,qwen7b-npu3,
1782585027.397295,200,148.2022769996547,qwen7b-npu3,
1782585027.416652,200,84.89613300116616,qwen7b-npu5,
1782585027.436843,200,81.531954001548,qwen7b-npu4,
1782585027.4616466,200,89.1657700012729,qwen7b-npu4,
1782585027.46592,200,92.85376199841266,qwen7b-npu5,
1782585027.4821327,200,85.88281999982428,qwen7b-npu7,
1782585027.4914079,200,99.7693640019861,qwen7b-npu5,
1782585027.499534,200,158.28807799698552,qwen7b-npu6,
1782585027.5080695,200,110.969492001459,qwen7b-npu7,
1782585027.5125191,200,95.81002000049921,qwen7b-npu4,
1782585027.5254214,200,170.89182500058087,qwen7b-npu6,
1782585027.52627,200,159.9926080016303,qwen7b-npu6,
1782585027.5514114,200,178.68140099744778,qwen7b-npu6,
1782585027.55179,200,154.4082239997806,qwen7b-npu6,
1782585027.5580237,200,92.03995699863299,qwen7b-npu7,
1782585027.5623028,200,100.60076900117565,qwen7b-npu4,
1782585027.577292,200,95.10107599999174,qwen7b-npu6,
1782585027.5789514,200,142.0526299989433,qwen7b-npu5,
1782585027.5876915,200,96.18045300157974,qwen7b-npu4,
1782585027.6115463,200,86.06868100105203,qwen7b-npu4,
1782585027.6292183,200,129.62104500184068,qwen7b-npu5,
1782585027.629898,200,121.74824700196041,qwen7b-npu5,
1782585027.6399841,200,81.87579500008724,qwen7b-npu7,
1782585027.6542292,200,141.65286700153956,qwen7b-npu5,
1782585027.6630676,200,100.70347000146285,qwen7b-npu3,
1782585027.679342,200,100.33181700055138,qwen7b-npu5,
1782585027.7026744,200,176.30531699978746,qwen7b-npu6,
1782585027.7041967,200,92.56669100068393,qwen7b-npu5,
1782585027.7108955,200,80.90662899849121,qwen7b-npu4,
1782585027.729365,200,100.08138600096572,qwen7b-npu5,
1782585027.730537,200,178.68329100019764,qwen7b-npu6,
1782585027.7309885,200,179.48936600078014,qwen7b-npu6,
1782585027.7413056,200,86.98945599826402,qwen7b-npu7,
1782585027.7444415,200,104.39204199792584,qwen7b-npu4,
1782585027.756368,200,179.01164299837546,qwen7b-npu6,
1782585027.756941,200,169.1744039999321,qwen7b-npu6,
1782585027.7614326,200,98.27994499937631,qwen7b-npu4,
1782585027.7893136,200,86.57100400159834,qwen7b-npu7,
1782585027.7949939,200,90.66940900083864,qwen7b-npu3,
1782585027.8035388,200,92.55693000159226,qwen7b-npu5,
1782585027.8194957,200,140.08538699999917,qwen7b-npu6,
1782585027.827696,200,96.6035049968923,qwen7b-npu5,
1782585027.8718686,200,127.36678999863216,qwen7b-npu6,
1782585027.8721988,200,141.56386600006954,qwen7b-npu6,
1782585027.872909,200,143.43759800249245,qwen7b-npu4,
1782585027.8770516,200,135.67741099905106,qwen7b-npu7,
1782585027.8975153,200,140.49283099666354,qwen7b-npu4,
1782585027.898227,200,141.7954880016623,qwen7b-npu4,
1782585027.8987095,200,137.21516099758446,qwen7b-npu4,
1782585027.9207268,200,92.96642299887026,qwen7b-npu4,
1782585027.92765,200,124.02594100058195,qwen7b-npu7,
1782585027.9285214,200,139.14044199918862,qwen7b-npu7,
1782585027.9288192,200,133.7229689997912,qwen7b-npu7,
1782585027.982931,200,110.6194999993022,qwen7b-npu3,
1782585027.9899614,200,170.39841099904152,qwen7b-npu7,
1782585027.9959552,200,124.00062999950023,qwen7b-npu5,
1782585028.0030105,200,82.21078700080398,qwen7b-npu6,
1782585028.0249267,200,147.78961499905563,qwen7b-npu5,
1782585028.0252397,200,126.95327899928088,qwen7b-npu5,
1782585028.0256228,200,152.64347399715916,qwen7b-npu5,
1782585028.0488908,200,120.29729799905908,qwen7b-npu5,
1782585028.0496747,200,120.74545100040268,qwen7b-npu4,
1782585028.050087,200,122.3668610000459,qwen7b-npu4,
1782585028.0724363,200,82.37899799860315,qwen7b-npu4,
1782585028.0802202,200,182.63421499796095,qwen7b-npu7,
1782585028.0804505,200,181.67155999981333,qwen7b-npu7,
1782585028.1013515,200,105.33401700013201,qwen7b-npu5,
1782585028.108847,200,83.10451299985289,qwen7b-npu6,
1782585028.133713,200,108.70482799873571,qwen7b-npu6,
1782585028.1657364,200,140.37062999705086,qwen7b-npu5,
1782585028.1814978,200,80.07947399892146,qwen7b-npu4,
1782585028.1923146,200,142.53869300227962,qwen7b-npu5,
1782585028.2063427,200,223.34112200042,qwen7b-npu7,
1782585028.2067502,200,203.67466300012893,qwen7b-npu7,
1782585028.2191956,200,138.9021400027559,qwen7b-npu5,
1782585028.2197297,200,139.21820299947285,qwen7b-npu5,
1782585028.231244,200,181.0618749987043,qwen7b-npu7,
1782585028.2320418,200,183.04913800238864,qwen7b-npu7,
1782585028.2561574,200,183.654200998717,qwen7b-npu7,
1782585028.25725,200,123.4513870003866,qwen7b-npu6,
1782585028.2576356,200,148.70322999922791,qwen7b-npu7,
1782585028.2961874,200,89.73712299848557,qwen7b-npu5,
1782585028.3089817,200,116.56669600051828,qwen7b-npu4,
1782585028.3113093,200,129.67951499740593,qwen7b-npu6,
1782585028.3118422,200,146.0121939999226,qwen7b-npu6,
1782585028.3318398,200,100.51346799809835,qwen7b-npu7,
1782585028.3355236,200,128.66578900138848,qwen7b-npu4,
1782585028.336058,200,116.26732399963657,qwen7b-npu6,
1782585028.3466122,200,89.2411999993783,qwen7b-npu5,
1782585028.3609567,200,103.26135500145028,qwen7b-npu6,
1782585028.3619804,200,129.8539859999437,qwen7b-npu4,
1782585028.3623755,200,143.10981599919614,qwen7b-npu4,
1782585028.3860176,200,129.78000499788322,qwen7b-npu4,
1782585028.3974094,200,88.33153500017943,qwen7b-npu5,
1782585028.4106307,200,99.1608799995447,qwen7b-npu4,
1782585028.4205093,200,124.23334199775127,qwen7b-npu7,
1782585028.4355142,200,103.58100699886563,qwen7b-npu4,
1782585028.43912,200,92.41592900070827,qwen7b-npu6,
1782585028.4463856,200,134.42049299919745,qwen7b-npu7,
1782585028.4489033,200,86.425932997372,qwen7b-npu5,
1782585028.4600835,200,98.00315300162765,qwen7b-npu4,
1782585028.4649363,200,103.91092900317744,qwen7b-npu6,
1782585028.4722898,200,136.7037470008654,qwen7b-npu7,
1782585028.4726226,200,136.50203600263922,qwen7b-npu7,
1782585028.4761562,200,90.04939499936881,qwen7b-npu5,
1782585028.491267,200,93.79175800131634,qwen7b-npu6,
1782585028.5426197,200,107.01394799980335,qwen7b-npu6,
1782585028.544776,200,134.03483100046287,qwen7b-npu4,
1782585028.547276,200,108.05665400039288,qwen7b-npu7,
1782585028.564301,200,143.6937599974044,qwen7b-npu5,
1782585028.5701783,200,123.69133899846929,qwen7b-npu4,
1782585028.5917664,200,126.74107699785964,qwen7b-npu5,
1782585028.5921304,200,131.98556800125516,qwen7b-npu5,
1782585028.5925407,200,143.55216900003143,qwen7b-npu5,
1782585028.59415,200,102.81747300177813,qwen7b-npu6,
1782585028.5969126,200,120.66896000033012,qwen7b-npu4,
1782585028.5972035,200,124.51871299708728,qwen7b-npu4,
1782585028.6170974,200,144.7225259980769,qwen7b-npu5,
1782585028.6427863,200,95.40861700224923,qwen7b-npu5,
1782585028.6466532,200,103.94673900009366,qwen7b-npu6,
1782585028.6679974,200,123.12973599910038,qwen7b-npu7,
1782585028.6733758,200,103.12996399807162,qwen7b-npu6,
1782585028.6938891,200,101.25153199987835,qwen7b-npu5,
1782585028.7054405,200,141.03505299863173,qwen7b-npu4,
1782585028.7243893,200,107.20106900043902,qwen7b-npu6,
1782585028.733815,200,136.81874800022342,qwen7b-npu4,
1782585028.7341635,200,142.29017099933117,qwen7b-npu4,
1782585028.7456508,200,102.77739199955249,qwen7b-npu5,
1782585028.7619722,200,167.73770500003593,qwen7b-npu7,
1782585028.7623665,200,170.1162999997905,qwen7b-npu7,
1782585028.780928,200,107.48192000028212,qwen7b-npu4,
1782585028.787115,200,140.37501999700908,qwen7b-npu7,
1782585028.787623,200,190.31933200312778,qwen7b-npu7,
1782585028.8231244,200,98.6282960002427,qwen7b-npu5,
1782585028.848044,200,179.95362899819156,qwen7b-npu7,
1782585028.8549113,200,109.19146100059152,qwen7b-npu4,
1782585028.8723931,200,91.39403299923288,qwen7b-npu5,
1782585028.8790202,200,91.7838360001042,qwen7b-npu4,
1782585028.8992798,200,137.21339000039734,qwen7b-npu7,
1782585028.899697,200,137.17397000073106,qwen7b-npu7,
1782585028.9181874,200,224.18573700269917,qwen7b-npu6,
1782585028.9185526,200,213.01367900014156,qwen7b-npu6,
1782585028.944677,200,210.44175299903145,qwen7b-npu6,
1782585028.9450037,200,211.07527700223727,qwen7b-npu6,
1782585028.9499757,200,101.83869600223261,qwen7b-npu7,
1782585028.9545002,200,99.48035199704464,qwen7b-npu4,
1782585028.9549184,200,82.42863899795339,qwen7b-npu5,
1782585028.9706938,200,182.99835799916764,qwen7b-npu6,
1782585028.9710777,200,147.80176499698428,qwen7b-npu6,
1782585028.974992,200,95.87511100107804,qwen7b-npu7,
1782585028.9999857,200,100.16258600080619,qwen7b-npu7,
1782585029.024631,200,105.97633099678205,qwen7b-npu7,
1782585029.027392,200,109.1126510000322,qwen7b-npu4,
1782585029.0356708,200,136.29378499899758,qwen7b-npu6,
1782585029.048426,200,93.8101479987381,qwen7b-npu7,
1782585029.0514708,200,101.39598300156649,qwen7b-npu4,
1782585029.0801897,200,125.15612700008205,qwen7b-npu5,
1782585029.126281,200,181.155365997256,qwen7b-npu6,
1782585029.1266394,200,181.85992000144324,qwen7b-npu6,
1782585029.1277213,200,100.22168700015754,qwen7b-npu4,
1782585029.144265,200,173.099698000442,qwen7b-npu5,
1782585029.1446023,200,169.54672599968035,qwen7b-npu5,
1782585029.1530933,200,153.00770600151736,qwen7b-npu6,
1782585029.1534414,200,182.6497659967572,qwen7b-npu6,
1782585029.1538105,200,129.10706199909328,qwen7b-npu6,
1782585029.1623988,200,82.124737000413,qwen7b-npu7,
1782585029.1758087,200,140.04564799688524,qwen7b-npu6,
1782585029.212839,200,85.00188400284969,qwen7b-npu7,
1782585029.229968,200,85.28015599949867,qwen7b-npu4,
1782585029.2338462,200,182.2752230000333,qwen7b-npu5,
1782585029.234254,200,185.75816500015208,qwen7b-npu5,
1782585029.2381318,200,84.93536400055746,qwen7b-npu7,
1782585029.2561455,200,102.23340900120093,qwen7b-npu4,
1782585029.2617936,200,99.32696099713212,qwen7b-npu7,
1782585029.2628782,200,136.16659400213393,qwen7b-npu5,
1782585029.2632296,200,136.83757800026797,qwen7b-npu5,
1782585029.2875984,200,111.69087600137573,qwen7b-npu5,
1782585029.2942595,200,149.90804699846194,qwen7b-npu6,
1782585029.294588,200,141.04679400043096,qwen7b-npu6,
1782585029.3386064,200,108.56043699823203,qwen7b-npu5,
1782585029.3439934,200,131.0520630031533,qwen7b-npu4,
1782585029.3624873,200,106.27648300214787,qwen7b-npu3,
1782585029.3639145,200,100.61236900219228,qwen7b-npu5,
1782585029.369616,200,106.63419499906013,qwen7b-npu6,
1782585029.3702314,200,135.85573300224496,qwen7b-npu4,
1782585029.37099,200,137.0354890023009,qwen7b-npu4,
1782585029.3742454,200,136.014162999345,qwen7b-npu7,
1782585029.388644,200,93.97419900051318,qwen7b-npu5,
1782585029.3947134,200,132.85513400114723,qwen7b-npu4,
1782585029.4453392,200,106.65484499986633,qwen7b-npu6,
1782585029.4626157,200,168.24822900161962,qwen7b-npu7,
1782585029.462997,200,175.33221100165974,qwen7b-npu7,
1782585029.469643,200,99.95931500088773,qwen7b-npu6,
1782585029.4875147,200,123.50043699916569,qwen7b-npu7,
1782585029.4878564,200,143.77935099764727,qwen7b-npu7,
1782585029.5017715,200,139.1888830003154,qwen7b-npu5,
1782585029.5021763,200,131.8757179979002,qwen7b-npu5,
1782585029.5102203,200,121.48377499761409,qwen7b-npu7,
1782585029.5477288,200,84.63108200157876,qwen7b-npu6,
1782585029.573308,200,103.60243700051797,qwen7b-npu6,
1782585029.577138,200,89.16854000199237,qwen7b-npu5,
1782585029.580177,200,205.8643660020607,qwen7b-npu4,
1782585029.5805256,200,209.43378700030735,qwen7b-npu4,
1782585029.581571,200,79.69530300033512,qwen7b-npu7,
1782585029.5975192,200,87.20923799774027,qwen7b-npu6,
1782585029.6029704,200,100.67972899923916,qwen7b-npu5,
1782585029.60677,200,211.9697130001441,qwen7b-npu4,
1782585029.607173,200,161.74396899805288,qwen7b-npu4,
1782585029.6674511,200,204.7370789987326,qwen7b-npu4,
1782585029.667836,200,180.24148100084858,qwen7b-npu4,
1782585029.671523,200,98.15144399908604,qwen7b-npu3,
1782585029.6732442,200,92.64830999745755,qwen7b-npu6,
1782585029.686112,200,83.05201199982548,qwen7b-npu7,
1782585029.691406,200,143.59267899999395,qwen7b-npu5,
1782585029.6980357,200,91.1566219983797,qwen7b-npu6,
1782585029.7096658,200,102.38353000022471,qwen7b-npu7,
1782585029.7175236,200,119.91411499911919,qwen7b-npu4,
1782585029.7179005,200,137.62874299936811,qwen7b-npu4,
1782585029.7561965,200,174.5577370020328,qwen7b-npu5,
1782585029.7565901,200,179.3487159993674,qwen7b-npu5,
1782585029.77295,200,105.39720800079522,qwen7b-npu6,
1782585029.777896,200,104.55041300156154,qwen7b-npu3,
1782585029.7922392,200,94.10732999822358,qwen7b-npu4,
1782585029.8074837,200,139.5423549984116,qwen7b-npu5,
1782585029.8080297,200,136.44086599742877,qwen7b-npu5,
1782585029.8256063,200,134.12977199914167,qwen7b-npu7,
1782585029.831283,200,145.07365800091065,qwen7b-npu5,
1782585029.8488646,200,92.55302999736159,qwen7b-npu6,
1782585029.8515115,200,133.8965599970834,qwen7b-npu7,
1782585029.8525138,200,142.75991399699706,qwen7b-npu7,
1782585029.8528242,200,134.8252659990976,qwen7b-npu7,
1782585029.8547819,200,98.07904300032533,qwen7b-npu3,
1782585029.8743572,200,96.35344299749704,qwen7b-npu7,
1782585029.9051895,200,132.14592000076664,qwen7b-npu4,
1782585029.9322577,200,124.15244099975098,qwen7b-npu4,
1782585029.9325988,200,124.98094599868637,qwen7b-npu4,
1782585029.9349027,200,85.95294000042486,qwen7b-npu5,
1782585029.9460871,200,93.48214599958737,qwen7b-npu7,
1782585029.9562566,200,103.3341250004014,qwen7b-npu4,
1782585029.960303,200,108.68760799712618,qwen7b-npu5,
1782585029.9798913,200,187.5800249981694,qwen7b-npu6,
1782585030.0080736,200,102.82249199735816,qwen7b-npu5,
1782585030.0328798,200,100.54363800009014,qwen7b-npu4,
1782585030.0450308,200,213.68192400041153,qwen7b-npu6,
1782585030.0453072,200,219.59131899711792,qwen7b-npu6,
1782585030.0587294,200,102.40422900096746,qwen7b-npu4,
1782585030.0590854,200,124.09287100308575,qwen7b-npu7,
1782585030.0595052,200,126.78744699951494,qwen7b-npu7,
1782585030.0703568,200,195.88940599714988,qwen7b-npu6,
1782585030.0712674,200,216.4058490016032,qwen7b-npu6,
1782585030.0823684,200,102.38767999908305,qwen7b-npu5,
1782585030.096606,200,136.20466499924078,qwen7b-npu6,
1782585030.0969837,200,150.79252299983636,qwen7b-npu6,
1782585030.1077645,200,99.60270300143748,qwen7b-npu5,
1782585030.1212225,200,88.28421500220429,qwen7b-npu6,
1782585030.1413996,200,81.79444500274258,qwen7b-npu7,
1782585030.1471667,200,101.75190600057249,qwen7b-npu3,
1782585030.1593869,200,100.21722699821112,qwen7b-npu5,
1782585030.1702802,200,125.18691799778026,qwen7b-npu4,
1782585030.1732738,200,102.82863300017198,qwen7b-npu6,
1782585030.1847913,200,102.33312899799785,qwen7b-npu5,
1782585030.1914098,200,94.69561299920315,qwen7b-npu7,
1782585030.199078,200,91.21669199885218,qwen7b-npu6,
1782585030.209409,200,88.12332299930858,qwen7b-npu5,
1782585030.2324429,200,173.6110509991704,qwen7b-npu4,
1782585030.2327583,200,161.3880170007178,qwen7b-npu4,
1782585030.2499874,200,102.71294199992553,qwen7b-npu6,
1782585030.2570868,200,160.01266799867153,qwen7b-npu4,
1782585030.260596,200,90.22434600046836,qwen7b-npu5,
1782585030.283955,200,124.47255400184076,qwen7b-npu4,
1782585030.2843747,200,142.82915399962803,qwen7b-npu4,
1782585030.3012753,200,102.1366080021835,qwen7b-npu6,
1782585030.3051429,200,131.8023079984414,qwen7b-npu7,
1782585030.3309236,200,139.42090400087181,qwen7b-npu7,
1782585030.3317468,200,146.85613899928285,qwen7b-npu7,
1782585030.34736,200,137.88946400018176,qwen7b-npu5,
1782585030.3519406,200,101.86724600134767,qwen7b-npu6,
1782585030.359264,200,98.60815600040951,qwen7b-npu4,
1782585030.3734956,200,140.62667100006365,qwen7b-npu5,
1782585030.373902,200,141.38547599941376,qwen7b-npu5,
1782585030.3780243,200,93.94966900072177,qwen7b-npu6,
1782585030.3814435,200,97.00316700036637,qwen7b-npu7,
1782585030.3990026,200,141.85336900118273,qwen7b-npu5,
1782585030.4071102,200,105.74454000015976,qwen7b-npu7,
1782585030.4090593,200,103.85732900249423,qwen7b-npu4,
1782585030.431976,200,100.11439500158303,qwen7b-npu7,
1782585030.449197,200,97.14325799723156,qwen7b-npu5,
1782585030.4585319,200,84.53713199924096,qwen7b-npu4,
1782585030.4690073,200,138.02293600019766,qwen7b-npu6,
1782585030.4736917,200,100.09318599986727,qwen7b-npu5,
1782585030.4809093,200,102.79435299889883,qwen7b-npu7,
1782585030.4960809,200,148.64873899932718,qwen7b-npu6,
1782585030.496489,200,137.15566999962903,qwen7b-npu6,
1782585030.4975553,200,116.04828200142947,qwen7b-npu3,
1782585030.4982772,200,99.16214999975637,qwen7b-npu5,
1782585030.5211885,200,114.00617999970564,qwen7b-npu6,
1782585030.543952,200,134.82355599990115,qwen7b-npu4,
1782585030.5552511,200,86.14663099797326,qwen7b-npu7,
1782585030.5691876,200,137.14689000335056,qwen7b-npu4,
1782585030.5734315,200,92.41328000280191,qwen7b-npu5,
1782585030.5800722,200,83.87943799971254,qwen7b-npu7,
1782585030.5899084,200,140.5913810012862,qwen7b-npu6,
1782585030.595804,200,122.05224900026224,qwen7b-npu4,
1782585030.596177,200,137.58511299965903,qwen7b-npu4,
1782585030.6360672,200,138.42237800054136,qwen7b-npu5,
1782585030.642627,200,144.28027299800306,qwen7b-npu6,
1782585030.6433628,200,146.7711289988074,qwen7b-npu6,
1782585030.6629305,200,82.754680999642,qwen7b-npu7,
1782585030.6981235,200,176.84092999843415,qwen7b-npu5,
1782585030.7233167,200,87.15723800196429,qwen7b-npu6,
1782585030.7253933,200,170.04097899916815,qwen7b-npu5,
1782585030.725814,200,181.79231099929893,qwen7b-npu5,
1782585030.7449427,200,175.66859400176327,qwen7b-npu4,
1782585030.7455006,200,171.96708099800162,qwen7b-npu4,
1782585030.7493389,200,106.65066499859677,qwen7b-npu6,
1782585030.7512288,200,155.31620999900042,qwen7b-npu5,
1782585030.7516568,200,161.64124799979618,qwen7b-npu5,
1782585030.768694,200,125.2353879972361,qwen7b-npu4,
1782585030.7690408,200,172.80028499953914,qwen7b-npu4,
1782585030.7929187,200,129.89442600155598,qwen7b-npu4,
1782585030.8169158,200,118.72612799925264,qwen7b-npu7,
1782585030.8184066,200,92.90956199765787,qwen7b-npu4,
1782585030.827825,200,104.37996199834743,qwen7b-npu6,
1782585030.8307824,200,85.21655600270606,qwen7b-npu5,
1782585030.8433309,200,91.96557700124686,qwen7b-npu4,
1782585030.8495812,200,97.78052199908416,qwen7b-npu3,
1782585030.853146,200,103.7083769988385,qwen7b-npu6,
1782585030.8548656,200,85.76301900029648,qwen7b-npu5,
1782585030.8680668,200,99.28203099843813,qwen7b-npu4,
1782585030.8684053,200,123.38247699881322,qwen7b-npu7,
1782585030.8693008,200,143.37033800256904,qwen7b-npu7,
1782585030.9180107,200,90.0828250014456,qwen7b-npu4,
1782585030.928903,200,135.88497299861046,qwen7b-npu7,
1782585030.9293113,200,85.8850690019608,qwen7b-npu5,
1782585030.942964,200,125.98235299810767,qwen7b-npu6,
1782585030.9702682,200,139.38787300139666,qwen7b-npu6,
1782585030.9706557,200,152.1603410001262,qwen7b-npu6,
1782585030.9952023,200,127.04536900128005,qwen7b-npu6,
1782585031.0194736,200,169.78864799966686,qwen7b-npu7,
1782585031.0205114,200,167.2694920016511,qwen7b-npu7,
1782585031.0209498,200,166.01644500042312,qwen7b-npu7,
1782585031.0221422,200,93.12341300028493,qwen7b-npu6,
1782585031.0455325,200,127.4252709990833,qwen7b-npu7,
1782585031.0459192,200,176.51520800063736,qwen7b-npu7,
1782585031.046373,200,177.83365600189427,qwen7b-npu7,
1782585031.0475972,200,104.53924200191977,qwen7b-npu6,
1782585031.0531192,200,82.72171100179548,qwen7b-npu4,
1782585031.055166,200,84.40155100106495,qwen7b-npu5,
1782585031.0681984,200,138.78020000265678,qwen7b-npu7,
1782585031.0809875,200,85.69458800047869,qwen7b-npu5,
1782585031.1232467,200,101.00207099822,qwen7b-npu6,
1782585031.1275303,200,106.93084699960309,qwen7b-npu4,
1782585031.1309757,200,109.91888500211644,qwen7b-npu5,
1782585031.1497626,200,96.53789500225685,qwen7b-npu6,
1782585031.154876,200,107.17774799923063,qwen7b-npu4,
1782585031.155406,200,135.8307420014171,qwen7b-npu7,
1782585031.1564682,200,101.20103200097219,qwen7b-npu5,
1782585031.181287,200,135.2485280003748,qwen7b-npu7,
1782585031.1816401,200,135.9804929998063,qwen7b-npu7,
1782585031.1821187,200,135.6298409991723,qwen7b-npu7,
1782585031.203279,200,122.19269900015206,qwen7b-npu7,
1782585031.2126956,200,144.40682399799698,qwen7b-npu6,
1782585031.2227607,200,95.13167499972042,qwen7b-npu3,
1782585031.239518,200,84.53063200067845,qwen7b-npu5,
1782585031.2644992,200,108.97757999919122,qwen7b-npu5,
1782585031.2652755,200,134.2081130023871,qwen7b-npu6,
1782585031.2659461,200,142.60953300254187,qwen7b-npu6,
1782585031.2715917,200,121.73709700073232,qwen7b-npu4,
1782585031.2839992,200,80.61751800050843,qwen7b-npu7,
1782585031.290285,200,108.89255900110584,qwen7b-npu5,
1782585031.296989,200,140.42862999849604,qwen7b-npu4,
1782585031.314247,200,101.4586839992262,qwen7b-npu6,
1782585031.3152945,200,92.4315989977913,qwen7b-npu5,
1782585031.3334224,200,93.80685799987987,qwen7b-npu7,
1782585031.3585148,200,176.32130700076232,qwen7b-npu4,
1782585031.3590927,200,93.05839300213847,qwen7b-npu7,
1782585031.359263,200,177.5097440004174,qwen7b-npu4,
1782585031.3650854,200,93.38811600173358,qwen7b-npu5,
1782585031.3656168,200,100.24673699808773,qwen7b-npu6,
1782585031.3899913,200,99.61776199997985,qwen7b-npu6,
1782585031.4058142,200,91.48218400150654,qwen7b-npu7,
1782585031.4076138,200,143.01475499814842,qwen7b-npu4,
1782585031.4077735,200,123.67337799878442,qwen7b-npu4,
1782585031.41461,200,99.2155099993397,qwen7b-npu5,
1782585031.430748,200,133.67181900321157,qwen7b-npu4,
1782585031.4386897,200,105.1565859997936,qwen7b-npu5,
