timestamp,backend_id,requests_total,num_requests_running,num_requests_waiting,kv_cache_usage,ttft_avg_ms,tpot_avg_ms,queue_time_avg_ms,e2e_latency_avg_ms,router_phase,router_capacity,router_effective_weight,router_desired_weight,router_inflight,router_remote_utilization,router_queue_depth,router_kv_cache_usage,router_latency_ewma_ms
2026-06-28T02:24:10.113231,qwen7b-npu3,0,0.0,0.0,0.0,0,0,0,0,active,10,10,10,0,0,0,0,0
2026-06-28T02:24:10.132385,qwen7b-npu4,0,0.0,0.0,0.0,0,0,0,0,active,10,10,10,0,0,0,0,0
2026-06-28T02:24:10.151468,qwen7b-npu5,0,0.0,0.0,0.0,0,0,0,0,active,10,10,10,0,0,0,0,0
2026-06-28T02:24:10.169674,qwen7b-npu6,0,0.0,0.0,0.0,0,0,0,0,active,10,10,10,0,0,0,0,0
2026-06-28T02:24:10.187139,qwen7b-npu7,0,0.0,0.0,0.0,0,0,0,0,active,10,10,10,0,0,0,0,0
2026-06-28T02:24:11.206132,qwen7b-npu3,0,0.0,0.0,0.0,0,0,0,0,active,10,10,10,0,0,0,0,0
2026-06-28T02:24:11.220312,qwen7b-npu4,0,0.0,0.0,0.0,0,0,0,0,active,10,10,10,0,0,0,0,0
2026-06-28T02:24:11.234898,qwen7b-npu5,0,0.0,0.0,0.0,0,0,0,0,active,10,10,10,0,0,0,0,0
2026-06-28T02:24:11.247131,qwen7b-npu6,0,0.0,0.0,0.0,0,0,0,0,active,10,10,10,0,0,0,0,0
2026-06-28T02:24:11.258930,qwen7b-npu7,0,0.0,0.0,0.0,0,0,0,0,active,10,10,10,0,0,0,0,0
2026-06-28T02:24:12.274409,qwen7b-npu3,0,0.0,0.0,0.0,0,0,0,0,active,10,10,10,0,0,0,0,0
2026-06-28T02:24:12.287867,qwen7b-npu4,0,0.0,0.0,0.0,0,0,0,0,active,10,10,10,0,0,0,0,0
2026-06-28T02:24:12.300073,qwen7b-npu5,0,0.0,0.0,0.0,0,0,0,0,active,10,10,10,0,0,0,0,0
2026-06-28T02:24:12.311981,qwen7b-npu6,0,0.0,0.0,0.0,0,0,0,0,active,10,10,10,0,0,0,0,0
2026-06-28T02:24:12.323281,qwen7b-npu7,0,0.0,0.0,0.0,0,0,0,0,active,10,10,10,0,0,0,0,0
2026-06-28T02:24:13.336977,qwen7b-npu3,0,0.0,0.0,0.0,0,0,0,0,active,10,10,10,0,0,0,0,0
2026-06-28T02:24:13.350145,qwen7b-npu4,0,0.0,0.0,0.0,0,0,0,0,active,10,10,10,0,0,0,0,0
2026-06-28T02:24:13.362404,qwen7b-npu5,0,0.0,0.0,0.0,0,0,0,0,active,10,10,10,0,0,0,0,0
2026-06-28T02:24:13.374227,qwen7b-npu6,0,0.0,0.0,0.0,0,0,0,0,active,10,10,10,0,0,0,0,0
2026-06-28T02:24:13.385704,qwen7b-npu7,0,0.0,0.0,0.0,0,0,0,0,active,10,10,10,0,0,0,0,0
2026-06-28T02:24:14.400944,qwen7b-npu3,0,0.0,0.0,0.0,0,0,0,0,active,10,10,10,0,0,0,0,0
2026-06-28T02:24:14.430415,qwen7b-npu4,0,0.0,0.0,0.0,0,0,0,0,active,10,10,10,0,0,0,0,0
2026-06-28T02:24:14.445934,qwen7b-npu5,0,0.0,0.0,0.0,0,0,0,0,active,10,10,10,0,0,0,0,0
2026-06-28T02:24:14.458366,qwen7b-npu6,0,0.0,0.0,0.0,0,0,0,0,active,10,10,10,0,0,0,0,0
2026-06-28T02:24:14.470098,qwen7b-npu7,0,0.0,0.0,0.0,0,0,0,0,active,10,10,10,0,0,0,0,0
2026-06-28T02:24:15.485277,qwen7b-npu3,0,0.0,0.0,0.0,0,0,0,0,active,10,10,10,3,0,0,0,0
2026-06-28T02:24:15.498687,qwen7b-npu4,0,0.0,0.0,0.0,0,0,0,0,active,10,10,10,3,0,0,0,0
2026-06-28T02:24:15.511234,qwen7b-npu5,0,0.0,0.0,0.0,0,0,0,0,active,10,10,10,2,0,0,0,0
2026-06-28T02:24:15.523111,qwen7b-npu6,0,0.0,0.0,0.0,0,0,0,0,active,10,10,10,2,0,0,0,0
2026-06-28T02:24:15.534696,qwen7b-npu7,0,0.0,0.0,0.0,0,0,0,0,active,10,10,10,2,0,0,0,0
2026-06-28T02:24:16.549348,qwen7b-npu3,0,0.0,0.0,0.0,0,0,0,0,active,10,9.953125,9.8125,3,0,0,0,0
2026-06-28T02:24:16.562694,qwen7b-npu4,0,0.0,0.0,0.0,0,0,0,0,active,10,9.953125,9.8125,3,0,0,0,0
2026-06-28T02:24:16.575067,qwen7b-npu5,0,0.0,0.0,0.0,0,0,0,0,active,10,9.96875,9.875,2,0,0,0,0
2026-06-28T02:24:16.586811,qwen7b-npu6,0,0.0,0.0,0.0,0,0,0,0,active,10,9.96875,9.875,2,0,0,0,0
2026-06-28T02:24:16.600919,qwen7b-npu7,0,0.0,0.0,0.0,0,0,0,0,active,10,9.96875,9.875,2,0,0,0,0
2026-06-28T02:24:17.615944,qwen7b-npu3,0,0.0,0.0,0.0,0,0,0,0,active,10,9.91796875,9.8125,3,0,0,0,0
2026-06-28T02:24:17.629092,qwen7b-npu4,0,0.0,0.0,0.0,0,0,0,0,active,10,9.91796875,9.8125,3,0,0,0,0
2026-06-28T02:24:17.641241,qwen7b-npu5,0,0.0,0.0,0.0,0,0,0,0,active,10,9.9453125,9.875,2,0,0,0,0
2026-06-28T02:24:17.652559,qwen7b-npu6,0,0.0,0.0,0.0,0,0,0,0,active,10,9.9453125,9.875,2,0,0,0,0
2026-06-28T02:24:17.663913,qwen7b-npu7,0,0.0,0.0,0.0,0,0,0,0,active,10,9.9453125,9.875,2,0,0,0,0
2026-06-28T02:24:18.678665,qwen7b-npu3,0,0.0,0.0,0.0,0,0,0,0,active,10,9.8916015625,9.8125,3,0,0,0,0
2026-06-28T02:24:18.691929,qwen7b-npu4,0,0.0,0.0,0.0,0,0,0,0,active,10,9.8916015625,9.8125,3,0,0,0,0
2026-06-28T02:24:18.704105,qwen7b-npu5,0,0.0,0.0,0.0,0,0,0,0,active,10,9.927734375,9.875,2,0,0,0,0
2026-06-28T02:24:18.715898,qwen7b-npu6,0,0.0,0.0,0.0,0,0,0,0,active,10,9.927734375,9.875,2,0,0,0,0
2026-06-28T02:24:18.727295,qwen7b-npu7,0,0.0,0.0,0.0,0,0,0,0,active,10,9.927734375,9.875,2,0,0,0,0
2026-06-28T02:24:19.741555,qwen7b-npu3,0,0.0,0.0,0.0,0,0,0,0,active,10,9.871826171875,9.8125,3,0,0,0,0
2026-06-28T02:24:19.754627,qwen7b-npu4,0,0.0,0.0,0.0,0,0,0,0,active,10,9.871826171875,9.8125,3,0,0,0,0
2026-06-28T02:24:19.766759,qwen7b-npu5,0,0.0,0.0,0.0,0,0,0,0,active,10,9.91455078125,9.875,2,0,0,0,0
2026-06-28T02:24:19.778299,qwen7b-npu6,0,0.0,0.0,0.0,0,0,0,0,active,10,9.91455078125,9.875,2,0,0,0,0
2026-06-28T02:24:19.791605,qwen7b-npu7,0,0.0,0.0,0.0,0,0,0,0,active,10,9.91455078125,9.875,2,0,0,0,0
2026-06-28T02:24:20.806188,qwen7b-npu3,0,0.0,0.0,0.0,0,0,0,0,active,10,9.85699462890625,9.8125,3,0,0,0,0
2026-06-28T02:24:20.819315,qwen7b-npu4,0,0.0,0.0,0.0,0,0,0,0,active,10,9.85699462890625,9.8125,3,0,0,0,0
2026-06-28T02:24:20.831460,qwen7b-npu5,0,0.0,0.0,0.0,0,0,0,0,active,10,9.9046630859375,9.875,2,0,0,0,0
2026-06-28T02:24:20.843231,qwen7b-npu6,0,0.0,0.0,0.0,0,0,0,0,active,10,9.9046630859375,9.875,2,0,0,0,0
2026-06-28T02:24:20.854577,qwen7b-npu7,0,0.0,0.0,0.0,0,0,0,0,active,10,9.9046630859375,9.875,2,0,0,0,0
2026-06-28T02:24:21.869393,qwen7b-npu3,0,0.0,0.0,0.0,0,0,0,0,active,10,9.845870971679688,9.8125,3,0,0,0,0
2026-06-28T02:24:21.882424,qwen7b-npu4,0,0.0,0.0,0.0,0,0,0,0,active,10,9.845870971679688,9.8125,3,0,0,0,0
2026-06-28T02:24:21.894811,qwen7b-npu5,0,0.0,0.0,0.0,0,0,0,0,active,10,9.897247314453125,9.875,2,0,0,0,0
2026-06-28T02:24:21.906696,qwen7b-npu6,0,0.0,0.0,0.0,0,0,0,0,active,10,9.897247314453125,9.875,2,0,0,0,0
2026-06-28T02:24:21.919319,qwen7b-npu7,0,0.0,0.0,0.0,0,0,0,0,active,10,9.897247314453125,9.875,2,0,0,0,0
2026-06-28T02:24:22.933485,qwen7b-npu3,0,0.0,0.0,0.0,0,0,0,0,active,10,9.837528228759766,9.8125,3,0,0,0,0
2026-06-28T02:24:22.946739,qwen7b-npu4,0,0.0,0.0,0.0,0,0,0,0,active,10,9.837528228759766,9.8125,3,0,0,0,0
2026-06-28T02:24:22.959028,qwen7b-npu5,0,0.0,0.0,0.0,0,0,0,0,active,10,9.891685485839844,9.875,2,0,0,0,0
2026-06-28T02:24:22.970364,qwen7b-npu6,0,0.0,0.0,0.0,0,0,0,0,active,10,9.891685485839844,9.875,2,0,0,0,0
2026-06-28T02:24:22.987863,qwen7b-npu7,0,0.0,0.0,0.0,0,0,0,0,active,10,9.891685485839844,9.875,2,0,0,0,0
2026-06-28T02:24:24.002795,qwen7b-npu3,0,0.0,0.0,0.0,0,0,0,0,active,10,9.826578378677368,9.8125,3,0,0,0,0
2026-06-28T02:24:24.015597,qwen7b-npu4,0,0.0,0.0,0.0,0,0,0,0,active,10,9.826578378677368,9.8125,3,0,0,0,0
2026-06-28T02:24:24.027714,qwen7b-npu5,0,0.0,0.0,0.0,0,0,0,0,active,10,9.884385585784912,9.875,2,0,0,0,0
2026-06-28T02:24:24.039682,qwen7b-npu6,0,0.0,0.0,0.0,0,0,0,0,active,10,9.884385585784912,9.875,2,0,0,0,0
2026-06-28T02:24:24.051051,qwen7b-npu7,0,0.0,0.0,0.0,0,0,0,0,active,10,9.884385585784912,9.875,2,0,0,0,0
2026-06-28T02:24:25.064593,qwen7b-npu3,2.0,15.0,0.0,0.0031347962382445305,14923.120737075806,0,0,0,active,10,9.823058784008026,9.8125,3,0,0,0,0
2026-06-28T02:24:25.077369,qwen7b-npu4,0,0.0,0.0,0.0,0,0,0,0,active,10,9.823058784008026,9.8125,3,0,0,0,0
2026-06-28T02:24:25.088769,qwen7b-npu5,0,0.0,0.0,0.0,0,0,0,0,active,10,9.882039189338684,9.875,2,0,0,0,0
2026-06-28T02:24:25.100087,qwen7b-npu6,0,0.0,0.0,0.0,0,0,0,0,active,10,9.882039189338684,9.875,2,0,0,0,0
2026-06-28T02:24:25.111599,qwen7b-npu7,0,0.0,0.0,0.0,0,0,0,0,active,10,9.882039189338684,9.875,2,0,0,0,0
2026-06-28T02:24:26.126110,qwen7b-npu3,15.0,12.0,0.0,0.002581596902083705,13964.863475163778,28.825020670851217,0.028380001216040302,10008.284250895182,active,10,9.61729408800602,9,0,0,0,0,10014.528624999999
2026-06-28T02:24:26.139547,qwen7b-npu4,0,0.0,0.0,0.0,0,0,0,0,active,10,9.82041908800602,9.8125,3,0,0,0,0
2026-06-28T02:24:26.151824,qwen7b-npu5,0,0.0,0.0,0.0,0,0,0,0,active,10,9.864654392004013,9.8125,3,0,0,0,0
2026-06-28T02:24:26.164323,qwen7b-npu6,0,0.0,0.0,0.0,0,0,0,0,active,10,9.864654392004013,9.8125,3,0,0,0,0
2026-06-28T02:24:26.176545,qwen7b-npu7,0,0.0,0.0,0.0,0,0,0,0,active,10,9.864654392004013,9.8125,3,0,0,0,0
2026-06-28T02:24:27.196301,qwen7b-npu3,15.0,12.0,0.0,0.002581596902083705,13964.863475163778,28.825020670851217,0.028380001216040302,10008.284250895182,active,10,9.462970566004515,9,0,0,0,0,10014.528624999999
2026-06-28T02:24:27.213480,qwen7b-npu4,0,0.0,0.0,0.0,0,0,0,0,active,10,9.818439316004515,9.8125,3,0,0,0,0
2026-06-28T02:24:27.232992,qwen7b-npu5,0,0.0,0.0,0.0,0,0,0,0,active,10,9.85161579400301,9.8125,3,0,0,0,0
2026-06-28T02:24:27.259032,qwen7b-npu6,0,0.0,0.0,0.0,0,0,0,0,active,10,9.85161579400301,9.8125,3,0,0,0,0
2026-06-28T02:24:27.276253,qwen7b-npu7,0,0.0,0.0,0.0,0,0,0,0,active,10,9.85161579400301,9.8125,3,0,0,0,0
2026-06-28T02:24:28.294788,qwen7b-npu3,15.0,12.0,0.0,0.002581596902083705,13964.863475163778,84.95475800444544,0.028380001216040302,10008.284250895182,active,10,9.347227924503386,9,0,0,0,0,10014.528624999999
2026-06-28T02:24:28.312792,qwen7b-npu4,0,0.0,0.0,0.0,0,0,0,0,active,10,9.816954487003386,9.8125,3,0,0,0,0
2026-06-28T02:24:28.331302,qwen7b-npu5,0,0.0,0.0,0.0,0,0,0,0,active,10,9.841836845502257,9.8125,3,0,0,0,0
2026-06-28T02:24:28.349817,qwen7b-npu6,0,0.0,0.0,0.0,0,0,0,0,active,10,9.841836845502257,9.8125,3,0,0,0,0
2026-06-28T02:24:28.367425,qwen7b-npu7,0,0.0,0.0,0.0,0,0,0,0,active,10,9.841836845502257,9.8125,3,0,0,0,0
2026-06-28T02:24:29.382473,qwen7b-npu3,15.0,12.0,0.0,0.002581596902083705,13964.863475163778,56.10770462813113,0.028380001216040302,10008.284250895182,active,10,9.26042094337754,9,0,0,0,0,10014.528624999999
2026-06-28T02:24:29.395394,qwen7b-npu4,0,0.0,0.0,0.0,0,0,0,0,active,10,9.81584086525254,9.8125,3,0,0,0,0
2026-06-28T02:24:29.407720,qwen7b-npu5,0,0.0,0.0,0.0,0,0,0,0,active,10,9.834502634126693,9.8125,3,0,0,0,0
2026-06-28T02:24:29.419377,qwen7b-npu6,0,0.0,0.0,0.0,0,0,0,0,active,10,9.834502634126693,9.8125,3,0,0,0,0
2026-06-28T02:24:29.431086,qwen7b-npu7,0,0.0,0.0,0.0,0,0,0,0,active,10,9.834502634126693,9.8125,3,0,0,0,0
2026-06-28T02:24:30.445091,qwen7b-npu3,15.0,12.0,0.0,0.004794394246726896,13964.863475163778,46.45746771120586,0.028380001216040302,10008.284250895182,active,10,9.195315707533155,9,0,0,0,0,10014.528624999999
2026-06-28T02:24:30.458042,qwen7b-npu4,0,0.0,0.0,0.0,0,0,0,0,active,10,9.815005648939405,9.8125,3,0,0,0,0
2026-06-28T02:24:30.470288,qwen7b-npu5,0,0.0,0.0,0.0,0,0,0,0,active,10,9.82900197559502,9.8125,3,0,0,0,0
2026-06-28T02:24:30.483959,qwen7b-npu6,0,0.0,0.0,0.0,0,0,0,0,active,10,9.82900197559502,9.8125,3,0,0,0,0
2026-06-28T02:24:30.495313,qwen7b-npu7,0,0.0,0.0,0.0,0,0,0,0,active,10,9.82900197559502,9.8125,3,0,0,0,0
2026-06-28T02:24:31.510533,qwen7b-npu3,15.0,12.0,0.0,0.004794394246726896,13964.863475163778,42.300404030829746,0.028380001216040302,10008.284250895182,active,10,9.146486780649866,9,0,0,0,0,10014.528624999999
2026-06-28T02:24:31.523453,qwen7b-npu4,0,0.0,0.0,0.0,0,0,0,0,active,10,9.814379236704553,9.8125,3,0,0,0,0
2026-06-28T02:24:31.535667,qwen7b-npu5,0,0.0,0.0,0.0,0,0,0,0,active,10,9.824876481696265,9.8125,3,0,0,0,0
2026-06-28T02:24:31.547936,qwen7b-npu6,0,0.0,0.0,0.0,0,0,0,0,active,10,9.824876481696265,9.8125,3,0,0,0,0
2026-06-28T02:24:31.559389,qwen7b-npu7,0,0.0,0.0,0.0,0,0,0,0,active,10,9.824876481696265,9.8125,3,0,0,0,0
2026-06-28T02:24:32.573923,qwen7b-npu3,15.0,12.0,0.0,0.004794394246726896,13964.863475163778,39.3286980498999,0.028380001216040302,10008.284250895182,active,10,9.1098650854874,9,0,0,0,0,10014.528624999999
2026-06-28T02:24:32.586684,qwen7b-npu4,0,0.0,0.0,0.0,0,0,0,0,active,10,9.813909427528415,9.8125,3,0,0,0,0
2026-06-28T02:24:32.599005,qwen7b-npu5,0,0.0,0.0,0.0,0,0,0,0,active,10,9.821782361272199,9.8125,3,0,0,0,0
2026-06-28T02:24:32.610709,qwen7b-npu6,0,0.0,0.0,0.0,0,0,0,0,active,10,9.821782361272199,9.8125,3,0,0,0,0
2026-06-28T02:24:32.622016,qwen7b-npu7,0,0.0,0.0,0.0,0,0,0,0,active,10,9.821782361272199,9.8125,3,0,0,0,0
2026-06-28T02:24:33.638034,qwen7b-npu3,15.0,12.0,0.0,0.007007191591370088,13964.863475163778,37.44656405691173,0.028380001216040302,10008.284250895182,active,10,9.08239881411555,9,0,0,0,0,10014.528624999999
2026-06-28T02:24:33.650844,qwen7b-npu4,0,0.0,0.0,0.0,0,0,0,0,active,10,9.813557070646311,9.8125,3,0,0,0,0
2026-06-28T02:24:33.663561,qwen7b-npu5,0,0.0,0.0,0.0,0,0,0,0,active,10,9.819461770954149,9.8125,3,0,0,0,0
2026-06-28T02:24:33.675127,qwen7b-npu6,0,0.0,0.0,0.0,0,0,0,0,active,10,9.819461770954149,9.8125,3,0,0,0,0
2026-06-28T02:24:33.686400,qwen7b-npu7,0,0.0,0.0,0.0,0,0,0,0,active,10,9.819461770954149,9.8125,3,0,0,0,0
2026-06-28T02:24:34.701110,qwen7b-npu3,15.0,12.0,0.0,0.007007191591370088,13964.863475163778,36.034626756343044,0.028380001216040302,10008.284250895182,active,10,9.061799110586662,9,0,0,0,0,10014.528624999999
2026-06-28T02:24:34.714032,qwen7b-npu4,0,0.0,0.0,0.0,0,0,0,0,active,10,9.813292802984733,9.8125,3,0,0,0,0
2026-06-28T02:24:34.726358,qwen7b-npu5,0,0.0,0.0,0.0,0,0,0,0,active,10,9.817721328215612,9.8125,3,0,0,0,0
2026-06-28T02:24:34.738364,qwen7b-npu6,0,0.0,0.0,0.0,0,0,0,0,active,10,9.817721328215612,9.8125,3,0,0,0,0
2026-06-28T02:24:34.750040,qwen7b-npu7,0,0.0,0.0,0.0,0,0,0,0,active,10,9.817721328215612,9.8125,3,0,0,0,0
2026-06-28T02:24:35.764888,qwen7b-npu3,15.0,12.0,0.0,0.007007191591370088,13964.863475163778,34.97187033887972,0.028380001216040302,10008.284250895182,active,10,9.046349332939997,9,0,0,0,0,10014.528624999999
2026-06-28T02:24:35.777758,qwen7b-npu4,0,0.0,0.0,0.0,0,0,0,0,active,10,9.81309460223855,9.8125,3,0,0,0,0
2026-06-28T02:24:35.794473,qwen7b-npu5,0,0.0,0.0,0.0,0,0,0,0,active,10,9.816415996161709,9.8125,3,0,0,0,0
2026-06-28T02:24:35.806418,qwen7b-npu6,0,0.0,0.0,0.0,0,0,0,0,active,10,9.816415996161709,9.8125,3,0,0,0,0
2026-06-28T02:24:35.817917,qwen7b-npu7,0,0.0,0.0,0.0,0,0,0,0,active,10,9.816415996161709,9.8125,3,0,0,0,0
2026-06-28T02:24:36.833045,qwen7b-npu3,15.0,12.0,0.0,0.00921998893601328,13964.863475163778,34.248715525917724,0.028380001216040302,10008.284250895182,active,10,9.034761999704997,9,0,0,0,0,10014.528624999999
2026-06-28T02:24:36.845877,qwen7b-npu4,0,0.0,0.0,0.0,0,0,0,0,active,10,9.812945951678913,9.8125,3,0,0,0,0
2026-06-28T02:24:36.858322,qwen7b-npu5,0,0.0,0.0,0.0,0,0,0,0,active,10,9.815436997121282,9.8125,3,0,0,0,0
2026-06-28T02:24:36.870058,qwen7b-npu6,0,0.0,0.0,0.0,0,0,0,0,active,10,9.815436997121282,9.8125,3,0,0,0,0
2026-06-28T02:24:36.881366,qwen7b-npu7,0,0.0,0.0,0.0,0,0,0,0,active,10,9.815436997121282,9.8125,3,0,0,0,0
2026-06-28T02:24:37.895775,qwen7b-npu3,15.0,12.0,0.0,0.00921998893601328,13964.863475163778,33.659736286534766,0.028380001216040302,10008.284250895182,active,10,9.026071499778748,9,0,0,0,0,10014.528624999999
2026-06-28T02:24:37.908626,qwen7b-npu4,0,0.0,0.0,0.0,0,0,0,0,active,10,9.812834463759184,9.8125,3,0,0,0,0
2026-06-28T02:24:37.921065,qwen7b-npu5,0,0.0,0.0,0.0,0,0,0,0,active,10,9.814702747840961,9.8125,3,0,0,0,0
2026-06-28T02:24:37.933128,qwen7b-npu6,0,0.0,0.0,0.0,0,0,0,0,active,10,9.814702747840961,9.8125,3,0,0,0,0
2026-06-28T02:24:37.944552,qwen7b-npu7,0,0.0,0.0,0.0,0,0,0,0,active,10,9.814702747840961,9.8125,3,0,0,0,0
2026-06-28T02:24:38.959348,qwen7b-npu3,16.0,12.0,0.0,0.00921998893601328,13098.836213350296,33.29620974869888,0.02720500106079271,7541.7264103889465,active,10,9.01955362483406,9,0,0,0,0,7547.601218749999
2026-06-28T02:24:38.974593,qwen7b-npu4,3.0,1.0,0.0,0.0001833516685001424,23305.70642153422,45.88671133387834,0.03779700030766738,23351.73463821411,active,10,9.812750847819387,9.8125,1,0,0,0,23365.3295
2026-06-28T02:24:38.990912,qwen7b-npu5,3.0,1.0,0.0,0.0001833516685001424,19785.659948984783,32.375836000331525,0.022626998543273658,19817.917823791504,active,10,9.814152060880721,9.8125,2,0,0,0,20645.0566875
2026-06-28T02:24:39.009085,qwen7b-npu6,0,0.0,0.0,0.0,0,0,0,0,active,10,9.814152060880721,9.8125,5,0,0,0,0
2026-06-28T02:24:39.028807,qwen7b-npu7,0,0.0,0.0,0.0,0,0,0,0,active,10,9.814152060880721,9.8125,4,0,0,0,0
2026-06-28T02:24:40.048569,qwen7b-npu3,17.0,14.0,0.0,0.009588788493453793,12334.990150788251,33.20976422937353,0.02720500106079271,7541.7264103889465,active,10,8.995373913969159,8.9375,2,0,0,0,7547.601218749999
2026-06-28T02:24:40.066903,qwen7b-npu4,3.0,1.0,0.0,0.0001833516685001424,23305.70642153422,45.88671133387834,0.03779700030766738,23351.73463821411,active,10,9.398578601898405,8.8125,3,0,0,0,23365.3295
2026-06-28T02:24:40.088973,qwen7b-npu5,3.0,1.0,0.0,0.0001833516685001424,19785.659948984783,32.375836000331525,0.022626998543273658,19817.917823791504,active,10,9.387648034245405,8.8125,3,0,0,0,20645.0566875
2026-06-28T02:24:40.104550,qwen7b-npu6,5.0,1.0,0.0,0.0001833516685001424,13419.002294540405,55.06548120029038,0.030468199838651344,13473.87900352478,active,10,9.571241784245405,8.9375,2,0,0,0,13536.469562499999
2026-06-28T02:24:40.117876,qwen7b-npu7,6.0,1.0,0.0,0.0001833516685001424,10997.968554496765,38.40803899947787,0.02365516593272332,11036.242047945658,active,10,9.567335534245405,8.875,2,0,0,0,13224.09046875
2026-06-28T02:24:41.148700,qwen7b-npu3,19.0,12.0,0.0,0.01143278628065647,11045.132498992118,32.83250987400264,0.02361428622472366,4364.289930888584,active,10,9.083672979300111,9.348570175292968,0,0,0,0,3257.149123535156
2026-06-28T02:24:41.167266,qwen7b-npu4,3.0,1.0,0.0,0.0001833516685001424,23305.70642153422,45.88671133387834,0.03779700030766738,23351.73463821411,active,10,9.236433951423804,8.75,4,0,0,0,23365.3295
2026-06-28T02:24:41.188027,qwen7b-npu5,3.0,1.0,0.0,0.0001833516685001424,19785.659948984783,32.375836000331525,0.022626998543273658,19817.917823791504,active,10,9.228236025684055,8.75,4,0,0,0,20645.0566875
2026-06-28T02:24:41.206592,qwen7b-npu6,5.0,1.0,0.0,0.0001833516685001424,13419.002294540405,55.06548120029038,0.030468199838651344,13473.87900352478,active,10,9.397181338184055,8.875,2,0,0,0,13536.469562499999
2026-06-28T02:24:41.222499,qwen7b-npu7,6.0,1.0,0.0,0.0001833516685001424,10997.968554496765,38.40803899947787,0.02365516593272332,11036.242047945658,active,10,9.394251650684055,8.875,2,0,0,0,9949.374851562501
2026-06-28T02:24:42.238852,qwen7b-npu3,19.0,0.0,0.0,0.0,11045.132498992118,32.87984904593575,0.06695236937191926,21669.537795217413,active,10,9.149897278298326,9.348570175292968,0,0,0,0,3257.149123535156
2026-06-28T02:24:42.252247,qwen7b-npu4,3.0,1.0,0.0,0.0001833516685001424,23305.70642153422,45.88671133387834,0.03779700030766738,23351.73463821411,active,10,9.114825463567852,8.75,4,0,0,0,23365.3295
2026-06-28T02:24:42.265382,qwen7b-npu5,3.0,1.0,0.0,0.0001833516685001424,19785.659948984783,32.375836000331525,0.022626998543273658,19817.917823791504,active,10,9.108677019263041,8.75,4,0,0,0,20645.0566875
2026-06-28T02:24:42.277214,qwen7b-npu6,5.0,1.0,0.0,0.0001833516685001424,13419.002294540405,55.06548120029038,0.030468199838651344,13473.87900352478,active,10,9.266636003638041,8.875,2,0,0,0,13536.469562499999
2026-06-28T02:24:42.290593,qwen7b-npu7,6.0,1.0,0.0,0.0001833516685001424,10997.968554496765,38.40803899947787,0.02365516593272332,11036.242047945658,active,10,9.264438738013041,8.875,2,0,0,0,9949.374851562501
2026-06-28T02:24:43.305854,qwen7b-npu3,19.0,0.0,0.0,0.0,11045.132498992118,32.87984904593575,0.06695236937191926,21669.537795217413,active,10,9.199565502546987,9.348570175292968,1,0,0,0,3257.149123535156
2026-06-28T02:24:43.319234,qwen7b-npu4,3.0,1.0,0.0,0.0001833516685001424,23305.70642153422,45.88671133387834,0.03779700030766738,23351.73463821411,active,10,9.023619097675889,8.75,5,0,0,0,23365.3295
2026-06-28T02:24:43.332524,qwen7b-npu5,8.0,0.0,0.0,0.0,9367.436468601227,32.50812062424302,0.02164149964301032,9399.794161319733,active,10,9.01900776444728,8.75,0,0,0,0,6934.166877014161
2026-06-28T02:24:43.345073,qwen7b-npu6,5.0,1.0,0.0,0.0001833516685001424,13419.002294540405,55.06548120029038,0.030468199838651344,13473.87900352478,active,10,9.16872700272853,8.875,4,0,0,0,13536.469562499999
2026-06-28T02:24:43.360412,qwen7b-npu7,6.0,1.0,0.0,0.0001833516685001424,10997.968554496765,38.40803899947787,0.02365516593272332,11036.242047945658,active,10,9.16707905350978,8.875,2,0,0,0,9949.374851562501
2026-06-28T02:24:44.376294,qwen7b-npu3,19.0,0.0,0.0,0.0,11045.132498992118,32.87984904593575,0.06695236937191926,21669.537795217413,active,10,9.189941670733482,9.16107017529297,3,0,0,0,3257.149123535156
2026-06-28T02:24:44.389877,qwen7b-npu4,10.0,0.0,0.0,0.0,8565.262770652771,37.515594099022564,0.03140439948765561,8602.684140205383,active,10,9.053766701694721,9.144209513751221,0,0,0,0,4278.952431243896
2026-06-28T02:24:44.403030,qwen7b-npu5,10.0,0.0,0.0,0.0,7504.85897064209,30.617753499245737,0.021297200146364048,7535.330891609192,active,10,9.067465645544438,9.212839288835907,0,0,0,0,3935.8035558204656
2026-06-28T02:24:44.415808,qwen7b-npu6,5.0,1.0,0.0,0.0001833516685001424,13419.002294540405,55.06548120029038,0.030468199838651344,13473.87900352478,active,10,9.048420252046398,8.6875,5,0,0,0,13536.469562499999
2026-06-28T02:24:44.430000,qwen7b-npu7,6.0,1.0,0.0,0.0001833516685001424,10997.968554496765,38.40803899947787,0.02365516593272332,11036.242047945658,active,10,9.062809290132336,8.75,4,0,0,0,9949.374851562501
2026-06-28T02:24:45.443902,qwen7b-npu3,19.0,0.0,0.0,0.0,11045.132498992118,32.87984904593575,0.06695236937191926,21669.537795217413,active,10,9.182723796873354,9.16107017529297,8,0,0,0,3257.149123535156
2026-06-28T02:24:45.456896,qwen7b-npu4,15.0,0.0,0.0,0.0,5731.377601623535,33.88773579936242,0.026341599732404575,5765.1758670806885,active,10,9.076377404708847,9.144209513751221,1,0,0,0,1086.5104997971355
2026-06-28T02:24:45.469737,qwen7b-npu5,16.0,1.0,0.0,0.0001833516685001424,4711.122035980225,28.349737733030146,0.01972813333850354,5049.88940556844,active,10,9.103809056367306,9.212839288835907,1,0,0,0,995.5397520159892
2026-06-28T02:24:45.483048,qwen7b-npu6,16.0,0.0,0.0,0.0,5202.4189829826355,38.19125687527958,0.02982756200253789,5240.50697684288,active,10,8.942565189034799,8.625,1,0,0,0,1448.2556797543168
2026-06-28T02:24:45.495265,qwen7b-npu7,16.0,0.0,0.0,0.0,4940.043866634369,32.90489662481377,0.019666937305373722,4972.822949290276,active,10,9.000231967599252,8.8125,1,0,0,0,1345.2207009899319
2026-06-28T02:24:46.510802,qwen7b-npu3,19.0,0.0,0.0,0.0,11045.132498992118,32.87984904593575,0.06695236937191926,21669.537795217413,active,10,9.052310391478258,8.661070175292968,12,0,0,0,3257.149123535156
2026-06-28T02:24:46.524264,qwen7b-npu4,19.0,0.0,0.0,0.0,4536.454025067781,32.282451315136555,0.02439178914707889,4568.650960922241,active,10,9.266224421114039,9.835765470329617,0,0,0,0,401.2829862639374
2026-06-28T02:24:46.537131,qwen7b-npu5,19.0,0.0,0.0,0.0,3975.501073034186,27.149792368091813,0.018638526326915445,4002.524288077104,active,10,9.309444215339289,9.926349692255238,0,0,0,0,368.25153872380906
2026-06-28T02:24:46.549802,qwen7b-npu6,19.0,0.0,0.0,0.0,4390.069748225965,35.87380036869466,0.02890426281067592,4425.820752194054,active,10,9.173891004000032,9.86786844889573,0,0,0,0,515.5513166410143
2026-06-28T02:24:46.562928,qwen7b-npu7,19.0,0.0,0.0,0.0,4168.897076656945,31.545226157744,0.019738473623108706,4200.348854064941,active,10,9.226056765195496,9.903531157984231,0,0,0,0,482.3442100788456
2026-06-28T02:24:47.577839,qwen7b-npu3,19.0,0.0,0.0,0.0,11045.132498992118,32.87984904593575,0.06695236937191926,21669.537795217413,active,10,8.938875337431936,8.598570175292968,12,0,0,0,3257.149123535156
2026-06-28T02:24:47.591321,qwen7b-npu4,19.0,0.0,0.0,0.0,4536.454025067781,32.282451315136555,0.02439178914707889,4568.650960922241,active,10,9.429604166522331,9.919743402747212,0,0,0,0,401.2829862639374
2026-06-28T02:24:47.604264,qwen7b-npu5,19.0,0.0,0.0,0.0,3975.501073034186,27.149792368091813,0.018638526326915445,4002.524288077104,active,10,9.463670584568277,9.926349692255238,0,0,0,0,368.25153872380906
2026-06-28T02:24:47.616635,qwen7b-npu6,19.0,0.0,0.0,0.0,4390.069748225965,35.87380036869466,0.02890426281067592,4425.820752194054,active,10,9.354640687167972,9.896889736671797,0,0,0,0,515.5513166410143
2026-06-28T02:24:47.629859,qwen7b-npu7,19.0,0.0,0.0,0.0,4168.897076656945,31.545226157744,0.019738473623108706,4200.348854064941,active,10,9.395425363392679,9.903531157984231,0,0,0,0,482.3442100788456
2026-06-28T02:24:48.644568,qwen7b-npu3,19.0,0.0,0.0,0.0,11045.132498992118,32.87984904593575,0.06695236937191926,21669.537795217413,active,10,8.853799046897194,8.598570175292968,12,0,0,0,3257.149123535156
2026-06-28T02:24:48.658197,qwen7b-npu4,19.0,0.0,0.0,0.0,4536.454025067781,32.282451315136555,0.02439178914707889,4568.650960922241,active,10,9.55213897557855,9.919743402747212,0,0,0,0,401.2829862639374
2026-06-28T02:24:48.672303,qwen7b-npu5,19.0,0.0,0.0,0.0,3975.501073034186,27.149792368091813,0.018638526326915445,4002.524288077104,active,10,9.579340361490017,9.926349692255238,0,0,0,0,368.25153872380906
2026-06-28T02:24:48.684896,qwen7b-npu6,19.0,0.0,0.0,0.0,4390.069748225965,35.87380036869466,0.02890426281067592,4425.820752194054,active,10,9.490202949543928,9.896889736671797,0,0,0,0,515.5513166410143
2026-06-28T02:24:48.703876,qwen7b-npu7,19.0,0.0,0.0,0.0,4168.897076656945,31.545226157744,0.019738473623108706,4200.348854064941,active,10,9.522451812040567,9.903531157984231,0,0,0,0,482.3442100788456
2026-06-28T02:24:49.718613,qwen7b-npu3,19.0,0.0,0.0,0.0,11045.132498992118,32.87984904593575,0.06695236937191926,21669.537795217413,active,10,8.789991828996138,8.598570175292968,12,0,0,0,3257.149123535156
2026-06-28T02:24:49.731941,qwen7b-npu4,19.0,0.0,0.0,0.0,4536.454025067781,32.282451315136555,0.02439178914707889,4568.650960922241,active,10,9.644040082370715,9.919743402747212,0,0,0,0,401.2829862639374
2026-06-28T02:24:49.744982,qwen7b-npu5,19.0,0.0,0.0,0.0,3975.501073034186,27.149792368091813,0.018638526326915445,4002.524288077104,active,10,9.666092694181323,9.926349692255238,0,0,0,0,368.25153872380906
2026-06-28T02:24:49.757549,qwen7b-npu6,19.0,0.0,0.0,0.0,4390.069748225965,35.87380036869466,0.02890426281067592,4425.820752194054,active,10,9.591874646325895,9.896889736671797,0,0,0,0,515.5513166410143
2026-06-28T02:24:49.771822,qwen7b-npu7,19.0,0.0,0.0,0.0,4168.897076656945,31.545226157744,0.019738473623108706,4200.348854064941,active,10,9.617721648526484,9.903531157984231,0,0,0,0,482.3442100788456
2026-06-28T02:24:50.786768,qwen7b-npu3,19.0,0.0,0.0,0.0,11045.132498992118,32.87984904593575,0.06695236937191926,21669.537795217413,active,10,8.742136415570346,8.598570175292968,12,0,0,0,3257.149123535156
2026-06-28T02:24:50.800335,qwen7b-npu4,19.0,0.0,0.0,0.0,4536.454025067781,32.282451315136555,0.02439178914707889,4568.650960922241,active,10,9.712965912464838,9.919743402747212,0,0,0,0,401.2829862639374
2026-06-28T02:24:50.813801,qwen7b-npu5,19.0,0.0,0.0,0.0,3975.501073034186,27.149792368091813,0.018638526326915445,4002.524288077104,active,10,9.731156943699801,9.926349692255238,0,0,0,0,368.25153872380906
2026-06-28T02:24:50.828193,qwen7b-npu6,19.0,0.0,0.0,0.0,4390.069748225965,35.87380036869466,0.02890426281067592,4425.820752194054,active,10,9.66812841891237,9.896889736671797,0,0,0,0,515.5513166410143
2026-06-28T02:24:50.840515,qwen7b-npu7,19.0,0.0,0.0,0.0,4168.897076656945,31.545226157744,0.019738473623108706,4200.348854064941,active,10,9.689174025890921,9.903531157984231,0,0,0,0,482.3442100788456
2026-06-28T02:24:51.855238,qwen7b-npu3,19.0,0.0,0.0,0.0,11045.132498992118,32.87984904593575,0.06695236937191926,21669.537795217413,active,10,8.706244855501001,8.598570175292968,12,0,0,0,3257.149123535156
2026-06-28T02:24:51.877719,qwen7b-npu4,19.0,0.0,0.0,0.0,4536.454025067781,32.282451315136555,0.02439178914707889,4568.650960922241,active,10,9.764660285035433,9.919743402747212,0,0,0,0,401.2829862639374
2026-06-28T02:24:51.890554,qwen7b-npu5,19.0,0.0,0.0,0.0,3975.501073034186,27.149792368091813,0.018638526326915445,4002.524288077104,active,10,9.77995513083866,9.926349692255238,0,0,0,0,368.25153872380906
2026-06-28T02:24:51.903542,qwen7b-npu6,19.0,0.0,0.0,0.0,4390.069748225965,35.87380036869466,0.02890426281067592,4425.820752194054,active,10,9.725318748352228,9.896889736671797,0,0,0,0,515.5513166410143
2026-06-28T02:24:51.915557,qwen7b-npu7,19.0,0.0,0.0,0.0,4168.897076656945,31.545226157744,0.019738473623108706,4200.348854064941,active,10,9.742763308914249,9.903531157984231,0,0,0,0,482.3442100788456
2026-06-28T02:24:52.930493,qwen7b-npu3,62.0,14.0,0.0,0.0029503964595242183,6693.281135251445,32.65825069848745,0.04455459239412745,10161.692779891344,active,10,8.779683641625752,9,2,0,0,0,139.6934572428833
2026-06-28T02:24:52.944195,qwen7b-npu4,40.0,1.0,0.0,0.0001833516685001424,2190.7036542892456,28.733783224561193,0.01748592467265553,2219.3968415260315,active,10,9.787806064463378,9.857243402747212,3,0,0,0,94.77370743003638
2026-06-28T02:24:52.957591,qwen7b-npu5,41.0,1.0,0.0,0.0001833516685001424,1883.0592923048066,26.390557536459955,0.014930853489559234,1909.3696664019328,active,10,9.816553771192805,9.926349692255238,2,0,0,0,95.9629917783124
2026-06-28T02:24:52.970332,qwen7b-npu6,41.0,1.0,0.0,0.0001833516685001424,2077.1154543248617,32.62007950006591,0.019812049686152022,2159.6671760082245,active,10,9.76821149543212,9.896889736671797,2,0,0,0,110.96005288927063
2026-06-28T02:24:52.983492,qwen7b-npu7,42.0,1.0,0.0,0.0001833516685001424,1928.332629657927,29.25798973148808,0.015620024120236359,2002.7424126136593,active,10,9.782955271181745,9.903531157984231,2,0,0,0,103.75739043404914
2026-06-28T02:24:53.997819,qwen7b-npu3,85.0,13.0,0.0,0.002765996680804017,4902.535082312191,32.28547388349758,0.033364958704219634,6948.361698124144,active,10,9.233288577998913,9.791246710042582,2,0,0,0,105.85458734031843
2026-06-28T02:24:54.010920,qwen7b-npu4,66.0,1.0,0.0,0.0001833516685001424,1355.4427695996833,27.291746353652204,0.01453318428292942,1402.6462921729456,active,10,9.817461777723334,9.855459109915142,3,0,0,0,97.70445042428972
2026-06-28T02:24:54.025107,qwen7b-npu5,66.0,2.0,0.0,0.0003667033370003958,1196.5218276688547,25.798747522975855,0.013016261520813435,1239.5521860856275,active,10,9.806285595190463,9.792739744653103,3,0,0,0,98.80127673448318
2026-06-28T02:24:54.039807,qwen7b-npu6,66.0,1.0,0.0,0.0001833516685001424,1320.7115223913481,31.46418693857133,0.01626513834568099,1371.377625832191,active,10,9.805265121566872,9.852777532257749,2,0,0,0,111.11233871126015
2026-06-28T02:24:54.051677,qwen7b-npu7,66.0,1.0,0.0,0.0001833516685001424,1255.6055242365055,28.882034060712392,0.01377274229801542,1284.4666603839757,active,10,9.802497252488246,9.85391429371789,2,0,0,0,105.42853141054957
2026-06-28T02:24:55.066964,qwen7b-npu3,109.0,13.0,0.0,0.0049787940254472085,3839.117485448855,31.997967641717285,0.027401875324054952,5236.368427673976,active,10,9.372801713223545,9.791341118897444,2,0,0,0,105.85597810093964
2026-06-28T02:24:55.081162,qwen7b-npu4,90.0,1.0,0.0,0.0001833516685001424,1012.8570609622532,26.836863833280706,0.013368855353393074,1039.677079518636,active,10,9.826894318752325,9.855191941839298,3,0,0,0,100.18946810263449
2026-06-28T02:24:55.093354,qwen7b-npu5,91.0,1.0,0.0,0.0001833516685001424,888.0217415945871,25.7234462087681,0.012246252691301588,913.6969912183154,active,10,9.802611561487986,9.791589460380552,2,0,0,0,107.2415176797011
2026-06-28T02:24:55.106765,qwen7b-npu6,90.0,1.0,0.0,0.0001833516685001424,988.4565194447836,29.876948711252123,0.014487944362271164,1018.2889991336399,active,10,9.817435593059777,9.853947007538489,2,0,0,0,104.05522173066659
2026-06-28T02:24:55.120145,qwen7b-npu7,91.0,2.0,0.0,0.0003667033370003958,930.9471858726753,28.263498066735337,0.012702044397075143,968.6241070429485,active,10,9.815279369155768,9.85362571915833,3,0,0,0,107.94355315626004
2026-06-28T02:24:56.134998,qwen7b-npu3,133.0,13.0,0.0,0.0049787940254472085,3160.5422640205325,31.838331776440736,0.02397675852989778,4210.771644115448,active,10,9.492917023957965,9.853262956161226,2,0,0,0,106.83772560431183
2026-06-28T02:24:56.148355,qwen7b-npu4,115.0,1.0,0.0,0.0001833516685001424,807.9436924146569,26.60697141732469,0.012752078106606623,834.4927062158998,active,10,9.834266223729788,9.85638193866218,2,0,0,0,89.72674547584782
2026-06-28T02:24:56.163287,qwen7b-npu5,116.0,1.0,0.0,0.0001833516685001424,712.4482907097915,25.870304982622063,0.011763826003753702,743.9875271009362,active,10,9.815695463606243,9.854947169961019,3,0,0,0,95.26701648847751
2026-06-28T02:24:56.178771,qwen7b-npu6,115.0,1.0,0.0,0.0001833516685001424,789.3710675446883,29.12230294795059,0.013591617164860034,818.405350394871,active,10,9.81118329224256,9.79242638979091,3,0,0,0,97.24869340979748
2026-06-28T02:24:56.201892,qwen7b-npu7,116.0,2.0,0.0,0.0003667033370003958,745.5104260609068,27.97249321751145,0.01241682608530897,779.3253193730893,active,10,9.825556411060933,9.85638753677643,2,0,0,0,98.84430523721728
2026-06-28T02:24:57.216387,qwen7b-npu3,156.0,13.0,0.0,0.0049787940254472085,2706.070618751721,31.68078598623189,0.021722748382277526,3550.62530757664,active,10,9.567473560048157,9.791143168318731,2,0,0,0,96.86987121050394
2026-06-28T02:24:57.230758,qwen7b-npu4,140.0,1.0,0.0,0.0001833516685001424,676.8604738371713,26.68236085600969,0.012426129418756919,707.8560685082306,active,10,9.839405339222026,9.854822685698743,3,0,0,0,95.99121765237017
2026-06-28T02:24:57.245635,qwen7b-npu5,140.0,1.0,0.0,0.0001833516685001424,602.9286827359881,25.96559807192953,0.01145735963644701,632.7530360050339,active,10,9.825817645670913,9.856184191864921,3,0,0,0,103.45700086339876
2026-06-28T02:24:57.259594,qwen7b-npu6,140.0,1.0,0.0,0.0001833516685001424,661.975359916687,29.012392000145514,0.012984525115210765,695.2135940249875,active,10,9.806248066061855,9.791442387519734,2,0,0,0,96.8166373268004
2026-06-28T02:24:57.272350,qwen7b-npu7,140.0,1.0,0.0,0.0001833516685001424,631.3387700489588,27.91512723579217,0.012158757194161547,659.2734711510794,active,10,9.83267782284201,9.854042058185241,2,0,0,0,98.14939678215885
2026-06-28T02:24:58.287894,qwen7b-npu3,177.0,14.0,0.0,0.007375991148810601,2394.403387597725,31.61441818216817,0.020215872077309675,3109.8130781476093,active,10,9.622766379753035,9.788644838867667,3,0,0,0,99.26981347546781
2026-06-28T02:24:58.302813,qwen7b-npu4,163.0,1.0,0.0,0.0001833516685001424,593.3400355965082,27.225148975250907,0.012320827105819868,623.8020952836966,active,10,9.842185908105693,9.850527614756691,2,0,0,0,97.61787902689734
2026-06-28T02:24:58.316442,qwen7b-npu5,162.0,1.0,0.0,0.0001833516685001424,532.3413330831646,26.640542345679325,0.011552623461430352,558.9824502850756,active,10,9.831865068785724,9.850007338130156,3,0,0,0,99.27867160319438
2026-06-28T02:24:58.328866,qwen7b-npu6,162.0,1.0,0.0,0.0001833516685001424,582.5067787994574,28.983232642115773,0.01258246299618838,611.4535199271309,active,10,9.817933566711488,9.852990068660391,2,0,0,0,103.83008424063887
2026-06-28T02:24:58.340874,qwen7b-npu7,163.0,2.0,0.0,0.0003667033370003958,553.0520289953502,27.937723469221964,0.01203232105906886,583.9181476169161,active,10,9.837696581265515,9.852752856536032,2,0,0,0,100.91023582632403
2026-06-28T02:24:59.355538,qwen7b-npu3,189.0,15.0,0.0,0.007560390927530913,2247.5425011266475,31.563667441186958,0.019531451564814364,2921.0394082750595,active,10,9.617296063748924,9.600885115736592,10,0,0,0,120.57442131703823
2026-06-28T02:24:59.368975,qwen7b-npu4,181.0,0.0,0.0,0.0,541.0548020462963,26.99919927621502,0.012201303821179284,567.9941796466131,active,10,9.861162482516356,9.918092205748344,1,0,0,0,92.00843621844136
2026-06-28T02:24:59.381625,qwen7b-npu5,181.0,0.0,0.0,0.0,483.9054049707908,26.50388017674578,0.0114989834702548,510.3976805565765,active,10,9.853198284200756,9.91719793044585,0,0,0,0,95.80661784933905
2026-06-28T02:24:59.393829,qwen7b-npu6,181.0,0.0,0.0,0.0,529.0023674622425,28.7045839614314,0.012272431030200578,557.6621432330727,active,10,9.826967665718616,9.854069962739999,1,0,0,0,97.90562535273742
2026-06-28T02:24:59.407017,qwen7b-npu7,181.0,0.0,0.0,0.0,504.9601536429389,27.764326116094754,0.011846502863053355,532.7560914814144,active,10,9.857776389174283,9.918015812900592,0,0,0,0,90.94657334086227
2026-06-28T02:25:00.422077,qwen7b-npu3,189.0,15.0,0.0,0.007560390927530913,2247.5425011266475,31.563667441186958,0.019531451564814364,2921.0394082750595,active,10,9.51944332674584,9.225885115736592,12,0,0,0,120.57442131703823
2026-06-28T02:25:00.435556,qwen7b-npu4,183.0,0.0,0.0,0.0,535.7281158530647,26.9615638414999,0.012261349680964565,562.6284789517929,active,10,9.891544440243624,9.982690313425426,0,0,0,0,86.54843287287326
2026-06-28T02:25:00.448769,qwen7b-npu5,183.0,0.0,0.0,0.0,479.2246388607338,26.4568437704555,0.011581295125995626,505.6677737522647,active,10,9.885429405148555,9.98212276799195,0,0,0,0,89.38616004025322
2026-06-28T02:25:00.461212,qwen7b-npu6,183.0,0.0,0.0,0.0,523.8330585709034,28.644887202296406,0.012389021942963254,552.4315091430165,active,10,9.865826535316678,9.982403144110863,0,0,0,0,87.9842794456861
2026-06-28T02:25:00.473865,qwen7b-npu7,183.0,0.0,0.0,0.0,500.1559830754181,27.719424278775925,0.011989765100294338,527.9032858343072,active,10,9.8887028507555,9.981482235499152,0,0,0,0,92.58882250423503
2026-06-28T02:25:01.489595,qwen7b-npu3,189.0,15.0,0.0,0.007560390927530913,2247.5425011266475,31.563667441186958,0.019531451564814364,2921.0394082750595,active,10,9.446053773993528,9.225885115736592,12,0,0,0,120.57442131703823
2026-06-28T02:25:01.503767,qwen7b-npu4,183.0,0.0,0.0,0.0,535.7281158530647,26.9615638414999,0.012261349680964565,562.6284789517929,active,10,9.914330908539075,9.982690313425426,0,0,0,0,86.54843287287326
2026-06-28T02:25:01.516324,qwen7b-npu5,183.0,0.0,0.0,0.0,479.2246388607338,26.4568437704555,0.011581295125995626,505.6677737522647,active,10,9.909602745859404,9.98212276799195,0,0,0,0,89.38616004025322
2026-06-28T02:25:01.528592,qwen7b-npu6,183.0,0.0,0.0,0.0,523.8330585709034,28.644887202296406,0.012389021942963254,552.4315091430165,active,10,9.894970687515224,9.982403144110863,0,0,0,0,87.9842794456861
2026-06-28T02:25:01.540636,qwen7b-npu7,183.0,0.0,0.0,0.0,500.1559830754181,27.719424278775925,0.011989765100294338,527.9032858343072,active,10,9.911897696941413,9.981482235499152,0,0,0,0,92.58882250423503
2026-06-28T02:25:02.556209,qwen7b-npu3,189.0,15.0,0.0,0.007560390927530913,2247.5425011266475,31.563667441186958,0.019531451564814364,2921.0394082750595,active,10,9.391011609429293,9.225885115736592,12,0,0,0,120.57442131703823
2026-06-28T02:25:02.570406,qwen7b-npu4,183.0,0.0,0.0,0.0,535.7281158530647,26.9615638414999,0.012261349680964565,562.6284789517929,active,10,9.931420759760663,9.982690313425426,0,0,0,0,86.54843287287326
2026-06-28T02:25:02.583502,qwen7b-npu5,183.0,0.0,0.0,0.0,479.2246388607338,26.4568437704555,0.011581295125995626,505.6677737522647,active,10,9.92773275139254,9.98212276799195,0,0,0,0,89.38616004025322
2026-06-28T02:25:02.595726,qwen7b-npu6,183.0,0.0,0.0,0.0,523.8330585709034,28.644887202296406,0.012389021942963254,552.4315091430165,active,10,9.916828801664135,9.982403144110863,0,0,0,0,87.9842794456861
2026-06-28T02:25:02.608123,qwen7b-npu7,183.0,0.0,0.0,0.0,500.1559830754181,27.719424278775925,0.011989765100294338,527.9032858343072,active,10,9.929293831580848,9.981482235499152,0,0,0,0,92.58882250423503
2026-06-28T02:25:03.622731,qwen7b-npu3,219.0,14.0,0.0,0.007375991148810601,2108.602898305954,36.875437238306965,0.019311296234519933,2702.69246240264,active,10,9.46736857546752,9.696439473582199,3,0,0,0,114.53237605076326
2026-06-28T02:25:03.636576,qwen7b-npu4,206.0,1.0,0.0,0.0001833516685001424,483.5262553205768,26.78975248288735,0.01212105844609962,512.3025312656309,active,10,9.912673137127953,9.856430269229822,3,0,0,0,97.5154445332346
2026-06-28T02:25:03.649200,qwen7b-npu5,206.0,1.0,0.0,0.0001833516685001424,433.1709759906658,26.425540556037294,0.01157989758123621,461.3499048279553,active,10,9.894266315208597,9.79386700665677,2,0,0,0,97.96480869114875
2026-06-28T02:25:03.662374,qwen7b-npu6,206.0,1.0,0.0,0.0001833516685001424,473.5975601140735,28.514998936660092,0.012288897645392842,504.09111395114803,active,10,9.90148105104405,9.855437799183793,2,0,0,0,93.84226487421462
2026-06-28T02:25:03.676188,qwen7b-npu7,206.0,2.0,0.0,0.0003667033370003958,452.34711077606795,27.478039487908884,0.011875351274062357,481.706187783218,active,10,9.895186786507834,9.79286565128879,2,0,0,0,101.21412345810481
2026-06-28T02:25:04.692335,qwen7b-npu3,244.0,13.0,0.0,0.0071915913700904,1899.9548857329323,36.40380122658646,0.01819615529492349,2410.9550920026054,active,10,9.564005304731856,9.853915492524866,2,0,0,0,100.45063945084101
2026-06-28T02:25:04.705917,qwen7b-npu4,232.0,1.0,0.0,0.0001833516685001424,436.66069980325375,26.58767143288792,0.011837268309305862,464.76418837840424,active,10,9.882874392215406,9.793478157477761,2,0,0,0,88.94449487426348
2026-06-28T02:25:04.720055,qwen7b-npu5,232.0,1.0,0.0,0.0001833516685001424,392.16689714070026,26.29788838360049,0.011328801723846418,418.4595038150919,active,10,9.884781316243512,9.856326319348259,3,0,0,0,95.3938900305692
2026-06-28T02:25:04.733676,qwen7b-npu6,232.0,2.0,0.0,0.0003667033370003958,428.57246666119016,28.22459663646646,0.012007164565399814,458.2814127851874,active,10,9.890066755883378,9.855823870401368,2,0,0,0,101.0721992291778
2026-06-28T02:25:04.747916,qwen7b-npu7,232.0,2.0,0.0,0.0003667033370003958,409.30903163449517,27.301187839973124,0.011609991331654298,438.0627204845478,active,10,9.869766053010295,9.79350385251768,3,0,0,0,96.0185009571307
2026-06-28T02:25:05.763467,qwen7b-npu3,270.0,14.0,0.0,0.009588788493453793,1724.3588942068595,36.04705480422293,0.017390696650981568,2186.7255784194294,active,10,9.619984502387275,9.787922095353531,3,0,0,0,100.7366740053577
2026-06-28T02:25:05.781499,qwen7b-npu4,258.0,2.0,0.0,0.0003667033370003958,399.3257422779882,26.44975031121903,0.011590968888201533,425.7410302642704,active,10,9.876099258561915,9.85577385760144,2,0,0,0,91.56941298806359
2026-06-28T02:25:05.795127,qwen7b-npu5,258.0,2.0,0.0,0.0003667033370003958,359.3142041864321,26.202308778166486,0.011147478608285886,386.63953936981324,active,10,9.861966373649622,9.793521545867957,2,0,0,0,95.47250194710487
2026-06-28T02:25:05.807130,qwen7b-npu6,258.0,1.0,0.0,0.0001833516685001424,391.91556346508884,27.933213333445853,0.011736228756941386,419.81421052947525,active,10,9.881451645856277,9.855606315774972,3,0,0,0,94.4665681636654
2026-06-28T02:25:05.818834,qwen7b-npu7,259.0,0.0,0.0,0.0,373.77208816498865,27.155392204769115,0.011414555945900236,400.9536343651849,active,10,9.866021362961478,9.854787292815024,2,0,0,0,93.8698237566845
2026-06-28T02:25:06.835859,qwen7b-npu3,295.0,13.0,0.0,0.009404388714733591,1584.7202874846378,35.67194278285783,0.01664837468958496,1995.356404739218,active,10,9.663155404486584,9.792668110784511,3,0,0,0,107.2621088588571
2026-06-28T02:25:06.849806,qwen7b-npu4,284.0,1.0,0.0,0.0001833516685001424,369.1089631805957,26.35921323672451,0.011432052953699406,396.50994139088334,active,10,9.87117733891572,9.856411579977134,2,0,0,0,98.39093182110821
2026-06-28T02:25:06.864162,qwen7b-npu5,284.0,2.0,0.0,0.0003667033370003958,332.6873821271977,26.103068862150792,0.011007226101664148,359.6992357880825,active,10,9.844924166908449,9.793797546684932,3,0,0,0,99.89689959990173
2026-06-28T02:25:06.877037,qwen7b-npu6,284.0,2.0,0.0,0.0003667033370003958,362.4921969964471,27.770141406471605,0.01155960781805385,391.29549033229006,active,10,9.874951310952373,9.855450306240659,2,0,0,0,99.01378406889691
2026-06-28T02:25:06.891106,qwen7b-npu7,284.0,2.0,0.0,0.0003667033370003958,347.29357336608456,27.10528742059888,0.011251664263041618,375.36526990021076,active,10,9.863532088911885,9.856064266763111,2,0,0,0,102.24800740931506
2026-06-28T02:25:07.907352,qwen7b-npu3,320.0,13.0,0.0,0.009404388714733591,1466.855538636446,35.354484773300136,0.016091241185016418,1847.4961771638852,active,10,9.710695829377132,9.853317104048775,2,0,0,0,106.9084870213281
2026-06-28T02:25:07.921758,qwen7b-npu4,309.0,0.0,0.0,0.0,344.8028595316371,26.303939537183247,0.01127881223863687,371.07422436711084,active,10,9.867434412296651,9.856205632439446,2,0,0,0,93.295333419717
2026-06-28T02:25:07.935635,qwen7b-npu5,309.0,1.0,0.0,0.0001833516685001424,311.5378081991449,26.0655418765586,0.010919016209040169,338.3671850353092,active,10,9.831801475597821,9.792433401665942,3,0,0,0,101.81896763109921
2026-06-28T02:25:07.949703,qwen7b-npu6,309.0,1.0,0.0,0.0001833516685001424,338.78631113416554,27.61983746764694,0.01136795459364317,367.2610018160436,active,10,9.854742433862826,9.794115802594186,2,0,0,0,96.02394720862557
2026-06-28T02:25:07.962127,qwen7b-npu7,309.0,1.0,0.0,0.0001833516685001424,325.39937411311377,27.169399763877365,0.011140650421668079,352.59161489295343,active,10,9.861382839222946,9.854935090156129,3,0,0,0,103.77766021291032
2026-06-28T02:25:08.976909,qwen7b-npu3,345.0,13.0,0.0,0.011617186059376783,1366.146429034247,35.11029363857943,0.015600033189808425,1711.5749532396014,active,10,9.746312658335373,9.8531631452101,2,0,0,0,106.49936640879302
2026-06-28T02:25:08.990380,qwen7b-npu4,334.0,2.0,0.0,0.0003667033370003958,324.34964679672333,26.232688417384214,0.011145264197311534,351.2894548811354,active,10,9.86457787797006,9.856008274990282,3,0,0,0,102.18190857980676
2026-06-28T02:25:09.005782,qwen7b-npu5,334.0,2.0,0.0,0.0003667033370003958,293.53390196840206,26.01968866961338,0.010818555510540662,320.2234094923323,active,10,9.821716182608741,9.791460303641502,2,0,0,0,96.06714637994354
2026-06-28T02:25:09.019258,qwen7b-npu6,334.0,2.0,0.0,0.0003667033370003958,318.51588608975896,27.494731696816626,0.011202018021384964,346.7076376035765,active,10,9.855040473756876,9.855934593439029,2,0,0,0,94.98756256175066
2026-06-28T02:25:09.032459,qwen7b-npu7,335.0,2.0,0.0,0.0003667033370003958,305.55195096713396,27.090053826469955,0.011021592764516395,333.36954416629084,active,10,9.84393154834872,9.791577675726048,3,0,0,0,98.93901814247597
2026-06-28T02:25:10.049755,qwen7b-npu3,370.0,14.0,0.0,0.011801585838096984,1279.0461920403145,34.82869938020273,0.01518255474783822,1603.5588468824114,active,10,9.793161482370166,9.853167353187398,3,0,0,0,109.80742554725305
2026-06-28T02:25:10.064725,qwen7b-npu4,359.0,1.0,0.0,0.0001833516685001424,306.6551950980694,26.18467795819167,0.011025389884553153,332.81504476966967,active,10,9.848699692920297,9.855450832535524,3,0,0,0,94.41462799178505
2026-06-28T02:25:10.077253,qwen7b-npu5,359.0,1.0,0.0,0.0001833516685001424,278.06638475912195,25.958605228327322,0.010748637841692102,304.0444206726584,active,10,9.820699669171843,9.792097337774699,2,0,0,0,100.96373750866073
2026-06-28T02:25:10.090413,qwen7b-npu6,359.0,1.0,0.0,0.0001833516685001424,301.4624165293234,27.389455351084834,0.011065693562111005,328.8300216696056,active,10,9.839531568334047,9.792283341767483,2,0,0,0,103.37703877895346
2026-06-28T02:25:10.102311,qwen7b-npu7,360.0,1.0,0.0,0.0001833516685001424,289.2513679133521,27.029818030657932,0.010934922172762323,316.30276507801483,active,10,9.837247670203888,9.855610549752306,2,0,0,0,96.33814132163857
2026-06-28T02:25:11.118638,qwen7b-npu3,373.0,12.0,0.0,0.010695187165775444,1269.2714274408988,34.79014193342118,0.015181442125728072,1660.522451716892,active,10,9.667987145865647,9.292464136352088,11,0,0,0,100.17931823956053
2026-06-28T02:25:11.132119,qwen7b-npu4,373.0,0.0,0.0,0.0,297.64797284839625,26.12423975602997,0.011020659445816197,323.7333080404246,active,10,9.88229825366701,9.983093935907144,0,0,0,0,84.53032046428483
2026-06-28T02:25:11.144939,qwen7b-npu5,372.0,0.0,0.0,0.0,270.52165872307233,25.899047833243905,0.01074339243425657,296.43680651982623,active,10,9.86123349187548,9.982834959986388,0,0,0,0,85.82520006806054
2026-06-28T02:25:11.159113,qwen7b-npu6,373.0,0.0,0.0,0.0,292.69660637781385,27.313895177033086,0.011097656808863456,319.9762428733682,active,10,9.8752164005605,9.982270897239856,1,0,0,0,88.6455138007236
2026-06-28T02:25:11.171450,qwen7b-npu7,373.0,0.0,0.0,0.0,281.4984602838675,26.986613782921253,0.010964407437467254,308.5020713448205,active,10,9.85770108571372,9.919061332243212,0,0,0,0,90.65125408795481
2026-06-28T02:25:12.186282,qwen7b-npu3,373.0,12.0,0.0,0.010695187165775444,1269.2714274408988,34.79014193342118,0.015181442125728072,1660.522451716892,active,10,9.558481393487257,9.229964136352088,12,0,0,0,100.17931823956053
2026-06-28T02:25:12.199783,qwen7b-npu4,374.0,0.0,0.0,0.0,297.0021402134615,26.11662272459928,0.011033010619249255,323.07903651885175,active,10,9.907510590732848,9.983147601930359,0,0,0,0,84.26199034821362
2026-06-28T02:25:12.212786,qwen7b-npu5,373.0,0.0,0.0,0.0,269.94985613682314,25.89343897577771,0.010747592454203765,295.858835087385,active,10,9.891655573904057,9.982921819989791,0,0,0,0,85.3909000510454
2026-06-28T02:25:12.225234,qwen7b-npu6,373.0,0.0,0.0,0.0,292.69660637781385,27.313895177033086,0.011097656808863456,319.9762428733682,active,10,9.902042143652848,9.982519372929891,0,0,0,0,87.4031353505427
2026-06-28T02:25:12.237709,qwen7b-npu7,373.0,0.0,0.0,0.0,281.4984602838675,26.986613782921253,0.010964407437467254,308.5020713448205,active,10,9.888743251580891,9.98186974918241,0,0,0,0,90.65125408795481
2026-06-28T02:25:13.252245,qwen7b-npu3,373.0,12.0,0.0,0.010695187165775444,1269.2714274408988,34.79014193342118,0.015181442125728072,1660.522451716892,active,10,9.476352079203465,9.229964136352088,12,0,0,0,100.17931823956053
2026-06-28T02:25:13.265671,qwen7b-npu4,374.0,0.0,0.0,0.0,297.0021402134615,26.11662272459928,0.011033010619249255,323.07903651885175,active,10,9.926419843532226,9.983147601930359,0,0,0,0,84.26199034821362
2026-06-28T02:25:13.278644,qwen7b-npu5,373.0,0.0,0.0,0.0,269.94985613682314,25.89343897577771,0.010747592454203765,295.858835087385,active,10,9.914472135425491,9.982921819989791,0,0,0,0,85.3909000510454
2026-06-28T02:25:13.290680,qwen7b-npu6,373.0,0.0,0.0,0.0,292.69660637781385,27.313895177033086,0.011097656808863456,319.9762428733682,active,10,9.922161450972109,9.982519372929891,0,0,0,0,87.4031353505427
2026-06-28T02:25:13.302865,qwen7b-npu7,373.0,0.0,0.0,0.0,281.4984602838675,26.986613782921253,0.010964407437467254,308.5020713448205,active,10,9.91202487598127,9.98186974918241,0,0,0,0,90.65125408795481
2026-06-28T02:25:14.316841,qwen7b-npu3,373.0,12.0,0.0,0.010695187165775444,1269.2714274408988,34.79014193342118,0.015181442125728072,1660.522451716892,active,10,9.414755093490621,9.229964136352088,12,0,0,0,100.17931823956053
2026-06-28T02:25:14.330409,qwen7b-npu4,374.0,0.0,0.0,0.0,297.0021402134615,26.11662272459928,0.011033010619249255,323.07903651885175,active,10,9.94060178313176,9.983147601930359,0,0,0,0,84.26199034821362
2026-06-28T02:25:14.343567,qwen7b-npu5,373.0,0.0,0.0,0.0,269.94985613682314,25.89343897577771,0.010747592454203765,295.858835087385,active,10,9.931584556566566,9.982921819989791,0,0,0,0,85.3909000510454
2026-06-28T02:25:14.356112,qwen7b-npu6,373.0,0.0,0.0,0.0,292.69660637781385,27.313895177033086,0.011097656808863456,319.9762428733682,active,10,9.937250931461554,9.982519372929891,0,0,0,0,87.4031353505427
2026-06-28T02:25:14.368663,qwen7b-npu7,373.0,0.0,0.0,0.0,281.4984602838675,26.986613782921253,0.010964407437467254,308.5020713448205,active,10,9.929486094281556,9.98186974918241,0,0,0,0,90.65125408795481
2026-06-28T02:25:15.391060,qwen7b-npu3,399.0,12.0,0.0,0.002581596902083705,1342.7405512721318,38.935140047840164,0.020846454867339895,2637.1152733647546,active,10,9.368557354205988,9.229964136352088,2,0,0,0,2656.7134832725487
2026-06-28T02:25:15.410937,qwen7b-npu4,377.0,1.0,0.0,0.0001833516685001424,295.3819494981032,26.23944268964683,0.011138957492057334,321.58936176755384,active,10,9.95123823783141,9.983147601930359,3,0,0,0,108.69143207087016
2026-06-28T02:25:15.433166,qwen7b-npu5,376.0,1.0,0.0,0.0001833516685001424,268.75980737361505,26.01907083235927,0.010834053150477864,294.790857649864,active,10,9.944418872422371,9.982921819989791,2,0,0,0,135.0526297090348
2026-06-28T02:25:15.458866,qwen7b-npu6,378.0,1.0,0.0,0.0001833516685001424,290.1809675983651,27.462251538539164,0.011161610047411376,318.0916676154503,active,10,9.948568041828638,9.982519372929891,2,0,0,0,125.2841664760102
2026-06-28T02:25:15.484346,qwen7b-npu7,378.0,2.0,0.0,0.0003667033370003958,278.8912619232501,27.022126618104128,0.011050172339425736,306.3724003040506,active,10,9.94258200800677,9.98186974918241,3,0,0,0,99.39401344335593
2026-06-28T02:25:16.501719,qwen7b-npu3,419.0,13.0,0.0,0.002765996680804017,1283.5303616125432,38.859982220427476,0.020542980385430988,2520.120025855567,active,10,9.483601063821286,9.828732192667184,3,0,0,0,155.994802758072
2026-06-28T02:25:16.517927,qwen7b-npu4,398.0,1.0,0.0,0.0001833516685001424,284.70780322300135,26.56981716333105,0.011185620523197694,311.2314370409328,active,10,9.926790311111613,9.853446530952226,2,0,0,0,133.57296075610722
2026-06-28T02:25:16.533775,qwen7b-npu5,398.0,1.0,0.0,0.0001833516685001424,259.2823541344111,26.323644919308844,0.010937546528022507,286.0978736685265,active,10,9.906192671450931,9.791514068536612,3,0,0,0,143.0565957335255
2026-06-28T02:25:16.546192,qwen7b-npu6,398.0,1.0,0.0,0.0001833516685001424,280.1378048844074,27.53112607794934,0.011185856772444549,307.6269950099926,active,10,9.925037232068927,9.854444802789793,2,0,0,0,114.00303179718969
2026-06-28T02:25:16.559224,qwen7b-npu7,399.0,1.0,0.0,0.0001833516685001424,268.59263250403535,27.114979738761022,0.011072326568905942,296.23595314409266,active,10,9.920551601964373,9.854460383837184,2,0,0,0,121.62171681085063
2026-06-28T02:25:17.585801,qwen7b-npu3,440.0,13.0,0.0,0.002765996680804017,1226.5157249840825,38.716723893137456,0.02012692061088333,2396.9097694503926,active,10,9.55961100088104,9.7876408120603,1,0,0,0,145.76026981348286
2026-06-28T02:25:17.618447,qwen7b-npu4,420.0,2.0,0.0,0.0003667033370003958,274.2529670397441,26.796718863973883,0.011228207535741669,301.31218996708037,active,10,9.893240258596899,9.792590101052758,3,0,0,0,155.9250506674561
2026-06-28T02:25:17.635413,qwen7b-npu5,419.0,2.0,0.0,0.0003667033370003958,250.57826406346868,26.6230579616334,0.010890184162083219,277.4883879428846,active,10,9.893402284478997,9.855031123563192,3,0,0,0,154.4715474110737
2026-06-28T02:25:17.656905,qwen7b-npu6,420.0,0.0,0.0,0.0,269.5117405482701,27.65472009770227,0.011122480940511673,297.13041101183205,active,10,9.907423333108683,9.854581636227952,2,0,0,0,127.2443687399657
2026-06-28T02:25:17.689061,qwen7b-npu7,421.0,1.0,0.0,0.0001833516685001424,258.6485127655174,27.23634676671541,0.011081785626066406,286.2740465572902,active,10,9.90412167599914,9.854831898103434,3,0,0,0,122.63334168191138
2026-06-28T02:25:18.704261,qwen7b-npu3,462.0,13.0,0.0,0.0049787940254472085,1172.2435982196362,38.495898415161214,0.01969799113996689,2285.447939236959,active,10,9.614671511626621,9.779853043863366,2,0,0,0,99.06663868458777
2026-06-28T02:25:18.720079,qwen7b-npu4,443.0,1.0,0.0,0.0001833516685001424,264.49750939018304,27.07929273983033,0.011243006658365811,292.0083395496213,active,10,9.86335898341378,9.773715157864425,2,0,0,0,98.78198758691082
2026-06-28T02:25:18.733679,qwen7b-npu5,442.0,1.0,0.0,0.0001833516685001424,242.125990164226,26.906138262347667,0.010929999982543622,269.06001028432024,active,10,9.863210983707603,9.772637081393423,3,0,0,0,99.71540240173421
2026-06-28T02:25:18.747979,qwen7b-npu6,443.0,1.0,0.0,0.0001833516685001424,259.5634250554759,27.665879115194322,0.011169851001280593,287.20097940070366,active,10,9.892046548344556,9.845916194052176,3,0,0,0,97.56485324784163
2026-06-28T02:25:18.760728,qwen7b-npu7,443.0,1.0,0.0,0.0001833516685001424,249.71956377912053,27.292680909736795,0.01112551459222433,277.0424970923913,active,10,9.905312867859772,9.90888644344167,2,0,0,0,98.83773224896191
2026-06-28T02:25:19.777997,qwen7b-npu3,487.0,13.0,0.0,0.0049787940254472085,1116.0047930613682,38.14235829068948,0.019180523216889442,2175.017580704347,active,10,9.67450062413011,9.853987961640573,3,0,0,0,108.0664362330108
2026-06-28T02:25:19.791067,qwen7b-npu4,468.0,1.0,0.0,0.0001833516685001424,254.240856720851,26.97861489102648,0.011139339625919497,281.1941830520956,active,10,9.845628547827049,9.792437241066853,3,0,0,0,101.44640740005339
2026-06-28T02:25:19.805861,qwen7b-npu5,468.0,2.0,0.0,0.0003667033370003958,232.4192335462978,26.81032514338403,0.010865267657645434,259.60765865170725,active,10,9.845853798237846,9.793782241828572,2,0,0,0,95.59383629432045
2026-06-28T02:25:19.818387,qwen7b-npu6,469.0,1.0,0.0,0.0001833516685001424,249.03638632312766,27.550532831266274,0.011087850433461862,276.9676961450495,active,10,9.882876350339066,9.855365756322595,2,0,0,0,91.79318037137992
2026-06-28T02:25:19.832953,qwen7b-npu7,469.0,1.0,0.0,0.0001833516685001424,239.86301849137493,27.186175002163942,0.011039262777853569,267.4343906916105,active,10,9.89267106189569,9.854745644003444,2,0,0,0,99.61302995857105
2026-06-28T02:25:20.848035,qwen7b-npu3,513.0,13.0,0.0,0.0049787940254472085,1063.2270981229074,37.80671747466453,0.018678978049138095,2067.292139530182,active,10,9.703526313605169,9.790603382030348,3,0,0,0,103.68642939153224
2026-06-28T02:25:20.862733,qwen7b-npu4,494.0,2.0,0.0,0.0003667033370003958,244.48366010719948,26.9057296997908,0.011059089133900385,271.71134852008936,active,10,9.83235667009889,9.792541036914411,2,0,0,0,96.18103191018214
2026-06-28T02:25:20.877274,qwen7b-npu5,494.0,1.0,0.0,0.0001833516685001424,223.75192767695376,26.737725809254577,0.010829432040103948,250.84243439757557,active,10,9.8483652542829,9.855899622418063,2,0,0,0,96.91438300826604
2026-06-28T02:25:20.891034,qwen7b-npu6,494.0,2.0,0.0,0.0003667033370003958,240.0802267707794,27.4907862171111,0.011027659255062924,267.86792979520914,active,10,9.876384317791885,9.856908220150341,2,0,0,0,102.38803162610135
2026-06-28T02:25:20.903995,qwen7b-npu7,494.0,1.0,0.0,0.0001833516685001424,231.4432222350889,27.17393077126382,0.01100955055353773,258.6493154286373,active,10,9.882976467843646,9.853892685687512,3,0,0,0,102.4573532798114
2026-06-28T02:25:21.920354,qwen7b-npu3,537.0,14.0,0.0,0.007375991148810601,1019.1369909147976,37.50386211845505,0.01826039890480763,1977.3953411415332,active,10,9.725592787785768,9.791792210327566,2,0,0,0,105.03685974323295
2026-06-28T02:25:21.934772,qwen7b-npu4,518.0,1.0,0.0,0.0001833516685001424,236.34780143678879,26.85191556948705,0.010996430385929738,263.17934916286396,active,10,9.838333912057312,9.856265637932578,3,0,0,0,98.696529218827
2026-06-28T02:25:21.948161,qwen7b-npu5,518.0,2.0,0.0,0.0003667033370003958,216.50239169367492,26.67953828620482,0.010780179881834382,243.47031785164398,active,10,9.850320500082551,9.856186237481507,2,0,0,0,89.71434407860431
2026-06-28T02:25:21.960365,qwen7b-npu6,519.0,1.0,0.0,0.0001833516685001424,232.1672683046962,27.505763890244427,0.010996393089508817,259.6513048991532,active,10,9.8552927564268,9.792018072331548,2,0,0,0,100.53299343092769
2026-06-28T02:25:21.974266,qwen7b-npu7,520.0,1.0,0.0,0.0001833516685001424,223.4986424446106,27.13679741235285,0.010994142554507471,250.97109632914695,active,10,9.876134276348425,9.855607701862763,3,0,0,0,103.17444381766262
2026-06-28T02:25:22.991076,qwen7b-npu3,562.0,14.0,0.0,0.007375991148810601,977.2380509834697,37.22503498474,0.017860912599289985,1892.1278144058201,active,10,9.757815610409047,9.854484078278887,2,0,0,0,109.85773153545794
2026-06-28T02:25:23.005752,qwen7b-npu4,544.0,2.0,0.0,0.0003667033370003958,228.38910844396142,26.803888119705185,0.01093516012164464,255.45754704905698,active,10,9.826888934783705,9.792554002962882,2,0,0,0,99.84256406870048
2026-06-28T02:25:23.020505,qwen7b-npu5,544.0,1.0,0.0,0.0001833516685001424,209.48444876600715,26.618012594781668,0.010716106805223183,236.38894149611667,active,10,9.851609881009702,9.855478023791157,3,0,0,0,97.91540903200023
2026-06-28T02:25:23.034590,qwen7b-npu6,544.0,2.0,0.0,0.0003667033370003958,224.75297705215567,27.452520863785498,0.011005154706597324,252.44922049576846,active,10,9.839852230004855,9.79353065073902,3,0,0,0,104.70601852848566
2026-06-28T02:25:23.047829,qwen7b-npu7,545.0,1.0,0.0,0.0001833516685001424,216.62316059847493,27.104518615828965,0.011007639680910335,244.01635632795447,active,10,9.87076522368079,9.854658065677885,2,0,0,0,102.87076533563945
2026-06-28T02:25:24.063152,qwen7b-npu3,587.0,13.0,0.0,0.0071915913700904,938.9061753144662,36.97202477257739,0.017487745669602258,1814.3286970849651,active,10,9.799597946542084,9.8535353224783,3,0,0,0,106.48354070636844
2026-06-28T02:25:24.079381,qwen7b-npu4,569.0,2.0,0.0,0.0003667033370003958,221.36147495732368,26.732906035217447,0.010866381940809014,248.33338025590064,active,10,9.839355066862236,9.855646548795916,2,0,0,0,93.49819201531672
2026-06-28T02:25:24.093694,qwen7b-npu5,570.0,1.0,0.0,0.0001833516685001424,203.04764822909706,26.55223475213734,0.010656339191532528,229.8778461027229,active,10,9.841607339492683,9.8556194370537,3,0,0,0,98.18011104862444
2026-06-28T02:25:24.105834,qwen7b-npu6,570.0,1.0,0.0,0.0001833516685001424,217.77620608346504,27.422050581797183,0.010938704733645563,245.42883829408456,active,10,9.819065851225359,9.792926790169787,2,0,0,0,105.9199651474741
2026-06-28T02:25:24.120682,qwen7b-npu7,570.0,3.0,0.0,0.0005500550055005382,210.38737087919003,27.0917033133974,0.010997019332317507,237.8514849803817,active,10,9.863689391824577,9.854716428816877,2,0,0,0,104.3303919367141
2026-06-28T02:25:25.135456,qwen7b-npu3,612.0,12.0,0.0,0.007007191591370088,903.646587156782,36.75259825640957,0.017138843359134626,1740.2575031916301,active,10,9.7975127723212,9.791257249658548,2,0,0,0,105.0298081573755
2026-06-28T02:25:25.148123,qwen7b-npu4,594.0,1.0,0.0,0.0001833516685001424,214.99159641137427,26.685641318193547,0.010804590800812747,241.6537771321306,active,10,9.843425429045492,9.855636515595265,3,0,0,0,92.44336554124084
2026-06-28T02:25:25.161461,qwen7b-npu5,594.0,2.0,0.0,0.0003667033370003958,197.63257768419055,26.49581288189613,0.010606438458889712,224.36258925555327,active,10,9.829563871024872,9.79343346562144,2,0,0,0,100.98341180983252
2026-06-28T02:25:25.174012,qwen7b-npu6,595.0,2.0,0.0,0.0003667033370003958,211.63650841272178,27.392122264365128,0.01091529292190488,239.23715637990523,active,10,9.82795542354269,9.854624140494687,3,0,0,0,102.8058598940208
2026-06-28T02:25:25.186912,qwen7b-npu7,595.0,2.0,0.0,0.0003667033370003958,204.48292443732254,27.055496271046646,0.010994239015748131,231.79036238378146,active,10,9.86157137523912,9.85521732548275,2,0,0,0,96.53247726361845
2026-06-28T02:25:26.202033,qwen7b-npu3,637.0,13.0,0.0,0.009404388714733591,871.2863443036282,36.53526936550745,0.01686537984824099,1677.4897896326506,active,10,9.795661544485338,9.790107860977749,3,0,0,0,111.74440225784772
2026-06-28T02:25:26.216388,qwen7b-npu4,619.0,1.0,0.0,0.0001833516685001424,209.04656912475485,26.64625209208371,0.010755069336678264,235.67307476851013,active,10,9.862444228608279,9.919500627296639,3,0,0,0,99.29342556586452
2026-06-28T02:25:26.229595,qwen7b-npu5,619.0,1.0,0.0,0.0001833516685001424,192.44245874284735,26.437455372094686,0.010562927178092133,219.09567877698484,active,10,9.835971330283408,9.855193708059016,2,0,0,0,96.64924873857075
2026-06-28T02:25:26.244150,qwen7b-npu6,619.0,1.0,0.0,0.0001833516685001424,206.23002838048487,27.416573754490006,0.01090068821894962,233.63004747615685,active,10,9.834853387600447,9.855547279773715,2,0,0,0,98.74564460443057
2026-06-28T02:25:26.256028,qwen7b-npu7,620.0,1.0,0.0,0.0001833516685001424,199.21862309978854,27.097034511303544,0.010988487050663905,226.35407332451112,active,10,9.844192522791623,9.79205596544913,2,0,0,0,100.05311936960997
2026-06-28T02:25:27.273574,qwen7b-npu3,662.0,13.0,0.0,0.009404388714733591,841.1955559721887,36.31273472636325,0.01657637752358836,1616.8221986532578,active,10,9.810174421194995,9.853713051323966,2,0,0,0,105.45253391702722
2026-06-28T02:25:27.288282,qwen7b-npu4,644.0,2.0,0.0,0.0003667033370003958,203.6720321785589,26.645595897357317,0.010714244041707755,230.52293516428992,active,10,9.845075504799546,9.792969333373344,2,0,0,0,97.97709305190958
2026-06-28T02:25:27.302673,qwen7b-npu5,644.0,2.0,0.0,0.0003667033370003958,187.72078745113396,26.43136927986835,0.01052283201874328,214.35464744805176,active,10,9.841082179150991,9.85641472575374,3,0,0,0,102.2036390692424
2026-06-28T02:25:27.317089,qwen7b-npu6,645.0,1.0,0.0,0.0001833516685001424,200.89141379955203,27.39796560718725,0.010865088505914467,228.48261365238926,active,10,9.839672472404956,9.854129726818488,2,0,0,0,101.69959400877835
2026-06-28T02:25:27.329803,qwen7b-npu7,645.0,2.0,0.0,0.0003667033370003958,194.4819306218347,27.085581750013617,0.010972414558004264,221.77436040795368,active,10,9.830910859301369,9.791065868830604,3,0,0,0,103.94464058455479
2026-06-28T02:25:28.349933,qwen7b-npu3,686.0,14.0,0.0,0.009588788493453793,814.6664126621391,36.143292255242386,0.016352748879740763,1563.1251101330874,active,10,9.80434630497039,9.786861956296573,3,0,0,0,115.91435363297929
2026-06-28T02:25:28.364531,qwen7b-npu4,669.0,2.0,0.0,0.0003667033370003958,198.72473316164115,26.61169845360272,0.010673428030299791,225.49905819807222,active,10,9.831808566475113,9.792007751501815,2,0,0,0,93.8391058118776
2026-06-28T02:25:28.378514,qwen7b-npu5,669.0,1.0,0.0,0.0001833516685001424,183.31776463575605,26.377987249922416,0.010514014946804994,209.88720726824093,active,10,9.8446388649768,9.855308922454222,2,0,0,0,94.40326724074136
2026-06-28T02:25:28.390556,qwen7b-npu6,669.0,1.0,0.0,0.0001833516685001424,196.33129145532448,27.366033938672114,0.010836049424431045,223.84615858157952,active,10,9.843295224168308,9.854163479458366,2,0,0,0,99.3448617304733
2026-06-28T02:25:28.406171,qwen7b-npu7,670.0,1.0,0.0,0.0001833516685001424,190.00998005938175,27.061865916435472,0.010959023841936488,217.10178211553773,active,10,9.836695527157676,9.8540495307266,3,0,0,0,101.00222879056498
2026-06-28T02:25:29.422258,qwen7b-npu3,711.0,14.0,0.0,0.011801585838096984,788.7103956627611,35.96397602762743,0.016107521491708302,1510.9047531056883,active,10,9.800855767679197,9.790384155805622,3,0,0,0,106.60087877003573
2026-06-28T02:25:29.441017,qwen7b-npu4,694.0,1.0,0.0,0.0001833516685001424,194.0876046243937,26.597601419303377,0.010637897581960107,220.66893735605288,active,10,9.83761123807007,9.855019252854941,2,0,0,0,101.31559109482085
2026-06-28T02:25:29.454985,qwen7b-npu5,694.0,1.0,0.0,0.0001833516685001424,179.24352819019504,26.36124176760426,0.010494014407336055,205.76252187313284,active,10,9.847326913748494,9.855391060063582,2,0,0,0,97.74473598149089
2026-06-28T02:25:29.467128,qwen7b-npu6,694.0,1.0,0.0,0.0001833516685001424,191.76368376707137,27.349309840102705,0.010811500022530365,219.09770154815587,active,10,9.831026749027739,9.79422132360603,3,0,0,0,103.91380098050854
2026-06-28T02:25:29.479176,qwen7b-npu7,695.0,2.0,0.0,0.0003667033370003958,185.77745938472611,27.066565282439115,0.010947949536386623,213.0151131654679,active,10,9.841207573422963,9.854743712218824,2,0,0,0,109.9654078664336
2026-06-28T02:25:30.497286,qwen7b-npu3,735.0,15.0,0.0,0.0031347962382445305,765.7912257577286,35.8008926128401,0.01715053346617615,1699.9781144754947,active,10,9.813902810030399,9.853043937084008,4,0,0,0,131.48165935851037
2026-06-28T02:25:30.509993,qwen7b-npu4,718.0,1.0,0.0,0.0001833516685001424,189.96194677432598,26.564159484682182,0.010620451155413735,216.50956699775122,active,10,9.84204914094057,9.85536284955207,2,0,0,0,100.3664142374984
2026-06-28T02:25:30.522102,qwen7b-npu5,718.0,2.0,0.0,0.0003667033370003958,175.62188577519152,26.323174071054595,0.01046314224936237,202.1004126161711,active,10,9.833827680290767,9.793329979917582,2,0,0,0,102.70168253404503
2026-06-28T02:25:30.533764,qwen7b-npu6,718.0,1.0,0.0,0.0001833516685001424,187.89168785541503,27.37786181480214,0.010809013930513863,215.2548822519839,active,10,9.836595748417778,9.853302746587893,2,0,0,0,101.74274905609421
2026-06-28T02:25:30.546694,qwen7b-npu7,719.0,2.0,0.0,0.0003667033370003958,182.02884372981765,27.10660079529161,0.010929967929845194,209.31619156701984,active,10,9.82883427818567,9.791714392473793,2,0,0,0,102.0421346778079
2026-06-28T02:25:31.561446,qwen7b-npu3,772.0,14.0,0.0,0.0029503964595242183,733.8997937854708,35.616772128601546,0.016988909138467505,1645.5777492447805,active,10,9.808056858910303,9.790519005550017,3,0,0,0,107.68181130634851
2026-06-28T02:25:31.575325,qwen7b-npu4,743.0,1.0,0.0,0.0001833516685001424,186.0919053268946,26.541139074120196,0.010599049763387505,212.78511353258816,active,10,9.845289309907347,9.855009816807678,3,0,0,0,108.35991720179047
2026-06-28T02:25:31.589156,qwen7b-npu5,742.0,1.0,0.0,0.0001833516685001424,172.1874661844053,26.298155017446827,0.01043332208990059,198.50008282057357,active,10,9.8392631259409,9.8555694628913,2,0,0,0,96.02885634500943
2026-06-28T02:25:31.603301,qwen7b-npu6,743.0,1.0,0.0,0.0001833516685001424,184.0660735704055,27.353571037778693,0.010775167117015498,211.55702617933164,active,10,9.825373858085992,9.791708187090633,2,0,0,0,101.94678515277059
2026-06-28T02:25:31.616120,qwen7b-npu7,744.0,1.0,0.0,0.0001833516685001424,178.38212046571957,27.07355112250501,0.010909016121039105,205.6181758120756,active,10,9.835370505552522,9.854979187653075,2,0,0,0,103.0625496106882
2026-06-28T02:25:32.632035,qwen7b-npu3,797.0,14.0,0.0,0.0029503964595242183,713.4577647655492,35.486431966034,0.016766431167989326,1596.656244324178,active,10,9.803605566520888,9.79025168935264,2,0,0,0,115.278857781364
2026-06-28T02:25:32.646832,qwen7b-npu4,768.0,1.0,0.0,0.0001833516685001424,182.2584100688497,26.510462889163904,0.01057479520517461,208.90038078735827,active,10,9.847907473720811,9.855761965161202,3,0,0,0,96.05351769602095
2026-06-28T02:25:32.659269,qwen7b-npu5,767.0,1.0,0.0,0.0001833516685001424,168.8376337173243,26.26709511988211,0.010435379400290488,195.11460791666164,active,10,9.82774648323859,9.793196555131662,2,0,0,0,96.5305653343751
2026-06-28T02:25:32.671681,qwen7b-npu6,768.0,1.0,0.0,0.0001833516685001424,180.45557414491972,27.321693040458815,0.010741766617289468,207.90295153273442,active,10,9.832596806640543,9.854265652304198,2,0,0,0,98.09781681564898
2026-06-28T02:25:32.684799,qwen7b-npu7,769.0,1.0,0.0,0.0001833516685001424,174.9598490091232,27.042678589864977,0.010894545548959892,202.17307408650717,active,10,9.840023637177737,9.853983032053383,3,0,0,0,100.25096425451086
2026-06-28T02:25:33.702224,qwen7b-npu3,822.0,13.0,0.0,0.0049787940254472085,694.0399495354535,35.30635961676777,0.016535082856082094,1550.4939962818537,active,10,9.800437231754906,9.79093222745696,3,0,0,0,109.63268583235657
2026-06-28T02:25:33.716242,qwen7b-npu4,793.0,1.0,0.0,0.0001833516685001424,178.63750427698278,26.47593424493644,0.010554319359094606,205.2340227546114,active,10,9.850031841643183,9.8564049454103,2,0,0,0,94.90559949828454
2026-06-28T02:25:33.729391,qwen7b-npu5,793.0,1.0,0.0,0.0001833516685001424,165.55039819522582,26.22537411987724,0.01041793812975003,191.90329162761418,active,10,9.834816292816157,9.85602572154886,2,0,0,0,92.13586251965594
2026-06-28T02:25:33.741471,qwen7b-npu6,793.0,1.0,0.0,0.0001833516685001424,177.1214546501862,27.308836445180948,0.010713287512478178,204.416064265998,active,10,9.838099158857593,9.854606215508742,3,0,0,0,102.55938347282091
2026-06-28T02:25:33.754548,qwen7b-npu7,794.0,1.0,0.0,0.0001833516685001424,171.8064171240972,27.032247588930023,0.010879232011903384,198.98907173175982,active,10,9.828047162357976,9.792117737898696,2,0,0,0,102.89846988450536
2026-06-28T02:25:34.785732,qwen7b-npu3,844.0,13.0,0.0,0.0049787940254472085,678.0864596366882,35.226608094107604,0.016369619043661472,1510.7910378048052,active,10,9.79814474965262,9.79126730334576,2,0,0,0,123.71325685281413
2026-06-28T02:25:34.800876,qwen7b-npu4,815.0,1.0,0.0,0.0001833516685001424,175.78832678999638,26.5168319410838,0.010548311565464156,202.29037056671328,active,10,9.851296041135027,9.855088639610562,3,0,0,0,103.62447970914434
2026-06-28T02:25:34.815858,qwen7b-npu5,816.0,2.0,0.0,0.0003667033370003958,162.97834293515072,26.260160745942517,0.010416429419144758,189.3342611979853,active,10,9.840111380334985,9.855996642891473,3,0,0,0,108.20027000810848
2026-06-28T02:25:34.830180,qwen7b-npu6,816.0,2.0,0.0,0.0003667033370003958,174.50198151317298,27.341441678561225,0.010722011050632212,201.92188192730302,active,10,9.826538949777792,9.79185832253839,2,0,0,0,116.45677602590426
2026-06-28T02:25:34.845939,qwen7b-npu7,817.0,2.0,0.0,0.0003667033370003958,169.14882712440073,27.060957872578786,0.010882395804847143,196.34393208167134,active,10,9.83451614472491,9.853923091825715,2,0,0,0,109.29724086692727
2026-06-28T02:25:35.860915,qwen7b-npu3,867.0,13.0,0.0,0.0049787940254472085,662.5678627273753,35.19335889668135,0.016269232804256586,1473.5007804736758,active,10,9.811200683459424,9.850368484879837,2,0,0,0,119.84217937141129
2026-06-28T02:25:35.877353,qwen7b-npu4,838.0,1.0,0.0,0.0001833516685001424,173.18525063963094,26.551798208802516,0.010564887740172509,199.72007883477042,active,10,9.851868422285499,9.853585565736916,3,0,0,0,105.95242832000882
2026-06-28T02:25:35.890536,qwen7b-npu5,838.0,1.0,0.0,0.0001833516685001424,160.78219208910812,26.310615306624804,0.01046649400159541,187.10342455024082,active,10,9.843410656315108,9.853308484255475,2,0,0,0,107.3820604058299
2026-06-28T02:25:35.902977,qwen7b-npu6,839.0,2.0,0.0,0.0003667033370003958,171.8420269094292,27.374252828196063,0.010728878282699045,199.32180913365258,active,10,9.83310264361106,9.85279372511086,3,0,0,0,104.89737624159348
2026-06-28T02:25:35.918278,qwen7b-npu7,840.0,2.0,0.0,0.0003667033370003958,166.6345653079805,27.06842192017096,0.010882998789334282,193.84575827897518,active,10,9.807815719869145,9.727714445301853,2,0,0,0,94.51072798437072
2026-06-28T02:25:36.934085,qwen7b-npu3,886.0,15.0,0.0,0.007560390927530913,650.457676861679,35.21722993687124,0.016192035565330387,1445.8367294735378,active,10,9.821478811935952,9.852313197365538,4,0,0,0,153.99451747597595
2026-06-28T02:25:36.949442,qwen7b-npu4,858.0,1.0,0.0,0.0001833516685001424,171.40845457712808,26.81187505474993,0.010609249336078399,198.1996072755827,active,10,9.836743949866749,9.7913705326105,2,0,0,0,145.26483335802652
2026-06-28T02:25:36.962965,qwen7b-npu5,858.0,0.0,0.0,0.0,159.1801179316772,26.427512059381286,0.010500166631901543,185.61678944212017,active,10,9.846128128462144,9.854280544903258,2,0,0,0,141.50932285508594
2026-06-28T02:25:36.975750,qwen7b-npu6,858.0,1.0,0.0,0.0001833516685001424,169.93809552181574,27.43542080423093,0.01073342774427384,197.36311902533043,active,10,9.822833583365698,9.792026402629615,2,0,0,0,126.8949005377615
2026-06-28T02:25:36.988628,qwen7b-npu7,859.0,1.0,0.0,0.0001833516685001424,164.7709581710407,27.11569968650723,0.010915975508396514,192.01896963141738,active,10,9.819939655795938,9.856311463576318,2,0,0,0,125.56964186850392
2026-06-28T02:25:38.005575,qwen7b-npu3,912.0,13.0,0.0,0.0071915913700904,634.1232432608019,35.05857597463966,0.016016121165497072,1405.672213236491,active,10,9.83415427776238,9.854480480221405,2,0,0,0,102.59759889297553
2026-06-28T02:25:38.019527,qwen7b-npu4,884.0,1.0,0.0,0.0001833516685001424,168.2283684139338,26.761227642503595,0.010576365322398225,194.96953244662393,active,10,9.831767690696395,9.856811600589095,2,0,0,0,90.94199705452257
2026-06-28T02:25:38.032838,qwen7b-npu5,884.0,2.0,0.0,0.0003667033370003958,156.53630349431103,26.395811095084362,0.0104729818552126,183.04022360226037,active,10,9.848786070673711,9.854707429976216,3,0,0,0,101.46285011891712
2026-06-28T02:25:38.045055,qwen7b-npu6,884.0,1.0,0.0,0.0001833516685001424,167.0198300305535,27.39727657583845,0.010707572402671714,194.40693607157712,active,10,9.83609466652798,9.854881379849603,3,0,0,0,100.59310075198294
2026-06-28T02:25:38.057452,qwen7b-npu7,885.0,2.0,0.0,0.0003667033370003958,162.08513496959276,27.107390296402226,0.010903833696512797,189.3345406152544,active,10,9.806967364347164,9.791781466558,2,0,0,0,101.2495004074986
2026-06-28T02:25:39.091766,qwen7b-npu3,933.0,13.0,0.0,0.0071915913700904,621.8585620483528,35.02065672343641,0.01591428158265088,1377.7075371016626,active,10,9.836963012634074,9.845389217249156,2,0,0,0,154.6574353156642
2026-06-28T02:25:39.110729,qwen7b-npu4,903.0,1.0,0.0,0.0001833516685001424,166.6458236550704,26.966550071941118,0.010599975594977414,193.59291616336318,active,10,9.818186690885815,9.777443691454074,2,0,0,0,186.35505528541276
2026-06-28T02:25:39.139236,qwen7b-npu5,903.0,2.0,0.0,0.0003667033370003958,155.13264354017224,26.595359480009385,0.010557752753577728,181.74712620923367,active,10,9.830892458998495,9.777211623972846,3,0,0,0,180.51066010182564
2026-06-28T02:25:39.164716,qwen7b-npu6,905.0,1.0,0.0,0.0001833516685001424,165.07743155758683,27.480164814205956,0.010720381634257089,192.61939309339607,active,10,9.839050000677627,9.847916003126565,2,0,0,0,136.3597382753771
2026-06-28T02:25:39.199162,qwen7b-npu7,905.0,1.0,0.0,0.0001833516685001424,160.4295511930687,27.244408582340416,0.010938199983236961,187.70810912327212,active,10,9.816692424537793,9.845867605109678,2,0,0,0,144.57848083870772
2026-06-28T02:25:40.216032,qwen7b-npu3,955.0,13.0,0.0,0.0071915913700904,609.4122147684947,34.94138767341194,0.015806247135967486,1346.8759598433655,active,10,9.84095042837943,9.852912675615494,3,0,0,0,97.70256360075638
2026-06-28T02:25:40.231012,qwen7b-npu4,927.0,2.0,0.0,0.0003667033370003958,164.73298113965936,27.05784300428948,0.010640453513452459,191.8780244967335,active,10,9.827278302052385,9.854553135552095,2,0,0,0,99.90877568770088
2026-06-28T02:25:40.245183,qwen7b-npu5,926.0,1.0,0.0,0.0001833516685001424,153.44535686542355,26.73236895353938,0.010652435196653615,180.1846436753901,active,10,9.821172671699815,9.792013309803773,3,0,0,0,105.64283651212538
2026-06-28T02:25:40.258928,qwen7b-npu6,927.0,2.0,0.0,0.0003667033370003958,163.01817261285382,27.509656357487316,0.010732838016978443,190.60534148700296,active,10,9.842648531781515,9.85344412509318,2,0,0,0,100.33103809744676
2026-06-28T02:25:40.275577,qwen7b-npu7,928.0,1.0,0.0,0.0001833516685001424,158.38769849004416,27.262668476830008,0.010957004301765624,185.7696070768815,active,10,9.82590773395268,9.853553662197342,2,0,0,0,104.87114885764582
2026-06-28T02:25:41.290542,qwen7b-npu3,981.0,14.0,0.0,0.009588788493453793,595.3375739059682,34.83819013835349,0.015657689105443923,1314.8796982016445,active,10,9.82863916854392,9.791705389037386,3,0,0,0,113.49953029828708
2026-06-28T02:25:41.306228,qwen7b-npu4,952.0,2.0,0.0,0.0003667033370003958,162.26600047920934,27.024532790709934,0.010617339591124535,189.36366638801326,active,10,9.834190966049528,9.854928958040958,2,0,0,0,98.91608763562769
2026-06-28T02:25:41.319444,qwen7b-npu5,952.0,2.0,0.0,0.0003667033370003958,151.25857155863977,26.717779466841616,0.010638093575467987,178.05873532901927,active,10,9.813956396913657,9.792307572555183,3,0,0,0,99.40275134943025
2026-06-28T02:25:41.331983,qwen7b-npu6,952.0,1.0,0.0,0.0001833516685001424,160.53351734866615,27.483745491629048,0.010722039913911003,188.00152600312433,active,10,9.846026825422836,9.856161706346798,2,0,0,0,97.61231928086949
2026-06-28T02:25:41.346013,qwen7b-npu7,953.0,1.0,0.0,0.0001833516685001424,156.09844909259678,27.244429724813767,0.010943577713422338,183.45847400296637,active,10,9.8333731184021,9.855769271750358,2,0,0,0,96.31865963194824
2026-06-28T02:25:42.361410,qwen7b-npu3,1005.0,13.0,0.0,0.009404388714733591,582.974118854276,34.72136252548815,0.015502855041333261,1284.462405115456,active,10,9.834767476599023,9.85315240076433,3,0,0,0,108.864675200289
2026-06-28T02:25:42.377284,qwen7b-npu4,977.0,1.0,0.0,0.0001833516685001424,159.93167678067726,26.986557856519944,0.010607430276948314,186.9949715547874,active,10,9.823822244156677,9.792716078478122,3,0,0,0,94.96677679281493
2026-06-28T02:25:42.390834,qwen7b-npu5,976.0,1.0,0.0,0.0001833516685001424,149.22350156502645,26.689178776607267,0.01061616596610397,175.91184035676423,active,10,9.824321686800973,9.85541755646292,2,0,0,0,94.2822385700293
2026-06-28T02:25:42.403454,qwen7b-npu6,977.0,1.0,0.0,0.0001833516685001424,158.41857413308526,27.514102726466962,0.010718331962335306,186.01286069291535,active,10,9.847632618217506,9.852449996601521,2,0,0,0,98.50974210915092
2026-06-28T02:25:42.416570,qwen7b-npu7,977.0,2.0,0.0,0.0003667033370003958,154.18234501060712,27.25012572850797,0.010942437495300585,181.55338896102595,active,10,9.822482799397566,9.78981184238396,2,0,0,0,102.00649496377028
2026-06-28T02:25:43.436532,qwen7b-npu3,1030.0,13.0,0.0,0.009404388714733591,570.7948247205863,34.617084963500076,0.015376162292406462,1256.7530578568271,active,10,9.823633470244584,9.790231451181269,3,0,0,0,119.66095702170038
2026-06-28T02:25:43.450535,qwen7b-npu4,1002.0,1.0,0.0,0.0001833516685001424,157.6523469117825,26.956592315651253,0.010586879062765212,184.68593193458153,active,10,9.831771358871107,9.855618703014397,2,0,0,0,99.27995226062369
2026-06-28T02:25:43.463674,qwen7b-npu5,1001.0,2.0,0.0,0.0003667033370003958,147.28294028626098,26.668499368970515,0.010607307995087467,174.01420331001282,active,10,9.81625321948885,9.79204781755248,2,0,0,0,96.19526350644972
2026-06-28T02:25:43.476840,qwen7b-npu6,1002.0,1.0,0.0,0.0001833516685001424,156.26727368779285,27.481192602423548,0.01069501996715809,183.81586298718676,active,10,9.849665926554074,9.855765851563781,2,0,0,0,101.48276068501626
2026-06-28T02:25:43.490617,qwen7b-npu7,1002.0,2.0,0.0,0.0003667033370003958,152.18452731530346,27.22821585416818,0.010932079919269186,179.52375621586054,active,10,9.83036190065766,9.853999204437947,3,0,0,0,102.00212131378039
2026-06-28T02:25:44.507708,qwen7b-npu3,1055.0,13.0,0.0,0.011617186059376783,559.0883537491351,34.48974395424479,0.01522218412783846,1228.0504442929994,active,10,9.815264935015389,9.790159329327802,3,0,0,0,107.67404695358984
2026-06-28T02:25:44.522367,qwen7b-npu4,1026.0,1.0,0.0,0.0001833516685001424,155.56788816321895,26.92565564714129,0.010570203638932855,182.47707824260868,active,10,9.822128936411858,9.793201669034108,3,0,0,0,97.67519375206378
2026-06-28T02:25:44.535787,qwen7b-npu5,1026.0,1.0,0.0,0.0001833516685001424,145.4148304160343,26.644107065342435,0.010592818537744034,172.12089585094918,active,10,9.826305090783167,9.856460704666121,2,0,0,0,97.07639708671917
2026-06-28T02:25:44.548601,qwen7b-npu6,1026.0,1.0,0.0,0.0001833516685001424,154.34024859125387,27.45108478365542,0.010668807001663037,181.77340718505445,active,10,9.850727537221378,9.85391236922329,2,0,0,0,95.99004251504128
2026-06-28T02:25:44.562224,qwen7b-npu7,1027.0,2.0,0.0,0.0003667033370003958,150.23602854311758,27.222691886960114,0.010921144250112716,177.56483568782693,active,10,9.836552297675428,9.855123488728731,2,0,0,0,100.00365434077816
2026-06-28T02:25:45.577928,qwen7b-npu3,1081.0,14.0,0.0,0.011801585838096984,547.4351447120406,34.37064137105328,0.015083379254433106,1201.7155925879317,active,10,9.824805122547565,9.85342568514409,2,0,0,0,101.37853326542783
2026-06-28T02:25:45.593921,qwen7b-npu4,1052.0,1.0,0.0,0.0001833516685001424,153.36997993998656,26.89038689148948,0.010549010400222587,180.33310915604872,active,10,9.830518017534036,9.855685260900572,2,0,0,0,91.05706381652234
2026-06-28T02:25:45.607530,qwen7b-npu5,1051.0,1.0,0.0,0.0001833516685001424,143.62831936917001,26.616064353921224,0.010574176982251198,170.24911051132247,active,10,9.833214791047375,9.853943891839995,3,0,0,0,95.3597930058046
2026-06-28T02:25:45.620128,qwen7b-npu6,1052.0,1.0,0.0,0.0001833516685001424,152.2483327089607,27.425797202489317,0.010650225264826318,179.65547508159972,active,10,9.836086062127379,9.792161636845378,3,0,0,0,97.4869633303638
2026-06-28T02:25:45.634361,qwen7b-npu7,1053.0,1.0,0.0,0.0001833516685001424,148.31890000237357,27.20797326712805,0.010913856461820788,175.64471502267816,active,10,9.825285536489321,9.791485252930999,2,0,0,0,98.54061507249729
2026-06-28T02:25:46.650950,qwen7b-npu3,1117.0,14.0,0.0,0.0029503964595242183,533.2960775097033,34.275806153583304,0.015477727415139047,1333.6646027755046,active,10,9.800659346154902,9.728222016976911,3,0,0,0,113.28229013970547
2026-06-28T02:25:46.666156,qwen7b-npu4,1076.0,1.0,0.0,0.0001833516685001424,151.56609085855874,26.86131407623856,0.010528533890718854,178.48758586617402,active,10,9.836651145606144,9.855050529822464,2,0,0,0,101.92072860387128
2026-06-28T02:25:46.679350,qwen7b-npu5,1076.0,1.0,0.0,0.0001833516685001424,141.96822390680418,26.595248879968366,0.010560809317867943,168.63120766573175,active,10,9.838790005285034,9.85551564799801,3,0,0,0,101.03291912841446
2026-06-28T02:25:46.694043,qwen7b-npu6,1076.0,1.0,0.0,0.0001833516685001424,150.50954535104972,27.426534319085984,0.01064077858626301,177.98971597538437,active,10,9.840591102491544,9.854106223584044,2,0,0,0,103.7628255970728
2026-06-28T02:25:46.706657,qwen7b-npu7,1077.0,1.0,0.0,0.0001833516685001424,146.66558463150633,27.1963318624756,0.010909151488504602,173.97132039513286,active,10,9.832579471611858,9.854461276979467,2,0,0,0,101.10683206422523
2026-06-28T02:25:47.722727,qwen7b-npu3,1141.0,15.0,0.0,0.0031347962382445305,523.7893257926787,34.2045095802128,0.015359319500105965,1308.6531314579067,active,10,9.7983456933975,9.7914047351253,4,0,0,0,121.64952678033542
2026-06-28T02:25:47.737999,qwen7b-npu4,1101.0,1.0,0.0,0.0001833516685001424,149.71092849509702,26.830830739953935,0.010504150850465521,176.6054298660972,active,10,9.841291781617961,9.85521368965341,2,0,0,0,99.19879192646924
2026-06-28T02:25:47.752060,qwen7b-npu5,1101.0,1.0,0.0,0.0001833516685001424,140.3265166131071,26.56773278178827,0.01053727546770295,166.96872927925804,active,10,9.842828619831847,9.854944463472284,2,0,0,0,100.95053540052635
2026-06-28T02:25:47.766703,qwen7b-npu6,1101.0,1.0,0.0,0.0001833516685001424,148.7855809477651,27.4192357727423,0.010626062711790755,176.2573476271196,active,10,9.828154367818424,9.790844163799063,2,0,0,0,102.34377307952293
2026-06-28T02:25:47.779651,qwen7b-npu7,1101.0,1.0,0.0,0.0001833516685001424,144.99236604065163,27.19212539329843,0.01089573298312058,172.21826688470244,active,10,9.838061631450765,9.854508110967489,2,0,0,0,100.48197522717257
2026-06-28T02:25:48.794602,qwen7b-npu3,1167.0,13.0,0.0,0.0049787940254472085,513.7870652918746,34.08969843761906,0.015222201793095767,1279.507339981211,active,10,9.796441946572322,9.790730706096785,3,0,0,0,109.49360814979462
2026-06-28T02:25:48.808054,qwen7b-npu4,1126.0,1.0,0.0,0.0001833516685001424,147.92825400723444,26.796034241510057,0.010476977736717066,174.71761982987235,active,10,9.844773072220375,9.855216944027617,2,0,0,0,99.13438981815564
2026-06-28T02:25:48.822484,qwen7b-npu5,1125.0,1.0,0.0,0.0001833516685001424,138.80453448825412,26.54100858308892,0.010518039127216779,165.34946907891168,active,10,9.830490596864767,9.793476527963525,3,0,0,0,93.88858506446874
2026-06-28T02:25:48.835998,qwen7b-npu6,1126.0,2.0,0.0,0.0003667033370003958,147.06998819991495,27.39947204800814,0.010607886212205308,174.5260550181071,active,10,9.834749049799594,9.854533095743104,2,0,0,0,102.11218942041941
2026-06-28T02:25:48.850622,qwen7b-npu7,1127.0,1.0,0.0,0.0001833516685001424,143.32646591640088,27.175833906772212,0.010885090606226536,170.6005707515493,active,10,9.841992920573663,9.853786787942354,2,0,0,0,100.58232361152656
2026-06-28T02:25:49.871182,qwen7b-npu3,1192.0,14.0,0.0,0.00516319380416741,504.5920852446716,33.975243650210764,0.015098232260073528,1255.5643141118019,active,10,9.810755761209496,9.853697205121016,3,0,0,0,106.47354675446681
2026-06-28T02:25:49.885787,qwen7b-npu4,1152.0,1.0,0.0,0.0001833516685001424,146.16473122603364,26.757244544698995,0.010458383085824132,172.97734911808442,active,10,9.847302073514607,9.854889077397303,3,0,0,0,99.91104085473134
2026-06-28T02:25:49.898655,qwen7b-npu5,1152.0,1.0,0.0,0.0001833516685001424,137.1509956402911,26.507546963480376,0.010499414448594176,163.72680912630958,active,10,9.836425297493758,9.85422939938073,2,0,0,0,93.20501568419337
2026-06-28T02:25:49.910913,qwen7b-npu6,1152.0,1.0,0.0,0.0001833516685001424,145.40471985108323,27.382810738496858,0.010591400508838847,172.83749932521948,active,10,9.82411666052488,9.792219492700738,2,0,0,0,101.20482940197081
2026-06-28T02:25:49.923050,qwen7b-npu7,1152.0,1.0,0.0,0.0001833516685001424,141.77968559993636,27.156206022596052,0.010874620676935997,168.97120595806174,active,10,9.845085291766303,9.854362405344219,2,0,0,0,99.2800138094024
2026-06-28T02:25:50.937572,qwen7b-npu3,1217.0,13.0,0.0,0.0049787940254472085,495.75113094332966,33.86867390429244,0.01498312453635006,1230.66651336385,active,10,9.82176397827292,9.854788629463194,2,0,0,0,97.05902382168601
2026-06-28T02:25:50.951308,qwen7b-npu4,1177.0,2.0,0.0,0.0003667033370003958,144.597730903982,26.72646426781841,0.010443469336121556,171.38185894408196,active,10,9.849160515427121,9.854735841164661,2,0,0,0,100.30820166372811
2026-06-28T02:25:50.963933,qwen7b-npu5,1177.0,2.0,0.0,0.0003667033370003958,135.6872363726568,26.479949948095186,0.010478255126454438,162.22472722027578,active,10,9.84152016263323,9.856804758051647,3,0,0,0,91.40600332719173
2026-06-28T02:25:50.976419,qwen7b-npu6,1177.0,2.0,0.0,0.0003667033370003958,143.91567490317607,27.376185575684804,0.010581262754725821,171.34233944270073,active,10,9.815996571648462,9.791636305019209,2,0,0,0,104.24954414922436
2026-06-28T02:25:50.991634,qwen7b-npu7,1177.0,2.0,0.0,0.0003667033370003958,140.21358980196658,27.137513843565078,0.010866934542496076,167.43580459737453,active,10,9.832070074783434,9.793024423834831,2,0,0,0,98.63595532204262
2026-06-28T02:25:52.008451,qwen7b-npu3,1242.0,13.0,0.0,0.0071915913700904,487.390393604211,33.79431032631552,0.014882657498239098,1208.7607653379634,active,10,9.820164780502326,9.790432373575179,3,0,0,0,111.53734909307879
2026-06-28T02:25:52.021763,qwen7b-npu4,1202.0,1.0,0.0,0.0001833516685001424,143.04358372077368,26.70588519812752,0.010449476215245317,169.81890953946967,active,10,9.851747905913708,9.855246886630981,2,0,0,0,96.33192513381984
2026-06-28T02:25:52.036206,qwen7b-npu5,1201.0,1.0,0.0,0.0001833516685001424,134.35703868373645,26.45612753996526,0.010472473356154902,160.87895492712656,active,10,9.847898120505379,9.855974528971055,2,0,0,0,95.12735514472509
2026-06-28T02:25:52.049017,qwen7b-npu6,1201.0,1.0,0.0,0.0001833516685001424,142.53641524779408,27.38025271191252,0.010571602830595665,169.9070664468554,active,10,9.844460464362678,9.85425274495846,2,0,0,0,103.73627520769944
2026-06-28T02:25:52.061072,qwen7b-npu7,1203.0,1.0,0.0,0.0001833516685001424,138.76606619367973,27.136411040786918,0.010862709663366896,166.00344343709074,active,10,9.830394161421136,9.854839370720121,2,0,0,0,97.31360979954759
2026-06-28T02:25:53.081959,qwen7b-npu3,1267.0,14.0,0.0,0.007375991148810601,479.30958615388096,33.700357462245314,0.014771147580119035,1186.7777232728315,active,10,9.81307020889279,9.791786494064187,2,0,0,0,106.05467294447367
2026-06-28T02:25:53.096730,qwen7b-npu4,1227.0,2.0,0.0,0.0003667033370003958,141.5471634246901,26.673448493437945,0.01042758721851996,168.2788658686602,active,10,9.852564311856122,9.855013529683367,3,0,0,0,98.94901368737057
2026-06-28T02:25:53.110163,qwen7b-npu5,1227.0,1.0,0.0,0.0001833516685001424,132.98148728038785,26.42895476342561,0.010458066098140949,159.46867959923298,active,10,9.84989647158514,9.85589152482442,2,0,0,0,98.71289893132132
2026-06-28T02:25:53.122150,qwen7b-npu6,1227.0,1.0,0.0,0.0001833516685001424,141.06110955217358,27.35220577651519,0.010562916804627488,168.4583742505769,active,10,9.846758906723217,9.85365423380483,2,0,0,0,105.32221742391417
2026-06-28T02:25:53.134696,qwen7b-npu7,1228.0,1.0,0.0,0.0001833516685001424,137.3849841204839,27.11846642544203,0.010860806044554316,164.58784669224772,active,10,9.8210224220513,9.792907203941791,3,0,0,0,100.40142641370878
2026-06-28T02:25:54.150521,qwen7b-npu3,1292.0,13.0,0.0,0.0071915913700904,471.6264575996635,33.63058835996952,0.014676844580208126,1164.9128168821335,active,10,9.823205292171735,9.853610542008573,3,0,0,0,104.29257545066552
2026-06-28T02:25:54.164570,qwen7b-npu4,1252.0,1.0,0.0,0.0001833516685001424,140.04857985737223,26.642641781737847,0.010410345276119,166.74435700920463,active,10,9.853622154747908,9.856795683423265,2,0,0,0,91.4223211467894
2026-06-28T02:25:54.177419,qwen7b-npu5,1252.0,1.0,0.0,0.0001833516685001424,131.62427645521805,26.402992450007247,0.010446795398446855,158.09190244697552,active,10,9.85163065993971,9.85683322500342,2,0,0,0,96.66717138130663
2026-06-28T02:25:54.189370,qwen7b-npu6,1252.0,1.0,0.0,0.0001833516685001424,139.71470834348148,27.339703104720986,0.010555506795601955,167.09596723866025,active,10,9.833089343222984,9.79208065272228,2,0,0,0,107.49249081045686
2026-06-28T02:25:54.201446,qwen7b-npu7,1252.0,1.0,0.0,0.0001833516685001424,136.2033478749065,27.101401538345907,0.010855201288303449,163.33782768097169,active,10,9.813573104261852,9.791225150893514,3,0,0,0,107.5085347192445
2026-06-28T02:25:55.216954,qwen7b-npu3,1317.0,13.0,0.0,0.0071915913700904,464.06245738516816,33.53328049436593,0.014576039125811008,1144.5272756262302,active,10,9.815399059054766,9.791980359703858,2,0,0,0,101.0213512889254
2026-06-28T02:25:55.230244,qwen7b-npu4,1278.0,1.0,0.0,0.0001833516685001424,138.5983038396343,26.609393824559305,0.010392617807302773,165.27175828639474,active,10,9.854170064991639,9.855813795722831,2,0,0,0,91.23793769214817
2026-06-28T02:25:55.246701,qwen7b-npu5,1277.0,1.0,0.0,0.0001833516685001424,130.3670733070224,26.375043039908817,0.01043310182517961,156.7513222048408,active,10,9.852649663486813,9.855706674128125,3,0,0,0,93.7858114593033
2026-06-28T02:25:55.259688,qwen7b-npu6,1278.0,1.0,0.0,0.0001833516685001424,138.38906224717928,27.32653139859923,0.010539624120880754,165.75995309332336,active,10,9.82264309237971,9.79130433984989,2,0,0,0,102.522878234167
2026-06-28T02:25:55.271979,qwen7b-npu7,1278.0,2.0,0.0,0.0003667033370003958,134.8826506514691,27.093004543465884,0.010848232583953623,162.05138047411745,active,10,9.823869827021937,9.854759995302189,3,0,0,0,99.18679268343945
2026-06-28T02:25:56.289088,qwen7b-npu3,1342.0,13.0,0.0,0.009404388714733591,456.7979144268349,33.435803500678254,0.014476579747139126,1124.91888659341,active,10,9.82497094896766,9.853686618706343,2,0,0,0,100.56211459021799
2026-06-28T02:25:56.310611,qwen7b-npu4,1302.0,1.0,0.0,0.0001833516685001424,137.33011511613697,26.583220948511304,0.010382152793097623,163.9132283616542,active,10,9.85457832746403,9.855803114881201,2,0,0,0,95.82021354822149
2026-06-28T02:25:56.324835,qwen7b-npu5,1302.0,2.0,0.0,0.0003667033370003958,129.1716726877356,26.355209159841312,0.01042566643790256,155.57804188299508,active,10,9.853426375240184,9.8557565105003,2,0,0,0,97.33966324946465
2026-06-28T02:25:56.340475,qwen7b-npu6,1303.0,1.0,0.0,0.0001833516685001424,137.16586845614592,27.327369105157203,0.010527147357689799,164.48717161223965,active,10,9.81469298581144,9.790842666106629,3,0,0,0,103.80047425073306
2026-06-28T02:25:56.352866,qwen7b-npu7,1304.0,1.0,0.0,0.0001833516685001424,133.6769439691415,27.08890006370745,0.010844032234112545,160.85140044562922,active,10,9.815659224588291,9.79102741728735,3,0,0,0,106.93205407488
2026-06-28T02:25:57.367833,qwen7b-npu3,1368.0,13.0,0.0,0.009404388714733591,449.5249967477475,33.343825936772284,0.014384636210623056,1106.0355563005398,active,10,9.832371616644062,9.85457361967327,3,0,0,0,98.55883432950462
2026-06-28T02:25:57.383470,qwen7b-npu4,1328.0,0.0,0.0,0.0,136.08012572828545,26.56724697964041,0.010370869680825187,162.6393218715507,active,10,9.854925039311961,9.85596517485576,2,0,0,0,98.4682027304473
2026-06-28T02:25:57.396923,qwen7b-npu5,1327.0,1.0,0.0,0.0001833516685001424,128.02384433300762,26.336601887682416,0.010411058046020561,154.3671238575111,active,10,9.838562178581363,9.7939695886049,2,0,0,0,97.1019715364405
2026-06-28T02:25:57.410260,qwen7b-npu6,1328.0,1.0,0.0,0.0001833516685001424,135.94702604305314,27.30981681388372,0.01051737301178998,163.30912801315665,active,10,9.824896755829933,9.855508065885408,2,0,0,0,97.90752047305142
2026-06-28T02:25:57.424052,qwen7b-npu7,1328.0,2.0,0.0,0.0003667033370003958,132.64202120074307,27.068412278826617,0.010833863605775491,159.77568705457446,active,10,9.809518317415126,9.791095595895632,2,0,0,0,101.50356854603304
2026-06-28T02:25:58.441850,qwen7b-npu3,1393.0,13.0,0.0,0.009404388714733591,442.8176635131507,33.25941305957855,0.014291732134155027,1087.1672221148558,active,10,9.837872920504925,9.854376832087508,2,0,0,0,103.22946875380758
2026-06-28T02:25:58.455842,qwen7b-npu4,1353.0,2.0,0.0,0.0003667033370003958,134.83372689703174,26.545359370532868,0.010353897143227321,161.41759114857962,active,10,9.85497058094013,9.855107205824634,3,0,0,0,94.79934768627096
2026-06-28T02:25:58.470254,qwen7b-npu5,1353.0,1.0,0.0,0.0001833516685001424,126.91155417443026,26.319735586507733,0.0103993313762028,153.2878628849278,active,10,9.827010370898527,9.792354947850026,2,0,0,0,94.47749091197076
2026-06-28T02:25:58.482898,qwen7b-npu6,1353.0,1.0,0.0,0.0001833516685001424,134.76026736623874,27.290827445696294,0.01050551071780161,162.04769454527502,active,10,9.832404483251185,9.854927665514944,2,0,0,0,97.75604690888427
2026-06-28T02:25:58.495931,qwen7b-npu7,1353.0,2.0,0.0,0.0003667033370003958,131.49955144037781,27.057379518497953,0.01082306730952913,158.62178026571783,active,10,9.80545936091045,9.793282491396422,3,0,0,0,97.85526727080097
2026-06-28T02:25:59.511006,qwen7b-npu3,1419.0,13.0,0.0,0.011617186059376783,436.15714843379016,33.20192073368718,0.014209775301532761,1069.7606469625089,active,10,9.842013044295308,9.854433415666461,2,0,0,0,119.00584773439176
2026-06-28T02:25:59.524688,qwen7b-npu4,1378.0,1.0,0.0,0.0001833516685001424,133.63773175697713,26.526913775566015,0.010348097268734958,160.20286230393398,active,10,9.839566730810464,9.793355180421472,2,0,0,0,98.12070725060495
2026-06-28T02:25:59.539707,qwen7b-npu5,1377.0,1.0,0.0,0.0001833516685001424,125.94448316763862,26.302074761047358,0.010388060288919547,152.25591448310846,active,10,9.834348957030045,9.856364715424599,3,0,0,0,99.88141034922417
2026-06-28T02:25:59.553090,qwen7b-npu6,1378.0,1.0,0.0,0.0001833516685001424,133.63819336856568,27.284539296816906,0.01050162990275498,160.91941212708093,active,10,9.838243934206591,9.855762287072809,2,0,0,0,110.17578035847544
2026-06-28T02:25:59.568541,qwen7b-npu7,1378.0,2.0,0.0,0.0003667033370003958,130.4510146682252,27.04895578940255,0.010817652144471857,157.57151713125415,active,10,9.801821755372375,9.790908938758147,3,0,0,0,98.6576850342249
2026-06-28T02:26:00.584198,qwen7b-npu3,1443.0,1.0,0.0,0.0001843997787203122,430.1744994403419,33.137393362397745,0.014506002126923432,1166.738542538245,active,10,9.844775129076268,9.853061383419151,3,0,0,0,110.89947592269098
2026-06-28T02:26:00.599097,qwen7b-npu4,1403.0,1.0,0.0,0.0001833516685001424,132.5533085861804,26.502036194548484,0.010332126110633343,159.046794887279,active,10,9.82778987685185,9.79245931497601,2,0,0,0,102.67217996987537
2026-06-28T02:26:00.612155,qwen7b-npu5,1403.0,1.0,0.0,0.0001833516685001424,124.89009753177614,26.27967896145448,0.010377033534323591,151.21346924682484,active,10,9.83973986266285,9.855912579561265,2,0,0,0,97.49584838944745
2026-06-28T02:26:00.625878,qwen7b-npu6,1403.0,2.0,0.0,0.0003667033370003958,132.504509418077,27.278992893017477,0.010492965059461021,159.81971962475743,active,10,9.842238958470029,9.854224031260339,2,0,0,0,98.02219713553347
2026-06-28T02:26:00.639785,qwen7b-npu7,1403.0,2.0,0.0,0.0003667033370003958,129.4082048868844,27.054072401569723,0.010809071326666357,156.5240254245709,active,10,9.815034445380462,9.854672515404722,3,0,0,0,100.57115181410295
2026-06-28T02:26:01.654721,qwen7b-npu3,1480.0,14.0,0.0,0.0029503964595242183,422.4557702605789,33.06450187777172,0.014499404954729726,1148.9285187568482,active,10,9.830206061920157,9.786498860451823,3,0,0,0,107.77138965060635
2026-06-28T02:26:01.668510,qwen7b-npu4,1427.0,1.0,0.0,0.0001833516685001424,131.48277826716873,26.48020707145249,0.010316043412470315,157.95461581817605,active,10,9.834727414922414,9.855540029134104,2,0,0,0,95.17548820917256
2026-06-28T02:26:01.680914,qwen7b-npu5,1428.0,1.0,0.0,0.0001833516685001424,123.9236453000237,26.260112306907615,0.010362468118917723,150.2352282143842,active,10,9.843590093885654,9.855140787554067,2,0,0,0,98.09959965815557
2026-06-28T02:26:01.693553,qwen7b-npu6,1428.0,2.0,0.0,0.0003667033370003958,131.42448363183928,27.280777440800396,0.01048309742096572,158.7410190344358,active,10,9.829965747396828,9.793146114177226,3,0,0,0,103.17552797859624
2026-06-28T02:26:01.708601,qwen7b-npu7,1428.0,1.0,0.0,0.0001833516685001424,128.42563504264467,27.05592470918325,0.010819592849439084,155.54469986737152,active,10,9.824904597086732,9.854515052205539,2,0,0,0,106.09023370427215
2026-06-28T02:26:02.724371,qwen7b-npu3,1505.0,13.0,0.0,0.002765996680804017,416.7215879573378,32.99303131002172,0.01441766782831017,1130.7637876739298,active,10,9.820510849628699,9.791425212754323,2,0,0,0,102.9282897048493
2026-06-28T02:26:02.740103,qwen7b-npu4,1453.0,1.0,0.0,0.0001833516685001424,130.34980968204925,26.457655470044134,0.010302033686404855,156.79742956850666,active,10,9.84000560896185,9.855840191080157,2,0,0,0,97.70106893516227
2026-06-28T02:26:02.754160,qwen7b-npu5,1453.0,1.0,0.0,0.0001833516685001424,123.01382211185043,26.24109960464615,0.010348872594537274,149.2968812461727,active,10,9.84647054069061,9.855111881105477,3,0,0,0,99.82089521893114
2026-06-28T02:26:02.768265,qwen7b-npu6,1453.0,2.0,0.0,0.0003667033370003958,130.36539123046833,27.25687211916597,0.01046506337389817,157.65891620278688,active,10,9.83629560215371,9.855285166424355,3,0,0,0,97.96979123869448
2026-06-28T02:26:02.782153,qwen7b-npu7,1453.0,1.0,0.0,0.0001833516685001424,127.45261979939932,27.036027966938647,0.010803064730226995,154.54895995536782,active,10,9.81643380809303,9.791021441111923,2,0,0,0,102.94450337989083
2026-06-28T02:26:03.799543,qwen7b-npu3,1531.0,13.0,0.0,0.0049787940254472085,410.89477607582535,32.908603403390124,0.014333780677019764,1113.809332703099,active,10,9.82874743300772,9.853457183144783,3,0,0,0,104.43404326377527
2026-06-28T02:26:03.813973,qwen7b-npu4,1478.0,1.0,0.0,0.0001833516685001424,129.34872262048785,26.440525227994573,0.010288521616715094,155.78112421564867,active,10,9.82808661966995,9.792329651794251,2,0,0,0,97.47454935846949
2026-06-28T02:26:03.828439,qwen7b-npu5,1478.0,1.0,0.0,0.0001833516685001424,122.09413500051537,26.217916366670078,0.010335753724479629,148.31968282975748,active,10,9.848761631064699,9.855634902186965,3,0,0,0,100.04674511545194
2026-06-28T02:26:03.840741,qwen7b-npu6,1479.0,1.0,0.0,0.0001833516685001424,129.30081743417034,27.228795604216295,0.010444886334555814,156.57567429445754,active,10,9.825648618341198,9.79370766690366,2,0,0,0,99.39005329789062
2026-06-28T02:26:03.854336,qwen7b-npu7,1478.0,2.0,0.0,0.0003667033370003958,126.54439828715242,27.011397599851936,0.01078106431930437,153.61330827184844,active,10,9.825813378567773,9.853952089991996,2,0,0,0,97.7025381798024
2026-06-28T02:26:04.873045,qwen7b-npu3,1556.0,13.0,0.0,0.0049787940254472085,405.5030139062583,32.841706495636004,0.014253078460005581,1097.4385959331046,active,10,9.819579152586968,9.792074311324715,2,0,0,0,118.25599945971025
2026-06-28T02:26:04.887466,qwen7b-npu4,1504.0,1.0,0.0,0.0001833516685001424,128.33959847054584,26.419397317343734,0.010275140353232183,154.78743510649193,active,10,9.834990386700992,9.85570168779412,3,0,0,0,100.67096058283472
2026-06-28T02:26:04.902295,qwen7b-npu5,1504.0,1.0,0.0,0.0001833516685001424,121.16695464925563,26.1992682966991,0.010319471063799672,147.40495354988062,active,10,9.850260249809118,9.854756106042371,2,0,0,0,97.28370441468662
2026-06-28T02:26:04.916467,qwen7b-npu6,1504.0,2.0,0.0,0.0003667033370003958,128.3560885076827,27.219971930165013,0.010438598797756358,155.6040236573971,active,10,9.817357467600209,9.792484015377243,2,0,0,0,105.79914467677159
2026-06-28T02:26:04.930821,qwen7b-npu7,1504.0,2.0,0.0,0.0003667033370003958,125.59638854036939,27.00041387690407,0.010773615439667808,152.6591006867186,active,10,9.83301240216947,9.854609472974559,3,0,0,0,99.26923960855227
2026-06-28T02:26:05.946342,qwen7b-npu3,1581.0,14.0,0.0,0.00516319380416741,400.30601249323246,32.769956984568495,0.014176881419950164,1081.6014509420006,active,10,9.812004386330422,9.789280087560781,3,0,0,0,107.21082299001372
2026-06-28T02:26:05.960503,qwen7b-npu4,1529.0,1.0,0.0,0.0001833516685001424,127.39183514472158,26.404467229540273,0.010264589244119417,153.79180558917568,active,10,9.840044317797773,9.855206111088117,2,0,0,0,99.2390949814588
2026-06-28T02:26:05.973689,qwen7b-npu5,1529.0,1.0,0.0,0.0001833516685001424,120.28872506769753,26.179054332853763,0.010311344683369344,146.4743612637467,active,10,9.835902211295174,9.792828095753347,2,0,0,0,95.83308359179689
2026-06-28T02:26:05.987142,qwen7b-npu6,1529.0,1.0,0.0,0.0001833516685001424,127.44510384304527,27.212251799892595,0.010429147152953304,154.65395882521057,active,10,9.826655700773381,9.854550400292897,3,0,0,0,102.61185639629264
2026-06-28T02:26:06.000244,qwen7b-npu7,1529.0,1.0,0.0,0.0001833516685001424,124.70801614171309,26.992481655755938,0.010771397902169789,151.7580104747992,active,10,9.838656803695795,9.855590008274772,2,0,0,0,107.10525075386586
2026-06-28T02:26:07.014750,qwen7b-npu3,1606.0,13.0,0.0,0.0071915913700904,395.220463777687,32.69673640524754,0.014098721492990712,1065.6189059971866,active,10,9.834548556540351,9.918231449504333,2,0,0,0,96.34275247833237
2026-06-28T02:26:07.028225,qwen7b-npu4,1554.0,1.0,0.0,0.0001833516685001424,126.44932291529202,26.391788648627855,0.010259382212130765,152.83714773725512,active,10,9.834940240655202,9.85517211182304,2,0,0,0,96.70933066360124
2026-06-28T02:26:07.043449,qwen7b-npu5,1555.0,2.0,0.0,0.0003667033370003958,119.45076556067758,26.170951042431074,0.010297733606795955,145.65944318759088,active,10,9.828635470691895,9.792072229257517,3,0,0,0,103.15664028430635
2026-06-28T02:26:07.055926,qwen7b-npu6,1554.0,1.0,0.0,0.0001833516685001424,126.55837870319225,27.20320210555117,0.010420364867235854,153.7590352111188,active,10,9.823212561416758,9.792069225560361,2,0,0,0,101.61990414864704
2026-06-28T02:26:07.072823,qwen7b-npu7,1555.0,1.0,0.0,0.0001833516685001424,123.83763475816733,26.984716173746147,0.010770352643283302,150.87692602567537,active,10,9.830153765354968,9.793313531314142,3,0,0,0,98.15900757196447
2026-06-28T02:26:08.088679,qwen7b-npu3,1632.0,14.0,0.0,0.007375991148810601,390.0786435195044,32.623384093444635,0.014023361976838448,1050.7071686792403,active,10,9.823823011271749,9.791646375465943,2,0,0,0,103.12178612652613
2026-06-28T02:26:08.103003,qwen7b-npu4,1580.0,1.0,0.0,0.0001833516685001424,125.51407406601724,26.37608860859726,0.010245746648871146,151.9248719604956,active,10,9.840052441301955,9.855389043242216,2,0,0,0,99.74744088126896
2026-06-28T02:26:08.116943,qwen7b-npu5,1580.0,1.0,0.0,0.0001833516685001424,118.67848061308075,26.159019642364,0.010287765839672794,144.84460700916338,active,10,9.83529413353863,9.855270122078835,3,0,0,0,98.43546915327556
2026-06-28T02:26:08.130283,qwen7b-npu6,1580.0,1.0,0.0,0.0001833516685001424,125.66215539280373,27.195869695397608,0.010412538945588636,152.88677088741716,active,10,9.831343386066223,9.855735860014615,3,0,0,0,98.64545620889376
2026-06-28T02:26:08.147686,qwen7b-npu7,1580.0,1.0,0.0,0.0001833516685001424,123.03760262984264,26.97809802724174,0.010763641547448102,150.07295949765592,active,10,9.820852376670965,9.792948210618956,2,0,0,0,94.64104010063906
2026-06-28T02:26:09.163727,qwen7b-npu3,1657.0,13.0,0.0,0.0071915913700904,385.3050237976792,32.549619713822665,0.013949874793653488,1035.6920922056156,active,10,9.831649703588425,9.855129780538455,2,0,0,0,101.28321438252124
2026-06-28T02:26:09.178470,qwen7b-npu4,1606.0,2.0,0.0,0.0003667033370003958,124.566541365342,26.36187420871451,0.010233672869858126,150.95984868914167,active,10,9.82841658914089,9.79350903265769,2,0,0,0,90.7646985555726
2026-06-28T02:26:09.191523,qwen7b-npu5,1606.0,2.0,0.0,0.0003667033370003958,117.84617007149855,26.14825416070591,0.010279640511408698,144.02890755008684,active,10,9.840590300164493,9.856478800042085,3,0,0,0,93.35560149592052
2026-06-28T02:26:09.204716,qwen7b-npu6,1606.0,1.0,0.0,0.0001833516685001424,124.79764824341125,27.18447992587261,0.010405054207215944,152.01220660937537,active,10,9.837257644070792,9.855000418084499,2,0,0,0,98.5467213897573
2026-06-28T02:26:09.217766,qwen7b-npu7,1605.0,1.0,0.0,0.0001833516685001424,122.22183292899919,26.964515586922833,0.010757408729254637,149.2067589566715,active,10,9.813836188579256,9.792787624304125,3,0,0,0,96.44643030011574
